times(ps)|lambda_restraints|lambda_electrostatics|lambda_sterics|(1.0, 0.84, 0.0)|(1.0, 0.86, 0.0)|(1.0, 0.88, 0.0)|(1.0, 0.9, 0.0)|(1.0, 0.92, 0.0)
0.0|1.0|0.88|0.0|0|-0.3517072701980945|-0.703414540396189|-1.0551218105942834|-1.406829080792378
0.2|1.0|0.88|0.0|0|0.13999823115736956|0.2799964623147391|0.4199946934721087|0.5599929246294783
0.4|1.0|0.88|0.0|0|-0.3059420822767427|-0.6118841645534854|-0.9178262468302282|-1.2237683291069708
0.6|1.0|0.88|0.0|0|-0.06378297885210492|-0.12756595770420984|-0.19134893655631474|-0.2551319154084197
0.8|1.0|0.88|0.0|0|-0.3387344609576397|-0.6774689219152794|-1.0162033828729191|-1.3549378438305588
1.0|1.0|0.88|0.0|0|0.4598140137165323|0.9196280274330646|1.379442041149597|1.8392560548661292
1.2|1.0|0.88|0.0|0|-0.2630597417012907|-0.5261194834025814|-0.7891792251038722|-1.0522389668051628
1.4|1.0|0.88|0.0|0|0.046305721871031026|0.09261144374206205|0.13891716561309306|0.1852228874841241
1.6|1.0|0.88|0.0|0|0.027387040492612893|0.054774080985225786|0.08216112147783868|0.10954816197045157
1.8|1.0|0.88|0.0|0|0.111710299968836|0.223420599937672|0.335130899906508|0.446841199875344
2.0|1.0|0.88|0.0|0|-0.04414358573005306|-0.08828717146010612|-0.13243075719015918|-0.17657434292021223
2.2|1.0|0.88|0.0|0|-0.06954867080348782|-0.13909734160697565|-0.2086460124104635|-0.2781946832139513
2.4|1.0|0.88|0.0|0|0.15495299854577765|0.3099059970915553|0.46485899563733296|0.6198119941831106
2.6|1.0|0.88|0.0|0|-0.19495249267114576|-0.3899049853422915|-0.5848574780134373|-0.779809970684583
2.8|1.0|0.88|0.0|0|-0.22522238129546188|-0.45044476259092375|-0.6756671438863856|-0.9008895251818475
3.0|1.0|0.88|0.0|0|0.17279060995293563|0.34558121990587126|0.5183718298588069|0.6911624398117425
3.2|1.0|0.88|0.0|0|0.1454035703852425|0.290807140770485|0.4362107111557274|0.58161428154097
3.4|1.0|0.88|0.0|0|0.027026684913435045|0.05405336982687009|0.08108005474030514|0.10810673965374018
3.6|1.0|0.88|0.0|0|-0.5026963548205099|-1.0053927096410198|-1.5080890644615297|-2.0107854192820396
3.8|1.0|0.88|0.0|0|-0.2354925221420128|-0.4709850442840256|-0.7064775664260384|-0.9419700885680512
4.0|1.0|0.88|0.0|0|-0.3192752472427676|-0.6385504944855352|-0.9578257417283029|-1.2771009889710705
4.2|1.0|0.88|0.0|0|-0.2147720623470379|-0.4295441246940758|-0.6443161870411137|-0.8590882493881516
4.4|1.0|0.88|0.0|0|-0.041440917726722586|-0.08288183545344517|-0.12432275318016775|-0.16576367090689034
4.6|1.0|0.88|0.0|0|-0.16504296102037203|-0.33008592204074405|-0.4951288830611161|-0.6601718440814881
4.8|1.0|0.88|0.0|0|-0.005945869709830736|-0.011891739419661472|-0.01783760912949221|-0.023783478839322945
5.0|1.0|0.88|0.0|0|0.22071793382492635|0.4414358676498527|0.662153801474779|0.8828717352997054
5.2|1.0|0.88|0.0|0|-0.3517072706363982|-0.7034145412727963|-1.0551218119091945|-1.4068290825455927
5.4|1.0|0.88|0.0|0|0.09261144301184694|0.18522288602369388|0.27783432903554084|0.37044577204738777
5.6|1.0|0.88|0.0|0|0.1859435975400267|0.3718871950800534|0.5578307926200801|0.7437743901601068
5.8|1.0|0.88|0.0|0|0.0418012745448505|0.083602549089701|0.1254038236345515|0.167205098179402
6.0|1.0|0.88|0.0|0|0.551344387524005|1.10268877504801|1.654033162572015|2.20537755009602
6.2|1.0|0.88|0.0|0|0.6992704499297548|1.3985408998595097|2.0978113497892648|2.7970817997190194
6.4|1.0|0.88|0.0|0|0.16035833587928225|0.3207166717585645|0.4810750076378467|0.641433343517129
6.6|1.0|0.88|0.0|0|-0.15225032862043023|-0.30450065724086045|-0.45675098586129065|-0.6090013144817209
6.8|1.0|0.88|0.0|0|-0.27567219405173116|-0.5513443881034623|-0.8270165821551935|-1.1026887762069246
7.0|1.0|0.88|0.0|0|-0.09441322268219673|-0.18882644536439347|-0.2832396680465902|-0.37765289072878694
7.2|1.0|0.88|0.0|0|0.15297104230616254|0.3059420846123251|0.4589131269184877|0.6118841692246502
7.4|1.0|0.88|0.0|0|-0.03657611391099639|-0.07315222782199278|-0.10972834173298916|-0.14630445564398556
7.6|1.0|0.88|0.0|0|0.301077279535821|0.602154559071642|0.9032318386074629|1.204309118143284
7.8|1.0|0.88|0.0|0|0.1827003953797977|0.3654007907595954|0.5481011861393932|0.7308015815191908
8.0|1.0|0.88|0.0|0|0.13062898159434566|0.2612579631886913|0.39188694478303693|0.5225159263773826
8.2|1.0|0.88|0.0|0|0.13747574128559803|0.27495148257119606|0.4124272238567941|0.5499029651423921
8.4|1.0|0.88|0.0|0|0.031531134047836556|0.06306226809567311|0.09459340214350968|0.12612453619134623
8.6|1.0|0.88|0.0|0|0.13765591968840465|0.2753118393768093|0.412967759065214|0.5506236787536186
8.8|1.0|0.88|0.0|0|0.518011476490647|1.036022952981294|1.5540344294719413|2.072045905962588
9.0|1.0|0.88|0.0|0|0.1250434667238734|0.2500869334477468|0.3751304001716202|0.5001738668954936
9.2|1.0|0.88|0.0|0|0.24882568761240714|0.4976513752248143|0.7464770628372214|0.9953027504496286
9.4|1.0|0.88|0.0|0|-0.12666506749577833|-0.25333013499155665|-0.3799952024873349|-0.5066602699831133
9.6|1.0|0.88|0.0|0|-0.2632399195499604|-0.5264798390999208|-0.7897197586498812|-1.0529596781998416
9.8|1.0|0.88|0.0|0|0.30143763507716387|0.6028752701543277|0.9043129052314915|1.2057505403086555
10.0|1.0|0.88|0.0|0|0.2846810892687065|0.569362178537413|0.8540432678061196|1.138724357074826
10.2|1.0|0.88|0.0|0|0.0767557876044885|0.153511575208977|0.2302673628134655|0.307023150417954
10.4|1.0|0.88|0.0|0|0.057296574016509165|0.11459314803301833|0.1718897220495275|0.22918629606603666
10.6|1.0|0.88|0.0|0|-0.1702681206137642|-0.3405362412275284|-0.5108043618412925|-0.6810724824550568
10.8|1.0|0.88|0.0|0|-0.1174759926320986|-0.2349519852641972|-0.3524279778962958|-0.4699039705283944
11.0|1.0|0.88|0.0|0|0.19008768837578843|0.38017537675157687|0.5702630651273654|0.7603507535031537
11.2|1.0|0.88|0.0|0|0.0643235130430549|0.1286470260861098|0.1929705391291647|0.2572940521722196
11.4|1.0|0.88|0.0|0|0.30396012539480605|0.6079202507896121|0.9118803761844182|1.2158405015792242
11.6|1.0|0.88|0.0|0|-0.06900813793676212|-0.13801627587352425|-0.20702441381028638|-0.2760325517470485
11.8|1.0|0.88|0.0|0|0.016576368476962686|0.03315273695392537|0.04972910543088806|0.06630547390785074
12.0|1.0|0.88|0.0|0|-0.028468109143723292|-0.056936218287446584|-0.08540432743116988|-0.11387243657489317
12.2|1.0|0.88|0.0|0|-0.011531385691778279|-0.023062771383556557|-0.034594157075334836|-0.046125542767113115
12.4|1.0|0.88|0.0|0|-0.10432300754095204|-0.20864601508190408|-0.31296902262285614|-0.41729203016380817
12.6|1.0|0.88|0.0|0|0.1827003952383531|0.3654007904767062|0.5481011857150593|0.7308015809534124
12.8|1.0|0.88|0.0|0|0.2356727009252065|0.471345401850413|0.7070181027756195|0.942690803700826
13.0|1.0|0.88|0.0|0|0.336752504333854|0.673505008667708|1.010257513001562|1.347010017335416
13.2|1.0|0.88|0.0|0|0.8180076873343213|1.6360153746686426|2.4540230620029635|3.272030749337285
13.4|1.0|0.88|0.0|0|0.3216175593648225|0.643235118729645|0.9648526780944675|1.28647023745929
13.6|1.0|0.88|0.0|0|0.37909431237785646|0.7581886247557129|1.1372829371335693|1.5163772495114258
13.8|1.0|0.88|0.0|0|0.2437807052835708|0.4875614105671416|0.7313421158507124|0.9751228211342832
14.0|1.0|0.88|0.0|0|-0.20972708161221837|-0.41945416322443674|-0.629181244836655|-0.8389083264488735
14.2|1.0|0.88|0.0|0|0.17567345742543708|0.35134691485087416|0.5270203722763113|0.7026938297017483
14.4|1.0|0.88|0.0|0|-0.3617972319328695|-0.723594463865739|-1.0853916957986085|-1.447188927731478
14.6|1.0|0.88|0.0|0|0.5412544265057664|1.0825088530115328|1.6237632795172992|2.1650177060230655
14.8|1.0|0.88|0.0|0|0.7781883710273548|1.5563767420547097|2.3345651130820646|3.1127534841094193
15.0|1.0|0.88|0.0|0|0.1403585884557107|0.2807171769114214|0.42107576536713204|0.5614343538228428
15.2|1.0|0.88|0.0|0|-0.0034233799544745153|-0.006846759908949031|-0.010270139863423547|-0.013693519817898061
15.4|1.0|0.88|0.0|0|0.520714144679078|1.041428289358156|1.5621424340372336|2.082856578716312
15.6|1.0|0.88|0.0|0|0.2513481774099639|0.5026963548199278|0.7540445322298918|1.0053927096398556
15.8|1.0|0.88|0.0|0|0.5760287627641815|1.152057525528363|1.7280862882925445|2.304115051056726
16.0|1.0|0.88|0.0|0|0.7682785855850678|1.5365571711701356|2.304835756755203|3.073114342340271
16.2|1.0|0.88|0.0|0|0.004324268631171439|0.008648537262342878|0.012972805893514317|0.017297074524685756
16.4|1.0|0.88|0.0|0|-0.06360280022054218|-0.12720560044108437|-0.19080840066162655|-0.25441120088216873
16.6|1.0|0.88|0.0|0|0.20288032024633157|0.40576064049266314|0.6086409607389948|0.8115212809853263
16.8|1.0|0.88|0.0|0|0.29909532139223327|0.5981906427844665|0.8972859641766998|1.196381285568933
17.0|1.0|0.88|0.0|0|0.46053472471918255|0.9210694494383651|1.3816041741575475|1.8421388988767302
17.2|1.0|0.88|0.0|0|0.33188770176348076|0.6637754035269615|0.9956631052904422|1.327550807053923
17.4|1.0|0.88|0.0|0|0.36756292661215445|0.7351258532243089|1.1026887798364633|1.4702517064486178
17.6|1.0|0.88|0.0|0|0.19315071364399064|0.3863014272879813|0.5794521409319718|0.7726028545759626
17.8|1.0|0.88|0.0|0|0.2762127291978689|0.5524254583957378|0.8286381875936065|1.1048509167914755
18.0|1.0|0.88|0.0|0|-0.10396265036339182|-0.20792530072678364|-0.3118879510901755|-0.4158506014535673
18.2|1.0|0.88|0.0|0|-0.18288057420199055|-0.3657611484039811|-0.5486417226059717|-0.7315222968079622
18.4|1.0|0.88|0.0|0|-0.06666582427016698|-0.13333164854033397|-0.19999747281050095|-0.26666329708066794
18.6|1.0|0.88|0.0|0|-0.13189022639271583|-0.26378045278543166|-0.39567067917814747|-0.5275609055708633
18.8|1.0|0.88|0.0|0|-0.014053875963436453|-0.028107751926872905|-0.042161627890309354|-0.05621550385374581
19.0|1.0|0.88|0.0|0|0.18846608878055138|0.37693217756110275|0.5653982663416541|0.7538643551222055
19.2|1.0|0.88|0.0|0|-0.0367562918167096|-0.0735125836334192|-0.11026887545012878|-0.1470251672668384
19.4|1.0|0.88|0.0|0|0.16792580702109278|0.33585161404218555|0.5037774210632783|0.6717032280843711
19.6|1.0|0.88|0.0|0|0.5153088067271169|1.0306176134542337|1.5459264201813507|2.0612352269084675
19.8|1.0|0.88|0.0|0|-0.023783483811130303|-0.047566967622260606|-0.0713504514333909|-0.09513393524452121
20.0|1.0|0.88|0.0|0|-0.12450293278350738|-0.24900586556701476|-0.37350879835052214|-0.4980117311340295
20.2|1.0|0.88|0.0|0|0.6288208884940838|1.2576417769881676|1.8864626654822512|2.515283553976335
20.4|1.0|0.88|0.0|0|0.24810497424303343|0.49620994848606687|0.7443149227291003|0.9924198969721337
20.6|1.0|0.88|0.0|0|-0.14522339178394772|-0.29044678356789544|-0.43567017535184316|-0.5808935671357909
20.8|1.0|0.88|0.0|0|0.20810547982226144|0.41621095964452287|0.6243164394667843|0.8324219192890457
21.0|1.0|0.88|0.0|0|0.26143814066366783|0.5228762813273357|0.7843144219910034|1.0457525626546713
21.2|1.0|0.88|0.0|0|0.2637804522365334|0.5275609044730668|0.7913413567096002|1.0551218089461336
21.4|1.0|0.88|0.0|0|0.21044779263524124|0.4208955852704825|0.6313433779057237|0.841791170540965
21.6|1.0|0.88|0.0|0|0.10810674247972211|0.21621348495944423|0.32432022743916633|0.43242696991888846
21.8|1.0|0.88|0.0|0|0.6086409622314392|1.2172819244628783|1.8259228866943173|2.4345638489257566
22.0|1.0|0.88|0.0|0|0.034233803347451644|0.06846760669490329|0.10270141004235493|0.13693521338980658
22.2|1.0|0.88|0.0|0|0.4072020662989238|0.8144041325978476|1.2216061988967715|1.6288082651956952
22.4|1.0|0.88|0.0|0|0.41963433987897625|0.8392686797579525|1.2589030196369289|1.678537359515905
22.6|1.0|0.88|0.0|0|0.37440968613926123|0.7488193722785225|1.1232290584177838|1.497638744557045
22.8|1.0|0.88|0.0|0|0.1529710428838736|0.3059420857677472|0.45891312865162076|0.6118841715354943
23.0|1.0|0.88|0.0|0|0.08486379236303045|0.1697275847260609|0.25459137708909135|0.3394551694521218
23.2|1.0|0.88|0.0|0|-0.15423228711297285|-0.3084645742259457|-0.4626968613389185|-0.6169291484518914
23.4|1.0|0.88|0.0|0|0.14774588185391635|0.2954917637078327|0.44323764556174905|0.5909835274156654
23.6|1.0|0.88|0.0|0|0.5281014394541858|1.0562028789083715|1.5843043183625574|2.112405757816743
23.8|1.0|0.88|0.0|0|0.4700841532833878|0.9401683065667756|1.4102524598501636|1.8803366131335513
24.0|1.0|0.88|0.0|0|0.12252097670687373|0.24504195341374746|0.3675629301206212|0.4900839068274949
24.2|1.0|0.88|0.0|0|-0.4553095654305075|-0.910619130861015|-1.3659286962915225|-1.82123826172203
24.4|1.0|0.88|0.0|0|0.30377994812937714|0.6075598962587543|0.9113398443881314|1.2151197925175086
24.6|1.0|0.88|0.0|0|-0.16468260441382895|-0.3293652088276579|-0.4940478132414869|-0.6587304176553158
24.8|1.0|0.88|0.0|0|-0.08918806281842998|-0.17837612563685995|-0.26756418845528995|-0.3567522512737199
25.0|1.0|0.88|0.0|0|0.049548924197733914|0.09909784839546783|0.14864677259320175|0.19819569679093565
25.2|1.0|0.88|0.0|0|0.34684246746619496|0.6936849349323899|1.0405274023985849|1.3873698698647798
25.4|1.0|0.88|0.0|0|0.43476928611693477|0.8695385722338695|1.3043078583508043|1.739077144467739
25.6|1.0|0.88|0.0|0|0.3972922799765369|0.7945845599530738|1.1918768399296107|1.5891691199061475
25.8|1.0|0.88|0.0|0|0.43242697186447954|0.8648539437289591|1.2972809155934386|1.7297078874579181
26.0|1.0|0.88|0.0|0|0.3545901176205374|0.7091802352410748|1.063770352861612|1.4183604704821495
26.2|1.0|0.88|0.0|0|0.6722437640200957|1.3444875280401913|2.016731292060287|2.6889750560803827
26.4|1.0|0.88|0.0|0|0.3715268396440664|0.7430536792881328|1.1145805189321991|1.4861073585762656
26.6|1.0|0.88|0.0|0|-0.1320704048391782|-0.2641408096783564|-0.3962112145175346|-0.5282816193567128
26.8|1.0|0.88|0.0|0|0.11747599451016878|0.23495198902033756|0.35242798353050636|0.46990397804067513
27.0|1.0|0.88|0.0|0|0.24071768040157643|0.48143536080315286|0.7221530412047293|0.9628707216063057
27.2|1.0|0.88|0.0|0|0.328644498875656|0.657288997751312|0.9859334966269679|1.314577995502624
27.4|1.0|0.88|0.0|0|-0.31639240136777547|-0.6327848027355509|-0.9491772041033263|-1.2655696054711019
27.6|1.0|0.88|0.0|0|0.23585287774534683|0.47170575549069366|0.7075586332360405|0.9434115109813873
27.8|1.0|0.88|0.0|0|0.6261182191150152|1.2522364382300304|1.8783546573450456|2.504472876460061
28.0|1.0|0.88|0.0|0|-0.2882846465808691|-0.5765692931617382|-0.8648539397426074|-1.1531385863234764
28.2|1.0|0.88|0.0|0|0.12198044131801009|0.24396088263602017|0.3659413239540303|0.48792176527204034
28.4|1.0|0.88|0.0|0|0.5210744989512027|1.0421489979024054|1.563223496853608|2.084297995804811
28.6|1.0|0.88|0.0|0|0.04180127434345199|0.08360254868690398|0.12540382303035597|0.16720509737380795
28.8|1.0|0.88|0.0|0|-0.15207015144900665|-0.3041403028980133|-0.45621045434701996|-0.6082806057960266
29.0|1.0|0.88|0.0|0|-0.2479247980847142|-0.4958495961694284|-0.7437743942541426|-0.9916991923388568
29.2|1.0|0.88|0.0|0|0.8214310679296621|1.6428621358593243|2.464293203788986|3.2857242717186486
29.4|1.0|0.88|0.0|0|-0.24071768050256673|-0.48143536100513346|-0.7221530415077002|-0.9628707220102669
29.6|1.0|0.88|0.0|0|-0.17477256702783067|-0.34954513405566134|-0.5243177010834921|-0.6990902681113227
29.8|1.0|0.88|0.0|0|0.3117077761059048|0.6234155522118096|0.9351233283177143|1.246831104423619
30.0|1.0|0.88|0.0|0|0.5008945754016172|1.0017891508032344|1.5026837262048516|2.0035783016064688
30.2|1.0|0.88|0.0|0|-0.02918882126396059|-0.05837764252792118|-0.08756646379188177|-0.11675528505584236
30.4|1.0|0.88|0.0|0|0.4677418408438102|0.9354836816876204|1.4032255225314305|1.8709673633752408
30.6|1.0|0.88|0.0|0|0.4376521316621806|0.8753042633243612|1.3129563949865417|1.7506085266487224
30.8|1.0|0.88|0.0|0|-0.49008390107221245|-0.9801678021444249|-1.4702517032166373|-1.9603356042888498
31.0|1.0|0.88|0.0|0|0.18558324143377847|0.37116648286755693|0.5567497243013354|0.7423329657351139
31.2|1.0|0.88|0.0|0|-0.09945820462249694|-0.19891640924499387|-0.2983746138674908|-0.39783281848998775
31.4|1.0|0.88|0.0|0|0.3189148914022374|0.6378297828044748|0.9567446742067122|1.2756595656089496
31.6|1.0|0.88|0.0|0|0.1120706564252033|0.2241413128504066|0.33621196927560987|0.4482826257008132
31.8|1.0|0.88|0.0|0|0.01639618926274126|0.03279237852548252|0.04918856778822378|0.06558475705096505
32.0|1.0|0.88|0.0|0|0.33693268167669915|0.6738653633533983|1.0107980450300975|1.3477307267067966
32.2|1.0|0.88|0.0|0|0.3544099386839665|0.708819877367933|1.0632298160518994|1.417639754735866
32.4|1.0|0.88|0.0|0|-0.00648640485713259|-0.01297280971426518|-0.01945921457139777|-0.02594561942853036
32.6|1.0|0.88|0.0|0|0.03891842826997166|0.07783685653994332|0.11675528480991498|0.15567371307988664
32.8|1.0|0.88|0.0|0|-0.07927827878709656|-0.15855655757419312|-0.23783483636128971|-0.31711311514838625
33.0|1.0|0.88|0.0|0|0.27873521868721607|0.5574704373744321|0.8362056560616482|1.1149408747488643
33.2|1.0|0.88|0.0|0|0.7677380526406348|1.5354761052812695|2.3032141579219045|3.070952210562539
33.4|1.0|0.88|0.0|0|-0.0037837361125275526|-0.007567472225055105|-0.011351208337582658|-0.01513494445011021
33.6|1.0|0.88|0.0|0|-0.21513241821900028|-0.43026483643800056|-0.6453972546570009|-0.8605296728760011
33.8|1.0|0.88|0.0|0|0.13531360650056753|0.27062721300113507|0.4059408195017026|0.5412544260022701
34.0|1.0|0.88|0.0|0|0.3949499671699599|0.7898999343399198|1.1848499015098797|1.5797998686798396
34.2|1.0|0.88|0.0|0|0.20089836459461385|0.4017967291892277|0.6026950937838416|0.8035934583784554
34.4|1.0|0.88|0.0|0|0.07423329758719781|0.14846659517439562|0.2226998927615934|0.29693319034879123
34.6|1.0|0.88|0.0|0|-0.13225058074545826|-0.2645011614909165|-0.39675174223637477|-0.529002322981833
34.8|1.0|0.88|0.0|0|0.4632373933523199|0.9264747867046398|1.3897121800569596|1.8529495734092796
35.0|1.0|0.88|0.0|0|-0.0028828456625342395|-0.005765691325068479|-0.008648536987602718|-0.011531382650136958
35.2|1.0|0.88|0.0|0|0.0926114416841302|0.1852228833682604|0.2778343250523906|0.3704457667365208
35.4|1.0|0.88|0.0|0|-0.11693545990594441|-0.23387091981188882|-0.3508063797178332|-0.46774183962377763
35.6|1.0|0.88|0.0|0|-0.02090063736337472|-0.04180127472674944|-0.06270191209012416|-0.08360254945349888
35.8|1.0|0.88|0.0|0|0.05675603931566007|0.11351207863132014|0.1702681179469802|0.22702415726264027
36.0|1.0|0.88|0.0|0|0.059098352937726355|0.11819670587545271|0.17729505881317906|0.23639341175090542
36.2|1.0|0.88|0.0|0|-0.0412607402223512|-0.0825214804447024|-0.12378222066705359|-0.1650429608894048
36.4|1.0|0.88|0.0|0|0.5935060187301138|1.1870120374602275|1.7805180561903415|2.374024074920455
36.6|1.0|0.88|0.0|0|0.09477357794297868|0.18954715588595736|0.284320733828936|0.3790943117719147
36.8|1.0|0.88|0.0|0|-0.24594284008722775|-0.4918856801744555|-0.7378285202616832|-0.983771360348911
37.0|1.0|0.88|0.0|0|0.11225083557976187|0.22450167115952374|0.3367525067392856|0.4490033423190475
37.2|1.0|0.88|0.0|0|-0.015675477649201654|-0.03135095529840331|-0.04702643294760496|-0.06270191059680662
37.4|1.0|0.88|0.0|0|0.38143662427843117|0.7628732485568623|1.1443098728352934|1.5257464971137247
37.6|1.0|0.88|0.0|0|0.21080814900429706|0.4216162980085941|0.6324244470128911|0.8432325960171883
37.8|1.0|0.88|0.0|0|0.026666330276639224|0.05333266055327845|0.07999899082991767|0.1066653211065569
38.0|1.0|0.88|0.0|0|0.0744134745065822|0.1488269490131644|0.2232404235197466|0.2976538980263288
38.2|1.0|0.88|0.0|0|-0.4167514934120121|-0.8335029868240242|-1.2502544802360365|-1.6670059736480485
38.4|1.0|0.88|0.0|0|0.349184779308562|0.698369558617124|1.047554337925686|1.396739117234248
38.6|1.0|0.88|0.0|0|-0.0490083912017872|-0.0980167824035744|-0.14702517360536163|-0.1960335648071488
38.8|1.0|0.88|0.0|0|0.14252072293980758|0.28504144587961516|0.42756216881942277|0.5700828917592303
39.0|1.0|0.88|0.0|0|0.4504447619541319|0.9008895239082638|1.3513342858623958|1.8017790478165276
39.2|1.0|0.88|0.0|0|0.5893619269775814|1.1787238539551628|1.7680857809327442|2.3574477079103255
39.4|1.0|0.88|0.0|0|0.7097207673289819|1.4194415346579639|2.1291623019869457|2.8388830693159277
39.6|1.0|0.88|0.0|0|0.35927474146243216|0.7185494829248643|1.0778242243872964|1.4370989658497286
39.8|1.0|0.88|0.0|0|0.44521960304118735|0.8904392060823747|1.335658809123562|1.7808784121647494
40.0|1.0|0.88|0.0|0|-0.016035832989146015|-0.03207166597829203|-0.048107498967438045|-0.06414333195658406
40.2|1.0|0.88|0.0|0|-0.016396188306389392|-0.032792376612778784|-0.049188564919168176|-0.06558475322555757
40.4|1.0|0.88|0.0|0|0.5362094456373602|1.0724188912747203|1.6086283369120806|2.1448377825494407
40.6|1.0|0.88|0.0|0|0.5987311778176814|1.1974623556353627|1.7961935334530441|2.3949247112707255
40.8|1.0|0.88|0.0|0|-0.12954791231924911|-0.25909582463849823|-0.38864373695774734|-0.5181916492769965
41.0|1.0|0.88|0.0|0|0.08918806289439098|0.17837612578878195|0.26756418868317294|0.3567522515775639
41.2|1.0|0.88|0.0|0|-0.08162059064168724|-0.16324118128337448|-0.2448617719250617|-0.32648236256674895
41.4|1.0|0.88|0.0|0|-0.08198094611434506|-0.16396189222869012|-0.24594283834303518|-0.32792378445738024
41.6|1.0|0.88|0.0|0|0.05171105886169248|0.10342211772338496|0.15513317658507744|0.20684423544676991
41.8|1.0|0.88|0.0|0|0.7423329682674382|1.4846659365348764|2.2269989048023144|2.969331873069753
42.0|1.0|0.88|0.0|0|0.40990473398880606|0.8198094679776121|1.229714201966418|1.6396189359552242
42.2|1.0|0.88|0.0|0|0.49783155123295775|0.9956631024659155|1.4934946536988731|1.991326204931831
42.4|1.0|0.88|0.0|0|0.6217939499288337|1.2435878998576675|1.8653818497865011|2.487175799715335
42.6|1.0|0.88|0.0|0|-0.2054028121777812|-0.4108056243555624|-0.6162084365333436|-0.8216112487111248
42.8|1.0|0.88|0.0|0|0.8962048981120468|1.7924097962240937|2.6886146943361404|3.5848195924481874
43.0|1.0|0.88|0.0|0|0.6261182188487152|1.2522364376974304|1.8783546565461455|2.504472875394861
43.2|1.0|0.88|0.0|0|0.00900889683922288|0.01801779367844576|0.027026690517668636|0.03603558735689152
43.4|1.0|0.88|0.0|0|-0.09927802543563312|-0.19855605087126624|-0.29783407630689934|-0.3971121017425325
43.6|1.0|0.88|0.0|0|-0.167024918885145|-0.33404983777029|-0.5010747566554351|-0.66809967554058
43.8|1.0|0.88|0.0|0|0.43999444201472254|0.8799888840294451|1.3199833260441676|1.7599777680588902
44.0|1.0|0.88|0.0|0|0.6041365150871576|1.2082730301743152|1.8124095452614726|2.4165460603486304
44.2|1.0|0.88|0.0|0|1.0300770820883927|2.0601541641767853|3.090231246265178|4.120308328353571
44.4|1.0|0.88|0.0|0|0.32161755926965296|0.6432351185393059|0.964852677808959|1.2864702370786119
44.6|1.0|0.88|0.0|0|0.18288057424681045|0.3657611484936209|0.5486417227404313|0.7315222969872418
44.8|1.0|0.88|0.0|0|-0.06612529072706827|-0.13225058145413654|-0.19837587218120478|-0.2645011629082731
45.0|1.0|0.88|0.0|0|0.2736902383406416|0.5473804766812832|0.8210707150219249|1.0947609533625664
45.2|1.0|0.88|0.0|0|-0.3160320442778178|-0.6320640885556356|-0.9480961328334533|-1.2641281771112711
45.4|1.0|0.88|0.0|0|-0.2100874376503636|-0.4201748753007272|-0.6302623129510908|-0.8403497506014544
45.6|1.0|0.88|0.0|0|0.44503942560433685|0.8900788512086737|1.3351182768130105|1.7801577024173474
45.8|1.0|0.88|0.0|0|0.08450343719683595|0.1690068743936719|0.25351031159050785|0.3380137487873438
46.0|1.0|0.88|0.0|0|0.6221543046028825|1.244308609205765|1.8664629138086473|2.48861721841153
46.2|1.0|0.88|0.0|0|0.25170853340678173|0.5034170668135635|0.7551256002203451|1.006834133627127
46.4|1.0|0.88|0.0|0|0.707378455320141|1.414756910640282|2.122135365960423|2.829513821280564
46.6|1.0|0.88|0.0|0|0.12486328844621324|0.24972657689242647|0.3745898653386397|0.49945315378485294
46.8|1.0|0.88|0.0|0|-0.26594258732249754|-0.5318851746449951|-0.7978277619674925|-1.0637703492899901
47.0|1.0|0.88|0.0|0|0.2234206019641717|0.4468412039283434|0.6702618058925152|0.8936824078566868
47.2|1.0|0.88|0.0|0|0.1322505814061152|0.2645011628122304|0.39675174421834564|0.5290023256244608
47.4|1.0|0.88|0.0|0|0.021260991957096867|0.042521983914193734|0.0637829758712906|0.08504396782838747
47.6|1.0|0.88|0.0|0|0.33873446244571853|0.6774689248914371|1.0162033873371557|1.3549378497828741
47.8|1.0|0.88|0.0|0|0.3643197240040175|0.728639448008035|1.0929591720120526|1.45727889601607
48.0|1.0|0.88|0.0|0|0.6318839125684468|1.2637678251368936|1.8956517377053403|2.527535650273787
48.2|1.0|0.88|0.0|0|0.17801577032107177|0.35603154064214354|0.5340473109632153|0.7120630812842871
48.4|1.0|0.88|0.0|0|0.24864550785481718|0.49729101570963435|0.7459365235644516|0.9945820314192687
48.6|1.0|0.88|0.0|0|0.3318877010230793|0.6637754020461586|0.9956631030692379|1.3275508040923172
48.8|1.0|0.88|0.0|0|0.2634200965909988|0.5268401931819976|0.7902602897729964|1.0536803863639952
49.0|1.0|0.88|0.0|0|-0.09729606849490674|-0.19459213698981348|-0.2918882054847202|-0.38918427397962696
49.2|1.0|0.88|0.0|0|0.07711614252708393|0.15423228505416786|0.2313484275812518|0.3084645701083357
49.4|1.0|0.88|0.0|0|-0.09189073024754188|-0.18378146049508376|-0.2756721907426256|-0.3675629209901675
49.6|1.0|0.88|0.0|0|-0.08432325928384679|-0.16864651856769358|-0.25296977785154035|-0.33729303713538716
49.8|1.0|0.88|0.0|0|0.5432363825142971|1.0864727650285941|1.629709147542891|2.1729455300571883
50.0|1.0|0.88|0.0|0|-0.1529710409906694|-0.3059420819813388|-0.45891312297200826|-0.6118841639626776
50.2|1.0|0.88|0.0|0|0.4576518782752104|0.9153037565504208|1.3729556348256313|1.8306075131008417
50.4|1.0|0.88|0.0|0|0.05459390526899374|0.10918781053798748|0.16378171580698123|0.21837562107597497
50.6|1.0|0.88|0.0|0|0.22342060240218437|0.44684120480436873|0.670261807206553|0.8936824096087375
50.8|1.0|0.88|0.0|0|0.28648286780400695|0.5729657356080139|0.8594486034120208|1.1459314712160278
51.0|1.0|0.88|0.0|0|0.130088448180759|0.260176896361518|0.3902653445422769|0.520353792723036
51.2|1.0|0.88|0.0|0|0.0441435869346606|0.0882871738693212|0.1324307608039818|0.1765743477386424
51.4|1.0|0.88|0.0|0|0.05693621776823425|0.1138724355364685|0.17080865330470277|0.227744871072937
51.6|1.0|0.88|0.0|0|-0.09909784811345171|-0.19819569622690342|-0.2972935443403551|-0.39639139245380683
51.8|1.0|0.88|0.0|0|-0.07657560992869555|-0.1531512198573911|-0.22972682978608666|-0.3063024397147822
52.0|1.0|0.88|0.0|0|0.33693268262897647|0.6738653652579529|1.0107980478869294|1.3477307305159059
52.2|1.0|0.88|0.0|0|-0.08162059054273421|-0.16324118108546842|-0.24486177162820263|-0.32648236217093685
52.4|1.0|0.88|0.0|0|-0.2151324176575874|-0.4302648353151748|-0.6453972529727622|-0.8605296706303496
52.6|1.0|0.88|0.0|0|-0.05405337165080714|-0.10810674330161428|-0.1621601149524214|-0.21621348660322856
52.8|1.0|0.88|0.0|0|0.12954791364754795|0.2590958272950959|0.3886437409426438|0.5181916545901918
53.0|1.0|0.88|0.0|0|-0.1749527455924546|-0.3499054911849092|-0.5248582367773638|-0.6998109823698184
53.2|1.0|0.88|0.0|0|-0.021080814083106834|-0.04216162816621367|-0.0632424422493205|-0.08432325633242733
53.4|1.0|0.88|0.0|0|0.03423380226740849|0.06846760453481698|0.10270140680222549|0.13693520906963397
53.6|1.0|0.88|0.0|0|0.10702567483385801|0.21405134966771602|0.32107702450157405|0.42810269933543205
53.8|1.0|0.88|0.0|0|-0.0466660769580631|-0.0933321539161262|-0.1399982308741893|-0.1866643078322524
54.0|1.0|0.88|0.0|0|0.24576266254152893|0.49152532508305785|0.7372879876245867|0.9830506501661157
54.2|1.0|0.88|0.0|0|-0.0010810678015695894|-0.0021621356031391787|-0.0032432034047087683|-0.004324271206278357
54.4|1.0|0.88|0.0|0|-0.04846785562433074|-0.09693571124866147|-0.14540356687299222|-0.19387142249732295
54.6|1.0|0.88|0.0|0|-0.054053372584749064|-0.10810674516949813|-0.16216011775424718|-0.21621349033899626
54.8|1.0|0.88|0.0|0|0.2790955736680192|0.5581911473360384|0.8372867210040574|1.1163822946720767
55.0|1.0|0.88|0.0|0|0.22306024581281256|0.4461204916256251|0.6691807374384376|0.8922409832512502
55.2|1.0|0.88|0.0|0|0.03963913924671946|0.07927827849343892|0.11891741774015838|0.15855655698687784
55.4|1.0|0.88|0.0|0|-0.07927827917301336|-0.15855655834602672|-0.23783483751904008|-0.31711311669205344
55.6|1.0|0.88|0.0|0|-0.13711538487405062|-0.27423076974810123|-0.4113461546221519|-0.5484615394962025
55.8|1.0|0.88|0.0|0|0.44972405231616036|0.8994481046323207|1.349172156948481|1.7988962092646414
56.0|1.0|0.88|0.0|0|-0.011531386552960623|-0.023062773105921246|-0.034594159658881865|-0.04612554621184249
56.2|1.0|0.88|0.0|0|-0.03657611475267916|-0.07315222950535832|-0.1097283442580375|-0.14630445901071665
56.4|1.0|0.88|0.0|0|0.22576291569072074|0.4515258313814415|0.6772887470721622|0.903051662762883
56.6|1.0|0.88|0.0|0|-0.3817969810406797|-0.7635939620813594|-1.1453909431220393|-1.5271879241627189
56.8|1.0|0.88|0.0|0|0.27062721301481385|0.5412544260296277|0.8118816390444415|1.0825088520592554
57.0|1.0|0.88|0.0|0|0.10702567479689615|0.2140513495937923|0.32107702439068847|0.4281026991875846
57.2|1.0|0.88|0.0|0|0.42053522993781406|0.8410704598756281|1.2616056898134422|1.6821409197512562
57.4|1.0|0.88|0.0|0|0.16540331675292705|0.3308066335058541|0.4962099502587812|0.6616132670117082
57.6|1.0|0.88|0.0|0|0.3749502204495369|0.7499004408990738|1.1248506613486107|1.4998008817981476
57.8|1.0|0.88|0.0|0|0.39458961119118646|0.7891792223823729|1.1837688335735594|1.5783584447647458
58.0|1.0|0.88|0.0|0|0.02666633055370769|0.05333266110741538|0.07999899166112306|0.10666532221483076
58.2|1.0|0.88|0.0|0|0.32395987246505714|0.6479197449301143|0.9718796173951714|1.2958394898602286
58.4|1.0|0.88|0.0|0|-0.17206989926955446|-0.3441397985391089|-0.5162096978086633|-0.6882795970782178
58.6|1.0|0.88|0.0|0|0.034233801647496905|0.06846760329499381|0.10270140494249072|0.13693520658998762
58.8|1.0|0.88|0.0|0|-0.23044754017784747|-0.46089508035569493|-0.6913426205335423|-0.9217901607113899
59.0|1.0|0.88|0.0|0|0.18288057411584321|0.36576114823168643|0.5486417223475296|0.7315222964633729
59.2|1.0|0.88|0.0|0|0.6594511319271993|1.3189022638543986|1.978353395781598|2.637804527708797
59.4|1.0|0.88|0.0|0|0.29855478951445574|0.5971095790289115|0.8956643685433673|1.194219158057823
59.6|1.0|0.88|0.0|0|0.38467982641828746|0.7693596528365749|1.1540394792548623|1.5387193056731499
59.8|1.0|0.88|0.0|0|0.5607136400879249|1.1214272801758498|1.6821409202637747|2.2428545603516996
60.0|1.0|0.88|0.0|0|0.2311682522870253|0.4623365045740506|0.6935047568610759|0.9246730091481012
60.2|1.0|0.88|0.0|0|0.001621601715451108|0.003243203430902216|0.004864805146353323|0.006486406861804432
60.4|1.0|0.88|0.0|0|0.15080890631914384|0.3016178126382877|0.45242671895743153|0.6032356252765754
60.6|1.0|0.88|0.0|0|0.5488218975547356|1.0976437951094713|1.646465692664207|2.1952875902189426
60.8|1.0|0.88|0.0|0|0.3117077759015959|0.6234155518031917|0.9351233277047876|1.2468311036063835
61.0|1.0|0.88|0.0|0|0.5657586210008599|1.1315172420017199|1.6972758630025797|2.2630344840034398
61.2|1.0|0.88|0.0|0|0.06702618033799815|0.1340523606759963|0.20107854101399444|0.2681047213519926
61.4|1.0|0.88|0.0|0|0.5434165596871758|1.0868331193743517|1.6302496790615275|2.1736662387487033
61.6|1.0|0.88|0.0|0|0.472786823130737|0.945573646261474|1.418360469392211|1.891147292522948
61.8|1.0|0.88|0.0|0|-0.16468260596302586|-0.3293652119260517|-0.4940478178890776|-0.6587304238521035
62.0|1.0|0.88|0.0|0|-0.411526334130031|-0.823052668260062|-1.2345790023900929|-1.646105336520124
62.2|1.0|0.88|0.0|0|-0.29350980600836946|-0.5870196120167389|-0.8805294180251084|-1.1740392240334778
62.4|1.0|0.88|0.0|0|-0.018378146341710835|-0.03675629268342167|-0.0551344390251325|-0.07351258536684334
62.6|1.0|0.88|0.0|0|0.7927827817277291|1.5855655634554582|2.3783483451831873|3.1711311269109164
62.8|1.0|0.88|0.0|0|0.43783230881468665|0.8756646176293733|1.31349692644406|1.7513292352587466
63.0|1.0|0.88|0.0|0|0.12270115345541864|0.24540230691083728|0.3681034603662559|0.49080461382167456
63.2|1.0|0.88|0.0|0|0.2729695255006666|0.5459390510013332|0.8189085765019998|1.0918781020026664
63.4|1.0|0.88|0.0|0|0.17801577111327804|0.3560315422265561|0.5340473133398341|0.7120630844531122
63.6|1.0|0.88|0.0|0|0.04090038449154239|0.08180076898308478|0.12270115347462718|0.16360153796616955
63.8|1.0|0.88|0.0|0|0.109908522036858|0.219817044073716|0.329725566110574|0.439634088147432
64.0|1.0|0.88|0.0|0|0.540533714461199|1.081067428922398|1.621601143383597|2.162134857844796
64.2|1.0|0.88|0.0|0|0.6666582481609663|1.3333164963219326|1.999974744482899|2.666632992643865
64.4|1.0|0.88|0.0|0|0.23315020932204808|0.46630041864409616|0.6994506279661443|0.9326008372881923
64.6|1.0|0.88|0.0|0|0.5279212614955036|1.0558425229910071|1.583763784486511|2.1116850459820142
64.8|1.0|0.88|0.0|0|0.16035833601461505|0.3207166720292301|0.4810750080438451|0.6414333440584602
65.0|1.0|0.88|0.0|0|0.17279061124107117|0.34558122248214235|0.5183718337232135|0.6911624449642847
65.2|1.0|0.88|0.0|0|0.4821560736538963|0.9643121473077926|1.4464682209616888|1.9286242946155852
65.4|1.0|0.88|0.0|0|0.12450293312926089|0.24900586625852178|0.3735087993877827|0.49801173251704356
65.6|1.0|0.88|0.0|0|0.21333064020203912|0.42666128040407825|0.6399919206061173|0.8533225608081565
65.8|1.0|0.88|0.0|0|0.17765541359491197|0.35531082718982393|0.5329662407847359|0.7106216543796479
66.0|1.0|0.88|0.0|0|-0.00864853915554705|-0.0172970783110941|-0.025945617466641147|-0.0345941566221882
66.2|1.0|0.88|0.0|0|0.38269786988996235|0.7653957397799247|1.148093609669887|1.5307914795598494
66.4|1.0|0.88|0.0|0|-0.006306226672604685|-0.01261245334520937|-0.018918680017814056|-0.02522490669041874
66.6|1.0|0.88|0.0|0|0.1881057325628355|0.376211465125671|0.5643171976885065|0.752422930251342
66.8|1.0|0.88|0.0|0|-0.36395936759276115|-0.7279187351855223|-1.0918781027782833|-1.4558374703710446
67.0|1.0|0.88|0.0|0|-0.2380150129055257|-0.4760300258110514|-0.7140450387165772|-0.9520600516221028
67.2|1.0|0.88|0.0|0|0.22846558450022733|0.45693116900045466|0.685396753500682|0.9138623380009093
67.4|1.0|0.88|0.0|0|-0.03675629300007134|-0.07351258600014268|-0.11026887900021402|-0.14702517200028536
67.6|1.0|0.88|0.0|0|0.20810547978500854|0.4162109595700171|0.6243164393550257|0.8324219191400342
67.8|1.0|0.88|0.0|0|-0.22269988919637418|-0.44539977839274836|-0.6680996675891225|-0.8907995567854967
68.0|1.0|0.88|0.0|0|0.7499004388836336|1.4998008777672671|2.2497013166509006|2.9996017555345342
68.2|1.0|0.88|0.0|0|0.03189148978213782|0.06378297956427564|0.09567446934641348|0.1275659591285513
68.4|1.0|0.88|0.0|0|0.06216137699957477|0.12432275399914954|0.1864841309987243|0.24864550799829907
68.6|1.0|0.88|0.0|0|0.17819594880071252|0.35639189760142503|0.5345878464021375|0.7127837952028501
68.8|1.0|0.88|0.0|0|0.1906282229913633|0.3812564459827266|0.57188466897409|0.7625128919654532
69.0|1.0|0.88|0.0|0|-0.2608976051479115|-0.521795210295823|-0.7826928154437344|-1.043590420591646
69.2|1.0|0.88|0.0|0|0.09207090933254229|0.18414181866508458|0.27621272799762686|0.36828363733016917
69.4|1.0|0.88|0.0|0|0.05945870837342232|0.11891741674684464|0.17837612512026696|0.23783483349368928
69.6|1.0|0.88|0.0|0|0.2614381399302513|0.5228762798605026|0.7843144197907539|1.0457525597210051
69.8|1.0|0.88|0.0|0|0.1254038220178337|0.2508076440356674|0.3762114660535011|0.5016152880713348
70.0|1.0|0.88|0.0|0|0.15783584442018778|0.31567168884037555|0.47350753326056333|0.6313433776807511
70.2|1.0|0.88|0.0|0|0.1731509676930729|0.3463019353861458|0.5194529030792187|0.6926038707722916
70.4|1.0|0.88|0.0|0|0.3032394128743911|0.6064788257487822|0.9097182386231734|1.2129576514975644
70.6|1.0|0.88|0.0|0|-0.011351207832631199|-0.022702415665262397|-0.0340536234978936|-0.045404831330524795
70.8|1.0|0.88|0.0|0|0.1124310118649738|0.2248620237299476|0.3372930355949214|0.4497240474598952
71.0|1.0|0.88|0.0|0|0.018738502003543562|0.037477004007087124|0.05621550601063068|0.07495400801417425
71.2|1.0|0.88|0.0|0|0.2987349668872778|0.5974699337745556|0.8962049006618334|1.1949398675491112
71.4|1.0|0.88|0.0|0|0.38684196104673935|0.7736839220934787|1.160525883140218|1.5473678441869574
71.6|1.0|0.88|0.0|0|0.4882821226748642|0.9765642453497284|1.4648463680245927|1.9531284906994568
71.8|1.0|0.88|0.0|0|0.13531360682973184|0.2706272136594637|0.40594082048919555|0.5412544273189274
72.0|1.0|0.88|0.0|0|0.15297104160272296|0.3059420832054459|0.4589131248081689|0.6118841664108918
72.2|1.0|0.88|0.0|0|-0.07423329703509814|-0.14846659407019627|-0.22269989110529442|-0.29693318814039255
72.4|1.0|0.88|0.0|0|-0.09441322222468451|-0.18882644444936902|-0.28323966667405354|-0.37765288889873805
72.6|1.0|0.88|0.0|0|0.3617972331089553|0.7235944662179106|1.085391699326866|1.4471889324358211
72.8|1.0|0.88|0.0|0|0.6664780703402363|1.3329561406804726|1.9994342110207088|2.6659122813609453
73.0|1.0|0.88|0.0|0|0.02666633059503513|0.05333266119007026|0.07999899178510539|0.10666532238014052
73.2|1.0|0.88|0.0|0|-0.1599979802052259|-0.3199959604104518|-0.4799939406156777|-0.6399919208209036
73.4|1.0|0.88|0.0|0|-0.023783482720900813|-0.047566965441801626|-0.07135044816270245|-0.09513393088360325
73.6|1.0|0.88|0.0|0|-0.016756545651296636|-0.03351309130259327|-0.050269636953889904|-0.06702618260518654
73.8|1.0|0.88|0.0|0|0.2987349665453078|0.5974699330906156|0.8962048996359234|1.1949398661812312
74.0|1.0|0.88|0.0|0|-0.14972783872479353|-0.29945567744958707|-0.4491835161743806|-0.5989113548991741
74.2|1.0|0.88|0.0|0|0.10702567535976423|0.21405135071952847|0.32107702607929267|0.42810270143905693
74.4|1.0|0.88|0.0|0|-0.08486379325418973|-0.16972758650837946|-0.2545913797625692|-0.3394551730167589
74.6|1.0|0.88|0.0|0|0.08522414952458356|0.1704482990491671|0.25567244857375065|0.3408965980983342
74.8|1.0|0.88|0.0|0|0.3423380201112016|0.6846760402224032|1.0270140603336049|1.3693520804448065
75.0|1.0|0.88|0.0|0|0.4099047333947969|0.8198094667895938|1.2297142001843906|1.6396189335791875
75.2|1.0|0.88|0.0|0|0.25062746677780545|0.5012549335556109|0.7518824003334164|1.0025098671112218
75.4|1.0|0.88|0.0|0|-0.07639543265308027|-0.15279086530616054|-0.2291862979592408|-0.3055817306123211
75.6|1.0|0.88|0.0|0|0.3846798273667813|0.7693596547335626|1.154039482100344|1.5387193094671252
75.8|1.0|0.88|0.0|0|0.3217977383348628|0.6435954766697256|0.9653932150045884|1.2871909533394512
76.0|1.0|0.88|0.0|0|-0.1953128487226788|-0.3906256974453576|-0.5859385461680363|-0.7812513948907152
76.2|1.0|0.88|0.0|0|-0.4522465412804744|-0.9044930825609488|-1.3567396238414233|-1.8089861651218977
76.4|1.0|0.88|0.0|0|-0.14234054369182572|-0.28468108738365144|-0.42702163107547714|-0.5693621747673029
76.6|1.0|0.88|0.0|0|0.2108081500927803|0.4216163001855606|0.6324244502783409|0.8432326003711212
76.8|1.0|0.88|0.0|0|0.32395987142139376|0.6479197428427875|0.9718796142641812|1.295839485685575
77.0|1.0|0.88|0.0|0|0.23044754027214387|0.46089508054428774|0.6913426208164316|0.9217901610885755
77.2|1.0|0.88|0.0|0|-0.008648539250716574|-0.01729707850143315|-0.025945617752149725|-0.0345941570028663
77.4|1.0|0.88|0.0|0|0.329365210120159|0.658730420240318|0.9880956303604771|1.317460840480636
77.6|1.0|0.88|0.0|0|0.3318877012081796|0.6637754024163592|0.9956631036245389|1.3275508048327185
77.8|1.0|0.88|0.0|0|-0.24324017043982188|-0.48648034087964376|-0.7297205113194657|-0.9729606817592875
78.0|1.0|0.88|0.0|0|0.3967517465542191|0.7935034931084382|1.1902552396626571|1.5870069862168763
78.2|1.0|0.88|0.0|0|0.42233700869721397|0.8446740173944279|1.2670110260916418|1.6893480347888559
78.4|1.0|0.88|0.0|0|0.07711614357569495|0.1542322871513899|0.23134843072708483|0.3084645743027798
78.6|1.0|0.88|0.0|0|0.3971121020588911|0.7942242041177822|1.1913363061766733|1.5884484082355643
78.8|1.0|0.88|0.0|0|0.061620843603450395|0.12324168720690079|0.18486253081035117|0.24648337441380158
79.0|1.0|0.88|0.0|0|-0.285762157661957|-0.571524315323914|-0.857286472985871|-1.143048630647828
79.2|1.0|0.88|0.0|0|0.41512989283190144|0.8302597856638029|1.2453896784957044|1.6605195713276057
79.4|1.0|0.88|0.0|0|0.19531284915923625|0.3906256983184725|0.5859385474777087|0.781251396636945
79.6|1.0|0.88|0.0|0|0.339274994216685|0.67854998843337|1.0178249826500552|1.35709997686674
79.8|1.0|0.88|0.0|0|0.16017815804487343|0.32035631608974685|0.48053447413462025|0.6407126321794937
80.0|1.0|0.88|0.0|0|-0.2580147600031344|-0.5160295200062688|-0.7740442800094031|-1.0320590400125376
80.2|1.0|0.88|0.0|0|-0.5001738634356302|-1.0003477268712604|-1.5005215903068907|-2.000695453742521
80.4|1.0|0.88|0.0|0|0.12216061994520726|0.24432123989041452|0.36648185983562176|0.48864247978082903
80.6|1.0|0.88|0.0|0|-0.05189123643387579|-0.10378247286775158|-0.15567370930162738|-0.20756494573550316
80.8|1.0|0.88|0.0|0|-0.046125544554670384|-0.09225108910934077|-0.13837663366401115|-0.18450217821868153
81.0|1.0|0.88|0.0|0|0.5407138927120837|1.0814277854241674|1.622141678136251|2.162855570848335
81.2|1.0|0.88|0.0|0|0.3295453875142269|0.6590907750284538|0.9886361625426807|1.3181815500569076
81.4|1.0|0.88|0.0|0|0.6313433786269167|1.2626867572538334|1.8940301358807499|2.525373514507667
81.6|1.0|0.88|0.0|0|0.023963661036978032|0.047927322073956065|0.0718909831109341|0.09585464414791213
81.8|1.0|0.88|0.0|0|0.28089735312125436|0.5617947062425087|0.8426920593637631|1.1235894124850174
82.0|1.0|0.88|0.0|0|-0.04882821221603085|-0.0976564244320617|-0.14648463664809255|-0.1953128488641234
82.2|1.0|0.88|0.0|0|0.34702264558611234|0.6940452911722247|1.041067936758337|1.3880905823444494
82.4|1.0|0.88|0.0|0|-0.2684650786311252|-0.5369301572622504|-0.8053952358933755|-1.0738603145245007
82.6|1.0|0.88|0.0|0|-0.13243075968086498|-0.26486151936172997|-0.39729227904259495|-0.5297230387234599
82.8|1.0|0.88|0.0|0|0.07729632178496111|0.15459264356992222|0.23188896535488332|0.30918528713984444
83.0|1.0|0.88|0.0|0|-0.031531132981181174|-0.06306226596236235|-0.09459339894354352|-0.1261245319247247
83.2|1.0|0.88|0.0|0|-0.09459340049448664|-0.18918680098897328|-0.28378020148345995|-0.37837360197794656
83.4|1.0|0.88|0.0|0|-0.29314945034158907|-0.5862989006831781|-0.8794483510247673|-1.1725978013663563
83.6|1.0|0.88|0.0|0|0.07675578747963306|0.15351157495926612|0.2302673624388992|0.30702314991853225
83.8|1.0|0.88|0.0|0|0.6471990334754816|1.2943980669509632|1.9415971004264447|2.5887961339019263
84.0|1.0|0.88|0.0|0|0.4605347243224973|0.9210694486449946|1.381604172967492|1.8421388972899893
84.2|1.0|0.88|0.0|0|0.6064788281233637|1.2129576562467275|1.8194364843700912|2.425915312493455
84.4|1.0|0.88|0.0|0|0.140358589248208|0.280717178496416|0.42107576774462396|0.561434356992832
84.6|1.0|0.88|0.0|0|0.21242974954453547|0.42485949908907095|0.6372892486336065|0.8497189981781419
84.8|1.0|0.88|0.0|0|-0.039098603317979756|-0.07819720663595951|-0.11729580995393928|-0.15639441327191902
85.0|1.0|0.88|0.0|0|-0.03603558048431299|-0.07207116096862598|-0.10810674145293897|-0.14414232193725196
85.2|1.0|0.88|0.0|0|0.07711614403437131|0.15423228806874262|0.23134843210311395|0.30846457613748524
85.4|1.0|0.88|0.0|0|0.4349494621023772|0.8698989242047545|1.3048483863071316|1.739797848409509
85.6|1.0|0.88|0.0|0|0.27134792519587814|0.5426958503917563|0.8140437755876344|1.0853917007835125
85.8|1.0|0.88|0.0|0|0.722513398499578|1.445026796999156|2.167540195498734|2.890053593998312
86.0|1.0|0.88|0.0|0|-0.17513292376825135|-0.3502658475365027|-0.5253987713047541|-0.7005316950730054
86.2|1.0|0.88|0.0|0|0.14306125617265947|0.28612251234531894|0.4291837685179784|0.5722450246906379
86.4|1.0|0.88|0.0|0|0.08720610690506882|0.17441221381013763|0.26161832071520646|0.34882442762027527
86.6|1.0|0.88|0.0|0|0.0072071166304522255|0.014414233260904451|0.021621349891356677|0.028828466521808902
86.8|1.0|0.88|0.0|0|-0.2052226333162982|-0.4104452666325964|-0.6156678999488946|-0.8208905332651928
87.0|1.0|0.88|0.0|0|0.11044905519345785|0.2208981103869157|0.3313471655803735|0.4417962207738314
87.2|1.0|0.88|0.0|0|-0.0839629044034519|-0.1679258088069038|-0.2518887132103557|-0.3358516176138076
87.4|1.0|0.88|0.0|0|-0.12990827011934028|-0.25981654023868056|-0.3897248103580208|-0.5196330804773611
87.6|1.0|0.88|0.0|0|0.38972480900352857|0.7794496180070571|1.1691744270105857|1.5588992360141143
87.8|1.0|0.88|0.0|0|-0.04144091849128021|-0.08288183698256042|-0.12432275547384063|-0.16576367396512084
88.0|1.0|0.88|0.0|0|-0.28089735421119283|-0.5617947084223857|-0.8426920626335784|-1.1235894168447713
88.2|1.0|0.88|0.0|0|-0.25585262556618565|-0.5117052511323713|-0.767557876698557|-1.0234105022647426
88.4|1.0|0.88|0.0|0|0.3138699093321341|0.6277398186642682|0.9416097279964023|1.2554796373285364
88.6|1.0|0.88|0.0|0|0.10198069348116415|0.2039613869623283|0.3059420804434924|0.4079227739246566
88.8|1.0|0.88|0.0|0|0.7180089504769428|1.4360179009538856|2.154026851430828|2.872035801907771
89.0|1.0|0.88|0.0|0|-0.3181941803748489|-0.6363883607496978|-0.9545825411245468|-1.2727767214993957
89.2|1.0|0.88|0.0|0|0.29675300848670333|0.5935060169734067|0.8902590254601099|1.1870120339468133
89.4|1.0|0.88|0.0|0|0.5061197352010645|1.012239470402129|1.5183592056031934|2.024478940804258
89.6|1.0|0.88|0.0|0|0.5888213936705148|1.1776427873410296|1.7664641810115442|2.355285574682059
89.8|1.0|0.88|0.0|0|0.18270039495371765|0.3654007899074353|0.5481011848611529|0.7308015798148706
90.0|1.0|0.88|0.0|0|0.6270191098583752|1.2540382197167503|1.8810573295751254|2.5080764394335007
90.2|1.0|0.88|0.0|0|-0.18053826178103935|-0.3610765235620787|-0.541614785343118|-0.7221530471241574
90.4|1.0|0.88|0.0|0|0.03711664856557039|0.07423329713114078|0.11134994569671117|0.14846659426228156
90.6|1.0|0.88|0.0|0|0.1324307609375684|0.2648615218751368|0.3972922828127052|0.5297230437502736
90.8|1.0|0.88|0.0|0|-0.05927853054425219|-0.11855706108850438|-0.17783559163275656|-0.23711412217700875
91.0|1.0|0.88|0.0|0|-0.04954892472072975|-0.0990978494414595|-0.14864677416218924|-0.198195698882919
91.2|1.0|0.88|0.0|0|-0.3189148919115544|-0.6378297838231088|-0.9567446757346633|-1.2756595676462177
91.4|1.0|0.88|0.0|0|-0.2655822310756778|-0.5311644621513556|-0.7967466932270334|-1.0623289243027112
91.6|1.0|0.88|0.0|0|-0.06936849285848445|-0.1387369857169689|-0.20810547857545333|-0.2774739714339378
91.8|1.0|0.88|0.0|0|-0.32341933940129847|-0.6468386788025969|-0.9702580182038955|-1.2936773576051939
92.0|1.0|0.88|0.0|0|0.2560328029803352|0.5120656059606704|0.7680984089410056|1.0241312119213408
92.2|1.0|0.88|0.0|0|-0.046125543905946004|-0.09225108781189201|-0.138376631717838|-0.18450217562378401
92.4|1.0|0.88|0.0|0|0.05387319418136035|0.1077463883627207|0.16161958254408107|0.2154927767254414
92.6|1.0|0.88|0.0|0|0.2810775311733599|0.5621550623467197|0.8432325935200795|1.1243101246934395
92.8|1.0|0.88|0.0|0|-0.260897606694198|-0.521795213388396|-0.7826928200825939|-1.043590426776792
93.0|1.0|0.88|0.0|0|0.3290048545956964|0.6580097091913928|0.9870145637870892|1.3160194183827856
93.2|1.0|0.88|0.0|0|-0.33404983582499004|-0.6680996716499801|-1.00214950747497|-1.3361993432999602
93.4|1.0|0.88|0.0|0|-0.17531310138612768|-0.35062620277225537|-0.5259393041583831|-0.7012524055445107
93.6|1.0|0.88|0.0|0|-0.3113474193745063|-0.6226948387490125|-0.9340422581235188|-1.245389677498025
93.8|1.0|0.88|0.0|0|-0.1574754889181351|-0.3149509778362702|-0.47242646675440525|-0.6299019556725404
94.0|1.0|0.88|0.0|0|0.06936849324527436|0.13873698649054872|0.20810547973582308|0.27747397298109744
94.2|1.0|0.88|0.0|0|0.5133268516525281|1.0266537033050562|1.5399805549575845|2.0533074066101125
94.4|1.0|0.88|0.0|0|0.2812577096233147|0.5625154192466294|0.843773128869944|1.1250308384932588
94.6|1.0|0.88|0.0|0|0.36215758947335447|0.7243151789467089|1.0864727684200635|1.4486303578934179
94.8|1.0|0.88|0.0|0|0.1479260590768537|0.2958521181537074|0.44377817723056107|0.5917042363074148
95.0|1.0|0.88|0.0|0|0.09513393419096255|0.1902678683819251|0.28540180257288766|0.3805357367638502
95.2|1.0|0.88|0.0|0|0.15801602267514694|0.3160320453502939|0.47404806802544086|0.6320640907005878
95.4|1.0|0.88|0.0|0|0.4099047342428825|0.819809468485765|1.2297142027286474|1.63961893697153
95.6|1.0|0.88|0.0|0|0.37224755086150285|0.7444951017230057|1.1167426525845086|1.4889902034460114
95.8|1.0|0.88|0.0|0|0.01423405502107927|0.02846811004215854|0.04270216506323781|0.05693622008431708
96.0|1.0|0.88|0.0|0|0.006846760483167606|0.013693520966335212|0.020540281449502817|0.027387041932670424
96.2|1.0|0.88|0.0|0|0.3441397986258383|0.6882795972516766|1.032419395877515|1.3765591945033533
96.4|1.0|0.88|0.0|0|-0.11963812940812214|-0.23927625881624429|-0.35891438822436644|-0.47855251763248857
96.6|1.0|0.88|0.0|0|0.0018017794826300831|0.0036035589652601663|0.005405338447890249|0.0072071179305203325
96.8|1.0|0.88|0.0|0|0.17008794291585233|0.34017588583170466|0.510263828747557|0.6803517716634093
97.0|1.0|0.88|0.0|0|0.2884648248122542|0.5769296496245084|0.8653944744367625|1.1538592992490169
97.2|1.0|0.88|0.0|0|0.40972455529583424|0.8194491105916685|1.2291736658875025|1.638898221183337
97.4|1.0|0.88|0.0|0|0.7322430054325384|1.4644860108650768|2.196729016297615|2.9289720217301536
97.6|1.0|0.88|0.0|0|0.4628770378167978|0.9257540756335956|1.3886311134503935|1.8515081512671911
97.8|1.0|0.88|0.0|0|-0.13225058230600564|-0.2645011646120113|-0.39675174691801696|-0.5290023292240226
98.0|1.0|0.88|0.0|0|0.43765213166130745|0.8753042633226149|1.3129563949839225|1.7506085266452298
98.2|1.0|0.88|0.0|0|0.15513317513861707|0.31026635027723415|0.4653995254158512|0.6205327005544683
98.4|1.0|0.88|0.0|0|0.29639265376376017|0.5927853075275203|0.8891779612912805|1.1855706150550407
98.6|1.0|0.88|0.0|0|0.4580122335307537|0.9160244670615074|1.3740367005922611|1.8320489341230148
98.8|1.0|0.88|0.0|0|0.036756292307982254|0.07351258461596451|0.11026887692394677|0.14702516923192901
99.0|1.0|0.88|0.0|0|0.23062771856406492|0.46125543712812983|0.6918831556921947|0.9225108742562597
99.2|1.0|0.88|0.0|0|-0.13711538599076462|-0.27423077198152923|-0.4113461579722938|-0.5484615439630585
99.4|1.0|0.88|0.0|0|-0.0389184269239195|-0.077836853847839|-0.11675528077175851|-0.155673707695678
99.6|1.0|0.88|0.0|0|-0.14486303573561612|-0.28972607147123225|-0.43458910720684835|-0.5794521429424645
99.8|1.0|0.88|0.0|0|0.19549302706262114|0.3909860541252423|0.5864790811878634|0.7819721082504846
100.0|1.0|0.88|0.0|0|0.7781883707788081|1.5563767415576162|2.3345651123364246|3.1127534831152324
100.2|1.0|0.88|0.0|0|0.2610777841211532|0.5221555682423064|0.7832333523634595|1.0443111364846127
100.4|1.0|0.88|0.0|0|0.5133268509001941|1.0266537018003883|1.5399805527005823|2.0533074036007766
100.6|1.0|0.88|0.0|0|0.23333038605138448|0.46666077210276896|0.6999911581541535|0.9333215442055379
100.8|1.0|0.88|0.0|0|-0.003603559677139859|-0.007207119354279718|-0.010810679031419577|-0.014414238708559436
101.0|1.0|0.88|0.0|0|-0.07405311918584637|-0.14810623837169273|-0.2221593575575391|-0.29621247674338547
101.2|1.0|0.88|0.0|0|0.09495375648257331|0.18990751296514663|0.28486126944771994|0.37981502593029326
101.4|1.0|0.88|0.0|0|0.06936849380523205|0.1387369876104641|0.20810548141569615|0.2774739752209282
101.6|1.0|0.88|0.0|0|-0.25044728761451573|-0.5008945752290315|-0.7513418628435472|-1.001789150458063
101.8|1.0|0.88|0.0|0|-0.11711563763790775|-0.2342312752758155|-0.3513469129137232|-0.468462550551631
102.0|1.0|0.88|0.0|0|0.06936849390564027|0.13873698781128055|0.2081054817169208|0.2774739756225611
102.2|1.0|0.88|0.0|0|-0.18540306419337882|-0.37080612838675764|-0.5562091925801365|-0.7416122567735153
102.4|1.0|0.88|0.0|0|0.0592785302700941|0.1185570605401882|0.1778355908102823|0.2371141210803764
102.6|1.0|0.88|0.0|0|0.6662978914211277|1.3325957828422554|1.9988936742633832|2.665191565684511
102.8|1.0|0.88|0.0|0|-0.22017739947565151|-0.44035479895130303|-0.6605321984269545|-0.8807095979026061
103.0|1.0|0.88|0.0|0|0.09999873648543152|0.19999747297086304|0.29999620945629457|0.3999949459417261
103.2|1.0|0.88|0.0|0|0.588821393847175|1.17764278769435|1.766464181541525|2.3552855753887
103.4|1.0|0.88|0.0|0|0.36431972404767327|0.7286394480953465|1.0929591721430199|1.457278896190693
103.6|1.0|0.88|0.0|0|0.364319723787485|0.72863944757497|1.0929591713624551|1.45727889514994
103.8|1.0|0.88|0.0|0|-0.07423329728131654|-0.1484665945626331|-0.22269989184394964|-0.2969331891252662
104.0|1.0|0.88|0.0|0|0.45494921042351094|0.9098984208470219|1.3648476312705329|1.8197968416940438
104.2|1.0|0.88|0.0|0|0.1879255544004265|0.375851108800853|0.5637766632012795|0.751702217601706
104.4|1.0|0.88|0.0|0|0.20342085464595602|0.40684170929191205|0.610262563937868|0.8136834185838241
104.6|1.0|0.88|0.0|0|0.27873521946661667|0.5574704389332333|0.83620565839985|1.1149408778664667
104.8|1.0|0.88|0.0|0|0.15026837181358146|0.30053674362716293|0.45080511544074436|0.6010734872543259
105.0|1.0|0.88|0.0|0|0.12972809121565673|0.25945618243131346|0.38918427364697017|0.5189123648626269
105.2|1.0|0.88|0.0|0|0.23080789599654983|0.46161579199309966|0.6924236879896495|0.9232315839861993
105.4|1.0|0.88|0.0|0|0.12468310971627954|0.24936621943255907|0.37404932914883865|0.49873243886511814
105.6|1.0|0.88|0.0|0|-0.09243126462359222|-0.18486252924718444|-0.2772937938707767|-0.3697250584943689
105.8|1.0|0.88|0.0|0|-0.1724302549764981|-0.3448605099529962|-0.5172907649294943|-0.6897210199059924
106.0|1.0|0.88|0.0|0|0.19026786888134684|0.38053573776269367|0.5708036066440405|0.7610714755253873
106.2|1.0|0.88|0.0|0|0.4886424784807609|0.9772849569615218|1.4659274354422827|1.9545699139230437
106.4|1.0|0.88|0.0|0|0.344500154333073|0.689000308666146|1.033500462999219|1.378000617332292
106.6|1.0|0.88|0.0|0|0.3414371290532293|0.6828742581064586|1.0243113871596878|1.3657485162129173
106.8|1.0|0.88|0.0|0|0.7225133984579595|1.445026796915919|2.167540195373878|2.890053593831838
107.0|1.0|0.88|0.0|0|0.2540508469101044|0.5081016938202088|0.7621525407303131|1.0162033876404175
107.2|1.0|0.88|0.0|0|0.27405059353273853|0.5481011870654771|0.8221517805982156|1.0962023741309541
107.4|1.0|0.88|0.0|0|0.16017815697588972|0.32035631395177944|0.48053447092766916|0.6407126279035589
107.6|1.0|0.88|0.0|0|0.05189123725693212|0.10378247451386424|0.15567371177079636|0.20756494902772848
107.8|1.0|0.88|0.0|0|-0.07153062765282818|-0.14306125530565636|-0.21459188295848453|-0.2861225106113127
108.0|1.0|0.88|0.0|0|-0.28612251302693065|-0.5722450260538613|-0.8583675390807919|-1.1444900521077226
108.2|1.0|0.88|0.0|0|-0.25549226804228986|-0.5109845360845797|-0.7664768041268696|-1.0219690721691594
108.4|1.0|0.88|0.0|0|0.21603330759273395|0.4320666151854679|0.6480999227782018|0.8641332303709358
108.6|1.0|0.88|0.0|0|0.06702618115872616|0.13405236231745232|0.20107854347617848|0.26810472463490465
108.8|1.0|0.88|0.0|0|0.0018017784855328515|0.003603556971065703|0.005405335456598555|0.007207113942131406
109.0|1.0|0.88|0.0|0|0.349364957851067|0.698729915702134|1.0480948735532012|1.397459831404268
109.2|1.0|0.88|0.0|0|0.5059395569373741|1.0118791138747483|1.5178186708121224|2.0237582277494965
109.4|1.0|0.88|0.0|0|0.09747624668496437|0.19495249336992873|0.2924287400548931|0.38990498673985746
109.6|1.0|0.88|0.0|0|-0.30089710067957665|-0.6017942013591533|-0.90269130203873|-1.2035884027183066
109.8|1.0|0.88|0.0|0|0.46792201850446913|0.9358440370089383|1.4037660555134075|1.8716880740178765
110.0|1.0|0.88|0.0|0|-0.35170727017481146|-0.7034145403496229|-1.0551218105244344|-1.4068290806992458
110.2|1.0|0.88|0.0|0|-0.1524305082848879|-0.3048610165697758|-0.4572915248546637|-0.6097220331395516
110.4|1.0|0.88|0.0|0|-0.2428798151164667|-0.4857596302329334|-0.7286394453494001|-0.9715192604658668
110.6|1.0|0.88|0.0|0|0.3219779156570442|0.6439558313140884|0.9659337469711327|1.2879116626281768
110.8|1.0|0.88|0.0|0|-0.39404907840857084|-0.7880981568171417|-1.1821472352257125|-1.5761963136342834
111.0|1.0|0.88|0.0|0|0.5176511202871921|1.0353022405743841|1.5529533608615762|2.0706044811487683
111.2|1.0|0.88|0.0|0|0.11261119079659702|0.22522238159319405|0.3378335723897911|0.4504447631863881
111.4|1.0|0.88|0.0|0|0.5963888648594735|1.192777729718947|1.7891665945784205|2.385555459437894
111.6|1.0|0.88|0.0|0|0.05711639550892874|0.11423279101785748|0.1713491865267862|0.22846558203571496
111.8|1.0|0.88|0.0|0|0.16035833509347883|0.32071667018695765|0.48107500528043645|0.6414333403739153
112.0|1.0|0.88|0.0|0|0.359454920709832|0.718909841419664|1.0783647621294958|1.437819682839328
112.2|1.0|0.88|0.0|0|0.1605385135961116|0.3210770271922232|0.48161554078833474|0.6421540543844464
112.4|1.0|0.88|0.0|0|0.12756595724757075|0.2551319144951415|0.3826978717427122|0.510263828990283
112.6|1.0|0.88|0.0|0|0.4399944434777721|0.8799888869555442|1.3199833304333164|1.7599777739110885
112.8|1.0|0.88|0.0|0|0.38918427401251426|0.7783685480250285|1.1675528220375428|1.556737096050057
113.0|1.0|0.88|0.0|0|-0.44431871357286623|-0.8886374271457325|-1.3329561407185986|-1.777274854291465
113.2|1.0|0.88|0.0|0|0.45242671944433865|0.9048534388886773|1.3572801583330159|1.8097068777773546
113.4|1.0|0.88|0.0|0|0.8008907881175408|1.6017815762350816|2.402672364352622|3.203563152470163
113.6|1.0|0.88|0.0|0|0.2081054795644015|0.416210959128803|0.6243164386932045|0.832421918257606
113.8|1.0|0.88|0.0|0|0.503597243672994|1.007194487345988|1.5107917310189818|2.014388974691976
114.0|1.0|0.88|0.0|0|0.19819569488434371|0.39639138976868743|0.5945870846530311|0.7927827795373749
114.2|1.0|0.88|0.0|0|0.04414358668931531|0.08828717337863062|0.13243076006794594|0.17657434675726125
114.4|1.0|0.88|0.0|0|0.2281052265915789|0.4562104531831578|0.6843156797747366|0.9124209063663156
114.6|1.0|0.88|0.0|0|0.20053800760215398|0.40107601520430797|0.6016140228064619|0.8021520304086159
114.8|1.0|0.88|0.0|0|-0.47783180394995767|-0.9556636078999153|-1.433495411849873|-1.9113272157998307
115.0|1.0|0.88|0.0|0|-0.2055829899414677|-0.4111659798829354|-0.6167489698244032|-0.8223319597658708
115.2|1.0|0.88|0.0|0|0.021260991859890072|0.042521983719780145|0.06378297557967022|0.08504396743956029
115.4|1.0|0.88|0.0|0|0.08432325992704144|0.16864651985408288|0.25296977978112434|0.33729303970816576
115.6|1.0|0.88|0.0|0|-0.38990498649858674|-0.7798099729971735|-1.16971495949576|-1.559619945994347
115.8|1.0|0.88|0.0|0|0.13693520864908362|0.27387041729816725|0.4108056259472509|0.5477408345963345
116.0|1.0|0.88|0.0|0|0.01873850364849206|0.03747700729698412|0.05621551094547617|0.07495401459396824
116.2|1.0|0.88|0.0|0|-0.29405034141353126|-0.5881006828270625|-0.8821510242405938|-1.176201365654125
116.4|1.0|0.88|0.0|0|-0.08432325889414649|-0.16864651778829298|-0.2529697766824395|-0.33729303557658596
116.6|1.0|0.88|0.0|0|-0.19459213622234547|-0.38918427244469095|-0.5837764086670364|-0.7783685448893819
116.8|1.0|0.88|0.0|0|1.04250935688353|2.08501871376706|3.12752807065059|4.17003742753412
117.0|1.0|0.88|0.0|0|0.43206661512260364|0.8641332302452073|1.296199845367811|1.7282664604904145
117.2|1.0|0.88|0.0|0|-0.18990751134464534|-0.3798150226892907|-0.569722534033936|-0.7596300453785814
117.4|1.0|0.88|0.0|0|0.2634200961937315|0.526840192387463|0.7902602885811946|1.053680384774926
117.6|1.0|0.88|0.0|0|0.15261068639607414|0.3052213727921483|0.45783205918822245|0.6104427455842966
117.8|1.0|0.88|0.0|0|0.13008844732044975|0.2601768946408995|0.39026534196134927|0.520353789281799
118.0|1.0|0.88|0.0|0|0.4450394239954771|0.8900788479909542|1.3351182719864312|1.7801576959819083
118.2|1.0|0.88|0.0|0|0.4853992757262317|0.9707985514524634|1.456197827178695|1.9415971029049268
118.4|1.0|0.88|0.0|0|0.48035429438721666|0.9607085887744333|1.4410628831616499|1.9214171775488667
118.6|1.0|0.88|0.0|0|0.1427009005294532|0.2854018010589064|0.42810270158835956|0.5708036021178128
118.8|1.0|0.88|0.0|0|0.07675578945723835|0.1535115789144767|0.23026736837171505|0.3070231578289534
119.0|1.0|0.88|0.0|0|0.3897248079153363|0.7794496158306726|1.169174423746009|1.5588992316613453
119.2|1.0|0.88|0.0|0|0.6016140241897671|1.2032280483795341|1.804842072569301|2.4064560967590682
119.4|1.0|0.88|0.0|0|0.11999848469829896|0.23999696939659793|0.35999545409489686|0.47999393879319585
119.6|1.0|0.88|0.0|0|0.29170802884589675|0.5834160576917935|0.8751240865376902|1.166832115383587
119.8|1.0|0.88|0.0|0|0.4225171855575176|0.8450343711150352|1.2675515566725528|1.6900687422300704
120.0|1.0|0.88|0.0|0|-0.3610765204459316|-0.7221530408918632|-1.0832295613377947|-1.4443060817837263
120.2|1.0|0.88|0.0|0|0.6414333423686918|1.2828666847373835|1.9243000271060753|2.565733369474767
120.4|1.0|0.88|0.0|0|0.5486417203713796|1.0972834407427592|1.6459251611141386|2.1945668814855184
120.6|1.0|0.88|0.0|0|0.24936622137669495|0.4987324427533899|0.7480986641300849|0.9974648855067798
120.8|1.0|0.88|0.0|0|0.694585822713271|1.389171645426542|2.083757468139813|2.778343290853084
121.0|1.0|0.88|0.0|0|0.46035454651748337|0.9207090930349667|1.38106363955245|1.8414181860699335
121.2|1.0|0.88|0.0|0|0.26864525677810913|0.5372905135562183|0.8059357703343274|1.0745810271124365
121.4|1.0|0.88|0.0|0|0.7653957403046668|1.5307914806093337|2.296187220914|3.0615829612186674
121.6|1.0|0.88|0.0|0|0.4554897438356424|0.9109794876712848|1.3664692315069271|1.8219589753425696
121.8|1.0|0.88|0.0|0|-0.3890040964688527|-0.7780081929377054|-1.1670122894065582|-1.5560163858754108
122.0|1.0|0.88|0.0|0|0.3342300138992144|0.6684600277984288|1.0026900416976432|1.3369200555968577
122.2|1.0|0.88|0.0|0|-0.013873698723327846|-0.02774739744665569|-0.04162109616998354|-0.05549479489331138
122.4|1.0|0.88|0.0|0|0.381977157746151|0.763954315492302|1.145931473238453|1.527908630984604
122.6|1.0|0.88|0.0|0|-0.34612175596412303|-0.6922435119282461|-1.0383652678923692|-1.3844870238564921
122.8|1.0|0.88|0.0|0|-0.07927827872597852|-0.15855655745195704|-0.23783483617793558|-0.3171131149039141
123.0|1.0|0.88|0.0|0|0.3920671208208663|0.7841342416417326|1.1762013624625989|1.5682684832834652
123.2|1.0|0.88|0.0|0|0.19008769022533686|0.38017538045067373|0.5702630706760106|0.7603507609013475
123.4|1.0|0.88|0.0|0|0.06936849316698505|0.1387369863339701|0.20810547950095515|0.2774739726679402
123.6|1.0|0.88|0.0|0|-0.23062771776225438|-0.46125543552450876|-0.6918831532867632|-0.9225108710490175
123.8|1.0|0.88|0.0|0|0.056936217535985684|0.11387243507197137|0.17080865260795705|0.22774487014394273
124.0|1.0|0.88|0.0|0|0.061260488338011836|0.12252097667602367|0.1837814650140355|0.24504195335204734
124.2|1.0|0.88|0.0|0|0.4171118486204072|0.8342236972408144|1.2513355458612216|1.6684473944816287
124.4|1.0|0.88|0.0|0|-0.24612301784945906|-0.4922460356989181|-0.7383690535483772|-0.9844920713978362
124.6|1.0|0.88|0.0|0|0.1877453766966939|0.3754907533933878|0.5632361300900817|0.7509815067867756
124.8|1.0|0.88|0.0|0|0.04396340953069743|0.08792681906139486|0.1318902285920923|0.17585363812278973
125.0|1.0|0.88|0.0|0|-0.23567269931256327|-0.47134539862512653|-0.7070180979376898|-0.9426907972502531
125.2|1.0|0.88|0.0|0|0.23783483479172013|0.47566966958344026|0.7135045043751603|0.9513393391668805
125.4|1.0|0.88|0.0|0|-0.023783482452272457|-0.047566964904544914|-0.07135044735681738|-0.09513392980908983
125.6|1.0|0.88|0.0|0|-0.5180114762461749|-1.0360229524923499|-1.5540344287385246|-2.0720459049846998
125.8|1.0|0.88|0.0|0|0.27387041568348675|0.5477408313669735|0.8216112470504602|1.095481662733947
126.0|1.0|0.88|0.0|0|0.2079253028408859|0.4158506056817718|0.6237759085226576|0.8317012113635436
126.2|1.0|0.88|0.0|0|0.5354887332051299|1.0709774664102598|1.6064661996153895|2.1419549328205196
126.4|1.0|0.88|0.0|0|-0.04126074063358832|-0.08252148126717664|-0.12378222190076496|-0.16504296253435327
126.6|1.0|0.88|0.0|0|-0.19279035773855885|-0.3855807154771177|-0.5783710732156765|-0.7711614309542354
126.8|1.0|0.88|0.0|0|0.2277448726366858|0.4554897452733716|0.6832346179100575|0.9109794905467432
127.0|1.0|0.88|0.0|0|0.03891842733661182|0.07783685467322364|0.11675528200983545|0.15567370934644728
127.2|1.0|0.88|0.0|0|-0.5477408300043322|-1.0954816600086643|-1.6432224900129964|-2.1909633200173286
127.4|1.0|0.88|0.0|0|-0.3012574567191771|-0.6025149134383542|-0.9037723701575313|-1.2050298268767083
127.6|1.0|0.88|0.0|0|-0.26143813952570805|-0.5228762790514161|-0.7843144185771241|-1.0457525581028322
127.8|1.0|0.88|0.0|0|0.24576266185904408|0.49152532371808816|0.7372879855771323|0.9830506474361763
128.0|1.0|0.88|0.0|0|-0.07927827865089064|-0.15855655730178128|-0.2378348359526719|-0.31711311460356256
128.2|1.0|0.88|0.0|0|-0.3866617839667018|-0.7733235679334036|-1.1599853519001055|-1.5466471358668072
128.4|1.0|0.88|0.0|0|0.17026812004653052|0.34053624009306105|0.5108043601395916|0.6810724801861221
128.6|1.0|0.88|0.0|0|0.04684625550755304|0.09369251101510608|0.14053876652265912|0.18738502203021215
128.8|1.0|0.88|0.0|0|0.62936142234481|1.25872284468962|1.8880842670344298|2.51744568937924
129.0|1.0|0.88|0.0|0|-0.15999797931319348|-0.31999595862638697|-0.4799939379395805|-0.6399919172527739
129.2|1.0|0.88|0.0|0|0.0899087754296489|0.1798175508592978|0.26972632628894666|0.3596351017185956
129.4|1.0|0.88|0.0|0|-0.04864803327509439|-0.09729606655018878|-0.14594409982528317|-0.19459213310037757
129.6|1.0|0.88|0.0|0|0.0819809465325671|0.1639618930651342|0.2459428395977013|0.3279237861302684
129.8|1.0|0.88|0.0|0|0.16504296125436682|0.33008592250873364|0.49512888376310044|0.6601718450174673
130.0|1.0|0.88|0.0|0|-0.008648539120913491|-0.017297078241826983|-0.025945617362740474|-0.034594156483653965
130.2|1.0|0.88|0.0|0|0.2230602469542648|0.4461204939085296|0.6691807408627943|0.8922409878170592
130.4|1.0|0.88|0.0|0|0.14756570378638584|0.2951314075727717|0.4426971113591575|0.5902628151455434
130.6|1.0|0.88|0.0|0|0.13999823163729175|0.2799964632745835|0.4199946949118752|0.559992926549167
130.8|1.0|0.88|0.0|0|0.5005342206967184|1.0010684413934368|1.5016026620901552|2.0021368827868735
131.0|1.0|0.88|0.0|0|-0.30576190386549595|-0.6115238077309919|-0.9172857115964879|-1.2230476154619838
131.2|1.0|0.88|0.0|0|-0.07693596580211313|-0.15387193160422627|-0.2308078974063394|-0.30774386320845254
131.4|1.0|0.88|0.0|0|0.1142327918446973|0.2284655836893946|0.34269837553409194|0.4569311673787892
131.6|1.0|0.88|0.0|0|-0.40990473462385163|-0.8198094692477033|-1.229714203871555|-1.6396189384954065
131.8|1.0|0.88|0.0|0|0.20792530262959208|0.41585060525918416|0.6237759078887762|0.8317012105183683
132.0|1.0|0.88|0.0|0|0.29405034048832046|0.5881006809766409|0.8821510214649614|1.1762013619532818
132.2|1.0|0.88|0.0|0|0.4198145184293393|0.8396290368586786|1.2594435552880179|1.6792580737173572
132.4|1.0|0.88|0.0|0|0.2938701622979718|0.5877403245959436|0.8816104868939154|1.1754806491918872
132.6|1.0|0.88|0.0|0|-0.34630193309887575|-0.6926038661977515|-1.0389057992966273|-1.385207732395503
132.8|1.0|0.88|0.0|0|0.0059458713064668755|0.011891742612933751|0.017837613919400627|0.023783485225867502
133.0|1.0|0.88|0.0|0|-0.0592785303498386|-0.1185570606996772|-0.1778355910495158|-0.2371141213993544
133.2|1.0|0.88|0.0|0|0.0944132214784623|0.1888264429569246|0.2832396644353869|0.3776528859138492
133.4|1.0|0.88|0.0|0|-0.005945871009898843|-0.011891742019797686|-0.01783761302969653|-0.023783484039595373
133.6|1.0|0.88|0.0|0|0.05225159160443586|0.10450318320887172|0.1567547748133076|0.20900636641774345
133.8|1.0|0.88|0.0|0|0.06648564690665813|0.13297129381331627|0.1994569407199744|0.26594258762663253
134.0|1.0|0.88|0.0|0|-0.3846798276971098|-0.7693596553942196|-1.1540394830913294|-1.5387193107884392
134.2|1.0|0.88|0.0|0|-0.28071717608079805|-0.5614343521615961|-0.8421515282423941|-1.1228687043231922
134.4|1.0|0.88|0.0|0|-0.3617972335452217|-0.7235944670904434|-1.085391700635665|-1.4471889341808868
134.6|1.0|0.88|0.0|0|0.41206686918245433|0.8241337383649087|1.236200607547363|1.6482674767298173
134.8|1.0|0.88|0.0|0|-0.17783559304691168|-0.35567118609382337|-0.5335067791407351|-0.7113423721876467
135.0|1.0|0.88|0.0|0|0.011531385158596105|0.02306277031719221|0.03459415547578831|0.04612554063438442
135.2|1.0|0.88|0.0|0|-0.1825202173920117|-0.3650404347840234|-0.5475606521760351|-0.7300808695680469
135.4|1.0|0.88|0.0|0|-0.3362119700407496|-0.6724239400814992|-1.0086359101222488|-1.3448478801629984
135.6|1.0|0.88|0.0|0|-0.039278782657347654|-0.07855756531469531|-0.11783634797204297|-0.15711513062939061
135.8|1.0|0.88|0.0|0|0.14774588230677194|0.2954917646135439|0.44323764692031586|0.5909835292270877
136.0|1.0|0.88|0.0|0|0.4017967281193709|0.8035934562387418|1.2053901843581127|1.6071869124774836
136.2|1.0|0.88|0.0|0|-0.044323764248983974|-0.08864752849796795|-0.1329712927469519|-0.1772950569959359
136.4|1.0|0.88|0.0|0|-0.10252122797828643|-0.20504245595657286|-0.3075636839348593|-0.4100849119131457
136.6|1.0|0.88|0.0|0|-0.13243076024140477|-0.26486152048280953|-0.3972922807242143|-0.5297230409656191
136.8|1.0|0.88|0.0|0|0.3140500876016452|0.6281001752032904|0.9421502628049356|1.2562003504065808
137.0|1.0|0.88|0.0|0|-0.08648539361660376|-0.17297078723320752|-0.2594561808498113|-0.34594157446641505
137.2|1.0|0.88|0.0|0|0.2691857899643949|0.5383715799287898|0.8075573698931846|1.0767431598575796
137.4|1.0|0.88|0.0|0|0.19008768921921745|0.3801753784384349|0.5702630676576523|0.7603507568768698
137.6|1.0|0.88|0.0|0|-0.21801526479044717|-0.43603052958089433|-0.6540457943713415|-0.8720610591617887
137.8|1.0|0.88|0.0|0|0.20360103231796547|0.40720206463593095|0.6108030969538965|0.8144041292718619
138.0|1.0|0.88|0.0|0|0.36197741138894374|0.7239548227778875|1.0859322341668314|1.447909645555775
138.2|1.0|0.88|0.0|0|0.9549428948640716|1.9098857897281432|2.8648286845922146|3.8197715794562863
138.4|1.0|0.88|0.0|0|-0.3765718210372146|-0.7531436420744292|-1.1297154631116437|-1.5062872841488584
138.6|1.0|0.88|0.0|0|0.6468386780301814|1.2936773560603627|1.9405160340905439|2.5873547121207254
138.8|1.0|0.88|0.0|0|0.7781883713378928|1.5563767426757855|2.334565114013678|3.112753485351571
139.0|1.0|0.88|0.0|0|-0.028648285698436693|-0.057296571396873386|-0.08594485709531008|-0.11459314279374677
139.2|1.0|0.88|0.0|0|0.14053876643680283|0.28107753287360565|0.42161629931040845|0.5621550657472113
139.4|1.0|0.88|0.0|0|0.0720711625445984|0.1441423250891968|0.2162134876337952|0.2882846501783936
139.6|1.0|0.88|0.0|0|0.03711664763774027|0.07423329527548055|0.11134994291322083|0.1484665905509611
139.8|1.0|0.88|0.0|0|0.39711210193374463|0.7942242038674893|1.1913363058012338|1.5884484077349785
140.0|1.0|0.88|0.0|0|0.4502645845702504|0.9005291691405009|1.3507937537107513|1.8010583382810017
140.2|1.0|0.88|0.0|0|0.6367487152345717|1.2734974304691433|1.9102461457037152|2.5469948609382866
140.4|1.0|0.88|0.0|0|0.5812539202117483|1.1625078404234965|1.743761760635245|2.325015680846993
140.6|1.0|0.88|0.0|0|0.05225159210443967|0.10450318420887934|0.15675477631331902|0.2090063684177587
140.8|1.0|0.88|0.0|0|0.2212584670566141|0.4425169341132282|0.6637754011698422|0.8850338682264564
141.0|1.0|0.88|0.0|0|0.49602977254748154|0.9920595450949631|1.4880893176424446|1.9841190901899262
141.2|1.0|0.88|0.0|0|0.21837561999564079|0.43675123999128157|0.6551268599869223|0.8735024799825631
141.4|1.0|0.88|0.0|0|0.2304475406059648|0.4608950812119296|0.6913426218178944|0.9217901624238592
141.6|1.0|0.88|0.0|0|0.49783155158715137|0.9956631031743027|1.493494654761454|1.9913262063486055
141.8|1.0|0.88|0.0|0|0.4526068965898598|0.9052137931797196|1.3578206897695795|1.8104275863594392
142.0|1.0|0.88|0.0|0|0.6864778175175894|1.3729556350351788|2.0594334525527684|2.7459112700703576
142.2|1.0|0.88|0.0|0|-0.11675528250692889|-0.23351056501385778|-0.35026584752078666|-0.46702113002771556
142.4|1.0|0.88|0.0|0|0.16576367229688926|0.33152734459377853|0.49729101689066785|0.6630546891875571
142.6|1.0|0.88|0.0|0|-0.02126099183136832|-0.04252198366273664|-0.06378297549410496|-0.08504396732547329
142.8|1.0|0.88|0.0|0|0.04684625497699021|0.09369250995398042|0.14053876493097062|0.18738501990796083
143.0|1.0|0.88|0.0|0|0.6569286400987773|1.3138572801975545|1.9707859202963318|2.627714560395109
143.2|1.0|0.88|0.0|0|0.12738578003627493|0.25477156007254986|0.3821573401088248|0.5095431201450997
143.4|1.0|0.88|0.0|0|0.34450015548121915|0.6890003109624383|1.0335004664436573|1.3780006219248766
143.6|1.0|0.88|0.0|0|0.5181916544595155|1.036383308919031|1.5545749633785468|2.072766617838062
143.8|1.0|0.88|0.0|0|0.054774083667143765|0.10954816733428753|0.16432225100143127|0.21909633466857506
144.0|1.0|0.88|0.0|0|0.22306024625548182|0.44612049251096364|0.6691807387664455|0.8922409850219273
144.2|1.0|0.88|0.0|0|0.047026433276187204|0.09405286655237441|0.14107929982856163|0.18810573310474882
144.4|1.0|0.88|0.0|0|0.44485924683103845|0.8897184936620769|1.3345777404931154|1.7794369873241538
144.6|1.0|0.88|0.0|0|-0.14936748273292336|-0.2987349654658467|-0.4481024481987701|-0.5974699309316934
144.8|1.0|0.88|0.0|0|0.01657636784220814|0.03315273568441628|0.04972910352662443|0.06630547136883257
145.0|1.0|0.88|0.0|0|-0.1043230068165577|-0.2086460136331154|-0.3129690204496731|-0.4172920272662308
145.2|1.0|0.88|0.0|0|0.2228800690890059|0.4457601381780118|0.6686402072670177|0.8915202763560236
145.4|1.0|0.88|0.0|0|0.387202316988842|0.774404633977684|1.1616069509665259|1.548809267955368
145.6|1.0|0.88|0.0|0|0.13008844663039792|0.26017689326079585|0.3902653398911938|0.5203537865215917
145.8|1.0|0.88|0.0|0|0.2610777840248195|0.522155568049639|0.7832333520744585|1.044311136099278
146.0|1.0|0.88|0.0|0|0.2230602457927309|0.4461204915854618|0.6691807373781927|0.8922409831709236
146.2|1.0|0.88|0.0|0|0.08702592846908382|0.17405185693816763|0.26107778540725146|0.34810371387633526
146.4|1.0|0.88|0.0|0|0.2756721937260593|0.5513443874521186|0.8270165811781779|1.1026887749042371
146.6|1.0|0.88|0.0|0|-0.5580109701317274|-1.1160219402634548|-1.6740329103951823|-2.2320438805269096
146.8|1.0|0.88|0.0|0|0.12198044137272529|0.24396088274545058|0.36594132411817587|0.48792176549090116
147.0|1.0|0.88|0.0|0|-0.40197690610308234|-0.8039538122061647|-1.2059307183092471|-1.6079076244123294
147.2|1.0|0.88|0.0|0|0.02108081512269566|0.04216163024539132|0.06324244536808697|0.08432326049078263
147.4|1.0|0.88|0.0|0|-0.0744134748377838|-0.1488269496755676|-0.22324042451335138|-0.2976538993511352
147.6|1.0|0.88|0.0|0|-0.22306024603632996|-0.4461204920726599|-0.6691807381089899|-0.8922409841453198
147.8|1.0|0.88|0.0|0|-0.15243050769728156|-0.3048610153945631|-0.4572915230918447|-0.6097220307891262
148.0|1.0|0.88|0.0|0|-0.4834173186818957|-0.9668346373637914|-1.450251956045687|-1.9336692747275828
148.2|1.0|0.88|0.0|0|0.02882846503925978|0.05765693007851956|0.08648539511777933|0.11531386015703912
148.4|1.0|0.88|0.0|0|0.05189123605727223|0.10378247211454446|0.1556737081718167|0.20756494422908892
148.6|1.0|0.88|0.0|0|-0.12216062064311711|-0.24432124128623423|-0.36648186192935134|-0.48864248257246845
148.8|1.0|0.88|0.0|0|0.3567522517655746|0.7135045035311492|1.070256755296724|1.4270090070622985
149.0|1.0|0.88|0.0|0|0.10720585305447466|0.21441170610894933|0.321617559163424|0.42882341221789866
149.2|1.0|0.88|0.0|0|-0.06612529122212442|-0.13225058244424884|-0.19837587366637327|-0.2645011648884977
149.4|1.0|0.88|0.0|0|-0.22269989048014416|-0.4453997809602883|-0.6680996714404325|-0.8907995619205766
149.6|1.0|0.88|0.0|0|0.2989151446431063|0.5978302892862126|0.8967454339293189|1.1956605785724252
149.8|1.0|0.88|0.0|0|0.04702643372555035|0.0940528674511007|0.14107930117665105|0.1881057349022014
150.0|1.0|0.88|0.0|0|0.013693521009117842|0.027387042018235684|0.04108056302735353|0.05477408403647137
150.2|1.0|0.88|0.0|0|-0.32684271892008865|-0.6536854378401773|-0.980528156760266|-1.3073708756803546
150.4|1.0|0.88|0.0|0|-0.45458885430416596|-0.9091777086083319|-1.363766562912498|-1.8183554172166638
150.6|1.0|0.88|0.0|0|-0.3115275972065868|-0.6230551944131736|-0.9345827916197603|-1.2461103888263472
150.8|1.0|0.88|0.0|0|0.4729669994939472|0.9459339989878944|1.4189009984818417|1.8918679979757889
151.0|1.0|0.88|0.0|0|0.05927853100816725|0.1185570620163345|0.17783559302450175|0.237114124032669
151.2|1.0|0.88|0.0|0|0.5405337138668989|1.0810674277337977|1.6216011416006963|2.1621348554675954
151.4|1.0|0.88|0.0|0|0.026486152583966055|0.05297230516793211|0.07945845775189816|0.10594461033586422
151.6|1.0|0.88|0.0|0|-0.32161756021378124|-0.6432351204275625|-0.9648526806413438|-1.286470240855125
151.8|1.0|0.88|0.0|0|0.05207141430320921|0.10414282860641842|0.15621424290962763|0.20828565721283684
152.0|1.0|0.88|0.0|0|0.2787352184264457|0.5574704368528914|0.8362056552793372|1.1149408737057829
152.2|1.0|0.88|0.0|0|0.32666254210751533|0.6533250842150307|0.979987626322546|1.3066501684300613
152.4|1.0|0.88|0.0|0|0.30630243722524053|0.6126048744504811|0.9189073116757217|1.2252097489009621
152.6|1.0|0.88|0.0|0|0.2284655835607557|0.4569311671215114|0.685396750682267|0.9138623342430228
152.8|1.0|0.88|0.0|0|0.26882543372135864|0.5376508674427173|0.806476301164076|1.0753017348854346
153.0|1.0|0.88|0.0|0|-0.13225058197480405|-0.2645011639496081|-0.39675174592441215|-0.5290023278992162
153.2|1.0|0.88|0.0|0|0.006306226345186593|0.012612452690373185|0.018918679035559778|0.02522490538074637
153.4|1.0|0.88|0.0|0|0.11243101332132947|0.22486202664265895|0.3372930399639884|0.4497240532853179
153.6|1.0|0.88|0.0|0|-0.08198094649240383|-0.16396189298480765|-0.24594283947721146|-0.3279237859696153
153.8|1.0|0.88|0.0|0|-0.05387319429602944|-0.10774638859205889|-0.16161958288808834|-0.21549277718411777
154.0|1.0|0.88|0.0|0|-0.5504434992163447|-1.1008869984326894|-1.6513304976490342|-2.201773996865379
154.2|1.0|0.88|0.0|0|0.4248594994522868|0.8497189989045736|1.2745784983568604|1.6994379978091472
154.4|1.0|0.88|0.0|0|0.1374757407861763|0.2749514815723526|0.4124272223585289|0.5499029631447052
154.6|1.0|0.88|0.0|0|0.37981502316310106|0.7596300463262021|1.139445069489303|1.5192600926524042
154.8|1.0|0.88|0.0|0|0.06216137703275314|0.12432275406550627|0.1864841310982594|0.24864550813101255
155.0|1.0|0.88|0.0|0|-0.3817969813125095|-0.763593962625019|-1.1453909439375285|-1.527187925250038
155.2|1.0|0.88|0.0|0|-0.03423380112042654|-0.06846760224085308|-0.10270140336127961|-0.13693520448170615
155.4|1.0|0.88|0.0|0|-0.308824928980612|-0.617649857961224|-0.926474786941836|-1.235299715922448
155.6|1.0|0.88|0.0|0|0.05441372731962479|0.10882745463924957|0.16324118195887435|0.21765490927849915
155.8|1.0|0.88|0.0|0|-0.02378348316968188|-0.04756696633936376|-0.07135044950904564|-0.09513393267872752
156.0|1.0|0.88|0.0|0|0.32450040712370565|0.6490008142474113|0.9735012213711169|1.2980016284948226
156.2|1.0|0.88|0.0|0|0.14774588222935575|0.2954917644587115|0.44323764668806725|0.590983528917423
156.4|1.0|0.88|0.0|0|0.4574717005711868|0.9149434011423736|1.3724151017135604|1.8298868022847472
156.6|1.0|0.88|0.0|0|-0.2935098078762533|-0.5870196157525066|-0.8805294236287599|-1.1740392315050132
156.8|1.0|0.88|0.0|0|-0.0014414233175921267|-0.0028828466351842534|-0.00432426995277638|-0.005765693270368507
157.0|1.0|0.88|0.0|0|0.47296699997066793|0.9459339999413359|1.418900999912004|1.8918679998826717
157.2|1.0|0.88|0.0|0|0.1477458824258066|0.2954917648516132|0.4432376472774198|0.5909835297032264
157.4|1.0|0.88|0.0|0|0.16774562998500203|0.33549125997000406|0.503236889955006|0.6709825199400081
157.6|1.0|0.88|0.0|0|0.1351334292587127|0.2702668585174254|0.40540028777613807|0.5405337170348508
157.8|1.0|0.88|0.0|0|0.24522212939918994|0.4904442587983799|0.7356663881975698|0.9808885175967598
158.0|1.0|0.88|0.0|0|0.5657586215436463|1.1315172430872926|1.6972758646309392|2.2630344861745852
158.2|1.0|0.88|0.0|0|-0.11405261391744727|-0.22810522783489454|-0.34215784175234176|-0.4562104556697891
158.4|1.0|0.88|0.0|0|-0.028468109339009996|-0.05693621867801999|-0.08540432801702999|-0.11387243735603998
158.6|1.0|0.88|0.0|0|-0.08396290333243095|-0.1679258066648619|-0.25188870999729285|-0.3358516133297238
158.8|1.0|0.88|0.0|0|0.5657586212636675|1.131517242527335|1.6972758637910026|2.26303448505467
159.0|1.0|0.88|0.0|0|0.18053826021670846|0.3610765204334169|0.5416147806501254|0.7221530408668339
159.2|1.0|0.88|0.0|0|0.1855832431267483|0.3711664862534966|0.5567497293802449|0.7423329725069931
159.4|1.0|0.88|0.0|0|-0.21549277360463767|-0.43098554720927534|-0.646478320813913|-0.8619710944185507
159.6|1.0|0.88|0.0|0|0.34413979815493834|0.6882795963098767|1.032419394464815|1.3765591926197533
159.8|1.0|0.88|0.0|0|0.13225058263255063|0.26450116526510126|0.3967517478976519|0.5290023305302025
160.0|1.0|0.88|0.0|0|-0.16234029196988572|-0.32468058393977145|-0.4870208759096572|-0.6493611678795429
160.2|1.0|0.88|0.0|0|0.5762089399684924|1.1524178799369849|1.7286268199054773|2.3048357598739697
160.4|1.0|0.88|0.0|0|0.5410742485057567|1.0821484970115134|1.6232227455172703|2.1642969940230268
160.6|1.0|0.88|0.0|0|-0.1291875574400184|-0.2583751148800368|-0.3875626723200552|-0.5167502297600736
160.8|1.0|0.88|0.0|0|-0.41729202773014584|-0.8345840554602917|-1.2518760831904376|-1.6691681109205834
161.0|1.0|0.88|0.0|0|0.21801526571653104|0.4360305314330621|0.6540457971495931|0.8720610628661242
161.2|1.0|0.88|0.0|0|-0.08396290336007958|-0.16792580672015917|-0.2518887100802388|-0.33585161344031833
161.4|1.0|0.88|0.0|0|-0.6792707019689266|-1.3585414039378532|-2.03781210590678|-2.7170828078757063
161.6|1.0|0.88|0.0|0|0.4477420929912482|0.8954841859824964|1.3432262789737446|1.7909683719649927
161.8|1.0|0.88|0.0|0|-0.4421565783888222|-0.8843131567776444|-1.3264697351664665|-1.7686263135552889
162.0|1.0|0.88|0.0|0|0.6241362623087485|1.248272524617497|1.8724087869262456|2.496545049234994
162.2|1.0|0.88|0.0|0|-0.16432224868738574|-0.32864449737477147|-0.4929667460621572|-0.6572889947495429
162.4|1.0|0.88|0.0|0|0.18792555498221208|0.37585110996442417|0.5637766649466363|0.7517022199288483
162.6|1.0|0.88|0.0|0|0.17008794282563044|0.3401758856512609|0.5102638284768913|0.6803517713025218
162.8|1.0|0.88|0.0|0|-0.41927398395462695|-0.8385479679092539|-1.257821951863881|-1.6770959358185078
163.0|1.0|0.88|0.0|0|-0.18522288559062888|-0.37044577118125777|-0.5556686567718867|-0.7408915423625155
163.2|1.0|0.88|0.0|0|0.17279061084205766|0.3455812216841153|0.518371832526173|0.6911624433682306
163.4|1.0|0.88|0.0|0|0.43494946206978097|0.8698989241395619|1.304848386209343|1.7397978482791239
163.6|1.0|0.88|0.0|0|0.4019769047549929|0.8039538095099859|1.2059307142649789|1.6079076190199717
163.8|1.0|0.88|0.0|0|-0.15999797965050688|-0.31999595930101377|-0.47999393895152065|-0.6399919186020275
164.0|1.0|0.88|0.0|0|-0.5100836489794897|-1.0201672979589793|-1.530250946938469|-2.0403345959179586
164.2|1.0|0.88|0.0|0|-0.16197993693203913|-0.32395987386407826|-0.48593981079611737|-0.6479197477281565
164.4|1.0|0.88|0.0|0|0.23369074342888801|0.46738148685777603|0.701072230286664|0.9347629737155521
164.6|1.0|0.88|0.0|0|-0.15963762265193523|-0.31927524530387047|-0.4789128679558057|-0.6385504906077409
164.8|1.0|0.88|0.0|0|-0.16756545179407129|-0.33513090358814257|-0.5026963553822138|-0.6702618071762851
165.0|1.0|0.88|0.0|0|-0.0490083902800689|-0.0980167805601378|-0.1470251708402067|-0.1960335611202756
165.2|1.0|0.88|0.0|0|0.5553083034546585|1.110616606909317|1.6659249103639755|2.221233213818634
165.4|1.0|0.88|0.0|0|0.6414333410290425|1.282866682058085|1.9243000230871274|2.56573336411617
165.6|1.0|0.88|0.0|0|-0.5681009338883455|-1.136201867776691|-1.7043028016650366|-2.272403735553382
165.8|1.0|0.88|0.0|0|-0.06126048846257623|-0.12252097692515246|-0.1837814653877287|-0.24504195385030492
166.0|1.0|0.88|0.0|0|0.5237771686064666|1.0475543372129332|1.5713315058193997|2.0951086744258665
166.2|1.0|0.88|0.0|0|0.3017979908088458|0.6035959816176916|0.9053939724265373|1.2071919632353831
166.4|1.0|0.88|0.0|0|0.6918831549221074|1.3837663098442148|2.075649464766322|2.7675326196884296
166.6|1.0|0.88|0.0|0|0.1904480457786123|0.3808960915572246|0.5713441373358369|0.7617921831144492
166.8|1.0|0.88|0.0|0|0.42792252422950733|0.8558450484590147|1.283767572688522|1.7116900969180293
167.0|1.0|0.88|0.0|0|0.2715281031565976|0.5430562063131952|0.8145843094697928|1.0861124126263904
167.2|1.0|0.88|0.0|0|0.12990827044384798|0.25981654088769596|0.38972481133154396|0.5196330817753919
167.4|1.0|0.88|0.0|0|0.3747700425508086|0.7495400851016172|1.1243101276524259|1.4990801702032344
167.6|1.0|0.88|0.0|0|-0.06936849267134682|-0.13873698534269363|-0.20810547801404045|-0.27747397068538726
167.8|1.0|0.88|0.0|0|-0.26071742793807084|-0.5214348558761417|-0.7821522838142125|-1.0428697117522834
168.0|1.0|0.88|0.0|0|-0.0441435864605592|-0.0882871729211184|-0.13243075938167762|-0.1765743458422368
168.2|1.0|0.88|0.0|0|-0.018918680961942318|-0.037837361923884635|-0.05675604288582695|-0.07567472384776927
168.4|1.0|0.88|0.0|0|0.21801526435563592|0.43603052871127185|0.6540457930669078|0.8720610574225437
168.6|1.0|0.88|0.0|0|0.16252046927780625|0.3250409385556125|0.4875614078334188|0.650081877111225
168.8|1.0|0.88|0.0|0|-0.20792530242964877|-0.41585060485929753|-0.6237759072889463|-0.8317012097185951
169.0|1.0|0.88|0.0|0|0.13549378456431452|0.27098756912862904|0.4064813536929436|0.5419751382572581
169.2|1.0|0.88|0.0|0|-0.47314717753673946|-0.9462943550734789|-1.4194415326102183|-1.8925887101469578
169.4|1.0|0.88|0.0|0|0.04360305248323133|0.08720610496646267|0.130809157449694|0.17441220993292533
169.6|1.0|0.88|0.0|0|0.09459339949709837|0.18918679899419674|0.2837801984912951|0.3783735979883935
169.8|1.0|0.88|0.0|0|0.14324143385485527|0.28648286770971054|0.42972430156456576|0.5729657354194211
170.0|1.0|0.88|0.0|0|0.3263021855385162|0.6526043710770324|0.9789065566155486|1.3052087421540648
170.2|1.0|0.88|0.0|0|0.19080840078037017|0.38161680156074035|0.5724252023411105|0.7632336031214807
170.4|1.0|0.88|0.0|0|0.059458709313185004|0.11891741862637001|0.178376127939555|0.23783483725274002
170.6|1.0|0.88|0.0|0|0.1502683724384407|0.3005367448768814|0.4508051173153221|0.6010734897537628
170.8|1.0|0.88|0.0|0|0.614226477250341|1.228452954500682|1.842679431751023|2.456905909001364
171.0|1.0|0.88|0.0|0|-0.06666582573991042|-0.13333165147982085|-0.19999747721973127|-0.2666633029596417
171.2|1.0|0.88|0.0|0|0.3291850316443018|0.6583700632886036|0.9875550949329054|1.3167401265772072
171.4|1.0|0.88|0.0|0|0.5108043609277233|1.0216087218554466|1.53241308278317|2.043217443710893
171.6|1.0|0.88|0.0|0|0.26648312161269155|0.5329662432253831|0.7994493648380747|1.0659324864507662
171.8|1.0|0.88|0.0|0|0.5156691636197507|1.0313383272395014|1.547007490859252|2.0626766544790027
172.0|1.0|0.88|0.0|0|-0.008108005586545921|-0.016216011173091842|-0.024324016759637766|-0.032432022346183684
172.2|1.0|0.88|0.0|0|-0.0189186807657825|-0.037837361531565|-0.0567560422973475|-0.07567472306313
172.4|1.0|0.88|0.0|0|-0.598911355757155|-1.19782271151431|-1.7967340672714651|-2.39564542302862
172.6|1.0|0.88|0.0|0|0.28828464865364395|0.5765692973072879|0.8648539459609318|1.1531385946145758
172.8|1.0|0.88|0.0|0|0.2612579626284426|0.5225159252568852|0.7837738878853276|1.0450318505137703
173.0|1.0|0.88|0.0|0|0.6666582483719691|1.3333164967439382|1.9999747451159073|2.6666329934878763
173.2|1.0|0.88|0.0|0|0.677468921715045|1.35493784343009|2.032406765145135|2.70987568686018
173.4|1.0|0.88|0.0|0|0.19837587386835384|0.3967517477367077|0.5951276216050615|0.7935034954734154
173.6|1.0|0.88|0.0|0|0.6169291465901193|1.2338582931802387|1.8507874397703579|2.4677165863604773
173.8|1.0|0.88|0.0|0|-0.10198069303500243|-0.20396138607000486|-0.30594207910500726|-0.4079227721400097
174.0|1.0|0.88|0.0|0|0.43026483640569535|0.8605296728113907|1.290794509217086|1.7210593456227814
174.2|1.0|0.88|0.0|0|0.5890015700092778|1.1780031400185556|1.7670047100278332|2.356006280037111
174.4|1.0|0.88|0.0|0|0.09207090936775793|0.18414181873551586|0.2762127281032738|0.3682836374710317
174.6|1.0|0.88|0.0|0|-0.27603255046240543|-0.5520651009248109|-0.8280976513872164|-1.1041302018496217
174.8|1.0|0.88|0.0|0|-0.0636027997109341|-0.1272055994218682|-0.19080839913280231|-0.2544111988437364
175.0|1.0|0.88|0.0|0|-0.0664856478371076|-0.1329712956742152|-0.1994569435113228|-0.2659425913484304
175.2|1.0|0.88|0.0|0|0.37945466714387327|0.7589093342877465|1.1383640014316199|1.517818668575493
175.4|1.0|0.88|0.0|0|0.18558324176847252|0.37116648353694504|0.5567497253054176|0.7423329670738901
175.6|1.0|0.88|0.0|0|-0.029188820256677017|-0.058377640513354034|-0.08756646077003105|-0.11675528102670807
175.8|1.0|0.88|0.0|0|-0.07891792194743182|-0.15783584389486363|-0.23675376584229546|-0.31567168778972726
176.0|1.0|0.88|0.0|0|-0.34864424538333|-0.69728849076666|-1.04593273614999|-1.39457698153332
176.2|1.0|0.88|0.0|0|0.6695410943173926|1.3390821886347852|2.0086232829521777|2.6781643772695705
176.4|1.0|0.88|0.0|0|0.6617934445050202|1.3235868890100404|1.9853803335150606|2.647173778020081
176.6|1.0|0.88|0.0|0|0.4199946956877833|0.8399893913755666|1.25998408706335|1.6799787827511332
176.8|1.0|0.88|0.0|0|0.07747649937693502|0.15495299875387003|0.23242949813080507|0.30990599750774006
177.0|1.0|0.88|0.0|0|-0.05099034721788489|-0.10198069443576978|-0.15297104165365466|-0.20396138887153956
177.2|1.0|0.88|0.0|0|0.6499017016618751|1.2998034033237502|1.9497051049856253|2.5996068066475004
177.4|1.0|0.88|0.0|0|0.538551757933747|1.077103515867494|1.615655273801241|2.154207031734988
177.6|1.0|0.88|0.0|0|0.3045006590872074|0.6090013181744148|0.9135019772616223|1.2180026363488297
177.8|1.0|0.88|0.0|0|0.10234105013980306|0.20468210027960612|0.3070231504194092|0.40936420055921224
178.0|1.0|0.88|0.0|0|0.3540495822473898|0.7080991644947796|1.0621487467421693|1.4161983289895592
178.2|1.0|0.88|0.0|0|0.6162084336369303|1.2324168672738607|1.8486253009107911|2.4648337345477214
178.4|1.0|0.88|0.0|0|0.1783761259706809|0.3567522519413618|0.5351283779120427|0.7135045038827236
178.6|1.0|0.88|0.0|0|0.2938701633058375|0.587740326611675|0.8816104899175123|1.17548065322335
178.8|1.0|0.88|0.0|0|0.1374757404276171|0.2749514808552342|0.4124272212828513|0.5499029617104684
179.0|1.0|0.88|0.0|0|-0.20756494634872089|-0.41512989269744177|-0.6226948390461626|-0.8302597853948835
179.2|1.0|0.88|0.0|0|-0.5028765324474084|-1.0057530648948168|-1.5086295973422252|-2.0115061297896335
179.4|1.0|0.88|0.0|0|-0.049188567241653845|-0.09837713448330769|-0.14756570172496153|-0.19675426896661538
179.6|1.0|0.88|0.0|0|-0.4951288824999942|-0.9902577649999884|-1.4853866474999826|-1.9805155299999768
179.8|1.0|0.88|0.0|0|-0.016216010764474063|-0.03243202152894813|-0.04864803229342219|-0.06486404305789625
180.0|1.0|0.88|0.0|0|-0.2329700320563281|-0.4659400641126562|-0.6989100961689844|-0.9318801282253124
180.2|1.0|0.88|0.0|0|-0.03153113357489931|-0.06306226714979862|-0.09459340072469795|-0.12612453429959725
180.4|1.0|0.88|0.0|0|0.001441422752104701|0.002882845504209402|0.004324268256314103|0.005765691008418804
180.6|1.0|0.88|0.0|0|0.5740468056919058|1.1480936113838116|1.7221404170757175|2.296187222767623
180.8|1.0|0.88|0.0|0|0.1322505821150845|0.264501164230169|0.39675174634525356|0.529002328460338
181.0|1.0|0.88|0.0|0|0.06702618025039561|0.13405236050079122|0.20107854075118684|0.26810472100158245
181.2|1.0|0.88|0.0|0|-0.6035959816482506|-1.2071919632965011|-1.8107879449447517|-2.4143839265930023
181.4|1.0|0.88|0.0|0|0.3088249280818857|0.6176498561637714|0.9264747842456572|1.2352997123275429
181.6|1.0|0.88|0.0|0|0.08468361437495339|0.16936722874990678|0.2540508431248602|0.33873445749981357
181.8|1.0|0.88|0.0|0|-0.18558324142883081|-0.37116648285766163|-0.5567497242864925|-0.7423329657153233
182.0|1.0|0.88|0.0|0|0.0037837357752141575|0.007567471550428315|0.011351207325642473|0.01513494310085663
182.2|1.0|0.88|0.0|0|-0.12972809144324868|-0.25945618288649736|-0.389184274329746|-0.5189123657729947
182.4|1.0|0.88|0.0|0|-0.08882770730298951|-0.17765541460597903|-0.26648312190896856|-0.35531082921195806
182.6|1.0|0.88|0.0|0|0.38720231841580277|0.7744046368316055|1.1616069552474084|1.548809273663211
182.8|1.0|0.88|0.0|0|-0.18522288631007558|-0.37044577262015116|-0.5556686589302268|-0.7408915452403023
183.0|1.0|0.88|0.0|0|-0.016396189955121387|-0.032792379910242773|-0.04918856986536416|-0.06558475982048555
183.2|1.0|0.88|0.0|0|0.381977157731308|0.763954315462616|1.145931473193924|1.527908630925232
183.4|1.0|0.88|0.0|0|0.2736902377667141|0.5473804755334282|0.8210707133001423|1.0947609510668563
183.6|1.0|0.88|0.0|0|0.07171080610103679|0.14342161220207358|0.21513241830311036|0.28684322440414717
183.8|1.0|0.88|0.0|0|0.21567295205313733|0.43134590410627466|0.6470188561594119|0.8626918082125493
184.0|1.0|0.88|0.0|0|0.7751253474733683|1.5502506949467365|2.3253760424201046|3.100501389893473
184.2|1.0|0.88|0.0|0|0.009189072608714932|0.018378145217429864|0.027567217826144793|0.03675629043485973
184.4|1.0|0.88|0.0|0|0.5789116092011687|1.1578232184023374|1.7367348276035062|2.3156464368046747
184.6|1.0|0.88|0.0|0|0.4306251921612424|0.8612503843224848|1.291875576483727|1.7225007686449696
184.8|1.0|0.88|0.0|0|0.32900485429854626|0.6580097085970925|0.9870145628956388|1.316019417194185
185.0|1.0|0.88|0.0|0|0.12522364478820247|0.25044728957640494|0.3756709343646074|0.5008945791528099
185.2|1.0|0.88|0.0|0|-0.22288006797782164|-0.4457601359556433|-0.6686402039334649|-0.8915202719112866
185.4|1.0|0.88|0.0|0|-0.5635964867263106|-1.1271929734526211|-1.6907894601789317|-2.2543859469052423
185.6|1.0|0.88|0.0|0|-0.5762089402868883|-1.1524178805737766|-1.728626820860665|-2.304835761147553
185.8|1.0|0.88|0.0|0|-0.2207179336057745|-0.441435867211549|-0.6621538008173236|-0.882871734423098
186.0|1.0|0.88|0.0|0|0.2891855377212053|0.5783710754424106|0.8675566131636159|1.1567421508848212
186.2|1.0|0.88|0.0|0|0.2284655829757687|0.4569311659515374|0.6853967489273061|0.9138623319030748
186.4|1.0|0.88|0.0|0|0.07423329699639004|0.1484665939927801|0.22269989098917015|0.2969331879855602
186.6|1.0|0.88|0.0|0|0.46774184089212256|0.9354836817842451|1.4032255226763677|1.8709673635684902
186.8|1.0|0.88|0.0|0|0.1776554149581354|0.3553108299162708|0.5329662448744061|0.7106216598325416
187.0|1.0|0.88|0.0|0|-0.0789179217649508|-0.1578358435299016|-0.2367537652948524|-0.3156716870598032
187.2|1.0|0.88|0.0|0|0.29350980649236613|0.5870196129847323|0.8805294194770985|1.1740392259694645
187.4|1.0|0.88|0.0|0|0.6544061504531424|1.3088123009062849|1.9632184513594275|2.6176246018125697
187.6|1.0|0.88|0.0|0|0.3972922797861978|0.7945845595723956|1.1918768393585935|1.5891691191447912
187.8|1.0|0.88|0.0|0|0.4549492089467826|0.9098984178935652|1.3648476268403478|1.8197968357871304
188.0|1.0|0.88|0.0|0|-0.076935965330049|-0.153871930660098|-0.230807895990147|-0.307743861320196
188.2|1.0|0.88|0.0|0|-0.31873471368686324|-0.6374694273737265|-0.9562041410605897|-1.274938854747453
188.4|1.0|0.88|0.0|0|0.545939051637834|1.091878103275668|1.6378171549135019|2.183756206551336
188.6|1.0|0.88|0.0|0|0.45008440576813924|0.9001688115362785|1.3502532173044177|1.800337623072557
188.8|1.0|0.88|0.0|0|0.24089785882621093|0.48179571765242185|0.7226935764786329|0.9635914353048437
189.0|1.0|0.88|0.0|0|-0.25080764312733683|-0.5016152862546737|-0.7524229293820106|-1.0032305725093473
189.2|1.0|0.88|0.0|0|0.0745936523005367|0.1491873046010734|0.2237809569016101|0.2983746092021468
189.4|1.0|0.88|0.0|0|-0.2504472879020616|-0.5008945758041232|-0.7513418637061847|-1.0017891516082464
189.6|1.0|0.88|0.0|0|0.12702542343875406|0.2540508468775081|0.3810762703162621|0.5081016937550162
189.8|1.0|0.88|0.0|0|0.225402558554779|0.450805117109558|0.676207675664337|0.901610234219116
190.0|1.0|0.88|0.0|0|0.6470188563430571|1.2940377126861142|1.9410565690291715|2.5880754253722285
190.2|1.0|0.88|0.0|0|-0.2989151452327499|-0.5978302904654998|-0.8967454356982497|-1.1956605809309997
190.4|1.0|0.88|0.0|0|0.23819518963166067|0.47639037926332134|0.714585568894982|0.9527807585266427
190.6|1.0|0.88|0.0|0|-0.00342337957437849|-0.00684675914875698|-0.01027013872313547|-0.01369351829751396
190.8|1.0|0.88|0.0|0|0.04450394248618981|0.08900788497237962|0.13351182745856943|0.17801576994475923
191.0|1.0|0.88|0.0|0|0.27080739111523167|0.5416147822304633|0.812422173345695|1.0832295644609267
191.2|1.0|0.88|0.0|0|0.4601743693332541|0.9203487386665082|1.3805231079997624|1.8406974773330165
191.4|1.0|0.88|0.0|0|0.22882593930553433|0.45765187861106865|0.686477817916603|0.9153037572221373
191.6|1.0|0.88|0.0|0|0.09729606865352261|0.19459213730704522|0.29188820596056786|0.38918427461409044
191.8|1.0|0.88|0.0|0|0.05441372655070159|0.10882745310140318|0.16324117965210477|0.21765490620280636
192.0|1.0|0.88|0.0|0|0.01189174132741756|0.02378348265483512|0.03567522398225268|0.04756696530967024
192.2|1.0|0.88|0.0|0|-0.1751329238939799|-0.3502658477879598|-0.5253987716819397|-0.7005316955759197
192.4|1.0|0.88|0.0|0|0.056575861501914966|0.11315172300382993|0.1697275845057449|0.22630344600765986
192.6|1.0|0.88|0.0|0|0.1735113233083395|0.347022646616679|0.5205339699250184|0.694045293233358
192.8|1.0|0.88|0.0|0|0.13513343011640258|0.27026686023280516|0.4054002903492077|0.5405337204656103
193.0|1.0|0.88|0.0|0|0.006126049340819014|0.012252098681638028|0.018378148022457044|0.024504197363276057
193.2|1.0|0.88|0.0|0|0.10990852124901732|0.21981704249803463|0.3297255637470519|0.43963408499606926
193.4|1.0|0.88|0.0|0|0.4727868223114642|0.9455736446229284|1.4183604669343925|1.8911472892458567
193.6|1.0|0.88|0.0|0|0.5210744998915475|1.042148999783095|1.5632234996746424|2.08429799956619
193.8|1.0|0.88|0.0|0|1.0754819145589145|2.150963829117829|3.2264457436767437|4.301927658235658
194.0|1.0|0.88|0.0|0|0.41206686835066686|0.8241337367013337|1.2362006050520005|1.6482674734026674
194.2|1.0|0.88|0.0|0|0.0666658236153308|0.1333316472306616|0.1999974708459924|0.2666632944613232
194.4|1.0|0.88|0.0|0|0.24900586436997424|0.4980117287399485|0.7470175931099227|0.996023457479897
194.6|1.0|0.88|0.0|0|0.3043204820260874|0.6086409640521748|0.9129614460782621|1.2172819281043497
194.8|1.0|0.88|0.0|0|0.356752250909631|0.713504501819262|1.0702567527288929|1.427009003638524
195.0|1.0|0.88|0.0|0|0.057116396095953|0.114232792191906|0.171349188287859|0.228465584383812
195.2|1.0|0.88|0.0|0|-0.1297280912596035|-0.259456182519207|-0.3891842737788105|-0.518912365038414
195.4|1.0|0.88|0.0|0|0.07675578830268939|0.15351157660537879|0.23026736490806818|0.30702315321075757
195.6|1.0|0.88|0.0|0|0.15026837211800753|0.30053674423601506|0.4508051163540226|0.6010734884720301
195.8|1.0|0.88|0.0|0|0.23603305455151732|0.47206610910303465|0.708099163654552|0.9441322182060693
196.0|1.0|0.88|0.0|0|-0.14990801754174768|-0.29981603508349536|-0.449724052625243|-0.5996320701669907
196.2|1.0|0.88|0.0|0|-0.09189072981273065|-0.1837814596254613|-0.27567218943819194|-0.3675629192509226
196.4|1.0|0.88|0.0|0|0.2329700302067797|0.4659400604135594|0.698910090620339|0.9318801208271188
196.6|1.0|0.88|0.0|0|-0.9261144315751161|-1.8522288631502322|-2.7783432947253486|-3.7044577263004643
196.8|1.0|0.88|0.0|0|0.10216087305161646|0.20432174610323292|0.30648261915484937|0.40864349220646584
197.0|1.0|0.88|0.0|0|-0.2003578299708899|-0.4007156599417798|-0.6010734899126697|-0.8014313198835596
197.2|1.0|0.88|0.0|0|0.061440665962291|0.122881331924582|0.184321997886873|0.245762663849164
197.4|1.0|0.88|0.0|0|-0.3868419621206707|-0.7736839242413414|-1.160525886362012|-1.5473678484826827
197.6|1.0|0.88|0.0|0|-0.1272056005470223|-0.2544112010940446|-0.38161680164106687|-0.5088224021880892
197.8|1.0|0.88|0.0|0|0.2580147597525504|0.5160295195051008|0.7740442792576512|1.0320590390102016
198.0|1.0|0.88|0.0|0|0.00648640499101021|0.01297280998202042|0.01945921497303063|0.02594561996404084
198.2|1.0|0.88|0.0|0|-0.31350955337926306|-0.6270191067585261|-0.9405286601377892|-1.2540382135170522
198.4|1.0|0.88|0.0|0|0.12774613520945433|0.25549227041890865|0.38323840562836303|0.5109845408378173
198.6|1.0|0.88|0.0|0|0.3093654621145109|0.6187309242290218|0.9280963863435326|1.2374618484580435
198.8|1.0|0.88|0.0|0|-0.0897285959945294|-0.1794571919890588|-0.26918578798358817|-0.3589143839781176
199.0|1.0|0.88|0.0|0|-0.19261018013698067|-0.38522036027396134|-0.577830540410942|-0.7704407205479227
199.2|1.0|0.88|0.0|0|0.2688254336899265|0.537650867379853|0.8064763010697795|1.075301734759706
199.4|1.0|0.88|0.0|0|-0.6994506265880779|-1.3989012531761558|-2.0983518797642335|-2.7978025063523115
199.6|1.0|0.88|0.0|0|0.13279111544630734|0.2655822308926147|0.398373346338922|0.5311644617852294
199.8|1.0|0.88|0.0|0|0.4299044814929952|0.8598089629859904|1.2897134444789855|1.7196179259719808
200.0|1.0|0.88|0.0|0|0.013873698158713536|0.02774739631742707|0.041621094476140603|0.05549479263485414
200.2|1.0|0.88|0.0|0|0.11783635051717294|0.23567270103434587|0.3535090515515188|0.47134540206869174
200.4|1.0|0.88|0.0|0|0.5106241820633299|1.0212483641266599|1.5318725461899898|2.0424967282533197
200.6|1.0|0.88|0.0|0|0.2839603790189724|0.5679207580379448|0.8518811370569173|1.1358415160758897
200.8|1.0|0.88|0.0|0|0.06180102145328425|0.1236020429065685|0.18540306435985274|0.247204085813137
201.0|1.0|0.88|0.0|0|0.3072033273731361|0.6144066547462722|0.9216099821194084|1.2288133094925444
201.2|1.0|0.88|0.0|0|0.2684650790074377|0.5369301580148754|0.8053952370223131|1.0738603160297508
201.4|1.0|0.88|0.0|0|0.2890053584496493|0.5780107168992986|0.867016075348948|1.1560214337985972
201.6|1.0|0.88|0.0|0|0.028828465609985896|0.05765693121997179|0.08648539682995768|0.11531386243994358
201.8|1.0|0.88|0.0|0|-0.3261220070684797|-0.6522440141369594|-0.9783660212054391|-1.3044880282739189
202.0|1.0|0.88|0.0|0|-0.09657535709498924|-0.19315071418997848|-0.28972607128496775|-0.38630142837995696
202.2|1.0|0.88|0.0|0|0.049548923828406304|0.09909784765681261|0.1486467714852189|0.19819569531362521
202.4|1.0|0.88|0.0|0|-0.03891842699755219|-0.07783685399510439|-0.11675528099265658|-0.15567370799020877
202.6|1.0|0.88|0.0|0|0.4372917750390483|0.8745835500780966|1.3118753251171449|1.7491671001561933
202.8|1.0|0.88|0.0|0|0.13981805428164093|0.27963610856328186|0.41945416284492276|0.5592722171265637
203.0|1.0|0.88|0.0|0|0.12720560102607134|0.2544112020521427|0.38161680307821405|0.5088224041042854
203.2|1.0|0.88|0.0|0|0.49044425753585574|0.9808885150717115|1.4713327726075671|1.961777030143423
203.4|1.0|0.88|0.0|0|0.018918679862108562|0.037837359724217125|0.05675603958632569|0.07567471944843425
203.6|1.0|0.88|0.0|0|-0.5453985189521341|-1.0907970379042682|-1.6361955568564022|-2.1815940758085364
203.8|1.0|0.88|0.0|0|-0.19243000284652242|-0.38486000569304485|-0.5772900085395672|-0.7697200113860897
204.0|1.0|0.88|0.0|0|0.0036035573165281707|0.007207114633056341|0.010810671949584513|0.014414229266112683
204.2|1.0|0.88|0.0|0|-0.18486252936098044|-0.3697250587219609|-0.5545875880829413|-0.7394501174439218
204.4|1.0|0.88|0.0|0|0.4879217655234975|0.975843531046995|1.4637652965704924|1.95168706209399
204.6|1.0|0.88|0.0|0|-0.02846810784190896|-0.05693621568381792|-0.08540432352572687|-0.11387243136763583
204.8|1.0|0.88|0.0|0|0.30377994783950296|0.6075598956790059|0.9113398435185089|1.2151197913580118
205.0|1.0|0.88|0.0|0|-0.011171030511904984|-0.022342061023809968|-0.03351309153571495|-0.044684122047619936
205.2|1.0|0.88|0.0|0|0.1780157696647804|0.3560315393295608|0.5340473089943412|0.7120630786591216
205.4|1.0|0.88|0.0|0|0.01891868044825971|0.03783736089651942|0.05675604134477913|0.07567472179303884
205.6|1.0|0.88|0.0|0|-0.11423279106413257|-0.22846558212826515|-0.3426983731923977|-0.4569311642565303
205.8|1.0|0.88|0.0|0|-0.02882846426713516|-0.05765692853427032|-0.08648539280140548|-0.11531385706854064
206.0|1.0|0.88|0.0|0|-0.6563881078103446|-1.3127762156206892|-1.969164323431034|-2.6255524312413785
206.2|1.0|0.88|0.0|0|0.08198094754101483|0.16396189508202966|0.2459428426230445|0.3279237901640593
206.4|1.0|0.88|0.0|0|0.2817982431725252|0.5635964863450504|0.8453947295175757|1.1271929726901009
206.6|1.0|0.88|0.0|0|0.15765566747111748|0.31531133494223496|0.47296700241335243|0.6306226698844699
206.8|1.0|0.88|0.0|0|0.48089482817682483|0.9617896563536497|1.4426844845304745|1.9235793127072993
207.0|1.0|0.88|0.0|0|0.19279035784129536|0.3855807156825907|0.5783710735238861|0.7711614313651814
207.2|1.0|0.88|0.0|0|-0.2081054793152727|-0.4162109586305454|-0.6243164379458181|-0.8324219172610908
207.4|1.0|0.88|0.0|0|0.5540470573381758|1.1080941146763517|1.6621411720145276|2.2161882293527033
207.6|1.0|0.88|0.0|0|0.30161781288479717|0.6032356257695943|0.9048534386543914|1.2064712515391887
207.8|1.0|0.88|0.0|0|0.1574754890665646|0.3149509781331292|0.47242646719969383|0.6299019562662584
208.0|1.0|0.88|0.0|0|-0.26378045303456044|-0.5275609060691209|-0.7913413591036813|-1.0551218121382417
208.2|1.0|0.88|0.0|0|0.009008895699807916|0.018017791399615832|0.027026687099423748|0.036035582799231664
208.4|1.0|0.88|0.0|0|0.364499902003154|0.728999804006308|1.093499706009462|1.457999608012616
208.6|1.0|0.88|0.0|0|-0.008288183130498518|-0.016576366260997035|-0.02486454939149555|-0.03315273252199407
208.8|1.0|0.88|0.0|0|-0.29657283124601264|-0.5931456624920253|-0.8897184937380379|-1.1862913249840505
209.0|1.0|0.88|0.0|0|0.16216011371638175|0.3243202274327635|0.48648034114914523|0.648640454865527
209.2|1.0|0.88|0.0|0|0.1147733248397709|0.2295466496795418|0.3443199745193127|0.4590932993590836
209.4|1.0|0.88|0.0|0|0.3061222611676206|0.6122445223352412|0.9183667835028617|1.2244890446704824
209.6|1.0|0.88|0.0|0|0.08882770728116164|0.17765541456232328|0.26648312184348494|0.35531082912464657
209.8|1.0|0.88|0.0|0|0.42521985536994217|0.8504397107398843|1.2756595661098264|1.7008794214797687
210.0|1.0|0.88|0.0|0|0.32648236324166674|0.6529647264833335|0.9794470897250003|1.305929452966667
210.2|1.0|0.88|0.0|0|-0.47765162617986834|-0.9553032523597367|-1.432954878539605|-1.9106065047194734
210.4|1.0|0.88|0.0|0|0.38467982677975704|0.7693596535595141|1.154039480339271|1.5387193071190282
210.6|1.0|0.88|0.0|0|0.22071793338516746|0.4414358667703349|0.6621538001555024|0.8828717335406698
210.8|1.0|0.88|0.0|0|0.1780157699709527|0.3560315399419054|0.5340473099128581|0.7120630798838108
211.0|1.0|0.88|0.0|0|0.25855529389256865|0.5171105877851373|0.775665881677706|1.0342211755702746
211.2|1.0|0.88|0.0|0|0.07207116216304718|0.14414232432609436|0.21621348648914154|0.2882846486521887
211.4|1.0|0.88|0.0|0|0.31873471422091854|0.6374694284418371|0.9562041426627556|1.2749388568836741
211.6|1.0|0.88|0.0|0|0.23909607942681782|0.47819215885363564|0.7172882382804534|0.9563843177072713
211.8|1.0|0.88|0.0|0|0.193511070412351|0.387022140824702|0.5805332112370529|0.774044281649404
212.0|1.0|0.88|0.0|0|0.13999823263409794|0.2799964652681959|0.41999469790229377|0.5599929305363918
212.2|1.0|0.88|0.0|0|-0.5834160570360841|-1.1668321140721682|-1.7502481711082525|-2.3336642281443365
212.4|1.0|0.88|0.0|0|0.3063024381265862|0.6126048762531724|0.9189073143797586|1.2252097525063448
212.6|1.0|0.88|0.0|0|-0.3356714367502721|-0.6713428735005442|-1.0070143102508164|-1.3426857470010884
212.8|1.0|0.88|0.0|0|-0.05171105751767759|-0.10342211503535519|-0.15513317255303277|-0.20684423007071037
213.0|1.0|0.88|0.0|0|0.638550494544034|1.277100989088068|1.915651483632102|2.554201978176136
213.2|1.0|0.88|0.0|0|-0.010990851607348313|-0.021981703214696627|-0.03297255482204494|-0.043963406429393254
213.4|1.0|0.88|0.0|0|-0.08900788556318738|-0.17801577112637476|-0.2670236566895621|-0.3560315422527495
213.6|1.0|0.88|0.0|0|-0.4953090596038969|-0.9906181192077937|-1.4859271788116908|-1.9812362384155875
213.8|1.0|0.88|0.0|0|-0.797467407074292|-1.594934814148584|-2.3924022212228757|-3.189869628297168
214.0|1.0|0.88|0.0|0|0.15711513254354956|0.3142302650870991|0.47134539763064864|0.6284605301741982
214.2|1.0|0.88|0.0|0|-0.041801272577431554|-0.08360254515486311|-0.12540381773229467|-0.16720509030972622
214.4|1.0|0.88|0.0|0|-0.11243101280328129|-0.22486202560656257|-0.33729303840984387|-0.44972405121312514
214.6|1.0|0.88|0.0|0|0.05693621883605379|0.11387243767210758|0.17080865650816138|0.22774487534421517
214.8|1.0|0.88|0.0|0|-0.20828565803356489|-0.41657131606712977|-0.6248569741006946|-0.8331426321342595
215.0|1.0|0.88|0.0|0|0.25855529357038926|0.5171105871407785|0.7756658807111678|1.034221174281557
215.2|1.0|0.88|0.0|0|0.12270115279417962|0.24540230558835924|0.36810345838253883|0.4908046111767185
215.4|1.0|0.88|0.0|0|0.006846760902262765|0.01369352180452553|0.020540282706788295|0.02738704360905106
215.6|1.0|0.88|0.0|0|-0.20486227793153394|-0.4097245558630679|-0.6145868337946018|-0.8194491117261358
215.8|1.0|0.88|0.0|0|0.3214373811552653|0.6428747623105306|0.964312143465796|1.2857495246210613
216.0|1.0|0.88|0.0|0|0.28648286858457167|0.5729657371691433|0.859448605753715|1.1459314743382867
216.2|1.0|0.88|0.0|0|-0.21008743767277357|-0.42017487534554715|-0.6302623130183207|-0.8403497506910943
216.4|1.0|0.88|0.0|0|0.2585552945276143|0.5171105890552286|0.7756658835828427|1.034221178110457
216.6|1.0|0.88|0.0|0|0.5026963537171837|1.0053927074343674|1.508089061151551|2.0107854148687347
216.8|1.0|0.88|0.0|0|-0.09729606787062957|-0.19459213574125914|-0.2918882036118887|-0.3891842714825183
217.0|1.0|0.88|0.0|0|-0.19495249315659766|-0.3899049863131953|-0.5848574794697929|-0.7798099726263906
217.2|1.0|0.88|0.0|0|-0.2354925211617958|-0.4709850423235916|-0.7064775634853874|-0.9419700846471832
217.4|1.0|0.88|0.0|0|0.33891463840496755|0.6778292768099351|1.0167439152149027|1.3556585536198702
217.6|1.0|0.88|0.0|0|-0.2327898524925697|-0.4655797049851394|-0.698369557477709|-0.9311594099702788
217.8|1.0|0.88|0.0|0|-0.17981754866021235|-0.3596350973204247|-0.539452645980637|-0.7192701946408494
218.0|1.0|0.88|0.0|0|0.01693672290304677|0.03387344580609354|0.05081016870914032|0.06774689161218708
218.2|1.0|0.88|0.0|0|-0.013513341392681481|-0.027026682785362962|-0.04054002417804444|-0.054053365570725924
218.4|1.0|0.88|0.0|0|0.35495047274715064|0.7099009454943013|1.064851418241452|1.4198018909886025
218.6|1.0|0.88|0.0|0|-0.11999848443490929|-0.23999696886981858|-0.3599954533047279|-0.47999393773963717
218.8|1.0|0.88|0.0|0|0.12756595650367683|0.25513191300735366|0.38269786951103046|0.5102638260147073
219.0|1.0|0.88|0.0|0|-0.06936849413585157|-0.13873698827170314|-0.2081054824075547|-0.2774739765434063
219.2|1.0|0.88|0.0|0|-0.09189073113579078|-0.18378146227158157|-0.27567219340737237|-0.36756292454316314
219.4|1.0|0.88|0.0|0|0.6062986487898167|1.2125972975796333|1.8188959463694498|2.4251945951592666
219.6|1.0|0.88|0.0|0|0.24360052683332492|0.48720105366664984|0.7308015804999747|0.9744021073332997
219.8|1.0|0.88|0.0|0|0.28900535896827956|0.5780107179365591|0.8670160769048387|1.1560214358731182
220.0|1.0|0.88|0.0|0|0.15729531036398853|0.31459062072797706|0.4718859310919656|0.6291812414559541
220.2|1.0|0.88|0.0|0|0.36918452648533306|0.7383690529706661|1.1075535794559992|1.4767381059413323
220.4|1.0|0.88|0.0|0|-0.334230014253699|-0.668460028507398|-1.0026900427610972|-1.336920057014796
220.6|1.0|0.88|0.0|0|0.11261119151255126|0.22522238302510253|0.3378335745376538|0.45044476605020506
220.8|1.0|0.88|0.0|0|-0.1149535030219705|-0.229907006043941|-0.3448605090659115|-0.459814012087882
221.0|1.0|0.88|0.0|0|0.1547728199293489|0.3095456398586978|0.4643184597880467|0.6190912797173956
221.2|1.0|0.88|0.0|0|0.1931507132563276|0.3863014265126552|0.5794521397689828|0.7726028530253104
221.4|1.0|0.88|0.0|0|0.0720711618303904|0.1441423236607808|0.2162134854911712|0.2882846473215616
221.6|1.0|0.88|0.0|0|0.198015517499007|0.396031034998014|0.594046552497021|0.792062069996028
221.8|1.0|0.88|0.0|0|0.13225058215088223|0.26450116430176446|0.39675174645264666|0.5290023286035289
222.0|1.0|0.88|0.0|0|-0.5882808598023263|-1.1765617196046525|-1.7648425794069786|-2.353123439209305
222.2|1.0|0.88|0.0|0|-0.3264823638123929|-0.6529647276247857|-0.9794470914371786|-1.3059294552495715
222.4|1.0|0.88|0.0|0|0.20288032140699233|0.40576064281398466|0.608640964220977|0.8115212856279693
222.6|1.0|0.88|0.0|0|0.3491847805576984|0.6983695611153968|1.0475543416730952|1.3967391222307937
222.8|1.0|0.88|0.0|0|0.5635964866363797|1.1271929732727595|1.6907894599091393|2.254385946545519
223.0|1.0|0.88|0.0|0|0.25044728781649633|0.5008945756329927|0.751341863449489|1.0017891512659853
223.2|1.0|0.88|0.0|0|0.2893657155043914|0.5787314310087828|0.8680971465131742|1.1574628620175655
223.4|1.0|0.88|0.0|0|0.31423026476026306|0.6284605295205261|0.9426907942807893|1.2569210590410522
223.6|1.0|0.88|0.0|0|0.18558324235549678|0.37116648471099356|0.5567497270664904|0.7423329694219871
223.8|1.0|0.88|0.0|0|0.23351056345447452|0.46702112690894904|0.7005316903634236|0.9340422538178981
224.0|1.0|0.88|0.0|0|-0.0994582040188835|-0.198916408037767|-0.2983746120566505|-0.397832816075534
224.2|1.0|0.88|0.0|0|-0.3008971014214333|-0.6017942028428666|-0.9026913042642999|-1.203588405685733
224.4|1.0|0.88|0.0|0|-0.42233700833166987|-0.8446740166633397|-1.2670110249950095|-1.6893480333266795
224.6|1.0|0.88|0.0|0|0.11513368216285026|0.23026736432570052|0.3454010464885508|0.46053472865140105
224.8|1.0|0.88|0.0|0|-0.031531133639800854|-0.06306226727960171|-0.09459340091940256|-0.12612453455920342
225.0|1.0|0.88|0.0|0|-0.2207179330487272|-0.4414358660974544|-0.6621537991461816|-0.8828717321949088
225.2|1.0|0.88|0.0|0|0.22882593884540275|0.4576518776908055|0.6864778165362083|0.915303755381611
225.4|1.0|0.88|0.0|0|0.06486404682480502|0.12972809364961005|0.1945921404744151|0.2594561872992201
225.6|1.0|0.88|0.0|0|0.43747195406933354|0.8749439081386671|1.3124158622080007|1.7498878162773341
225.8|1.0|0.88|0.0|0|0.485399275796663|0.970798551593326|1.456197827389989|1.941597103186652
226.0|1.0|0.88|0.0|0|-0.14684499199414872|-0.29368998398829743|-0.4405349759824462|-0.5873799679765949
226.2|1.0|0.88|0.0|0|-0.27837486275821016|-0.5567497255164203|-0.8351245882746305|-1.1134994510328406
226.4|1.0|0.88|0.0|0|-0.016756545325042695|-0.03351309065008539|-0.05026963597512808|-0.06702618130017078
226.6|1.0|0.88|0.0|0|-0.17044829867780223|-0.34089659735560446|-0.5113448960334067|-0.6817931947112089
226.8|1.0|0.88|0.0|0|0.27639290653052767|0.5527858130610553|0.829178719591583|1.1055716261221107
227.0|1.0|0.88|0.0|0|0.03441397982154743|0.06882795964309486|0.10324193946464229|0.13765591928618973
227.2|1.0|0.88|0.0|0|-0.1571151340520011|-0.3142302681040022|-0.47134540215600323|-0.6284605362080044
227.4|1.0|0.88|0.0|0|0.3801753795190601|0.7603507590381202|1.1405261385571803|1.5207015180762404
227.6|1.0|0.88|0.0|0|0.09441322231403328|0.18882644462806655|0.28323966694209984|0.3776528892561331
227.8|1.0|0.88|0.0|0|0.10738603141100621|0.21477206282201242|0.3221580942330186|0.42954412564402483
228.0|1.0|0.88|0.0|0|0.6243164400366373|1.2486328800732747|1.8729493201099119|2.4972657601465493
228.2|1.0|0.88|0.0|0|0.38197715918358915|0.7639543183671783|1.1459314775507674|1.5279086367343566
228.4|1.0|0.88|0.0|0|0.06702618137671386|0.13405236275342772|0.20107854413014156|0.26810472550685543
228.6|1.0|0.88|0.0|0|0.1679258073851817|0.3358516147703634|0.5037774221555451|0.6717032295407268
228.8|1.0|0.88|0.0|0|0.049548924669507007|0.09909784933901401|0.148646774008521|0.19819569867802803
229.0|1.0|0.88|0.0|0|-0.0012612451030872772|-0.0025224902061745545|-0.003783735309261832|-0.005044980412349109
229.2|1.0|0.88|0.0|0|-0.17567345696181308|-0.35134691392362616|-0.5270203708854392|-0.7026938278472523
229.4|1.0|0.88|0.0|0|0.33873446120647743|0.6774689224129549|1.0162033836194324|1.3549378448259097
229.6|1.0|0.88|0.0|0|0.08468361464591005|0.1693672292918201|0.2540508439377302|0.3387344585836402
229.8|1.0|0.88|0.0|0|-0.24071768193069168|-0.48143536386138336|-0.7221530457920751|-0.9628707277227667
230.0|1.0|0.88|0.0|0|-0.01891868063365111|-0.03783736126730222|-0.056756041900953326|-0.07567472253460444
230.2|1.0|0.88|0.0|0|-0.11963812863017675|-0.2392762572603535|-0.35891438589053026|-0.478552514520707
230.4|1.0|0.88|0.0|0|0.09243126469751595|0.1848625293950319|0.27729379409254784|0.3697250587900638
230.6|1.0|0.88|0.0|0|-0.44702138230321037|-0.8940427646064207|-1.3410641469096312|-1.7880855292128415
230.8|1.0|0.88|0.0|0|0.06648564767994691|0.13297129535989383|0.19945694303984074|0.26594259071978765
231.0|1.0|0.88|0.0|0|-0.3990940592344854|-0.7981881184689708|-1.1972821777034561|-1.5963762369379415
231.2|1.0|0.88|0.0|0|-0.045945364622457456|-0.09189072924491491|-0.1378360938673724|-0.18378145848982982
231.4|1.0|0.88|0.0|0|0.2408978588032189|0.4817957176064378|0.7226935764096567|0.9635914352128756
231.6|1.0|0.88|0.0|0|-0.018918680198839882|-0.037837360397679765|-0.05675604059651965|-0.07567472079535953
231.8|1.0|0.88|0.0|0|-0.04414358626032485|-0.0882871725206497|-0.13243075878097454|-0.1765743450412994
232.0|1.0|0.88|0.0|0|-0.09729606774460998|-0.19459213548921997|-0.29188820323382997|-0.38918427097843994
232.2|1.0|0.88|0.0|0|-0.14936748327454566|-0.2987349665490913|-0.44810244982363695|-0.5974699330981826
232.4|1.0|0.88|0.0|0|0.1628808259480867|0.3257616518961734|0.4886424778442601|0.6515233037923468
232.6|1.0|0.88|0.0|0|0.016396189093648005|0.03279237818729601|0.049188567280944014|0.06558475637459202
232.8|1.0|0.88|0.0|0|0.04180127481115054|0.08360254962230108|0.12540382443345163|0.16720509924460217
233.0|1.0|0.88|0.0|0|-0.21044779251853488|-0.42089558503706975|-0.6313433775556047|-0.8417911700741395
233.2|1.0|0.88|0.0|0|0.12756595569313514|0.2551319113862703|0.38269786707940545|0.5102638227725406
233.4|1.0|0.88|0.0|0|0.07711614322412068|0.15423228644824136|0.23134842967236202|0.3084645728964827
233.6|1.0|0.88|0.0|0|-0.1171156384664938|-0.2342312769329876|-0.3513469153994814|-0.4684625538659752
233.8|1.0|0.88|0.0|0|0.07711614321073292|0.15423228642146583|0.23134842963219873|0.30846457284293166
234.0|1.0|0.88|0.0|0|0.1452233909905773|0.2904467819811546|0.4356701729717319|0.5808935639623092
234.2|1.0|0.88|0.0|0|0.17783559139556035|0.3556711827911207|0.533506774186681|0.7113423655822414
234.4|1.0|0.88|0.0|0|0.11243101324740574|0.2248620264948115|0.33729303974221725|0.449724052989623
234.6|1.0|0.88|0.0|0|0.45566992158070246|0.9113398431614049|1.3670097647421073|1.8226796863228099
234.8|1.0|0.88|0.0|0|0.034413980605604626|0.06882796121120925|0.10324194181681387|0.1376559224224185
235.0|1.0|0.88|0.0|0|-0.5635964852850889|-1.1271929705701778|-1.6907894558552667|-2.2543859411403555
235.2|1.0|0.88|0.0|0|0.29909532098099617|0.5981906419619923|0.8972859629429885|1.1963812839239847
235.4|1.0|0.88|0.0|0|-0.6133255886766715|-1.226651177353343|-1.8399767660300148|-2.453302354706686
235.6|1.0|0.88|0.0|0|0.2079253022102059|0.4158506044204118|0.6237759066306177|0.8317012088408235
235.8|1.0|0.88|0.0|0|-0.39909405975107837|-0.7981881195021567|-1.197282179253235|-1.5963762390043135
236.0|1.0|0.88|0.0|0|0.21134868241410024|0.4226973648282005|0.6340460472423007|0.845394729656401
236.2|1.0|0.88|0.0|0|0.33188769989355965|0.6637753997871193|0.9956630996806789|1.3275507995742386
236.4|1.0|0.88|0.0|0|0.248645508552436|0.497291017104872|0.7459365256573081|0.994582034209744
236.6|1.0|0.88|0.0|0|-0.11963812964793771|-0.23927625929587543|-0.3589143889438131|-0.47855251859175085
236.8|1.0|0.88|0.0|0|0.11747599350987013|0.23495198701974027|0.3524279805296104|0.46990397403948053
237.0|1.0|0.88|0.0|0|0.2302673625847094|0.4605347251694188|0.6908020877541282|0.9210694503388376
237.2|1.0|0.88|0.0|0|0.03927878299815351|0.07855756599630702|0.11783634899446052|0.15711513199261404
237.4|1.0|0.88|0.0|0|0.1430612569759252|0.2861225139518504|0.42918377092777554|0.5722450279037008
237.6|1.0|0.88|0.0|0|-0.3263021861790915|-0.652604372358183|-0.9789065585372745|-1.305208744716366
237.8|1.0|0.88|0.0|0|-0.28828464773134355|-0.5765692954626871|-0.8648539431940306|-1.1531385909253742
238.0|1.0|0.88|0.0|0|0.22071793429233386|0.4414358685846677|0.6621538028770015|0.8828717371693354
238.2|1.0|0.88|0.0|0|-0.1598178018134787|-0.3196356036269574|-0.4794534054404362|-0.6392712072539148
238.4|1.0|0.88|0.0|0|0.1704482965957142|0.3408965931914284|0.5113448897871427|0.6817931863828568
238.6|1.0|0.88|0.0|0|-0.04144091797497826|-0.08288183594995652|-0.12432275392493478|-0.16576367189991303
238.8|1.0|0.88|0.0|0|0.709000056480291|1.418000112960582|2.127000169440873|2.836000225921164
239.0|1.0|0.88|0.0|0|0.30359976979641967|0.6071995395928393|0.9107993093892591|1.2143990791856787
239.2|1.0|0.88|0.0|0|0.6241362616283009|1.2482725232566019|1.872408784884903|2.4965450465132037
239.4|1.0|0.88|0.0|0|0.2533301342112829|0.5066602684225658|0.7599904026338488|1.0133205368451317
239.6|1.0|0.88|0.0|0|0.2837801999220394|0.5675603998440788|0.8513405997661183|1.1351207996881576
239.8|1.0|0.88|0.0|0|0.25585262416338106|0.5117052483267621|0.7675578724901432|1.0234104966535242
240.0|1.0|0.88|0.0|0|0.06702618032606557|0.13405236065213114|0.20107854097819672|0.2681047213042623
240.2|1.0|0.88|0.0|0|-0.2558526245743271|-0.5117052491486542|-0.7675578737229815|-1.0234104982973085
240.4|1.0|0.88|0.0|0|-0.3140500889366379|-0.6281001778732758|-0.9421502668099137|-1.2562003557465515
240.6|1.0|0.88|0.0|0|0.04648589889839063|0.09297179779678126|0.13945769669517188|0.18594359559356252
240.8|1.0|0.88|0.0|0|0.442516933990701|0.885033867981402|1.3275508019721032|1.770067735962804
241.0|1.0|0.88|0.0|0|0.15729531109333053|0.31459062218666106|0.47188593327999157|0.6291812443733221
241.2|1.0|0.88|0.0|0|0.21369099481031317|0.42738198962062635|0.6410729844309395|0.8547639792412527
241.4|1.0|0.88|0.0|0|0.08180077063851066|0.1636015412770213|0.24540231191553197|0.3272030825540426
241.6|1.0|0.88|0.0|0|0.1700879416588579|0.3401758833177158|0.5102638249765736|0.6803517666354316
241.8|1.0|0.88|0.0|0|0.07189098324888625|0.1437819664977725|0.21567294974665877|0.287563932995545
242.0|1.0|0.88|0.0|0|0.021981704181816913|0.04396340836363383|0.06594511254545074|0.08792681672726765
242.2|1.0|0.88|0.0|0|0.1196381286304678|0.2392762572609356|0.3589143858914034|0.4785525145218712
242.4|1.0|0.88|0.0|0|-0.11963812870904814|-0.23927625741809627|-0.35891438612714444|-0.47855251483619254
242.6|1.0|0.88|0.0|0|0.038918427133176045|0.07783685426635209|0.11675528139952814|0.15567370853270418
242.8|1.0|0.88|0.0|0|0.2612579613816345|0.522515922763269|0.7837738841449033|1.045031845526538
243.0|1.0|0.88|0.0|0|-0.13026862550177623|-0.26053725100355246|-0.39080587650532866|-0.5210745020071049
243.2|1.0|0.88|0.0|0|-0.20035782989580203|-0.40071565979160406|-0.601073489687406|-0.8014313195832081
243.4|1.0|0.88|0.0|0|-0.1704482969906532|-0.3408965939813064|-0.5113448909719596|-0.6817931879626128
243.6|1.0|0.88|0.0|0|-0.33152734572562653|-0.6630546914512531|-0.9945820371768795|-1.3261093829025061
243.8|1.0|0.88|0.0|0|-0.25621298084908656|-0.5124259616981731|-0.7686389425472596|-1.0248519233963462
244.0|1.0|0.88|0.0|0|0.5408940703229751|1.0817881406459502|1.6226822109689252|2.1635762812919004
244.2|1.0|0.88|0.0|0|0.3625179441817457|0.7250358883634914|1.0875538325452372|1.4500717767269828
244.4|1.0|0.88|0.0|0|0.21044779232091987|0.42089558464183974|0.6313433769627597|0.8417911692836795
244.6|1.0|0.88|0.0|0|0.14270090019796056|0.2854018003959211|0.42810270059388167|0.5708036007918422
244.8|1.0|0.88|0.0|0|0.5336869537716853|1.0673739075433706|1.6010608613150559|2.134747815086741
245.0|1.0|0.88|0.0|0|0.30179799056553774|0.6035959811310755|0.9053939716966132|1.207191962262151
245.2|1.0|0.88|0.0|0|0.5081016919674589|1.0162033839349178|1.5243050759023768|2.0324067678698357
245.4|1.0|0.88|0.0|0|-0.12180026359885243|-0.24360052719770486|-0.3654007907965573|-0.4872010543954097
245.6|1.0|0.88|0.0|0|0.5688216454678336|1.1376432909356673|1.706464936403501|2.2752865818713346
245.8|1.0|0.88|0.0|0|0.2962124750431397|0.5924249500862794|0.888637425129419|1.1848499001725588
246.0|1.0|0.88|0.0|0|0.40485975111019834|0.8097195022203967|1.214579253330595|1.6194390044407934
246.2|1.0|0.88|0.0|0|0.019098857158387564|0.03819771431677513|0.057296571475162685|0.07639542863355026
246.4|1.0|0.88|0.0|0|-0.23062771781027572|-0.46125543562055143|-0.6918831534308271|-0.9225108712411029
246.6|1.0|0.88|0.0|0|0.16288082551967834|0.32576165103935667|0.488642476559035|0.6515233020787133
246.8|1.0|0.88|0.0|0|0.10648514140979397|0.21297028281958794|0.3194554242293819|0.42594056563917587
247.0|1.0|0.88|0.0|0|0.08216112393274677|0.16432224786549354|0.24648337179824034|0.3286444957309871
247.2|1.0|0.88|0.0|0|0.21315046087751416|0.4263009217550283|0.6394513826325425|0.8526018435100566
247.4|1.0|0.88|0.0|0|0.20810547953617078|0.41621095907234157|0.6243164386085124|0.8324219181446831
247.6|1.0|0.88|0.0|0|0.3090051080152628|0.6180102160305256|0.9270153240457883|1.2360204320610513
247.8|1.0|0.88|0.0|0|-0.04414358654670654|-0.08828717309341308|-0.13243075964011963|-0.17657434618682616
248.0|1.0|0.88|0.0|0|0.5985510001375229|1.1971020002750459|1.7956530004125686|2.3942040005500917
248.2|1.0|0.88|0.0|0|0.06972884869494016|0.13945769738988031|0.20918654608482048|0.27891539477976063
248.4|1.0|0.88|0.0|0|-0.147565704235749|-0.295131408471498|-0.44269711270724693|-0.590262816942996
248.6|1.0|0.88|0.0|0|1.0502570070888042|2.1005140141776084|3.1507710212664124|4.201028028355217
248.8|1.0|0.88|0.0|0|0.021441170232137683|0.042882340464275366|0.06432351069641305|0.08576468092855073
249.0|1.0|0.88|0.0|0|0.667018603176112|1.334037206352224|2.001055809528336|2.668074412704448
249.2|1.0|0.88|0.0|0|0.5156691643144591|1.0313383286289182|1.5470074929433772|2.0626766572578363
249.4|1.0|0.88|0.0|0|0.28125770981569104|0.5625154196313821|0.8437731294470731|1.1250308392627641
249.6|1.0|0.88|0.0|0|-0.04378323097684192|-0.08756646195368384|-0.13134969293052576|-0.17513292390736768
249.8|1.0|0.88|0.0|0|0.10234105069510414|0.2046821013902083|0.30702315208531245|0.4093642027804166
250.0|1.0|0.88|0.0|0|-0.1041428291410558|-0.2082856582821116|-0.31242848742316737|-0.4165713165642232
250.2|1.0|0.88|0.0|0|0.2940503402735342|0.5881006805470684|0.8821510208206026|1.1762013610941369
250.4|1.0|0.88|0.0|0|-0.07963863326876897|-0.15927726653753793|-0.2389158998063069|-0.31855453307507586
250.6|1.0|0.88|0.0|0|0.35477029493398765|0.7095405898679753|1.064310884801963|1.4190811797359506
250.8|1.0|0.88|0.0|0|0.33873446085490316|0.6774689217098063|1.0162033825647094|1.3549378434196127
251.0|1.0|0.88|0.0|0|-0.1423405443952653|-0.2846810887905306|-0.4270216331857959|-0.5693621775810612
251.2|1.0|0.88|0.0|0|-0.07387294095125987|-0.14774588190251975|-0.22161882285377962|-0.2954917638050395
251.4|1.0|0.88|0.0|0|0.29405034098366767|0.5881006819673353|0.882151022951003|1.1762013639346707
251.6|1.0|0.88|0.0|0|0.034413980632380145|0.06882796126476029|0.10324194189714044|0.13765592252952058
251.8|1.0|0.88|0.0|0|0.20576316721097118|0.41152633442194236|0.6172895016329135|0.8230526688438847
252.0|1.0|0.88|0.0|0|0.09549429006758155|0.1909885801351631|0.28648287020274465|0.3819771602703262
252.2|1.0|0.88|0.0|0|-0.1549529981243542|-0.3099059962487084|-0.46485899437306255|-0.6198119924974168
252.4|1.0|0.88|0.0|0|-0.18558324228972212|-0.37116648457944423|-0.5567497268691664|-0.7423329691588885
252.6|1.0|0.88|0.0|0|0.1398180547199446|0.2796361094398892|0.41945416415983383|0.5592722188797784
252.8|1.0|0.88|0.0|0|0.2915278495903479|0.5830556991806958|0.8745835487710436|1.1661113983613915
253.0|1.0|0.88|0.0|0|-0.2911674941485401|-0.5823349882970802|-0.8735024824456203|-1.1646699765941604
253.2|1.0|0.88|0.0|0|0.24324017088481945|0.4864803417696389|0.7297205126544584|0.9729606835392778
253.4|1.0|0.88|0.0|0|-0.07675578693539144|-0.15351157387078287|-0.23026736080617433|-0.30702314774156575
253.6|1.0|0.88|0.0|0|0.10990852177521457|0.21981704355042914|0.3297255653256437|0.4396340871008583
253.8|1.0|0.88|0.0|0|0.5486417203719616|1.0972834407439231|1.645925161115885|2.1945668814878463
254.0|1.0|0.88|0.0|0|-0.4999936851361422|-0.9999873702722843|-1.4999810554084265|-1.9999747405445687
254.2|1.0|0.88|0.0|0|0.12756595639686577|0.25513191279373154|0.38269786919059734|0.5102638255874631
254.4|1.0|0.88|0.0|0|0.18774537672259628|0.37549075344519256|0.5632361301677888|0.7509815068903851
254.6|1.0|0.88|0.0|0|0.5203537892276658|1.0407075784553317|1.5610613676829976|2.0814151569106634
254.8|1.0|0.88|0.0|0|0.1630610034751591|0.3261220069503182|0.48918301042547724|0.6522440139006364
255.0|1.0|0.88|0.0|0|0.24594284001679648|0.49188568003359295|0.7378285200503895|0.9837713600671859
255.2|1.0|0.88|0.0|0|0.19315071361721511|0.38630142723443023|0.5794521408516453|0.7726028544688605
255.4|1.0|0.88|0.0|0|0.5711639586807001|1.1423279173614003|1.7134918760421003|2.2846558347228005
255.6|1.0|0.88|0.0|0|0.0992780249592034|0.1985560499184068|0.2978340748776102|0.3971120998368136
255.8|1.0|0.88|0.0|0|0.03657611498376358|0.07315222996752715|0.10972834495129073|0.1463044599350543
256.0|1.0|0.88|0.0|0|0.5279212607588857|1.0558425215177714|1.583763782276657|2.1116850430355427
256.2|1.0|0.88|0.0|0|0.034233802102680816|0.06846760420536163|0.10270140630804245|0.13693520841072326
256.4|1.0|0.88|0.0|0|-0.013333164712530573|-0.026666329425061145|-0.03999949413759172|-0.05333265885012229
256.6|1.0|0.88|0.0|0|0.40990473348356354|0.8198094669671271|1.2297142004506907|1.6396189339342542
256.8|1.0|0.88|0.0|0|-0.19747498419950735|-0.3949499683990147|-0.592424952598522|-0.7898999367980294
257.0|1.0|0.88|0.0|0|0.1423405443466619|0.2846810886933238|0.4270216330399857|0.5693621773866476
257.2|1.0|0.88|0.0|0|-0.1978353386800156|-0.3956706773600312|-0.5935060160400467|-0.7913413547200624
257.4|1.0|0.88|0.0|0|0.2360330543271268|0.4720661086542536|0.7080991629813804|0.9441322173085072
257.6|1.0|0.88|0.0|0|-0.29350980724644643|-0.5870196144928929|-0.8805294217393392|-1.1740392289857857
257.8|1.0|0.88|0.0|0|0.24810497448343108|0.49620994896686216|0.7443149234502933|0.9924198979337243
258.0|1.0|0.88|0.0|0|-0.09459339979337537|-0.18918679958675075|-0.2837801993801261|-0.3783735991735015
258.2|1.0|0.88|0.0|0|-0.03423380147025458|-0.06846760294050916|-0.10270140441076374|-0.13693520588101832
258.4|1.0|0.88|0.0|0|0.04684625556546966|0.09369251113093932|0.14053876669640897|0.18738502226187864
258.6|1.0|0.88|0.0|0|0.10234104921139087|0.20468209842278173|0.3070231476341726|0.40936419684556347
258.8|1.0|0.88|0.0|0|0.764855206290086|1.529710412580172|2.294565618870258|3.059420825160344
259.0|1.0|0.88|0.0|0|0.24882568599976387|0.49765137199952775|0.7464770579992916|0.9953027439990555
259.2|1.0|0.88|0.0|0|0.05657586210058076|0.11315172420116151|0.16972758630174228|0.22630344840232303
259.4|1.0|0.88|0.0|0|0.308824928190443|0.617649856380886|0.926474784571329|1.235299712761772
259.6|1.0|0.88|0.0|0|0.4931469254594417|0.9862938509188834|1.479440776378325|1.9725877018377669
259.8|1.0|0.88|0.0|0|-0.22269989045598798|-0.44539978091197596|-0.6680996713679639|-0.8907995618239519
260.0|1.0|0.88|0.0|0|0.1648627823844437|0.3297255647688874|0.4945883471533311|0.6594511295377748
260.2|1.0|0.88|0.0|0|0.011891741951112646|0.023783483902225292|0.03567522585333794|0.047566967804450584
260.4|1.0|0.88|0.0|0|0.05963888608006533|0.11927777216013066|0.17891665824019598|0.23855554432026133
260.6|1.0|0.88|0.0|0|0.09207090916665046|0.18414181833330093|0.2762127274999514|0.36828363666660185
260.8|1.0|0.88|0.0|0|0.3342300138683643|0.6684600277367286|1.002690041605093|1.3369200554734573
261.0|1.0|0.88|0.0|0|0.25927600481838475|0.5185520096367695|0.7778280144551543|1.037104019273539
261.2|1.0|0.88|0.0|0|0.35927474176220164|0.7185494835244033|1.0778242252866048|1.4370989670488066
261.4|1.0|0.88|0.0|0|0.16504296087892742|0.33008592175785484|0.49512888263678223|0.6601718435157097
261.6|1.0|0.88|0.0|0|0.3794546671074935|0.758909334214987|1.1383640013224805|1.517818668429974
261.8|1.0|0.88|0.0|0|0.15567370981327272|0.31134741962654544|0.46702112943981816|0.6226948392530909
262.0|1.0|0.88|0.0|0|0.4252198552520717|0.8504397105041434|1.275659565756215|1.7008794210082867
262.2|1.0|0.88|0.0|0|0.38431947128003263|0.7686389425600653|1.152958413840098|1.5372778851201305
262.4|1.0|0.88|0.0|0|0.33459036975866213|0.6691807395173243|1.0037711092759865|1.3383614790346485
262.6|1.0|0.88|0.0|0|0.4958495956676784|0.9916991913353568|1.487548787003035|1.9833983826707136
262.8|1.0|0.88|0.0|0|-0.3187347143617811|-0.6374694287235622|-0.9562041430853432|-1.2749388574471243
263.0|1.0|0.88|0.0|0|0.7151261039980461|1.4302522079960922|2.145378311994138|2.8605044159921844
263.2|1.0|0.88|0.0|0|0.02666633037151771|0.05333266074303542|0.07999899111455314|0.10666532148607084
263.4|1.0|0.88|0.0|0|-0.3264823634835196|-0.6529647269670392|-0.9794470904505588|-1.3059294539340784
263.6|1.0|0.88|0.0|0|0.28089735427085566|0.5617947085417113|0.842692062812567|1.1235894170834226
263.8|1.0|0.88|0.0|0|-0.008288183482945905|-0.01657636696589181|-0.024864550448837713|-0.03315273393178362
264.0|1.0|0.88|0.0|0|0.26107778459059794|0.5221555691811959|0.7832333537717939|1.0443111383623918
264.2|1.0|0.88|0.0|0|-0.10432300563465115|-0.2086460112693023|-0.31296901690395346|-0.4172920225386046
264.4|1.0|0.88|0.0|0|-0.03621575873752594|-0.07243151747505187|-0.1086472762125778|-0.14486303495010375
264.6|1.0|0.88|0.0|0|0.26125796063977785|0.5225159212795557|0.7837738819193335|1.0450318425591114
264.8|1.0|0.88|0.0|0|0.4526068963235597|0.9052137926471194|1.3578206889706792|1.8104275852942389
265.0|1.0|0.88|0.0|0|0.4607149028041753|0.9214298056083506|1.382144708412526|1.8428596112167013
265.2|1.0|0.88|0.0|0|-0.361256698634825|-0.72251339726965|-1.0837700959044752|-1.4450267945393
265.4|1.0|0.88|0.0|0|0.2738704152879657|0.5477408305759314|0.8216112458638971|1.0954816611518627
265.6|1.0|0.88|0.0|0|-0.0636028005284607|-0.1272056010569214|-0.19080840158538212|-0.2544112021138428
265.8|1.0|0.88|0.0|0|0.7679182301720727|1.5358364603441454|2.303754690516218|3.071672920688291
266.0|1.0|0.88|0.0|0|-0.07423329646291683|-0.14846659292583367|-0.22269988938875052|-0.29693318585166734
266.2|1.0|0.88|0.0|0|-0.19008768972824344|-0.3801753794564869|-0.5702630691847304|-0.7603507589129738
266.4|1.0|0.88|0.0|0|-0.4749489570484734|-0.9498979140969468|-1.42484687114542|-1.8997958281938936
266.6|1.0|0.88|0.0|0|-0.23531234338879606|-0.4706246867775921|-0.7059370301663882|-0.9412493735551842
266.8|1.0|0.88|0.0|0|0.2228800683256124|0.4457601366512248|0.6686402049768373|0.8915202733024497
267.0|1.0|0.88|0.0|0|0.006306226104788953|0.012612452209577907|0.01891867831436686|0.025224904419155814
267.2|1.0|0.88|0.0|0|-0.24504195102490506|-0.4900839020498101|-0.7351258530747152|-0.9801678040996202
267.4|1.0|0.88|0.0|0|0.43765213050588536|0.8753042610117707|1.312956391517656|1.7506085220235414
267.6|1.0|0.88|0.0|0|-0.9235919400278371|-1.8471838800556741|-2.7707758200835113|-3.6943677601113483
267.8|1.0|0.88|0.0|0|0.07963863385870361|0.15927726771740722|0.23891590157611084|0.31855453543481443
268.0|1.0|0.88|0.0|0|0.18053826083894836|0.3610765216778967|0.541614782516845|0.7221530433557934
268.2|1.0|0.88|0.0|0|0.12756595654034766|0.2551319130806953|0.38269786962104296|0.5102638261613907
268.4|1.0|0.88|0.0|0|-0.4799939386206101|-0.9599878772412203|-1.4399818158618303|-1.9199757544824405
268.6|1.0|0.88|0.0|0|0.571163958573598|1.142327917147196|1.713491875720794|2.284655834294392
268.8|1.0|0.88|0.0|0|-0.15927726782305413|-0.31855453564610825|-0.4778318034691624|-0.6371090712922165
269.0|1.0|0.88|0.0|0|0.2434203487003108|0.4868406974006216|0.7302610461009323|0.9736813948012432
269.2|1.0|0.88|0.0|0|-0.15999797844298896|-0.31999595688597793|-0.4799939353289669|-0.6399919137719559
269.4|1.0|0.88|0.0|0|-0.11693546029448054|-0.23387092058896108|-0.3508063808834416|-0.46774184117792217
269.6|1.0|0.88|0.0|0|0.3090051059733381|0.6180102119466762|0.9270153179200141|1.2360204238933523
269.8|1.0|0.88|0.0|0|-0.14954766019567628|-0.29909532039135256|-0.44864298058702884|-0.5981906407827051
270.0|1.0|0.88|0.0|0|0.8558450465634823|1.7116900931269645|2.5675351396904467|3.423380186253929
270.2|1.0|0.88|0.0|0|0.03459415760939013|0.06918831521878026|0.10378247282817038|0.13837663043756052
270.4|1.0|0.88|0.0|0|0.2639606300523158|0.5279212601046316|0.7918818901569473|1.0558425202092632
270.6|1.0|0.88|0.0|0|0.27134792523400414|0.5426958504680083|0.8140437757020125|1.0853917009360166
270.8|1.0|0.88|0.0|0|-0.12990826898341779|-0.25981653796683557|-0.3897248069502533|-0.5196330759336711
271.0|1.0|0.88|0.0|0|0.12252097543707362|0.24504195087414724|0.36756292631122084|0.49008390174829447
271.2|1.0|0.88|0.0|0|-0.3769321769996899|-0.7538643539993798|-1.1307965309990697|-1.5077287079987596
271.4|1.0|0.88|0.0|0|0.28360002184868816|0.5672000436973763|0.8508000655460645|1.1344000873947526
271.6|1.0|0.88|0.0|0|0.28143788736691955|0.5628757747338391|0.8443136621007586|1.1257515494676782
271.8|1.0|0.88|0.0|0|-0.5554884802433667|-1.1109769604867334|-1.6664654407301|-2.221953920973467
272.0|1.0|0.88|0.0|0|0.016576367717061672|0.033152735434123344|0.04972910315118502|0.06630547086824669
272.2|1.0|0.88|0.0|0|-0.24251946055243045|-0.4850389211048609|-0.7275583816572914|-0.9700778422097218
272.4|1.0|0.88|0.0|0|0.708099166473549|1.416198332947098|2.124297499420647|2.832396665894196
272.6|1.0|0.88|0.0|0|-0.028468109912937533|-0.056936219825875066|-0.0854043297388126|-0.11387243965175013
272.8|1.0|0.88|0.0|0|0.49080461332312597|0.9816092266462519|1.4724138399693778|1.9632184532925039
273.0|1.0|0.88|0.0|0|-0.2659425872485738|-0.5318851744971476|-0.7978277617457213|-1.0637703489942951
273.2|1.0|0.88|0.0|0|-0.34161730754654884|-0.6832346150930977|-1.0248519226396466|-1.3664692301861954
273.4|1.0|0.88|0.0|0|0.38900409612891995|0.7780081922578399|1.16701228838676|1.5560163845156798
273.6|1.0|0.88|0.0|0|-0.7347654962731764|-1.4695309925463529|-2.2042964888195296|-2.9390619850927058
273.8|1.0|0.88|0.0|0|-0.19243000189861068|-0.38486000379722135|-0.577290005695832|-0.7697200075944427
274.0|1.0|0.88|0.0|0|0.22792504949466114|0.45585009898932227|0.6837751484839834|0.9117001979786445
274.2|1.0|0.88|0.0|0|0.15981780156376785|0.3196356031275357|0.4794534046913036|0.6392712062550714
274.4|1.0|0.88|0.0|0|-0.2374744790577099|-0.4749489581154198|-0.7124234371731297|-0.9498979162308396
274.6|1.0|0.88|0.0|0|-0.061801020887214744|-0.12360204177442949|-0.18540306266164425|-0.24720408354885898
274.8|1.0|0.88|0.0|0|-0.17747523591096995|-0.3549504718219399|-0.5324257077329099|-0.7099009436438798
275.0|1.0|0.88|0.0|0|-0.0664856467818027|-0.1329712935636054|-0.19945694034540812|-0.2659425871272108
275.2|1.0|0.88|0.0|0|-0.9590869877999657|-1.9181739755999314|-2.877260963399897|-3.836347951199863
275.4|1.0|0.88|0.0|0|-0.40179672770580543|-0.8035934554116109|-1.2053901831174163|-1.6071869108232217
275.6|1.0|0.88|0.0|0|0.6664780702235299|1.3329561404470598|1.9994342106705898|2.6659122808941196
275.8|1.0|0.88|0.0|0|-0.1199984843688436|-0.2399969687376872|-0.3599954531065308|-0.4799939374753744
276.0|1.0|0.88|0.0|0|-0.1628808255650803|-0.3257616511301606|-0.4886424766952409|-0.6515233022603212
276.2|1.0|0.88|0.0|0|0.31657257851446075|0.6331451570289215|0.9497177355433822|1.266290314057843
276.4|1.0|0.88|0.0|0|0.17513292253657725|0.3502658450731545|0.5253987676097318|0.700531690146309
276.6|1.0|0.88|0.0|0|-0.7372879869004835|-1.474575973800967|-2.2118639607014505|-2.949151947601934
276.8|1.0|0.88|0.0|0|0.13801627491629928|0.27603254983259856|0.4140488247488978|0.5520650996651971
277.0|1.0|0.88|0.0|0|-0.02648615186015379|-0.05297230372030758|-0.07945845558046137|-0.10594460744061517
277.2|1.0|0.88|0.0|0|-0.1599979795739638|-0.3199959591479276|-0.47999393872189144|-0.6399919182958552
277.4|1.0|0.88|0.0|0|0.1025212259904948|0.2050424519809896|0.30756367797148443|0.4100849039619792
277.6|1.0|0.88|0.0|0|0.2183756204895328|0.4367512409790656|0.6551268614685983|0.8735024819581312
277.8|1.0|0.88|0.0|0|0.22882593836053294|0.4576518767210659|0.6864778150815989|0.9153037534421318
278.0|1.0|0.88|0.0|0|0.016576366602967043|0.033152733205934086|0.049729099808901125|0.06630546641186817
278.2|1.0|0.88|0.0|0|-0.09135019912529978|-0.18270039825059955|-0.2740505973758993|-0.3654007965011991
278.4|1.0|0.88|0.0|0|-0.25819493793125753|-0.5163898758625151|-0.7745848137937726|-1.0327797517250301
278.6|1.0|0.88|0.0|0|0.6394513845851185|1.278902769170237|1.9183541537553555|2.557805538340474
278.8|1.0|0.88|0.0|0|0.4729670000440096|0.9459340000880192|1.4189010001320288|1.8918680001760384
279.0|1.0|0.88|0.0|0|0.13999823217687676|0.2799964643537535|0.41999469653063026|0.559992928707507
279.2|1.0|0.88|0.0|0|0.5205339669992104|1.0410679339984208|1.5616019009976312|2.0821358679968416
279.4|1.0|0.88|0.0|0|0.4909847913193521|0.9819695826387042|1.4729543739580562|1.9639391652774083
279.6|1.0|0.88|0.0|0|0.22053775593347402|0.44107551186694804|0.6616132678004221|0.8821510237338961
279.8|1.0|0.88|0.0|0|0.3216175598828707|0.6432351197657414|0.9648526796486121|1.2864702395314829
280.0|1.0|0.88|0.0|0|0.9444925770763083|1.8889851541526166|2.833477731228925|3.777970308305233
280.2|1.0|0.88|0.0|0|-0.3641395455470778|-0.7282790910941556|-1.0924186366412332|-1.4565581821883111
280.4|1.0|0.88|0.0|0|-0.2684650787676221|-0.5369301575352442|-0.8053952363028664|-1.0738603150704884
280.6|1.0|0.88|0.0|0|0.3488244234106972|0.6976488468213944|1.0464732702320916|1.3952976936427888
280.8|1.0|0.88|0.0|0|0.1805382600749728|0.3610765201499456|0.5416147802249184|0.7221530402998912
281.0|1.0|0.88|0.0|0|-0.08180076814402135|-0.1636015362880427|-0.24540230443206404|-0.3272030725760854
281.2|1.0|0.88|0.0|0|0.2855819800647444|0.5711639601294888|0.8567459401942331|1.1423279202589776
281.4|1.0|0.88|0.0|0|0.05225159285997511|0.10450318571995022|0.1567547785799253|0.20900637143990045
281.6|1.0|0.88|0.0|0|0.42485949987138194|0.8497189997427639|1.2745784996141458|1.6994379994855278
281.8|1.0|0.88|0.0|0|-0.005945869605056947|-0.011891739210113893|-0.017837608815170842|-0.023783478420227787
282.0|1.0|0.88|0.0|0|0.2756721948811903|0.5513443897623806|0.827016584643571|1.1026887795247613
282.2|1.0|0.88|0.0|0|0.6435954763056367|1.2871909526112735|1.93078642891691|2.574381905222547
282.4|1.0|0.88|0.0|0|-0.15477282043779284|-0.30954564087558567|-0.4643184613133785|-0.6190912817511713
282.6|1.0|0.88|0.0|0|0.35927474199939785|0.7185494839987957|1.0778242259981936|1.4370989679975914
282.8|1.0|0.88|0.0|0|0.046846255355340004|0.09369251071068001|0.14053876606602|0.18738502142136002
283.0|1.0|0.88|0.0|0|-0.2933296280007928|-0.5866592560015856|-0.8799888840023785|-1.1733185120031713
283.2|1.0|0.88|0.0|0|0.1929705358832145|0.385941071766429|0.5789116076496434|0.771882143532858
283.4|1.0|0.88|0.0|0|0.6014338460212463|1.2028676920424926|1.8043015380637386|2.405735384084985
283.6|1.0|0.88|0.0|0|0.20522263321792725|0.4104452664358545|0.6156678996537818|0.820890532871709
283.8|1.0|0.88|0.0|0|0.10270140625332724|0.2054028125066545|0.30810421875998173|0.410805625013309
284.0|1.0|0.88|0.0|0|0.026666329648869603|0.053332659297739206|0.0799989889466088|0.10666531859547841
284.2|1.0|0.88|0.0|0|-0.02432401688914981|-0.04864803377829962|-0.07297205066744943|-0.09729606755659924
284.4|1.0|0.88|0.0|0|0.11765617271157691|0.23531234542315382|0.35296851813473074|0.47062469084630765
284.6|1.0|0.88|0.0|0|0.38215733657038103|0.7643146731407621|1.1464720097111432|1.5286293462815241
284.8|1.0|0.88|0.0|0|0.3697250612982319|0.7394501225964638|1.1091751838946957|1.4789002451929276
285.0|1.0|0.88|0.0|0|0.6109832744760212|1.2219665489520424|1.8329498234280635|2.4439330979040848
285.2|1.0|0.88|0.0|0|-0.13207040478126159|-0.26414080956252317|-0.3962112143437847|-0.5282816191250463
285.4|1.0|0.88|0.0|0|-0.38630142837355413|-0.7726028567471083|-1.1589042851206623|-1.5452057134942165
285.6|1.0|0.88|0.0|0|0.20071818629599894|0.4014363725919979|0.6021545588879967|0.8028727451839958
285.8|1.0|0.88|0.0|0|-0.028648286886746088|-0.057296573773492177|-0.08594486066023826|-0.11459314754698435
286.0|1.0|0.88|0.0|0|0.33945517308136947|0.6789103461627389|1.0183655192441083|1.3578206923254779
286.2|1.0|0.88|0.0|0|0.7679182300769032|1.5358364601538064|2.3037546902307096|3.0716729203076127
286.4|1.0|0.88|0.0|0|0.27134792530763685|0.5426958506152737|0.8140437759229106|1.0853917012305474
286.6|1.0|0.88|0.0|0|0.011531386307615332|0.023062772615230664|0.034594158922845994|0.04612554523046133
286.8|1.0|0.88|0.0|0|0.10720585304516145|0.2144117060903229|0.32161755913548434|0.4288234121806458
287.0|1.0|0.88|0.0|0|0.3043204813954074|0.6086409627908148|0.9129614441862222|1.2172819255816296
287.2|1.0|0.88|0.0|0|0.48035429430659904|0.9607085886131981|1.4410628829197971|1.9214171772263962
287.4|1.0|0.88|0.0|0|-0.0032432015502126916|-0.006486403100425383|-0.009729604650638076|-0.012972806200850766
287.6|1.0|0.88|0.0|0|0.581614277970512|1.163228555941024|1.744842833911536|2.326457111882048
287.8|1.0|0.88|0.0|0|0.685036394129275|1.37007278825855|2.055109182387825|2.7401455765171
288.0|1.0|0.88|0.0|0|-0.006126048239239032|-0.012252096478478063|-0.018378144717717093|-0.024504192956956126
288.2|1.0|0.88|0.0|0|0.7453959920353379|1.4907919840706758|2.236187976106014|2.9815839681413516
288.4|1.0|0.88|0.0|0|0.23855554632318693|0.47711109264637386|0.7156666389695608|0.9542221852927477
288.6|1.0|0.88|0.0|0|0.6473792110380606|1.2947584220761212|1.9421376331141817|2.5895168441522425
288.8|1.0|0.88|0.0|0|0.6619736234392627|1.3239472468785254|1.9859208703177882|2.6478944937570508
289.0|1.0|0.88|0.0|0|0.6520638368156512|1.3041276736313023|1.9561915104469534|2.6082553472626047
289.2|1.0|0.88|0.0|0|0.07711614250263672|0.15423228500527345|0.23134842750791015|0.3084645700105469
289.4|1.0|0.88|0.0|0|-0.09189073018380449|-0.18378146036760898|-0.27567219055141345|-0.36756292073521796
289.6|1.0|0.88|0.0|0|-0.21026761499961158|-0.42053522999922316|-0.6308028449988348|-0.8410704599984463
289.8|1.0|0.88|0.0|0|-0.023783483256120255|-0.04756696651224051|-0.07135044976836077|-0.09513393302448102
290.0|1.0|0.88|0.0|0|0.7353060294518953|1.4706120589037905|2.2059180883556855|2.941224117807581
290.2|1.0|0.88|0.0|0|-0.28305948856490454|-0.5661189771298091|-0.8491784656947137|-1.1322379542596182
290.4|1.0|0.88|0.0|0|0.08216112476598944|0.16432224953197888|0.24648337429796832|0.32864449906395776
290.6|1.0|0.88|0.0|0|-0.47224628770753085|-0.9444925754150617|-1.4167388631225926|-1.8889851508301234
290.8|1.0|0.88|0.0|0|0.13531360789726035|0.2706272157945207|0.405940823691781|0.5412544315890414
291.0|1.0|0.88|0.0|0|-0.0637829782624613|-0.1275659565249226|-0.19134893478738393|-0.2551319130498452
291.2|1.0|0.88|0.0|0|-0.11657510490040306|-0.2331502098008061|-0.34972531470120916|-0.4663004196016122
291.4|1.0|0.88|0.0|0|0.22269989099702817|0.44539978199405633|0.6680996729910845|0.8907995639881127
291.6|1.0|0.88|0.0|0|0.16810598493699233|0.33621196987398466|0.504317954810977|0.6724239397479693
291.8|1.0|0.88|0.0|0|0.07477383046702023|0.14954766093404046|0.2243214914010607|0.2990953218680809
292.0|1.0|0.88|0.0|0|0.3565720734829668|0.7131441469659336|1.0697162204489006|1.4262882939318673
292.2|1.0|0.88|0.0|0|0.16035833652655143|0.32071667305310286|0.48107500957965427|0.6414333461062057
292.4|1.0|0.88|0.0|0|0.15008819403155954|0.3001763880631191|0.45026458209467857|0.6003527761262382
292.6|1.0|0.88|0.0|0|0.2486455077416033|0.4972910154832066|0.7459365232248099|0.9945820309664132
292.8|1.0|0.88|0.0|0|0.2713479249092054|0.5426958498184108|0.8140437747276162|1.0853916996368216
293.0|1.0|0.88|0.0|0|-0.0614406667015283|-0.1228813334030566|-0.18432200010458488|-0.2457626668061132
293.2|1.0|0.88|0.0|0|-0.06450368985475512|-0.12900737970951023|-0.19351106956426536|-0.25801475941902047
293.4|1.0|0.88|0.0|0|0.2612579618097518|0.5225159236195036|0.7837738854292554|1.0450318472390072
293.6|1.0|0.88|0.0|0|-0.025945618760015374|-0.05189123752003075|-0.07783685628004612|-0.1037824750400615
293.8|1.0|0.88|0.0|0|0.41242722452472697|0.8248544490494539|1.237281673574181|1.6497088980989079
294.0|1.0|0.88|0.0|0|-0.03153113405394836|-0.06306226810789672|-0.09459340216184509|-0.12612453621579345
294.2|1.0|0.88|0.0|0|0.317113111924846|0.634226223849692|0.951339335774538|1.268452447699384
294.4|1.0|0.88|0.0|0|0.6718834077645448|1.3437668155290896|2.0156502232936346|2.687533631058179
294.6|1.0|0.88|0.0|0|0.3063024383591258|0.6126048767182516|0.9189073150773773|1.2252097534365032
294.8|1.0|0.88|0.0|0|0.2790955735655737|0.5581911471311474|0.837286720696721|1.1163822942622947
295.0|1.0|0.88|0.0|0|0.27098756815801633|0.5419751363160327|0.812962704474049|1.0839502726320653
295.2|1.0|0.88|0.0|0|0.3668422136193843|0.7336844272387686|1.1005266408581529|1.4673688544775372
295.4|1.0|0.88|0.0|0|0.6266587523635831|1.2533175047271663|1.8799762570907494|2.5066350094543326
295.6|1.0|0.88|0.0|0|0.2630597407906319|0.5261194815812638|0.7891792223718955|1.0522389631625275
295.8|1.0|0.88|0.0|0|0.05657586258050292|0.11315172516100584|0.16972758774150876|0.22630345032201168
296.0|1.0|0.88|0.0|0|-0.13531360666820558|-0.27062721333641115|-0.40594082000461673|-0.5412544266728223
296.2|1.0|0.88|0.0|0|0.21603330773796206|0.4320666154759241|0.6480999232138862|0.8641332309518482
296.4|1.0|0.88|0.0|0|0.32414005015452885|0.6482801003090577|0.9724201504635867|1.2965602006181154
296.6|1.0|0.88|0.0|0|0.32215809381392346|0.6443161876278469|0.9664742814417704|1.2886323752556939
296.8|1.0|0.88|0.0|0|-0.19261018045450345|-0.3852203609090069|-0.5778305413635103|-0.7704407218180138
297.0|1.0|0.88|0.0|0|-0.1879255547103823|-0.3758511094207646|-0.5637766641311469|-0.7517022188415292
297.2|1.0|0.88|0.0|0|-0.039278782928304314|-0.07855756585660863|-0.11783634878491295|-0.15711513171321725
297.4|1.0|0.88|0.0|0|0.09477357746596689|0.18954715493193378|0.2843207323979007|0.37909430986386755
297.6|1.0|0.88|0.0|0|0.3996345936082074|0.7992691872164148|1.1989037808246223|1.5985383744328296
297.8|1.0|0.88|0.0|0|0.20053800711815728|0.40107601423631456|0.6016140213544718|0.8021520284726291
298.0|1.0|0.88|0.0|0|0.5226961016870342|1.0453922033740684|1.5680883050611023|2.0907844067481367
298.2|1.0|0.88|0.0|0|0.5486417204144532|1.0972834408289065|1.6459251612433596|2.194566881657813
298.4|1.0|0.88|0.0|0|-0.33621196986117896|-0.6724239397223579|-1.0086359095835369|-1.3448478794447158
298.6|1.0|0.88|0.0|0|0.6369288935462833|1.2738577870925667|1.91078668063885|2.5477155741851334
298.8|1.0|0.88|0.0|0|0.4504447609602361|0.9008895219204722|1.3513342828807084|1.8017790438409444
299.0|1.0|0.88|0.0|0|0.3194554250180957|0.6389108500361914|0.9583662750542871|1.2778217000723828
299.2|1.0|0.88|0.0|0|-0.10738603129459089|-0.21477206258918177|-0.32215809388377264|-0.42954412517836355
299.4|1.0|0.88|0.0|0|0.04468412009679018|0.08936824019358036|0.13405236029037054|0.17873648038716072
299.6|1.0|0.88|0.0|0|0.18738502014079148|0.37477004028158295|0.5621550604223744|0.7495400805631659
299.8|1.0|0.88|0.0|0|-0.10936798741022367|-0.21873597482044735|-0.328103962230671|-0.4374719496408947
300.0|1.0|0.88|0.0|0|-0.3517072702109002|-0.7034145404218004|-1.0551218106327005|-1.4068290808436008
300.2|1.0|0.88|0.0|0|-0.06180102026293758|-0.12360204052587516|-0.18540306078881275|-0.24720408105175032
300.4|1.0|0.88|0.0|0|-0.7016127616781166|-1.4032255233562332|-2.1048382850343494|-2.8064510467124664
300.6|1.0|0.88|0.0|0|0.11747599434020241|0.23495198868040482|0.35242798302060724|0.46990397736080963
300.8|1.0|0.88|0.0|0|0.2560328027865037|0.5120656055730074|0.768098408359511|1.0241312111460148
301.0|1.0|0.88|0.0|0|0.09675553501292607|0.19351107002585213|0.29026660503877816|0.38702214005170427
301.2|1.0|0.88|0.0|0|-0.09693571287090899|-0.19387142574181798|-0.29080713861272695|-0.38774285148363596
301.4|1.0|0.88|0.0|0|0.1657636725372869|0.3315273450745738|0.49729101761186073|0.6630546901491476
301.6|1.0|0.88|0.0|0|-0.11729581558029178|-0.23459163116058357|-0.35188744674087535|-0.46918326232116714
301.8|1.0|0.88|0.0|0|-0.5960285072060656|-1.1920570144121312|-1.788085521618197|-2.3841140288242624
302.0|1.0|0.88|0.0|0|0.22594309284177164|0.4518861856835433|0.6778292785253149|0.9037723713670865
302.2|1.0|0.88|0.0|0|0.188105733052944|0.376211466105888|0.564317199158832|0.752422932211776
302.4|1.0|0.88|0.0|0|0.18324092986906196|0.3664818597381239|0.5497227896071859|0.7329637194762478
302.6|1.0|0.88|0.0|0|-0.1722500772203786|-0.3445001544407572|-0.5167502316611358|-0.6890003088815144
302.8|1.0|0.88|0.0|0|0.03459415770688796|0.06918831541377592|0.10378247312066387|0.13837663082755183
303.0|1.0|0.88|0.0|0|0.2967530099287981|0.5935060198575962|0.8902590297863943|1.1870120397151924
303.2|1.0|0.88|0.0|0|0.12756595742073853|0.25513191484147707|0.3826978722622156|0.5102638296829541
303.4|1.0|0.88|0.0|0|0.4097245559724983|0.8194491119449966|1.2291736679174947|1.6388982238899932
303.6|1.0|0.88|0.0|0|0.5713441371725645|1.142688274345129|1.7140324115176933|2.285376548690258
303.8|1.0|0.88|0.0|0|0.25116799933137396|0.5023359986627479|0.7535039979941218|1.0046719973254958
304.0|1.0|0.88|0.0|0|0.4681021972873718|0.9362043945747436|1.4043065918621154|1.8724087891494872
304.2|1.0|0.88|0.0|0|-0.3659413249380308|-0.7318826498760616|-1.0978239748140923|-1.463765299752123
304.4|1.0|0.88|0.0|0|-0.37765288821799947|-0.7553057764359989|-1.1329586646539984|-1.5106115528719979
304.6|1.0|0.88|0.0|0|-0.10017891422408874|-0.20035782844817748|-0.30053674267226627|-0.40071565689635497
304.8|1.0|0.88|0.0|0|-0.09711589026410374|-0.19423178052820747|-0.2913476707923112|-0.38846356105641494
305.0|1.0|0.88|0.0|0|-0.48251642839721215|-0.9650328567944243|-1.4475492851916365|-1.9300657135888486
305.2|1.0|0.88|0.0|0|0.021441171372425762|0.042882342744851525|0.06432351411727728|0.08576468548970305
305.4|1.0|0.88|0.0|0|0.4453997808569697|0.8907995617139394|1.336199342570909|1.7815991234278787
305.6|1.0|0.88|0.0|0|0.21080814795714123|0.42161629591428246|0.6324244438714237|0.8432325918285649
305.8|1.0|0.88|0.0|0|0.22071793337760048|0.44143586675520097|0.6621538001328015|0.8828717335104019
306.0|1.0|0.88|0.0|0|0.09747624661133168|0.19495249322266336|0.29242873983399503|0.38990498644532673
306.2|1.0|0.88|0.0|0|0.6214335943569318|1.2428671887138636|1.8643007830707954|2.485734377427727
306.4|1.0|0.88|0.0|0|0.07963863408716869|0.15927726817433738|0.23891590226150605|0.31855453634867475
306.6|1.0|0.88|0.0|0|0.37927448985050466|0.7585489797010093|1.137823469551514|1.5170979594020186
306.8|1.0|0.88|0.0|0|-0.05603532846056628|-0.11207065692113256|-0.16810598538169885|-0.22414131384226513
307.0|1.0|0.88|0.0|0|0.19549302657716924|0.3909860531543385|0.5864790797315077|0.781972106308677
307.2|1.0|0.88|0.0|0|-0.0036035583243938193|-0.007207116648787639|-0.010810674973181458|-0.014414233297575277
307.4|1.0|0.88|0.0|0|0.623775907917298|1.247551815834596|1.871327723751894|2.495103631669192
307.6|1.0|0.88|0.0|0|0.02882846547901866|0.05765693095803732|0.08648539643705597|0.11531386191607464
307.8|1.0|0.88|0.0|0|0.05693621726386487|0.11387243452772974|0.1708086517915946|0.2277448690554595
308.0|1.0|0.88|0.0|0|-0.05909835326048784|-0.11819670652097568|-0.1772950597814635|-0.23639341304195136
308.2|1.0|0.88|0.0|0|0.041981452242471316|0.08396290448494263|0.12594435672741394|0.16792580896988527
308.4|1.0|0.88|0.0|0|0.5909835268519242|1.1819670537038485|1.7729505805557726|2.363934107407697
308.6|1.0|0.88|0.0|0|0.4709850431629461|0.9419700863258922|1.4129551294888383|1.8839401726517844
308.8|1.0|0.88|0.0|0|0.0248645514881355|0.049729102976271|0.0745936544644065|0.099458205952542
309.0|1.0|0.88|0.0|0|0.13261093929788342|0.26522187859576685|0.39783281789365027|0.5304437571915337
309.2|1.0|0.88|0.0|0|0.5108043599728267|1.0216087199456534|1.53241307991848|2.0432174398913068
309.4|1.0|0.88|0.0|0|-0.2731497040967227|-0.5462994081934454|-0.8194491122901679|-1.0925988163868907
309.6|1.0|0.88|0.0|0|0.20540281204157526|0.4108056240831505|0.6162084361247259|0.821611248166301
309.8|1.0|0.88|0.0|0|-0.11675528159335964|-0.23351056318671928|-0.35026584478007894|-0.46702112637343857
310.0|1.0|0.88|0.0|0|0.16540331667667502|0.33080663335335003|0.49620995003002505|0.6616132667067001
310.2|1.0|0.88|0.0|0|0.11279136860364825|0.2255827372072965|0.33837410581094474|0.451165474414593
310.4|1.0|0.88|0.0|0|0.6293614219085435|1.258722843817087|1.8880842657256307|2.517445687634174
310.6|1.0|0.88|0.0|0|-0.09639517924631955|-0.1927903584926391|-0.2891855377389586|-0.3855807169852782
310.8|1.0|0.88|0.0|0|0.08486379263980787|0.16972758527961573|0.2545913779194236|0.33945517055923147
311.0|1.0|0.88|0.0|0|-0.2306277178679013|-0.4612554357358026|-0.6918831536037039|-0.9225108714716052
311.2|1.0|0.88|0.0|0|-0.023783483668230496|-0.04756696733646099|-0.07135045100469148|-0.09513393467292199
311.4|1.0|0.88|0.0|0|-0.11477332530455907|-0.22954665060911814|-0.3443199759136772|-0.45909330121823627
311.6|1.0|0.88|0.0|0|-0.13693520751141489|-0.27387041502282977|-0.4108056225342447|-0.5477408300456595
311.8|1.0|0.88|0.0|0|-0.02378348357829966|-0.04756696715659932|-0.07135045073489897|-0.09513393431319864
312.0|1.0|0.88|0.0|0|-0.0994582024522243|-0.1989164049044486|-0.2983746073566729|-0.3978328098088972
312.2|1.0|0.88|0.0|0|-0.17225007703033057|-0.34450015406066115|-0.5167502310909917|-0.6890003081213223
312.4|1.0|0.88|0.0|0|0.010810674123931685|0.02162134824786337|0.03243202237179506|0.04324269649572674
312.6|1.0|0.88|0.0|0|0.0014414242524071609|0.0028828485048143218|0.004324272757221483|0.0057656970096286436
312.8|1.0|0.88|0.0|0|0.5763891170674474|1.1527782341348949|1.7291673512023424|2.3055564682697898
313.0|1.0|0.88|0.0|0|0.46035454744880594|0.9207090948976119|1.3810636423464178|1.8414181897952238
313.2|1.0|0.88|0.0|0|0.1980155175866095|0.396031035173219|0.5940465527598285|0.792062070346438
313.4|1.0|0.88|0.0|0|-0.07963863429729834|-0.15927726859459668|-0.23891590289189502|-0.31855453718919335
313.6|1.0|0.88|0.0|0|0.4001751256830179|0.8003502513660358|1.2005253770490536|1.6007005027320715
313.8|1.0|0.88|0.0|0|0.2940503413559057|0.5881006827118114|0.882151024067717|1.1762013654236227
314.0|1.0|0.88|0.0|0|0.38720231718471076|0.7744046343694215|1.1616069515541323|1.548809268738843
314.2|1.0|0.88|0.0|0|-0.06144066580542136|-0.12288133161084272|-0.18432199741626407|-0.24576266322168544
314.4|1.0|0.88|0.0|0|0.7799901502457222|1.5599803004914443|2.3399704507371664|3.1199606009828886
314.6|1.0|0.88|0.0|0|0.3920671205053808|0.7841342410107616|1.1762013615161424|1.5682684820215231
314.8|1.0|0.88|0.0|0|0.1904480450789562|0.3808960901579124|0.5713441352368687|0.7617921803158249
315.0|1.0|0.88|0.0|0|-0.22306024607270974|-0.4461204921454195|-0.6691807382181293|-0.892240984290839
315.2|1.0|0.88|0.0|0|-0.17513292465126157|-0.35026584930252314|-0.5253987739537848|-0.7005316986050463
315.4|1.0|0.88|0.0|0|0.0014414235475123873|0.0028828470950247745|0.004324270642537162|0.005765694190049549
315.6|1.0|0.88|0.0|0|-0.0281077529958566|-0.0562155059917132|-0.08432325898756979|-0.1124310119834264
315.8|1.0|0.88|0.0|0|0.18846608897438288|0.37693217794876577|0.5653982669231487|0.7538643558975315
316.0|1.0|0.88|0.0|0|0.25116799983981786|0.5023359996796357|0.7535039995194536|1.0046719993592714
316.2|1.0|0.88|0.0|0|-0.09189073131623453|-0.18378146263246906|-0.27567219394870357|-0.3675629252649381
316.4|1.0|0.88|0.0|0|0.00648640483297641|0.01297280966595282|0.01945921449892923|0.02594561933190564
316.6|1.0|0.88|0.0|0|0.3090051073653743|0.6180102147307486|0.9270153220961228|1.2360204294614971
316.8|1.0|0.88|0.0|0|-0.13981805288378393|-0.27963610576756787|-0.4194541586513518|-0.5592722115351357
317.0|1.0|0.88|0.0|0|0.39206712139333866|0.7841342427866773|1.176201364180016|1.5682684855733546
317.2|1.0|0.88|0.0|0|0.34954513523640374|0.6990902704728075|1.0486354057092113|1.398180540945615
317.4|1.0|0.88|0.0|0|0.4425169345672479|0.8850338691344958|1.3275508037017438|1.7700677382689916
317.6|1.0|0.88|0.0|0|0.24612301710760243|0.49224603421520485|0.7383690513228073|0.9844920684304097
317.8|1.0|0.88|0.0|0|0.014414232456765616|0.02882846491353123|0.043242697370296845|0.05765692982706246
318.0|1.0|0.88|0.0|0|-0.09441322191589288|-0.18882644383178576|-0.2832396657476786|-0.3776528876635715
318.2|1.0|0.88|0.0|0|-0.4044993966227052|-0.8089987932454104|-1.2134981898681154|-1.6179975864908207
318.4|1.0|0.88|0.0|0|-0.17531310138292627|-0.35062620276585255|-0.5259393041487788|-0.7012524055317051
318.6|1.0|0.88|0.0|0|-0.034053623933286904|-0.06810724786657381|-0.1021608717998607|-0.13621449573314762
318.8|1.0|0.88|0.0|0|0.02648615187063117|0.05297230374126234|0.0794584556118935|0.10594460748252468
319.0|1.0|0.88|0.0|0|0.1023410497457372|0.2046820994914744|0.3070231492372116|0.4093641989829488
319.2|1.0|0.88|0.0|0|0.6068391823247663|1.2136783646495326|1.8205175469742987|2.427356729299065
319.4|1.0|0.88|0.0|0|0.1396378760522931|0.2792757521045862|0.4189136281568794|0.5585515042091724
319.6|1.0|0.88|0.0|0|0.11477332597249197|0.22954665194498394|0.34431997791747593|0.4590933038899679
319.8|1.0|0.88|0.0|0|0.5655784431309444|1.1311568862618888|1.6967353293928333|2.2623137725237776
320.0|1.0|0.88|0.0|0|-0.3562117169061097|-0.7124234338122194|-1.068635150718329|-1.4248468676244388
320.2|1.0|0.88|0.0|0|0.7526031090054318|1.5052062180108636|2.2578093270162953|3.0104124360217273
320.4|1.0|0.88|0.0|0|0.08450343730713947|0.16900687461427893|0.25351031192141843|0.33801374922855787
320.6|1.0|0.88|0.0|0|0.04450394156796396|0.08900788313592792|0.1335118247038919|0.17801576627185584
320.8|1.0|0.88|0.0|0|0.4380124864517715|0.876024972903543|1.3140374593553146|1.752049945807086
321.0|1.0|0.88|0.0|0|0.019098858196230157|0.038197716392460314|0.05729657458869047|0.07639543278492063
321.2|1.0|0.88|0.0|0|0.525939304355707|1.051878608711414|1.577817913067121|2.103757217422828
321.4|1.0|0.88|0.0|0|0.19297053634654748|0.38594107269309497|0.5789116090396424|0.7718821453861899
321.6|1.0|0.88|0.0|0|0.5084620481601455|1.016924096320291|1.5253861444804366|2.033848192640582
321.8|1.0|0.88|0.0|0|-0.28846482550550745|-0.5769296510110149|-0.8653944765165223|-1.1538593020220298
322.0|1.0|0.88|0.0|0|-0.028648286556417612|-0.057296573112835224|-0.08594485966925285|-0.11459314622567045
322.2|1.0|0.88|0.0|0|0.40990473341516953|0.8198094668303391|1.2297142002455086|1.6396189336606781
322.4|1.0|0.88|0.0|0|0.3165725787967679|0.6331451575935358|0.9497177363903038|1.2662903151870717
322.6|1.0|0.88|0.0|0|-0.18288057273923203|-0.36576114547846406|-0.5486417182176961|-0.7315222909569281
322.8|1.0|0.88|0.0|0|-0.01621601194841789|-0.03243202389683578|-0.04864803584525366|-0.06486404779367155
323.0|1.0|0.88|0.0|0|0.5659387994423747|1.1318775988847494|1.697816398327124|2.2637551977694987
323.2|1.0|0.88|0.0|0|-0.006666582027100964|-0.013333164054201927|-0.01999974608130289|-0.026666328108403855
323.4|1.0|0.88|0.0|0|0.7426933234618635|1.485386646923727|2.2280799703855902|2.970773293847454
323.6|1.0|0.88|0.0|0|0.16522313998983024|0.3304462799796605|0.4956694199694907|0.660892559959321
323.8|1.0|0.88|0.0|0|0.23098807444941505|0.4619761488988301|0.6929642233482451|0.9239522977976602
324.0|1.0|0.88|0.0|0|-0.003963914764462974|-0.007927829528925947|-0.011891744293388922|-0.015855659057851895
324.2|1.0|0.88|0.0|0|0.11531385925511141|0.23062771851022282|0.34594157776533424|0.46125543702044564
324.4|1.0|0.88|0.0|0|0.343959620498645|0.68791924099729|1.0318788614959349|1.37583848199458
324.6|1.0|0.88|0.0|0|0.520533968561504|1.041067937123008|1.561601905684512|2.082135874246016
324.8|1.0|0.88|0.0|0|-0.49729101679113275|-0.9945820335822655|-1.4918730503733981|-1.989164067164531
325.0|1.0|0.88|0.0|0|0.10198069468926414|0.20396138937852828|0.30594208406779244|0.40792277875705657
325.2|1.0|0.88|0.0|0|-0.0684676043639775|-0.136935208727955|-0.2054028130919325|-0.27387041745591
325.4|1.0|0.88|0.0|0|-0.1751329236713356|-0.3502658473426712|-0.5253987710140068|-0.7005316946853424
325.6|1.0|0.88|0.0|0|-0.15999797908065388|-0.31999595816130777|-0.47999393724196165|-0.6399919163226155
325.8|1.0|0.88|0.0|0|-0.0819809469406028|-0.1639618938812056|-0.24594284082180842|-0.3279237877624112
326.0|1.0|0.88|0.0|0|0.5506236771924892|1.1012473543849783|1.6518710315774676|2.2024947087699567
326.2|1.0|0.88|0.0|0|0.3899049852837928|0.7798099705675856|1.1697149558513784|1.5596199411351712
326.4|1.0|0.88|0.0|0|0.21855579900817265|0.4371115980163453|0.655667397024518|0.8742231960326906
326.6|1.0|0.88|0.0|0|0.22071793331357203|0.44143586662714407|0.6621537999407161|0.8828717332542881
326.8|1.0|0.88|0.0|0|0.25621298057580155|0.5124259611516031|0.7686389417274047|1.0248519223032062
327.0|1.0|0.88|0.0|0|0.5657586206711135|1.131517241342227|1.6972758620133406|2.263034482684454
327.2|1.0|0.88|0.0|0|0.2531499565695415|0.506299913139083|0.7594498697086244|1.012599826278166
327.4|1.0|0.88|0.0|0|0.19297053559508656|0.3859410711901731|0.5789116067852598|0.7718821423803462
327.6|1.0|0.88|0.0|0|-0.5151286296002222|-1.0302572592004444|-1.5453858888006666|-2.060514518400889
327.8|1.0|0.88|0.0|0|-0.2581949379670552|-0.5163898759341105|-0.7745848139011657|-1.032779751868221
328.0|1.0|0.88|0.0|0|-0.27116774544323585|-0.5423354908864717|-0.8135032363297076|-1.0846709817729434
328.2|1.0|0.88|0.0|0|-0.25080764383455995|-0.5016152876691199|-0.7524229315036798|-1.0032305753382398
328.4|1.0|0.88|0.0|0|-0.5434165608824701|-1.0868331217649403|-1.6302496826474104|-2.1736662435298806
328.6|1.0|0.88|0.0|0|0.19062822390493256|0.3812564478098651|0.5718846717147976|0.7625128956197302
328.8|1.0|0.88|0.0|0|-0.10936798838345577|-0.21873597676691153|-0.32810396515036727|-0.43747195353382307
329.0|1.0|0.88|0.0|0|0.3972922803217083|0.7945845606434166|1.1918768409651248|1.5891691212868333
329.2|1.0|0.88|0.0|0|-0.38666178399493256|-0.7733235679898651|-1.1599853519847976|-1.5466471359797302
329.4|1.0|0.88|0.0|0|0.5866592584870528|1.1733185169741056|1.7599777754611585|2.346637033948211
329.6|1.0|0.88|0.0|0|0.5484615413393481|1.0969230826786962|1.6453846240180443|2.1938461653573924
329.8|1.0|0.88|0.0|0|-0.1245029320230243|-0.2490058640460486|-0.3735087960690729|-0.4980117280920972
330.0|1.0|0.88|0.0|0|0.1781959473941244|0.3563918947882488|0.5345878421823732|0.7127837895764976
330.2|1.0|0.88|0.0|0|0.5816142759250947|1.1632285518501895|1.7448428277752843|2.326457103700379
330.4|1.0|0.88|0.0|0|0.07927827976644046|0.15855655953288092|0.2378348392993214|0.31711311906576184
330.6|1.0|0.88|0.0|0|0.27621272754913684|0.5524254550982737|0.8286381826474106|1.1048509101965474
330.8|1.0|0.88|0.0|0|0.19351106970949347|0.38702213941898694|0.5805332091284805|0.7740442788379739
331.0|1.0|0.88|0.0|0|0.13261093646782696|0.2652218729356539|0.39783280940348087|0.5304437458713078
331.2|1.0|0.88|0.0|0|0.01657636759220624|0.03315273518441248|0.04972910277661872|0.06630547036882496
331.4|1.0|0.88|0.0|0|0.40197690644097783|0.8039538128819557|1.2059307193229334|1.6079076257639113
331.6|1.0|0.88|0.0|0|0.35909456380875815|0.7181891276175163|1.0772836914262744|1.4363782552350326
331.8|1.0|0.88|0.0|0|0.6091814953621366|1.2183629907242732|1.8275444860864098|2.4367259814485465
332.0|1.0|0.88|0.0|0|-0.23567269955761752|-0.47134539911523504|-0.7070180986728526|-0.9426907982304701
332.2|1.0|0.88|0.0|0|-0.0864853935287102|-0.1729707870574204|-0.25945618058613057|-0.3459415741148408
332.4|1.0|0.88|0.0|0|0.1347730734976359|0.2695461469952718|0.4043192204929077|0.5390922939905436
332.6|1.0|0.88|0.0|0|0.3290048532985387|0.6580097065970774|0.9870145598956159|1.3160194131941547
332.8|1.0|0.88|0.0|0|0.07675578642840271|0.15351157285680542|0.23026735928520814|0.30702314571361083
333.0|1.0|0.88|0.0|0|0.1549529988804717|0.3099059977609434|0.4648589966414151|0.6198119955218868
333.2|1.0|0.88|0.0|0|-0.18522288763837438|-0.37044577527674877|-0.5556686629151232|-0.7408915505534975
333.4|1.0|0.88|0.0|0|-0.1473855267997716|-0.2947710535995432|-0.4421565803993148|-0.5895421071990864
333.6|1.0|0.88|0.0|0|-0.2938701630316794|-0.5877403260633588|-0.8816104890950381|-1.1754806521267176
333.8|1.0|0.88|0.0|0|-0.10756621015665596|-0.21513242031331192|-0.3226986304699679|-0.43026484062662385
334.0|1.0|0.88|0.0|0|0.12053901858977052|0.24107803717954104|0.3616170557693116|0.4821560743590821
334.2|1.0|0.88|0.0|0|0.3387344621066589|0.6774689242133178|1.0162033863199766|1.3549378484266357
334.4|1.0|0.88|0.0|0|0.7299006931245101|1.4598013862490202|2.18970207937353|2.9196027724980405
334.6|1.0|0.88|0.0|0|-0.6589105979600578|-1.3178211959201156|-1.9767317938801734|-2.635642391840231
334.8|1.0|0.88|0.0|0|-0.4650391719877375|-0.930078343975475|-1.3951175159632125|-1.86015668795095
335.0|1.0|0.88|0.0|0|0.3816168021672642|0.7632336043345284|1.1448504065017924|1.5264672086690567
335.2|1.0|0.88|0.0|0|0.1351334282557947|0.2702668565115894|0.40540028476738404|0.5405337130231788
335.4|1.0|0.88|0.0|0|0.2711677463425442|0.5423354926850884|0.8135032390276327|1.0846709853701768
335.6|1.0|0.88|0.0|0|0.06162084365874767|0.12324168731749534|0.18486253097624303|0.24648337463499068
335.8|1.0|0.88|0.0|0|-0.6816130138470914|-1.3632260276941828|-2.044839041541274|-2.7264520553883655
336.0|1.0|0.88|0.0|0|-0.24630319601565157|-0.49260639203130313|-0.7389095880469547|-0.9852127840626063
336.2|1.0|0.88|0.0|0|-0.028828464830876355|-0.05765692966175271|-0.08648539449262906|-0.11531385932350542
336.4|1.0|0.88|0.0|0|-0.2709875684010333|-0.5419751368020665|-0.8129627052030999|-1.083950273604133
336.6|1.0|0.88|0.0|0|0.062161376241711024|0.12432275248342205|0.18648412872513306|0.2486455049668441
336.8|1.0|0.88|0.0|0|0.1828805727578585|0.365761145515717|0.5486417182735754|0.731522291031434
337.0|1.0|0.88|0.0|0|-0.23098807278322075|-0.4619761455664415|-0.6929642183496623|-0.923952291132883
337.2|1.0|0.88|0.0|0|-0.5075611573026986|-1.0151223146053971|-1.5226834719080957|-2.0302446292107943
337.4|1.0|0.88|0.0|0|0.5585515053512068|1.1171030107024136|1.6756545160536203|2.234206021404827
337.6|1.0|0.88|0.0|0|-0.023783482545113678|-0.047566965090227356|-0.07135044763534103|-0.09513393018045471
337.8|1.0|0.88|0.0|0|0.03441397894290279|0.06882795788580558|0.10324193682870837|0.13765591577161115
338.0|1.0|0.88|0.0|0|-0.016216010951902733|-0.032432021903805466|-0.04864803285570819|-0.06486404380761093
338.2|1.0|0.88|0.0|0|-0.22558273639151613|-0.45116547278303226|-0.6767482091745484|-0.9023309455660645
338.4|1.0|0.88|0.0|0|-0.08198094727442375|-0.1639618945488475|-0.24594284182327122|-0.327923789097695
338.6|1.0|0.88|0.0|0|-0.341617306696426|-0.683234613392852|-1.0248519200892778|-1.366469226785704
338.8|1.0|0.88|0.0|0|0.1830607510131087|0.3661215020262174|0.5491822530393261|0.7322430040524348
339.0|1.0|0.88|0.0|0|0.06684600215725374|0.13369200431450748|0.2005380064717612|0.26738400862901496
339.2|1.0|0.88|0.0|0|0.5533263452770193|1.1066526905540386|1.659979035831058|2.213305381108077
339.4|1.0|0.88|0.0|0|0.15495299838192308|0.30990599676384617|0.4648589951457693|0.6198119935276923
339.6|1.0|0.88|0.0|0|0.7199909073067835|1.439981814613567|2.159972721920351|2.879963629227134
339.8|1.0|0.88|0.0|0|0.9394475960120334|1.8788951920240669|2.8183427880361003|3.7577903840481337
340.0|1.0|0.88|0.0|0|0.3486442452803024|0.6972884905606048|1.0459327358409074|1.3945769811212096
340.2|1.0|0.88|0.0|0|0.2059433445680772|0.4118866891361544|0.6178300337042316|0.8237733782723088
340.4|1.0|0.88|0.0|0|0.25873547160968907|0.5174709432193781|0.7762064148290672|1.0349418864387563
340.6|1.0|0.88|0.0|0|-0.3565720732937919|-0.7131441465875838|-1.0697162198813759|-1.4262882931751677
340.8|1.0|0.88|0.0|0|0.3744096860784342|0.7488193721568684|1.1232290582353026|1.497638744313737
341.0|1.0|0.88|0.0|0|-0.26107778437901313|-0.5221555687580263|-0.7832333531370393|-1.0443111375160525
341.2|1.0|0.88|0.0|0|-0.2954917629153354|-0.5909835258306708|-0.8864752887460062|-1.1819670516613416
341.4|1.0|0.88|0.0|0|0.05189123623771598|0.10378247247543196|0.15567370871314792|0.20756494495086392
341.6|1.0|0.88|0.0|0|-0.12918755725870154|-0.2583751145174031|-0.3875626717761046|-0.5167502290348062
341.8|1.0|0.88|0.0|0|0.5104440034859004|1.0208880069718007|1.531332010457701|2.0417760139436014
342.0|1.0|0.88|0.0|0|0.062341555049934015|0.12468311009986803|0.18702466514980204|0.24936622019973606
342.2|1.0|0.88|0.0|0|0.5713441370046354|1.1426882740092708|1.714032411013906|2.2853765480185415
342.4|1.0|0.88|0.0|0|-0.10954816468816726|-0.21909632937633453|-0.3286444940645018|-0.43819265875266905
342.6|1.0|0.88|0.0|0|-0.4628770378479389|-0.9257540756958778|-1.3886311135438167|-1.8515081513917555
342.8|1.0|0.88|0.0|0|0.28648287017713325|0.5729657403542665|0.8594486105313998|1.145931480708533
343.0|1.0|0.88|0.0|0|-0.02666633024811747|-0.05333266049623494|-0.0799989907443524|-0.10666532099246988
343.2|1.0|0.88|0.0|0|-0.16522313849767684|-0.33044627699535367|-0.49566941549303056|-0.6608925539907073
343.4|1.0|0.88|0.0|0|0.626658752278891|1.253317504557782|1.8799762568366731|2.506635009115564
343.6|1.0|0.88|0.0|0|-0.29350980632007145|-0.5870196126401429|-0.8805294189602144|-1.1740392252802858
343.8|1.0|0.88|0.0|0|0.10702567574568102|0.21405135149136204|0.32107702723704307|0.42810270298272407
344.0|1.0|0.88|0.0|0|0.09225108657585232|0.18450217315170464|0.276753259727557|0.3690043463034093
344.2|1.0|0.88|0.0|0|-0.036756292855134265|-0.07351258571026853|-0.1102688785654028|-0.14702517142053706
344.4|1.0|0.88|0.0|0|0.12270115360384817|0.24540230720769635|0.36810346081154455|0.4908046144153927
344.6|1.0|0.88|0.0|0|0.20828565820062087|0.41657131640124173|0.6248569746018626|0.8331426328024835
344.8|1.0|0.88|0.0|0|0.7044956069352344|1.4089912138704688|2.1134868208057034|2.8179824277409375
345.0|1.0|0.88|0.0|0|0.20612352312076856|0.41224704624153713|0.6183705693623056|0.8244940924830743
345.2|1.0|0.88|0.0|0|0.5686414673121185|1.137282934624237|1.7059244019363555|2.274565869248474
345.4|1.0|0.88|0.0|0|0.1448630355545903|0.2897260711091806|0.4345891066637709|0.5794521422183612
345.6|1.0|0.88|0.0|0|0.15279086338618086|0.30558172677236173|0.45837259015854254|0.6111634535447235
345.8|1.0|0.88|0.0|0|-0.010990851234237207|-0.021981702468474414|-0.03297255370271162|-0.04396340493694883
346.0|1.0|0.88|0.0|0|0.25351031194237317|0.5070206238847463|0.7605309358271195|1.0140412477694927
346.2|1.0|0.88|0.0|0|0.09441322282509654|0.18882644565019308|0.28323966847528964|0.37765289130038615
346.4|1.0|0.88|0.0|0|0.23783483393694063|0.47566966787388126|0.7135045018108219|0.9513393357477625
346.6|1.0|0.88|0.0|0|-0.013152987022476748|-0.026305974044953495|-0.03945896106743024|-0.05261194808990699
346.8|1.0|0.88|0.0|0|-0.0338734456963721|-0.0677468913927442|-0.10162033708911632|-0.1354937827854884
347.0|1.0|0.88|0.0|0|-0.3012574573527675|-0.602514914705535|-0.9037723720583025|-1.20502982941107
347.2|1.0|0.88|0.0|0|0.15765566618472818|0.31531133236945635|0.4729669985541845|0.6306226647389127
347.4|1.0|0.88|0.0|0|-0.288104469033133|-0.576208938066266|-0.8643134070993991|-1.152417876132532
347.6|1.0|0.88|0.0|0|0.5481011872037203|1.0962023744074405|1.6443035616111608|2.192404748814881
347.8|1.0|0.88|0.0|0|-0.05963888731435878|-0.11927777462871755|-0.17891666194307634|-0.2385555492574351
348.0|1.0|0.88|0.0|0|-0.3061222603335048|-0.6122445206670096|-0.9183667810005144|-1.2244890413340193
348.2|1.0|0.88|0.0|0|-0.2954917643012598|-0.5909835286025196|-0.8864752929037794|-1.1819670572050391
348.4|1.0|0.88|0.0|0|-0.07387294043262961|-0.14774588086525922|-0.22161882129788885|-0.29549176173051844
348.6|1.0|0.88|0.0|0|0.3063024391274669|0.6126048782549338|0.9189073173824007|1.2252097565098676
348.8|1.0|0.88|0.0|0|-0.03639593711734054|-0.07279187423468109|-0.10918781135202163|-0.14558374846936217
349.0|1.0|0.88|0.0|0|0.10252122862788392|0.20504245725576783|0.30756368588365174|0.41008491451153567
349.2|1.0|0.88|0.0|0|0.36395936863060374|0.7279187372612075|1.0918781058918112|1.455837474522415
349.4|1.0|0.88|0.0|0|0.06936849356250611|0.13873698712501223|0.20810548068751833|0.27747397425002446
349.6|1.0|0.88|0.0|0|0.4675616637719217|0.9351233275438434|1.402684991315765|1.8702466550876868
349.8|1.0|0.88|0.0|0|-0.10432300643733479|-0.20864601287466958|-0.3129690193120044|-0.41729202574933916
350.0|1.0|0.88|0.0|0|0.4248594996455362|0.8497189992910724|1.2745784989366087|1.6994379985821448
350.2|1.0|0.88|0.0|0|0.5082818697742191|1.0165637395484381|1.5248456093226572|2.0331274790968763
350.4|1.0|0.88|0.0|0|0.21351081786386222|0.42702163572772445|0.6405324535915866|0.8540432714554489
350.6|1.0|0.88|0.0|0|0.36954488285089643|0.7390897657017929|1.1086346485526892|1.4781795314035857
350.8|1.0|0.88|0.0|0|0.5008945764586683|1.0017891529173366|1.502683729376005|2.0035783058346732
351.0|1.0|0.88|0.0|0|0.15765566790592872|0.31531133581185744|0.4729670037177861|0.6306226716237149
351.2|1.0|0.88|0.0|0|0.07675578758644412|0.15351157517288824|0.23026736275933238|0.3070231503457765
351.4|1.0|0.88|0.0|0|0.14810623817495083|0.29621247634990167|0.4443187145248525|0.5924249526998033
351.6|1.0|0.88|0.0|0|0.016576367974339534|0.03315273594867907|0.0497291039230186|0.06630547189735814
351.8|1.0|0.88|0.0|0|-0.12432275460421817|-0.24864550920843634|-0.3729682638126545|-0.4972910184168727
352.0|1.0|0.88|0.0|0|0.05945870868396019|0.11891741736792039|0.17837612605188058|0.23783483473584077
352.2|1.0|0.88|0.0|0|0.4855794530166899|0.9711589060333798|1.4567383590500698|1.9423178120667597
352.4|1.0|0.88|0.0|0|0.19513267064030532|0.39026534128061063|0.585398011920916|0.7805306825612213
352.6|1.0|0.88|0.0|0|-0.011711564066063157|-0.023423128132126315|-0.035134692198189474|-0.04684625626425263
352.8|1.0|0.88|0.0|0|0.016576366811350468|0.033152733622700936|0.049729100434051404|0.06630546724540187
353.0|1.0|0.88|0.0|0|0.27134792462602514|0.5426958492520503|0.8140437738780755|1.0853916985041006
353.2|1.0|0.88|0.0|0|0.30666279378638167|0.6133255875727633|0.919988381359145|1.2266511751455267
353.4|1.0|0.88|0.0|0|-0.05909835196071077|-0.11819670392142154|-0.1772950558821323|-0.23639340784284307
353.6|1.0|0.88|0.0|0|0.45062493941688486|0.9012498788337697|1.3518748182506546|1.8024997576675394
353.8|1.0|0.88|0.0|0|0.5864790799623011|1.1729581599246022|1.7594372398869034|2.3459163198492043
354.0|1.0|0.88|0.0|0|-0.14522339119517724|-0.2904467823903545|-0.4356701735855317|-0.580893564780709
354.2|1.0|0.88|0.0|0|0.08756646266672768|0.17513292533345537|0.26269938800018305|0.35026585066691074
354.4|1.0|0.88|0.0|0|0.27134792566706917|0.5426958513341383|0.8140437770012074|1.0853917026682767
354.6|1.0|0.88|0.0|0|0.07477383048972122|0.14954766097944244|0.22432149146916364|0.2990953219588849
354.8|1.0|0.88|0.0|0|0.31098706396442166|0.6219741279288433|0.932961191893265|1.2439482558576866
355.0|1.0|0.88|0.0|0|0.3135095544232175|0.627019108846435|0.9405286632696525|1.25403821769287
355.2|1.0|0.88|0.0|0|0.009189072838053116|0.018378145676106232|0.027567218514159345|0.036756291352212464
355.4|1.0|0.88|0.0|0|0.0666658254107461|0.1333316508214922|0.1999974762322383|0.2666633016429844
355.6|1.0|0.88|0.0|0|0.3872023177132363|0.7744046354264726|1.1616069531397089|1.5488092708529453
355.8|1.0|0.88|0.0|0|0.7830531743037871|1.5661063486075741|2.349159522911361|3.1322126972151483
356.0|1.0|0.88|0.0|0|0.12972809214872552|0.25945618429745104|0.3891842764461766|0.5189123685949021
356.2|1.0|0.88|0.0|0|-0.11134994392254167|-0.22269988784508335|-0.334049831767625|-0.4453997756901667
356.4|1.0|0.88|0.0|0|0.2960322974715385|0.592064594943077|0.8880968924146153|1.184129189886154
356.6|1.0|0.88|0.0|0|-0.033873446777579405|-0.06774689355515881|-0.10162034033273822|-0.13549378711031762
356.8|1.0|0.88|0.0|0|0.34413979808043255|0.6882795961608651|1.0324193942412976|1.3765591923217302
357.0|1.0|0.88|0.0|0|0.23333038700948258|0.46666077401896516|0.6999911610284477|0.9333215480379303
357.2|1.0|0.88|0.0|0|0.17765541288797992|0.35531082577595985|0.5329662386639398|0.7106216515519197
357.4|1.0|0.88|0.0|0|0.7898999351297978|1.5797998702595957|2.369699805389393|3.1595997405191913
357.6|1.0|0.88|0.0|0|0.11026887830288624|0.2205377566057725|0.33080663490865875|0.441075513211545
357.8|1.0|0.88|0.0|0|-0.08450343781965793|-0.16900687563931585|-0.2535103134589738|-0.3380137512786317
358.0|1.0|0.88|0.0|0|-0.36630168033443655|-0.7326033606688731|-1.0989050410033097|-1.4652067213377462
358.2|1.0|0.88|0.0|0|0.11999848488456348|0.23999696976912696|0.3599954546536904|0.4799939395382539
358.4|1.0|0.88|0.0|0|0.265942588541657|0.531885177083314|0.7978277656249709|1.063770354166628
358.6|1.0|0.88|0.0|0|0.23585287779569647|0.47170575559139294|0.7075586333870894|0.9434115111827859
358.8|1.0|0.88|0.0|0|0.12216061953862674|0.24432123907725348|0.36648185861588023|0.48864247815450695
359.0|1.0|0.88|0.0|0|0.07225134026753956|0.14450268053507911|0.21675402080261866|0.28900536107015823
359.2|1.0|0.88|0.0|0|0.08684574987855748|0.17369149975711495|0.26053724963567243|0.3473829995142299
359.4|1.0|0.88|0.0|0|0.3639593679321118|0.7279187358642236|1.0918781037963354|1.4558374717284472
359.6|1.0|0.88|0.0|0|0.08468361506500521|0.16936723013001043|0.25405084519501564|0.33873446026002085
359.8|1.0|0.88|0.0|0|-0.09207090976211484|-0.18414181952422967|-0.2762127292863445|-0.36828363904845934
360.0|1.0|0.88|0.0|0|-0.3917067654104907|-0.7834135308209814|-1.175120296231472|-1.5668270616419628
360.2|1.0|0.88|0.0|0|-0.2185557989621886|-0.4371115979243772|-0.6556673968865658|-0.8742231958487544
360.4|1.0|0.88|0.0|0|0.3320678787090586|0.6641357574181171|0.9962036361271757|1.3282715148362343
360.6|1.0|0.88|0.0|0|0.038738249189918895|0.07747649837983779|0.11621474756975668|0.15495299675967558
360.8|1.0|0.88|0.0|0|0.2108081480403782|0.4216162960807564|0.6324244441211345|0.8432325921615128
361.0|1.0|0.88|0.0|0|0.13495325026335206|0.2699065005267041|0.4048597507900562|0.5398130010534082
361.2|1.0|0.88|0.0|0|0.043963408872368784|0.08792681774473757|0.13189022661710637|0.17585363548947514
361.4|1.0|0.88|0.0|0|0.45747170033078915|0.9149434006615783|1.3724151009923675|1.8298868013231566
361.6|1.0|0.88|0.0|0|0.5261194821412214|1.0522389642824428|1.5783584464236642|2.1044779285648856
361.8|1.0|0.88|0.0|0|0.08738628363935284|0.1747725672787057|0.2621588509180585|0.3495451345574114
362.0|1.0|0.88|0.0|0|0.4803542952850698|0.9607085905701396|1.4410628858552095|1.9214171811402792
362.2|1.0|0.88|0.0|0|-0.06450369080266688|-0.12900738160533376|-0.19351107240800064|-0.2580147632106675
362.4|1.0|0.88|0.0|0|0.6288208884905913|1.2576417769811825|1.8864626654717738|2.515283553962365
362.6|1.0|0.88|0.0|0|-0.2277448733060739|-0.4554897466121478|-0.6832346199182218|-0.9109794932242956
362.8|1.0|0.88|0.0|0|0.1956732041627403|0.3913464083254806|0.587019612488221|0.7826928166509612
363.0|1.0|0.88|0.0|0|0.3796348446392225|0.759269689278445|1.1389045339176673|1.51853937855689
363.2|1.0|0.88|0.0|0|0.914222689407471|1.828445378814942|2.742668068222413|3.656890757629884
363.4|1.0|0.88|0.0|0|0.4095443779628844|0.8190887559257688|1.2286331338886531|1.6381775118515376
363.6|1.0|0.88|0.0|0|0.18594359746901334|0.3718871949380267|0.55783079240704|0.7437743898760534
363.8|1.0|0.88|0.0|0|0.22089811085897984|0.4417962217179597|0.6626943325769395|0.8835924434359194
364.0|1.0|0.88|0.0|0|0.473147177837382|0.946294355674764|1.419441533512146|1.892588711349528
364.2|1.0|0.88|0.0|0|0.3043204821328985|0.608640964265797|0.9129614463986954|1.217281928531594
364.4|1.0|0.88|0.0|0|0.17351132226933275|0.3470226445386655|0.5205339668079982|0.694045289077331
364.6|1.0|0.88|0.0|0|0.21351081785600418|0.42702163571200835|0.6405324535680126|0.8540432714240167
364.8|1.0|0.88|0.0|0|0.33441019110818193|0.6688203822163639|1.0032305733245457|1.3376407644327277
365.0|1.0|0.88|0.0|0|0.34936495687463354|0.6987299137492671|1.0480948706239006|1.3974598274985341
365.2|1.0|0.88|0.0|0|0.22342060252674875|0.4468412050534975|0.6702618075802462|0.893682410106995
365.4|1.0|0.88|0.0|0|0.6162084338182473|1.2324168676364946|1.8486253014547418|2.464833735272989
365.6|1.0|0.88|0.0|0|0.15549353195296148|0.31098706390592296|0.46648059585888446|0.6219741278118459
365.8|1.0|0.88|0.0|0|0.3037799478380478|0.6075598956760956|0.9113398435141433|1.2151197913521912
366.0|1.0|0.88|0.0|0|-0.0034233803729875976|-0.006846760745975195|-0.010270141118962793|-0.01369352149195039
366.2|1.0|0.88|0.0|0|0.03405362374905965|0.0681072474981193|0.10216087124717897|0.1362144949962386
366.4|1.0|0.88|0.0|0|0.185763419615396|0.371526839230792|0.557290258846188|0.743053678461584
366.6|1.0|0.88|0.0|0|0.6666582479982759|1.3333164959965518|1.9999747439948277|2.6666329919931036
366.8|1.0|0.88|0.0|0|0.5890015708809374|1.1780031417618748|1.7670047126428123|2.3560062835237496
367.0|1.0|0.88|0.0|0|0.20288032074022358|0.40576064148044716|0.6086409622206708|0.8115212829608943
367.2|1.0|0.88|0.0|0|0.05135070207063113|0.10270140414126226|0.15405210621189339|0.20540280828252452
367.4|1.0|0.88|0.0|0|-0.05189123594173002|-0.10378247188346004|-0.15567370782519005|-0.20756494376692008
367.6|1.0|0.88|0.0|0|0.3115275967592609|0.6230551935185218|0.9345827902777827|1.2461103870370436
367.8|1.0|0.88|0.0|0|0.1828805735922653|0.3657611471845306|0.5486417207767958|0.7315222943690612
368.0|1.0|0.88|0.0|0|0.2740505926797053|0.5481011853594105|0.8221517780391158|1.096202370718821
368.2|1.0|0.88|0.0|0|0.5688216460827976|1.1376432921655952|1.7064649382483927|2.2752865843311905
368.4|1.0|0.88|0.0|0|0.445760137222242|0.891520274444484|1.337280411666726|1.783040548888968
368.6|1.0|0.88|0.0|0|0.12558399990783084|0.2511679998156617|0.37675199972349255|0.5023359996313234
368.8|1.0|0.88|0.0|0|0.16576367279863932|0.33152734559727864|0.49729101839591794|0.6630546911945573
369.0|1.0|0.88|0.0|0|-0.03891842803510375|-0.0778368560702075|-0.11675528410531125|-0.155673712140415
369.2|1.0|0.88|0.0|0|-0.01855832484550776|-0.03711664969101552|-0.05567497453652327|-0.07423329938203103
369.4|1.0|0.88|0.0|0|0.13243075906357274|0.2648615181271455|0.39729227719071825|0.529723036254291
369.6|1.0|0.88|0.0|0|0.36486025716672915|0.7297205143334583|1.0945807715001874|1.4594410286669166
369.8|1.0|0.88|0.0|0|0.15243050820718068|0.30486101641436136|0.45729152462154204|0.6097220328287227
370.0|1.0|0.88|0.0|0|-0.08432326017413296|-0.1686465203482659|-0.2529697805223989|-0.3372930406965318
370.2|1.0|0.88|0.0|0|0.4452196027006725|0.890439205401345|1.3356588081020175|1.78087841080269
370.4|1.0|0.88|0.0|0|0.19549302624043793|0.39098605248087587|0.5864790787213138|0.7819721049617517
370.6|1.0|0.88|0.0|0|0.13495325068623074|0.26990650137246147|0.4048597520586922|0.5398130027449229
370.8|1.0|0.88|0.0|0|-0.36143687725561935|-0.7228737545112387|-1.084310631766858|-1.4457475090224774
371.0|1.0|0.88|0.0|0|-0.08468361541454222|-0.16936723082908445|-0.25405084624362667|-0.3387344616581689
371.2|1.0|0.88|0.0|0|0.20810548124165526|0.4162109624833105|0.6243164437249658|0.832421924966621
371.4|1.0|0.88|0.0|0|0.09189073194953389|0.18378146389906777|0.27567219584860164|0.36756292779813554
371.6|1.0|0.88|0.0|0|0.30630243843188537|0.6126048768637707|0.9189073152956561|1.2252097537275415
371.8|1.0|0.88|0.0|0|0.28666304652346325|0.5733260930469265|0.8599891395703897|1.146652186093853
372.0|1.0|0.88|0.0|0|0.1929705364903204|0.3859410729806408|0.5789116094709612|0.7718821459612816
372.2|1.0|0.88|0.0|0|0.19279035822546592|0.38558071645093184|0.5783710746763978|0.7711614329018637
372.4|1.0|0.88|0.0|0|0.04414358731097313|0.08828717462194625|0.1324307619329194|0.1765743492438925
372.6|1.0|0.88|0.0|0|0.1628808256122285|0.325761651224457|0.48864247683668555|0.651523302448914
372.8|1.0|0.88|0.0|0|0.4174722052807923|0.8349444105615846|1.252416615842377|1.6698888211231693
373.0|1.0|0.88|0.0|0|0.052251593045948584|0.10450318609189717|0.15675477913784575|0.20900637218379434
373.2|1.0|0.88|0.0|0|0.05405337187054106|0.10810674374108212|0.1621601156116232|0.21621348748216423
373.4|1.0|0.88|0.0|0|0.003963913968473211|0.007927827936946422|0.011891741905419632|0.015855655873892843
373.6|1.0|0.88|0.0|0|-0.2158531297155425|-0.431706259431085|-0.6475593891466275|-0.86341251886217
373.8|1.0|0.88|0.0|0|-0.06450368962017825|-0.1290073792403565|-0.19351106886053476|-0.258014758480713
374.0|1.0|0.88|0.0|0|-0.34594157689542077|-0.6918831537908415|-1.0378247306862622|-1.383766307581683
374.2|1.0|0.88|0.0|0|0.654586328201113|1.309172656402226|1.9637589846033388|2.618345312804452
374.4|1.0|0.88|0.0|0|0.162520470126765|0.32504094025353|0.487561410380295|0.65008188050706
374.6|1.0|0.88|0.0|0|0.043963409133139106|0.08792681826627821|0.1318902273994173|0.17585363653255642
374.8|1.0|0.88|0.0|0|0.31386991008999787|0.6277398201799957|0.9416097302699935|1.2554796403599915
375.0|1.0|0.88|0.0|0|-0.13657485195290076|-0.2731497039058015|-0.4097245558587023|-0.546299407811603
375.2|1.0|0.88|0.0|0|0.04414358676993292|0.08828717353986584|0.13243076030979875|0.17657434707973169
375.4|1.0|0.88|0.0|0|0.3895446298475148|0.7790892596950296|1.1686338895425443|1.5581785193900592
375.6|1.0|0.88|0.0|0|0.3037799484143036|0.6075598968286072|0.9113398452429109|1.2151197936572145
375.8|1.0|0.88|0.0|0|0.1403585879763706|0.2807171759527412|0.4210757639291118|0.5614343519054824
376.0|1.0|0.88|0.0|0|0.32179773735580997|0.6435954747116199|0.9653932120674298|1.2871909494232399
376.2|1.0|0.88|0.0|0|0.0691883153020172|0.1383766306040344|0.20756494590605162|0.2767532612080688
376.4|1.0|0.88|0.0|0|-0.24810497405182128|-0.49620994810364255|-0.7443149221554638|-0.9924198962072851
376.6|1.0|0.88|0.0|0|0.06432351137715164|0.1286470227543033|0.19297053413145493|0.2572940455086066
376.8|1.0|0.88|0.0|0|-0.5300833961798348|-1.0601667923596696|-1.5902501885395046|-2.120333584719339
377.0|1.0|0.88|0.0|0|0.02630597516166747|0.05261195032333494|0.07891792548500241|0.10522390064666988
377.2|1.0|0.88|0.0|0|0.5059395569772464|1.0118791139544927|1.5178186709317392|2.0237582279089854
377.4|1.0|0.88|0.0|0|0.15080890729033866|0.3016178145806773|0.452426721871016|0.6032356291613546
377.6|1.0|0.88|0.0|0|0.2531499564996923|0.5062999129993846|0.7594498694990768|1.0125998259987692
377.8|1.0|0.88|0.0|0|0.41512989306967973|0.8302597861393595|1.2453896792090393|1.660519572278719
378.0|1.0|0.88|0.0|0|0.026666330570587912|0.053332661141175824|0.07999899171176374|0.10666532228235165
378.2|1.0|0.88|0.0|0|0.43026483741181476|0.8605296748236295|1.2907945122354443|1.721059349647259
378.4|1.0|0.88|0.0|0|0.4481024504863312|0.8962049009726624|1.3443073514589936|1.7924098019453247
378.6|1.0|0.88|0.0|0|0.23351056532817913|0.46702113065635825|0.7005316959845374|0.9340422613127165
378.8|1.0|0.88|0.0|0|0.3745898636840869|0.7491797273681738|1.1237695910522607|1.4983594547363477
379.0|1.0|0.88|0.0|0|0.10252122748905103|0.20504245497810206|0.3075636824671531|0.4100849099562041
379.2|1.0|0.88|0.0|0|-0.19747498378390463|-0.39494996756780926|-0.5924249513517139|-0.7898999351356185
379.4|1.0|0.88|0.0|0|-0.35657207309559485|-0.7131441461911897|-1.0697162192867846|-1.4262882923823794
379.6|1.0|0.88|0.0|0|-0.07423329754732556|-0.14846659509465113|-0.22269989264197668|-0.29693319018930225
379.8|1.0|0.88|0.0|0|-0.09909784713410781|-0.19819569426821562|-0.29729354140232345|-0.39639138853643124
380.0|1.0|0.88|0.0|0|0.2890053585075659|0.5780107170151318|0.8670160755226979|1.1560214340302637
380.2|1.0|0.88|0.0|0|0.4808948281180351|0.9617896562360702|1.4426844843541051|1.9235793124721403
380.4|1.0|0.88|0.0|0|-0.4926063928214721|-0.9852127856429442|-1.4778191784644163|-1.9704255712858885
380.6|1.0|0.88|0.0|0|0.7153062814645825|1.430612562929165|2.1459188443937474|2.86122512585833
380.8|1.0|0.88|0.0|0|0.24378070534585297|0.48756141069170594|0.7313421160375589|0.9751228213834119
381.0|1.0|0.88|0.0|0|0.2387357232972865|0.477471446594573|0.7162071698918596|0.954942893189146
381.2|1.0|0.88|0.0|0|0.6616132666281197|1.3232265332562394|1.9848397998843592|2.646453066512479
381.4|1.0|0.88|0.0|0|-0.3441397976427109|-0.6882795952854218|-1.0324193929281327|-1.3765591905708436
381.6|1.0|0.88|0.0|0|0.17477256712736577|0.34954513425473155|0.5243177013820973|0.6990902685094631
381.8|1.0|0.88|0.0|0|-0.12936773463326984|-0.2587354692665397|-0.3881032038998095|-0.5174709385330793
382.0|1.0|0.88|0.0|0|-0.1909885785973167|-0.3819771571946334|-0.5729657357919501|-0.7639543143892668
382.2|1.0|0.88|0.0|0|-0.0745936521948898|-0.1491873043897796|-0.22378095658466937|-0.2983746087795592
382.4|1.0|0.88|0.0|0|0.17026812040683595|0.3405362408136719|0.5108043612205079|0.6810724816273438
382.6|1.0|0.88|0.0|0|-0.13441271614079608|-0.26882543228159217|-0.40323814842238825|-0.5376508645631843
382.8|1.0|0.88|0.0|0|-0.3210770271543882|-0.6421540543087764|-0.9632310814631646|-1.2843081086175527
383.0|1.0|0.88|0.0|0|-0.5154889848583848|-1.0309779697167696|-1.5464669545751544|-2.061955939433539
383.2|1.0|0.88|0.0|0|0.0037837356602540275|0.007567471320508055|0.011351206980762082|0.01513494264101611
383.4|1.0|0.88|0.0|0|0.28648286855197536|0.5729657371039507|0.8594486056559261|1.1459314742079014
383.6|1.0|0.88|0.0|0|0.35675225282931966|0.7135045056586393|1.070256758487959|1.4270090113172786
383.8|1.0|0.88|0.0|0|-0.2884648263492275|-0.576929652698455|-0.8653944790476824|-1.15385930539691
384.0|1.0|0.88|0.0|0|-0.058918174799764585|-0.11783634959952917|-0.17675452439929373|-0.23567269919905834
384.2|1.0|0.88|0.0|0|0.2736902376188666|0.5473804752377333|0.8210707128565998|1.0947609504754665
384.4|1.0|0.88|0.0|0|-0.01837814599566629|-0.03675629199133258|-0.055134437986998866|-0.07351258398266516
384.6|1.0|0.88|0.0|0|0.15279086419323007|0.30558172838646014|0.4583725925796902|0.6111634567729203
384.8|1.0|0.88|0.0|0|0.347022644170211|0.694045288340422|1.0410679325106331|1.388090576680844
385.0|1.0|0.88|0.0|0|0.09495375547732701|0.18990751095465402|0.284861266431981|0.37981502190930805
385.2|1.0|0.88|0.0|0|0.38684196228365214|0.7736839245673043|1.1605258868509565|1.5473678491346086
385.4|1.0|0.88|0.0|0|0.18792555591790022|0.37585111183580044|0.5637766677537007|0.7517022236716009
385.6|1.0|0.88|0.0|0|0.22071793375274884|0.4414358675054977|0.6621538012582465|0.8828717350109954
385.8|1.0|0.88|0.0|0|-0.3693647043264358|-0.7387294086528716|-1.1080941129793074|-1.4774588173057432
386.0|1.0|0.88|0.0|0|0.0799989894541796|0.1599979789083592|0.2399969683625388|0.3199959578167184
386.2|1.0|0.88|0.0|0|0.37945466792181864|0.7589093358436373|1.138364003765456|1.5178186716872746
386.4|1.0|0.88|0.0|0|0.22071793340321183|0.44143586680642366|0.6621538002096355|0.8828717336128473
386.6|1.0|0.88|0.0|0|0.14774588231055544|0.2954917646211109|0.44323764693166634|0.5909835292422218
386.8|1.0|0.88|0.0|0|0.24071768094785534|0.4814353618957107|0.722153042843566|0.9628707237914214
387.0|1.0|0.88|0.0|0|-0.09189073073823247|-0.18378146147646493|-0.27567219221469735|-0.36756292295292986
387.2|1.0|0.88|0.0|0|0.5989113549274049|1.1978227098548098|1.7967340647822145|2.3956454197096195
387.4|1.0|0.88|0.0|0|0.22882593887392452|0.45765187774784905|0.6864778166217735|0.9153037554956981
387.6|1.0|0.88|0.0|0|0.2990953222769897|0.5981906445539794|0.8972859668309692|1.1963812891079588
387.8|1.0|0.88|0.0|0|-0.10468336277321223|-0.20936672554642446|-0.3140500883196367|-0.41873345109284893
388.0|1.0|0.88|0.0|0|0.27080739042838126|0.5416147808567625|0.8124221712851438|1.083229561713525
388.2|1.0|0.88|0.0|0|0.3992742361320419|0.7985484722640838|1.1978227083961257|1.5970969445281675
388.4|1.0|0.88|0.0|0|0.18270039498776913|0.36540078997553826|0.5481011849633074|0.7308015799510765
388.6|1.0|0.88|0.0|0|0.1699077642106569|0.3398155284213138|0.5097232926319707|0.6796310568426276
388.8|1.0|0.88|0.0|0|0.08486379282025162|0.16972758564050325|0.25459137846075486|0.3394551712810065
389.0|1.0|0.88|0.0|0|0.3190950692089976|0.6381901384179952|0.9572852076269928|1.2763802768359904
389.2|1.0|0.88|0.0|0|-0.2758523721407985|-0.551704744281597|-0.8275571164223955|-1.103409488563194
389.4|1.0|0.88|0.0|0|0.19026786798116535|0.3805357359623307|0.570803603943496|0.7610714719246614
389.6|1.0|0.88|0.0|0|0.31350955516856654|0.6270191103371331|0.9405286655056997|1.2540382206742662
389.8|1.0|0.88|0.0|0|0.5585515047682571|1.1171030095365142|1.6756545143047712|2.2342060190730284
390.0|1.0|0.88|0.0|0|0.014414233201823676|0.028828466403647352|0.04324269960547103|0.057656932807294704
390.2|1.0|0.88|0.0|0|0.2585552936332535|0.517110587266507|0.7756658808997606|1.034221174533014
390.4|1.0|0.88|0.0|0|0.6569286410696811|1.3138572821393621|1.970785923209043|2.6277145642787243
390.6|1.0|0.88|0.0|0|-0.3565720731567129|-0.7131441463134258|-1.0697162194701386|-1.4262882926268516
390.8|1.0|0.88|0.0|0|0.05189123693184233|0.10378247386368467|0.155673710795527|0.20756494772736933
391.0|1.0|0.88|0.0|0|0.14234054496570037|0.28468108993140073|0.4270216348971011|0.5693621798628015
391.2|1.0|0.88|0.0|0|0.37386915183975394|0.7477383036795079|1.1216074555192619|1.4954766073590158
391.4|1.0|0.88|0.0|0|0.5839565901507745|1.167913180301549|1.7518697704523236|2.335826360603098
391.6|1.0|0.88|0.0|0|0.022342059532820733|0.044684119065641466|0.0670261785984622|0.08936823813128293
391.8|1.0|0.88|0.0|0|0.20342085500858975|0.4068417100171795|0.6102625650257693|0.813683420034359
392.0|1.0|0.88|0.0|0|0.1551331761069015|0.310266352213803|0.4653995283207045|0.620532704427606
392.2|1.0|0.88|0.0|0|-0.05351283799624075|-0.1070256759924815|-0.16053851398872226|-0.214051351984963
392.4|1.0|0.88|0.0|0|0.2963926532573535|0.592785306514707|0.8891779597720605|1.185570613029414
392.6|1.0|0.88|0.0|0|-0.16468260551308064|-0.3293652110261613|-0.4940478165392419|-0.6587304220523226
392.8|1.0|0.88|0.0|0|0.16288082626153497|0.32576165252306993|0.4886424787846049|0.6515233050461399
393.0|1.0|0.88|0.0|0|0.284140555111517|0.568281110223034|0.852421665334551|1.136562220446068
393.2|1.0|0.88|0.0|0|0.4499042279625432|0.8998084559250864|1.3497126838876297|1.7996169118501728
393.4|1.0|0.88|0.0|0|0.22089811040175866|0.4417962208035173|0.662694331205276|0.8835924416070347
393.6|1.0|0.88|0.0|0|0.6414333409350371|1.2828666818700742|1.9243000228051113|2.5657333637401485
393.8|1.0|0.88|0.0|0|0.052251592499960725|0.10450318499992145|0.15675477749988218|0.2090063699998429
394.0|1.0|0.88|0.0|0|-0.13981805554154575|-0.2796361110830915|-0.41945416662463725|-0.559272222166183
394.2|1.0|0.88|0.0|0|-0.3313471671979645|-0.662694334395929|-0.9940415015938934|-1.325388668791858
394.4|1.0|0.88|0.0|0|0.22576291393954326|0.4515258278790865|0.6772887418186299|0.903051655758173
394.6|1.0|0.88|0.0|0|-0.10450318518851427|-0.20900637037702854|-0.31350955556554283|-0.4180127407540571
394.8|1.0|0.88|0.0|0|0.17531310222868357|0.35062620445736714|0.5259393066860507|0.7012524089147343
395.0|1.0|0.88|0.0|0|0.11729581716877885|0.2345916343375577|0.35188745150633655|0.4691832686751154
395.2|1.0|0.88|0.0|0|0.12738577907060983|0.25477155814121966|0.3821573372118295|0.5095431162824393
395.4|1.0|0.88|0.0|0|0.12252097479766245|0.2450419495953249|0.3675629243929874|0.4900838991906498
395.6|1.0|0.88|0.0|0|0.14306125585862914|0.2861225117172583|0.4291837675758874|0.5722450234345166
395.8|1.0|0.88|0.0|0|0.11981830684118915|0.2396366136823783|0.3594549205235674|0.4792732273647566
396.0|1.0|0.88|0.0|0|0.22125846749491776|0.4425169349898355|0.6637754024847533|0.885033869979671
396.2|1.0|0.88|0.0|0|-0.4318864373472756|-0.8637728746945512|-1.2956593120418267|-1.7275457493891024
396.4|1.0|0.88|0.0|0|0.14270090240897856|0.2854018048179571|0.42810270722693566|0.5708036096359143
396.6|1.0|0.88|0.0|0|0.06702618046198046|0.13405236092396092|0.2010785413859414|0.26810472184792183
396.8|1.0|0.88|0.0|0|-0.3792744898371169|-0.7585489796742338|-1.1378234695113507|-1.5170979593484677
397.0|1.0|0.88|0.0|0|-0.0189186800614698|-0.0378373601229396|-0.056756040184409405|-0.0756747202458792
397.2|1.0|0.88|0.0|0|0.23819519031909317|0.47639038063818634|0.7145855709572795|0.9527807612763727
397.4|1.0|0.88|0.0|0|0.19261018061108207|0.38522036122216413|0.5778305418332462|0.7704407224443283
397.6|1.0|0.88|0.0|0|-0.008288183321128607|-0.016576366642257215|-0.02486454996338582|-0.03315273328451443
397.8|1.0|0.88|0.0|0|-0.10180051658331658|-0.20360103316663317|-0.30540154974994976|-0.40720206633326633
398.0|1.0|0.88|0.0|0|0.17531310160033187|0.35062620320066373|0.5259393048009956|0.7012524064013275
398.2|1.0|0.88|0.0|0|0.021621347943437307|0.04324269588687461|0.06486404383031191|0.08648539177374923
398.4|1.0|0.88|0.0|0|0.3286444991742613|0.6572889983485226|0.9859334975227839|1.3145779966970452
398.6|1.0|0.88|0.0|0|0.23873572322976563|0.47747144645953127|0.7162071696892969|0.9549428929190625
398.8|1.0|0.88|0.0|0|0.26125796234351606|0.5225159246870321|0.7837738870305482|1.0450318493740642
399.0|1.0|0.88|0.0|0|0.5210745004462665|1.042149000892533|1.5632235013387994|2.084298001785066
399.2|1.0|0.88|0.0|0|0.1956732051714791|0.3913464103429582|0.5870196155144373|0.7826928206859164
399.4|1.0|0.88|0.0|0|0.5230564577362389|1.0461129154724778|1.5691693732087164|2.0922258309449555
399.6|1.0|0.88|0.0|0|0.6666582475818001|1.3333164951636003|1.9999747427454002|2.6666329903272006
399.8|1.0|0.88|0.0|0|0.22774487076181707|0.45548974152363414|0.6832346122854511|0.9109794830472683
400.0|1.0|0.88|0.0|0|0.026486152858997254|0.05297230571799451|0.07945845857699176|0.10594461143598902
400.2|1.0|0.88|0.0|0|-0.29080713778676026|-0.5816142755735205|-0.8724214133602808|-1.163228551147041
400.4|1.0|0.88|0.0|0|0.5556686589747556|1.1113373179495112|1.6670059769242667|2.2226746358990224
400.6|1.0|0.88|0.0|0|0.34125695101771303|0.6825139020354261|1.023770853053139|1.3650278040708521
400.8|1.0|0.88|0.0|0|0.3468424681329637|0.6936849362659274|1.0405274043988912|1.3873698725318548
401.0|1.0|0.88|0.0|0|-0.22558273534436032|-0.45116547068872065|-0.676748206033081|-0.9023309413774413
401.2|1.0|0.88|0.0|0|0.24360052638687216|0.4872010527737443|0.7308015791606165|0.9744021055474886
401.4|1.0|0.88|0.0|0|0.2630597415342347|0.5261194830684695|0.7891792246027042|1.052238966136939
401.6|1.0|0.88|0.0|0|0.2536904901574601|0.5073809803149202|0.7610714704723802|1.0147619606298404
401.8|1.0|0.88|0.0|0|0.0014414228522218776|0.0028828457044437553|0.004324268556665633|0.0057656914088875105
402.0|1.0|0.88|0.0|0|0.18774537636520125|0.3754907527304025|0.5632361290956037|0.750981505460805
402.2|1.0|0.88|0.0|0|0.15315121922554695|0.3063024384510939|0.4594536576766408|0.6126048769021878
402.4|1.0|0.88|0.0|0|0.02612579571985409|0.05225159143970818|0.07837738715956227|0.10450318287941636
402.6|1.0|0.88|0.0|0|0.016216011965589146|0.03243202393117829|0.04864803589676744|0.06486404786235658
402.8|1.0|0.88|0.0|0|0.3567522520507922|0.7135045041015844|1.0702567561523766|1.4270090082031688
403.0|1.0|0.88|0.0|0|0.2560328030798703|0.5120656061597406|0.7680984092396109|1.0241312123194812
403.2|1.0|0.88|0.0|0|0.3091852841360381|0.6183705682720761|0.9275558524081142|1.2367411365441523
403.4|1.0|0.88|0.0|0|-0.263780452248757|-0.527560904497514|-0.791341356746271|-1.055121808995028
403.6|1.0|0.88|0.0|0|0.20270014309353446|0.4054002861870689|0.6081004292806034|0.8108005723741378
403.8|1.0|0.88|0.0|0|0.26125796253501926|0.5225159250700385|0.7837738876050578|1.045031850140077
404.0|1.0|0.88|0.0|0|0.30396012503508274|0.6079202500701655|0.9118803751052482|1.215840500140331
404.2|1.0|0.88|0.0|0|-0.16288082534214496|-0.3257616506842899|-0.4886424760264349|-0.6515233013685798
404.4|1.0|0.88|0.0|0|-0.05423354950500657|-0.10846709901001314|-0.1627006485150197|-0.21693419802002628
404.6|1.0|0.88|0.0|0|-0.547740830831463|-1.095481661662926|-1.643222492494389|-2.190963323325852
404.8|1.0|0.88|0.0|0|-0.536029267153936|-1.072058534307872|-1.6080878014618079|-2.144117068615744
405.0|1.0|0.88|0.0|0|-0.17999772750743448|-0.35999545501486896|-0.5399931825223034|-0.7199909100297379
405.2|1.0|0.88|0.0|0|-0.26846507796144603|-0.5369301559228921|-0.8053952338843381|-1.0738603118457841
405.4|1.0|0.88|0.0|0|0.2381951906651377|0.4763903813302754|0.7145855719954131|0.9527807626605508
405.6|1.0|0.88|0.0|0|0.23585287784750128|0.47170575569500256|0.7075586335425038|0.9434115113900051
405.8|1.0|0.88|0.0|0|0.5189123659694456|1.0378247319388911|1.5567370979083366|2.0756494638777823
406.0|1.0|0.88|0.0|0|-0.35134691476938346|-0.7026938295387669|-1.0540407443081503|-1.4053876590775338
406.2|1.0|0.88|0.0|0|0.44774209440103774|0.8954841888020755|1.3432262832031132|1.790968377604151
406.4|1.0|0.88|0.0|0|0.233510565114266|0.467021130228532|0.7005316953427979|0.934042260457064
406.6|1.0|0.88|0.0|0|0.15080890588607884|0.3016178117721577|0.45242671765823655|0.6032356235443154
406.8|1.0|0.88|0.0|0|0.19531285001488885|0.3906257000297777|0.5859385500446666|0.7812514000595554
407.0|1.0|0.88|0.0|0|0.22774487117450937|0.45548974234901873|0.6832346135235281|0.9109794846980375
407.2|1.0|0.88|0.0|0|0.0625217326698476|0.1250434653396952|0.18756519800954283|0.2500869306793904
407.4|1.0|0.88|0.0|0|0.012071918843430477|0.024143837686860955|0.03621575653029143|0.04828767537372191
407.6|1.0|0.88|0.0|0|0.56359648494341|1.12719296988682|1.6907894548302298|2.25438593977364
407.8|1.0|0.88|0.0|0|0.2963926541342519|0.5927853082685038|0.8891779624027557|1.1855706165370077
408.0|1.0|0.88|0.0|0|0.2861225132559778|0.5722450265119556|0.8583675397679333|1.1444900530239113
408.2|1.0|0.88|0.0|0|0.16792580639565147|0.33585161279130293|0.5037774191869544|0.6717032255826059
408.4|1.0|0.88|0.0|0|-0.08702592756744715|-0.1740518551348943|-0.26107778270234144|-0.3481037102697886
408.6|1.0|0.88|0.0|0|-0.01117103054682958|-0.02234206109365916|-0.03351309164048874|-0.04468412218731832
408.8|1.0|0.88|0.0|0|-0.24504195151006591|-0.49008390302013183|-0.7351258545301977|-0.9801678060402637
409.0|1.0|0.88|0.0|0|0.42467932196887015|0.8493586439377403|1.2740379659066103|1.6987172878754806
409.2|1.0|0.88|0.0|0|0.3844996477759563|0.7689992955519126|1.1534989433278688|1.5379985911038252
409.4|1.0|0.88|0.0|0|0.505579201629735|1.01115840325947|1.5167376048892052|2.02231680651894
409.6|1.0|0.88|0.0|0|-0.03423380214546345|-0.0684676042909269|-0.10270140643639034|-0.1369352085818538
409.8|1.0|0.88|0.0|0|0.009729606790060652|0.019459213580121305|0.029188820370181955|0.03891842716024261
410.0|1.0|0.88|0.0|0|0.6133255889403523|1.2266511778807045|1.839976766821057|2.453302355761409
410.2|1.0|0.88|0.0|0|-0.011351208509004219|-0.022702417018008438|-0.03405362552701266|-0.045404834036016875
410.4|1.0|0.88|0.0|0|0.5533263456111314|1.1066526912222627|1.659979036833394|2.2133053824445255
410.6|1.0|0.88|0.0|0|-0.06630546890490228|-0.13261093780980457|-0.19891640671470687|-0.26522187561960914
410.8|1.0|0.88|0.0|0|0.0470264334889362|0.0940528669778724|0.1410793004668086|0.1881057339557448
411.0|1.0|0.88|0.0|0|-0.09909784741408666|-0.1981956948281733|-0.29729354224225996|-0.3963913896563466
411.2|1.0|0.88|0.0|0|-0.12432275342871446|-0.24864550685742892|-0.3729682602861434|-0.49729101371485784
411.4|1.0|0.88|0.0|0|0.10162033897533557|0.20324067795067113|0.3048610169260067|0.40648135590134227
411.6|1.0|0.88|0.0|0|0.14504321331420228|0.29008642662840456|0.43512963994260684|0.5801728532568091
411.8|1.0|0.88|0.0|0|-0.1171156377583976|-0.2342312755167952|-0.3513469132751928|-0.4684625510335904
412.0|1.0|0.88|0.0|0|-0.2657624099715033|-0.5315248199430066|-0.79728722991451|-1.0630496398860132
412.2|1.0|0.88|0.0|0|-0.21783508644206467|-0.43567017288412935|-0.6535052593261941|-0.8713403457682587
412.4|1.0|0.88|0.0|0|0.4475619158751219|0.8951238317502438|1.3426857476253657|1.7902476635004876
412.6|1.0|0.88|0.0|0|-0.0313509543554392|-0.0627019087108784|-0.09405286306631759|-0.1254038174217568
412.8|1.0|0.88|0.0|0|0.0111710293145734|0.0223420586291468|0.033513087943720196|0.0446841172582936
413.0|1.0|0.88|0.0|0|-0.09963838211202537|-0.19927676422405075|-0.29891514633607613|-0.3985535284481015
413.2|1.0|0.88|0.0|0|0.001621601638325957|0.003243203276651914|0.004864804914977872|0.006486406553303828
413.4|1.0|0.88|0.0|0|0.16558349526458202|0.33116699052916404|0.49675048579374603|0.6623339810583281
413.6|1.0|0.88|0.0|0|-0.006306226502638315|-0.01261245300527663|-0.018918679507914947|-0.02522490601055326
413.8|1.0|0.88|0.0|0|0.3774727119095045|0.754945423819009|1.1324181357285135|1.509890847638018
414.0|1.0|0.88|0.0|0|0.30396012637560516|0.6079202527512103|0.9118803791268155|1.2158405055024206
414.2|1.0|0.88|0.0|0|0.1926101815991571|0.3852203631983142|0.5778305447974713|0.7704407263966284
414.4|1.0|0.88|0.0|0|0.3944094333623074|0.7888188667246148|1.1832283000869221|1.5776377334492295
414.6|1.0|0.88|0.0|0|0.37639164370659306|0.7527832874131861|1.1291749311197792|1.5055665748263722
414.8|1.0|0.88|0.0|0|-0.2529697791853689|-0.5059395583707378|-0.7589093375561067|-1.0118791167414756
415.0|1.0|0.88|0.0|0|-0.008648538822308191|-0.017297077644616382|-0.02594561646692457|-0.034594155289232764
415.2|1.0|0.88|0.0|0|-0.2580147592845608|-0.5160295185691216|-0.7740442778536823|-1.0320590371382432
415.4|1.0|0.88|0.0|0|0.8635926975237097|1.7271853950474194|2.5907780925711292|3.454370790094839
415.6|1.0|0.88|0.0|0|0.8587278948808679|1.7174557897617357|2.5761836846426034|3.4349115795234715
415.8|1.0|0.88|0.0|0|0.6419738747665548|1.2839477495331095|1.9259216242996644|2.567895499066219
416.0|1.0|0.88|0.0|0|0.36504043508030043|0.7300808701606009|1.0951213052409012|1.4601617403212017
416.2|1.0|0.88|0.0|0|0.12756595736340398|0.25513191472680796|0.38269787209021194|0.5102638294536159
416.4|1.0|0.88|0.0|0|0.013873698503593927|0.027747397007187855|0.04162109551078178|0.05549479401437571
416.6|1.0|0.88|0.0|0|0.19080840117472705|0.3816168023494541|0.5724252035241812|0.7632336046989082
416.8|1.0|0.88|0.0|0|0.182700395427528|0.365400790855056|0.548101186282584|0.730801581710112
417.0|1.0|0.88|0.0|0|0.06684600200329448|0.13369200400658895|0.20053800600988342|0.2673840080131779
417.2|1.0|0.88|0.0|0|-0.2706272127563718|-0.5412544255127436|-0.8118816382691155|-1.0825088510254872
417.4|1.0|0.88|0.0|0|0.427201812876156|0.854403625752312|1.2816054386284679|1.708807251504624
417.6|1.0|0.88|0.0|0|0.006126048156875191|0.012252096313750382|0.018378144470625572|0.024504192627500764
417.8|1.0|0.88|0.0|0|0.3542297613978738|0.7084595227957476|1.0626892841936215|1.4169190455914953
418.0|1.0|0.88|0.0|0|0.04432376531476624|0.08864753062953248|0.13297129594429874|0.17729506125906497
418.2|1.0|0.88|0.0|0|1.014942138151092|2.029884276302184|3.0448264144532757|4.059768552604368
418.4|1.0|0.88|0.0|0|0.4073822429514261|0.8147644859028522|1.2221467288542782|1.6295289718057044
418.6|1.0|0.88|0.0|0|0.17801576984376896|0.3560315396875379|0.5340473095313069|0.7120630793750758
418.8|1.0|0.88|0.0|0|-0.06396315630379837|-0.12792631260759674|-0.1918894689113951|-0.2558526252151935
419.0|1.0|0.88|0.0|0|-0.011891741844301588|-0.023783483688603176|-0.03567522553290477|-0.04756696737720635
419.2|1.0|0.88|0.0|0|0.531344641358592|1.062689282717184|1.5940339240757762|2.125378565434368
419.4|1.0|0.88|0.0|0|0.4580122349676098|0.9160244699352196|1.3740367049028295|1.8320489398704392
419.6|1.0|0.88|0.0|0|0.054954260764934634|0.10990852152986927|0.16486278229480392|0.21981704305973854
419.8|1.0|0.88|0.0|0|-0.049368745322281075|-0.09873749064456215|-0.14810623596684322|-0.1974749812891243
420.0|1.0|0.88|0.0|0|-0.326302185719251|-0.652604371438502|-0.978906557157753|-1.305208742877004
420.2|1.0|0.88|0.0|0|-0.2500869323813824|-0.5001738647627648|-0.7502607971441473|-1.0003477295255296
420.4|1.0|0.88|0.0|0|0.4023372628341898|0.8046745256683796|1.2070117885025695|1.6093490513367592
420.6|1.0|0.88|0.0|0|0.23783483386738247|0.47566966773476493|0.7135045016021474|0.9513393354695299
420.8|1.0|0.88|0.0|0|0.20035783016268416|0.4007156603253683|0.6010734904880525|0.8014313206507366
421.0|1.0|0.88|0.0|0|0.027026686820900092|0.054053373641800184|0.08108006046270028|0.10810674728360037
421.2|1.0|0.88|0.0|0|-0.05405337113828869|-0.10810674227657738|-0.16216011341486605|-0.21621348455315476
421.4|1.0|0.88|0.0|0|-0.26323991850600603|-0.5264798370120121|-0.789719755518018|-1.0529596740240241
421.6|1.0|0.88|0.0|0|0.29152784895588435|0.5830556979117687|0.8745835468676532|1.1661113958235374
421.8|1.0|0.88|0.0|0|-0.043242697322857605|-0.08648539464571521|-0.12972809196857282|-0.17297078929143042
422.0|1.0|0.88|0.0|0|0.34954513539269133|0.6990902707853827|1.048635406178074|1.3981805415707653
422.2|1.0|0.88|0.0|0|-0.049008389515220234|-0.09801677903044047|-0.1470251685456607|-0.19603355806088094
422.4|1.0|0.88|0.0|0|-0.19549302689672932|-0.39098605379345863|-0.586479080690188|-0.7819721075869173
422.6|1.0|0.88|0.0|0|0.10720585372764627|0.21441170745529253|0.3216175611829388|0.42882341491058507
422.8|1.0|0.88|0.0|0|-0.2781946847806105|-0.556389369561221|-0.8345840543418315|-1.112778739122442
423.0|1.0|0.88|0.0|0|0.3720673719336631|0.7441347438673263|1.1162021158009894|1.4882694877346525
423.2|1.0|0.88|0.0|0|0.1679258066025797|0.3358516132051594|0.503777419807739|0.6717032264103188
423.4|1.0|0.88|0.0|0|0.32684271992737224|0.6536854398547445|0.9805281597821167|1.307370879709489
423.6|1.0|0.88|0.0|0|-0.36666203518514556|-0.7333240703702911|-1.0999861055554365|-1.4666481407405823
423.8|1.0|0.88|0.0|0|0.5362094441035884|1.0724188882071768|1.608628332310765|2.1448377764143536
424.0|1.0|0.88|0.0|0|0.2585552941259814|0.5171105882519628|0.7756658823779442|1.0342211765039255
424.2|1.0|0.88|0.0|0|-0.19044804505101653|-0.38089609010203307|-0.5713441351530496|-0.7617921802040661
424.4|1.0|0.88|0.0|0|-0.03693647001724461|-0.07387294003448922|-0.11080941005173382|-0.14774588006897843
424.6|1.0|0.88|0.0|0|0.5911637053126475|1.182327410625295|1.7734911159379423|2.36465482125059
424.8|1.0|0.88|0.0|0|-0.1899075115032612|-0.3798150230065224|-0.5697225345097836|-0.7596300460130448
425.0|1.0|0.88|0.0|0|0.23819519016804427|0.47639038033608855|0.7145855705041328|0.9527807606721771
425.2|1.0|0.88|0.0|0|0.05945870965544605|0.1189174193108921|0.17837612896633817|0.2378348386217842
425.4|1.0|0.88|0.0|0|0.1929705360639493|0.3859410721278986|0.5789116081918478|0.7718821442557972
425.6|1.0|0.88|0.0|0|-0.30359976982523246|-0.6071995396504649|-0.9107993094756974|-1.2143990793009298
425.8|1.0|0.88|0.0|0|-0.18504270762874528|-0.37008541525749056|-0.5551281228862358|-0.7401708305149811
426.0|1.0|0.88|0.0|0|0.04450394316343594|0.08900788632687189|0.13351182949030785|0.17801577265374377
426.2|1.0|0.88|0.0|0|0.24414106096635826|0.48828212193271653|0.7324231828990748|0.9765642438654331
426.4|1.0|0.88|0.0|0|0.3899049870207094|0.7798099740414188|1.1697149610621282|1.5596199480828377
426.6|1.0|0.88|0.0|0|0.3216175604393359|0.6432351208786719|0.9648526813180078|1.2864702417573437
426.8|1.0|0.88|0.0|0|0.19315071446035306|0.3863014289207061|0.5794521433810592|0.7726028578414122
427.0|1.0|0.88|0.0|0|0.42233700902579624|0.8446740180515925|1.2670110270773887|1.689348036103185
427.2|1.0|0.88|0.0|0|1.2216061943900434|2.4432123887800867|3.66481858317013|4.8864247775601735
427.4|1.0|0.88|0.0|0|-0.2198170433580528|-0.4396340867161056|-0.6594511300741585|-0.8792681734322112
427.6|1.0|0.88|0.0|0|-0.12432275393890461|-0.24864550787780923|-0.37296826181671383|-0.49729101575561846
427.8|1.0|0.88|0.0|0|-0.0036035583901684763|-0.0072071167803369526|-0.01081067517050543|-0.014414233560673905
428.0|1.0|0.88|0.0|0|0.3749502196401594|0.7499004392803188|1.124850658920478|1.4998008785606376
428.2|1.0|0.88|0.0|0|0.38990498686296665|0.7798099737259333|1.1697149605889001|1.5596199474518666
428.4|1.0|0.88|0.0|0|0.6311631992019835|1.262326398403967|1.8934895976059505|2.524652796807934
428.6|1.0|0.88|0.0|0|-0.02378348398982782|-0.04756696797965564|-0.07135045196948346|-0.09513393595931129
428.8|1.0|0.88|0.0|0|-0.03891842686163731|-0.07783685372327462|-0.11675528058491191|-0.15567370744654924
429.0|1.0|0.88|0.0|0|0.49819190546550135|0.9963838109310027|1.494575716396504|1.9927676218620054
429.2|1.0|0.88|0.0|0|0.039458961074124124|0.07891792214824825|0.11837688322237237|0.1578358442964965
429.4|1.0|0.88|0.0|0|0.24360052707110322|0.48720105414220644|0.7308015812133096|0.9744021082844129
429.6|1.0|0.88|0.0|0|0.34900460181117554|0.6980092036223511|1.0470138054335267|1.3960184072447022
429.8|1.0|0.88|0.0|0|0.2333303877740402|0.4666607755480804|0.6999911633221206|0.9333215510961608
430.0|1.0|0.88|0.0|0|0.14017841000255443|0.28035682000510886|0.4205352300076633|0.5607136400102177
430.2|1.0|0.88|0.0|0|0.5482813643667037|1.0965627287334074|1.6448440931001111|2.193125457466815
430.4|1.0|0.88|0.0|0|0.4073822432479941|0.8147644864959882|1.2221467297439823|1.6295289729919764
430.6|1.0|0.88|0.0|0|0.30414030274725545|0.6082806054945109|0.9124209082417664|1.2165612109890218
430.8|1.0|0.88|0.0|0|0.5284617950790567|1.0569235901581133|1.58538538523717|2.1138471803162266
431.0|1.0|0.88|0.0|0|0.4225171863767904|0.8450343727535808|1.2675515591303712|1.6900687455071617
431.2|1.0|0.88|0.0|0|0.09225108681566789|0.18450217363133578|0.27675326044700366|0.36900434726267156
431.4|1.0|0.88|0.0|0|0.16810598398064044|0.3362119679612809|0.5043179519419213|0.6724239359225618
431.6|1.0|0.88|0.0|0|-0.07117027334170423|-0.14234054668340845|-0.21351082002511268|-0.2846810933668169
431.8|1.0|0.88|0.0|0|0.046846255410346246|0.09369251082069249|0.14053876623103873|0.18738502164138499
432.0|1.0|0.88|0.0|0|0.3041403029239157|0.6082806058478314|0.9124209087717471|1.2165612116956628
432.2|1.0|0.88|0.0|0|0.018918680886854434|0.03783736177370887|0.056756042660563305|0.07567472354741774
432.4|1.0|0.88|0.0|0|0.09981855946040023|0.19963711892080047|0.2994556783812007|0.39927423784160093
432.6|1.0|0.88|0.0|0|0.41296775881463|0.82593551762926|1.23890327644389|1.65187103525852
432.8|1.0|0.88|0.0|0|0.05477408384875167|0.10954816769750333|0.164322251546255|0.21909633539500667
433.0|1.0|0.88|0.0|0|0.2965728316738389|0.5931456633476778|0.8897184950215168|1.1862913266953556
433.2|1.0|0.88|0.0|0|-0.016035834109934526|-0.03207166821986905|-0.048107502329803584|-0.0641433364397381
433.4|1.0|0.88|0.0|0|0.37927448936621694|0.7585489787324339|1.1378234680986508|1.5170979574648678
433.6|1.0|0.88|0.0|0|0.33170752199192094|0.6634150439838419|0.9951225659757629|1.3268300879676838
433.8|1.0|0.88|0.0|0|0.34431997654697655|0.6886399530939531|1.0329599296409298|1.3772799061879062
434.0|1.0|0.88|0.0|0|0.12252097532589698|0.24504195065179396|0.3675629259776909|0.4900839013035879
434.2|1.0|0.88|0.0|0|0.3872023174475183|0.7744046348950366|1.161606952342555|1.5488092697900733
434.4|1.0|0.88|0.0|0|0.5639568418657296|1.1279136837314592|1.6918705255971886|2.2558273674629183
434.6|1.0|0.88|0.0|0|0.32233827109856095|0.6446765421971219|0.9670148132956828|1.2893530843942438
434.8|1.0|0.88|0.0|0|0.5232366358427685|1.046473271685537|1.5697099075283054|2.092946543371074
435.0|1.0|0.88|0.0|0|0.36954488174873434|0.7390897634974687|1.108634645246203|1.4781795269949374
435.2|1.0|0.88|0.0|0|0.9698976625272198|1.9397953250544395|2.9096929875816593|3.879590650108879
435.4|1.0|0.88|0.0|0|-0.3412569505337163|-0.6825139010674326|-1.023770851601149|-1.3650278021348652
435.6|1.0|0.88|0.0|0|0.6115238091026555|1.223047618205311|1.8345714273079663|2.446095236410622
435.8|1.0|0.88|0.0|0|0.7174684172015993|1.4349368344031985|2.152405251604798|2.869873668806397
436.0|1.0|0.88|0.0|0|-0.18270039492344967|-0.36540078984689933|-0.548101184770349|-0.7308015796937987
436.2|1.0|0.88|0.0|0|0.4349494616407905|0.869898923281581|1.3048483849223715|1.739797846563162
436.4|1.0|0.88|0.0|0|0.10738603109086407|0.21477206218172815|0.3221580932725922|0.4295441243634563
436.6|1.0|0.88|0.0|0|-0.29098731647129195|-0.5819746329425839|-0.872961949413876|-1.1639492658851678
436.8|1.0|0.88|0.0|0|0.1801779048790924|0.3603558097581848|0.5405337146372772|0.7207116195163696
437.0|1.0|0.88|0.0|0|0.37909431177016845|0.7581886235403369|1.1372829353105054|1.5163772470806738
437.2|1.0|0.88|0.0|0|0.1855832413610189|0.3711664827220378|0.5567497240830567|0.7423329654440756
437.4|1.0|0.88|0.0|0|0.2758523729493029|0.5517047458986059|0.8275571188479087|1.1034094917972117
437.6|1.0|0.88|0.0|0|0.006306226217129739|0.012612452434259479|0.018918678651389218|0.025224904868518958
437.8|1.0|0.88|0.0|0|-0.36684221389849003|-0.7336844277969801|-1.1005266416954702|-1.4673688555939601
438.0|1.0|0.88|0.0|0|0.03945896250806985|0.0789179250161397|0.11837688752420955|0.1578358500322794
438.2|1.0|0.88|0.0|0|0.029008641769760313|0.058017283539520625|0.08702592530928094|0.11603456707904125
438.4|1.0|0.88|0.0|0|-0.2479247974493776|-0.4958495948987552|-0.7437743923481328|-0.9916991897975104
438.6|1.0|0.88|0.0|0|-0.17477256773330752|-0.34954513546661503|-0.5243177031999225|-0.6990902709332301
438.8|1.0|0.88|0.0|0|-0.010990851757233041|-0.021981703514466083|-0.03297255527169912|-0.043963407028932165
439.0|1.0|0.88|0.0|0|-0.2255827366610176|-0.4511654733220352|-0.6767482099830529|-0.9023309466440704
439.2|1.0|0.88|0.0|0|-0.0390986051334767|-0.0781972102669534|-0.1172958154004301|-0.1563944205339068
439.4|1.0|0.88|0.0|0|-0.111890479339345|-0.22378095867869|-0.33567143801803495|-0.44756191735738
439.6|1.0|0.88|0.0|0|0.27116774697584356|0.5423354939516871|0.8135032409275307|1.0846709879033742
439.8|1.0|0.88|0.0|0|0.33188770193839473|0.6637754038767895|0.9956631058151842|1.327550807753579
440.0|1.0|0.88|0.0|0|0.2917080284672559|0.5834160569345118|0.8751240854017677|1.1668321138690236
440.2|1.0|0.88|0.0|0|0.1828805735762582|0.3657611471525164|0.5486417207287746|0.7315222943050328
440.4|1.0|0.88|0.0|0|0.5484615432942523|1.0969230865885047|1.6453846298827572|2.1938461731770094
440.6|1.0|0.88|0.0|0|0.39945441581745433|0.7989088316349087|1.1983632474523631|1.5978176632698173
440.8|1.0|0.88|0.0|0|0.4299044803617293|0.8598089607234586|1.289713441085188|1.7196179214469172
441.0|1.0|0.88|0.0|0|-0.30089710109052276|-0.6017942021810455|-0.9026913032715682|-1.203588404362091
441.2|1.0|0.88|0.0|0|0.30179799045989086|0.6035959809197817|0.9053939713796725|1.2071919618395635
441.4|1.0|0.88|0.0|0|-0.019098857446515485|-0.03819771489303097|-0.05729657233954645|-0.07639542978606194
441.6|1.0|0.88|0.0|0|-0.19477231470926215|-0.3895446294185243|-0.5843169441277865|-0.7790892588370486
441.8|1.0|0.88|0.0|0|0.4225171860962295|0.845034372192459|1.2675515582886885|1.690068744384918
442.0|1.0|0.88|0.0|0|0.27891539579810365|0.5578307915962073|0.836746187394311|1.1156615831924146
442.2|1.0|0.88|0.0|0|0.528461795545591|1.056923591091182|1.585385386636773|2.113847182182364
442.4|1.0|0.88|0.0|0|0.034594157571264106|0.06918831514252821|0.10378247271379232|0.13837663028505642
442.6|1.0|0.88|0.0|0|-0.42431896615278714|-0.8486379323055743|-1.2729568984583615|-1.6972758646111485
442.8|1.0|0.88|0.0|0|0.3565720743848945|0.713144148769789|1.0697162231546835|1.426288297539578
443.0|1.0|0.88|0.0|0|-0.3313471669677531|-0.6626943339355063|-0.9940415009032595|-1.3253886678710125
443.2|1.0|0.88|0.0|0|-0.16252047125337427|-0.32504094250674853|-0.4875614137601228|-0.6500818850134971
443.4|1.0|0.88|0.0|0|0.1702681196882624|0.3405362393765248|0.5108043590647872|0.6810724787530495
443.6|1.0|0.88|0.0|0|0.45494921015459155|0.9098984203091831|1.3648476304637747|1.8197968406183662
443.8|1.0|0.88|0.0|0|0.6162084339698782|1.2324168679397565|1.8486253019096346|2.464833735879513
444.0|1.0|0.88|0.0|0|0.6324244469252887|1.2648488938505773|1.897273340775866|2.5296977877011546
444.2|1.0|0.88|0.0|0|0.3971121035984837|0.7942242071969674|1.191336310795451|1.5884484143939348
444.4|1.0|0.88|0.0|0|0.11279136811732325|0.2255827362346465|0.33837410435196974|0.451165472469293
444.6|1.0|0.88|0.0|0|0.4120668687662695|0.824133737532539|1.2362006062988087|1.648267475065078
444.8|1.0|0.88|0.0|0|-0.22017739927076055|-0.4403547985415211|-0.6605321978122817|-0.8807095970830422
445.0|1.0|0.88|0.0|0|0.05711639564193324|0.11423279128386649|0.17134918692579973|0.22846558256773297
445.2|1.0|0.88|0.0|0|0.9794470908385128|1.9588941816770256|2.9383412725155384|3.917788363354051
445.4|1.0|0.88|0.0|0|-0.4115263352662445|-0.823052670532489|-1.2345790057987336|-1.646105341064978
445.6|1.0|0.88|0.0|0|0.6999911605918903|1.3999823211837805|2.099973481775671|2.799964642367561
445.8|1.0|0.88|0.0|0|0.15801602290011957|0.31603204580023914|0.4740480687003587|0.6320640916004783
446.0|1.0|0.88|0.0|0|0.052251592910033694|0.10450318582006739|0.1567547787301011|0.20900637164013477
446.2|1.0|0.88|0.0|0|0.41512989352748303|0.8302597870549661|1.245389680582449|1.6605195741099321
446.4|1.0|0.88|0.0|0|0.33657232709229024|0.6731446541845805|1.0097169812768707|1.346289308369161
446.6|1.0|0.88|0.0|0|0.22053775495907776|0.44107550991815553|0.6616132648772333|0.8821510198363111
446.8|1.0|0.88|0.0|0|0.6518836601375375|1.303767320275075|1.9556509804126125|2.60753464055015
447.0|1.0|0.88|0.0|0|-0.13207040443405288|-0.26414080886810576|-0.39621121330215864|-0.5282816177362115
447.2|1.0|0.88|0.0|0|-0.14234054392320117|-0.28468108784640234|-0.4270216317696035|-0.5693621756928047
447.4|1.0|0.88|0.0|0|0.3545901167811829|0.7091802335623658|1.0637703503435487|1.4183604671247316
447.6|1.0|0.88|0.0|0|-0.07459365151298705|-0.1491873030259741|-0.22378095453896113|-0.2983746060519482
447.8|1.0|0.88|0.0|0|0.17026811991410812|0.34053623982821624|0.5108043597423243|0.6810724796564325
448.0|1.0|0.88|0.0|0|0.5262996604377991|1.0525993208755982|1.5788989813133971|2.1051986417511963
448.2|1.0|0.88|0.0|0|0.046485898540704555|0.09297179708140911|0.13945769562211366|0.18594359416281822
448.4|1.0|0.88|0.0|0|0.4299044812083597|0.8598089624167194|1.2897134436250792|1.719617924833439
448.6|1.0|0.88|0.0|0|0.23567269845632857|0.47134539691265714|0.7070180953689857|0.9426907938253143
448.8|1.0|0.88|0.0|0|0.39729228058189653|0.7945845611637931|1.1918768417456895|1.5891691223275861
449.0|1.0|0.88|0.0|0|-0.0917105536299642|-0.1834211072599284|-0.2751316608898926|-0.3668422145198568
449.2|1.0|0.88|0.0|0|0.45765187750017544|0.9153037550003509|1.3729556325005263|1.8306075100007018
449.4|1.0|0.88|0.0|0|0.1882859102313525|0.376571820462705|0.5648577306940574|0.75314364092541
449.6|1.0|0.88|0.0|0|0.41549024872045304|0.8309804974409061|1.2464707461613591|1.6619609948818121
449.8|1.0|0.88|0.0|0|-0.4149497145498757|-0.8298994290997515|-1.2448491436496272|-1.659798858199503
450.0|1.0|0.88|0.0|0|0.07459365341550445|0.1491873068310089|0.22378096024651334|0.2983746136620178
450.2|1.0|0.88|0.0|0|-0.4122470461396737|-0.8244940922793474|-1.236741138419021|-1.648988184558695
450.4|1.0|0.88|0.0|0|0.15981780218164218|0.31963560436328436|0.4794534065449265|0.6392712087265687
450.6|1.0|0.88|0.0|0|0.011351208030246208|0.022702416060492416|0.03405362409073862|0.04540483212098483
450.8|1.0|0.88|0.0|0|0.22360077931633007|0.44720155863266015|0.6708023379489901|0.8944031172653203
451.0|1.0|0.88|0.0|0|0.19044804646051505|0.3808960929210301|0.5713441393815452|0.7617921858420602
451.2|1.0|0.88|0.0|0|-0.1500881956709783|-0.3001763913419566|-0.4502645870129349|-0.6003527826839132
451.4|1.0|0.88|0.0|0|-0.13729556388367212|-0.27459112776734423|-0.4118866916510164|-0.5491822555346885
451.6|1.0|0.88|0.0|0|-0.07423329614073743|-0.14846659228147485|-0.2226998884222123|-0.2969331845629497
451.8|1.0|0.88|0.0|0|0.3045006589408152|0.6090013178816304|0.9135019768224455|1.2180026357632607
452.0|1.0|0.88|0.0|0|-0.22540255849889965|-0.4508051169977993|-0.6762076754966989|-0.9016102339955986
452.2|1.0|0.88|0.0|0|-0.01351334218750709|-0.02702668437501418|-0.04054002656252127|-0.05405336875002836
452.4|1.0|0.88|0.0|0|0.001441422895586585|0.00288284579117317|0.004324268686759755|0.00576569158234634
452.6|1.0|0.88|0.0|0|0.04234180732455574|0.08468361464911148|0.12702542197366723|0.16936722929822295
452.8|1.0|0.88|0.0|0|0.5486417202584567|1.0972834405169134|1.64592516077537|2.194566881033827
453.0|1.0|0.88|0.0|0|0.1527908629557352|0.3055817259114704|0.4583725888672056|0.6111634518229409
453.2|1.0|0.88|0.0|0|0.12486328831175353|0.24972657662350706|0.3745898649352606|0.4994531532470141
453.4|1.0|0.88|0.0|0|0.12035884049517347|0.24071768099034693|0.3610765214855204|0.48143536198069387
453.6|1.0|0.88|0.0|0|-0.05927853089408023|-0.11855706178816046|-0.1778355926822407|-0.23711412357632092
453.8|1.0|0.88|0.0|0|0.16288082647195565|0.3257616529439113|0.48864247941586697|0.6515233058878226
454.0|1.0|0.88|0.0|0|0.5335067757073562|1.0670135514147123|1.6005203271220685|2.1340271028294246
454.2|1.0|0.88|0.0|0|0.042161629605398085|0.08432325921079617|0.12648488881619427|0.16864651842159234
454.4|1.0|0.88|0.0|0|-0.19279035842628237|-0.38558071685256473|-0.578371075278847|-0.7711614337051295
454.6|1.0|0.88|0.0|0|0.15765566641173806|0.3153113328234761|0.4729669992352142|0.6306226656469522
454.8|1.0|0.88|0.0|0|-0.42954412495804756|-0.8590882499160951|-1.2886323748741426|-1.7181764998321902
455.0|1.0|0.88|0.0|0|-0.17315096586477027|-0.34630193172954055|-0.5194528975943108|-0.6926038634590811
455.2|1.0|0.88|0.0|0|-0.17783559102768792|-0.35567118205537585|-0.5335067730830638|-0.7113423641107517
455.4|1.0|0.88|0.0|0|0.001621601668593941|0.003243203337187882|0.004864805005781823|0.006486406674375764
455.6|1.0|0.88|0.0|0|0.07729632051865344|0.15459264103730688|0.23188896155596034|0.30918528207461377
455.8|1.0|0.88|0.0|0|0.1479260593783694|0.2958521187567388|0.4437781781351081|0.5917042375134776
456.0|1.0|0.88|0.0|0|-0.12432275468599993|-0.24864550937199986|-0.3729682640579998|-0.4972910187439997
456.2|1.0|0.88|0.0|0|0.20828565796837228|0.41657131593674457|0.6248569739051169|0.8331426318734891
456.4|1.0|0.88|0.0|0|0.434949463164085|0.86989892632817|1.304848389492255|1.73979785265634
456.6|1.0|0.88|0.0|0|0.12720560140121973|0.25441120280243945|0.3816168042036592|0.5088224056048789
456.8|1.0|0.88|0.0|0|0.2589156493698831|0.5178312987397662|0.7767469481096494|1.0356625974795324
457.0|1.0|0.88|0.0|0|-0.20810548038163706|-0.41621096076327413|-0.6243164411449112|-0.8324219215265483
457.2|1.0|0.88|0.0|0|-0.19747498325945362|-0.39494996651890724|-0.5924249497783608|-0.7898999330378145
457.4|1.0|0.88|0.0|0|-0.2726091701461703|-0.5452183402923406|-0.817827510438511|-1.0904366805846812
457.6|1.0|0.88|0.0|0|-0.4072020649202754|-0.8144041298405508|-1.221606194760826|-1.6288082596811015
457.8|1.0|0.88|0.0|0|-0.250807642680011|-0.501615285360022|-0.752422928040033|-1.003230570720044
458.0|1.0|0.88|0.0|0|-0.3203563156744352|-0.6407126313488704|-0.9610689470233055|-1.2814252626977407
458.2|1.0|0.88|0.0|0|0.8127825285244041|1.6255650570488083|2.4383475855732124|3.2511301140976165
458.4|1.0|0.88|0.0|0|0.20810548077075527|0.41621096154151055|0.6243164423122658|0.8324219230830211
458.6|1.0|0.88|0.0|0|0.16792580638895757|0.33585161277791514|0.5037774191668727|0.6717032255558303
458.8|1.0|0.88|0.0|0|0.35477029345231165|0.7095405869046233|1.0643108803569348|1.4190811738092466
459.0|1.0|0.88|0.0|0|-0.03621575933881107|-0.07243151867762214|-0.10864727801643322|-0.14486303735524428
459.2|1.0|0.88|0.0|0|0.46828237528156064|0.9365647505631213|1.404847125844682|1.8731295011262425
459.4|1.0|0.88|0.0|0|0.37008541747171|0.74017083494342|1.11025625241513|1.48034166988684
459.6|1.0|0.88|0.0|0|0.23855554590758424|0.4771110918151685|0.7156666377227527|0.954222183630337
459.8|1.0|0.88|0.0|0|0.011351207852421804|0.022702415704843607|0.03405362355726541|0.045404831409687214
460.0|1.0|0.88|0.0|0|0.19044804607983695|0.3808960921596739|0.5713441382395109|0.7617921843193478
460.2|1.0|0.88|0.0|0|-0.10954816608369593|-0.21909633216739186|-0.32864449825108777|-0.4381926643347837
460.4|1.0|0.88|0.0|0|-0.026846508001617645|-0.05369301600323529|-0.08053952400485294|-0.10738603200647058
460.6|1.0|0.88|0.0|0|0.0666658239162644|0.1333316478325288|0.1999974717487932|0.2666632956650576
460.8|1.0|0.88|0.0|0|0.10035909424274005|0.2007181884854801|0.30107728272822015|0.4014363769709602
461.0|1.0|0.88|0.0|0|0.20828565869509494|0.4165713173901899|0.6248569760852848|0.8331426347803798
461.2|1.0|0.88|0.0|0|-0.5706234247086109|-1.1412468494172219|-1.7118702741258327|-2.2824936988344438
461.4|1.0|0.88|0.0|0|0.39494996643916275|0.7898999328783255|1.1848498993174883|1.579799865756651
461.6|1.0|0.88|0.0|0|0.45512938807951325|0.9102587761590265|1.3653881642385397|1.820517552318053
461.8|1.0|0.88|0.0|0|0.35422976076341034|0.7084595215268207|1.062689282290231|1.4169190430536414
462.0|1.0|0.88|0.0|0|0.6165687900935887|1.2331375801871773|1.8497063702807661|2.4662751603743547
462.2|1.0|0.88|0.0|0|0.1027014049439459|0.2054028098878918|0.30810421483183775|0.4108056197757836
462.4|1.0|0.88|0.0|0|-0.08900788575061605|-0.1780157715012321|-0.2670236572518481|-0.3560315430024642
462.6|1.0|0.88|0.0|0|0.16053851419390427|0.32107702838780855|0.4816155425817128|0.6421540567756171
462.8|1.0|0.88|0.0|0|0.1527908629260493|0.3055817258520986|0.4583725887781479|0.6111634517041972
463.0|1.0|0.88|0.0|0|0.19315071474033194|0.38630142948066387|0.5794521442209958|0.7726028589613277
463.2|1.0|0.88|0.0|0|0.2360330550541405|0.472066110108281|0.7080991651624214|0.944132220216562
463.4|1.0|0.88|0.0|0|0.291527849652339|0.583055699304678|0.8745835489570171|1.166111398609356
463.6|1.0|0.88|0.0|0|0.3441397981072081|0.6882795962144161|1.0324193943216242|1.3765591924288323
463.8|1.0|0.88|0.0|0|0.09747624554031072|0.19495249108062143|0.29242873662093216|0.38990498216124286
464.0|1.0|0.88|0.0|0|-0.04900838984205625|-0.0980167796841125|-0.14702516952616873|-0.196033559368225
464.2|1.0|0.88|0.0|0|0.39963459342747265|0.7992691868549453|1.1989037802824178|1.5985383737098906
464.4|1.0|0.88|0.0|0|0.4453997812914899|0.8907995625829798|1.3361993438744697|1.7815991251659595
464.6|1.0|0.88|0.0|0|0.5635964851552858|1.1271929703105716|1.6907894554658576|2.2543859406211433
464.8|1.0|0.88|0.0|0|0.14270090062927934|0.2854018012585587|0.428102701887838|0.5708036025171174
465.0|1.0|0.88|0.0|0|0.6648564689248457|1.3297129378496915|1.994569406774537|2.659425875699383
465.2|1.0|0.88|0.0|0|0.2681047234919972|0.5362094469839944|0.8043141704759917|1.0724188939679888
465.4|1.0|0.88|0.0|0|0.4003553049883343|0.8007106099766687|1.201065914965003|1.6014212199533373
465.6|1.0|0.88|0.0|0|0.46035454695054834|0.9207090939010967|1.381063640851645|1.8414181878021934
465.8|1.0|0.88|0.0|0|-0.023783483853621896|-0.04756696770724379|-0.07135045156086568|-0.09513393541448759
466.0|1.0|0.88|0.0|0|0.19062822342937596|0.38125644685875193|0.5718846702881278|0.7625128937175039
466.2|1.0|0.88|0.0|0|-0.041080562200513704|-0.08216112440102741|-0.12324168660154111|-0.16432224880205482
466.4|1.0|0.88|0.0|0|-0.08900788487284453|-0.17801576974568906|-0.26702365461853356|-0.3560315394913781
466.6|1.0|0.88|0.0|0|0.23080789713043506|0.4616157942608701|0.6924236913913052|0.9232315885217403
466.8|1.0|0.88|0.0|0|0.10234105018404088|0.20468210036808177|0.30702315055212265|0.40936420073616353
467.0|1.0|0.88|0.0|0|-0.3868419611389985|-0.773683922277997|-1.1605258834169956|-1.547367844555994
467.2|1.0|0.88|0.0|0|0.23333038624434288|0.46666077248868576|0.6999911587330286|0.9333215449773715
467.4|1.0|0.88|0.0|0|0.0893682415896911|0.1787364831793822|0.2681047247690733|0.3574729663587644
467.6|1.0|0.88|0.0|0|-0.10180051534582171|-0.20360103069164343|-0.30540154603746517|-0.40720206138328685
467.8|1.0|0.88|0.0|0|-0.02648615116020667|-0.05297230232041334|-0.07945845348062001|-0.10594460464082668
468.0|1.0|0.88|0.0|0|0.5281014387789769|1.0562028775579537|1.5843043163369308|2.1124057551159074
468.2|1.0|0.88|0.0|0|0.07477383063436725|0.1495476612687345|0.22432149190310177|0.299095322537469
468.4|1.0|0.88|0.0|0|0.15243050756980678|0.30486101513961356|0.45729152270942036|0.6097220302792271
468.6|1.0|0.88|0.0|0|-0.006126049038139177|-0.012252098076278355|-0.018378147114417532|-0.02450419615255671
468.8|1.0|0.88|0.0|0|0.2381951908048361|0.4763903816096722|0.7145855724145083|0.9527807632193444
469.0|1.0|0.88|0.0|0|0.21080814822867996|0.42161629645735993|0.6324244446860399|0.8432325929147199
469.2|1.0|0.88|0.0|0|-0.16504295996128363|-0.33008591992256725|-0.4951288798838509|-0.6601718398451345
469.4|1.0|0.88|0.0|0|0.10216087186243394|0.2043217437248679|0.30648261558730183|0.4086434874497358
469.6|1.0|0.88|0.0|0|-0.16017815764877028|-0.32035631529754055|-0.48053447294631085|-0.6407126305950811
469.8|1.0|0.88|0.0|0|0.09459340000350502|0.18918680000701005|0.28378020001051507|0.3783736000140201
470.0|1.0|0.88|0.0|0|0.3895446308754621|0.7790892617509242|1.1686338926263862|1.5581785235018484
470.2|1.0|0.88|0.0|0|0.2257629144631212|0.4515258289262424|0.6772887433893635|0.9030516578524848
470.4|1.0|0.88|0.0|0|0.5736864490440353|1.1473728980880706|1.721059347132106|2.2947457961761413
470.6|1.0|0.88|0.0|0|0.19747498427692353|0.39494996855384706|0.5924249528307706|0.7898999371076941
470.8|1.0|0.88|0.0|0|0.4097245556558486|0.8194491113116972|1.2291736669675457|1.6388982226233944
471.0|1.0|0.88|0.0|0|0.1877453770121794|0.3754907540243588|0.5632361310365382|0.7509815080487175
471.2|1.0|0.88|0.0|0|-0.3963913900739866|-0.7927827801479732|-1.1891741702219598|-1.5855655602959464
471.4|1.0|0.88|0.0|0|-0.3187347122159557|-0.6374694244319113|-0.956204136647867|-1.2749388488638227
471.6|1.0|0.88|0.0|0|0.30882492876146017|0.6176498575229203|0.9264747862843805|1.2352997150458407
471.8|1.0|0.88|0.0|0|-0.578371073363524|-1.156742146727048|-1.735113220090572|-2.313484293454096
472.0|1.0|0.88|0.0|0|-0.06630546986474661|-0.13261093972949323|-0.19891640959423984|-0.26522187945898645
472.2|1.0|0.88|0.0|0|0.46738148556120035|0.9347629711224007|1.402144456683601|1.8695259422448014
472.4|1.0|0.88|0.0|0|0.47530931251996705|0.9506186250399341|1.4259279375599012|1.9012372500798682
472.6|1.0|0.88|0.0|0|0.3720673725154487|0.7441347450308974|1.1162021175463461|1.4882694900617948
472.8|1.0|0.88|0.0|0|0.014234054003027281|0.028468108006054562|0.04270216200908184|0.056936216012109124
473.0|1.0|0.88|0.0|0|0.07747649803670363|0.15495299607340726|0.23242949411011088|0.3099059921468145
473.2|1.0|0.88|0.0|0|-0.1648627822255368|-0.3297255644510736|-0.4945883466766104|-0.6594511289021472
473.4|1.0|0.88|0.0|0|-0.06936849204241305|-0.1387369840848261|-0.20810547612723912|-0.2774739681696522
473.6|1.0|0.88|0.0|0|0.3387344615921032|0.6774689231842064|1.0162033847763097|1.3549378463684127
473.8|1.0|0.88|0.0|0|-0.3540495831787124|-0.7080991663574248|-1.062148749536137|-1.4161983327148495
474.0|1.0|0.88|0.0|0|-0.08414308156614432|-0.16828616313228864|-0.252429244698433|-0.3365723262645773
474.2|1.0|0.88|0.0|0|0.6390910280492977|1.2781820560985955|1.917273084147893|2.556364112197191
474.4|1.0|0.88|0.0|0|0.22558273689908695|0.4511654737981739|0.6767482106972608|0.9023309475963478
474.6|1.0|0.88|0.0|0|0.5062999129251697|1.0125998258503395|1.5188997387755094|2.025199651700679
474.8|1.0|0.88|0.0|0|0.29405034077994086|0.5881006815598817|0.8821510223398226|1.1762013631197634
475.0|1.0|0.88|0.0|0|0.06198119922424672|0.12396239844849344|0.18594359767274016|0.24792479689698688
475.2|1.0|0.88|0.0|0|0.07387294018670225|0.1477458803734045|0.22161882056010673|0.295491760746809
475.4|1.0|0.88|0.0|0|-0.10450318458955744|-0.2090063691791149|-0.31350955376867234|-0.4180127383582298
475.6|1.0|0.88|0.0|0|0.3216175602172737|0.6432351204345474|0.9648526806518212|1.286470240869095
475.8|1.0|0.88|0.0|0|0.40431921906129026|0.8086384381225805|1.2129576571838707|1.617276876245161
476.0|1.0|0.88|0.0|0|-0.048648033387435174|-0.09729606677487035|-0.14594410016230552|-0.1945921335497407
476.2|1.0|0.88|0.0|0|0.17297078876115862|0.34594157752231725|0.5189123662834759|0.6918831550446345
476.4|1.0|0.88|0.0|0|-0.3612566998327387|-0.7225133996654775|-1.083770099498216|-1.445026799330955
476.6|1.0|0.88|0.0|0|0.5405337141815112|1.0810674283630224|1.6216011425445336|2.1621348567260448
476.8|1.0|0.88|0.0|0|0.40720206505473505|0.8144041301094701|1.2216061951642052|1.6288082602189402
477.0|1.0|0.88|0.0|0|0.1581961997004693|0.3163923994009386|0.4745885991014079|0.6327847988018772
477.2|1.0|0.88|0.0|0|0.45548974372562995|0.9109794874512599|1.3664692311768898|1.8219589749025198
477.4|1.0|0.88|0.0|0|0.5662991547508869|1.1325983095017738|1.6988974642526606|2.2651966190035475
477.6|1.0|0.88|0.0|0|-0.2857621568124162|-0.5715243136248324|-0.8572864704372485|-1.1430486272496647
477.8|1.0|0.88|0.0|0|0.039278782577894196|0.07855756515578839|0.1178363477336826|0.15711513031157678
478.0|1.0|0.88|0.0|0|0.07459365226619417|0.14918730453238835|0.22378095679858254|0.2983746090647767
478.2|1.0|0.88|0.0|0|-0.18738502109627023|-0.37477004219254045|-0.5621550632888107|-0.7495400843850809
478.4|1.0|0.88|0.0|0|0.2630597413037324|0.5261194826074648|0.7891792239111972|1.0522389652149295
478.6|1.0|0.88|0.0|0|-0.06162084451265406|-0.12324168902530812|-0.18486253353796217|-0.24648337805061624
478.8|1.0|0.88|0.0|0|-0.1623402923205869|-0.3246805846411738|-0.48702087696176066|-0.6493611692823476
479.0|1.0|0.88|0.0|0|-0.27603255128604387|-0.5520651025720877|-0.8280976538581315|-1.1041302051441755
479.2|1.0|0.88|0.0|0|0.029549176742439183|0.059098353484878366|0.08864753022731756|0.11819670696975673
479.4|1.0|0.88|0.0|0|0.7859360202771503|1.5718720405543005|2.3578080608314504|3.143744081108601
479.6|1.0|0.88|0.0|0|0.147926060097234|0.295852120194468|0.44377818029170196|0.591704240388936
479.8|1.0|0.88|0.0|0|0.35711260764073843|0.7142252152814769|1.0713378229222152|1.4284504305629537
480.0|1.0|0.88|0.0|0|0.11711563830846|0.23423127661692|0.35134691492538|0.46846255323384
480.2|1.0|0.88|0.0|0|-0.1675654517981458|-0.3351309035962916|-0.5026963553944375|-0.6702618071925832
480.4|1.0|0.88|0.0|0|0.427922524401802|0.855845048803604|1.2837675732054061|1.711690097607208
480.6|1.0|0.88|0.0|0|0.11243101201747786|0.22486202403495573|0.3372930360524336|0.44972404806991145
480.8|1.0|0.88|0.0|0|0.09675553502485863|0.19351107004971727|0.2902666050745759|0.38702214009943453
481.0|1.0|0.88|0.0|0|-0.3136897325047178|-0.6273794650094356|-0.9410691975141534|-1.2547589300188713
481.2|1.0|0.88|0.0|0|-0.9261144307069489|-1.8522288614138978|-2.7783432921208466|-3.7044577228277955
481.4|1.0|0.88|0.0|0|0.3340498356620086|0.6680996713240172|1.0021495069860258|1.3361993426480343
481.6|1.0|0.88|0.0|0|0.03675629311270317|0.07351258622540634|0.1102688793381095|0.14702517245081267
481.8|1.0|0.88|0.0|0|-0.09639517873583836|-0.19279035747167672|-0.2891855362075151|-0.38558071494335344
482.0|1.0|0.88|0.0|0|-0.12198044193646648|-0.24396088387293297|-0.3659413258093995|-0.48792176774586593
482.2|1.0|0.88|0.0|0|-0.06954867073305655|-0.1390973414661131|-0.20864601219916967|-0.2781946829322262
482.4|1.0|0.88|0.0|0|0.1027014056162444|0.2054028112324888|0.3081042168487332|0.4108056224649776
482.6|1.0|0.88|0.0|0|0.08738628362247262|0.17477256724494525|0.26215885086741786|0.3495451344898905
482.8|1.0|0.88|0.0|0|0.7423329687319353|1.4846659374638707|2.226998906195806|2.9693318749277413
483.0|1.0|0.88|0.0|0|0.15747548924206073|0.31495097848412146|0.47242646772618213|0.6299019569682429
483.2|1.0|0.88|0.0|0|0.1906282230999206|0.3812564461998412|0.5718846692997618|0.7625128923996825
483.4|1.0|0.88|0.0|0|-0.09405286653491211|-0.18810573306982423|-0.2821585996047363|-0.37621146613964845
483.6|1.0|0.88|0.0|0|0.3488244228452098|0.6976488456904196|1.0464732685356293|1.3952976913808393
483.8|1.0|0.88|0.0|0|-0.46738148577831495|-0.9347629715566299|-1.4021444573349449|-1.8695259431132598
484.0|1.0|0.88|0.0|0|-0.27621272812102715|-0.5524254562420543|-0.8286381843630813|-1.1048509124841086
484.2|1.0|0.88|0.0|0|0.17008794182707804|0.3401758836541561|0.5102638254812341|0.6803517673083121
484.4|1.0|0.88|0.0|0|0.7046757856939809|1.4093515713879619|2.114027357081943|2.8187031427759237
484.6|1.0|0.88|0.0|0|0.520353789107176|1.040707578214352|1.5610613673215281|2.081415156428704
484.8|1.0|0.88|0.0|0|0.2436005276782091|0.4872010553564182|0.7308015830346273|0.9744021107128364
485.0|1.0|0.88|0.0|0|0.23549252065276982|0.47098504130553964|0.7064775619583095|0.9419700826110793
485.2|1.0|0.88|0.0|0|0.18810573355614923|0.37621146711229847|0.5643172006684477|0.7524229342245969
485.4|1.0|0.88|0.0|0|0.18558324126701353|0.37116648253402706|0.5567497238010406|0.7423329650680541
485.6|1.0|0.88|0.0|0|0.026305974275746873|0.052611948551493745|0.07891792282724061|0.10522389710298749
485.8|1.0|0.88|0.0|0|0.2837802004371772|0.5675604008743544|0.8513406013115317|1.1351208017487089
486.0|1.0|0.88|0.0|0|-0.08396290368807975|-0.1679258073761595|-0.25188871106423927|-0.335851614752319
486.2|1.0|0.88|0.0|0|0.33170752337551707|0.6634150467510341|0.9951225701265511|1.3268300935020683
486.4|1.0|0.88|0.0|0|0.15819620036490975|0.3163924007298195|0.4745886010947292|0.632784801459639
486.6|1.0|0.88|0.0|0|0.05189123626623773|0.10378247253247545|0.1556737087987132|0.2075649450649509
486.8|1.0|0.88|0.0|0|-0.2230602458814976|-0.4461204917629952|-0.6691807376444928|-0.8922409835259903
487.0|1.0|0.88|0.0|0|0.4073822427538111|0.8147644855076221|1.2221467282614333|1.6295289710152443
487.2|1.0|0.88|0.0|0|0.049188568048412026|0.09837713609682405|0.14756570414523607|0.1967542721936481
487.4|1.0|0.88|0.0|0|0.33891463912819775|0.6778292782563955|1.0167439173845934|1.355658556512791
487.6|1.0|0.88|0.0|0|-0.311167240564246|-0.622334481128492|-0.933501721692738|-1.244668962256984
487.8|1.0|0.88|0.0|0|-0.28071717517595995|-0.5614343503519199|-0.8421515255278799|-1.1228687007038398
488.0|1.0|0.88|0.0|0|0.2136909952526914|0.4273819905053828|0.6410729857580741|0.8547639810107656
488.2|1.0|0.88|0.0|0|-0.3091852853042658|-0.6183705706085316|-0.9275558559127975|-1.2367411412170632
488.4|1.0|0.88|0.0|0|-0.0012612463280675013|-0.0025224926561350025|-0.003783738984202504|-0.005044985312270005
488.6|1.0|0.88|0.0|0|-0.29873496615211503|-0.5974699323042301|-0.8962048984563452|-1.1949398646084601
488.8|1.0|0.88|0.0|0|-0.3063024377636614|-0.6126048755273228|-0.9189073132909843|-1.2252097510546456
489.0|1.0|0.88|0.0|0|0.10216087056382103|0.20432174112764206|0.30648261169146307|0.40864348225528413
489.2|1.0|0.88|0.0|0|-0.21242974888795307|-0.42485949777590615|-0.6372892466638592|-0.8497189955518123
489.4|1.0|0.88|0.0|0|0.2706272126795377|0.5412544253590754|0.8118816380386131|1.0825088507181508
489.6|1.0|0.88|0.0|0|-0.13495325002091715|-0.2699065000418343|-0.4048597500627515|-0.5398130000836686
489.8|1.0|0.88|0.0|0|0.15279086301481598|0.30558172602963196|0.45837258904444794|0.6111634520592639
490.0|1.0|0.88|0.0|0|-0.009008895063016106|-0.01801779012603221|-0.027026685189048317|-0.03603558025206442
490.2|1.0|0.88|0.0|0|0.36684221525531063|0.7336844305106213|1.100526645765932|1.4673688610212425
490.4|1.0|0.88|0.0|0|1.1232290587568432|2.2464581175136864|3.3696871762705296|4.492916235027373
490.6|1.0|0.88|0.0|0|0.19855605099437543|0.39711210198875085|0.5956681529831263|0.7942242039775017
490.8|1.0|0.88|0.0|0|0.4904442575597209|0.9808885151194418|1.4713327726791625|1.9617770302388835
491.0|1.0|0.88|0.0|0|0.5709837806131696|1.1419675612263391|1.7129513418395088|2.2839351224526783
491.2|1.0|0.88|0.0|0|-0.0059458718530368115|-0.011891743706073623|-0.017837615559110433|-0.023783487412147246
491.4|1.0|0.88|0.0|0|0.6713428739088709|1.3426857478177419|2.014028621726613|2.6853714956354837
491.6|1.0|0.88|0.0|0|0.23639341109490508|0.47278682218981016|0.7091802332847152|0.9455736443796203
491.8|1.0|0.88|0.0|0|0.5181916540229581|1.0363833080459162|1.5545749620688745|2.0727666160918323
492.0|1.0|0.88|0.0|0|0.32161756026849647|0.6432351205369929|0.9648526808054894|1.2864702410739859
492.2|1.0|0.88|0.0|0|0.07477383113786353|0.14954766227572705|0.22432149341359056|0.2990953245514541
492.4|1.0|0.88|0.0|0|0.08972859685134617|0.17945719370269234|0.26918579055403846|0.35891438740538467
492.6|1.0|0.88|0.0|0|0.02684650811919712|0.05369301623839424|0.08053952435759136|0.10738603247678848
492.8|1.0|0.88|0.0|0|-0.1246831097136602|-0.2493662194273204|-0.3740493291409806|-0.4987324388546408
493.0|1.0|0.88|0.0|0|0.28882518152968284|0.5776503630593657|0.8664755445890485|1.1553007261187314
493.2|1.0|0.88|0.0|0|0.2486455084726915|0.497291016945383|0.7459365254180745|0.994582033890766
493.4|1.0|0.88|0.0|0|0.03639593552099544|0.07279187104199088|0.10918780656298632|0.14558374208398175
493.6|1.0|0.88|0.0|0|0.31405008848290916|0.6281001769658183|0.9421502654487276|1.2562003539316366
493.8|1.0|0.88|0.0|0|0.19819569572864584|0.3963913914572917|0.5945870871859376|0.7927827829145834
494.0|1.0|0.88|0.0|0|0.1679258067940829|0.3358516135881658|0.5037774203822487|0.6717032271763316
494.2|1.0|0.88|0.0|0|0.06936849416844786|0.1387369883368957|0.20810548250534358|0.2774739766737914
494.4|1.0|0.88|0.0|0|0.363959367515636|0.727918735031272|1.091878102546908|1.455837470062544
494.6|1.0|0.88|0.0|0|0.3547702946246139|0.7095405892492278|1.0643108838738418|1.4190811784984556
494.8|1.0|0.88|0.0|0|0.2281052274577089|0.4562104549154178|0.6843156823731267|0.9124209098308356
495.0|1.0|0.88|0.0|0|-0.43494946292979914|-0.8698989258595983|-1.3048483887893974|-1.7397978517191965
495.2|1.0|0.88|0.0|0|0.28396037879225355|0.5679207575845071|0.8518811363767608|1.1358415151690142
495.4|1.0|0.88|0.0|0|0.029368999036087216|0.05873799807217443|0.08810699710826164|0.11747599614434887
495.6|1.0|0.88|0.0|0|0.48269660675898235|0.9653932135179647|1.4480898202769472|1.9307864270359294
495.8|1.0|0.88|0.0|0|-0.0992780255517574|-0.1985560511035148|-0.2978340766552722|-0.3971121022070296
496.0|1.0|0.88|0.0|0|-0.24035732496908188|-0.48071464993816376|-0.7210719749072456|-0.9614292998763275
496.2|1.0|0.88|0.0|0|0.3747700417108721|0.7495400834217442|1.1243101251326162|1.4990801668434883
496.4|1.0|0.88|0.0|0|-0.5933258407152613|-1.1866516814305226|-1.7799775221457836|-2.373303362861045
496.6|1.0|0.88|0.0|0|0.2686452559285683|0.5372905118571366|0.805935767785705|1.0745810237142732
496.8|1.0|0.88|0.0|0|-0.2731497030096946|-0.5462994060193892|-0.8194491090290837|-1.0925988120387784
497.0|1.0|0.88|0.0|0|-0.0821611252101139|-0.1643222504202278|-0.2464833756303417|-0.3286445008404556
497.2|1.0|0.88|0.0|0|0.6717032282263978|1.3434064564527957|2.015109684679193|2.6868129129055913
497.4|1.0|0.88|0.0|0|0.09225108600017856|0.18450217200035712|0.2767532580005357|0.36900434400071425
497.6|1.0|0.88|0.0|0|-0.2405375032988379|-0.4810750065976758|-0.7216125098965137|-0.9621500131953516
497.8|1.0|0.88|0.0|0|-0.22288006930582943|-0.44576013861165886|-0.6686402079174883|-0.8915202772233177
498.0|1.0|0.88|0.0|0|0.21765490812511434|0.4353098162502287|0.652964724375343|0.8706196325004574
498.2|1.0|0.88|0.0|0|0.013693520841770817|0.027387041683541634|0.041080562525312454|0.05477408336708327
498.4|1.0|0.88|0.0|0|0.08648539620975505|0.1729707924195101|0.25945618862926517|0.3459415848390202
498.6|1.0|0.88|0.0|0|0.40900384499778775|0.8180076899955755|1.2270115349933632|1.636015379991151
498.8|1.0|0.88|0.0|0|-0.17513292259827737|-0.35026584519655474|-0.5253987677948321|-0.7005316903931095
499.0|1.0|0.88|0.0|0|-0.2079253023205094|-0.4158506046410188|-0.6237759069615282|-0.8317012092820376
499.2|1.0|0.88|0.0|0|-0.33404983566695623|-0.6680996713339125|-1.0021495070008686|-1.336199342667825
499.4|1.0|0.88|0.0|0|-0.11477332599315569|-0.22954665198631138|-0.3443199779794671|-0.45909330397262277
499.6|1.0|0.88|0.0|0|-0.028828464732505405|-0.05765692946501081|-0.08648539419751622|-0.11531385893002162
499.8|1.0|0.88|0.0|0|0.05225159202527725|0.1045031840505545|0.15675477607583174|0.209006368101109
500.0|1.0|0.88|0.0|0|0.13801627582433879|0.27603255164867757|0.41404882747301636|0.5520651032973551
500.2|1.0|0.88|0.0|0|0.802872743415647|1.605745486831294|2.4086182302469408|3.211490973662588
500.4|1.0|0.88|0.0|0|0.07207116183330078|0.14414232366660157|0.21621348549990235|0.28828464733320314
500.6|1.0|0.88|0.0|0|-0.04900839090114464|-0.09801678180228927|-0.1470251727034339|-0.19603356360457855
500.8|1.0|0.88|0.0|0|0.49584959360887343|0.9916991872177469|1.4875487808266201|1.9833983744354937
501.0|1.0|0.88|0.0|0|-0.12450293264293588|-0.24900586528587176|-0.37350879792880765|-0.4980117305717435
501.2|1.0|0.88|0.0|0|-0.05495426109904661|-0.10990852219809322|-0.16486278329713983|-0.21981704439618643
501.4|1.0|0.88|0.0|0|-0.07891792265902048|-0.15783584531804096|-0.23675376797706144|-0.3156716906360819
501.6|1.0|0.88|0.0|0|-0.05423354886734164|-0.10846709773468328|-0.16270064660202493|-0.21693419546936657
501.8|1.0|0.88|0.0|0|0.38449964956787913|0.7689992991357583|1.1534989487036373|1.5379985982715165
502.0|1.0|0.88|0.0|0|0.05999924223404383|0.11999848446808765|0.1799977267021315|0.2399969689361753
502.2|1.0|0.88|0.0|0|0.4297243032930423|0.8594486065860846|1.2891729098791267|1.7188972131721691
502.4|1.0|0.88|0.0|0|-0.07405311814916793|-0.14810623629833586|-0.22215935444750376|-0.2962124725966717
502.6|1.0|0.88|0.0|0|-0.2810775324382123|-0.5621550648764246|-0.843232597314637|-1.1243101297528493
502.8|1.0|0.88|0.0|0|0.6623339784357819|1.3246679568715638|1.9870019353073458|2.6493359137431276
503.0|1.0|0.88|0.0|0|0.132430760121497|0.264861520242994|0.39729228036449094|0.529723040485988
503.2|1.0|0.88|0.0|0|0.3490046014319526|0.6980092028639052|1.0470138042958579|1.3960184057278104
503.4|1.0|0.88|0.0|0|0.10702567576634474|0.21405135153268948|0.3210770272990342|0.42810270306537895
503.6|1.0|0.88|0.0|0|-0.013513341768994007|-0.027026683537988015|-0.040540025306982024|-0.05405336707597603
503.8|1.0|0.88|0.0|0|0.0672063577448717|0.1344127154897434|0.2016190732346151|0.2688254309794868
504.0|1.0|0.88|0.0|0|0.3999949478716011|0.7999898957432022|1.1999848436148033|1.5999797914864045
504.2|1.0|0.88|0.0|0|-0.039278783415793474|-0.07855756683158695|-0.11783635024738043|-0.1571151336631739
504.4|1.0|0.88|0.0|0|0.26810472273675284|0.5362094454735057|0.8043141682102585|1.0724188909470114
504.6|1.0|0.88|0.0|0|-0.10468336217832994|-0.20936672435665987|-0.31405008653498984|-0.41873344871331974
504.8|1.0|0.88|0.0|0|0.39458961089956607|0.7891792217991321|1.1837688326986984|1.5783584435982643
505.0|1.0|0.88|0.0|0|0.2457626623619583|0.4915253247239166|0.7372879870858748|0.9830506494478332
505.2|1.0|0.88|0.0|0|0.003963914172782101|0.007927828345564202|0.011891742518346302|0.015855656691128404
505.4|1.0|0.88|0.0|0|0.41296775748662223|0.8259355149732445|1.2389032724598668|1.651871029946489
505.6|1.0|0.88|0.0|0|0.1682861633636641|0.3365723267273282|0.5048584900909923|0.6731446534546563
505.8|1.0|0.88|0.0|0|-0.1998172960412923|-0.3996345920825846|-0.599451888123877|-0.7992691841651692
506.0|1.0|0.88|0.0|0|-0.04414358614507368|-0.08828717229014736|-0.13243075843522104|-0.17657434458029472
506.2|1.0|0.88|0.0|0|0.2834198448667305|0.566839689733461|0.8502595346001915|1.133679379466922
506.4|1.0|0.88|0.0|0|0.5610739959482458|1.1221479918964916|1.6832219878447374|2.2442959837929832
506.6|1.0|0.88|0.0|0|0.3794546667748367|0.7589093335496734|1.1383640003245101|1.5178186670993468
506.8|1.0|0.88|0.0|0|0.3953103230820856|0.7906206461641712|1.1859309692462567|1.5812412923283423
507.0|1.0|0.88|0.0|0|0.1252236442064169|0.2504472884128338|0.3756709326192507|0.5008945768256676
507.2|1.0|0.88|0.0|0|0.03927878438000338|0.07855756876000676|0.11783635314001013|0.15711513752001352
507.4|1.0|0.88|0.0|0|0.34702264447289083|0.6940452889457817|1.0410679334186725|1.3880905778915633
507.6|1.0|0.88|0.0|0|0.25333013384806713|0.5066602676961343|0.7599904015442014|1.0133205353922685
507.8|1.0|0.88|0.0|0|-0.054053371300105985|-0.10810674260021197|-0.16216011390031795|-0.21621348520042394
508.0|1.0|0.88|0.0|0|-0.16522313873661928|-0.33044627747323857|-0.4956694162098579|-0.6608925549464771
508.2|1.0|0.88|0.0|0|0.5257591264951047|1.0515182529902094|1.5772773794853143|2.103036505980419
508.4|1.0|0.88|0.0|0|0.19098857882403553|0.38197715764807105|0.5729657364721066|0.7639543152961421
508.6|1.0|0.88|0.0|0|0.4808948279207111|0.9617896558414222|1.4426844837621333|1.9235793116828444
508.8|1.0|0.88|0.0|0|0.30864475009439074|0.6172895001887815|0.9259342502831722|1.234579000377563
509.0|1.0|0.88|0.0|0|0.17513292264833596|0.35026584529667193|0.5253987679450078|0.7005316905933439
509.2|1.0|0.88|0.0|0|0.17801576879574002|0.35603153759148004|0.5340473063872201|0.7120630751829601
509.4|1.0|0.88|0.0|0|0.42017487447010393|0.8403497489402079|1.2605246234103118|1.6806994978804157
509.6|1.0|0.88|0.0|0|0.5135070281187659|1.0270140562375318|1.5405210843562978|2.0540281124750637
509.8|1.0|0.88|0.0|0|0.1502683719902417|0.3005367439804834|0.45080511597072515|0.6010734879609668
510.0|1.0|0.88|0.0|0|0.36936470435146507|0.7387294087029301|1.1080941130543953|1.4774588174058603
510.2|1.0|0.88|0.0|0|0.8434127720701515|1.686825544140303|2.530238316210455|3.373651088280606
510.4|1.0|0.88|0.0|0|0.30612226036668316|0.6122445207333663|0.9183667811000495|1.2244890414667327
510.6|1.0|0.88|0.0|0|0.5506236775507574|1.1012473551015147|1.651871032652272|2.2024947102030294
510.8|1.0|0.88|0.0|0|0.2789153965155131|0.5578307930310262|0.8367461895465392|1.1156615860620525
511.0|1.0|0.88|0.0|0|0.7423329683291383|1.4846659366582766|2.226998904987415|2.9693318733165532
511.2|1.0|0.88|0.0|0|0.2942305192261122|0.5884610384522244|0.8826915576783366|1.1769220769044488
511.4|1.0|0.88|0.0|0|0.48323714153724767|0.9664742830744953|1.449711424611743|1.9329485661489907
511.6|1.0|0.88|0.0|0|0.32666254167445036|0.6533250833489007|0.979987625023351|1.3066501666978014
511.8|1.0|0.88|0.0|0|0.26305974149407146|0.5261194829881429|0.7891792244822143|1.0522389659762859
512.0|1.0|0.88|0.0|0|0.25603280289942654|0.5120656057988531|0.7680984086982796|1.0241312115977061
512.2|1.0|0.88|0.0|0|0.6012536683172226|1.2025073366344452|1.8037610049516677|2.4050146732688904
512.4|1.0|0.88|0.0|0|0.12288133147754718|0.24576266295509436|0.3686439944326415|0.4915253259101887
512.6|1.0|0.88|0.0|0|0.0972960689125467|0.1945921378250934|0.2918882067376401|0.3891842756501868
512.8|1.0|0.88|0.0|0|-0.139818053955387|-0.279636107910774|-0.41945416186616097|-0.559272215821548
513.0|1.0|0.88|0.0|0|-0.04396340886858529|-0.08792681773717058|-0.13189022660575586|-0.17585363547434116
513.2|1.0|0.88|0.0|0|0.0036035583436023477|0.0072071166872046954|0.010810675030807043|0.014414233374409391
513.4|1.0|0.88|0.0|0|0.42485950068774436|0.8497190013754887|1.2745785020632332|1.6994380027509775
513.6|1.0|0.88|0.0|0|-0.16954740885965308|-0.33909481771930616|-0.5086422265789593|-0.6781896354386123
513.8|1.0|0.88|0.0|0|0.2890053594531494|0.5780107189062988|0.8670160783594482|1.1560214378125977
514.0|1.0|0.88|0.0|0|0.5124259615316992|1.0248519230633983|1.5372778845950974|2.0497038461267967
514.2|1.0|0.88|0.0|0|-0.500354042106192|-1.000708084212384|-1.5010621263185762|-2.001416168424768
514.4|1.0|0.88|0.0|0|0.4172920271282787|0.8345840542565574|1.251876081384836|1.6691681085131147
514.6|1.0|0.88|0.0|0|0.07549454272433656|0.15098908544867312|0.22648362817300968|0.30197817089734624
514.8|1.0|0.88|0.0|0|0.39458961092197603|0.7891792218439521|1.1837688327659281|1.5783584436879041
515.0|1.0|0.88|0.0|0|0.14270090109755995|0.2854018021951199|0.4281027032926799|0.5708036043902398
515.2|1.0|0.88|0.0|0|0.019459213943628147|0.038918427887256295|0.05837764183088444|0.07783685577451259
515.4|1.0|0.88|0.0|0|0.4900839014173839|0.9801678028347678|1.4702517042521517|1.9603356056695356
515.6|1.0|0.88|0.0|0|0.36936470462271276|0.7387294092454255|1.1080941138681384|1.477458818490851
515.8|1.0|0.88|0.0|0|0.5153088093138654|1.0306176186277307|1.545926427941596|2.0612352372554614
516.0|1.0|0.88|0.0|0|-0.13477307358174598|-0.26954614716349196|-0.4043192207452379|-0.5390922943269839
516.2|1.0|0.88|0.0|0|-0.3365723261050883|-0.6731446522101766|-1.0097169783152649|-1.3462893044203532
516.4|1.0|0.88|0.0|0|0.10702567478030697|0.21405134956061395|0.3210770243409209|0.4281026991212279
516.6|1.0|0.88|0.0|0|0.381796979652136|0.763593959304272|1.1453909389564079|1.527187918608544
516.8|1.0|0.88|0.0|0|0.18017790473357326|0.3603558094671465|0.5405337142007197|0.720711618934293
517.0|1.0|0.88|0.0|0|-0.22522238189092625|-0.4504447637818525|-0.6756671456727787|-0.900889527563705
517.2|1.0|0.88|0.0|0|-0.3362119702374915|-0.672423940474983|-1.0086359107124745|-1.344847880949966
517.4|1.0|0.88|0.0|0|0.43242697199311847|0.8648539439862369|1.2972809159793552|1.7297078879724739
517.6|1.0|0.88|0.0|0|0.16252046972455006|0.3250409394491001|0.48756140917365015|0.6500818788982002
517.8|1.0|0.88|0.0|0|0.40774260000995166|0.8154852000199033|1.2232278000298549|1.6309704000398066
518.0|1.0|0.88|0.0|0|0.34450015335314704|0.6890003067062941|1.033500460059441|1.3780006134125882
518.2|1.0|0.88|0.0|0|-0.4778318042823234|-0.9556636085646468|-1.4334954128469704|-1.9113272171292937
518.4|1.0|0.88|0.0|0|0.12468311005097359|0.24936622010194717|0.3740493301529208|0.49873244020389434
518.6|1.0|0.88|0.0|0|-0.41927398428029883|-0.8385479685605977|-1.2578219528408965|-1.6770959371211953
518.8|1.0|0.88|0.0|0|-0.19999747501075052|-0.39999495002150104|-0.5999924250322516|-0.7999899000430021
519.0|1.0|0.88|0.0|0|0.31368973260367083|0.6273794652073417|0.9410691978110125|1.2547589304146833
519.2|1.0|0.88|0.0|0|0.5106241819061693|1.0212483638123386|1.5318725457185078|2.0424967276246773
519.4|1.0|0.88|0.0|0|0.14288107932428842|0.28576215864857685|0.42864323797286524|0.5715243172971537
519.6|1.0|0.88|0.0|0|0.5812539206931256|1.1625078413862513|1.7437617620793768|2.3250156827725026
519.8|1.0|0.88|0.0|0|0.06900813861371723|0.13801627722743445|0.20702441584115167|0.2760325544548689
520.0|1.0|0.88|0.0|0|0.29909532114455967|0.5981906422891193|0.8972859634336791|1.1963812845782387
520.2|1.0|0.88|0.0|0|0.8740430165076404|1.7480860330152808|2.622129049522921|3.4961720660305615
520.4|1.0|0.88|0.0|0|0.5106241831567608|1.0212483663135217|1.5318725494702825|2.0424967326270433
520.6|1.0|0.88|0.0|0|0.5913438832841353|1.1826877665682707|1.774031649852406|2.3653755331365414
520.8|1.0|0.88|0.0|0|0.276573083593685|0.55314616718737|0.8297192507810549|1.10629233437474
521.0|1.0|0.88|0.0|0|0.33459036997839603|0.6691807399567921|1.0037711099351883|1.3383614799135841
521.2|1.0|0.88|0.0|0|1.060166791154189|2.120333582308378|3.180500373462567|4.240667164616756
521.4|1.0|0.88|0.0|0|0.2839603781202461|0.5679207562404922|0.8518811343607384|1.1358415124809844
521.6|1.0|0.88|0.0|0|0.4706246878113602|0.9412493756227204|1.4118740634340805|1.8824987512454407
521.8|1.0|0.88|0.0|0|0.4172920277714733|0.8345840555429466|1.2518760833144198|1.6691681110858931
522.0|1.0|0.88|0.0|0|-0.0338734466856113|-0.0677468933712226|-0.1016203400568339|-0.1354937867424452
522.2|1.0|0.88|0.0|0|0.07621525320486405|0.1524305064097281|0.22864575961459216|0.3048610128194562
522.4|1.0|0.88|0.0|0|0.3495451355533445|0.699090271106689|1.0486354066600334|1.398180542213378
522.6|1.0|0.88|0.0|0|0.18288057356665394|0.3657611471333079|0.5486417206999618|0.7315222942666157
522.8|1.0|0.88|0.0|0|0.4300846592572638|0.8601693185145276|1.2902539777717914|1.7203386370290552
523.0|1.0|0.88|0.0|0|-0.3360317933061745|-0.672063586612349|-1.0080953799185235|-1.344127173224698
523.2|1.0|0.88|0.0|0|-0.07459365283488302|-0.14918730566976604|-0.22378095850464907|-0.2983746113395321
523.4|1.0|0.88|0.0|0|-0.04918856791773583|-0.09837713583547165|-0.1475657037532075|-0.1967542716709433
523.6|1.0|0.88|0.0|0|0.180177905521996|0.360355811043992|0.540533716565988|0.720711622087984
523.8|1.0|0.88|0.0|0|0.12702542214392462|0.25405084428784924|0.3810762664317739|0.5081016885756985
524.0|1.0|0.88|0.0|0|-0.15207015191379483|-0.30414030382758966|-0.45621045574138447|-0.6082806076551793
524.2|1.0|0.88|0.0|0|-0.5279212605726211|-1.0558425211452422|-1.5837637817178634|-2.1116850422904845
524.4|1.0|0.88|0.0|0|0.4250396775433914|0.8500793550867828|1.2751190326301742|1.7001587101735656
524.6|1.0|0.88|0.0|0|0.0641433341070661|0.1282866682141322|0.19243000232119828|0.2565733364282644
524.8|1.0|0.88|0.0|0|0.0495489232995897|0.0990978465991794|0.1486467698987691|0.1981956931983588
525.0|1.0|0.88|0.0|0|-0.08918806340952877|-0.17837612681905754|-0.2675641902285863|-0.3567522536381151
525.2|1.0|0.88|0.0|0|0.16558349425904467|0.33116698851808934|0.496750482777134|0.6623339770361787
525.4|1.0|0.88|0.0|0|0.3190950700410761|0.6381901400821522|0.9572852101232283|1.2763802801643045
525.6|1.0|0.88|0.0|0|0.8053952346090234|1.6107904692180468|2.4161857038270704|3.2215809384360936
525.8|1.0|0.88|0.0|0|-0.031170777975348785|-0.06234155595069757|-0.09351233392604635|-0.12468311190139514
526.0|1.0|0.88|0.0|0|1.186651681297809|2.373303362595618|3.559955043893427|4.746606725191236
526.2|1.0|0.88|0.0|0|0.23098807340982624|0.4619761468196525|0.6929642202294787|0.923952293639305
526.4|1.0|0.88|0.0|0|0.8835924456352958|1.7671848912705916|2.6507773369058873|3.5343697825411833
526.6|1.0|0.88|0.0|0|-0.17261043325066583|-0.34522086650133166|-0.5178312997519975|-0.6904417330026633
526.8|1.0|0.88|0.0|0|0.3297255654595213|0.6594511309190426|0.989176696378564|1.3189022618380852
527.0|1.0|0.88|0.0|0|0.11747599440568603|0.23495198881137205|0.3524279832170581|0.4699039776227441
527.2|1.0|0.88|0.0|0|0.13783609652309692|0.27567219304619384|0.4135082895692907|0.5513443860923877
527.4|1.0|0.88|0.0|0|0.1345928951096722|0.2691857902193444|0.4037786853290167|0.5383715804386888
527.6|1.0|0.88|0.0|0|0.3313471673702591|0.6626943347405182|0.9940415021107774|1.3253886694810364
527.8|1.0|0.88|0.0|0|0.32432022852182885|0.6486404570436577|0.9729606855654865|1.2972809140873154
528.0|1.0|0.88|0.0|0|0.07513418610848027|0.15026837221696054|0.22540255832544082|0.3005367444339211
528.2|1.0|0.88|0.0|0|0.33693268212286087|0.6738653642457217|1.0107980463685826|1.3477307284914435
528.4|1.0|0.88|0.0|0|0.5563893694276344|1.1127787388552688|1.6691681082829033|2.2255574777105376
528.6|1.0|0.88|0.0|0|0.24936622073524653|0.49873244147049306|0.7480986622057396|0.9974648829409861
528.8|1.0|0.88|0.0|0|0.10990852272225321|0.21981704544450642|0.32972556816675963|0.43963409088901284
529.0|1.0|0.88|0.0|0|0.39440943281952096|0.7888188656390419|1.183228298458563|1.5776377312780838
529.2|1.0|0.88|0.0|0|0.3720673741307113|0.7441347482614226|1.116202122392134|1.4882694965228451
529.4|1.0|0.88|0.0|0|0.42990448172640794|0.8598089634528159|1.2897134451792238|1.7196179269056318
529.6|1.0|0.88|0.0|0|0.1756734572164716|0.3513469144329432|0.5270203716494147|0.7026938288658864
529.8|1.0|0.88|0.0|0|0.07189098465838475|0.1437819693167695|0.2156729539751543|0.287563938633539
530.0|1.0|0.88|0.0|0|-0.2248620265579668|-0.4497240531159336|-0.6745860796739004|-0.8994481062318672
530.2|1.0|0.88|0.0|0|0.2385555459535683|0.4771110919071366|0.7156666378607048|0.9542221838142732
530.4|1.0|0.88|0.0|0|-0.2430599941388939|-0.4861199882777878|-0.7291799824166817|-0.9722399765555756
530.6|1.0|0.88|0.0|0|0.06252173398912424|0.12504346797824847|0.18756520196737272|0.25008693595649695
530.8|1.0|0.88|0.0|0|0.1753131022615709|0.3506262045231418|0.5259393067847127|0.7012524090462836
531.0|1.0|0.88|0.0|0|-0.13711538595031028|-0.27423077190062056|-0.4113461578509308|-0.5484615438012411
531.2|1.0|0.88|0.0|0|0.07729632241913358|0.15459264483826715|0.2318889672574007|0.3091852896765343
531.4|1.0|0.88|0.0|0|-0.2760325495374857|-0.5520650990749714|-0.8280976486124572|-1.1041301981499427
531.6|1.0|0.88|0.0|0|-0.2504472870519387|-0.5008945741038774|-0.7513418611558161|-1.0017891482077548
531.8|1.0|0.88|0.0|0|0.03189148880162978|0.06378297760325956|0.09567446640488933|0.12756595520651912
532.0|1.0|0.88|0.0|0|0.15747548961866428|0.31495097923732857|0.4724264688559928|0.6299019584746571
532.2|1.0|0.88|0.0|0|-0.44666102658957285|-0.8933220531791457|-1.3399830797687184|-1.7866441063582914
532.4|1.0|0.88|0.0|0|0.07225133901374654|0.1445026780274931|0.21675401704123962|0.2890053560549862
532.6|1.0|0.88|0.0|0|0.37981502219161517|0.7596300443832303|1.1394450665748455|1.5192600887664607
532.8|1.0|0.88|0.0|0|0.5535065243011927|1.1070130486023855|1.6605195729035782|2.214026097204771
533.0|1.0|0.88|0.0|0|0.515308807745169|1.030617615490338|1.5459264232355068|2.061235230980676
533.2|1.0|0.88|0.0|0|0.5081016912288037|1.0162033824576073|1.524305073686411|2.0324067649152147
533.4|1.0|0.88|0.0|0|0.13008844663796493|0.26017689327592985|0.3902653399138948|0.5203537865518597
533.6|1.0|0.88|0.0|0|0.04144091765134366|0.08288183530268732|0.12432275295403099|0.16576367060537464
533.8|1.0|0.88|0.0|0|0.46539952800492795|0.9307990560098559|1.396198584014784|1.8615981120197118
534.0|1.0|0.88|0.0|0|0.3167527565863568|0.6335055131727136|0.9502582697590705|1.2670110263454273
534.2|1.0|0.88|0.0|0|0.3798150240207909|0.7596300480415819|1.1394450720623728|1.5192600960831637
534.4|1.0|0.88|0.0|0|0.15315121887833824|0.3063024377566765|0.45945365663501475|0.612604875513353
534.6|1.0|0.88|0.0|0|0.7198107300375711|1.4396214600751422|2.1594321901127134|2.8792429201502845
534.8|1.0|0.88|0.0|0|-0.15711513292480972|-0.31423026584961944|-0.47134539877442916|-0.6284605316992389
535.0|1.0|0.88|0.0|0|0.07747649825119886|0.15495299650239772|0.2324294947535966|0.30990599300479543
535.2|1.0|0.88|0.0|0|0.09225108715181712|0.18450217430363425|0.27675326145545137|0.3690043486072685
535.4|1.0|0.88|0.0|0|0.10702567624888625|0.2140513524977725|0.3210770287466588|0.428102704995545
535.6|1.0|0.88|0.0|0|-0.033693268644274244|-0.06738653728854849|-0.10107980593282273|-0.13477307457709697
535.8|1.0|0.88|0.0|0|0.3798150225769499|0.7596300451538998|1.1394450677308496|1.5192600903077995
536.0|1.0|0.88|0.0|0|0.3720673736621396|0.7441347473242792|1.1162021209864188|1.4882694946485584
536.2|1.0|0.88|0.0|0|-0.12486328817351033|-0.24972657634702067|-0.374589864520531|-0.49945315269404134
536.4|1.0|0.88|0.0|0|0.004504447807557885|0.00900889561511577|0.013513343422673655|0.01801779123023154
536.6|1.0|0.88|0.0|0|0.39476979025028447|0.7895395805005689|1.1843093707508534|1.5790791610011379
536.8|1.0|0.88|0.0|0|0.5563893702955106|1.1127787405910212|1.669168110886532|2.2255574811820424
537.0|1.0|0.88|0.0|0|0.04180127341300253|0.08360254682600506|0.1254038202390076|0.1672050936520101
537.2|1.0|0.88|0.0|0|0.5135070281679514|1.0270140563359027|1.5405210845038542|2.0540281126718054
537.4|1.0|0.88|0.0|0|0.17783559154660922|0.35567118309321843|0.5335067746398277|0.7113423661864369
537.6|1.0|0.88|0.0|0|0.1558538867934841|0.3117077735869682|0.4675616603804524|0.6234155471739364
537.8|1.0|0.88|0.0|0|0.1250434662931367|0.2500869325862734|0.3751303988794101|0.5001738651725468
538.0|1.0|0.88|0.0|0|0.23873572384152816|0.4774714476830563|0.7162071715245845|0.9549428953661127
538.2|1.0|0.88|0.0|0|0.2081054801720895|0.416210960344179|0.6243164405162684|0.832421920688358
538.4|1.0|0.88|0.0|0|0.06216137734940281|0.12432275469880562|0.18648413204820843|0.24864550939761124
538.6|1.0|0.88|0.0|0|0.04198145182541342|0.08396290365082684|0.12594435547624028|0.16792580730165368
538.8|1.0|0.88|0.0|0|0.11981830667151382|0.23963661334302763|0.35945492001454143|0.47927322668605526
539.0|1.0|0.88|0.0|0|-0.3008971021088658|-0.6017942042177316|-0.9026913063265973|-1.203588408435463
539.2|1.0|0.88|0.0|0|0.24360052695003126|0.4872010539000625|0.7308015808500938|0.974402107800125
539.4|1.0|0.88|0.0|0|-0.17513292386109258|-0.35026584772218516|-0.5253987715832777|-0.7005316954443703
539.6|1.0|0.88|0.0|0|0.018918679450871438|0.037837358901742876|0.05675603835261432|0.07567471780348575
539.8|1.0|0.88|0.0|0|-0.07657561070576782|-0.15315122141153564|-0.2297268321173035|-0.3063024428230713
540.0|1.0|0.88|0.0|0|-0.21026761556946458|-0.42053523113892916|-0.6308028467083937|-0.8410704622778583
540.2|1.0|0.88|0.0|0|0.08504397150245503|0.17008794300491006|0.25513191450736505|0.3401758860098201
540.4|1.0|0.88|0.0|0|0.48828212171007224|0.9765642434201445|1.4648463651302168|1.953128486840289
540.6|1.0|0.88|0.0|0|0.21603330943238708|0.43206661886477415|0.6480999282971612|0.8641332377295483
540.8|1.0|0.88|0.0|0|-0.013152987119683542|-0.026305974239367085|-0.03945896135905062|-0.05261194847873417
541.0|1.0|0.88|0.0|0|-0.11405261310486832|-0.22810522620973664|-0.342157839314605|-0.4562104524194733
541.2|1.0|0.88|0.0|0|-0.04648589980119145|-0.0929717996023829|-0.13945769940357436|-0.1859435992047658
541.4|1.0|0.88|0.0|0|0.2614381391365898|0.5228762782731796|0.7843144174097695|1.0457525565463592
541.6|1.0|0.88|0.0|0|0.2657624103198762|0.5315248206397524|0.7972872309596285|1.0630496412795047
541.8|1.0|0.88|0.0|0|0.2230602457493662|0.4461204914987324|0.6691807372480986|0.8922409829974648
542.0|1.0|0.88|0.0|0|0.5207141450888598|1.0414282901777197|1.5621424352665796|2.0828565803554393
542.2|1.0|0.88|0.0|0|0.5909835279590339|1.1819670559180677|1.7729505838771018|2.3639341118361354
542.4|1.0|0.88|0.0|0|0.6345865811893606|1.2691731623787212|1.9037597435680818|2.5383463247574425
542.6|1.0|0.88|0.0|0|0.8234130263369305|1.646826052673861|2.4702390790107915|3.293652105347722
542.8|1.0|0.88|0.0|0|0.15044854997802773|0.30089709995605546|0.45134564993408316|0.6017941999121109
543.0|1.0|0.88|0.0|0|-0.04864803478965773|-0.09729606957931546|-0.14594410436897318|-0.1945921391586309
543.2|1.0|0.88|0.0|0|0.25351031067752067|0.5070206213550413|0.7605309320325621|1.0140412427100827
543.4|1.0|0.88|0.0|0|0.09477357879368364|0.1895471575873673|0.28432073638105093|0.3790943151747346
543.6|1.0|0.88|0.0|0|0.18558324136276513|0.37116648272553027|0.5567497240882954|0.7423329654510605
543.8|1.0|0.88|0.0|0|-0.3563918953252145|-0.712783790650429|-1.0691756859756434|-1.425567581300858
544.0|1.0|0.88|0.0|0|-0.08414308222534608|-0.16828616445069217|-0.2524292466760382|-0.33657232890138433
544.2|1.0|0.88|0.0|0|-0.4021570838682241|-0.8043141677364481|-1.2064712516046723|-1.6086283354728963
544.4|1.0|0.88|0.0|0|-0.3864816050283847|-0.7729632100567694|-1.1594448150851542|-1.5459264201135388
544.6|1.0|0.88|0.0|0|0.20774512362113473|0.41549024724226946|0.6232353708634042|0.8309804944845389
544.8|1.0|0.88|0.0|0|-0.19747498344513606|-0.3949499668902721|-0.5924249503354082|-0.7898999337805442
545.0|1.0|0.88|0.0|0|0.25603280364652187|0.5120656072930437|0.7680984109395657|1.0241312145860875
545.2|1.0|0.88|0.0|0|-0.33891463787731513|-0.6778292757546303|-1.0167439136319454|-1.3556585515092605
545.4|1.0|0.88|0.0|0|0.003783735672477636|0.007567471344955272|0.011351207017432908|0.015134942689910544
545.6|1.0|0.88|0.0|0|0.48539927529083843|0.9707985505816769|1.4561978258725152|1.9415971011633537
545.8|1.0|0.88|0.0|0|-0.46972379732294983|-0.9394475946458997|-1.4091713919688493|-1.8788951892917993
546.0|1.0|0.88|0.0|0|-0.15513317617238512|-0.31026635234477024|-0.4653995285171554|-0.6205327046895405
546.2|1.0|0.88|0.0|0|0.2681047223170756|0.5362094446341512|0.8043141669512268|1.0724188892683024
546.4|1.0|0.88|0.0|0|0.06936849310790427|0.13873698621580854|0.20810547932371282|0.2774739724316171
546.6|1.0|0.88|0.0|0|0.3926076543750245|0.785215308750049|1.1778229631250734|1.570430617500098
546.8|1.0|0.88|0.0|0|0.34197766344965236|0.6839553268993047|1.025932990348957|1.3679106537986094
547.0|1.0|0.88|0.0|0|0.01207192018016941|0.02414384036033882|0.036215760540508235|0.04828768072067764
547.2|1.0|0.88|0.0|0|0.046846255739801605|0.09369251147960321|0.1405387672194048|0.18738502295920642
547.4|1.0|0.88|0.0|0|0.10486354005290205|0.2097270801058041|0.31459062015870615|0.4194541602116082
547.6|1.0|0.88|0.0|0|-0.3947697886716927|-0.7895395773433854|-1.184309366015078|-1.5790791546867708
547.8|1.0|0.88|0.0|0|0.13513342783146085|0.2702668556629217|0.4054002834943825|0.5405337113258434
548.0|1.0|0.88|0.0|0|0.22864576095162212|0.45729152190324424|0.6859372828548663|0.9145830438064885
548.2|1.0|0.88|0.0|0|0.20288031987525773|0.40576063975051546|0.6086409596257732|0.8115212795010309
548.4|1.0|0.88|0.0|0|-0.2758523733119366|-0.5517047466238733|-0.8275571199358099|-1.1034094932477465
548.6|1.0|0.88|0.0|0|0.10468336385936719|0.20936672771873438|0.31405009157810154|0.41873345543746876
548.8|1.0|0.88|0.0|0|-0.25278960131894584|-0.5055792026378917|-0.7583688039568376|-1.0111584052757834
549.0|1.0|0.88|0.0|0|0.2614381398668049|0.5228762797336098|0.7843144196004148|1.0457525594672197
549.2|1.0|0.88|0.0|0|-0.27801450650469656|-0.5560290130093931|-0.8340435195140897|-1.1120580260187862
549.4|1.0|0.88|0.0|0|0.8108005714701728|1.6216011429403456|2.432401714410519|3.2432022858806913
549.6|1.0|0.88|0.0|0|0.5515245657472411|1.1030491314944821|1.654573697241723|2.2060982629889643
549.8|1.0|0.88|0.0|0|0.24378070551174483|0.48756141102348965|0.7313421165352344|0.9751228220469793
550.0|1.0|0.88|0.0|0|0.4958495947089982|0.9916991894179964|1.4875487841269945|1.9833983788359928
550.2|1.0|0.88|0.0|0|-0.37657182182709253|-0.7531436436541851|-1.1297154654812775|-1.5062872873083701
550.4|1.0|0.88|0.0|0|0.379995200580743|0.759990401161486|1.139985601742229|1.519980802322972
550.6|1.0|0.88|0.0|0|0.16558349438128075|0.3311669887625615|0.4967504831438423|0.662333977525123
550.8|1.0|0.88|0.0|0|0.4954892375643253|0.9909784751286506|1.486467712692976|1.9819569502573011
551.0|1.0|0.88|0.0|0|0.44792227170430166|0.8958445434086033|1.343766815112905|1.7916890868172066
551.2|1.0|0.88|0.0|0|0.026666329304571287|0.053332658609142575|0.07999898791371386|0.10666531721828515
551.4|1.0|0.88|0.0|0|0.07207116243633215|0.1441423248726643|0.21621348730899645|0.2882846497453286
551.6|1.0|0.88|0.0|0|0.36395936745917457|0.7279187349183491|1.0918781023775237|1.4558374698366983
551.8|1.0|0.88|0.0|0|0.37206737363419995|0.7441347472683999|1.1162021209025998|1.4882694945367998
552.0|1.0|0.88|0.0|0|0.250447288011201|0.500894576022402|0.7513418640336028|1.001789152044804
552.2|1.0|0.88|0.0|0|-0.47765162506606473|-0.9553032501321295|-1.4329548751981942|-1.910606500264259
552.4|1.0|0.88|0.0|0|0.2659425880052734|0.5318851760105467|0.7978277640158201|1.0637703520210935
552.6|1.0|0.88|0.0|0|-0.2329700310539922|-0.4659400621079844|-0.6989100931619766|-0.9318801242159688
552.8|1.0|0.88|0.0|0|-0.00864853900799063|-0.01729707801598126|-0.025945617023971888|-0.03459415603196252
553.0|1.0|0.88|0.0|0|0.10234105017909323|0.20468210035818646|0.3070231505372797|0.4093642007163729
553.2|1.0|0.88|0.0|0|0.24071768163645196|0.4814353632729039|0.7221530449093558|0.9628707265458079
553.4|1.0|0.88|0.0|0|0.20558298938238312|0.41116597876476624|0.6167489681471494|0.8223319575295325
553.6|1.0|0.88|0.0|0|0.09441322184342434|0.18882644368684867|0.283239665530273|0.37765288737369734
553.8|1.0|0.88|0.0|0|0.04396340736071583|0.08792681472143166|0.13189022208214748|0.1758536294428633
554.0|1.0|0.88|0.0|0|0.6542259723355534|1.3084519446711067|1.9626779170066602|2.6169038893422134
554.2|1.0|0.88|0.0|0|0.712423435260426|1.424846870520852|2.137270305781278|2.849693741041704
554.4|1.0|0.88|0.0|0|0.31152759790536977|0.6230551958107395|0.9345827937161093|1.246110391621479
554.6|1.0|0.88|0.0|0|0.7601705807234982|1.5203411614469964|2.2805117421704946|3.0406823228939928
554.8|1.0|0.88|0.0|0|0.3290048541832951|0.6580097083665902|0.9870145625498853|1.3160194167331805
555.0|1.0|0.88|0.0|0|0.3369326824726889|0.6738653649453779|1.0107980474180667|1.3477307298907557
555.2|1.0|0.88|0.0|0|-0.01909885831410067|-0.03819771662820134|-0.05729657494230201|-0.07639543325640268
555.4|1.0|0.88|0.0|0|0.2430599932788757|0.4861199865577514|0.7291799798366271|0.9722399731155028
555.6|1.0|0.88|0.0|0|0.4126074026821883|0.8252148053643766|1.237822208046565|1.6504296107287533
555.8|1.0|0.88|0.0|0|0.6967479582849779|1.3934959165699559|2.090243874854934|2.7869918331399117
556.0|1.0|0.88|0.0|0|0.07261169534933294|0.14522339069866588|0.2178350860479988|0.29044678139733177
556.2|1.0|0.88|0.0|0|0.18738502090011042|0.37477004180022083|0.5621550627003312|0.7495400836004417
556.4|1.0|0.88|0.0|0|0.18017790599958988|0.36035581199917976|0.5405337179987696|0.7207116239983595
556.6|1.0|0.88|0.0|0|0.0625217325170525|0.125043465034105|0.1875651975511575|0.25008693006821
556.8|1.0|0.88|0.0|0|-0.3767519991131852|-0.7535039982263704|-1.1302559973395556|-1.5070079964527408
557.0|1.0|0.88|0.0|0|0.4772912699019075|0.954582539803815|1.4318738097057224|1.90916507960763
557.2|1.0|0.88|0.0|0|-0.278194685126364|-0.556389370252728|-0.8345840553790921|-1.112778740505456
557.4|1.0|0.88|0.0|0|0.17819594792090374|0.35639189584180747|0.5345878437627112|0.7127837916836149
557.6|1.0|0.88|0.0|0|0.7333240728901007|1.4666481457802014|2.199972218670302|2.933296291560403
557.8|1.0|0.88|0.0|0|0.2189161545856043|0.4378323091712086|0.6567484637568128|0.8756646183424172
558.0|1.0|0.88|0.0|0|-0.3517072694402308|-0.7034145388804616|-1.0551218083206924|-1.4068290777609231
558.2|1.0|0.88|0.0|0|-0.2358528772517459|-0.4717057545034918|-0.7075586317552376|-0.9434115090069836
558.4|1.0|0.88|0.0|0|0.37206737434899|0.74413474869798|1.11620212304697|1.48826949739596
558.6|1.0|0.88|0.0|0|0.1576556671163418|0.3153113342326836|0.47296700134902536|0.6306226684653672
558.8|1.0|0.88|0.0|0|-0.03909860513667812|-0.07819721027335624|-0.11729581541003437|-0.1563944205467125
559.0|1.0|0.88|0.0|0|0.1527908624557314|0.3055817249114628|0.45837258736719416|0.6111634498229256
559.2|1.0|0.88|0.0|0|0.434769284219365|0.86953856843873|1.3043078526580951|1.73907713687746
559.4|1.0|0.88|0.0|0|0.34197766272875046|0.6839553254575009|1.0259329881862513|1.3679106509150019
559.6|1.0|0.88|0.0|0|0.1427008998731618|0.2854017997463236|0.42810269961948544|0.5708035994926473
559.8|1.0|0.88|0.0|0|-0.18450217400852142|-0.36900434801704285|-0.5535065220255643|-0.7380086960340857
560.0|1.0|0.88|0.0|0|-0.013513342069345539|-0.027026684138691078|-0.040540026208036616|-0.054053368277382156
560.2|1.0|0.88|0.0|0|0.14540356797311701|0.29080713594623403|0.436210703919351|0.5816142718924681
560.4|1.0|0.88|0.0|0|0.3014376352576076|0.6028752705152152|0.9043129057728228|1.2057505410304303
560.6|1.0|0.88|0.0|0|-0.010810674216772904|-0.02162134843354581|-0.03243202265031871|-0.04324269686709162
560.8|1.0|0.88|0.0|0|0.5281014385732128|1.0562028771464256|1.5843043157196386|2.112405754292851
561.0|1.0|0.88|0.0|0|-0.12882720209163392|-0.25765440418326785|-0.38648160627490175|-0.5153088083665357
561.2|1.0|0.88|0.0|0|0.2509878216654763|0.5019756433309526|0.7529634649964289|1.0039512866619051
561.4|1.0|0.88|0.0|0|-0.018738500675826816|-0.03747700135165363|-0.05621550202748045|-0.07495400270330727
561.6|1.0|0.88|0.0|0|0.05945870894443948|0.11891741788887895|0.17837612683331844|0.2378348357777579
561.8|1.0|0.88|0.0|0|-0.21044779432937522|-0.42089558865875043|-0.6313433829881256|-0.8417911773175009
562.0|1.0|0.88|0.0|0|0.38233751421677914|0.7646750284335583|1.1470125426503375|1.5293500568671166
562.2|1.0|0.88|0.0|0|0.3219779157321321|0.6439558314642642|0.9659337471963962|1.2879116629285283
562.4|1.0|0.88|0.0|0|-0.5026963546947814|-1.0053927093895627|-1.508089064084344|-2.0107854187791254
562.6|1.0|0.88|0.0|0|0.6241362618617137|1.2482725237234273|1.872408785585141|2.4965450474468547
562.8|1.0|0.88|0.0|0|0.40684170903608935|0.8136834180721787|1.2205251271082682|1.6273668361443574
563.0|1.0|0.88|0.0|0|0.5288221500674267|1.0576443001348534|1.5864664502022803|2.115288600269707
563.2|1.0|0.88|0.0|0|0.13333164882089488|0.26666329764178975|0.3999949464626847|0.5333265952835795
563.4|1.0|0.88|0.0|0|-0.13423253817745728|-0.26846507635491457|-0.40269761453237185|-0.5369301527098291
563.6|1.0|0.88|0.0|0|0.20270014406763967|0.40540028813527934|0.608100432202919|0.8108005762705587
563.8|1.0|0.88|0.0|0|0.03711664819304136|0.07423329638608273|0.11134994457912409|0.14846659277216545
564.0|1.0|0.88|0.0|0|0.18342110689060082|0.36684221378120163|0.5502633206718024|0.7336844275624033
564.2|1.0|0.88|0.0|0|0.06468386754655518|0.12936773509311036|0.19405160263966553|0.25873547018622073
564.4|1.0|0.88|0.0|0|0.39513014507218064|0.7902602901443613|1.185390435216542|1.5805205802887226
564.6|1.0|0.88|0.0|0|0.23603305575437863|0.47206611150875727|0.7080991672631359|0.9441322230175145
564.8|1.0|0.88|0.0|0|0.1830607522433276|0.3661215044866552|0.5491822567299828|0.7322430089733104
565.0|1.0|0.88|0.0|0|0.6243164397624793|1.2486328795249586|1.8729493192874378|2.497265759049917
565.2|1.0|0.88|0.0|0|0.4349494628587858|0.8698989257175715|1.3048483885763573|1.739797851435143
565.4|1.0|0.88|0.0|0|0.3870221392856914|0.7740442785713828|1.1610664178570742|1.5480885571427656
565.6|1.0|0.88|0.0|0|0.4279225240778764|0.8558450481557528|1.2837675722336293|1.7116900963115056
565.8|1.0|0.88|0.0|0|0.10270140595297571|0.20540281190595142|0.3081042178589271|0.41080562381190283
566.0|1.0|0.88|0.0|0|0.3035997701462477|0.6071995402924955|0.9107993104387432|1.214399080584991
566.2|1.0|0.88|0.0|0|-0.36702239176927864|-0.7340447835385573|-1.101067175307836|-1.4680895670771146
566.4|1.0|0.88|0.0|0|0.3012574559933276|0.6025149119866552|0.9037723679799827|1.2050298239733104
566.6|1.0|0.88|0.0|0|-0.04900838980567646|-0.09801677961135292|-0.14702516941702937|-0.19603355922270585
566.8|1.0|0.88|0.0|0|0.48828212168533397|0.9765642433706679|1.464846365056002|1.9531284867413359
567.0|1.0|0.88|0.0|0|0.3648602575494445|0.729720515098889|1.0945807726483336|1.459441030197778
567.2|1.0|0.88|0.0|0|-0.13549378410447402|-0.27098756820894804|-0.40648135231342203|-0.5419751364178961
567.4|1.0|0.88|0.0|0|0.3468424662994224|0.6936849325988448|1.0405273988982673|1.3873698651976896
567.6|1.0|0.88|0.0|0|0.42251718687679424|0.8450343737535885|1.2675515606303827|1.690068747507177
567.8|1.0|0.88|0.0|0|0.6648564681044087|1.3297129362088174|1.994569404313226|2.6594258724176347
568.0|1.0|0.88|0.0|0|0.21044779260846572|0.42089558521693143|0.6313433778253972|0.8417911704338629
568.2|1.0|0.88|0.0|0|0.3891842744217141|0.7783685488434282|1.1675528232651424|1.5567370976868564
568.4|1.0|0.88|0.0|0|0.14540356883080688|0.29080713766161376|0.43621070649242066|0.5816142753232275
568.6|1.0|0.88|0.0|0|0.5585515058366587|1.1171030116733174|1.675654517509976|2.2342060233466348
568.8|1.0|0.88|0.0|0|0.4248594999031051|0.8497189998062102|1.2745784997093152|1.6994379996124205
569.0|1.0|0.88|0.0|0|0.30179799044301064|0.6035959808860213|0.9053939713290319|1.2071919617720426
569.2|1.0|0.88|0.0|0|-0.08882770713447834|-0.17765541426895667|-0.266483121403435|-0.35531082853791335
569.4|1.0|0.88|0.0|0|-0.11981830713077227|-0.23963661426154453|-0.3594549213923168|-0.47927322852308907
569.6|1.0|0.88|0.0|0|0.6490008134054375|1.298001626810875|1.9470024402163124|2.59600325362175
569.8|1.0|0.88|0.0|0|0.10774638703209358|0.21549277406418715|0.3232391610962807|0.4309855481283743
570.0|1.0|0.88|0.0|0|-0.3944094342278553|-0.7888188684557106|-1.183228302683566|-1.5776377369114212
570.2|1.0|0.88|0.0|0|-0.12432275393133761|-0.24864550786267522|-0.3729682617940128|-0.49729101572535045
570.4|1.0|0.88|0.0|0|0.2936899854298102|0.5873799708596203|0.8810699562894304|1.1747599417192407
570.6|1.0|0.88|0.0|0|0.6972884926147532|1.3945769852295065|2.0918654778442596|2.789153970459013
570.8|1.0|0.88|0.0|0|0.2410780376737241|0.4821560753474482|0.7232341130211722|0.9643121506948964
571.0|1.0|0.88|0.0|0|-0.38918427415075746|-0.7783685483015149|-1.1675528224522724|-1.5567370966030298
571.2|1.0|0.88|0.0|0|-0.059458709618775224|-0.11891741923755045|-0.17837612885632567|-0.2378348384751009
571.4|1.0|0.88|0.0|0|0.5482813641900435|1.096562728380087|1.6448440925701302|2.193125456760174
571.6|1.0|0.88|0.0|0|0.5464795864405465|1.092959172881093|1.6394387593216393|2.185918345762186
571.8|1.0|0.88|0.0|0|0.5536867012525913|1.1073734025051827|1.6610601037577741|2.2147468050103654
572.0|1.0|0.88|0.0|0|0.5509840336316852|1.1019680672633705|1.6529521008950556|2.203936134526741
572.2|1.0|0.88|0.0|0|0.21837562052562154|0.4367512410512431|0.6551268615768646|0.8735024821024862
572.4|1.0|0.88|0.0|0|-0.10666531995608249|-0.21333063991216497|-0.3199959598682474|-0.42666127982432994
572.6|1.0|0.88|0.0|0|0.26882543429703243|0.5376508685940649|0.8064763028910973|1.0753017371881297
572.8|1.0|0.88|0.0|0|-0.08972859671397608|-0.17945719342795216|-0.2691857901419282|-0.3589143868559043
573.0|1.0|0.88|0.0|0|0.3390948165225567|0.6781896330451134|1.01728444956767|1.3563792660902267
573.2|1.0|0.88|0.0|0|0.187925554943795|0.37585110988759|0.563776664831385|0.75170221977518
573.4|1.0|0.88|0.0|0|0.046666077094851106|0.09333215418970221|0.1399982312845533|0.18666430837940443
573.6|1.0|0.88|0.0|0|0.40738224312342974|0.8147644862468595|1.2221467293702892|1.629528972493719
573.8|1.0|0.88|0.0|0|-0.13927752050396533|-0.27855504100793066|-0.417832561511896|-0.5571100820158613
574.0|1.0|0.88|0.0|0|0.23855554702604442|0.47711109405208885|0.7156666410781333|0.9542221881041777
574.2|1.0|0.88|0.0|0|0.5055792006090637|1.0111584012181274|1.5167376018271912|2.022316802436255
574.4|1.0|0.88|0.0|0|0.019098858466313703|0.038197716932627405|0.05729657539894111|0.07639543386525481
574.6|1.0|0.88|0.0|0|0.5713441372269886|1.1426882744539772|1.7140324116809658|2.2853765489079545
574.8|1.0|0.88|0.0|0|0.3670223916394756|0.7340447832789512|1.1010671749184266|1.4680895665579023
575.0|1.0|0.88|0.0|0|0.3999949486131667|0.7999898972263334|1.1999848458395002|1.5999797944526668
575.2|1.0|0.88|0.0|0|-0.1576556648293628|-0.3153113296587256|-0.4729669944880884|-0.6306226593174512
575.4|1.0|0.88|0.0|0|0.3644999010191535|0.728999802038307|1.0934997030574605|1.457999604076614
575.6|1.0|0.88|0.0|0|-0.21549277378100687|-0.43098554756201374|-0.6464783213430206|-0.8619710951240275
575.8|1.0|0.88|0.0|0|-0.2560328026165373|-0.5120656052330746|-0.7680984078496119|-1.0241312104661493
576.0|1.0|0.88|0.0|0|0.45548974230740025|0.9109794846148005|1.3664692269222007|1.821958969229601
576.2|1.0|0.88|0.0|0|-0.028648286934185332|-0.057296573868370664|-0.085944860802556|-0.11459314773674133
576.4|1.0|0.88|0.0|0|-0.06324244421673944|-0.12648488843347888|-0.18972733265021832|-0.25296977686695776
576.6|1.0|0.88|0.0|0|-0.0390986050688662|-0.0781972101377324|-0.1172958152065986|-0.1563944202754648
576.8|1.0|0.88|0.0|0|0.11963812957605124|0.2392762591521025|0.35891438872815373|0.478552518304205
577.0|1.0|0.88|0.0|0|-0.023783483082952465|-0.04756696616590493|-0.07135044924885739|-0.09513393233180986
577.2|1.0|0.88|0.0|0|0.3720673731574792|0.7441347463149584|1.1162021194724376|1.4882694926299167
577.4|1.0|0.88|0.0|0|-0.06414333421940688|-0.12828666843881376|-0.19243000265822063|-0.2565733368776275
577.6|1.0|0.88|0.0|0|-0.3864816062300819|-0.7729632124601638|-1.1594448186902455|-1.5459264249203275
577.8|1.0|0.88|0.0|0|0.29080713836709066|0.5816142767341813|0.8724214151012719|1.1632285534683626
578.0|1.0|0.88|0.0|0|0.5252185930949058|1.0504371861898116|1.5756557792847175|2.1008743723796233
578.2|1.0|0.88|0.0|0|0.3875626747400387|0.7751253494800774|1.162688024220116|1.5502506989601548
578.4|1.0|0.88|0.0|0|0.6189111022069125|1.237822204413825|1.8567333066207374|2.47564440882765
578.6|1.0|0.88|0.0|0|0.6118841643942875|1.223768328788575|1.8356524931828624|2.44753665757715
578.8|1.0|0.88|0.0|0|0.09459340038360105|0.1891868007672021|0.28378020115080316|0.3783736015344042
579.0|1.0|0.88|0.0|0|0.22522238152567317|0.45044476305134634|0.6756671445770195|0.9008895261026927
579.2|1.0|0.88|0.0|0|-0.03873824857088042|-0.07747649714176084|-0.11621474571264126|-0.1549529942835217
579.4|1.0|0.88|0.0|0|-0.281077532777563|-0.562155065555126|-0.8432325983326889|-1.124310131110252
579.6|1.0|0.88|0.0|0|0.1601781576278155|0.320356315255631|0.4805344728834466|0.640712630511262
579.8|1.0|0.88|0.0|0|-0.21801526569703147|-0.43603053139406295|-0.6540457970910944|-0.8720610627881259
580.0|1.0|0.88|0.0|0|0.35206762538611686|0.7041352507722337|1.0562028761583506|1.4082705015444674
580.2|1.0|0.88|0.0|0|0.1989164080779303|0.3978328161558606|0.5967492242337908|0.7956656323117212
580.4|1.0|0.88|0.0|0|-0.2659425865393134|-0.5318851730786268|-0.7978277596179403|-1.0637703461572536
580.6|1.0|0.88|0.0|0|0.034053624171065194|0.06810724834213039|0.1021608725131956|0.13621449668426078
580.8|1.0|0.88|0.0|0|-0.6416135202583979|-1.2832270405167958|-1.9248405607751937|-2.5664540810335916
581.0|1.0|0.88|0.0|0|0.0340536245715339|0.0681072491430678|0.10216087371460171|0.1362144982861356
581.2|1.0|0.88|0.0|0|0.1754932784926497|0.3509865569852994|0.5264798354779491|0.7019731139705988
581.4|1.0|0.88|0.0|0|0.2855819796389553|0.5711639592779106|0.856745938916866|1.1423279185558213
581.6|1.0|0.88|0.0|0|0.3288246753011484|0.6576493506022968|0.9864740259034451|1.3152987012045936
581.8|1.0|0.88|0.0|0|0.07459365322283709|0.14918730644567418|0.22378095966851125|0.29837461289134837
582.0|1.0|0.88|0.0|0|0.40720206488593286|0.8144041297718657|1.2216061946577985|1.6288082595437314
582.2|1.0|0.88|0.0|0|0.06684600322158082|0.13369200644316165|0.20053800966474244|0.2673840128863233
582.4|1.0|0.88|0.0|0|0.1227011541867979|0.2454023083735958|0.3681034625603937|0.4908046167471916
582.6|1.0|0.88|0.0|0|0.6871985279035295|1.374397055807059|2.0615955837105884|2.748794111614118
582.8|1.0|0.88|0.0|0|-0.043242697722744236|-0.08648539544548847|-0.1297280931682327|-0.17297079089097694
583.0|1.0|0.88|0.0|0|0.28360002159024617|0.5672000431804923|0.8508000647707384|1.1344000863609847
583.2|1.0|0.88|0.0|0|0.33693268206494426|0.6738653641298885|1.0107980461948327|1.347730728259777
583.4|1.0|0.88|0.0|0|0.09999873766704705|0.1999974753340941|0.2999962130011411|0.3999949506681882
583.6|1.0|0.88|0.0|0|0.10810674353415389|0.21621348706830779|0.3243202306024617|0.43242697413661557
583.8|1.0|0.88|0.0|0|0.06972884893562883|0.13945769787125767|0.2091865468068865|0.27891539574251534
584.0|1.0|0.88|0.0|0|-0.008288183077238508|-0.016576366154477017|-0.02486454923171552|-0.03315273230895403
584.2|1.0|0.88|0.0|0|0.2969331875425999|0.5938663750851998|0.8907995626277997|1.1877327501703996
584.4|1.0|0.88|0.0|0|0.18792555539257608|0.37585111078515215|0.5637766661777283|0.7517022215703043
584.6|1.0|0.88|0.0|0|-0.28630269017332494|-0.5726053803466499|-0.8589080705199748|-1.1452107606932997
584.8|1.0|0.88|0.0|0|0.18792555461055616|0.3758511092211123|0.5637766638316685|0.7517022184422246
585.0|1.0|0.88|0.0|0|0.14468285825423677|0.28936571650847354|0.4340485747627103|0.5787314330169471
585.2|1.0|0.88|0.0|0|0.15279086390975877|0.30558172781951753|0.4583725917292763|0.6111634556390351
585.4|1.0|0.88|0.0|0|0.46251668165728954|0.9250333633145791|1.3875500449718687|1.8500667266291582
585.6|1.0|0.88|0.0|0|0.3293652095005385|0.658730419001077|0.9880956285016155|1.317460838002154
585.8|1.0|0.88|0.0|0|0.08180076988908702|0.16360153977817404|0.24540230966726106|0.3272030795563481
586.0|1.0|0.88|0.0|0|-0.08144041231804301|-0.16288082463608602|-0.24432123695412905|-0.32576164927217205
586.2|1.0|0.88|0.0|0|0.3342300135639383|0.6684600271278766|1.0026900406918149|1.336920054255753
586.4|1.0|0.88|0.0|0|-0.09945820303139052|-0.19891640606278105|-0.2983746090941716|-0.3978328121255621
586.6|1.0|0.88|0.0|0|-0.3693647049396535|-0.738729409879307|-1.1080941148189605|-1.477458819758614
586.8|1.0|0.88|0.0|0|0.02666633079061287|0.05333266158122574|0.0799989923718386|0.10666532316245148
587.0|1.0|0.88|0.0|0|0.20306049883540273|0.40612099767080545|0.6091814965062081|0.8122419953416109
587.2|1.0|0.88|0.0|0|-0.008648540251015227|-0.017297080502030455|-0.025945620753045684|-0.03459416100406091
587.4|1.0|0.88|0.0|0|0.08180076738673968|0.16360153477347936|0.24540230216021905|0.3272030695469587
587.6|1.0|0.88|0.0|0|0.11999848560226394|0.23999697120452787|0.3599954568067918|0.47999394240905574
587.8|1.0|0.88|0.0|0|0.1657636719278527|0.3315273438557054|0.4972910157835581|0.6630546877114109
588.0|1.0|0.88|0.0|0|-0.3189148918414142|-0.6378297836828284|-0.9567446755242426|-1.2756595673656568
588.2|1.0|0.88|0.0|0|0.06450368945428642|0.12900737890857283|0.19351106836285925|0.25801475781714567
588.4|1.0|0.88|0.0|0|-0.19243000211048655|-0.3848600042209731|-0.5772900063314597|-0.7697200084419462
588.6|1.0|0.88|0.0|0|-0.4444988909375392|-0.8889977818750784|-1.3334966728126176|-1.7779955637501568
588.8|1.0|0.88|0.0|0|0.38486000454111524|0.7697200090822305|1.1545800136233457|1.539440018164461
589.0|1.0|0.88|0.0|0|0.4625166826209174|0.9250333652418348|1.3875500478627523|1.8500667304836695
589.2|1.0|0.88|0.0|0|0.5408940700272802|1.0817881400545604|1.6226822100818405|2.1635762801091207
589.4|1.0|0.88|0.0|0|0.3897248075914107|0.7794496151828214|1.169174422774232|1.5588992303656428
589.6|1.0|0.88|0.0|0|-0.6158480792745837|-1.2316961585491675|-1.847544237823751|-2.463392317098335
589.8|1.0|0.88|0.0|0|0.4048597526893722|0.8097195053787444|1.2145792580681165|1.6194390107574888
590.0|1.0|0.88|0.0|0|0.08378272515226862|0.16756545030453723|0.2513481754568058|0.33513090060907447
590.2|1.0|0.88|0.0|0|-0.34684246675169594|-0.6936849335033919|-1.0405274002550877|-1.3873698670067838
590.4|1.0|0.88|0.0|0|0.20792530153004937|0.41585060306009874|0.6237759045901481|0.8317012061201975
590.6|1.0|0.88|0.0|0|0.06936849317688036|0.13873698635376072|0.20810547953064107|0.27747397270752144
590.8|1.0|0.88|0.0|0|0.2583751155211942|0.5167502310423884|0.7751253465635826|1.0335004620847767
591.0|1.0|0.88|0.0|0|0.3972922797099458|0.7945845594198916|1.1918768391298373|1.5891691188397832
591.2|1.0|0.88|0.0|0|-0.07693596664117656|-0.15387193328235313|-0.23080789992352968|-0.30774386656470626
591.4|1.0|0.88|0.0|0|-0.20774512421543495|-0.4154902484308699|-0.6232353726463049|-0.8309804968617398
591.6|1.0|0.88|0.0|0|-0.16990776417165776|-0.3398155283433155|-0.5097232925149733|-0.679631056686631
591.8|1.0|0.88|0.0|0|-0.3441397982774655|-0.688279596554931|-1.0324193948323963|-1.376559193109862
592.0|1.0|0.88|0.0|0|0.3740493311057802|0.7480986622115604|1.1221479933173406|1.4961973244231208
592.2|1.0|0.88|0.0|0|0.28648286916053645|0.5729657383210729|0.8594486074816095|1.1459314766421458
592.4|1.0|0.88|0.0|0|-0.17441221230721582|-0.34882442461443164|-0.5232366369216475|-0.6976488492288633
592.6|1.0|0.88|0.0|0|0.5059395569426128|1.0118791138852257|1.5178186708278385|2.0237582277704513
592.8|1.0|0.88|0.0|0|0.4753093119946429|0.9506186239892858|1.4259279359839288|1.9012372479785715
593.0|1.0|0.88|0.0|0|-0.0720711611374282|-0.1441423222748564|-0.2162134834122846|-0.2882846445497128
593.2|1.0|0.88|0.0|0|0.2866630463310869|0.5733260926621738|0.8599891389932608|1.1466521853243477
593.4|1.0|0.88|0.0|0|0.15765566770831368|0.31531133541662737|0.4729670031249411|0.6306226708332547
593.6|1.0|0.88|0.0|0|0.5335067761366377|1.0670135522732753|1.600520328409913|2.1340271045465506
593.8|1.0|0.88|0.0|0|0.7050361408019677|1.4100722816039355|2.1151084224059034|2.820144563207871
594.0|1.0|0.88|0.0|0|0.5715243140773969|1.1430486281547938|1.7145729422321907|2.2860972563095876
594.2|1.0|0.88|0.0|0|0.3598152764784757|0.7196305529569514|1.0794458294354272|1.4392611059139029
594.4|1.0|0.88|0.0|0|0.11513368166051816|0.2302673633210363|0.34540104498155444|0.4605347266420726
594.6|1.0|0.88|0.0|0|0.5232366357135475|1.046473271427095|1.5697099071406424|2.09294654285419
594.8|1.0|0.88|0.0|0|0.49062443400063827|0.9812488680012765|1.4718733020019148|1.962497736002553
595.0|1.0|0.88|0.0|0|-0.08900788611819743|-0.17801577223639486|-0.2670236583545923|-0.35603154447278973
595.2|1.0|0.88|0.0|0|-0.28378019922412956|-0.5675603984482591|-0.8513405976723887|-1.1351207968965182
595.4|1.0|0.88|0.0|0|-0.13999823163758277|-0.27999646327516553|-0.4199946949127483|-0.5599929265503311
595.6|1.0|0.88|0.0|0|0.44774209388560887|0.8954841877712177|1.3432262816568266|1.7909683755424355
595.8|1.0|0.88|0.0|0|0.17783559269330015|0.3556711853866003|0.5335067780799004|0.7113423707732006
596.0|1.0|0.88|0.0|0|-0.27819468461209934|-0.5563893692241987|-0.834584053836298|-1.1127787384483974
596.2|1.0|0.88|0.0|0|-0.12378221991530165|-0.2475644398306033|-0.371346659745905|-0.4951288796612066
596.4|1.0|0.88|0.0|0|0.2747713048293374|0.5495426096586749|0.8243139144880123|1.0990852193173497
596.6|1.0|0.88|0.0|0|0.17837612669740355|0.3567522533948071|0.5351283800922106|0.7135045067896142
596.8|1.0|0.88|0.0|0|-0.03873824919777693|-0.07747649839555386|-0.1162147475933308|-0.15495299679110772
597.0|1.0|0.88|0.0|0|0.0266663304626127|0.0533326609252254|0.0799989913878381|0.1066653218504508
597.2|1.0|0.88|0.0|0|0.3344101911518377|0.6688203823036754|1.003230573455513|1.3376407646073507
597.4|1.0|0.88|0.0|0|0.03873824934504231|0.07747649869008462|0.11621474803512694|0.15495299738016924
597.6|1.0|0.88|0.0|0|0.3616170559159949|0.7232341118319898|1.0848511677479846|1.4464682236639796
597.8|1.0|0.88|0.0|0|0.11008869989134847|0.22017739978269693|0.3302660996740454|0.44035479956539386
598.0|1.0|0.88|0.0|0|-0.0037837353505892715|-0.007567470701178543|-0.011351206051767813|-0.015134941402357086
598.2|1.0|0.88|0.0|0|0.03171131098293702|0.06342262196587405|0.09513393294881106|0.1268452439317481
598.4|1.0|0.88|0.0|0|0.27675326278083984|0.5535065255616797|0.8302597883425195|1.1070130511233593
598.6|1.0|0.88|0.0|0|-0.08936824119009551|-0.17873648238019102|-0.26810472357028653|-0.35747296476038204
598.8|1.0|0.88|0.0|0|0.06756671408540575|0.1351334281708115|0.20270014225621727|0.270266856341623
599.0|1.0|0.88|0.0|0|0.08720610559917995|0.1744122111983599|0.26161831679753983|0.3488244223967198
599.2|1.0|0.88|0.0|0|0.09495375599915869|0.18990751199831737|0.2848612679974761|0.37981502399663475
599.4|1.0|0.88|0.0|0|0.2789153963481661|0.5578307926963322|0.8367461890444982|1.1156615853926644
599.6|1.0|0.88|0.0|0|0.14774588157888516|0.2954917631577703|0.44323764473665545|0.5909835263155406
599.8|1.0|0.88|0.0|0|-0.09981855953810745|-0.1996371190762149|-0.2994556786143224|-0.3992742381524298
600.0|1.0|0.88|0.0|0|0.5081016916371305|1.016203383274261|1.5243050749113913|2.032406766548522
600.2|1.0|0.88|0.0|0|-0.12468311015429219|-0.24936622030858438|-0.3740493304628766|-0.49873244061716876
600.4|1.0|0.88|0.0|0|-0.10954816634883183|-0.21909633269766365|-0.32864449904649545|-0.4381926653953273
600.6|1.0|0.88|0.0|0|-0.21297028397384585|-0.4259405679476917|-0.6389108519215375|-0.8518811358953834
600.8|1.0|0.88|0.0|0|0.30396012546145385|0.6079202509229077|0.9118803763843615|1.2158405018458154
601.0|1.0|0.88|0.0|0|0.31621222384041203|0.6324244476808241|0.9486366715212361|1.2648488953616481
601.2|1.0|0.88|0.0|0|-0.39206712101091434|-0.7841342420218287|-1.176201363032743|-1.5682684840436574
601.4|1.0|0.88|0.0|0|-0.07405311941372936|-0.1481062388274587|-0.22215935824118807|-0.2962124776549174
601.6|1.0|0.88|0.0|0|-0.19999747510533797|-0.39999495021067594|-0.5999924253160139|-0.7999899004213519
601.8|1.0|0.88|0.0|0|0.14017840924381755|0.2803568184876351|0.4205352277314527|0.5607136369752702
602.0|1.0|0.88|0.0|0|0.4299044811207572|0.8598089622415144|1.2897134433622717|1.7196179244830287
602.2|1.0|0.88|0.0|0|0.18738502142601662|0.37477004285203325|0.5621550642780498|0.7495400857040665
602.4|1.0|0.88|0.0|0|0.08720610522752403|0.17441221045504807|0.2616183156825721|0.34882442091009613
602.6|1.0|0.88|0.0|0|-0.04360305341542702|-0.08720610683085404|-0.13080916024628106|-0.1744122136617081
602.8|1.0|0.88|0.0|0|-0.6614330882250221|-1.3228661764500442|-1.9842992646750663|-2.6457323529000885
603.0|1.0|0.88|0.0|0|-0.10918781061831406|-0.21837562123662813|-0.3275634318549422|-0.43675124247325625
603.2|1.0|0.88|0.0|0|0.03675629250617934|0.07351258501235867|0.11026887751853802|0.14702517002471735
603.4|1.0|0.88|0.0|0|0.11459314775100221|0.22918629550200442|0.34377944325300663|0.45837259100400884
603.6|1.0|0.88|0.0|0|0.18792555488995294|0.3758511097799059|0.5637766646698588|0.7517022195598118
603.8|1.0|0.88|0.0|0|0.061620842319098354|0.12324168463819671|0.18486252695729508|0.24648336927639342
604.0|1.0|0.88|0.0|0|0.2709875681530687|0.5419751363061374|0.812962704459206|1.0839502726122747
604.2|1.0|0.88|0.0|0|0.6387306728339177|1.2774613456678354|1.9161920185017534|2.554922691335671
604.4|1.0|0.88|0.0|0|0.49819190709298755|0.9963838141859751|1.4945757212789625|1.9927676283719502
604.6|1.0|0.88|0.0|0|0.1527908630901949|0.3055817261803898|0.4583725892705847|0.6111634523607796
604.8|1.0|0.88|0.0|0|0.26071742871921766|0.5214348574384353|0.782152286157653|1.0428697148768706
605.0|1.0|0.88|0.0|0|0.06162084332929231|0.12324168665858462|0.18486252998787694|0.24648337331716924
605.2|1.0|0.88|0.0|0|0.5435967384808469|1.0871934769616938|1.6307902154425407|2.1743869539233875
605.4|1.0|0.88|0.0|0|0.793143136980362|1.586286273960724|2.379429410941086|3.172572547921448
605.6|1.0|0.88|0.0|0|0.369725061367208|0.739450122734416|1.109175184101624|1.478900245468832
605.8|1.0|0.88|0.0|0|0.05675603964511543|0.11351207929023086|0.1702681189353463|0.2270241585804617
606.0|1.0|0.88|0.0|0|-0.3969319241488123|-0.7938638482976246|-1.1907957724464369|-1.5877276965952491
606.2|1.0|0.88|0.0|0|-0.1599979796339177|-0.3199959592678354|-0.4799939389017531|-0.6399919185356708
606.4|1.0|0.88|0.0|0|0.7774676585325513|1.5549353170651026|2.332402975597654|3.109870634130205
606.6|1.0|0.88|0.0|0|-0.1954930269127364|-0.3909860538254728|-0.5864790807382092|-0.7819721076509456
606.8|1.0|0.88|0.0|0|-0.12432275458559172|-0.24864550917118344|-0.37296826375677516|-0.4972910183423669
607.0|1.0|0.88|0.0|0|0.46053472509840543|0.9210694501968109|1.3816041752952164|1.8421389003936217
607.2|1.0|0.88|0.0|0|0.2738704162818615|0.547740832563723|0.8216112488455845|1.095481665127446
607.4|1.0|0.88|0.0|0|0.1599979795236142|0.3199959590472284|0.47999393857084255|0.6399919180944568
607.6|1.0|0.88|0.0|0|-0.03585540259897246|-0.07171080519794493|-0.10756620779691739|-0.14342161039588985
607.8|1.0|0.88|0.0|0|0.1072058523769375|0.214411704753875|0.32161755713081247|0.42882340950775
608.0|1.0|0.88|0.0|0|-0.22288006817223524|-0.4457601363444705|-0.6686402045167057|-0.891520272688941
608.2|1.0|0.88|0.0|0|0.11459314673469645|0.2291862934693929|0.34377944020408935|0.4583725869387858
608.4|1.0|0.88|0.0|0|-0.16738527383189664|-0.33477054766379327|-0.5021558214956899|-0.6695410953275865
608.6|1.0|0.88|0.0|0|0.19315071361575992|0.38630142723151983|0.5794521408472797|0.7726028544630397
608.8|1.0|0.88|0.0|0|0.40035530475812303|0.8007106095162461|1.201065914274369|1.6014212190324921
609.0|1.0|0.88|0.0|0|0.2378348336039928|0.4756696672079856|0.7135045008119784|0.9513393344159712
609.2|1.0|0.88|0.0|0|0.455489744121151|0.910979488242302|1.3664692323634529|1.821958976484604
609.4|1.0|0.88|0.0|0|-0.14954766195092828|-0.29909532390185656|-0.4486429858527849|-0.5981906478037131
609.6|1.0|0.88|0.0|0|-0.10702567552914853|-0.21405135105829706|-0.3210770265874456|-0.4281027021165941
609.8|1.0|0.88|0.0|0|0.11225083531899155|0.2245016706379831|0.33675250595697465|0.4490033412759662
610.0|1.0|0.88|0.0|0|-0.16288082546030652|-0.32576165092061304|-0.48864247638091957|-0.6515233018412261
610.2|1.0|0.88|0.0|0|0.19729480588604947|0.39458961177209895|0.5918844176581484|0.7891792235441979
610.4|1.0|0.88|0.0|0|0.04396340933570177|0.08792681867140353|0.1318902280071053|0.17585363734280707
610.6|1.0|0.88|0.0|0|0.3369326805308813|0.6738653610617626|1.010798041592644|1.3477307221235253
610.8|1.0|0.88|0.0|0|0.7297205143221078|1.4594410286442157|2.1891615429663234|2.9188820572884313
611.0|1.0|0.88|0.0|0|0.20504245557996928|0.41008491115993856|0.6151273667399079|0.8201698223198771
611.2|1.0|0.88|0.0|0|-0.08954841819708244|-0.17909683639416488|-0.26864525459124733|-0.35819367278832975
611.4|1.0|0.88|0.0|0|0.5835962338076212|1.1671924676152423|1.7507887014228634|2.3343849352304846
611.6|1.0|0.88|0.0|0|-0.18468235279113304|-0.3693647055822661|-0.5540470583733991|-0.7387294111645322
611.8|1.0|0.88|0.0|0|0.5866592580769798|1.1733185161539597|1.7599777742309395|2.3466370323079193
612.0|1.0|0.88|0.0|0|0.04468412108282795|0.0893682421656559|0.13405236324848385|0.1787364843313118
612.2|1.0|0.88|0.0|0|0.38449964884552207|0.7689992976910441|1.1534989465365661|1.5379985953820883
612.4|1.0|0.88|0.0|0|0.4603545463786581|0.9207090927573162|1.3810636391359743|1.8414181855146323
612.6|1.0|0.88|0.0|0|0.09765642516227681|0.19531285032455362|0.29296927548683044|0.39062570064910723
612.8|1.0|0.88|0.0|0|0.47026433054416017|0.9405286610883203|1.4107929916324804|1.8810573221766407
613.0|1.0|0.88|0.0|0|0.5136872065928769|1.0273744131857538|1.5410616197786307|2.0547488263715077
613.2|1.0|0.88|0.0|0|0.18288057392550416|0.36576114785100833|0.5486417217765125|0.7315222957020167
613.4|1.0|0.88|0.0|0|-0.23531234407884788|-0.47062468815769576|-0.7059370322365437|-0.9412493763153915
613.6|1.0|0.88|0.0|0|-0.33891463811072786|-0.6778292762214557|-1.0167439143321835|-1.3556585524429114
613.8|1.0|0.88|0.0|0|0.09729606829583654|0.19459213659167307|0.2918882048875096|0.38918427318334614
614.0|1.0|0.88|0.0|0|0.2536904913221954|0.5073809826443908|0.7610714739665861|1.0147619652887816
614.2|1.0|0.88|0.0|0|-0.28071717497165105|-0.5614343499433021|-0.8421515249149532|-1.1228686998866042
614.4|1.0|0.88|0.0|0|0.2709875690884658|0.5419751381769315|0.8129627072653973|1.083950276353863
614.6|1.0|0.88|0.0|0|0.25567244826030244|0.5113448965206049|0.7670173447809072|1.0226897930412098
614.8|1.0|0.88|0.0|0|0.0945934005815071|0.1891868011630142|0.2837802017445213|0.3783736023260284
615.0|1.0|0.88|0.0|0|0.06468386859633034|0.12936773719266068|0.19405160578899103|0.25873547438532135
615.2|1.0|0.88|0.0|0|0.27639290626364554|0.5527858125272911|0.8291787187909365|1.1055716250545822
615.4|1.0|0.88|0.0|0|0.19819569587678434|0.3963913917535687|0.594587087630353|0.7927827835071374
615.6|1.0|0.88|0.0|0|0.663955580196635|1.32791116039327|1.9918667405899049|2.65582232078654
615.8|1.0|0.88|0.0|0|0.7149459270449012|1.4298918540898025|2.144837781134704|2.859783708179605
616.0|1.0|0.88|0.0|0|-0.28107753094227544|-0.5621550618845509|-0.8432325928268263|-1.1243101237691018
616.2|1.0|0.88|0.0|0|-0.2990953232010363|-0.5981906464020726|-0.897285969603109|-1.1963812928041453
616.4|1.0|0.88|0.0|0|0.2608976056732356|0.5217952113464712|0.7826928170197068|1.0435904226929424
616.6|1.0|0.88|0.0|0|-0.14486303597281233|-0.28972607194562466|-0.434589107918437|-0.5794521438912493
616.8|1.0|0.88|0.0|0|0.15062872854032333|0.30125745708064666|0.45188618562097005|0.6025149141612933
617.0|1.0|0.88|0.0|0|-0.11693545967602414|-0.2338709193520483|-0.35080637902807243|-0.4677418387040966
617.2|1.0|0.88|0.0|0|0.2709875692264179|0.5419751384528358|0.8129627076792538|1.0839502769056717
617.4|1.0|0.88|0.0|0|-0.18738502067717508|-0.37477004135435016|-0.5621550620315252|-0.7495400827087003
617.6|1.0|0.88|0.0|0|-0.5936861962673725|-1.187372392534745|-1.7810585888021175|-2.37474478506949
617.8|1.0|0.88|0.0|0|0.18774537621095094|0.3754907524219019|0.5632361286328529|0.7509815048438038
618.0|1.0|0.88|0.0|0|-0.013513342168298562|-0.027026684336597124|-0.04054002650489569|-0.05405336867319425
618.2|1.0|0.88|0.0|0|-0.22540255808271487|-0.45080511616542973|-0.6762076742481447|-0.9016102323308595
618.4|1.0|0.88|0.0|0|0.3819771582036632|0.7639543164073264|1.1459314746109894|1.5279086328146527
618.6|1.0|0.88|0.0|0|0.22269989202410234|0.4453997840482047|0.668099676072307|0.8907995680964094
618.8|1.0|0.88|0.0|0|-0.24594284014368917|-0.49188568028737834|-0.7378285204310675|-0.9837713605747567
619.0|1.0|0.88|0.0|0|-0.47999393857055156|-0.9599878771411031|-1.4399818157116546|-1.9199757542822062
619.2|1.0|0.88|0.0|0|0.03873825033253528|0.07747650066507056|0.11621475099760584|0.15495300133014112
619.4|1.0|0.88|0.0|0|-0.18071843985992034|-0.3614368797198407|-0.542155319579761|-0.7228737594396814
619.6|1.0|0.88|0.0|0|0.1473855269266643|0.2947710538533286|0.4421565807799929|0.5895421077066572
619.8|1.0|0.88|0.0|0|0.13243076094862785|0.2648615218972557|0.3972922828458835|0.5297230437945114
620.0|1.0|0.88|0.0|0|-0.3264823634526695|-0.652964726905339|-0.9794470903580086|-1.305929453810678
620.2|1.0|0.88|0.0|0|0.34143712955439726|0.6828742591087945|1.0243113886631918|1.365748518217589
620.4|1.0|0.88|0.0|0|-0.20270014292676952|-0.40540028585353904|-0.6081004287803086|-0.8108005717070781
620.6|1.0|0.88|0.0|0|0.10702567573142015|0.2140513514628403|0.32107702719426046|0.4281027029256806
620.8|1.0|0.88|0.0|0|0.7626930706694846|1.525386141338969|2.2880792120084537|3.050772282677938
621.0|1.0|0.88|0.0|0|-0.1879255555811689|-0.3758511111623378|-0.5637766667435067|-0.7517022223246757
621.2|1.0|0.88|0.0|0|-0.6111634530421003|-1.2223269060842006|-1.8334903591263008|-2.444653812168401
621.4|1.0|0.88|0.0|0|-0.043963408666313666|-0.08792681733262733|-0.13189022599894099|-0.17585363466525467
621.6|1.0|0.88|0.0|0|0.13261093833163626|0.2652218766632725|0.39783281499490875|0.530443753326545
621.8|1.0|0.88|0.0|0|0.11981830696633562|0.23963661393267124|0.3594549208990069|0.4792732278653425
622.0|1.0|0.88|0.0|0|-0.1645024286018453|-0.3290048572036906|-0.49350728580553593|-0.6580097144073812
622.2|1.0|0.88|0.0|0|0.14774588186061022|0.29549176372122044|0.4432376455818307|0.5909835274424409
622.4|1.0|0.88|0.0|0|0.44269711228320413|0.8853942245664083|1.3280913368496123|1.7707884491328165
622.6|1.0|0.88|0.0|0|0.1630610033360428|0.3261220066720856|0.4891830100081283|0.6522440133441711
622.8|1.0|0.88|0.0|0|-0.3744096867469492|-0.7488193734938984|-1.1232290602408477|-1.4976387469877968
623.0|1.0|0.88|0.0|0|0.26882543305953754|0.5376508661190751|0.8064762991786126|1.0753017322381502
623.2|1.0|0.88|0.0|0|-0.15188997387012945|-0.3037799477402589|-0.4556699216103884|-0.6075598954805178
623.4|1.0|0.88|0.0|0|0.5835962343713623|1.1671924687427246|1.750788703114087|2.3343849374854493
623.6|1.0|0.88|0.0|0|0.28648286875570217|0.5729657375114043|0.8594486062671065|1.1459314750228087
623.8|1.0|0.88|0.0|0|0.12954791338561347|0.25909582677122694|0.3886437401568404|0.5181916535424539
624.0|1.0|0.88|0.0|0|0.4203550525257018|0.8407101050514036|1.2610651575771055|1.6814202101028073
624.2|1.0|0.88|0.0|0|-0.22053775587701258|-0.44107551175402515|-0.6616132676310378|-0.8821510235080503
624.4|1.0|0.88|0.0|0|0.0645036900832202|0.1290073801664404|0.19351107024966058|0.2580147603328808
624.6|1.0|0.88|0.0|0|0.10234104862611285|0.2046820972522257|0.3070231458783385|0.4093641945044514
624.8|1.0|0.88|0.0|0|0.9012498806082302|1.8024997612164604|2.703749641824691|3.6049995224329208
625.0|1.0|0.88|0.0|0|0.19080840133887267|0.38161680267774534|0.572425204016618|0.7632336053554907
625.2|1.0|0.88|0.0|0|-0.05891817471972905|-0.1178363494394581|-0.17675452415918713|-0.2356726988789162
625.4|1.0|0.88|0.0|0|0.21801526556228074|0.43603053112456147|0.6540457966868423|0.8720610622491229
625.6|1.0|0.88|0.0|0|-0.11423279210430347|-0.22846558420860694|-0.3426983763129104|-0.4569311684172139
625.8|1.0|0.88|0.0|0|0.18288057404774025|0.3657611480954805|0.5486417221432207|0.731522296190961
626.0|1.0|0.88|0.0|0|-0.008648539657879163|-0.017297079315758326|-0.025945618973637487|-0.03459415863151665
626.2|1.0|0.88|0.0|0|0.4151298933001821|0.8302597866003641|1.2453896799005462|1.6605195732007283
626.4|1.0|0.88|0.0|0|0.5715243142741389|1.1430486285482777|1.7145729428224163|2.2860972570965554
626.6|1.0|0.88|0.0|0|0.30882492847129495|0.6176498569425899|0.926474785413885|1.2352997138851798
626.8|1.0|0.88|0.0|0|0.1320704039357953|0.2641408078715906|0.3962112118073859|0.5282816157431812
627.0|1.0|0.88|0.0|0|-0.010810674073873098|-0.021621348147746196|-0.03243202222161929|-0.04324269629549239
627.2|1.0|0.88|0.0|0|-0.13693520773813372|-0.27387041547626745|-0.4108056232144012|-0.5477408309525349
627.4|1.0|0.88|0.0|0|0.17567345644260074|0.3513469128852015|0.5270203693278022|0.702693825770403
627.6|1.0|0.88|0.0|0|0.17008794246998166|0.3401758849399633|0.5102638274099449|0.6803517698799266
627.8|1.0|0.88|0.0|0|-0.0007207117439247675|-0.001441423487849535|-0.0021621352317743024|-0.00288284697569907
628.0|1.0|0.88|0.0|0|0.2708073916379365|0.541614783275873|0.8124221749138094|1.083229566551746
628.2|1.0|0.88|0.0|0|-0.17729505726427322|-0.35459011452854644|-0.5318851717928197|-0.7091802290570929
628.4|1.0|0.88|0.0|0|0.6999911593651638|1.3999823187303275|2.0999734780954915|2.799964637460655
628.6|1.0|0.88|0.0|0|0.01657636730553351|0.03315273461106702|0.04972910191660053|0.06630546922213404
628.8|1.0|0.88|0.0|0|0.30125745622208366|0.6025149124441673|0.9037723686662511|1.2050298248883347
629.0|1.0|0.88|0.0|0|0.2385555460213802|0.4771110920427604|0.7156666380641407|0.9542221840855208
629.2|1.0|0.88|0.0|0|0.41260740263154766|0.8252148052630953|1.237822207894643|1.6504296105261906
629.4|1.0|0.88|0.0|0|0.13513342861610012|0.27026685723220023|0.40540028584830035|0.5405337144644005
629.6|1.0|0.88|0.0|0|0.5255789473268674|1.0511578946537348|1.576736841980602|2.1023157893074695
629.8|1.0|0.88|0.0|0|0.5435967393821926|1.087193478764385|1.6307902181465774|2.17438695752877
630.0|1.0|0.88|0.0|0|0.009189072124136154|0.018378144248272308|0.027567216372408464|0.036756288496544616
630.2|1.0|0.88|0.0|0|0.12017866320034966|0.24035732640069932|0.36053598960104893|0.48071465280139863
630.4|1.0|0.88|0.0|0|-0.2706272123823876|-0.5412544247647753|-0.8118816371471629|-1.0825088495295505
630.6|1.0|0.88|0.0|0|0.1401784110319569|0.2803568220639138|0.4205352330958707|0.5607136441278276
630.8|1.0|0.88|0.0|0|-0.02090063626063058|-0.04180127252126116|-0.06270190878189175|-0.08360254504252232
631.0|1.0|0.88|0.0|0|0.040179672466183584|0.08035934493236717|0.12053901739855075|0.16071868986473434
631.2|1.0|0.88|0.0|0|-0.23513216444436713|-0.47026432888873426|-0.7053964933331014|-0.9405286577774685
631.4|1.0|0.88|0.0|0|0.6365685380809015|1.273137076161803|1.9097056142427045|2.546274152323606
631.6|1.0|0.88|0.0|0|0.38197715735179405|0.7639543147035881|1.1459314720553821|1.5279086294071762
631.8|1.0|0.88|0.0|0|-0.2733298811910211|-0.5466597623820422|-0.8199896435730633|-1.0933195247640843
632.0|1.0|0.88|0.0|0|0.137295564414526|0.274591128829052|0.41188669324357796|0.549182257658104
632.2|1.0|0.88|0.0|0|0.026666329471918312|0.053332658943836625|0.07999898841575494|0.10666531788767325
632.4|1.0|0.88|0.0|0|-0.05873799745459115|-0.1174759949091823|-0.17621399236377344|-0.2349519898183646
632.6|1.0|0.88|0.0|0|0.003783735330507628|0.007567470661015256|0.011351205991522884|0.015134941322030512
632.8|1.0|0.88|0.0|0|-0.08396290427685024|-0.16792580855370048|-0.25188871283055075|-0.33585161710740097
633.0|1.0|0.88|0.0|0|0.06918831566552405|0.1383766313310481|0.20756494699657216|0.2767532626620962
633.2|1.0|0.88|0.0|0|-0.49729101669858256|-0.9945820333971651|-1.4918730500957476|-1.9891640667943302
633.4|1.0|0.88|0.0|0|0.05423354922008007|0.10846709844016014|0.1627006476602402|0.21693419688032028
633.6|1.0|0.88|0.0|0|0.08198094751976903|0.16396189503953806|0.2459428425593071|0.3279237900790761
633.8|1.0|0.88|0.0|0|0.676748210493534|1.353496420987068|2.030244631480602|2.706992841974136
634.0|1.0|0.88|0.0|0|0.25369048933207544|0.5073809786641509|0.7610714679962264|1.0147619573283018
634.2|1.0|0.88|0.0|0|-0.0917105537248427|-0.1834211074496854|-0.2751316611745281|-0.3668422148993708
634.4|1.0|0.88|0.0|0|-0.08126023504766643|-0.16252047009533285|-0.2437807051429993|-0.3250409401906657
634.6|1.0|0.88|0.0|0|0.49584959420317365|0.9916991884063473|1.4875487826095208|1.9833983768126946
634.8|1.0|0.88|0.0|0|0.3951301459805112|0.7902602919610224|1.1853904379415336|1.5805205839220449
635.0|1.0|0.88|0.0|0|-0.21513241829175986|-0.4302648365835197|-0.6453972548752797|-0.8605296731670394
635.2|1.0|0.88|0.0|0|0.06198119967448298|0.12396239934896595|0.18594359902344892|0.2479247986979319
635.4|1.0|0.88|0.0|0|0.5711639592293073|1.1423279184586146|1.7134918776879218|2.284655836917229
635.6|1.0|0.88|0.0|0|0.09207091021147798|0.18414182042295596|0.2762127306344339|0.3682836408459119
635.8|1.0|0.88|0.0|0|0.5509840335487393|1.1019680670974785|1.6529521006462178|2.203936134194957
636.0|1.0|0.88|0.0|0|0.24864550911035643|0.49729101822071287|0.7459365273310693|0.9945820364414257
636.2|1.0|0.88|0.0|0|0.7124234359819099|1.4248468719638199|2.13727030794573|2.8496937439276397
636.4|1.0|0.88|0.0|0|0.7153062819305348|1.4306125638610696|2.1459188457916043|2.861225127722139
636.6|1.0|0.88|0.0|0|0.24882568540691885|0.4976513708138377|0.7464770562207566|0.9953027416276754
636.8|1.0|0.88|0.0|0|-0.17945719344075786|-0.3589143868815157|-0.5383715803222735|-0.7178287737630314
637.0|1.0|0.88|0.0|0|0.07477383013290825|0.1495476602658165|0.22432149039872476|0.299095320531633
637.2|1.0|0.88|0.0|0|-0.008648539838904989|-0.017297079677809978|-0.025945619516714966|-0.034594159355619956
637.4|1.0|0.88|0.0|0|0.35477029556263034|0.7095405911252607|1.0643108866878912|1.4190811822505214
637.6|1.0|0.88|0.0|0|0.2614381407122712|0.5228762814245425|0.7843144221368137|1.045752562849085
637.8|1.0|0.88|0.0|0|0.2994556777895198|0.5989113555790396|0.8983670333685594|1.1978227111580793
638.0|1.0|0.88|0.0|0|-0.16486278139869698|-0.32972556279739396|-0.49458834419609093|-0.6594511255947879
638.2|1.0|0.88|0.0|0|-0.04684625587949999|-0.09369251175899998|-0.14053876763849998|-0.18738502351799996
638.4|1.0|0.88|0.0|0|0.5639568425525799|1.1279136851051599|1.69187052765774|2.2558273702103198
638.6|1.0|0.88|0.0|0|0.3971121019008573|0.7942242038017145|1.1913363057025719|1.588448407603429
638.8|1.0|0.88|0.0|0|0.3297255650660375|0.659451130132075|0.9891766951981126|1.31890226026415
639.0|1.0|0.88|0.0|0|-0.12432275423489056|-0.24864550846978112|-0.3729682627046717|-0.49729101693956224
639.2|1.0|0.88|0.0|0|-0.021260992661118527|-0.042521985322237055|-0.06378297798335558|-0.08504397064447411
639.4|1.0|0.88|0.0|0|0.21260992796364026|0.4252198559272805|0.6378297838909208|0.850439711854561
639.6|1.0|0.88|0.0|0|-0.3715268385957464|-0.7430536771914928|-1.1145805157872393|-1.4861073543829857
639.8|1.0|0.88|0.0|0|-0.0234231277057552|-0.0468462554115104|-0.07026938311726559|-0.0936925108230208
640.0|1.0|0.88|0.0|0|0.15729531074845013|0.31459062149690026|0.4718859322453504|0.6291812429938005
640.2|1.0|0.88|0.0|0|0.6972884910757426|1.3945769821514853|2.091865473227228|2.7891539643029706
640.4|1.0|0.88|0.0|0|0.5617947082474717|1.1235894164949434|1.6853841247424148|2.2471788329898867
640.6|1.0|0.88|0.0|0|-0.15963762280618554|-0.3192752456123711|-0.4789128684185566|-0.6385504912247422
640.8|1.0|0.88|0.0|0|-0.17747523568366902|-0.35495047136733804|-0.5324257070510071|-0.7099009427346761
641.0|1.0|0.88|0.0|0|-0.4198145183743331|-0.8396290367486662|-1.2594435551229992|-1.6792580734973324
641.2|1.0|0.88|0.0|0|-0.39440943362889846|-0.7888188672577969|-1.1832283008866953|-1.5776377345155939
641.4|1.0|0.88|0.0|0|0.3567522515714521|0.7135045031429041|1.0702567547143562|1.4270090062858083
641.6|1.0|0.88|0.0|0|-0.1772950594083524|-0.3545901188167048|-0.5318851782250572|-0.7091802376334096
641.8|1.0|0.88|0.0|0|0.4473817374068316|0.8947634748136633|1.3421452122204949|1.7895269496273265
642.0|1.0|0.88|0.0|0|0.16252047053363655|0.3250409410672731|0.48756141160090966|0.6500818821345462
642.2|1.0|0.88|0.0|0|0.25909582728956615|0.5181916545791323|0.7772874818686984|1.0363833091582646
642.4|1.0|0.88|0.0|0|0.027026686437602646|0.05405337287520529|0.08108005931280793|0.10810674575041058
642.6|1.0|0.88|0.0|0|-0.08414308096776957|-0.16828616193553914|-0.2524292429033087|-0.33657232387107827
642.8|1.0|0.88|0.0|0|0.8234130252758048|1.6468260505516097|2.4702390758274144|3.2936521011032194
643.0|1.0|0.88|0.0|0|0.5360292668963671|1.0720585337927342|1.6080878006891013|2.1441170675854684
643.2|1.0|0.88|0.0|0|1.1614267749578004|2.322853549915601|3.484280324873401|4.645707099831202
643.4|1.0|0.88|0.0|0|0.12234079703892359|0.24468159407784718|0.36702239111677076|0.48936318815569435
643.6|1.0|0.88|0.0|0|-0.586118724274857|-1.172237448549714|-1.7583561728245711|-2.344474897099428
643.8|1.0|0.88|0.0|0|-0.14954766020819094|-0.29909532041638187|-0.44864298062457275|-0.5981906408327637
644.0|1.0|0.88|0.0|0|0.31152759799588264|0.6230551959917653|0.934582793987648|1.2461103919835306
644.2|1.0|0.88|0.0|0|-0.17477256773359856|-0.3495451354671971|-0.5243177032007957|-0.6990902709343942
644.4|1.0|0.88|0.0|0|-0.22017740004143|-0.44035480008286|-0.6605322001242899|-0.88070960016572
644.6|1.0|0.88|0.0|0|-0.053873194412444765|-0.10774638882488953|-0.1616195832373343|-0.21549277764977906
644.8|1.0|0.88|0.0|0|-0.10882745360024283|-0.21765490720048566|-0.3264823608007285|-0.43530981440097133
645.0|1.0|0.88|0.0|0|-0.15765566678193876|-0.3153113335638775|-0.47296700034581635|-0.630622667127755
645.2|1.0|0.88|0.0|0|0.7828729968392879|1.5657459936785758|2.348618990517864|3.1314919873571516
645.4|1.0|0.88|0.0|0|-0.2455824840857533|-0.4911649681715066|-0.7367474522572599|-0.9823299363430132
645.6|1.0|0.88|0.0|0|0.6443161861592677|1.2886323723185353|1.932948558477803|2.5772647446370707
645.8|1.0|0.88|0.0|0|0.08990877433680006|0.1798175486736001|0.26972632301040017|0.3596350973472002
646.0|1.0|0.88|0.0|0|-0.09909784769493862|-0.19819569538987725|-0.29729354308481587|-0.3963913907797545
646.2|1.0|0.88|0.0|0|0.3639593668433375|0.727918733686675|1.0918781005300124|1.45583746737335
646.4|1.0|0.88|0.0|0|-0.011171030794503177|-0.022342061589006354|-0.03351309238350953|-0.04468412317801271
646.6|1.0|0.88|0.0|0|0.4605347245905436|0.9210694491810872|1.3816041737716307|1.8421388983621745
646.8|1.0|0.88|0.0|0|0.014234056357818202|0.028468112715636405|0.04270216907345461|0.05693622543127281
647.0|1.0|0.88|0.0|0|0.7452158139215324|1.4904316278430647|2.235647441764597|2.9808632556861294
647.2|1.0|0.88|0.0|0|-0.32359951675665827|-0.6471990335133165|-0.9707985502699747|-1.294398067026633
647.4|1.0|0.88|0.0|0|0.5385517579046432|1.0771035158092863|1.6156552737139296|2.1542070316185726
647.6|1.0|0.88|0.0|0|0.052251593013643335|0.10450318602728667|0.15675477904093|0.20900637205457334
647.8|1.0|0.88|0.0|0|0.6057581168375332|1.2115162336750664|1.8172743505126|2.423032467350133
648.0|1.0|0.88|0.0|0|0.2234206022831497|0.4468412045662994|0.670261806849449|0.8936824091325988
648.2|1.0|0.88|0.0|0|0.8590882506381612|1.7181765012763224|2.5772647519144836|3.4363530025526448
648.4|1.0|0.88|0.0|0|-0.2576544036381531|-0.5153088072763062|-0.7729632109144593|-1.0306176145526125
648.6|1.0|0.88|0.0|0|-0.03927878275251718|-0.07855756550503436|-0.11783634825755154|-0.15711513101006871
648.8|1.0|0.88|0.0|0|0.1351334285581835|0.270266857116367|0.40540028567455044|0.540533714232734
649.0|1.0|0.88|0.0|0|0.6389108515775302|1.2778217031550605|1.9167325547325909|2.555643406310121
649.2|1.0|0.88|0.0|0|0.03675629307603234|0.07351258615206469|0.11026887922809701|0.14702517230412937
649.4|1.0|0.88|0.0|0|0.2536904901984965|0.507380980396993|0.7610714705954895|1.014761960793986
649.6|1.0|0.88|0.0|0|0.4603545476269214|0.9207090952538428|1.381063642880764|1.8414181905076856
649.8|1.0|0.88|0.0|0|-0.24287981523055371|-0.48575963046110743|-0.7286394456916612|-0.9715192609222149
650.0|1.0|0.88|0.0|0|-0.5479210084580705|-1.095842016916141|-1.6437630253742115|-2.191684033832282
650.2|1.0|0.88|0.0|0|0.4277423461282164|0.8554846922564328|1.2832270383846491|1.7109693845128655
650.4|1.0|0.88|0.0|0|-0.008648540399153725|-0.01729708079830745|-0.025945621197461174|-0.0345941615966149
650.6|1.0|0.88|0.0|0|0.22882593932328765|0.4576518786465753|0.686477817969863|0.9153037572931506
650.8|1.0|0.88|0.0|0|0.16774562948092367|0.33549125896184734|0.503236888442771|0.6709825179236947
651.0|1.0|0.88|0.0|0|0.42449914444936476|0.8489982888987295|1.2734974333480944|1.697996577797459
651.2|1.0|0.88|0.0|0|0.05945870775583904|0.11891741551167807|0.17837612326751712|0.23783483102335615
651.4|1.0|0.88|0.0|0|0.3090051075423256|0.6180102150846511|0.9270153226269766|1.2360204301693023
651.6|1.0|0.88|0.0|0|-0.0486480352657964|-0.0972960705315928|-0.14594410579738917|-0.1945921410631856
651.8|1.0|0.88|0.0|0|-0.07405311963724677|-0.14810623927449354|-0.22215935891174032|-0.2962124785489871
652.0|1.0|0.88|0.0|0|0.197835339100857|0.395670678201714|0.5935060173025709|0.791341356403428
652.2|1.0|0.88|0.0|0|0.06936849353805889|0.13873698707611778|0.20810548061417666|0.27747397415223557
652.4|1.0|0.88|0.0|0|0.6625141558778711|1.3250283117557422|1.9875424676336133|2.6500566235114844
652.6|1.0|0.88|0.0|0|0.34395962040987826|0.6879192408197565|1.0318788612296348|1.375838481639513
652.8|1.0|0.88|0.0|0|0.5963888655125634|1.1927777310251269|1.7891665965376904|2.3855554620502537
653.0|1.0|0.88|0.0|0|0.250987821640156|0.501975643280312|0.752963464920468|1.003951286560624
653.2|1.0|0.88|0.0|0|-0.10900763264449789|-0.21801526528899579|-0.32702289793349365|-0.43603053057799157
653.4|1.0|0.88|0.0|0|0.4396340885074464|0.8792681770148928|1.3189022655223392|1.7585363540297856
653.6|1.0|0.88|0.0|0|0.08702592902496697|0.17405185804993395|0.2610777870749009|0.3481037160998679
653.8|1.0|0.88|0.0|0|0.4803542942865174|0.9607085885730348|1.4410628828595522|1.9214171771460695
654.0|1.0|0.88|0.0|0|0.021981704770878442|0.043963409541756884|0.06594511431263533|0.08792681908351377
654.2|1.0|0.88|0.0|0|0.43512964012275956|0.8702592802455191|1.3053889203682787|1.7405185604910383
654.4|1.0|0.88|0.0|0|-0.07117027232918197|-0.14234054465836393|-0.2135108169875459|-0.28468108931672786
654.6|1.0|0.88|0.0|0|-0.10936798835726232|-0.21873597671452463|-0.32810396507178696|-0.43747195342904927
654.8|1.0|0.88|0.0|0|0.24594284076418285|0.4918856815283657|0.7378285222925485|0.9837713630567314
655.0|1.0|0.88|0.0|0|0.6466585007129476|1.2933170014258952|1.9399755021388427|2.5866340028517905
655.2|1.0|0.88|0.0|0|0.03693647058360515|0.0738729411672103|0.11080941175081545|0.1477458823344206
655.4|1.0|0.88|0.0|0|0.5281014385249004|1.0562028770498009|1.5843043155747014|2.1124057540996017
655.6|1.0|0.88|0.0|0|0.28360002283094243|0.5672000456618849|0.8508000684928273|1.1344000913237697
655.8|1.0|0.88|0.0|0|0.6619736216845928|1.3239472433691857|1.9859208650537785|2.6478944867383714
656.0|1.0|0.88|0.0|0|0.8309804978570908|1.6619609957141817|2.4929414935712724|3.3239219914283633
656.2|1.0|0.88|0.0|0|0.011351208530541054|0.022702417061082107|0.034053625591623164|0.045404834122164214
656.4|1.0|0.88|0.0|0|0.14792606074828668|0.29585212149657336|0.44377818224486004|0.5917042429931467
656.6|1.0|0.88|0.0|0|0.2837802005402048|0.5675604010804096|0.8513406016206143|1.1351208021608192
656.8|1.0|0.88|0.0|0|0.05693621870857901|0.11387243741715802|0.17080865612573704|0.22774487483431605
657.0|1.0|0.88|0.0|0|0.3998147702685677|0.7996295405371354|1.1994443108057031|1.5992590810742708
657.2|1.0|0.88|0.0|0|-0.02108081422979014|-0.04216162845958028|-0.06324244268937042|-0.08432325691916057
657.4|1.0|0.88|0.0|0|0.14774588212807443|0.29549176425614887|0.4432376463842233|0.5909835285122977
657.6|1.0|0.88|0.0|0|-0.209907258860185|-0.41981451772037|-0.629721776580555|-0.83962903544074
657.8|1.0|0.88|0.0|0|0.394949967277062|0.789899934554124|1.184849901831186|1.579799869108248
658.0|1.0|0.88|0.0|0|0.024324018498009557|0.04864803699601911|0.07297205549402867|0.09729607399203823
658.2|1.0|0.88|0.0|0|0.3873824954690648|0.7747649909381296|1.1621474864071943|1.5495299818762591
658.4|1.0|0.88|0.0|0|0.038918426334566936|0.07783685266913387|0.11675527900370081|0.15567370533826774
658.6|1.0|0.88|0.0|0|-0.19801551728800423|-0.39603103457600847|-0.5940465518640127|-0.7920620691520169
658.8|1.0|0.88|0.0|0|-0.06378297707793541|-0.12756595415587083|-0.19134893123380625|-0.25513190831174165
659.0|1.0|0.88|0.0|0|-0.22810522719315507|-0.45621045438631014|-0.6843156815794652|-0.9124209087726203
659.2|1.0|0.88|0.0|0|0.40702188637689724|0.8140437727537945|1.2210656591306916|1.628087545507589
659.4|1.0|0.88|0.0|0|0.34738300022261714|0.6947660004452343|1.0421490006678513|1.3895320008904686
659.6|1.0|0.88|0.0|0|0.782872996345978|1.565745992691956|2.348618989037934|3.131491985383912
659.8|1.0|0.88|0.0|0|0.3720673737709879|0.7441347475419758|1.1162021213129638|1.4882694950839517
660.0|1.0|0.88|0.0|0|0.41260740212310376|0.8252148042462075|1.2378222063693112|1.650429608492415
660.2|1.0|0.88|0.0|0|0.2945908737901484|0.5891817475802968|0.8837726213704453|1.1783634951605937
660.4|1.0|0.88|0.0|0|-0.008288184308330535|-0.01657636861666107|-0.024864552924991606|-0.03315273723332214
660.6|1.0|0.88|0.0|0|-0.34125695125374506|-0.6825139025074901|-1.0237708537612353|-1.3650278050149802
660.8|1.0|0.88|0.0|0|0.5333265980368019|1.0666531960736039|1.5999797941104057|2.1333063921472077
661.0|1.0|0.88|0.0|0|0.6414333410005207|1.2828666820010415|1.924300023001562|2.565733364002083
661.2|1.0|0.88|0.0|0|0.7677380520387675|1.535476104077535|2.3032141561163026|3.07095220815507
661.4|1.0|0.88|0.0|0|0.3344101909198801|0.6688203818397602|1.0032305727596404|1.3376407636795205
661.6|1.0|0.88|0.0|0|0.08702592724439463|0.17405185448878926|0.2610777817331839|0.34810370897757853
661.8|1.0|0.88|0.0|0|0.021260992838360852|0.042521985676721705|0.06378297851508256|0.08504397135344341
662.0|1.0|0.88|0.0|0|0.5026963543696915|1.005392708739383|1.5080890631090746|2.010785417478766
662.2|1.0|0.88|0.0|0|0.613866122430191|1.227732244860382|1.841598367290573|2.455464489720764
662.4|1.0|0.88|0.0|0|0.5711639585095696|1.1423279170191392|1.7134918755287087|2.2846558340382783
662.6|1.0|0.88|0.0|0|0.04882821262144721|0.09765642524289442|0.14648463786434163|0.19531285048578884
662.8|1.0|0.88|0.0|0|0.30179799071309416|0.6035959814261883|0.9053939721392825|1.2071919628523766
663.0|1.0|0.88|0.0|0|0.11225083430530514|0.22450166861061027|0.3367525029159154|0.44900333722122054
663.2|1.0|0.88|0.0|0|0.36972506038815517|0.7394501207763103|1.1091751811644655|1.4789002415526207
663.4|1.0|0.88|0.0|0|-0.02378348364814885|-0.0475669672962977|-0.07135045094444656|-0.0951339345925954
663.6|1.0|0.88|0.0|0|0.4153100699163046|0.8306201398326092|1.2459302097489138|1.6612402796652184
663.8|1.0|0.88|0.0|0|0.3967517462628897|0.7935034925257795|1.1902552387886691|1.587006985051559
664.0|1.0|0.88|0.0|0|0.37945466782519394|0.7589093356503879|1.1383640034755818|1.5178186713007757
664.2|1.0|0.88|0.0|0|0.15315121901599937|0.30630243803199875|0.4594536570479981|0.6126048760639975
664.4|1.0|0.88|0.0|0|0.31909506962343615|0.6381901392468723|0.9572852088703084|1.2763802784937446
664.6|1.0|0.88|0.0|0|0.8180076883439331|1.6360153766878662|2.4540230650317993|3.2720307533757325
664.8|1.0|0.88|0.0|0|0.6826940819335875|1.365388163867175|2.0480822458007624|2.73077632773435
665.0|1.0|0.88|0.0|0|0.20576316747727125|0.4115263349545425|0.6172895024318137|0.823052669909085
665.2|1.0|0.88|0.0|0|0.23351056452462238|0.46702112904924475|0.7005316935738671|0.9340422580984895
665.4|1.0|0.88|0.0|0|0.3524279814702462|0.7048559629404924|1.0572839444107385|1.4097119258809847
665.6|1.0|0.88|0.0|0|0.9241324743413142|1.8482649486826284|2.7723974230239423|3.6965298973652567
665.8|1.0|0.88|0.0|0|0.10270140630833348|0.20540281261666696|0.30810421892500045|0.4108056252333339
666.0|1.0|0.88|0.0|0|-0.08198094667983248|-0.16396189335966496|-0.24594284003949746|-0.3279237867193299
666.2|1.0|0.88|0.0|0|0.3144104441901439|0.6288208883802878|0.9432313325704317|1.2576417767605756
666.4|1.0|0.88|0.0|0|0.17801577037607802|0.35603154075215604|0.534047311128234|0.7120630815043121
666.6|1.0|0.88|0.0|0|0.0643235118372832|0.1286470236745664|0.19297053551184962|0.2572940473491328
666.8|1.0|0.88|0.0|0|0.43044501419586634|0.8608900283917327|1.291335042587599|1.7217800567834654
667.0|1.0|0.88|0.0|0|0.2940503397191062|0.5881006794382124|0.8821510191573187|1.1762013588764249
667.2|1.0|0.88|0.0|0|-0.19261017963232024|-0.3852203592646405|-0.5778305388969607|-0.770440718529281
667.4|1.0|0.88|0.0|0|-0.05333266100817132|-0.10666532201634264|-0.15999798302451396|-0.21333064403268528
667.6|1.0|0.88|0.0|0|-0.22053775531501763|-0.44107551063003525|-0.6616132659450529|-0.8821510212600705
667.8|1.0|0.88|0.0|0|0.662153799886001|1.324307599772002|1.9864613996580027|2.648615199544004
668.0|1.0|0.88|0.0|0|0.3443199774521057|0.6886399549042114|1.032959932356317|1.3772799098084227
668.2|1.0|0.88|0.0|0|0.3798150235600773|0.7596300471201546|1.139445070680232|1.5192600942403092
668.4|1.0|0.88|0.0|0|-0.2807171762679357|-0.5614343525358714|-0.8421515288038071|-1.1228687050717427
668.6|1.0|0.88|0.0|0|0.8439533068655881|1.6879066137311762|2.5318599205967645|3.3758132274623525
668.8|1.0|0.88|0.0|0|0.4425169346082843|0.8850338692165686|1.327550803824853|1.7700677384331371
669.0|1.0|0.88|0.0|0|-0.1095481656078483|-0.2190963312156966|-0.3286444968235449|-0.4381926624313932
669.2|1.0|0.88|0.0|0|0.3945896105782598|0.7891792211565196|1.1837688317347794|1.5783584423130392
669.4|1.0|0.88|0.0|0|0.20792530276958152|0.41585060553916303|0.6237759083087445|0.8317012110783261
669.6|1.0|0.88|0.0|0|-0.000720711225585547|-0.001441422451171094|-0.002162133676756641|-0.002882844902342188
669.8|1.0|0.88|0.0|0|0.04414358593028741|0.08828717186057482|0.13243075779086225|0.17657434372114963
670.0|1.0|0.88|0.0|0|0.3569324294512629|0.7138648589025258|1.0707972883537886|1.4277297178050516
670.2|1.0|0.88|0.0|0|0.22071793254435781|0.44143586508871563|0.6621537976330734|0.8828717301774313
670.4|1.0|0.88|0.0|0|0.4324269728292715|0.864853945658543|1.2972809184878145|1.729707891317086
670.6|1.0|0.88|0.0|0|0.01891867968777662|0.03783735937555324|0.056756039063329856|0.07567471875110648
670.8|1.0|0.88|0.0|0|0.001441423025389669|0.002882846050779338|0.004324269076169006|0.005765692101558676
671.0|1.0|0.88|0.0|0|0.49783155126642714|0.9956631025328543|1.4934946537992815|1.9913262050657086
671.2|1.0|0.88|0.0|0|0.516029519620934|1.032059039241868|1.5480885588628022|2.064118078483736
671.4|1.0|0.88|0.0|0|0.19531284947181138|0.39062569894362276|0.5859385484154341|0.7812513978872455
671.6|1.0|0.88|0.0|0|-0.46972379949147625|-0.9394475989829525|-1.4091713984744287|-1.878895197965905
671.8|1.0|0.88|0.0|0|-0.023783483477600405|-0.04756696695520081|-0.07135045043280122|-0.09513393391040162
672.0|1.0|0.88|0.0|0|0.3138699114214981|0.6277398228429962|0.9416097342644942|1.2554796456859925
672.2|1.0|0.88|0.0|0|-0.12684524520591378|-0.25369049041182756|-0.38053573561774134|-0.5073809808236551
672.4|1.0|0.88|0.0|0|0.5684612907670095|1.136922581534019|1.7053838723010282|2.273845163068038
672.6|1.0|0.88|0.0|0|0.5486417210788936|1.0972834421577873|1.645925163236681|2.1945668843155746
672.8|1.0|0.88|0.0|0|0.3495451354427499|0.6990902708854998|1.0486354063282497|1.3981805417709996
673.0|1.0|0.88|0.0|0|-0.06144066594570182|-0.12288133189140364|-0.18432199783710546|-0.24576266378280728
673.2|1.0|0.88|0.0|0|-0.0713504505724996|-0.1427009011449992|-0.2140513517174988|-0.2854018022899984
673.4|1.0|0.88|0.0|0|0.271347924982256|0.542695849964512|0.814043774946768|1.085391699929024
673.6|1.0|0.88|0.0|0|0.05693621792423078|0.11387243584846156|0.17080865377269236|0.22774487169692312
673.8|1.0|0.88|0.0|0|-0.419814518541098|-0.839629037082196|-1.2594435556232941|-1.679258074164392
674.0|1.0|0.88|0.0|0|0.12270115291146805|0.2454023058229361|0.36810345873440414|0.4908046116458722
674.2|1.0|0.88|0.0|0|0.7603507583588368|1.5207015167176736|2.2810522750765108|3.0414030334353472
674.4|1.0|0.88|0.0|0|0.12756595676153676|0.2551319135230735|0.3826978702846103|0.510263827046147
674.6|1.0|0.88|0.0|0|0.48503892057342496|0.9700778411468499|1.455116761720275|1.9401556822936998
674.8|1.0|0.88|0.0|0|-0.1699077636026779|-0.3398155272053558|-0.5097232908080337|-0.6796310544107116
675.0|1.0|0.88|0.0|0|-0.22540255855507005|-0.4508051171101401|-0.6762076756652101|-0.9016102342202802
675.2|1.0|0.88|0.0|0|0.1978353398130277|0.3956706796260554|0.5935060194390831|0.7913413592521108
675.4|1.0|0.88|0.0|0|0.7226935757021427|1.4453871514042853|2.1680807271064277|2.8907743028085706
675.6|1.0|0.88|0.0|0|-0.24269963853614193|-0.48539927707228386|-0.7280989156084258|-0.9707985541445677
675.8|1.0|0.88|0.0|0|0.021801526569470316|0.04360305313894063|0.06540457970841095|0.08720610627788127
676.0|1.0|0.88|0.0|0|0.06414333330874802|0.12828666661749605|0.19242999992624407|0.2565733332349921
676.2|1.0|0.88|0.0|0|-0.09189073168090553|-0.18378146336181106|-0.27567219504271656|-0.3675629267236221
676.4|1.0|0.88|0.0|0|-0.21008743745915145|-0.4201748749183029|-0.6302623123774543|-0.8403497498366058
676.6|1.0|0.88|0.0|0|-0.30125745600060355|-0.6025149120012071|-0.9037723680018106|-1.2050298240024142
676.8|1.0|0.88|0.0|0|0.05153088189574196|0.10306176379148392|0.1545926456872259|0.20612352758296784
677.0|1.0|0.88|0.0|0|-0.10396265133691496|-0.20792530267382991|-0.31188795401074487|-0.41585060534765983
677.2|1.0|0.88|0.0|0|0.38467982699279707|0.7693596539855941|1.1540394809783912|1.5387193079711883
677.4|1.0|0.88|0.0|0|0.6394513846232445|1.278902769246489|1.9183541538697335|2.557805538492978
677.6|1.0|0.88|0.0|0|0.21369099606527034|0.4273819921305407|0.641072988195811|0.8547639842610814
677.8|1.0|0.88|0.0|0|0.48053447278653083|0.9610689455730617|1.4416034183595925|1.9221378911461233
678.0|1.0|0.88|0.0|0|0.12306150858494232|0.24612301716988463|0.36918452575482696|0.49224603433976927
678.2|1.0|0.88|0.0|0|0.39711210323323065|0.7942242064664613|1.191336309699692|1.5884484129329226
678.4|1.0|0.88|0.0|0|0.37458986326266347|0.7491797265253269|1.1237695897879905|1.4983594530506539
678.6|1.0|0.88|0.0|0|0.5412544262886518|1.0825088525773037|1.6237632788659553|2.1650177051546073
678.8|1.0|0.88|0.0|0|0.24324017105653206|0.4864803421130641|0.7297205131695962|0.9729606842261282
679.0|1.0|0.88|0.0|0|0.3441397987992971|0.6882795975985943|1.0324193963978914|1.3765591951971885
679.2|1.0|0.88|0.0|0|0.13044880390603805|0.2608976078120761|0.3913464117181142|0.5217952156241522
679.4|1.0|0.88|0.0|0|0.33693268193717846|0.6738653638743569|1.0107980458115353|1.3477307277487138
679.6|1.0|0.88|0.0|0|0.5257591267410321|1.0515182534820642|1.5772773802230964|2.1030365069641284
679.8|1.0|0.88|0.0|0|0.5158493417236609|1.0316986834473219|1.5475480251709828|2.0633973668946437
680.0|1.0|0.88|0.0|0|0.32936521084368026|0.6587304216873605|0.9880956325310407|1.317460843374721
680.2|1.0|0.88|0.0|0|0.5156691641212097|1.0313383282424193|1.547007492363629|2.0626766564848387
680.4|1.0|0.88|0.0|0|0.12972809239552602|0.25945618479105204|0.389184277186578|0.5189123695821041
680.6|1.0|0.88|0.0|0|0.05405337151838471|0.10810674303676943|0.16216011455515414|0.21621348607353885
680.8|1.0|0.88|0.0|0|0.22594309225445633|0.45188618450891266|0.677829276763369|0.9037723690178253
681.0|1.0|0.88|0.0|0|0.2129702834924685|0.425940566984937|0.6389108504774055|0.851881133969874
681.2|1.0|0.88|0.0|0|-0.4169316712839649|-0.8338633425679298|-1.2507950138518946|-1.6677266851358596
681.4|1.0|0.88|0.0|0|-0.38684196206682864|-0.7736839241336573|-1.160525886200486|-1.5473678482673145
681.6|1.0|0.88|0.0|0|0.4553095665338337|0.9106191330676674|1.365928699601501|1.8212382661353348
681.8|1.0|0.88|0.0|0|0.1427009006770096|0.2854018013540192|0.42810270203102885|0.5708036027080384
682.0|1.0|0.88|0.0|0|0.7963863389761543|1.5927726779523086|2.389159016928463|3.185545355904617
682.2|1.0|0.88|0.0|0|-0.08900788467115497|-0.17801576934230995|-0.26702365401346495|-0.3560315386846199
682.4|1.0|0.88|0.0|0|0.28666304660087943|0.5733260932017589|0.8599891398026382|1.1466521864035177
682.6|1.0|0.88|0.0|0|0.7477383047153132|1.4954766094306264|2.2432149141459394|2.990953218861253
682.8|1.0|0.88|0.0|0|0.00882871766836616|0.01765743533673232|0.026486153005098483|0.03531487067346464
683.0|1.0|0.88|0.0|0|-0.054413726957282096|-0.10882745391456419|-0.1632411808718463|-0.21765490782912839
683.2|1.0|0.88|0.0|0|-0.09657535679201837|-0.19315071358403674|-0.28972607037605513|-0.3863014271680735
683.4|1.0|0.88|0.0|0|-0.2652218760273538|-0.5304437520547076|-0.7956656280820614|-1.0608875041094152
683.6|1.0|0.88|0.0|0|0.2434203493225507|0.4868406986451014|0.730261047967652|0.9736813972902028
683.8|1.0|0.88|0.0|0|0.3589143870177216|0.7178287740354432|1.0767431610531648|1.4356575480708864
684.0|1.0|0.88|0.0|0|-0.04612554413150069|-0.09225108826300138|-0.13837663239450207|-0.18450217652600276
684.2|1.0|0.88|0.0|0|0.33909481699200145|0.6781896339840029|1.0172844509760044|1.3563792679680058
684.4|1.0|0.88|0.0|0|-0.2526094226355783|-0.5052188452711566|-0.757828267906735|-1.0104376905423131
684.6|1.0|0.88|0.0|0|-0.01891867907688722|-0.03783735815377444|-0.05675603723066165|-0.07567471630754888
684.8|1.0|0.88|0.0|0|0.4904442566799121|0.9808885133598242|1.4713327700397363|1.9617770267196484
685.0|1.0|0.88|0.0|0|-0.15999797891854556|-0.3199959578370911|-0.4799939367556367|-0.6399919156741822
685.2|1.0|0.88|0.0|0|0.1099085222100258|0.2198170444200516|0.32972556663007735|0.4396340888401032
685.4|1.0|0.88|0.0|0|0.35459011682251035|0.7091802336450207|1.063770350467531|1.4183604672900414
685.6|1.0|0.88|0.0|0|0.14792605873488368|0.29585211746976736|0.44377817620465104|0.5917042349395347
685.8|1.0|0.88|0.0|0|-0.2502671098668363|-0.5005342197336726|-0.7508013296005089|-1.0010684394673453
686.0|1.0|0.88|0.0|0|-0.15999798015400316|-0.3199959603080063|-0.4799939404620095|-0.6399919206160126
686.2|1.0|0.88|0.0|0|0.33675250428321335|0.6735050085664267|1.01025751284964|1.3470100171328534
686.4|1.0|0.88|0.0|0|0.9870145633516958|1.9740291267033916|2.9610436900550874|3.948058253406783
686.6|1.0|0.88|0.0|0|0.15026837361656376|0.3005367472331275|0.45080512084969127|0.601073494466255
686.8|1.0|0.88|0.0|0|0.15801602304243728|0.31603204608487456|0.4740480691273119|0.6320640921697491
687.0|1.0|0.88|0.0|0|-0.2556724470952761|-0.5113448941905522|-0.7670173412858282|-1.0226897883811044
687.2|1.0|0.88|0.0|0|0.3872023181006083|0.7744046362012166|1.1616069543018248|1.5488092724024332
687.4|1.0|0.88|0.0|0|-0.2861225127166838|-0.5722450254333676|-0.8583675381500514|-1.1444900508667353
687.6|1.0|0.88|0.0|0|0.6064788276379118|1.2129576552758237|1.8194364829137355|2.4259153105516473
687.8|1.0|0.88|0.0|0|-0.06414333421387715|-0.1282866684277543|-0.19243000264163146|-0.2565733368555086
688.0|1.0|0.88|0.0|0|-0.2807171759422638|-0.5614343518845276|-0.8421515278267915|-1.1228687037690552
688.2|1.0|0.88|0.0|0|-0.298374610928586|-0.596749221857172|-0.895123832785758|-1.193498443714344
688.4|1.0|0.88|0.0|0|0.09008895241888248|0.18017790483776497|0.27026685725664745|0.36035580967552994
688.6|1.0|0.88|0.0|0|0.3596350973140219|0.7192701946280438|1.0789052919420656|1.4385403892560875
688.8|1.0|0.88|0.0|0|0.3416173073335088|0.6832346146670176|1.0248519220005263|1.3664692293340353
689.0|1.0|0.88|0.0|0|0.6416135180817224|1.2832270361634448|1.9248405542451672|2.5664540723268896
689.2|1.0|0.88|0.0|0|0.09225108596117942|0.18450217192235885|0.2767532578835383|0.3690043438447177
689.4|1.0|0.88|0.0|0|0.1502683731305298|0.3005367462610596|0.45080511939158935|0.6010734925221192
689.6|1.0|0.88|0.0|0|0.17261043178295965|0.3452208635659193|0.517831295348879|0.6904417271318386
689.8|1.0|0.88|0.0|0|-0.14252072127477744|-0.2850414425495549|-0.4275621638243323|-0.5700828850991098
690.0|1.0|0.88|0.0|0|-0.19531284930446435|-0.3906256986089287|-0.5859385479133931|-0.7812513972178574
690.2|1.0|0.88|0.0|0|0.09693571253301352|0.19387142506602703|0.29080713759904053|0.38774285013205406
690.4|1.0|0.88|0.0|0|0.12216062040010012|0.24432124080020023|0.36648186120030035|0.48864248160040047
690.6|1.0|0.88|0.0|0|0.05405337122327187|0.10810674244654374|0.16216011366981561|0.21621348489308748
690.8|1.0|0.88|0.0|0|-0.37693217763881|-0.75386435527762|-1.13079653291643|-1.50772871055524
691.0|1.0|0.88|0.0|0|0.22774487187882206|0.4554897437576441|0.6832346156364663|0.9109794875152882
691.2|1.0|0.88|0.0|0|-0.00918907226383454|-0.01837814452766908|-0.02756721679150362|-0.03675628905533816
691.4|1.0|0.88|0.0|0|-0.02090063638810536|-0.04180127277621072|-0.06270190916431607|-0.08360254555242144
691.6|1.0|0.88|0.0|0|0.11675528218154806|0.2335105643630961|0.35026584654464415|0.4670211287261922
691.8|1.0|0.88|0.0|0|0.0794584558610223|0.1589169117220446|0.2383753675830669|0.3178338234440892
692.0|1.0|0.88|0.0|0|-0.21044779280142412|-0.42089558560284823|-0.6313433784042723|-0.8417911712056965
692.2|1.0|0.88|0.0|0|-0.28630269086192156|-0.5726053817238431|-0.8589080725857646|-1.1452107634476862
692.4|1.0|0.88|0.0|0|-0.3493649568394179|-0.6987299136788357|-1.0480948705182536|-1.3974598273576715
692.6|1.0|0.88|0.0|0|-0.14936748323176302|-0.29873496646352604|-0.44810244969528906|-0.5974699329270521
692.8|1.0|0.88|0.0|0|-0.20035783017810918|-0.40071566035621836|-0.6010734905343276|-0.8014313207124367
693.0|1.0|0.88|0.0|0|0.23819519011973192|0.47639038023946384|0.7145855703591958|0.9527807604789277
693.2|1.0|0.88|0.0|0|0.01891867942671526|0.03783735885343052|0.05675603828014578|0.07567471770686104
693.4|1.0|0.88|0.0|0|-0.129547912500566|-0.259095825001132|-0.38864373750169795|-0.518191650002264
693.6|1.0|0.88|0.0|0|0.11225083434197596|0.2245016686839519|0.3367525030259279|0.4490033373679038
693.8|1.0|0.88|0.0|0|-0.5354887333416268|-1.0709774666832537|-1.6064662000248806|-2.1419549333665073
694.0|1.0|0.88|0.0|0|-0.46269685963983687|-0.9253937192796737|-1.3880905789195106|-1.8507874385593475
694.2|1.0|0.88|0.0|0|-0.1099085220717826|-0.2198170441435652|-0.32972556621534777|-0.4396340882871304
694.4|1.0|0.88|0.0|0|-0.523236634790083|-1.046473269580166|-1.5697099043702487|-2.092946539160332
694.6|1.0|0.88|0.0|0|0.2634200976218565|0.526840195243713|0.7902602928655694|1.053680390487426
694.8|1.0|0.88|0.0|0|0.23026736282452495|0.4605347256490499|0.6908020884735748|0.9210694512980998
695.0|1.0|0.88|0.0|0|-0.38702213871612945|-0.7740442774322589|-1.1610664161483883|-1.5480885548645178
695.2|1.0|0.88|0.0|0|0.1724302560757498|0.3448605121514996|0.5172907682272494|0.6897210243029992
695.4|1.0|0.88|0.0|0|0.2789153960993283|0.5578307921986566|0.836746188297985|1.1156615843973132
695.6|1.0|0.88|0.0|0|-0.021441169044410364|-0.04288233808882073|-0.0643235071332311|-0.08576467617764146
695.8|1.0|0.88|0.0|0|0.5614343513190402|1.1228687026380804|1.6843030539571207|2.2457374052761607
696.0|1.0|0.88|0.0|0|-0.08432325934700209|-0.16864651869400418|-0.2529697780410063|-0.33729303738800837
696.2|1.0|0.88|0.0|0|0.26360027447546625|0.5272005489509325|0.7908008234263987|1.054401097901865
696.4|1.0|0.88|0.0|0|0.21026761483139145|0.4205352296627829|0.6308028444941743|0.8410704593255658
696.6|1.0|0.88|0.0|0|0.35422976130445055|0.7084595226089011|1.0626892839133517|1.4169190452178022
696.8|1.0|0.88|0.0|0|0.1677456294643345|0.335491258928669|0.5032368883930035|0.670982517857338
697.0|1.0|0.88|0.0|0|0.031531133511452966|0.06306226702290593|0.09459340053435888|0.12612453404581186
697.2|1.0|0.88|0.0|0|-0.10972834400570729|-0.21945668801141457|-0.32918503201712185|-0.43891337602282915
697.4|1.0|0.88|0.0|0|0.14270090014557366|0.2854018002911473|0.428102700436721|0.5708036005822946
697.6|1.0|0.88|0.0|0|0.4807146513275806|0.9614293026551612|1.4421439539827419|1.9228586053103225
697.8|1.0|0.88|0.0|0|0.026666329781874106|0.05333265956374821|0.07999898934562232|0.10666531912749642
698.0|1.0|0.88|0.0|0|-0.08378272521105835|-0.1675654504221167|-0.2513481756331751|-0.3351309008442334
698.2|1.0|0.88|0.0|0|0.17531310161284652|0.35062620322569304|0.5259393048385396|0.7012524064513861
698.4|1.0|0.88|0.0|0|0.7405311897172948|1.4810623794345896|2.2215935691518847|2.9621247588691793
698.6|1.0|0.88|0.0|0|-0.30053674585360596|-0.6010734917072119|-0.9016102375608178|-1.2021469834144238
698.8|1.0|0.88|0.0|0|0.8131428847348441|1.6262857694696882|2.4394286542045323|3.2525715389393763
699.0|1.0|0.88|0.0|0|0.28378019936441|0.56756039872882|0.8513405980932301|1.13512079745764
699.2|1.0|0.88|0.0|0|-0.11459314747626205|-0.2291862949525241|-0.34377944242878616|-0.4583725899050482
699.4|1.0|0.88|0.0|0|-0.3205364921104049|-0.6410729842208098|-0.9616094763312149|-1.2821459684416197
699.6|1.0|0.88|0.0|0|-0.456931166723371|-0.913862333446742|-1.3707935001701128|-1.827724666893484
699.8|1.0|0.88|0.0|0|0.01675654588878389|0.03351309177756778|0.050269637666351674|0.06702618355513557
700.0|1.0|0.88|0.0|0|-0.1702681204117836|-0.3405362408235672|-0.5108043612353508|-0.6810724816471344
700.2|1.0|0.88|0.0|0|0.26594258743454724|0.5318851748690945|0.7978277623036418|1.063770349738189
700.4|1.0|0.88|0.0|0|-0.046666076385299717|-0.09333215277059943|-0.13999822915589916|-0.18666430554119887
700.6|1.0|0.88|0.0|0|0.014594410655263358|0.029188821310526716|0.04378323196579008|0.05837764262105343
700.8|1.0|0.88|0.0|0|-0.03135095594392626|-0.06270191188785253|-0.0940528678317788|-0.12540382377570505
701.0|1.0|0.88|0.0|0|0.22864576042367865|0.4572915208473573|0.6859372812710359|0.9145830416947146
701.2|1.0|0.88|0.0|0|0.7326033599578665|1.465206719915733|2.1978100798735998|2.930413439831466
701.4|1.0|0.88|0.0|0|0.3899049862564428|0.7798099725128856|1.1697149587693285|1.5596199450257713
701.6|1.0|0.88|0.0|0|0.11225083493220164|0.22450166986440329|0.3367525047966049|0.44900333972880657
701.8|1.0|0.88|0.0|0|-0.049368746072577824|-0.09873749214515565|-0.14810623821773347|-0.1974749842903113
702.0|1.0|0.88|0.0|0|0.4126074014962072|0.8252148029924145|1.2378222044886218|1.650429605984829
702.2|1.0|0.88|0.0|0|0.03711664878414016|0.07423329756828032|0.11134994635242047|0.14846659513656063
702.4|1.0|0.88|0.0|0|0.21621348610206062|0.43242697220412124|0.6486404583061818|0.8648539444082425
702.6|1.0|0.88|0.0|0|-0.2560328024328921|-0.5120656048657842|-0.7680984072986764|-1.0241312097315685
702.8|1.0|0.88|0.0|0|0.3315273443900517|0.6630546887801034|0.9945820331701553|1.3261093775602069
703.0|1.0|0.88|0.0|0|0.13999823188234597|0.27999646376469195|0.41999469564703795|0.5599929275293839
703.2|1.0|0.88|0.0|0|0.5156691634742315|1.031338326948463|1.5470074904226945|2.062676653896926
703.4|1.0|0.88|0.0|0|0.661973622430815|1.32394724486163|1.985920867292445|2.64789448972326
703.6|1.0|0.88|0.0|0|-0.2407176820348834|-0.4814353640697668|-0.7221530461046501|-0.9628707281395336
703.8|1.0|0.88|0.0|0|0.2735100591264202|0.5470201182528404|0.8205301773792606|1.0940402365056807
704.0|1.0|0.88|0.0|0|0.19567320469330315|0.3913464093866063|0.5870196140799094|0.7826928187732126
704.2|1.0|0.88|0.0|0|0.3445001532722384|0.6890003065444767|1.0335004598167152|1.3780006130889535
704.4|1.0|0.88|0.0|0|0.19315071348217333|0.38630142696434666|0.57945214044652|0.7726028539286933
704.6|1.0|0.88|0.0|0|0.21080814892658983|0.42161629785317967|0.6324244467797695|0.8432325957063593
704.8|1.0|0.88|0.0|0|0.3569324298351424|0.7138648596702848|1.0707972895054272|1.4277297193405696
705.0|1.0|0.88|0.0|0|0.4477420943553447|0.8954841887106894|1.3432262830660342|1.7909683774213787
705.2|1.0|0.88|0.0|0|0.687198529602029|1.374397059204058|2.061595588806087|2.748794118408116
705.4|1.0|0.88|0.0|0|0.5542272355148458|1.1084544710296915|1.6626817065445372|2.216908942059383
705.6|1.0|0.88|0.0|0|0.1353136067421293|0.2706272134842586|0.40594082022638794|0.5412544269685172
705.8|1.0|0.88|0.0|0|-0.1776554134843174|-0.3553108269686348|-0.5329662404529523|-0.7106216539372696
706.0|1.0|0.88|0.0|0|0.4453997815825282|0.8907995631650564|1.3361993447475846|1.7815991263301127
706.2|1.0|0.88|0.0|0|0.3369326823353188|0.6738653646706376|1.0107980470059565|1.3477307293412752
706.4|1.0|0.88|0.0|0|-0.3684638154113785|-0.736927630822757|-1.1053914462341354|-1.473855261645514
706.6|1.0|0.88|0.0|0|0.22828540570655625|0.4565708114131125|0.6848562171196687|0.913141622826225
706.8|1.0|0.88|0.0|0|0.13225058168609405|0.2645011633721881|0.39675174505828215|0.5290023267443762
707.0|1.0|0.88|0.0|0|0.48810194405989066|0.9762038881197813|1.464305832179672|1.9524077762395626
707.2|1.0|0.88|0.0|0|0.8176473325546256|1.6352946651092513|2.452941997663877|3.2705893302185025
707.4|1.0|0.88|0.0|0|0.19297053624148264|0.3859410724829653|0.5789116087244479|0.7718821449659306
707.6|1.0|0.88|0.0|0|0.3212572048982841|0.6425144097965682|0.9637716146948523|1.2850288195931363
707.8|1.0|0.88|0.0|0|0.12486328750936093|0.24972657501872186|0.3745898625280828|0.4994531500374437
708.0|1.0|0.88|0.0|0|-0.013513343129598081|-0.027026686259196162|-0.040540029388794245|-0.054053372518392324
708.2|1.0|0.88|0.0|0|-0.17513292292715066|-0.3502658458543013|-0.525398768781452|-0.7005316917086026
708.4|1.0|0.88|0.0|0|0.1454035694783671|0.2908071389567342|0.43621070843510135|0.5816142779134684
708.6|1.0|0.88|0.0|0|0.6846760384988745|1.369352076997749|2.054028115496623|2.738704153995498
708.8|1.0|0.88|0.0|0|0.4453997800650545|0.890799560130109|1.3361993401951635|1.781599120260218
709.0|1.0|0.88|0.0|0|0.4425169346900661|0.8850338693801322|1.3275508040701982|1.7700677387602644
709.2|1.0|0.88|0.0|0|-0.04864803367643621|-0.09729606735287243|-0.14594410102930863|-0.19459213470574485
709.4|1.0|0.88|0.0|0|0.43494946274295254|0.8698989254859051|1.3048483882288577|1.7397978509718102
709.6|1.0|0.88|0.0|0|0.23873572318058017|0.47747144636116035|0.7162071695417405|0.9549428927223207
709.8|1.0|0.88|0.0|0|-0.18486253064300415|-0.3697250612860083|-0.5545875919290125|-0.7394501225720166
710.0|1.0|0.88|0.0|0|-0.053693014731688936|-0.10738602946337787|-0.16107904419506683|-0.21477205892675574
710.2|1.0|0.88|0.0|0|0.3717070182337196|0.7434140364674392|1.1151210547011587|1.4868280729348784
710.4|1.0|0.88|0.0|0|-0.04162109738099393|-0.08324219476198785|-0.12486329214298178|-0.1664843895239757
710.6|1.0|0.88|0.0|0|0.10198069392441549|0.20396138784883097|0.30594208177324644|0.40792277569766194
710.8|1.0|0.88|0.0|0|0.3441397975178555|0.688279595035711|1.0324193925535665|1.376559190071422
711.0|1.0|0.88|0.0|0|0.45008440543315414|0.9001688108663083|1.3502532162994625|1.8003376217326166
711.2|1.0|0.88|0.0|0|-0.12450293216330476|-0.2490058643266095|-0.37350879648991425|-0.498011728653219
711.4|1.0|0.88|0.0|0|-0.03423380186519356|-0.06846760373038711|-0.10270140559558068|-0.13693520746077423
711.6|1.0|0.88|0.0|0|0.6165687900816561|1.2331375801633122|1.8497063702449685|2.4662751603266244
711.8|1.0|0.88|0.0|0|0.30432048123766464|0.6086409624753293|0.9129614437129939|1.2172819249506586
712.0|1.0|0.88|0.0|0|-0.07423329603218014|-0.14846659206436028|-0.22269988809654043|-0.29693318412872055
712.2|1.0|0.88|0.0|0|0.07459365236398305|0.1491873047279661|0.22378095709194915|0.2983746094559322
712.4|1.0|0.88|0.0|0|0.535849089911208|1.071698179822416|1.6075472697336242|2.143396359644832
712.6|1.0|0.88|0.0|0|0.3295453870293571|0.6590907740587142|0.9886361610880713|1.3181815481174284
712.8|1.0|0.88|0.0|0|0.01873850349715214|0.03747700699430428|0.05621551049145642|0.07495401398860856
713.0|1.0|0.88|0.0|0|0.17315096677048147|0.34630193354096295|0.5194529003114444|0.6926038670819259
713.2|1.0|0.88|0.0|0|-0.13459289523656492|-0.26918579047312985|-0.4037786857096948|-0.5383715809462597
713.4|1.0|0.88|0.0|0|0.15008819494891226|0.3001763898978245|0.4502645848467368|0.600352779795649
713.6|1.0|0.88|0.0|0|0.20071818638331043|0.40143637276662086|0.6021545591499312|0.8028727455332417
713.8|1.0|0.88|0.0|0|0.36630168163857924|0.7326033632771585|1.0989050449157376|1.465206726554317
714.0|1.0|0.88|0.0|0|0.4198145178859708|0.8396290357719416|1.2594435536579123|1.6792580715438832
714.2|1.0|0.88|0.0|0|0.37044577210414026|0.7408915442082805|1.1113373163124207|1.481783088416561
714.4|1.0|0.88|0.0|0|0.43476928425603584|0.8695385685120717|1.3043078527681076|1.7390771370241433
714.6|1.0|0.88|0.0|0|0.20576316730584968|0.41152633461169935|0.617289501917549|0.8230526692233987
714.8|1.0|0.88|0.0|0|-0.03603558032365985|-0.0720711606473197|-0.10810674097097954|-0.1441423212946394
715.0|1.0|0.88|0.0|0|0.3491847795157813|0.6983695590315626|1.0475543385473438|1.3967391180631252
715.2|1.0|0.88|0.0|0|0.10990852171729794|0.21981704343459588|0.32972556515189383|0.43963408686919175
715.4|1.0|0.88|0.0|0|0.10198069403384588|0.20396138806769176|0.30594208210153767|0.4079227761353835
715.6|1.0|0.88|0.0|0|-0.17261043309437824|-0.34522086618875647|-0.5178312992831348|-0.6904417323775129
715.8|1.0|0.88|0.0|0|0.21567295329412464|0.4313459065882493|0.647018859882374|0.8626918131764986
716.0|1.0|0.88|0.0|0|-0.4201748740629413|-0.8403497481258826|-1.260524622188824|-1.6806994962517652
716.2|1.0|0.88|0.0|0|0.06234155484678928|0.12468310969357856|0.18702466454036784|0.2493662193871571
716.4|1.0|0.88|0.0|0|0.5711639583247602|1.1423279166495204|1.7134918749742807|2.2846558332990408
716.6|1.0|0.88|0.0|0|0.34648211157269576|0.6929642231453915|1.0394463347180871|1.385928446290783
716.8|1.0|0.88|0.0|0|0.18288057292200408|0.36576114584400815|0.5486417187660122|0.7315222916880163
717.0|1.0|0.88|0.0|0|-0.09945820263499636|-0.1989164052699927|-0.2983746079049891|-0.3978328105399854
717.2|1.0|0.88|0.0|0|-0.31639240064745566|-0.6327848012949113|-0.9491772019423669|-1.2655696025898227
717.4|1.0|0.88|0.0|0|-0.1425207218504512|-0.2850414437009024|-0.4275621655513536|-0.5700828874018048
717.6|1.0|0.88|0.0|0|0.05459390476520644|0.10918780953041288|0.1637817142956193|0.21837561906082575
717.8|1.0|0.88|0.0|0|0.08288183535245487|0.16576367070490974|0.24864550605736463|0.3315273414098195
718.0|1.0|0.88|0.0|0|-0.14450267903332145|-0.2890053580666429|-0.4335080370999644|-0.5780107161332858
718.2|1.0|0.88|0.0|0|0.20324067772773577|0.40648135545547154|0.6097220331832074|0.8129627109109431
718.4|1.0|0.88|0.0|0|0.02180152697575979|0.04360305395151958|0.06540458092727937|0.08720610790303916
718.6|1.0|0.88|0.0|0|0.10234104909293829|0.20468209818587657|0.30702314727881486|0.40936419637175314
718.8|1.0|0.88|0.0|0|-0.5253987706336197|-1.0507975412672395|-1.5761963119008593|-2.101595082534479
719.0|1.0|0.88|0.0|0|-0.029008642911503582|-0.058017285823007164|-0.08702592873451075|-0.11603457164601433
719.2|1.0|0.88|0.0|0|-0.003603557460010055|-0.00720711492002011|-0.010810672380030164|-0.01441422984004022
719.4|1.0|0.88|0.0|0|0.13044880260451475|0.2608976052090295|0.3913464078135443|0.521795210418059
719.6|1.0|0.88|0.0|0|0.2488256877579263|0.4976513755158526|0.7464770632737788|0.9953027510317052
719.8|1.0|0.88|0.0|0|0.32161755943816417|0.6432351188763283|0.9648526783144925|1.2864702377526567
720.0|1.0|0.88|0.0|0|-0.2369339456106538|-0.4738678912213076|-0.7108018368319614|-0.9477357824426152
720.2|1.0|0.88|0.0|0|-0.5935060189987421|-1.1870120379974842|-1.7805180569962265|-2.3740240759949685
720.4|1.0|0.88|0.0|0|-0.023783483103325145|-0.04756696620665029|-0.07135044930997544|-0.09513393241330058
720.6|1.0|0.88|0.0|0|0.20089836393191962|0.40179672786383924|0.6026950917957589|0.8035934557276785
720.8|1.0|0.88|0.0|0|0.3949499674685652|0.7898999349371304|1.1848499024056955|1.5797998698742608
721.0|1.0|0.88|0.0|0|0.1275659558599001|0.2551319117198002|0.3826978675797003|0.5102638234396004
721.2|1.0|0.88|0.0|0|0.05891817536641616|0.11783635073283232|0.1767545260992485|0.23567270146566463
721.4|1.0|0.88|0.0|0|-0.2461230170648198|-0.4922460341296396|-0.7383690511944594|-0.9844920682592792
721.6|1.0|0.88|0.0|0|-0.197294805570855|-0.39458961114171|-0.591884416712565|-0.78917922228342
721.8|1.0|0.88|0.0|0|-0.16504296112630998|-0.33008592225261996|-0.4951288833789299|-0.6601718445052399
722.0|1.0|0.88|0.0|0|0.6111634522603714|1.2223269045207428|1.833490356781114|2.4446538090414855
722.2|1.0|0.88|0.0|0|0.0012612444776459609|0.0025224889552919218|0.0037837334329378827|0.0050449779105838435
722.4|1.0|0.88|0.0|0|0.19585338251403317|0.39170676502806634|0.5875601475420995|0.7834135300561327
722.6|1.0|0.88|0.0|0|-0.3513469147789877|-0.7026938295579754|-1.0540407443369633|-1.4053876591159509
722.8|1.0|0.88|0.0|0|0.24360052804026075|0.4872010560805215|0.7308015841207822|0.974402112161043
723.0|1.0|0.88|0.0|0|0.8587278943325517|1.7174557886651034|2.576183682997655|3.434911577330207
723.2|1.0|0.88|0.0|0|0.22846558325487443|0.45693116650974885|0.6853967497646233|0.9138623330194977
723.4|1.0|0.88|0.0|0|0.3495451361543386|0.6990902723086772|1.0486354084630156|1.3981805446173543
723.6|1.0|0.88|0.0|0|-0.20053800782305206|-0.4010760156461041|-0.6016140234691562|-0.8021520312922082
723.8|1.0|0.88|0.0|0|0.178015770771017|0.356031541542034|0.534047312313051|0.712063083084068
724.0|1.0|0.88|0.0|0|0.009008896104642198|0.018017792209284397|0.027026688313926593|0.03603558441856879
724.2|1.0|0.88|0.0|0|0.2713479248405204|0.5426958496810408|0.8140437745215612|1.0853916993620816
724.4|1.0|0.88|0.0|0|-0.2581949379623986|-0.5163898759247972|-0.7745848138871959|-1.0327797518495945
724.6|1.0|0.88|0.0|0|-0.2760325514947183|-0.5520651029894366|-0.828097654484155|-1.1041302059788731
724.8|1.0|0.88|0.0|0|0.5135070287471176|1.0270140574942352|1.5405210862413528|2.0540281149884705
725.0|1.0|0.88|0.0|0|-0.1927903578142288|-0.3855807156284576|-0.5783710734426863|-0.7711614312569152
725.2|1.0|0.88|0.0|0|0.143061256442743|0.286122512885486|0.42918376932822905|0.572245025770972
725.4|1.0|0.88|0.0|0|0.4929667476238687|0.9859334952477374|1.4789002428716063|1.9718669904954749
725.6|1.0|0.88|0.0|0|0.46774184128415114|0.9354836825683023|1.4032255238524534|1.8709673651366046
725.8|1.0|0.88|0.0|0|0.31693293398158884|0.6338658679631777|0.9507988019447666|1.2677317359263554
726.0|1.0|0.88|0.0|0|-0.08414308213366901|-0.16828616426733803|-0.25242924640100706|-0.33657232853467606
726.2|1.0|0.88|0.0|0|0.23134843009407652|0.46269686018815304|0.6940452902822296|0.9253937203763061
726.4|1.0|0.88|0.0|0|-0.05909835359634604|-0.11819670719269208|-0.17729506078903812|-0.23639341438538417
726.6|1.0|0.88|0.0|0|-0.25044728762615726|-0.5008945752523145|-0.7513418628784718|-1.001789150504629
726.8|1.0|0.88|0.0|0|0.029008644054411004|0.05801728810882201|0.08702593216323301|0.11603457621764401
727.0|1.0|0.88|0.0|0|0.3540495827223643|0.7080991654447286|1.0621487481670928|1.4161983308894572
727.2|1.0|0.88|0.0|0|0.7426933235838085|1.485386647167617|2.228079970751425|2.970773294335234
727.4|1.0|0.88|0.0|0|0.23116825187054948|0.46233650374109897|0.6935047556116485|0.9246730074821979
727.6|1.0|0.88|0.0|0|0.5208943230030132|1.0417886460060264|1.5626829690090394|2.0835772920120528
727.8|1.0|0.88|0.0|0|0.20324067579756974|0.4064813515951395|0.6097220273927092|0.812962703190279
728.0|1.0|0.88|0.0|0|0.1405387646876626|0.2810775293753252|0.4216162940629878|0.5621550587506504
728.2|1.0|0.88|0.0|0|-0.10918781131011211|-0.21837562262022422|-0.3275634339303363|-0.43675124524044845
728.4|1.0|0.88|0.0|0|-0.29585212052625165|-0.5917042410525033|-0.887556361578755|-1.1834084821050066
728.6|1.0|0.88|0.0|0|0.10756620860454869|0.21513241720909737|0.32269862581364606|0.43026483441819474
728.8|1.0|0.88|0.0|0|0.28882518200902296|0.5776503640180459|0.8664755460270688|1.1553007280360919
729.0|1.0|0.88|0.0|0|0.09225108683109291|0.18450217366218583|0.27675326049327875|0.36900434732437165
729.2|1.0|0.88|0.0|0|0.0798188115743688|0.1596376231487376|0.23945643472310643|0.3192752462974752
729.4|1.0|0.88|0.0|0|0.2432401711944842|0.4864803423889684|0.7297205135834526|0.9729606847779368
729.6|1.0|0.88|0.0|0|0.174772567774926|0.349545135549852|0.524317703324778|0.699090271099704
729.8|1.0|0.88|0.0|0|0.43512964031979245|0.8702592806395849|1.3053889209593774|1.7405185612791698
730.0|1.0|0.88|0.0|0|-0.0845034374517855|-0.169006874903571|-0.25351031235535654|-0.338013749807142
730.2|1.0|0.88|0.0|0|-0.18288057377270905|-0.3657611475454181|-0.5486417213181272|-0.7315222950908362
730.4|1.0|0.88|0.0|0|0.18504270834644573|0.37008541669289147|0.5551281250393373|0.7401708333857829
730.6|1.0|0.88|0.0|0|-0.09729606895271|-0.19459213790542|-0.29188820685812994|-0.38918427581084
730.8|1.0|0.88|0.0|0|-0.22774487189541126|-0.4554897437908225|-0.6832346156862338|-0.910979487581645
731.0|1.0|0.88|0.0|0|0.3039601253380536|0.6079202506761072|0.9118803760141608|1.2158405013522144
731.2|1.0|0.88|0.0|0|-0.1043230069760467|-0.2086460139520934|-0.31296902092814005|-0.4172920279041868
731.4|1.0|0.88|0.0|0|0.013873699773103012|0.027747399546206024|0.04162109931930903|0.05549479909241205
731.6|1.0|0.88|0.0|0|-0.03837789395998701|-0.07675578791997402|-0.11513368187996104|-0.15351157583994804
731.8|1.0|0.88|0.0|0|-0.026125796462001766|-0.05225159292400353|-0.0783773893860053|-0.10450318584800707
732.0|1.0|0.88|0.0|0|0.2028803210041953|0.4057606420083906|0.608640963012586|0.8115212840167813
732.2|1.0|0.88|0.0|0|0.3261220072902509|0.6522440145805019|0.9783660218707527|1.3044880291610037
732.4|1.0|0.88|0.0|0|-0.2331502091657605|-0.466300418331521|-0.6994506274972816|-0.932600836663042
732.6|1.0|0.88|0.0|0|0.45008440596371696|0.9001688119274339|1.3502532178911508|1.8003376238548678
732.8|1.0|0.88|0.0|0|-0.10432300678105103|-0.20864601356210205|-0.3129690203431531|-0.4172920271242041
733.0|1.0|0.88|0.0|0|-0.19999747391993897|-0.39999494783987793|-0.5999924217598169|-0.7999898956797559
733.2|1.0|0.88|0.0|0|0.3290048538200793|0.6580097076401586|0.9870145614602379|1.3160194152803173
733.4|1.0|0.88|0.0|0|0.36990523781132684|0.7398104756226537|1.1097157134339806|1.4796209512453073
733.6|1.0|0.88|0.0|0|0.5890015700022928|1.1780031400045856|1.7670047100068784|2.3560062800091712
733.8|1.0|0.88|0.0|0|0.27873521843779625|0.5574704368755925|0.8362056553133888|1.114940873751185
734.0|1.0|0.88|0.0|0|0.2583751145869612|0.5167502291739224|0.7751253437608837|1.0335004583478449
734.2|1.0|0.88|0.0|0|0.21855579813098322|0.43711159626196644|0.6556673943929496|0.8742231925239329
734.4|1.0|0.88|0.0|0|0.5257591261767088|1.0515182523534177|1.5772773785301266|2.1030365047068353
734.6|1.0|0.88|0.0|0|0.4248594993667215|0.849718998733443|1.2745784981001644|1.699437997466886
734.8|1.0|0.88|0.0|0|0.13747574121516676|0.2749514824303335|0.4124272236455003|0.549902964860667
735.0|1.0|0.88|0.0|0|-0.18738502033724233|-0.37477004067448466|-0.562155061011727|-0.7495400813489693
735.2|1.0|0.88|0.0|0|0.15765566724236138|0.31531133448472276|0.4729670017270841|0.6306226689694455
735.4|1.0|0.88|0.0|0|0.1122508341955837|0.2245016683911674|0.3367525025867511|0.4490033367823348
735.6|1.0|0.88|0.0|0|0.0945934005876189|0.1891868011752378|0.2837802017628567|0.3783736023504756
735.8|1.0|0.88|0.0|0|0.314230266613595|0.62846053322719|0.942690799840785|1.25692106645438
736.0|1.0|0.88|0.0|0|0.01927903662086466|0.03855807324172932|0.05783710986259399|0.07711614648345864
736.2|1.0|0.88|0.0|0|0.3895446304677174|0.7790892609354348|1.1686338914031522|1.5581785218708697
736.4|1.0|0.88|0.0|0|-0.28378020082163885|-0.5675604016432777|-0.8513406024649165|-1.1351208032865554
736.6|1.0|0.88|0.0|0|0.013873699338000745|0.02774739867600149|0.04162109801400224|0.05549479735200298
736.8|1.0|0.88|0.0|0|0.10990852261777045|0.2198170452355409|0.32972556785331136|0.4396340904710818
737.0|1.0|0.88|0.0|0|-0.9715192628555823|-1.9430385257111646|-2.914557788566747|-3.8860770514223293
737.2|1.0|0.88|0.0|0|-0.00882871667825385|-0.0176574333565077|-0.026486150034761544|-0.0353148667130154
737.4|1.0|0.88|0.0|0|0.14486303543497356|0.2897260708699471|0.43458910630492065|0.5794521417398942
737.6|1.0|0.88|0.0|0|0.9769246016195402|1.9538492032390804|2.9307738048586205|3.907698406478161
737.8|1.0|0.88|0.0|0|0.4605347237086975|0.921069447417395|1.3816041711260927|1.84213889483479
738.0|1.0|0.88|0.0|0|0.5057593798552994|1.0115187597105988|1.517278139565898|2.0230375194211976
738.2|1.0|0.88|0.0|0|0.7120630792042363|1.4241261584084726|2.136189237612709|2.848252316816945
738.4|1.0|0.88|0.0|0|0.6571088187539141|1.3142176375078283|1.9713264562617423|2.6284352750156565
738.6|1.0|0.88|0.0|0|0.5104440048008114|1.0208880096016228|1.5313320144024343|2.0417760192032457
738.8|1.0|0.88|0.0|0|-0.14792606046248707|-0.29585212092497415|-0.44377818138746117|-0.5917042418499483
739.0|1.0|0.88|0.0|0|-0.26053725068806693|-0.5210745013761339|-0.7816117520642009|-1.0421490027522677
739.2|1.0|0.88|0.0|0|0.1554935314561591|0.3109870629123182|0.4664805943684773|0.6219741258246364
739.4|1.0|0.88|0.0|0|0.5261194819581583|1.0522389639163165|1.578358445874475|2.104477927832633
739.6|1.0|0.88|0.0|0|0.08450343800970593|0.16900687601941186|0.2535103140291178|0.3380137520388237
739.8|1.0|0.88|0.0|0|0.2079253012643314|0.4158506025286628|0.6237759037929942|0.8317012050573256
740.0|1.0|0.88|0.0|0|0.05729657361458526|0.11459314722917052|0.17188972084375578|0.22918629445834104
740.2|1.0|0.88|0.0|0|-0.16468260500172632|-0.32936521000345265|-0.494047815005179|-0.6587304200069053
740.4|1.0|0.88|0.0|0|0.1275659573392478|0.2551319146784956|0.3826978720177434|0.5102638293569912
740.6|1.0|0.88|0.0|0|0.08702592844958425|0.1740518568991685|0.26107778534875276|0.348103713798337
740.8|1.0|0.88|0.0|0|0.17026811850053505|0.3405362370010701|0.5108043555016052|0.6810724740021402
741.0|1.0|0.88|0.0|0|0.23333038756769403|0.46666077513538806|0.6999911627030821|0.9333215502707761
741.2|1.0|0.88|0.0|0|-0.08972859614761554|-0.17945719229523108|-0.26918578844284663|-0.35891438459046215
741.4|1.0|0.88|0.0|0|-0.09909784770890846|-0.19819569541781693|-0.2972935431267254|-0.39639139083563385
741.6|1.0|0.88|0.0|0|-0.243059994048672|-0.486119988097344|-0.7291799821460161|-0.972239976194688
741.8|1.0|0.88|0.0|0|-0.11225083449855457|-0.22450166899710913|-0.3367525034956637|-0.44900333799421827
742.0|1.0|0.88|0.0|0|0.2284655824545191|0.4569311649090382|0.6853967473635573|0.9138623298180764
742.2|1.0|0.88|0.0|0|0.14504321274202098|0.29008642548404195|0.43512963822606293|0.5801728509680839
742.4|1.0|0.88|0.0|0|0.021080814999295417|0.042161629998590834|0.06324244499788625|0.08432325999718167
742.6|1.0|0.88|0.0|0|0.029188819939154228|0.058377639878308456|0.08756645981746268|0.11675527975661691
742.8|1.0|0.88|0.0|0|0.435129640164378|0.870259280328756|1.3053889204931342|1.740518560657512
743.0|1.0|0.88|0.0|0|0.25098782073502685|0.5019756414700537|0.7529634622050805|1.0039512829401074
743.2|1.0|0.88|0.0|0|-0.07135044902650413|-0.14270089805300826|-0.2140513470795124|-0.2854017961060165
743.4|1.0|0.88|0.0|0|0.4527870748078571|0.9055741496157143|1.3583612244235712|1.8111482992314285
743.6|1.0|0.88|0.0|0|0.2684650779937513|0.5369301559875026|0.8053952339812538|1.0738603119750052
743.8|1.0|0.88|0.0|0|0.7927827815269127|1.5855655630538255|2.378348344580738|3.171131126107651
744.0|1.0|0.88|0.0|0|0.29621247559669456|0.5924249511933891|0.8886374267900836|1.1848499023867782
744.2|1.0|0.88|0.0|0|0.02180152689863464|0.04360305379726928|0.06540458069590392|0.08720610759453856
744.4|1.0|0.88|0.0|0|0.2893657156237171|0.5787314312474342|0.8680971468711512|1.1574628624948684
744.6|1.0|0.88|0.0|0|0.1875651990785265|0.375130398157053|0.5626955972355795|0.750260796314106
744.8|1.0|0.88|0.0|0|-0.18522288639971538|-0.37044577279943075|-0.5556686591991461|-0.7408915455988615
745.0|1.0|0.88|0.0|0|0.016576367532252348|0.033152735064504696|0.049729102596757044|0.06630547012900939
745.2|1.0|0.88|0.0|0|0.04450394212937685|0.0890078842587537|0.13351182638813056|0.1780157685175074
745.4|1.0|0.88|0.0|0|-0.11423279168229793|-0.22846558336459585|-0.34269837504689377|-0.4569311667291917
745.6|1.0|0.88|0.0|0|-0.0493687464066898|-0.0987374928133796|-0.14810623922006938|-0.1974749856267592
745.8|1.0|0.88|0.0|0|0.3192752472017312|0.6385504944034625|0.9578257416051937|1.277100988806925
746.0|1.0|0.88|0.0|0|-0.10882745426963093|-0.21765490853926187|-0.3264823628088928|-0.43530981707852373
746.2|1.0|0.88|0.0|0|-0.19783533920650387|-0.39567067841300774|-0.5935060176195116|-0.7913413568260155
746.4|1.0|0.88|0.0|0|-0.06882796000485547|-0.13765592000971094|-0.2064838800145664|-0.2753118400194219
746.6|1.0|0.88|0.0|0|0.14504321334388817|0.29008642668777634|0.43512964003166454|0.5801728533755527
746.8|1.0|0.88|0.0|0|0.2432401714572918|0.4864803429145836|0.7297205143718754|0.9729606858291672
747.0|1.0|0.88|0.0|0|0.01657636678544806|0.03315273357089612|0.049729100356344175|0.06630546714179224
747.2|1.0|0.88|0.0|0|0.24630319590389285|0.4926063918077857|0.7389095877116786|0.9852127836155714
747.4|1.0|0.88|0.0|0|0.3625179452984597|0.7250358905969194|1.0875538358953791|1.4500717811938388
747.6|1.0|0.88|0.0|0|-0.3870221394603144|-0.7740442789206288|-1.1610664183809432|-1.5480885578412575
747.8|1.0|0.88|0.0|0|0.15026837316225297|0.30053674632450594|0.4508051194867589|0.6010734926490119
748.0|1.0|0.88|0.0|0|0.42017487333680076|0.8403497466736015|1.2605246200104023|1.680699493347203
748.2|1.0|0.88|0.0|0|0.38522036134556437|0.7704407226911287|1.155661084036693|1.5408814453822575
748.4|1.0|0.88|0.0|0|0.03963913923274962|0.07927827846549924|0.11891741769824886|0.1585565569309985
748.6|1.0|0.88|0.0|0|0.2509878214076164|0.5019756428152328|0.7529634642228491|1.0039512856304655
748.8|1.0|0.88|0.0|0|0.001441422505595257|0.002882845011190514|0.004324267516785771|0.005765690022381028
749.0|1.0|0.88|0.0|0|-0.23531234404363224|-0.4706246880872645|-0.7059370321308968|-0.941249376174529
749.2|1.0|0.88|0.0|0|-0.05387319354602373|-0.10774638709204747|-0.1616195806380712|-0.21549277418409493
749.4|1.0|0.88|0.0|0|0.19549302621686382|0.39098605243372764|0.5864790786505915|0.7819721048674553
749.6|1.0|0.88|0.0|0|-0.3336894800249141|-0.6673789600498282|-1.0010684400747423|-1.3347579200996564
749.8|1.0|0.88|0.0|0|-0.013693520905799245|-0.02738704181159849|-0.04108056271739773|-0.05477408362319698
750.0|1.0|0.88|0.0|0|0.1830607511894779|0.3661215023789558|0.5491822535684338|0.7322430047579116
750.2|1.0|0.88|0.0|0|0.1354937842115761|0.2709875684231522|0.40648135263472834|0.5419751368463044
750.4|1.0|0.88|0.0|0|-0.31134742037887947|-0.6226948407577589|-0.9340422611366384|-1.2453896815155179
750.6|1.0|0.88|0.0|0|-0.016216011715878283|-0.032432023431756565|-0.04864803514763484|-0.06486404686351313
750.8|1.0|0.88|0.0|0|0.15297104080644217|0.30594208161288433|0.4589131224193265|0.6118841632257687
751.0|1.0|0.88|0.0|0|-0.08648539483227076|-0.17297078966454152|-0.2594561844968123|-0.34594157932908304
751.2|1.0|0.88|0.0|0|0.06522440102446131|0.13044880204892262|0.19567320307338396|0.26089760409784524
751.4|1.0|0.88|0.0|0|0.1356739626574564|0.2713479253149128|0.4070218879723692|0.5426958506298256
751.6|1.0|0.88|0.0|0|0.1302686252782588|0.2605372505565176|0.39080587583477644|0.5210745011130352
751.8|1.0|0.88|0.0|0|0.21080814806540749|0.42161629613081497|0.6324244441962225|0.8432325922616299
752.0|1.0|0.88|0.0|0|0.36431972311023886|0.7286394462204777|1.0929591693307166|1.4572788924409554
752.2|1.0|0.88|0.0|0|0.3043204819859241|0.6086409639718482|0.9129614459577723|1.2172819279436964
752.4|1.0|0.88|0.0|0|-0.114593147909036|-0.229186295818072|-0.343779443727108|-0.458372591636144
752.6|1.0|0.88|0.0|0|0.3390948171072526|0.6781896342145052|1.0172844513217578|1.3563792684290104
752.8|1.0|0.88|0.0|0|0.22324042380205375|0.4464808476041075|0.6697212714061612|0.892961695208215
753.0|1.0|0.88|0.0|0|0.22125846797134746|0.4425169359426949|0.6637754039140424|0.8850338718853898
753.2|1.0|0.88|0.0|0|0.5488218985736608|1.0976437971473216|1.6464656957209824|2.1952875942946433
753.4|1.0|0.88|0.0|0|-0.10180051615141573|-0.20360103230283147|-0.3054015484542472|-0.40720206460566294
753.6|1.0|0.88|0.0|0|0.46251668285782255|0.9250333657156451|1.3875500485734678|1.8500667314312902
753.8|1.0|0.88|0.0|0|0.28630269121145857|0.5726053824229171|0.8589080736343756|1.1452107648458343
754.0|1.0|0.88|0.0|0|0.10035909313068268|0.20071818626136537|0.30107727939204804|0.40143637252273073
754.2|1.0|0.88|0.0|0|0.10017891482013519|0.20035782964027038|0.30053674446040557|0.40071565928054076
754.4|1.0|0.88|0.0|0|-0.17999772705981756|-0.3599954541196351|-0.5399931811794527|-0.7199909082392703
754.6|1.0|0.88|0.0|0|0.1810787942577737|0.3621575885155474|0.5432363827733211|0.7243151770310948
754.8|1.0|0.88|0.0|0|-0.25080764370854036|-0.5016152874170807|-0.7524229311256211|-1.0032305748341614
755.0|1.0|0.88|0.0|0|-0.24053750314924421|-0.48107500629848843|-0.7216125094477327|-0.9621500125969769
755.2|1.0|0.88|0.0|0|0.029188820088456878|0.058377640176913756|0.08756646026537063|0.11675528035382751
755.4|1.0|0.88|0.0|0|-0.14252072253002565|-0.2850414450600513|-0.4275621675900769|-0.5700828901201026
755.6|1.0|0.88|0.0|0|0.034233802158851204|0.06846760431770241|0.10270140647655362|0.13693520863540481
755.8|1.0|0.88|0.0|0|-0.280897353483306|-0.561794706966612|-0.8426920604499181|-1.123589413933224
756.0|1.0|0.88|0.0|0|0.5754882275091955|1.150976455018391|1.7264646825275864|2.301952910036782
756.2|1.0|0.88|0.0|0|0.07981881300162065|0.1596376260032413|0.23945643900486197|0.3192752520064826
756.4|1.0|0.88|0.0|0|0.31891489159112124|0.6378297831822425|0.9567446747733638|1.275659566364485
756.6|1.0|0.88|0.0|0|0.7754857025970712|1.5509714051941423|2.3264571077912137|3.1019428103882847
756.8|1.0|0.88|0.0|0|-0.15765566684451202|-0.31531133368902403|-0.472967000533536|-0.6306226673780481
757.0|1.0|0.88|0.0|0|-0.12270115459046803|-0.24540230918093606|-0.36810346377140407|-0.4908046183618721
757.2|1.0|0.88|0.0|0|0.6414333408663521|1.2828666817327041|1.9243000225990563|2.5657333634654083
757.4|1.0|0.88|0.0|0|-0.09909784756950112|-0.19819569513900223|-0.29729354270850333|-0.39639139027800446
757.6|1.0|0.88|0.0|0|0.016035833262139945|0.03207166652427989|0.04810749978641984|0.06414333304855978
757.8|1.0|0.88|0.0|0|-0.23567269921273712|-0.47134539842547424|-0.7070180976382113|-0.9426907968509485
758.0|1.0|0.88|0.0|0|0.2915278512219086|0.5830557024438172|0.8745835536657258|1.1661114048876344
758.2|1.0|0.88|0.0|0|0.21098832569899986|0.4219766513979997|0.6329649770969996|0.8439533027959994
758.4|1.0|0.88|0.0|0|-0.041801273032906504|-0.08360254606581301|-0.1254038190987195|-0.16720509213162602
758.6|1.0|0.88|0.0|0|-0.09657535680104055|-0.1931507136020811|-0.28972607040312165|-0.3863014272041622
758.8|1.0|0.88|0.0|0|-0.22558273707923965|-0.4511654741584793|-0.676748211237719|-0.9023309483169586
759.0|1.0|0.88|0.0|0|-0.13729556281381533|-0.27459112562763066|-0.41188668844144594|-0.5491822512552613
759.2|1.0|0.88|0.0|0|0.09008895201724962|0.18017790403449924|0.2702668560517489|0.3603558080689985
759.4|1.0|0.88|0.0|0|-0.018918679404305312|-0.037837358808610624|-0.05675603821291593|-0.07567471761722125
759.6|1.0|0.88|0.0|0|-0.08666557167336585|-0.1733311433467317|-0.2599967150200976|-0.3466622866934634
759.8|1.0|0.88|0.0|0|-0.8655746551207274|-1.7311493102414548|-2.5967239653621825|-3.4622986204829096
760.0|1.0|0.88|0.0|0|0.268465078159061|0.536930156318122|0.8053952344771831|1.073860312636244
760.2|1.0|0.88|0.0|0|-0.08216112525551587|-0.16432225051103175|-0.2464833757665476|-0.3286445010220635
760.4|1.0|0.88|0.0|0|-0.08648539447836819|-0.17297078895673637|-0.25945618343510457|-0.34594157791347274
760.6|1.0|0.88|0.0|0|0.26576240888651254|0.5315248177730251|0.7972872266595376|1.0630496355460501
760.8|1.0|0.88|0.0|0|0.3387344603505338|0.6774689207010676|1.0162033810516014|1.3549378414021351
761.0|1.0|0.88|0.0|0|-0.08468361631617889|-0.16936723263235778|-0.2540508489485367|-0.33873446526471557
761.2|1.0|0.88|0.0|0|0.23603305594500873|0.47206611189001746|0.7080991678350262|0.9441322237800349
761.4|1.0|0.88|0.0|0|-0.37657182091090396|-0.7531436418218079|-1.129715462732712|-1.5062872836436159
761.6|1.0|0.88|0.0|0|-0.06936849394580355|-0.1387369878916071|-0.20810548183741068|-0.2774739757832142
761.8|1.0|0.88|0.0|0|-0.21062797034217529|-0.42125594068435057|-0.6318839110265259|-0.8425118813687011
762.0|1.0|0.88|0.0|0|0.04414358554087816|0.08828717108175632|0.13243075662263448|0.17657434216351264
762.2|1.0|0.88|0.0|0|-0.1021608722466045|-0.204321744493209|-0.30648261673981353|-0.408643488986418
762.4|1.0|0.88|0.0|0|0.1700879425904715|0.340175885180943|0.5102638277714145|0.680351770361886
762.6|1.0|0.88|0.0|0|0.16017815724597326|0.3203563144919465|0.4805344717379198|0.640712628983893
762.8|1.0|0.88|0.0|0|-0.15441246360627714|-0.3088249272125543|-0.4632373908188315|-0.6176498544251086
763.0|1.0|0.88|0.0|0|0.31134741914575015|0.6226948382915003|0.9340422574372504|1.2453896765830006
763.2|1.0|0.88|0.0|0|-0.10720585376548125|-0.2144117075309625|-0.32161756129644375|-0.428823415061925
763.4|1.0|0.88|0.0|0|0.4603545473548006|0.9207090947096012|1.3810636420644018|1.8414181894192023
763.6|1.0|0.88|0.0|0|0.3217977391628668|0.6435954783257336|0.9653932174886003|1.2871909566514672
763.8|1.0|0.88|0.0|0|-0.02360330522322331|-0.04720661044644662|-0.07080991566966993|-0.09441322089289324
764.0|1.0|0.88|0.0|0|0.2735100597335261|0.5470201194670522|0.8205301792005782|1.0940402389341044
764.2|1.0|0.88|0.0|0|0.40720206471422027|0.8144041294284405|1.2216061941426608|1.628808258856881
764.4|1.0|0.88|0.0|0|0.02144117154413836|0.04288234308827672|0.06432351463241508|0.08576468617655345
764.6|1.0|0.88|0.0|0|-0.29549176432250557|-0.5909835286450111|-0.8864752929675168|-1.1819670572900223
764.8|1.0|0.88|0.0|0|-0.31170777590770765|-0.6234155518154153|-0.935123327723123|-1.2468311036308306
765.0|1.0|0.88|0.0|0|0.6947660005366203|1.3895320010732406|2.084298001609861|2.779064002146481
765.2|1.0|0.88|0.0|0|0.28378020076430427|0.5675604015286085|0.8513406022929129|1.135120803057217
765.4|1.0|0.88|0.0|0|0.041801273663586505|0.08360254732717301|0.12540382099075953|0.16720509465434602
765.6|1.0|0.88|0.0|0|-0.7048559643185587|-1.4097119286371174|-2.114567892955676|-2.8194238572742347
765.8|1.0|0.88|0.0|0|-0.11891741698578709|-0.23783483397157418|-0.3567522509573613|-0.47566966794314836
766.0|1.0|0.88|0.0|0|0.6396315619055537|1.2792631238111074|1.918894685716661|2.558526247622215
766.2|1.0|0.88|0.0|0|-0.1576556666917169|-0.3153113333834338|-0.4729670000751507|-0.6306226667668676
766.4|1.0|0.88|0.0|0|-0.530083395839029|-1.060166791678058|-1.590250187517087|-2.120333583356116
766.6|1.0|0.88|0.0|0|0.08702592841669692|0.17405185683339383|0.26107778525009073|0.34810371366678766
766.8|1.0|0.88|0.0|0|0.613505765915616|1.227011531831232|1.840517297746848|2.454023063662464
767.0|1.0|0.88|0.0|0|-0.1999974752825803|-0.3999949505651606|-0.5999924258477409|-0.7999899011303212
767.2|1.0|0.88|0.0|0|-0.4044993952556982|-0.8089987905113964|-1.2134981857670948|-1.617997581022793
767.4|1.0|0.88|0.0|0|0.47044451020658057|0.9408890204131611|1.4113335306197416|1.8817780408263223
767.6|1.0|0.88|0.0|0|0.08198094631079592|0.16396189262159183|0.24594283893238775|0.32792378524318366
767.8|1.0|0.88|0.0|0|-0.0036035580394673194|-0.007207116078934639|-0.010810674118401958|-0.014414232157869277
768.0|1.0|0.88|0.0|0|0.26882543422834737|0.5376508684566947|0.8064763026850421|1.0753017369133895
768.2|1.0|0.88|0.0|0|0.3216175604803723|0.6432351209607446|0.964852681441117|1.2864702419214893
768.4|1.0|0.88|0.0|0|0.1881057330750629|0.3762114661501258|0.5643171992251887|0.7524229323002516
768.6|1.0|0.88|0.0|0|0.11747599375259607|0.23495198750519214|0.35242798125778824|0.4699039750103843
768.8|1.0|0.88|0.0|0|0.1403585872022087|0.2807171744044174|0.42107576160662613|0.5614343488088348
769.0|1.0|0.88|0.0|0|0.3290048535034296|0.6580097070068592|0.9870145605102889|1.3160194140137185
769.2|1.0|0.88|0.0|0|-0.07207116147445056|-0.1441423229489011|-0.21621348442335167|-0.2882846458978022
769.4|1.0|0.88|0.0|0|0.32882467671879595|0.6576493534375919|0.9864740301563879|1.3152987068751838
769.6|1.0|0.88|0.0|0|0.001801778729713989|0.003603557459427978|0.005405336189141968|0.007207114918855956
769.8|1.0|0.88|0.0|0|0.20360103185375938|0.40720206370751877|0.6108030955612781|0.8144041274150375
770.0|1.0|0.88|0.0|0|-0.2854018007565176|-0.5708036015130352|-0.8562054022695528|-1.1416072030260704
770.2|1.0|0.88|0.0|0|-0.08684575031220455|-0.1736915006244091|-0.2605372509366137|-0.3473830012488182
770.4|1.0|0.88|0.0|0|0.11513368078653012|0.23026736157306024|0.34540104235959035|0.4605347231461205
770.6|1.0|0.88|0.0|0|-0.025585262294625887|-0.051170524589251774|-0.07675578688387766|-0.10234104917850355
770.8|1.0|0.88|0.0|0|0.3971121020565628|0.7942242041131256|1.1913363061696884|1.588448408226251
771.0|1.0|0.88|0.0|0|0.3419776631274729|0.6839553262549458|1.0259329893824187|1.3679106525098916
771.2|1.0|0.88|0.0|0|-0.20810548043198668|-0.41621096086397336|-0.6243164412959601|-0.8324219217279467
771.4|1.0|0.88|0.0|0|-0.06378297816729178|-0.12756595633458356|-0.19134893450187537|-0.2551319126691671
771.6|1.0|0.88|0.0|0|0.5180114754237006|1.0360229508474013|1.5540344262711019|2.0720459016948025
771.8|1.0|0.88|0.0|0|0.4349494631748534|0.8698989263497068|1.3048483895245602|1.7397978526994136
772.0|1.0|0.88|0.0|0|0.3394551719102313|0.6789103438204626|1.018365515730694|1.3578206876409251
772.2|1.0|0.88|0.0|0|0.009008895089500592|0.018017790179001184|0.027026685268501775|0.03603558035800237
772.4|1.0|0.88|0.0|0|0.12972809104045166|0.2594561820809033|0.389184273121355|0.5189123641618066
772.6|1.0|0.88|0.0|0|0.04180127479019578|0.08360254958039157|0.12540382437058736|0.16720509916078313
772.8|1.0|0.88|0.0|0|-0.14234054419037434|-0.2846810883807487|-0.42702163257112297|-0.5693621767614974
773.0|1.0|0.88|0.0|0|0.4351296393998204|0.8702592787996408|1.3053889181994611|1.7405185575992816
773.2|1.0|0.88|0.0|0|-0.4426971121263345|-0.885394224252669|-1.3280913363790035|-1.770788448505338
773.4|1.0|0.88|0.0|0|0.1174759945779807|0.2349519891559614|0.35242798373394213|0.4699039783119228
773.6|1.0|0.88|0.0|0|-0.2531499550494484|-0.5062999100988969|-0.7594498651483452|-1.0125998201977937
773.8|1.0|0.88|0.0|0|0.1522503290633905|0.304500658126781|0.45675098719017154|0.609001316253562
774.0|1.0|0.88|0.0|0|-0.003423380179447125|-0.00684676035889425|-0.010270140538341375|-0.0136935207177885
774.2|1.0|0.88|0.0|0|0.081800768787216|0.163601537574432|0.245402306361648|0.327203075148864
774.4|1.0|0.88|0.0|0|0.5153088079701416|1.0306176159402831|1.5459264239104245|2.0612352318805662
774.6|1.0|0.88|0.0|0|-0.18990751184523122|-0.37981502369046244|-0.5697225355356936|-0.7596300473809249
774.8|1.0|0.88|0.0|0|-0.07387294049083727|-0.14774588098167454|-0.22161882147251183|-0.2954917619633491
775.0|1.0|0.88|0.0|0|-0.14432250307523659|-0.28864500615047317|-0.43296750922570976|-0.5772900123009463
775.2|1.0|0.88|0.0|0|-0.11243101313855741|-0.22486202627711482|-0.33729303941567224|-0.44972405255422965
775.4|1.0|0.88|0.0|0|0.09999873681488688|0.19999747362977377|0.2999962104446607|0.39999494725954754
775.6|1.0|0.88|0.0|0|0.24846533149830088|0.49693066299660177|0.7453959944949027|0.9938613259932035
775.8|1.0|0.88|0.0|0|-0.02882846449327192|-0.05765692898654384|-0.08648539347981576|-0.11531385797308769
776.0|1.0|0.88|0.0|0|-0.15945744537631995|-0.3189148907526399|-0.47837233612895985|-0.6378297815052798
776.2|1.0|0.88|0.0|0|-0.30053674542519754|-0.6010734908503951|-0.9016102362755927|-1.2021469817007902
776.4|1.0|0.88|0.0|0|0.21549277424957855|0.4309855484991571|0.6464783227487356|0.8619710969983142
776.6|1.0|0.88|0.0|0|-0.15225033019261913|-0.30450066038523826|-0.4567509905778574|-0.6090013207704765
776.8|1.0|0.88|0.0|0|-0.6342262243165174|-1.2684524486330349|-1.9026786729495524|-2.5369048972660697
777.0|1.0|0.88|0.0|0|0.0466660768995644|0.0933321537991288|0.13999823069869322|0.1866643075982576
777.2|1.0|0.88|0.0|0|0.3872023175429789|0.7744046350859578|1.1616069526289368|1.5488092701719156
777.4|1.0|0.88|0.0|0|0.12756595723476505|0.2551319144695301|0.38269787170429515|0.5102638289390602
777.6|1.0|0.88|0.0|0|-0.13963787664135466|-0.2792757532827093|-0.41891362992406395|-0.5585515065654186
777.8|1.0|0.88|0.0|0|0.2234206019161504|0.4468412038323008|0.6702618057484512|0.8936824076646016
778.0|1.0|0.88|0.0|0|-0.3387344609334835|-0.677468921866967|-1.0162033828004504|-1.354937843733934
778.2|1.0|0.88|0.0|0|-0.41170651281107024|-0.8234130256221405|-1.2351195384332105|-1.646826051244281
778.4|1.0|0.88|0.0|0|-0.1353136065512082|-0.2706272131024164|-0.40594081965362455|-0.5412544262048328
778.6|1.0|0.88|0.0|0|-0.03909860609855972|-0.07819721219711943|-0.11729581829567916|-0.15639442439423887
778.8|1.0|0.88|0.0|0|-0.08666557205811849|-0.17333114411623698|-0.2599967161743555|-0.34666228823247397
779.0|1.0|0.88|0.0|0|0.1099085228232435|0.219817045646487|0.3297255684697305|0.439634091292974
779.2|1.0|0.88|0.0|0|0.7371078087543727|1.4742156175087453|2.211323426263118|2.9484312350174906
779.4|1.0|0.88|0.0|0|0.6459377898575628|1.2918755797151256|1.9378133695726882|2.583751159430251
779.6|1.0|0.88|0.0|0|0.296392653929652|0.592785307859304|0.8891779617889559|1.185570615718608
779.8|1.0|0.88|0.0|0|0.12486328814382443|0.24972657628764885|0.3745898644314733|0.4994531525752977
780.0|1.0|0.88|0.0|0|-0.4246793228544997|-0.8493586457089994|-1.274037968563499|-1.6987172914179989
780.2|1.0|0.88|0.0|0|0.10756620976113491|0.21513241952226983|0.3226986292834047|0.43026483904453966
780.4|1.0|0.88|0.0|0|-0.6010734913536003|-1.2021469827072007|-1.803220474060801|-2.4042939654144013
780.6|1.0|0.88|0.0|0|-0.27351005977194315|-0.5470201195438863|-0.8205301793158295|-1.0940402390877726
780.8|1.0|0.88|0.0|0|-0.3517072698578707|-0.7034145397157414|-1.0551218095736121|-1.4068290794314828
781.0|1.0|0.88|0.0|0|0.3445001537282954|0.6890003074565908|1.0335004611848864|1.3780006149131816
781.2|1.0|0.88|0.0|0|-0.03891842711425855|-0.0778368542285171|-0.11675528134277567|-0.1556737084570342
781.4|1.0|0.88|0.0|0|-0.2226998908937096|-0.4453997817874192|-0.6680996726811287|-0.8907995635748384
781.6|1.0|0.88|0.0|0|0.3010772799205736|0.6021545598411472|0.9032318397617208|1.2043091196822944
781.8|1.0|0.88|0.0|0|0.4453997803287352|0.8907995606574703|1.3361993409862056|1.7815991213149407
782.0|1.0|0.88|0.0|0|-0.03387344645336273|-0.06774689290672546|-0.1016203393600882|-0.13549378581345092
782.2|1.0|0.88|0.0|0|-0.12216061984479903|-0.24432123968959807|-0.3664818595343971|-0.48864247937919614
782.4|1.0|0.88|0.0|0|-0.2702668574286511|-0.5405337148573022|-0.8108005722859533|-1.0810674297146043
782.6|1.0|0.88|0.0|0|-0.09945820379973165|-0.1989164075994633|-0.29837461139919497|-0.3978328151989266
782.8|1.0|0.88|0.0|0|0.2763929072045724|0.5527858144091448|0.8291787216137171|1.1055716288182895
783.0|1.0|0.88|0.0|0|0.23351056532061215|0.4670211306412243|0.7005316959618364|0.9340422612824486
783.2|1.0|0.88|0.0|0|0.21567295255576047|0.43134590511152093|0.6470188576672814|0.8626918102230419
783.4|1.0|0.88|0.0|0|0.14270090080390233|0.28540180160780465|0.42810270241170695|0.5708036032156093
783.6|1.0|0.88|0.0|0|0.5484615415081503|1.0969230830163006|1.645384624524451|2.193846166032601
783.8|1.0|0.88|0.0|0|0.5637766634166479|1.1275533268332958|1.6913299902499435|2.2551066536665916
784.0|1.0|0.88|0.0|0|0.5008945753274024|1.001789150654805|1.5026837259822072|2.00357830130961
784.2|1.0|0.88|0.0|0|0.13297129435028193|0.26594258870056386|0.39891388305084585|0.5318851774011277
784.4|1.0|0.88|0.0|0|0.283600022668252|0.567200045336504|0.850800068004756|1.134400090673008
784.6|1.0|0.88|0.0|0|0.453147430782847|0.906294861565694|1.3594422923485412|1.812589723131388
784.8|1.0|0.88|0.0|0|-0.16756545168231257|-0.33513090336462514|-0.5026963550469377|-0.6702618067292503
785.0|1.0|0.88|0.0|0|-0.08684574971674018|-0.17369149943348036|-0.26053724915022053|-0.3473829988669607
785.2|1.0|0.88|0.0|0|-0.08432325836824028|-0.16864651673648057|-0.25296977510472085|-0.33729303347296113
785.4|1.0|0.88|0.0|0|0.13225058199896023|0.26450116399792045|0.3967517459968807|0.5290023279958409
785.6|1.0|0.88|0.0|0|0.08450343783333672|0.16900687566667344|0.2535103135000102|0.3380137513333469
785.8|1.0|0.88|0.0|0|0.10234104999486598|0.20468209998973197|0.30702314998459795|0.40936419997946394
786.0|1.0|0.88|0.0|0|0.08198094672465238|0.16396189344930476|0.24594284017395715|0.3279237868986095
786.2|1.0|0.88|0.0|0|0.07711614406493034|0.15423228812986067|0.231348432194791|0.30846457625972135
786.4|1.0|0.88|0.0|0|0.1192777733472759|0.2385555466945518|0.3578333200418277|0.4771110933891036
786.6|1.0|0.88|0.0|0|0.6088211407355271|1.2176422814710541|1.8264634222065814|2.4352845629421083
786.8|1.0|0.88|0.0|0|0.28161806547199403|0.5632361309439881|0.844854196415982|1.1264722618879761
787.0|1.0|0.88|0.0|0|0.28396037931321216|0.5679207586264243|0.8518811379396364|1.1358415172528487
787.2|1.0|0.88|0.0|0|0.12504346575180544|0.2500869315036109|0.37513039725541636|0.5001738630072218
787.4|1.0|0.88|0.0|0|0.31639240173564787|0.6327848034712957|0.9491772052069436|1.2655696069425915
787.6|1.0|0.88|0.0|0|-0.09693571261974293|-0.19387142523948586|-0.2908071378592288|-0.3877428504789717
787.8|1.0|0.88|0.0|0|0.3740493308857552|0.7480986617715104|1.1221479926572657|1.4961973235430208
788.0|1.0|0.88|0.0|0|-0.14990801690641106|-0.2998160338128221|-0.44972405071923316|-0.5996320676256442
788.2|1.0|0.88|0.0|0|0.30396012401121|0.60792024802242|0.9118803720336299|1.21584049604484
788.4|1.0|0.88|0.0|0|-0.2857621561750423|-0.5715243123500846|-0.8572864685251269|-1.1430486247001692
788.6|1.0|0.88|0.0|0|0.4450394252082337|0.8900788504164674|1.335118275624701|1.7801577008329348
788.8|1.0|0.88|0.0|0|-0.01837814607075417|-0.03675629214150834|-0.055134438212262514|-0.07351258428301669
789.0|1.0|0.88|0.0|0|0.5136872080698963|1.0273744161397926|1.5410616242096888|2.0547488322795853
789.2|1.0|0.88|0.0|0|-0.26089760607486845|-0.5217952121497369|-0.7826928182246055|-1.0435904242994738
789.4|1.0|0.88|0.0|0|0.5408940700613316|1.0817881401226632|1.6226822101839948|2.1635762802453264
789.6|1.0|0.88|0.0|0|0.5738666265783836|1.1477332531567672|1.721599879735151|2.2954665063135344
789.8|1.0|0.88|0.0|0|-0.20215960874513275|-0.4043192174902655|-0.6064788262353983|-0.808638434980531
790.0|1.0|0.88|0.0|0|-0.11495350346143833|-0.22990700692287666|-0.344860510384315|-0.4598140138457533
790.2|1.0|0.88|0.0|0|0.27062721308553617|0.5412544261710723|0.8118816392566085|1.0825088523421447
790.4|1.0|0.88|0.0|0|0.05189123676740569|0.10378247353481138|0.15567371030221708|0.20756494706962275
790.6|1.0|0.88|0.0|0|-0.049008389538794335|-0.09801677907758867|-0.147025168616383|-0.19603355815517734
790.8|1.0|0.88|0.0|0|-0.3920671211552693|-0.7841342423105386|-1.176201363465808|-1.5682684846210773
791.0|1.0|0.88|0.0|0|0.2708073910072565|0.541614782014513|0.8124221730217694|1.083229564029026
791.2|1.0|0.88|0.0|0|0.21837562124826965|0.4367512424965393|0.655126863744809|0.8735024849930786
791.4|1.0|0.88|0.0|0|0.704855963698065|1.40971192739613|2.1145678910941954|2.81942385479226
791.6|1.0|0.88|0.0|0|0.04378323190030646|0.08756646380061292|0.13134969570091937|0.17513292760122584
791.8|1.0|0.88|0.0|0|0.21567295303917508|0.43134590607835016|0.6470188591175253|0.8626918121567003
792.0|1.0|0.88|0.0|0|-0.11711563699675036|-0.23423127399350072|-0.35134691099025106|-0.46846254798700143
792.2|1.0|0.88|0.0|0|-0.25855529358552326|-0.5171105871710465|-0.7756658807565698|-1.034221174342093
792.4|1.0|0.88|0.0|0|-0.0589181753256708|-0.1178363506513416|-0.17675452597701238|-0.2356727013026832
792.6|1.0|0.88|0.0|0|-0.0870259273049306|-0.1740518546098612|-0.2610777819147918|-0.3481037092197224
792.8|1.0|0.88|0.0|0|0.05675603996263822|0.11351207992527644|0.17026811988791465|0.22702415985055288
793.0|1.0|0.88|0.0|0|-0.1673852730848013|-0.3347705461696026|-0.5021558192544039|-0.6695410923392052
793.2|1.0|0.88|0.0|0|0.3594549202712372|0.7189098405424744|1.0783647608137117|1.4378196810849488
793.4|1.0|0.88|0.0|0|0.39494996773486524|0.7898999354697305|1.1848499032045958|1.579799870939461
793.6|1.0|0.88|0.0|0|-0.18270039599097815|-0.3654007919819563|-0.5481011879729345|-0.7308015839639126
793.8|1.0|0.88|0.0|0|0.3064826165619891|0.6129652331239782|0.9194478496859673|1.2259304662479564
794.0|1.0|0.88|0.0|0|-0.028828464980179005|-0.05765692996035801|-0.08648539494053702|-0.11531385992071602
794.2|1.0|0.88|0.0|0|-0.1446828578814167|-0.2893657157628334|-0.4340485736442501|-0.5787314315256668
794.4|1.0|0.88|0.0|0|0.08918806243164007|0.17837612486328014|0.2675641872949202|0.3567522497265603
794.6|1.0|0.88|0.0|0|0.3037799476465446|0.6075598952930892|0.9113398429396338|1.2151197905861784
794.8|1.0|0.88|0.0|0|0.5028765331552135|1.005753066310427|1.5086295994656407|2.011506132620854
795.0|1.0|0.88|0.0|0|-0.10954816605895767|-0.21909633211791535|-0.328644498176873|-0.4381926642358307
795.2|1.0|0.88|0.0|0|-0.15999797908240013|-0.31999595816480025|-0.47999393724720035|-0.6399919163296005
795.4|1.0|0.88|0.0|0|-0.05441372678993507|-0.10882745357987014|-0.16324118036980523|-0.21765490715974029
795.6|1.0|0.88|0.0|0|0.7978277624261689|1.5956555248523379|2.3934832872785066|3.1913110497046757
795.8|1.0|0.88|0.0|0|0.5634163084445759|1.1268326168891518|1.6902489253337276|2.2536652337783036
796.0|1.0|0.88|0.0|0|0.4499042284124884|0.8998084568249768|1.3497126852374652|1.7996169136499536
796.2|1.0|0.88|0.0|0|0.42017487441218726|0.8403497488243745|1.260524623236562|1.680699497648749
796.4|1.0|0.88|0.0|0|0.298734966235352|0.597469932470704|0.896204898706056|1.194939864941408
796.6|1.0|0.88|0.0|0|0.7886386898087229|1.5772773796174457|2.3659160694261683|3.1545547592348915
796.8|1.0|0.88|0.0|0|0.19819569624145533|0.39639139248291066|0.5945870887243659|0.7927827849658213
797.0|1.0|0.88|0.0|0|0.04180127447092676|0.08360254894185352|0.1254038234127803|0.16720509788370705
797.2|1.0|0.88|0.0|0|0.5136872064266941|1.0273744128533882|1.5410616192800821|2.0547488257067763
797.4|1.0|0.88|0.0|0|0.6043166924803524|1.2086333849607047|1.812950077441057|2.4172667699214094
797.6|1.0|0.88|0.0|0|0.5311644622447789|1.0623289244895577|1.5934933867343366|2.1246578489791155
797.8|1.0|0.88|0.0|0|0.6093616734890389|1.2187233469780778|1.8280850204671166|2.4374466939561557
798.0|1.0|0.88|0.0|0|0.029729354662704308|0.059458709325408615|0.08918806398811292|0.11891741865081723
798.2|1.0|0.88|0.0|0|-0.05657586229179292|-0.11315172458358584|-0.16972758687537878|-0.22630344916717168
798.4|1.0|0.88|0.0|0|-0.36359901209594714|-0.7271980241918943|-1.0907970362878414|-1.4543960483837886
798.6|1.0|0.88|0.0|0|-0.10702567548432862|-0.21405135096865724|-0.32107702645298586|-0.4281027019373145
798.8|1.0|0.88|0.0|0|0.40017512718477555|0.8003502543695511|1.2005253815543266|1.6007005087391022
799.0|1.0|0.88|0.0|0|0.1351334279254662|0.2702668558509324|0.40540028377639864|0.5405337117018648
799.2|1.0|0.88|0.0|0|0.17044829825841604|0.3408965965168321|0.5113448947752481|0.6817931930336641
799.4|1.0|0.88|0.0|0|0.6396315633162163|1.2792631266324326|1.918894689948649|2.558526253264865
799.6|1.0|0.88|0.0|0|0.538371579095256|1.076743158190512|1.6151147372857682|2.153486316381024
799.8|1.0|0.88|0.0|0|0.2239611355710078|0.4479222711420156|0.6718834067130235|0.8958445422840312
800.0|1.0|0.88|0.0|0|0.4273819904110864|0.8547639808221728|1.2821459712332592|1.7095279616443455
800.2|1.0|0.88|0.0|0|-0.07963863305747516|-0.15927726611495033|-0.23891589917242548|-0.31855453222990066
800.4|1.0|0.88|0.0|0|-0.099638381805271|-0.199276763610542|-0.298915145415813|-0.398553527221084
800.6|1.0|0.88|0.0|0|0.32702289875916934|0.6540457975183387|0.981068696277508|1.3080915950366774
800.8|1.0|0.88|0.0|0|0.006306226270098711|0.012612452540197421|0.01891867881029613|0.025224905080394842
801.0|1.0|0.88|0.0|0|0.01621601129038028|0.03243202258076056|0.04864803387114084|0.06486404516152112
801.2|1.0|0.88|0.0|0|0.3971121012413645|0.794224202482729|1.1913363037240934|1.588448404965458
801.4|1.0|0.88|0.0|0|0.026125797248678306|0.05225159449735661|0.07837739174603492|0.10450318899471323
801.6|1.0|0.88|0.0|0|-0.17044829800521272|-0.34089659601042543|-0.5113448940156381|-0.6817931920208509
801.8|1.0|0.88|0.0|0|-0.27567219398624754|-0.5513443879724951|-0.8270165819587426|-1.1026887759449902
802.0|1.0|0.88|0.0|0|-0.1751329238704058|-0.3502658477408116|-0.5253987716112174|-0.7005316954816232
802.2|1.0|0.88|0.0|0|-0.22053775651322233|-0.44107551302644465|-0.6616132695396669|-0.8821510260528893
802.4|1.0|0.88|0.0|0|0.12756595663930068|0.25513191327860135|0.38269786991790206|0.5102638265572027
802.6|1.0|0.88|0.0|0|0.044143586640420875|0.08828717328084175|0.13243075992126263|0.1765743465616835
802.8|1.0|0.88|0.0|0|-0.4198145189677602|-0.8396290379355204|-1.2594435569032805|-1.6792580758710407
803.0|1.0|0.88|0.0|0|-0.42738198997307375|-0.8547639799461475|-1.2821459699192213|-1.709527959892295
803.2|1.0|0.88|0.0|0|0.08684574937011356|0.17369149874022713|0.2605372481103407|0.34738299748045426
803.4|1.0|0.88|0.0|0|-0.572965737250634|-1.145931474501268|-1.7188972117519021|-2.291862949002536
803.6|1.0|0.88|0.0|0|0.1756734571716517|0.3513469143433034|0.5270203715149551|0.7026938286866068
803.8|1.0|0.88|0.0|0|0.30882492956909147|0.6176498591381829|0.9264747887072744|1.2352997182763659
804.0|1.0|0.88|0.0|0|0.14234054457483594|0.2846810891496719|0.4270216337245078|0.5693621782993438
804.2|1.0|0.88|0.0|0|-0.04684625529043846|-0.09369251058087692|-0.1405387658713154|-0.18738502116175385
804.4|1.0|0.88|0.0|0|-0.12774613457266254|-0.2554922691453251|-0.38323840371798756|-0.5109845382906502
804.6|1.0|0.88|0.0|0|-0.08630521560990026|-0.17261043121980052|-0.2589156468297008|-0.34522086243960104
804.8|1.0|0.88|0.0|0|0.3720673738580084|0.7441347477160168|1.1162021215740252|1.4882694954320337
805.0|1.0|0.88|0.0|0|-0.18558324216719502|-0.37116648433439003|-0.556749726501585|-0.7423329686687801
805.2|1.0|0.88|0.0|0|0.22071793308568904|0.4414358661713781|0.6621537992570672|0.8828717323427562
805.4|1.0|0.88|0.0|0|-0.5345878438875666|-1.0691756877751333|-1.6037635316626997|-2.1383513755502666
805.6|1.0|0.88|0.0|0|-0.409724555362482|-0.819449110724964|-1.229173666087446|-1.638898221449928
805.8|1.0|0.88|0.0|0|0.2057631667127136|0.4115263334254272|0.6172895001381409|0.8230526668508544
806.0|1.0|0.88|0.0|0|-0.21297028246917782|-0.42594056493835564|-0.6389108474075335|-0.8518811298767113
806.2|1.0|0.88|0.0|0|0.4068417087686252|0.8136834175372504|1.2205251263058756|1.6273668350745008
806.4|1.0|0.88|0.0|0|-0.17999772804294495|-0.3599954560858899|-0.5399931841288349|-0.7199909121717798
806.6|1.0|0.88|0.0|0|-0.28071717655635464|-0.5614343531127093|-0.8421515296690639|-1.1228687062254186
806.8|1.0|0.88|0.0|0|0.5758485839882638|1.1516971679765275|1.7275457519647914|2.303394335953055
807.0|1.0|0.88|0.0|0|-0.4497240496677118|-0.8994480993354236|-1.3491721490031352|-1.7988961986708472
807.2|1.0|0.88|0.0|0|0.05945870793249929|0.11891741586499859|0.17837612379749787|0.23783483172999717
807.4|1.0|0.88|0.0|0|-0.05675603993062401|-0.11351207986124802|-0.170268119791872|-0.22702415972249604
807.6|1.0|0.88|0.0|0|0.7223332205950289|1.4446664411900578|2.166999661785087|2.8893328823801157
807.8|1.0|0.88|0.0|0|0.167565451738774|0.335130903477548|0.5026963552163219|0.670261806955096
808.0|1.0|0.88|0.0|0|0.8688178567701842|1.7376357135403684|2.6064535703105527|3.4752714270807368
808.2|1.0|0.88|0.0|0|0.22360078018013174|0.4472015603602635|0.6708023405403952|0.894403120720527
808.4|1.0|0.88|0.0|0|0.4351296398357958|0.8702592796715916|1.3053889195073873|1.7405185593431831
808.6|1.0|0.88|0.0|0|-0.2686452569658288|-0.5372905139316576|-0.8059357708974865|-1.0745810278633152
808.8|1.0|0.88|0.0|0|0.23819518974138212|0.47639037948276425|0.7145855692241464|0.9527807589655285
809.0|1.0|0.88|0.0|0|-0.24810497459198835|-0.4962099491839767|-0.7443149237759651|-0.9924198983679534
809.2|1.0|0.88|0.0|0|0.21819544270954813|0.43639088541909626|0.6545863281286444|0.8727817708381925
809.4|1.0|0.88|0.0|0|0.2711677463643721|0.5423354927287442|0.8135032390931163|1.0846709854574883
809.6|1.0|0.88|0.0|0|0.2304475405457199|0.4608950810914398|0.6913426216371596|0.9217901621828796
809.8|1.0|0.88|0.0|0|0.1527908637793736|0.3055817275587472|0.4583725913381208|0.6111634551174944
810.0|1.0|0.88|0.0|0|0.21260992761468533|0.42521985522937067|0.637829782844056|0.8504397104587413
810.2|1.0|0.88|0.0|0|0.5589118616087949|1.1178237232175898|1.6767355848263847|2.2356474464351797
810.4|1.0|0.88|0.0|0|0.3315273445128699|0.6630546890257398|0.9945820335386097|1.3261093780514797
810.6|1.0|0.88|0.0|0|0.09225108679645935|0.1845021735929187|0.2767532603893781|0.3690043471858374
810.8|1.0|0.88|0.0|0|0.23783483479492154|0.4756696695898431|0.7135045043847646|0.9513393391796862
811.0|1.0|0.88|0.0|0|0.43278732800274194|0.8655746560054839|1.2983619840082259|1.7311493120109678
811.2|1.0|0.88|0.0|0|-0.34594157748826576|-0.6918831549765315|-1.0378247324647973|-1.383766309953063
811.4|1.0|0.88|0.0|0|0.23026736184430796|0.4605347236886159|0.6908020855329239|0.9210694473772318
811.6|1.0|0.88|0.0|0|-0.34684246671793545|-0.6936849334358709|-1.0405274001538065|-1.3873698668717418
811.8|1.0|0.88|0.0|0|0.39729228078096673|0.7945845615619335|1.1918768423429003|1.589169123123867
812.0|1.0|0.88|0.0|0|0.06702618080424151|0.13405236160848302|0.20107854241272452|0.26810472321696605
812.2|1.0|0.88|0.0|0|0.10990852283197465|0.2198170456639493|0.32972556849592394|0.4396340913278986
812.4|1.0|0.88|0.0|0|0.24071768057503526|0.4814353611500705|0.7221530417251057|0.962870722300141
812.6|1.0|0.88|0.0|0|-0.0740531189757167|-0.1481062379514334|-0.22215935692715014|-0.2962124759028668
812.8|1.0|0.88|0.0|0|-0.03387344601767839|-0.06774689203535678|-0.10162033805303518|-0.13549378407071355
813.0|1.0|0.88|0.0|0|-0.48539927457633936|-0.9707985491526787|-1.456197823729018|-1.9415970983053574
813.2|1.0|0.88|0.0|0|-0.5837764107889967|-1.1675528215779933|-1.75132923236699|-2.3351056431559867
813.4|1.0|0.88|0.0|0|-0.3340498347161341|-0.6680996694322682|-1.0021495041484023|-1.3361993388645363
813.6|1.0|0.88|0.0|0|0.2614381398833941|0.5228762797667882|0.7843144196501823|1.0457525595335764
813.8|1.0|0.88|0.0|0|-0.1340523600796588|-0.2681047201593176|-0.4021570802389764|-0.5362094403186352
814.0|1.0|0.88|0.0|0|-0.15261068592139068|-0.30522137184278136|-0.457832057764172|-0.6104427436855627
814.2|1.0|0.88|0.0|0|0.12504346558213011|0.25008693116426023|0.37513039674639037|0.5001738623285205
814.4|1.0|0.88|0.0|0|0.14035858817689598|0.28071717635379195|0.42107576453068796|0.5614343527075839
814.6|1.0|0.88|0.0|0|0.32377969345107005|0.6475593869021401|0.9713390803532101|1.2951187738042802
814.8|1.0|0.88|0.0|0|-0.008828717393626001|-0.017657434787252003|-0.026486152180878002|-0.035314869574504006
815.0|1.0|0.88|0.0|0|-0.0317113112722291|-0.0634226225444582|-0.09513393381668729|-0.1268452450889164
815.2|1.0|0.88|0.0|0|0.5181916549001476|1.0363833098002952|1.5545749647004428|2.0727666196005905
815.4|1.0|0.88|0.0|0|-0.026125795959378615|-0.05225159191875723|-0.07837738787813585|-0.10450318383751446
815.6|1.0|0.88|0.0|0|0.06198119963955838|0.12396239927911676|0.18594359891867515|0.24792479855823352
815.8|1.0|0.88|0.0|0|0.5055792008352005|1.011158401670401|1.5167376025056014|2.022316803340802
816.0|1.0|0.88|0.0|0|0.11747599349211679|0.23495198698423359|0.3524279804763504|0.46990397396846717
816.2|1.0|0.88|0.0|0|0.5081016917136735|1.016203383427347|1.5243050751410205|2.032406766854694
816.4|1.0|0.88|0.0|0|0.04360305277135926|0.08720610554271852|0.13080915831407777|0.17441221108543703
816.6|1.0|0.88|0.0|0|0.3445001535632767|0.6890003071265534|1.0335004606898301|1.3780006142531067
816.8|1.0|0.88|0.0|0|0.6117039875342749|1.2234079750685498|1.8351119626028247|2.4468159501370996
817.0|1.0|0.88|0.0|0|0.3996345927513907|0.7992691855027814|1.198903778254172|1.5985383710055627
817.2|1.0|0.88|0.0|0|-0.10468336360965631|-0.20936672721931263|-0.31405009082896895|-0.41873345443862525
817.4|1.0|0.88|0.0|0|-0.01873850202042378|-0.03747700404084756|-0.05621550606127135|-0.07495400808169513
817.6|1.0|0.88|0.0|0|0.5255789490169268|1.0511578980338536|1.5767368470507805|2.1023157960677072
817.8|1.0|0.88|0.0|0|0.213150461119367|0.426300922238734|0.639451383358101|0.852601844477468
818.0|1.0|0.88|0.0|0|-0.2529697788256456|-0.5059395576512912|-0.7589093364769367|-1.0118791153025823
818.2|1.0|0.88|0.0|0|0.5432363841059855|1.086472768211971|1.6297091523179565|2.172945536423942
818.4|1.0|0.88|0.0|0|0.46053472527855815|0.9210694505571163|1.3816041758356745|1.8421389011142326
818.6|1.0|0.88|0.0|0|0.5562091910303575|1.112418382060715|1.6686275730910727|2.22483676412143
818.8|1.0|0.88|0.0|0|-0.5055792005432891|-1.0111584010865782|-1.5167376016298673|-2.0223168021731563
819.0|1.0|0.88|0.0|0|0.12017866257840079|0.24035732515680158|0.3605359877352024|0.48071465031360316
819.2|1.0|0.88|0.0|0|0.556389370533289|1.112778741066578|1.6691681115998669|2.225557482133156
819.4|1.0|0.88|0.0|0|0.14810623834695447|0.29621247669390893|0.4443187150408634|0.5924249533878179
819.6|1.0|0.88|0.0|0|0.32377969595690986|0.6475593919138197|0.9713390878707295|1.2951187838276395
819.8|1.0|0.88|0.0|0|0.2812577096672615|0.562515419334523|0.8437731290017845|1.125030838669046
820.0|1.0|0.88|0.0|0|-0.20972708091459955|-0.4194541618291991|-0.6291812427437986|-0.8389083236583982
820.2|1.0|0.88|0.0|0|0.24324017147067956|0.4864803429413591|0.7297205144120387|0.9729606858827182
820.4|1.0|0.88|0.0|0|-0.3790943117809369|-0.7581886235618738|-1.1372829353428107|-1.5163772471237476
820.6|1.0|0.88|0.0|0|0.33404983522952564|0.6680996704590513|1.002149505688577|1.3361993409181026
820.8|1.0|0.88|0.0|0|0.4778318033323744|0.9556636066647488|1.433495409997123|1.9113272133294976
821.0|1.0|0.88|0.0|0|0.15026837249897668|0.30053674499795335|0.45080511749693|0.6010734899959067
821.2|1.0|0.88|0.0|0|0.5235969915796891|1.0471939831593782|1.5707909747390671|2.0943879663187563
821.4|1.0|0.88|0.0|0|0.059458708112943036|0.11891741622588607|0.17837612433882913|0.23783483245177214
821.6|1.0|0.88|0.0|0|0.5154889860277767|1.0309779720555534|1.5464669580833301|2.061955944111107
821.8|1.0|0.88|0.0|0|0.3918869433010699|0.7837738866021398|1.1756608299032096|1.5675477732042795
822.0|1.0|0.88|0.0|0|0.34684246693737836|0.6936849338747567|1.040527400812135|1.3873698677495134
822.2|1.0|0.88|0.0|0|-0.07855756699282217|-0.15711513398564433|-0.23567270097846651|-0.31423026797128867
822.4|1.0|0.88|0.0|0|0.3920671208921707|0.7841342417843414|1.1762013626765122|1.5682684835686829
822.6|1.0|0.88|0.0|0|0.5106241824734029|1.0212483649468058|1.5318725474202088|2.0424967298936116
822.8|1.0|0.88|0.0|0|-0.3387344608135757|-0.6774689216271514|-1.0162033824407273|-1.3549378432543029
823.0|1.0|0.88|0.0|0|-0.17999772729614066|-0.3599954545922813|-0.539993181888422|-0.7199909091845627
823.2|1.0|0.88|0.0|0|0.07189098399656366|0.1437819679931273|0.21567295198969097|0.2875639359862546
823.4|1.0|0.88|0.0|0|0.03909860532614406|0.07819721065228812|0.11729581597843218|0.15639442130457623
823.6|1.0|0.88|0.0|0|0.17765541471686463|0.35531082943372927|0.5329662441505939|0.7106216588674585
823.8|1.0|0.88|0.0|0|0.3264823640094258|0.6529647280188516|0.9794470920282774|1.3059294560377033
824.0|1.0|0.88|0.0|0|-0.09927802608901411|-0.19855605217802821|-0.29783407826704233|-0.39711210435605643
824.2|1.0|0.88|0.0|0|-0.5704432472467311|-1.1408864944934622|-1.7113297417401934|-2.2817729889869245
824.4|1.0|0.88|0.0|0|0.203240677448339|0.406481354896678|0.609722032345017|0.812962709793356
824.6|1.0|0.88|0.0|0|0.08648539395595442|0.17297078791190884|0.2594561818678633|0.3459415758238177
824.8|1.0|0.88|0.0|0|-0.14180001087486757|-0.28360002174973514|-0.4254000326246027|-0.5672000434994703
825.0|1.0|0.88|0.0|0|-0.03873824947542747|-0.07747649895085494|-0.11621474842628242|-0.15495299790170988
825.2|1.0|0.88|0.0|0|0.08468361600738725|0.1693672320147745|0.25405084802216177|0.338734464029549
825.4|1.0|0.88|0.0|0|0.01171156538068318|0.02342313076136636|0.03513469614204954|0.04684626152273272
825.6|1.0|0.88|0.0|0|0.021981704536883646|0.04396340907376729|0.06594511361065093|0.08792681814753459
825.8|1.0|0.88|0.0|0|0.4198145175649555|0.839629035129911|1.2594435526948666|1.679258070259822
826.0|1.0|0.88|0.0|0|0.3590945650060897|0.7181891300121794|1.0772836950182691|1.4363782600243589
826.2|1.0|0.88|0.0|0|-0.21008743819722459|-0.42017487639444917|-0.6302623145916738|-0.8403497527888983
826.4|1.0|0.88|0.0|0|0.22846558408637085|0.4569311681727417|0.6853967522591126|0.9138623363454834
826.6|1.0|0.88|0.0|0|0.3162122220982567|0.6324244441965134|0.9486366662947703|1.264848888393027
826.8|1.0|0.88|0.0|0|0.1881057327840246|0.3762114655680492|0.5643171983520738|0.7524229311360984
827.0|1.0|0.88|0.0|0|-0.24576266252988738|-0.49152532505977475|-0.7372879875896622|-0.9830506501195495
827.2|1.0|0.88|0.0|0|-0.10720585397590195|-0.2144117079518039|-0.3216175619277058|-0.4288234159036078
827.4|1.0|0.88|0.0|0|0.0063062266679480726|0.012612453335896145|0.018918680003844217|0.02522490667179229
827.6|1.0|0.88|0.0|0|-0.24576266124320703|-0.49152532248641406|-0.7372879837296211|-0.9830506449728281
827.8|1.0|0.88|0.0|0|0.041801272687152995|0.08360254537430599|0.12540381806145898|0.16720509074861198
828.0|1.0|0.88|0.0|0|0.46828237391746413|0.9365647478349283|1.4048471217523923|1.8731294956698565
828.2|1.0|0.88|0.0|0|-0.17729505763825743|-0.35459011527651485|-0.5318851729147723|-0.7091802305530297
828.4|1.0|0.88|0.0|0|0.02684650725102986|0.05369301450205972|0.08053952175308958|0.10738602900411943
828.6|1.0|0.88|0.0|0|-0.22522238139761633|-0.45044476279523266|-0.6756671441928489|-0.9008895255904653
828.8|1.0|0.88|0.0|0|0.41260740192781703|0.8252148038556341|1.2378222057834511|1.6504296077112681
829.0|1.0|0.88|0.0|0|0.46287703706446376|0.9257540741289275|1.3886311111933913|1.851508148257855
829.2|1.0|0.88|0.0|0|0.24576266260875876|0.4915253252175175|0.7372879878262762|0.983050650435035
829.4|1.0|0.88|0.0|0|-0.10144016031292276|-0.20288032062584552|-0.3043204809387683|-0.40576064125169103
829.6|1.0|0.88|0.0|0|0.09189073110115722|0.18378146220231445|0.2756721933034717|0.3675629244046289
829.8|1.0|0.88|0.0|0|0.3798150231665935|0.759630046333187|1.1394450694997804|1.519260092666374
830.0|1.0|0.88|0.0|0|0.054233549550117506|0.10846709910023501|0.16270064865035253|0.21693419820047002
830.2|1.0|0.88|0.0|0|-0.06144066572887828|-0.12288133145775657|-0.18432199718663486|-0.24576266291551313
830.4|1.0|0.88|0.0|0|-0.04864803441858389|-0.09729606883716778|-0.14594410325575166|-0.19459213767433556
830.6|1.0|0.88|0.0|0|0.27873521918983923|0.5574704383796785|0.8362056575695177|1.114940876759357
830.8|1.0|0.88|0.0|0|-0.11459314772248046|-0.2291862954449609|-0.34377944316744136|-0.4583725908899218
831.0|1.0|0.88|0.0|0|0.09729606921056992|0.19459213842113984|0.2918882076317098|0.3891842768422797
831.2|1.0|0.88|0.0|0|0.08990877451200512|0.17981754902401023|0.26972632353601533|0.35963509804802046
831.4|1.0|0.88|0.0|0|0.5461192304553701|1.0922384609107403|1.6383576913661104|2.1844769218214806
831.6|1.0|0.88|0.0|0|0.43242697142646686|0.8648539428529337|1.2972809142794006|1.7297078857058674
831.8|1.0|0.88|0.0|0|0.3217977378089566|0.6435954756179132|0.9653932134268698|1.2871909512358264
832.0|1.0|0.88|0.0|0|0.4826966073055523|0.9653932146111046|1.448089821916657|1.9307864292222092
832.2|1.0|0.88|0.0|0|-0.2911674936753118|-0.5823349873506236|-0.8735024810259354|-1.1646699747012472
832.4|1.0|0.88|0.0|0|0.047026433260762175|0.09405286652152435|0.14107929978228653|0.1881057330430487
832.6|1.0|0.88|0.0|0|0.01387369815289277|0.02774739630578554|0.04162109445867831|0.05549479261157108
832.8|1.0|0.88|0.0|0|0.26305974144110245|0.5261194828822049|0.7891792243233074|1.0522389657644098
833.0|1.0|0.88|0.0|0|-0.06648564738250576|-0.13297129476501152|-0.1994569421475173|-0.26594258953002303
833.2|1.0|0.88|0.0|0|0.05171105880144755|0.1034221176028951|0.15513317640434265|0.2068442352057902
833.4|1.0|0.88|0.0|0|-0.26594258660334186|-0.5318851732066837|-0.7978277598100256|-1.0637703464133674
833.6|1.0|0.88|0.0|0|0.296392653656076|0.592785307312152|0.8891779609682279|1.185570614624304
833.8|1.0|0.88|0.0|0|0.07171080577711116|0.1434216115542223|0.21513241733133345|0.2868432231084446
834.0|1.0|0.88|0.0|0|0.1729707877701732|0.3459415755403464|0.5189123633105196|0.6918831510806928
834.2|1.0|0.88|0.0|0|0.19567320447386027|0.39134640894772055|0.5870196134215808|0.7826928178954411
834.4|1.0|0.88|0.0|0|-0.01891868011734916|-0.03783736023469832|-0.05675604035204747|-0.07567472046939663
834.6|1.0|0.88|0.0|0|0.3369326822689621|0.6738653645379242|1.0107980468068862|1.3477307290758485
834.8|1.0|0.88|0.0|0|0.08738628367224018|0.17477256734448035|0.26215885101672054|0.3495451346889607
835.0|1.0|0.88|0.0|0|-0.15945744633063455|-0.3189148926612691|-0.4783723389919037|-0.6378297853225382
835.2|1.0|0.88|0.0|0|-0.005765693078283226|-0.011531386156566452|-0.017297079234849678|-0.023062772313132904
835.4|1.0|0.88|0.0|0|-0.003423380441381599|-0.006846760882763198|-0.010270141324144798|-0.013693521765526396
835.6|1.0|0.88|0.0|0|-0.318914891900495|-0.63782978380099|-0.9567446757014849|-1.27565956760198
835.8|1.0|0.88|0.0|0|0.39711210147041165|0.7942242029408233|1.1913363044112348|1.5884484058816466
836.0|1.0|0.88|0.0|0|-0.27837486329983246|-0.5567497265996649|-0.8351245898994973|-1.1134994531993299
836.2|1.0|0.88|0.0|0|0.16035833488742368|0.32071666977484736|0.4810750046622711|0.6414333395496947
836.4|1.0|0.88|0.0|0|0.3261220090504506|0.6522440181009012|0.9783660271513517|1.3044880362018023
836.6|1.0|0.88|0.0|0|0.2763929057557837|0.5527858115115674|0.829178717267351|1.1055716230231347
836.8|1.0|0.88|0.0|0|0.12720560005574963|0.25441120011149926|0.3816168001672489|0.5088224002229985
837.0|1.0|0.88|0.0|0|-0.00864854022976943|-0.01729708045953886|-0.025945620689308294|-0.03459416091907772
837.2|1.0|0.88|0.0|0|0.177655414484034|0.355310828968068|0.532966243452102|0.710621657936136
837.4|1.0|0.88|0.0|0|0.06414333401568006|0.12828666803136013|0.1924300020470402|0.25657333606272026
837.6|1.0|0.88|0.0|0|0.4272018137705167|0.8544036275410334|1.28160544131155|1.7088072550820668
837.8|1.0|0.88|0.0|0|0.04216162932658339|0.08432325865316678|0.12648488797975016|0.16864651730633357
838.0|1.0|0.88|0.0|0|0.2886450033029544|0.5772900066059088|0.8659350099088632|1.1545800132118176
838.2|1.0|0.88|0.0|0|-0.07423329695127912|-0.14846659390255823|-0.22269989085383732|-0.29693318780511646
838.4|1.0|0.88|0.0|0|0.17297078881354552|0.34594157762709105|0.5189123664406365|0.6918831552541821
838.6|1.0|0.88|0.0|0|0.4425169342305166|0.8850338684610332|1.3275508026915497|1.7700677369220663
838.8|1.0|0.88|0.0|0|0.04180127363506476|0.08360254727012952|0.12540382090519425|0.16720509454025903
839.0|1.0|0.88|0.0|0|-0.010990852708055181|-0.021981705416110362|-0.032972558124165545|-0.043963410832220724
839.2|1.0|0.88|0.0|0|0.07513418604969054|0.15026837209938107|0.22540255814907162|0.30053674419876214
839.4|1.0|0.88|0.0|0|0.011351208226114988|0.022702416452229975|0.03405362467834496|0.04540483290445995
839.6|1.0|0.88|0.0|0|0.05927853084227541|0.11855706168455082|0.17783559252682624|0.23711412336910165
839.8|1.0|0.88|0.0|0|0.5156691628784761|1.0313383257569522|1.5470074886354281|2.0626766515139043
840.0|1.0|0.88|0.0|0|0.2612579619287865|0.522515923857573|0.7837738857863594|1.045031847715146
840.2|1.0|0.88|0.0|0|0.4781921586705725|0.956384317341145|1.4345764760117177|1.91276863468229
840.4|1.0|0.88|0.0|0|0.41747220522083844|0.8349444104416769|1.2524166156625154|1.6698888208833538
840.6|1.0|0.88|0.0|0|0.14270089988131088|0.28540179976262176|0.42810269964393266|0.5708035995252435
840.8|1.0|0.88|0.0|0|-0.10468336365418518|-0.20936672730837036|-0.31405009096255554|-0.4187334546167407
841.0|1.0|0.88|0.0|0|0.23585287843743594|0.4717057568748719|0.7075586353123078|0.9434115137497437
841.2|1.0|0.88|0.0|0|0.09963838077557748|0.19927676155115495|0.29891514232673244|0.3985535231023099
841.4|1.0|0.88|0.0|0|0.13243076077109447|0.26486152154218895|0.3972922823132834|0.5297230430843779
841.6|1.0|0.88|0.0|0|0.23134842910745668|0.46269685821491335|0.69404528732237|0.9253937164298267
841.8|1.0|0.88|0.0|0|-0.05117052475950918|-0.10234104951901836|-0.15351157427852755|-0.20468209903803672
842.0|1.0|0.88|0.0|0|0.10162033863744009|0.20324067727488018|0.3048610159123203|0.40648135454976037
842.2|1.0|0.88|0.0|0|0.10414282909274343|0.20828565818548686|0.3124284872782303|0.4165713163709737
842.4|1.0|0.88|0.0|0|0.12792631204996735|0.2558526240999347|0.38377893614990205|0.5117052481998694
842.6|1.0|0.88|0.0|0|0.0140538782143267|0.0281077564286534|0.042161634642980096|0.0562155128573068
842.8|1.0|0.88|0.0|0|-0.20233978719654278|-0.40467957439308555|-0.6070193615896283|-0.8093591487861711
843.0|1.0|0.88|0.0|0|0.12035884005745186|0.24071768011490371|0.36107652017235553|0.48143536022980743
843.2|1.0|0.88|0.0|0|0.3196356040690446|0.6392712081380892|0.9589068122071339|1.2785424162761785
843.4|1.0|0.88|0.0|0|0.6367487151420215|1.273497430284043|1.9102461454260646|2.546994860568086
843.6|1.0|0.88|0.0|0|-0.04144091874419249|-0.08288183748838499|-0.12432275623257749|-0.16576367497676997
843.8|1.0|0.88|0.0|0|0.12756595591752568|0.25513191183505135|0.382697867752577|0.5102638236701027
844.0|1.0|0.88|0.0|0|0.38449964976462103|0.7689992995292421|1.1534989492938632|1.5379985990584841
844.2|1.0|0.88|0.0|0|0.49044425649714|0.98088851299428|1.47133276949142|1.96177702598856
844.4|1.0|0.88|0.0|0|-0.3762114659653165|-0.752422931930633|-1.1286343978959494|-1.504845863861266
844.6|1.0|0.88|0.0|0|-0.17765541441971452|-0.35531082883942905|-0.5329662432591435|-0.7106216576788581
844.8|1.0|0.88|0.0|0|0.232970031417208|0.465940062834416|0.698910094251624|0.931880125668832
845.0|1.0|0.88|0.0|0|0.6540457943119696|1.3080915886239393|1.962137382935909|2.6161831772478785
845.2|1.0|0.88|0.0|0|0.5637766643569926|1.1275533287139852|1.6913299930709778|2.2551066574279703
845.4|1.0|0.88|0.0|0|0.5232366361768804|1.0464732723537609|1.5697099085306414|2.0929465447075217
845.6|1.0|0.88|0.0|0|-0.26702365411765666|-0.5340473082353133|-0.8010709623529699|-1.0680946164706266
845.8|1.0|0.88|0.0|0|0.14540356941870428|0.29080713883740855|0.4362107082561128|0.5816142776748171
846.0|1.0|0.88|0.0|0|0.25855529347085415|0.5171105869417083|0.7756658804125625|1.0342211738834166
846.2|1.0|0.88|0.0|0|-0.34918477916013246|-0.6983695583202649|-1.0475543374803975|-1.3967391166405299
846.4|1.0|0.88|0.0|0|-0.4648589937030924|-0.9297179874061848|-1.3945769811092772|-1.8594359748123697
846.6|1.0|0.88|0.0|0|0.1729707895524918|0.3459415791049836|0.5189123686574754|0.6918831582099672
846.8|1.0|0.88|0.0|0|-0.15477281989384223|-0.30954563978768446|-0.4643184596815267|-0.6190912795753689
847.0|1.0|0.88|0.0|0|0.006306227294553542|0.012612454589107085|0.018918681883660627|0.02522490917821417
847.2|1.0|0.88|0.0|0|-0.049008390165108766|-0.09801678033021753|-0.1470251704953263|-0.19603356066043506
847.4|1.0|0.88|0.0|0|0.01891868127771888|0.03783736255543776|0.05675604383315663|0.07567472511087552
847.6|1.0|0.88|0.0|0|0.25333013441500973|0.5066602688300195|0.7599904032450292|1.013320537660039
847.8|1.0|0.88|0.0|0|-0.06684600209177012|-0.13369200418354024|-0.20053800627531035|-0.2673840083670805
848.0|1.0|0.88|0.0|0|0.029188820745912405|0.05837764149182481|0.08756646223773722|0.11675528298364962
848.2|1.0|0.88|0.0|0|0.3017979902241498|0.6035959804482997|0.9053939706724494|1.2071919608965993
848.4|1.0|0.88|0.0|0|0.054593905833608056|0.10918781166721611|0.16378171750082415|0.21837562333443222
848.6|1.0|0.88|0.0|0|-0.06702618154551607|-0.13405236309103213|-0.2010785446365482|-0.26810472618206427
848.8|1.0|0.88|0.0|0|0.27351005973498127|0.5470201194699625|0.8205301792049439|1.094040238939925
849.0|1.0|0.88|0.0|0|0.06702618080744292|0.13405236161488585|0.20107854242232878|0.2681047232297717
849.2|1.0|0.88|0.0|0|0.2758523732266624|0.5517047464533248|0.8275571196799872|1.1034094929066496
849.4|1.0|0.88|0.0|0|-0.06954867180582375|-0.1390973436116475|-0.20864601541747124|-0.278194687223295
849.6|1.0|0.88|0.0|0|-0.2605372503952824|-0.5210745007905648|-0.7816117511858472|-1.0421490015811297
849.8|1.0|0.88|0.0|0|0.16558349392667893|0.33116698785335785|0.4967504817800368|0.6623339757067157
850.0|1.0|0.88|0.0|0|0.2843207350731248|0.5686414701462496|0.8529622052193744|1.137282940292499
850.2|1.0|0.88|0.0|0|0.5414346036556531|1.0828692073113062|1.6243038109669592|2.1657384146226124
850.4|1.0|0.88|0.0|0|0.4453997818104112|0.8907995636208224|1.3361993454312335|1.7815991272416447
850.6|1.0|0.88|0.0|0|-0.2201773996182603|-0.4403547992365206|-0.6605321988547809|-0.8807095984730412
850.8|1.0|0.88|0.0|0|-0.3008971010474491|-0.6017942020948982|-0.9026913031423472|-1.2035884041897964
851.0|1.0|0.88|0.0|0|0.48521909768867816|0.9704381953773563|1.4556572930660345|1.9408763907547126
851.2|1.0|0.88|0.0|0|0.46485899495164673|0.9297179899032935|1.39457698485494|1.859435979806587
851.4|1.0|0.88|0.0|0|-0.00378373593441211|-0.00756747186882422|-0.01135120780323633|-0.01513494373764844
851.6|1.0|0.88|0.0|0|0.04666607728169769|0.09333215456339539|0.13999823184509308|0.18666430912679077
851.8|1.0|0.88|0.0|0|-0.2702668569982054|-0.5405337139964108|-0.8108005709946162|-1.0810674279928216
852.0|1.0|0.88|0.0|0|-0.26576241067843537|-0.5315248213568707|-0.797287232035306|-1.0630496427137415
852.2|1.0|0.88|0.0|0|0.2940503405669008|0.5881006811338017|0.8821510217007025|1.1762013622676033
852.4|1.0|0.88|0.0|0|-0.06666582548554294|-0.13333165097108587|-0.19999747645662883|-0.26666330194217175
852.6|1.0|0.88|0.0|0|0.03117077830509518|0.06234155661019036|0.09351233491528554|0.12468311322038073
852.8|1.0|0.88|0.0|0|0.18270039544178887|0.36540079088357774|0.5481011863253666|0.7308015817671555
853.0|1.0|0.88|0.0|0|0.18774537682038517|0.37549075364077034|0.5632361304611555|0.7509815072815407
853.2|1.0|0.88|0.0|0|-0.07207116206089274|-0.1441423241217855|-0.21621348618267822|-0.288284648243571
853.4|1.0|0.88|0.0|0|0.28360002257133626|0.5672000451426725|0.8508000677140088|1.134400090285345
853.6|1.0|0.88|0.0|0|0.32882467570656476|0.6576493514131295|0.9864740271196942|1.315298702826259
853.8|1.0|0.88|0.0|0|0.011711563778226275|0.02342312755645255|0.03513469133467882|0.0468462551129051
854.0|1.0|0.88|0.0|0|0.1623402922265815|0.324680584453163|0.48702087667974453|0.649361168906326
854.2|1.0|0.88|0.0|0|0.38918427411117623|0.7783685482223525|1.1675528223335288|1.556737096444705
854.4|1.0|0.88|0.0|0|0.029188821295392724|0.05837764259078545|0.08756646388617817|0.1167552851815709
854.6|1.0|0.88|0.0|0|-0.1273857781282278|-0.2547715562564556|-0.3821573343846834|-0.5095431125129112
854.8|1.0|0.88|0.0|0|0.07729632170783596|0.15459264341567192|0.23188896512350787|0.30918528683134383
855.0|1.0|0.88|0.0|0|0.4931469259137525|0.986293851827505|1.4794407777412575|1.97258770365501
855.2|1.0|0.88|0.0|0|0.4124272247822959|0.8248544495645918|1.2372816743468877|1.6497088991291835
855.4|1.0|0.88|0.0|0|0.04414358667214405|0.0882871733442881|0.13243076001643214|0.1765743466885762
855.6|1.0|0.88|0.0|0|0.18017790349666046|0.3603558069933209|0.5405337104899813|0.7207116139866419
855.8|1.0|0.88|0.0|0|-0.08900788505852696|-0.1780157701170539|-0.26702365517558085|-0.3560315402341078
856.0|1.0|0.88|0.0|0|0.6522440169347107|1.3044880338694214|1.956732050804132|2.6089760677388427
856.2|1.0|0.88|0.0|0|0.2708073903372863|0.5416147806745726|0.8124221710118589|1.0832295613491452
856.4|1.0|0.88|0.0|0|0.4754894911494925|0.950978982298985|1.4264684734484776|1.90195796459797
856.6|1.0|0.88|0.0|0|0.12486328739556495|0.2497265747911299|0.3745898621866949|0.4994531495822598
856.8|1.0|0.88|0.0|0|0.3945896114071369|0.7891792228142738|1.1837688342214108|1.5783584456285475
857.0|1.0|0.88|0.0|0|0.24089785881049486|0.4817957176209897|0.7226935764314846|0.9635914352419794
857.2|1.0|0.88|0.0|0|0.40287779532780443|0.8057555906556089|1.2086333859834133|1.6115111813112177
857.4|1.0|0.88|0.0|0|-0.04162109542783586|-0.08324219085567172|-0.12486328628350758|-0.16648438171134344
857.6|1.0|0.88|0.0|0|0.23333038791868624|0.4666607758373725|0.6999911637560587|0.933321551674745
857.8|1.0|0.88|0.0|0|0.31621222310437613|0.6324244462087523|0.9486366693131285|1.2648488924175045
858.0|1.0|0.88|0.0|0|0.3118879542025391|0.6237759084050782|0.9356638626076172|1.2475518168101565
858.2|1.0|0.88|0.0|0|0.11044905592163569|0.22089811184327138|0.3313471677649071|0.44179622368654275
858.4|1.0|0.88|0.0|0|0.4046795742513499|0.8093591485026999|1.2140387227540497|1.6187182970053997
858.6|1.0|0.88|0.0|0|0.2735100596075065|0.547020119215013|0.8205301788225196|1.094040238430026
858.8|1.0|0.88|0.0|0|0.3293652099772592|0.6587304199545184|0.9880956299317777|1.3174608399090368
859.0|1.0|0.88|0.0|0|0.09008895354287241|0.18017790708574483|0.2702668606286172|0.36035581417148965
859.2|1.0|0.88|0.0|0|0.4807146507725706|0.9614293015451412|1.4421439523177118|1.9228586030902823
859.4|1.0|0.88|0.0|0|0.49584959402884166|0.9916991880576833|1.487548782086525|1.9833983761153666
859.6|1.0|0.88|0.0|0|0.3145906223429486|0.6291812446858972|0.9437718670288459|1.2583624893717944
859.8|1.0|0.88|0.0|0|0.1776554127724377|0.3553108255448754|0.5329662383173132|0.7106216510897508
860.0|1.0|0.88|0.0|0|0.07531436536082772|0.15062873072165545|0.22594309608248314|0.3012574614433109
860.2|1.0|0.88|0.0|0|0.3086447510551082|0.6172895021102164|0.9259342531653246|1.2345790042204328
860.4|1.0|0.88|0.0|0|0.4201748743760985|0.840349748752197|1.2605246231282956|1.680699497504394
860.6|1.0|0.88|0.0|0|0.8560252255460371|1.7120504510920742|2.568075676638111|3.4241009021841484
860.8|1.0|0.88|0.0|0|1.0506173637363836|2.101234727472767|3.1518520912091508|4.202469454945534
861.0|1.0|0.88|0.0|0|0.8007106097802178|1.6014212195604356|2.4021318293406533|3.202842439120871
861.2|1.0|0.88|0.0|0|0.44539978086657395|0.8907995617331479|1.3361993425997218|1.7815991234662958
861.4|1.0|0.88|0.0|0|0.46053472470346646|0.9210694494069329|1.3816041741103995|1.8421388988138658
861.6|1.0|0.88|0.0|0|0.16270064901968012|0.32540129803936024|0.48810194705904036|0.6508025960787205
861.8|1.0|0.88|0.0|0|0.3063024382590086|0.6126048765180172|0.9189073147770258|1.2252097530360344
862.0|1.0|0.88|0.0|0|0.1045031851841487|0.2090063703682974|0.3135095555524461|0.4180127407365948
862.2|1.0|0.88|0.0|0|0.009189073435845792|0.018378146871691585|0.027567220307537377|0.03675629374338317
862.4|1.0|0.88|0.0|0|-0.26305974114540753|-0.5261194822908151|-0.7891792234362226|-1.0522389645816301
862.6|1.0|0.88|0.0|0|-0.439634088269086|-0.879268176538172|-1.3189022648072581|-1.758536353076344
862.8|1.0|0.88|0.0|0|0.2360330555343537|0.4720661110687074|0.708099166603061|0.9441322221374148
863.0|1.0|0.88|0.0|0|0.2558526249235731|0.5117052498471462|0.7675578747707194|1.0234104996942923
863.2|1.0|0.88|0.0|0|-0.05675604055810259|-0.11351208111620519|-0.17026812167430777|-0.22702416223241037
863.4|1.0|0.88|0.0|0|0.08702592836227276|0.1740518567245455|0.2610777850868183|0.348103713449091
863.6|1.0|0.88|0.0|0|0.15279086378810475|0.3055817275762095|0.45837259136431424|0.611163455152419
863.8|1.0|0.88|0.0|0|-0.37693217634165227|-0.7538643526833045|-1.1307965290249569|-1.507728705366609
864.0|1.0|0.88|0.0|0|-0.19513267150789051|-0.39026534301578103|-0.5853980145236716|-0.7805306860315621
864.2|1.0|0.88|0.0|0|0.2008983647683637|0.4017967295367274|0.6026950943050912|0.8035934590734548
864.4|1.0|0.88|0.0|0|0.27837486309144904|0.5567497261828981|0.8351245892743471|1.1134994523657962
864.6|1.0|0.88|0.0|0|0.396751746120863|0.793503492241726|1.190255238362589|1.587006984483452
864.8|1.0|0.88|0.0|0|-0.36936470563290674|-0.7387294112658135|-1.1080941168987202|-1.477458822531627
865.0|1.0|0.88|0.0|0|-0.24846533119329273|-0.49693066238658545|-0.7453959935798782|-0.9938613247731709
865.2|1.0|0.88|0.0|0|0.029008641724940415|0.05801728344988083|0.08702592517482124|0.11603456689976166
865.4|1.0|0.88|0.0|0|0.36215758837759526|0.7243151767551905|1.086472765132786|1.448630353510381
865.6|1.0|0.88|0.0|0|0.21531259601644726|0.4306251920328945|0.6459377880493418|0.861250384065789
865.8|1.0|0.88|0.0|0|0.02126099204062486|0.04252198408124972|0.06378297612187458|0.08504396816249944
866.0|1.0|0.88|0.0|0|0.3891842742267185|0.778368548453437|1.1675528226801555|1.556737096906874
866.2|1.0|0.88|0.0|0|-0.31386991069710374|-0.6277398213942075|-0.9416097320913113|-1.255479642788415
866.4|1.0|0.88|0.0|0|-0.1499080162009342|-0.2998160324018684|-0.44972404860280263|-0.5996320648037368
866.6|1.0|0.88|0.0|0|0.47765162577299675|0.9553032515459935|1.4329548773189902|1.910606503091987
866.8|1.0|0.88|0.0|0|-0.026486152027791855|-0.05297230405558371|-0.07945845608337557|-0.10594460811116742
867.0|1.0|0.88|0.0|0|0.13747574121865921|0.27495148243731843|0.41242722365597767|0.5499029648746369
867.2|1.0|0.88|0.0|0|0.4803542947748797|0.9607085895497594|1.441062884324639|1.9214171790995187
867.4|1.0|0.88|0.0|0|0.23333038621553007|0.46666077243106013|0.6999911586465902|0.9333215448621203
867.6|1.0|0.88|0.0|0|0.31386990953731614|0.6277398190746323|0.9416097286119484|1.2554796381492646
867.8|1.0|0.88|0.0|0|0.05675603998650336|0.11351207997300672|0.17026811995951008|0.22702415994601344
868.0|1.0|0.88|0.0|0|0.11549403677607198|0.23098807355214396|0.34648211032821596|0.4619761471042879
868.2|1.0|0.88|0.0|0|-0.031531132311502036|-0.06306226462300407|-0.09459339693450611|-0.12612452924600814
868.4|1.0|0.88|0.0|0|0.02396366266126281|0.04792732532252562|0.07189098798378843|0.09585465064505123
868.6|1.0|0.88|0.0|0|-0.026486152104917005|-0.05297230420983401|-0.07945845631475101|-0.10594460841966802
868.8|1.0|0.88|0.0|0|-0.1799977271445097|-0.3599954542890194|-0.5399931814335291|-0.7199909085780388
869.0|1.0|0.88|0.0|0|0.08486379315785605|0.1697275863157121|0.2545913794735682|0.3394551726314242
869.2|1.0|0.88|0.0|0|0.08720610605436385|0.1744122121087277|0.26161831816309156|0.3488244242174554
869.4|1.0|0.88|0.0|0|0.08450343714241179|0.16900687428482358|0.25351031142723535|0.33801374856964717
869.6|1.0|0.88|0.0|0|-0.10450318490824438|-0.20900636981648876|-0.31350955472473313|-0.4180127396329775
869.8|1.0|0.88|0.0|0|0.1882859105747777|0.3765718211495554|0.5648577317243331|0.7531436422991108
870.0|1.0|0.88|0.0|0|0.33152734459523375|0.6630546891904675|0.9945820337857012|1.326109378380935
870.2|1.0|0.88|0.0|0|-0.2255827375856463|-0.4511654751712926|-0.6767482127569389|-0.9023309503425851
870.4|1.0|0.88|0.0|0|-0.2405375023520903|-0.4810750047041806|-0.7216125070562709|-0.9621500094083612
870.6|1.0|0.88|0.0|0|0.09639517920324588|0.19279035840649175|0.28918553760973764|0.3855807168129835
870.8|1.0|0.88|0.0|0|-0.2708073909563248|-0.5416147819126496|-0.8124221728689743|-1.0832295638252991
871.0|1.0|0.88|0.0|0|0.12954791389522155|0.2590958277904431|0.3886437416856646|0.5181916555808862
871.2|1.0|0.88|0.0|0|-0.04630572175112324|-0.09261144350224648|-0.13891716525336972|-0.18522288700449296
871.4|1.0|0.88|0.0|0|-0.2106279713573169|-0.4212559427146338|-0.6318839140719507|-0.8425118854292676
871.6|1.0|0.88|0.0|0|0.22774487090326168|0.45548974180652335|0.683234612709785|0.9109794836130467
871.8|1.0|0.88|0.0|0|0.45999419106170575|0.9199883821234115|1.3799825731851172|1.839976764246823
872.0|1.0|0.88|0.0|0|0.053873193490435414|0.10774638698087083|0.16161958047130626|0.21549277396174166
872.2|1.0|0.88|0.0|0|0.11008869950339441|0.22017739900678882|0.33026609851018324|0.44035479801357763
872.4|1.0|0.88|0.0|0|0.31116724167775855|0.6223344833555171|0.9335017250332757|1.2446689667110342
872.6|1.0|0.88|0.0|0|0.47026433188875716|0.9405286637775143|1.4107929956662715|1.8810573275550286
872.8|1.0|0.88|0.0|0|-0.008468362006242394|-0.016936724012484788|-0.025405086018727183|-0.033873448024969575
873.0|1.0|0.88|0.0|0|0.07981881206040278|0.15963762412080557|0.23945643618120832|0.31927524824161113
873.2|1.0|0.88|0.0|0|-0.4526068977470281|-0.9052137954940562|-1.3578206932410843|-1.8104275909881125
873.4|1.0|0.88|0.0|0|-0.08450343728269225|-0.1690068745653845|-0.25351031184807676|-0.338013749130769
873.6|1.0|0.88|0.0|0|-0.2181954425232836|-0.4363908850465672|-0.6545863275698508|-0.8727817700931344
873.8|1.0|0.88|0.0|0|0.20900636840582612|0.41801273681165224|0.6270191052174783|0.8360254736233045
874.0|1.0|0.88|0.0|0|0.23278985199052862|0.46557970398105725|0.6983695559715858|0.9311594079621145
874.2|1.0|0.88|0.0|0|-0.29062696035602154|-0.5812539207120431|-0.8718808810680647|-1.1625078414240861
874.4|1.0|0.88|0.0|0|0.03891842668235771|0.07783685336471542|0.11675528004707313|0.15567370672943084
874.6|1.0|0.88|0.0|0|-0.29116749323933644|-0.5823349864786729|-0.8735024797180093|-1.1646699729573458
874.8|1.0|0.88|0.0|0|-0.1477458823806957|-0.2954917647613914|-0.443237647142087|-0.5909835295227828
875.0|1.0|0.88|0.0|0|-0.005945870480209128|-0.011891740960418257|-0.017837611440627385|-0.023783481920836513
875.2|1.0|0.88|0.0|0|0.021801526694907827|0.043603053389815655|0.06540458008472348|0.08720610677963131
875.4|1.0|0.88|0.0|0|-0.07441347480576958|-0.14882694961153917|-0.22324042441730874|-0.29765389922307833
875.6|1.0|0.88|0.0|0|-0.22828540421120144|-0.4565708084224029|-0.6848562126336043|-0.9131416168448058
875.8|1.0|0.88|0.0|0|0.29927550005901166|0.5985510001180233|0.897826500177035|1.1971020002360466
876.0|1.0|0.88|0.0|0|0.05675604080170165|0.1135120816034033|0.17026812240510494|0.2270241632068066
876.2|1.0|0.88|0.0|0|0.036395936276821916|0.07279187255364383|0.10918780883046575|0.14558374510728767
876.4|1.0|0.88|0.0|0|-0.09405286517605427|-0.18810573035210854|-0.2821585955281628|-0.37621146070421707
876.6|1.0|0.88|0.0|0|-0.12990826858236698|-0.25981653716473396|-0.38972480574710094|-0.5196330743294679
876.8|1.0|0.88|0.0|0|-0.4017967275899722|-0.8035934551799444|-1.2053901827699167|-1.6071869103598888
877.0|1.0|0.88|0.0|0|-0.17999772602401223|-0.35999545204802447|-0.5399931780720367|-0.7199909040960489
877.2|1.0|0.88|0.0|0|-0.1450432138546604|-0.2900864277093208|-0.4351296415639812|-0.5801728554186416
877.4|1.0|0.88|0.0|0|-0.17279061074485086|-0.3455812214897017|-0.5183718322345526|-0.6911624429794034
877.6|1.0|0.88|0.0|0|-0.19999747397232587|-0.39999494794465174|-0.5999924219169775|-0.7999898958893035
877.8|1.0|0.88|0.0|0|-0.2781946853784032|-0.5563893707568064|-0.8345840561352096|-1.1127787415136128
878.0|1.0|0.88|0.0|0|0.17477256798127216|0.34954513596254433|0.5243177039438165|0.6990902719250887
878.2|1.0|0.88|0.0|0|0.026666329888976204|0.05333265977795241|0.0799989896669286|0.10666531955590482
878.4|1.0|0.88|0.0|0|0.6998109825691796|1.3996219651383592|2.099432947707539|2.7992439302767185
878.6|1.0|0.88|0.0|0|-0.2632399185924444|-0.5264798371848888|-0.7897197557773332|-1.0529596743697776
878.8|1.0|0.88|0.0|0|0.05423354896338429|0.10846709792676858|0.16270064689015284|0.21693419585353715
879.0|1.0|0.88|0.0|0|0.281077531645424|0.562155063290848|0.8432325949362719|1.124310126581696
879.2|1.0|0.88|0.0|0|0.08738628456252635|0.1747725691250527|0.262158853687579|0.3495451382501054
879.4|1.0|0.88|0.0|0|0.37440968568145794|0.7488193713629159|1.123229057044374|1.4976387427258318
879.6|1.0|0.88|0.0|0|0.36431972417543906|0.7286394483508781|1.0929591725263172|1.4572788967017563
879.8|1.0|0.88|0.0|0|0.3365723259295922|0.6731446518591844|1.0097169777887767|1.3462893037183687
880.0|1.0|0.88|0.0|0|0.6017942018710897|1.2035884037421793|1.8053826056132691|2.4071768074843587
880.2|1.0|0.88|0.0|0|-0.14216036653844652|-0.28432073307689304|-0.4264810996153396|-0.5686414661537861
880.4|1.0|0.88|0.0|0|0.0036035575935966365|0.007207115187193273|0.01081067278078991|0.014414230374386546
880.6|1.0|0.88|0.0|0|0.0567560394070461|0.1135120788140922|0.1702681182211383|0.2270241576281844
880.8|1.0|0.88|0.0|0|-0.5201736113120573|-1.0403472226241146|-1.560520833936172|-2.080694445248229
881.0|1.0|0.88|0.0|0|0.8657548325925025|1.731509665185005|2.5972644977775077|3.46301933037001
881.2|1.0|0.88|0.0|0|0.011711565071018424|0.023423130142036848|0.03513469521305527|0.046846260284073696
881.4|1.0|0.88|0.0|0|-0.00270266765408451|-0.00540533530816902|-0.00810800296225353|-0.01081067061633804
881.6|1.0|0.88|0.0|0|0.23423127781628886|0.4684625556325777|0.7026938334488665|0.9369251112651554
881.8|1.0|0.88|0.0|0|-0.12396239830530259|-0.24792479661060518|-0.37188719491590777|-0.49584959322121036
882.0|1.0|0.88|0.0|0|-0.1171156380645699|-0.2342312761291398|-0.35134691419370967|-0.4684625522582796
882.2|1.0|0.88|0.0|0|-0.3136897321059953|-0.6273794642119906|-0.941069196317986|-1.2547589284239813
882.4|1.0|0.88|0.0|0|-0.1699077637921438|-0.3398155275842876|-0.5097232913764315|-0.6796310551685752
882.6|1.0|0.88|0.0|0|-0.4041390406969007|-0.8082780813938014|-1.212417122090702|-1.6165561627876028
882.8|1.0|0.88|0.0|0|0.14774588226253413|0.29549176452506826|0.44323764678760236|0.5909835290501365
883.0|1.0|0.88|0.0|0|-0.21765490850724764|-0.4353098170144953|-0.6529647255217429|-0.8706196340289906
883.2|1.0|0.88|0.0|0|-0.10450318645278467|-0.20900637290556934|-0.313509559358354|-0.4180127458111387
883.4|1.0|0.88|0.0|0|0.18522288733656767|0.37044577467313533|0.555668662009703|0.7408915493462707
883.6|1.0|0.88|0.0|0|0.17044829813617995|0.3408965962723599|0.5113448944085398|0.6817931925447198
883.8|1.0|0.88|0.0|0|-0.44233675599243766|-0.8846735119848753|-1.327010267977313|-1.7693470239697506
884.0|1.0|0.88|0.0|0|-0.2657624099456009|-0.5315248198912018|-0.7972872298368027|-1.0630496397824036
884.2|1.0|0.88|0.0|0|0.8511604211194216|1.7023208422388432|2.5534812633582646|3.4046416844776863
884.4|1.0|0.88|0.0|0|-0.06396315649530157|-0.12792631299060314|-0.19188946948590474|-0.2558526259812063
884.6|1.0|0.88|0.0|0|-0.18684448826679745|-0.3736889765335949|-0.5605334648003923|-0.7473779530671898
884.8|1.0|0.88|0.0|0|-0.001261244712804911|-0.002522489425609822|-0.0037837341384147328|-0.005044978851219644
885.0|1.0|0.88|0.0|0|-0.45675098844862116|-0.9135019768972423|-1.3702529653458635|-1.8270039537944847
885.2|1.0|0.88|0.0|0|0.04216162962315142|0.08432325924630284|0.12648488886945428|0.16864651849260567
885.4|1.0|0.88|0.0|0|0.11531385906215302|0.23062771812430605|0.34594157718645907|0.4612554362486121
885.6|1.0|0.88|0.0|0|0.06684600205800968|0.13369200411601936|0.20053800617402903|0.26738400823203873
885.8|1.0|0.88|0.0|0|0.07171080591069774|0.14342161182139548|0.2151324177320932|0.28684322364279097
886.0|1.0|0.88|0.0|0|-0.1801779049116887|-0.3603558098233774|-0.5405337147350661|-0.7207116196467548
886.2|1.0|0.88|0.0|0|-0.024143838617310415|-0.04828767723462083|-0.07243151585193125|-0.09657535446924166
886.4|1.0|0.88|0.0|0|-0.29098731701989916|-0.5819746340397983|-0.8729619510596975|-1.1639492680795966
886.6|1.0|0.88|0.0|0|0.17080865337688025|0.3416173067537605|0.5124259601306408|0.683234613507521
886.8|1.0|0.88|0.0|0|-0.18288057389407203|-0.36576114778814406|-0.548641721682216|-0.7315222955762881
887.0|1.0|0.88|0.0|0|0.17243025526724537|0.34486051053449074|0.5172907658017362|0.6897210210689815
887.2|1.0|0.88|0.0|0|0.38720231723855286|0.7744046344771057|1.1616069517156584|1.5488092689542114
887.4|1.0|0.88|0.0|0|0.44467906884499864|0.8893581376899973|1.334037206534996|1.7787162753799945
887.6|1.0|0.88|0.0|0|0.3949499681469755|0.789899936293951|1.1848499044409264|1.579799872587902
887.8|1.0|0.88|0.0|0|0.17243025582109128|0.34486051164218257|0.5172907674632738|0.6897210232843651
888.0|1.0|0.88|0.0|0|-0.21026761542656477|-0.42053523085312955|-0.6308028462796943|-0.8410704617062591
888.2|1.0|0.88|0.0|0|0.43963408815005134|0.8792681763001027|1.318902264450154|1.7585363526002054
888.4|1.0|0.88|0.0|0|0.0009008903242647655|0.001801780648529531|0.002702670972794297|0.003603561297059062
888.6|1.0|0.88|0.0|0|-0.12738577710319088|-0.25477155420638176|-0.3821573313095727|-0.5095431084127635
888.8|1.0|0.88|0.0|0|0.28179824340593795|0.5635964868118759|0.8453947302178138|1.1271929736237518
889.0|1.0|0.88|0.0|0|0.316032045913162|0.632064091826324|0.948096137739486|1.264128183652648
889.2|1.0|0.88|0.0|0|-0.2504472881095719|-0.5008945762191438|-0.7513418643287156|-1.0017891524382876
889.4|1.0|0.88|0.0|0|0.389364452127193|0.778728904254386|1.168093356381579|1.557457808508772
889.6|1.0|0.88|0.0|0|-0.09981855913298214|-0.19963711826596428|-0.2994556773989464|-0.39927423653192856
889.8|1.0|0.88|0.0|0|0.6837751488442888|1.3675502976885776|2.0513254465328665|2.735100595377155
890.0|1.0|0.88|0.0|0|-0.4576518786055389|-0.9153037572110778|-1.3729556358166168|-1.8306075144221556
890.2|1.0|0.88|0.0|0|-0.06180102180311229|-0.12360204360622458|-0.18540306540933688|-0.24720408721244916
890.4|1.0|0.88|0.0|0|-0.10684549822937707|-0.21369099645875414|-0.3205364946881312|-0.4273819929175083
890.6|1.0|0.88|0.0|0|0.061260487964318655|0.12252097592863731|0.18378146389295597|0.24504195185727462
890.8|1.0|0.88|0.0|0|0.2533301337921878|0.5066602675843755|0.7599904013765634|1.013320535168751
891.0|1.0|0.88|0.0|0|0.2030604988496636|0.4061209976993272|0.6091814965489908|0.8122419953986544
891.2|1.0|0.88|0.0|0|0.029368997801793764|0.05873799560358753|0.08810699340538129|0.11747599120717506
891.4|1.0|0.88|0.0|0|-0.4526068981847497|-0.9052137963694994|-1.357820694554249|-1.8104275927389988
891.6|1.0|0.88|0.0|0|-0.07441347487882019|-0.14882694975764038|-0.22324042463646057|-0.29765389951528076
891.8|1.0|0.88|0.0|0|-0.19567320491594745|-0.3913464098318949|-0.5870196147478424|-0.7826928196637898
892.0|1.0|0.88|0.0|0|0.34161730700259824|0.6832346140051965|1.0248519210077949|1.366469228010393
892.2|1.0|0.88|0.0|0|-0.2965728321202917|-0.5931456642405833|-0.8897184963608751|-1.1862913284811667
892.4|1.0|0.88|0.0|0|-0.4349494617516761|-0.8698989235033522|-1.3048483852550283|-1.7397978470067044
892.6|1.0|0.88|0.0|0|0.4902640797381177|0.9805281594762354|1.470792239214353|1.9610563189524708
892.8|1.0|0.88|0.0|0|0.1677456281348715|0.335491256269743|0.5032368844046146|0.670982512539486
893.0|1.0|0.88|0.0|0|0.5028765321962424|1.0057530643924848|1.508629596588727|2.0115061287849696
893.2|1.0|0.88|0.0|0|0.6271992866284569|1.2543985732569138|1.8815978598853706|2.5087971465138277
893.4|1.0|0.88|0.0|0|0.009008895444567323|0.018017790889134647|0.02702668633370197|0.03603558177826929
893.6|1.0|0.88|0.0|0|-0.36107652139966406|-0.7221530427993281|-1.0832295641989922|-1.4443060855986563
893.8|1.0|0.88|0.0|0|-0.07423329732089776|-0.1484665946417955|-0.22269989196269327|-0.296933189283591
894.0|1.0|0.88|0.0|0|0.3668422144209038|0.7336844288418076|1.1005266432627114|1.4673688576836152
894.2|1.0|0.88|0.0|0|1.201606447295054|2.403212894590108|3.604819341885162|4.806425789180216
894.4|1.0|0.88|0.0|0|0.2861225135214047|0.5722450270428094|0.8583675405642142|1.1444900540856189
894.6|1.0|0.88|0.0|0|0.170808654233697|0.341617308467394|0.5124259627010911|0.683234616934788
894.8|1.0|0.88|0.0|0|-0.09945820303284572|-0.19891640606569144|-0.29837460909853714|-0.3978328121313829
895.0|1.0|0.88|0.0|0|0.29675300917850134|0.5935060183570027|0.890259027535504|1.1870120367140053
895.2|1.0|0.88|0.0|0|0.5513443885548627|1.1026887771097253|1.6540331656645881|2.2053775542194507
895.4|1.0|0.88|0.0|0|0.39963459297170667|0.7992691859434133|1.19890377891512|1.5985383718868267
895.6|1.0|0.88|0.0|0|-0.01621601228573128|-0.03243202457146256|-0.04864803685719384|-0.06486404914292512
895.8|1.0|0.88|0.0|0|0.18846608925872732|0.37693217851745464|0.565398267776182|0.7538643570349093
896.0|1.0|0.88|0.0|0|-0.13477307344408485|-0.2695461468881697|-0.40431922033225454|-0.5390922937763394
896.2|1.0|0.88|0.0|0|-0.10918781108543053|-0.21837562217086107|-0.3275634332562916|-0.43675124434172213
896.4|1.0|0.88|0.0|0|-0.33116698887519336|-0.6623339777503867|-0.9935009666255801|-1.3246679555007734
896.6|1.0|0.88|0.0|0|0.10702567540603933|0.21405135081207866|0.32107702621811796|0.4281027016241573
896.8|1.0|0.88|0.0|0|0.17279061126901085|0.3455812225380217|0.5183718338070326|0.6911624450760434
897.0|1.0|0.88|0.0|0|0.01891867971862668|0.03783735943725336|0.05675603915588004|0.07567471887450672
897.2|1.0|0.88|0.0|0|0.21333064012695122|0.42666128025390243|0.6399919203808537|0.8533225605078049
897.4|1.0|0.88|0.0|0|0.08990877490752618|0.17981754981505235|0.2697263247225785|0.3596350996301047
897.6|1.0|0.88|0.0|0|0.44485924633569124|0.8897184926713825|1.3345777390070737|1.779436985342765
897.8|1.0|0.88|0.0|0|0.34666228957037704|0.6933245791407541|1.039986868711131|1.3866491582815081
898.0|1.0|0.88|0.0|0|-0.22756469458312514|-0.4551293891662503|-0.6826940837493755|-0.9102587783325006
898.2|1.0|0.88|0.0|0|-0.00108106737403432|-0.00216213474806864|-0.0032432021221029603|-0.00432426949613728
898.4|1.0|0.88|0.0|0|-0.1553133545033053|-0.3106267090066106|-0.4659400635099159|-0.6212534180132212
898.6|1.0|0.88|0.0|0|0.00612604843860027|0.01225209687720054|0.01837814531580081|0.02450419375440108
898.8|1.0|0.88|0.0|0|0.16738527368404918|0.33477054736809836|0.5021558210521475|0.6695410947361967
899.0|1.0|0.88|0.0|0|0.4884623006085171|0.9769246012170342|1.4653869018255514|1.9538492024340683
899.2|1.0|0.88|0.0|0|-0.40215708409086837|-0.8043141681817367|-1.206471252272605|-1.6086283363634735
899.4|1.0|0.88|0.0|0|0.13693520803528383|0.27387041607056767|0.41080562410585153|0.5477408321411353
899.6|1.0|0.88|0.0|0|0.24324017104983817|0.48648034209967633|0.7297205131495145|0.9729606841993527
899.8|1.0|0.88|0.0|0|0.33170752204227055|0.6634150440845411|0.9951225661268117|1.3268300881690822
900.0|1.0|0.88|0.0|0|-0.15495299823000108|-0.30990599646000216|-0.4648589946900033|-0.6198119929200043
900.2|1.0|0.88|0.0|0|-0.187385021231312|-0.374770042462624|-0.562155063693936|-0.749540084925248
900.4|1.0|0.88|0.0|0|0.003963914472260516|0.007927828944521032|0.011891743416781548|0.015855657889042064
900.6|1.0|0.88|0.0|0|0.5129664954717741|1.0259329909435482|1.5388994864153225|2.0518659818870963
900.8|1.0|0.88|0.0|0|-0.45729152223502795|-0.9145830444700559|-1.3718745667050838|-1.8291660889401118
901.0|1.0|0.88|0.0|0|-0.41188669102557507|-0.8237733820511501|-1.235660073076725|-1.6475467641023003
901.2|1.0|0.88|0.0|0|-0.008288183094700806|-0.01657636618940161|-0.02486454928410242|-0.03315273237880322
901.4|1.0|0.88|0.0|0|0.30630243758292663|0.6126048751658533|0.9189073127487799|1.2252097503317065
901.6|1.0|0.88|0.0|0|0.6967479580003425|1.393495916000685|2.0902438740010276|2.78699183200137
901.8|1.0|0.88|0.0|0|-0.06414333466207614|-0.12828666932415228|-0.19243000398622842|-0.25657333864830456
902.0|1.0|0.88|0.0|0|0.1927903579548003|0.3855807159096006|0.5783710738644009|0.7711614318192012
902.2|1.0|0.88|0.0|0|-0.1599979784135941|-0.3199959568271882|-0.47999393524078227|-0.6399919136543764
902.4|1.0|0.88|0.0|0|0.35422976145346213|0.7084595229069243|1.0626892843603863|1.4169190458138485
902.6|1.0|0.88|0.0|0|0.018918680258793775|0.03783736051758755|0.05675604077638132|0.0756747210351751
902.8|1.0|0.88|0.0|0|-0.3536892267604711|-0.7073784535209422|-1.0610676802814132|-1.4147569070418844
903.0|1.0|0.88|0.0|0|-0.01621601175924299|-0.03243202351848598|-0.048648035277728964|-0.06486404703697196
903.2|1.0|0.88|0.0|0|-0.21026761533197733|-0.42053523066395465|-0.630802845995932|-0.8410704613279093
903.4|1.0|0.88|0.0|0|0.26378045203950046|0.5275609040790009|0.7913413561185014|1.0551218081580018
903.6|1.0|0.88|0.0|0|0.4601743695343616|0.9203487390687232|1.3805231086030847|1.8406974781374463
903.8|1.0|0.88|0.0|0|-0.38125644651299845|-0.7625128930259969|-1.1437693395389952|-1.5250257860519938
904.0|1.0|0.88|0.0|0|0.12756595599086734|0.2551319119817347|0.382697867972602|0.5102638239634694
904.2|1.0|0.88|0.0|0|-0.005765692423447041|-0.011531384846894081|-0.017297077270341122|-0.023062769693788163
904.4|1.0|0.88|0.0|0|0.2583751156574001|0.5167502313148002|0.7751253469722003|1.0335004626296005
904.6|1.0|0.88|0.0|0|0.2859423347667328|0.5718846695334656|0.8578270043001983|1.1437693390669312
904.8|1.0|0.88|0.0|0|0.41747220548015357|0.8349444109603071|1.2524166164404607|1.6698888219206143
905.0|1.0|0.88|0.0|0|-0.1625204701998156|-0.3250409403996312|-0.4875614105994468|-0.6500818807992624
905.2|1.0|0.88|0.0|0|0.15783584407909088|0.31567168815818175|0.47350753223727265|0.6313433763163635
905.4|1.0|0.88|0.0|0|-0.0010810676909750337|-0.0021621353819500674|-0.003243203072925101|-0.004324270763900135
905.6|1.0|0.88|0.0|0|0.05963888621801749|0.11927777243603498|0.17891665865405246|0.23855554487206995
905.8|1.0|0.88|0.0|0|0.3940490777191011|0.7880981554382022|1.1821472331573033|1.5761963108764043
906.0|1.0|0.88|0.0|0|-0.22071793180919505|-0.4414358636183901|-0.6621537954275851|-0.8828717272367802
906.2|1.0|0.88|0.0|0|-0.621613771077246|-1.243227542154492|-1.864841313231738|-2.486455084308984
906.4|1.0|0.88|0.0|0|-0.3866617827955637|-0.7733235655911274|-1.159985348386691|-1.5466471311822547
906.6|1.0|0.88|0.0|0|0.012071919607988103|0.024143839215976206|0.036215758823964314|0.04828767843195241
906.8|1.0|0.88|0.0|0|-0.07153062891709858|-0.14306125783419715|-0.21459188675129573|-0.2861225156683943
907.0|1.0|0.88|0.0|0|-0.14234054487227707|-0.28468108974455414|-0.42702163461683124|-0.5693621794891083
907.2|1.0|0.88|0.0|0|0.13261093719775102|0.26522187439550204|0.39783281159325307|0.5304437487910041
907.4|1.0|0.88|0.0|0|-0.24540230633429042|-0.49080461266858083|-0.7362069190028712|-0.9816092253371617
907.6|1.0|0.88|0.0|0|0.22324042401916833|0.44648084803833665|0.669721272057505|0.8929616960766733
907.8|1.0|0.88|0.0|0|0.18053826056100677|0.36107652112201355|0.5416147816830204|0.7221530422440271
908.0|1.0|0.88|0.0|0|0.0693684939271771|0.1387369878543542|0.20810548178153132|0.2774739757087084
908.2|1.0|0.88|0.0|0|-0.033873446684738184|-0.06774689336947637|-0.10162034005421455|-0.13549378673895274
908.4|1.0|0.88|0.0|0|0.45548974329198283|0.9109794865839657|1.3664692298759487|1.8219589731679313
908.6|1.0|0.88|0.0|0|-0.07909809999866418|-0.15819619999732837|-0.23729429999599255|-0.31639239999465674
908.8|1.0|0.88|0.0|0|0.5715243149461463|1.1430486298922926|1.7145729448384388|2.2860972597845852
909.0|1.0|0.88|0.0|0|0.15297104090743247|0.30594208181486493|0.4589131227222974|0.6118841636297299
909.2|1.0|0.88|0.0|0|-0.6495413460669812|-1.2990826921339624|-1.9486240382009437|-2.598165384267925
909.4|1.0|0.88|0.0|0|0.11189047849184144|0.2237809569836829|0.33567143547552436|0.4475619139673658
909.6|1.0|0.88|0.0|0|-0.29062696021632317|-0.5812539204326463|-0.8718808806489695|-1.1625078408652927
909.8|1.0|0.88|0.0|0|0.6918831552556373|1.3837663105112745|2.075649465766912|2.767532621022549
910.0|1.0|0.88|0.0|0|0.48269660729216457|0.9653932145843291|1.4480898218764937|1.9307864291686583
910.2|1.0|0.88|0.0|0|-0.04432376421522353|-0.08864752843044706|-0.1329712926456706|-0.1772950568608941
910.4|1.0|0.88|0.0|0|0.04684625500434781|0.09369251000869562|0.14053876501304344|0.18738502001739124
910.6|1.0|0.88|0.0|0|0.1320704037041288|0.2641408074082576|0.39621121111238644|0.5282816148165153
910.8|1.0|0.88|0.0|0|0.3290048548905182|0.6580097097810363|0.9870145646715546|1.3160194195620727
911.0|1.0|0.88|0.0|0|0.2639606301131428|0.5279212602262856|0.7918818903394284|1.0558425204525712
911.2|1.0|0.88|0.0|0|0.0569362174510025|0.113872434902005|0.1708086523530075|0.22774486980401
911.4|1.0|0.88|0.0|0|0.1933308920022684|0.3866617840045368|0.5799926760068052|0.7733235680090736
911.6|1.0|0.88|0.0|0|-0.3870221383907486|-0.7740442767814972|-1.1610664151722458|-1.5480885535629945
911.8|1.0|0.88|0.0|0|-0.006126048495352739|-0.012252096990705478|-0.018378145486058216|-0.024504193981410956
912.0|1.0|0.88|0.0|0|-0.02360330580180746|-0.04720661160361492|-0.07080991740542238|-0.09441322320722983
912.2|1.0|0.88|0.0|0|0.47080486542137845|0.9416097308427569|1.4124145962641355|1.8832194616855138
912.4|1.0|0.88|0.0|0|-0.06378297842282342|-0.12756595684564684|-0.19134893526847024|-0.2551319136912937
912.6|1.0|0.88|0.0|0|0.31621222415182304|0.6324244483036461|0.948636672455469|1.2648488966072922
912.8|1.0|0.88|0.0|0|-0.23080789586878403|-0.46161579173756806|-0.6924236876063521|-0.9232315834751361
913.0|1.0|0.88|0.0|0|0.7958458061012795|1.591691612202559|2.3875374183038387|3.183383224405118
913.2|1.0|0.88|0.0|0|-0.023783483332081252|-0.047566966664162505|-0.07135044999624376|-0.09513393332832501
913.4|1.0|0.88|0.0|0|0.16252046969690143|0.32504093939380285|0.4875614090907043|0.6500818787876057
913.6|1.0|0.88|0.0|0|0.2735100601179877|0.5470201202359753|0.8205301803539631|1.0940402404719507
913.8|1.0|0.88|0.0|0|-0.3216175607117478|-0.6432351214234956|-0.9648526821352433|-1.2864702428469912
914.0|1.0|0.88|0.0|0|-0.2935098070598908|-0.5870196141197817|-0.8805294211796726|-1.1740392282395633
914.2|1.0|0.88|0.0|0|0.0915303759553354|0.1830607519106708|0.27459112786600626|0.3661215038213416
914.4|1.0|0.88|0.0|0|-0.5232366345182532|-1.0464732690365064|-1.5697099035547595|-2.092946538073013
914.6|1.0|0.88|0.0|0|-0.33423001217568554|-0.6684600243513711|-1.0026900365270566|-1.3369200487027422
914.8|1.0|0.88|0.0|0|0.011351208034029706|0.022702416068059412|0.03405362410208912|0.045404832136118824
915.0|1.0|0.88|0.0|0|0.13225058197305783|0.26450116394611567|0.39675174591917345|0.5290023278922313
915.2|1.0|0.88|0.0|0|0.041440918143780474|0.08288183628756095|0.12432275443134141|0.1657636725751219
915.4|1.0|0.88|0.0|0|-0.6041365144043817|-1.2082730288087633|-1.812409543213145|-2.4165460576175266
915.6|1.0|0.88|0.0|0|-0.005945869089046033|-0.011891738178092066|-0.017837607267138098|-0.023783476356184132
915.8|1.0|0.88|0.0|0|0.2126099280582277|0.4252198561164554|0.6378297841746832|0.8504397122329108
916.0|1.0|0.88|0.0|0|0.16035833474394182|0.32071666948788363|0.4810750042318254|0.6414333389757673
916.2|1.0|0.88|0.0|0|-0.15999797861062703|-0.31999595722125407|-0.4799939358318811|-0.6399919144425081
916.4|1.0|0.88|0.0|0|0.1574754890459009|0.3149509780918018|0.4724264671377027|0.6299019561836036
916.6|1.0|0.88|0.0|0|-0.01855832473025659|-0.03711664946051318|-0.05567497419076976|-0.07423329892102636
916.8|1.0|0.88|0.0|0|0.5304437524313111|1.0608875048626223|1.5913312572939335|2.1217750097252446
917.0|1.0|0.88|0.0|0|0.38972480858617964|0.7794496171723593|1.1691744257585388|1.5588992343447186
917.2|1.0|0.88|0.0|0|-0.3235995175200517|-0.6471990350401035|-0.9707985525601552|-1.294398070080207
917.4|1.0|0.88|0.0|0|0.49026407991856147|0.9805281598371229|1.4707922397556845|1.9610563196742459
917.6|1.0|0.88|0.0|0|-0.06954867159540305|-0.1390973431908061|-0.20864601478620917|-0.2781946863816122
917.8|1.0|0.88|0.0|0|-0.2760325504423238|-0.5520651008846476|-0.8280976513269714|-1.104130201769295
918.0|1.0|0.88|0.0|0|0.0156754772088607|0.0313509544177214|0.04702643162658209|0.0627019088354428
918.2|1.0|0.88|0.0|0|0.7677380524697953|1.5354761049395906|2.303214157409386|3.0709522098791813
918.4|1.0|0.88|0.0|0|-0.5435967378184438|-1.0871934756368875|-1.6307902134553312|-2.174386951273775
918.6|1.0|0.88|0.0|0|-0.3589143857714956|-0.7178287715429912|-1.0767431573144868|-1.4356575430859824
918.8|1.0|0.88|0.0|0|0.7145855713219504|1.4291711426439009|2.1437567139658515|2.8583422852878018
919.0|1.0|0.88|0.0|0|0.8816104881363579|1.7632209762727158|2.644831464409074|3.5264419525454316
919.2|1.0|0.88|0.0|0|-0.43711159784783415|-0.8742231956956683|-1.3113347935435025|-1.7484463913913366
919.4|1.0|0.88|0.0|0|-0.42918376889603715|-0.8583675377920743|-1.2875513066881115|-1.7167350755841486
919.6|1.0|0.88|0.0|0|-0.07927827793173499|-0.15855655586346998|-0.23783483379520498|-0.31711311172693996
919.8|1.0|0.88|0.0|0|0.05909835337486589|0.11819670674973178|0.17729506012459767|0.23639341349946355
920.0|1.0|0.88|0.0|0|-0.1499080168901129|-0.2998160337802258|-0.4497240506703387|-0.5996320675604516
920.2|1.0|0.88|0.0|0|0.7124234356536187|1.4248468713072373|2.1372703069608563|2.8496937426144746
920.4|1.0|0.88|0.0|0|0.1351334284892074|0.2702668569784148|0.40540028546762225|0.5405337139568296
920.6|1.0|0.88|0.0|0|0.39675174618372727|0.7935034923674545|1.1902552385511818|1.587006984734909
920.8|1.0|0.88|0.0|0|-0.16216011343000006|-0.3243202268600001|-0.48648034029000015|-0.6486404537200002
921.0|1.0|0.88|0.0|0|0.04180127437139167|0.08360254874278333|0.125403823114175|0.16720509748556667
921.2|1.0|0.88|0.0|0|0.45080511764477743|0.9016102352895549|1.3524153529343323|1.8032204705791097
921.4|1.0|0.88|0.0|0|-0.03873824927170066|-0.07747649854340131|-0.11621474781510198|-0.15495299708680263
921.6|1.0|0.88|0.0|0|-0.3086447510999281|-0.6172895021998562|-0.9259342532997843|-1.2345790043997125
921.8|1.0|0.88|0.0|0|-0.09927802571241054|-0.19855605142482108|-0.29783407713723165|-0.39711210284964216
922.0|1.0|0.88|0.0|0|0.011711563093122105|0.02342312618624421|0.03513468927936632|0.04684625237248842
922.2|1.0|0.88|0.0|0|-0.14180001021537478|-0.28360002043074956|-0.4254000306461243|-0.5672000408614991
922.4|1.0|0.88|0.0|0|0.15243050782242804|0.30486101564485607|0.4572915234672841|0.6097220312897121
922.6|1.0|0.88|0.0|0|0.3120681316911944|0.6241362633823888|0.9362043950735832|1.2482725267647776
922.8|1.0|0.88|0.0|0|-0.0039639133913442525|-0.007927826782688505|-0.011891740174032758|-0.01585565356537701
923.0|1.0|0.88|0.0|0|-0.27549201647605537|-0.5509840329521107|-0.8264760494281661|-1.1019680659042215
923.2|1.0|0.88|0.0|0|-0.283780200906913|-0.567560401813826|-0.8513406027207392|-1.135120803627652
923.4|1.0|0.88|0.0|0|-0.0234231282307883|-0.0468462564615766|-0.0702693846923649|-0.0936925129231532
923.6|1.0|0.88|0.0|0|0.1403585886466318|0.2807171772932636|0.42107576593989543|0.5614343545865272
923.8|1.0|0.88|0.0|0|0.447021382634703|0.894042765269406|1.341064147904109|1.788085530538812
924.0|1.0|0.88|0.0|0|0.13495325110125134|0.2699065022025027|0.404859753303754|0.5398130044050053
924.2|1.0|0.88|0.0|0|0.05441372714820323|0.10882745429640646|0.1632411814446097|0.21765490859281292
924.4|1.0|0.88|0.0|0|-0.041440918040752915|-0.08288183608150583|-0.12432275412225874|-0.16576367216301166
924.6|1.0|0.88|0.0|0|0.38467982683359914|0.7693596536671983|1.1540394805007974|1.5387193073343965
924.8|1.0|0.88|0.0|0|-0.22017739978764458|-0.44035479957528917|-0.6605321993629337|-0.8807095991505783
925.0|1.0|0.88|0.0|0|-0.07207116207981022|-0.14414232415962044|-0.21621348623943068|-0.2882846483192409
925.2|1.0|0.88|0.0|0|-0.49260639155807484|-0.9852127831161497|-1.4778191746742244|-1.9704255662322994
925.4|1.0|0.88|0.0|0|-0.4399944428456369|-0.8799888856912738|-1.3199833285369107|-1.7599777713825475
925.6|1.0|0.88|0.0|0|0.27855504176637647|0.5571100835327529|0.8356651252991294|1.1142201670655059
925.8|1.0|0.88|0.0|0|0.11261119087372218|0.22522238174744436|0.33783357262116653|0.4504447634948887
926.0|1.0|0.88|0.0|0|-0.09909784772782596|-0.1981956954556519|-0.29729354318347784|-0.3963913909113038
926.2|1.0|0.88|0.0|0|-0.12378221963357657|-0.24756443926715313|-0.3713466589007297|-0.49512887853430626
926.4|1.0|0.88|0.0|0|-0.02918881944729949|-0.05837763889459898|-0.08756645834189847|-0.11675527778919796
926.6|1.0|0.88|0.0|0|0.26378045301506087|0.5275609060301217|0.7913413590451825|1.0551218120602435
926.8|1.0|0.88|0.0|0|-0.18522288597101594|-0.3704457719420319|-0.5556686579130479|-0.7408915438840638
927.0|1.0|0.88|0.0|0|0.28341984525148317|0.5668396905029663|0.8502595357544495|1.1336793810059327
927.2|1.0|0.88|0.0|0|-0.04144091841124468|-0.08288183682248935|-0.12432275523373403|-0.1657636736449787
927.4|1.0|0.88|0.0|0|-0.10468336231075237|-0.20936672462150474|-0.3140500869322571|-0.4187334492430095
927.6|1.0|0.88|0.0|0|-0.12234079750982357|-0.24468159501964715|-0.3670223925294707|-0.4893631900392943
927.8|1.0|0.88|0.0|0|-0.145223391147738|-0.290446782295476|-0.43567017344321396|-0.580893564590952
928.0|1.0|0.88|0.0|0|0.12053901887644326|0.24107803775288653|0.3616170566293298|0.48215607550577305
928.2|1.0|0.88|0.0|0|0.3518874475726628|0.7037748951453257|1.0556623427179885|1.4075497902906513
928.4|1.0|0.88|0.0|0|-0.03153113354317614|-0.06306226708635228|-0.09459340062952841|-0.12612453417270456
928.6|1.0|0.88|0.0|0|0.13765591979783506|0.2753118395956701|0.41296775939350516|0.5506236791913403
928.8|1.0|0.88|0.0|0|0.5281014390056957|1.0562028780113915|1.5843043170170872|2.112405756022783
929.0|1.0|0.88|0.0|0|0.43026483684050654|0.8605296736810131|1.2907945105215197|1.7210593473620261
929.2|1.0|0.88|0.0|0|-0.08144041406776531|-0.16288082813553062|-0.2443212422032959|-0.32576165627106124
929.4|1.0|0.88|0.0|0|0.12738577888550948|0.25477155777101895|0.3821573366565284|0.5095431155420379
929.6|1.0|0.88|0.0|0|0.639631562857831|1.279263125715662|1.918894688573493|2.558526251431324
929.8|1.0|0.88|0.0|0|0.036756293275975654|0.07351258655195131|0.11026887982792696|0.14702517310390262
930.0|1.0|0.88|0.0|0|0.39188694248005085|0.7837738849601017|1.1756608274401525|1.5675477699202034
930.2|1.0|0.88|0.0|0|0.04396340909530413|0.08792681819060826|0.13189022728591238|0.1758536363812165
930.4|1.0|0.88|0.0|0|-0.14990801687235958|-0.29981603374471916|-0.4497240506170787|-0.5996320674894383
930.6|1.0|0.88|0.0|0|-0.12702542213199206|-0.2540508442639841|-0.3810762663959762|-0.5081016885279682
930.8|1.0|0.88|0.0|0|0.12216061962360993|0.24432123924721985|0.3664818588708298|0.4886424784944397
931.0|1.0|0.88|0.0|0|-0.020540281355497444|-0.04108056271099489|-0.061620844066492333|-0.08216112542198978
931.2|1.0|0.88|0.0|0|-0.018918680122878884|-0.03783736024575777|-0.05675604036863666|-0.07567472049151554
931.4|1.0|0.88|0.0|0|0.15026837296900353|0.30053674593800705|0.4508051189070106|0.6010734918760141
931.6|1.0|0.88|0.0|0|-0.06450368913414428|-0.12900737826828856|-0.19351106740243285|-0.25801475653657713
931.8|1.0|0.88|0.0|0|0.49044425642903705|0.9808885128580741|1.4713327692871112|1.9617770257161482
932.0|1.0|0.88|0.0|0|0.6414333418113535|1.282866683622707|1.9243000254340603|2.565733367245414
932.2|1.0|0.88|0.0|0|0.20792530235368778|0.41585060470737556|0.6237759070610633|0.8317012094147511
932.4|1.0|0.88|0.0|0|0.4095443775618336|0.8190887551236672|1.228633132685501|1.6381775102473344
932.6|1.0|0.88|0.0|0|-0.15513317628938253|-0.31026635257876506|-0.46539952886814756|-0.6205327051575301
932.8|1.0|0.88|0.0|0|0.41783256195514734|0.8356651239102947|1.253497685865442|1.6713302478205894
933.0|1.0|0.88|0.0|0|0.46521935037191764|0.9304387007438353|1.395658051115753|1.8608774014876706
933.2|1.0|0.88|0.0|0|0.767557874297491|1.535115748594982|2.302673622892473|3.070231497189964
933.4|1.0|0.88|0.0|0|-0.13477307436114655|-0.2695461487222931|-0.40431922308343965|-0.5390922974445862
933.6|1.0|0.88|0.0|0|-0.2199972226555112|-0.4399944453110224|-0.6599916679665335|-0.8799888906220448
933.8|1.0|0.88|0.0|0|0.530623929536087|1.061247859072174|1.591871788608261|2.122495718144348
934.0|1.0|0.88|0.0|0|0.8131428841070745|1.626285768214149|2.4394286523212236|3.252571536428298
934.2|1.0|0.88|0.0|0|0.5992717113188706|1.1985434226377412|1.7978151339566117|2.3970868452754823
934.4|1.0|0.88|0.0|0|0.5160295196025986|1.0320590392051971|1.548088558807796|2.0641180784103943
934.6|1.0|0.88|0.0|0|0.4327873286601975|0.865574657320395|1.2983619859805924|1.73114931464079
934.8|1.0|0.88|0.0|0|0.4981919067332642|0.9963838134665284|1.4945757201997927|1.9927676269330568
935.0|1.0|0.88|0.0|0|0.863412521544088|1.726825043088176|2.5902375646322637|3.453650086176352
935.2|1.0|0.88|0.0|0|-0.215132417616551|-0.430264835233102|-0.645397252849653|-0.860529670466204
935.4|1.0|0.88|0.0|0|0.5508038549972121|1.1016077099944241|1.6524115649916362|2.2032154199888483
935.6|1.0|0.88|0.0|0|0.4052201086824065|0.810440217364813|1.2156603260472194|1.620880434729626
935.8|1.0|0.88|0.0|0|0.10702567626489336|0.21405135252978671|0.3210770287946801|0.42810270505957343
936.0|1.0|0.88|0.0|0|-0.11441296906996296|-0.2288259381399259|-0.34323890720988887|-0.4576518762798518
936.2|1.0|0.88|0.0|0|0.19783533946378173|0.39567067892756347|0.5935060183913452|0.7913413578551269
936.4|1.0|0.88|0.0|0|-0.2007181852441865|-0.401436370488373|-0.6021545557325595|-0.802872740976746
936.6|1.0|0.88|0.0|0|0.2590958273247818|0.5181916546495636|0.7772874819743454|1.0363833092991273
936.8|1.0|0.88|0.0|0|0.5235969910817225|1.047193982163445|1.5707909732451677|2.09438796432689
937.0|1.0|0.88|0.0|0|0.28107753157295545|0.5621550631459109|0.8432325947188664|1.1243101262918218
937.2|1.0|0.88|0.0|0|-0.05369301576021831|-0.10738603152043662|-0.16107904728065492|-0.21477206304087323
937.4|1.0|0.88|0.0|0|0.5308041075489023|1.0616082150978046|1.5924123226467068|2.123216430195609
937.6|1.0|0.88|0.0|0|0.35495047335949526|0.7099009467189905|1.0648514200784858|1.419801893437981
937.8|1.0|0.88|0.0|0|0.25369048986671283|0.5073809797334257|0.7610714696001385|1.0147619594668513
938.0|1.0|0.88|0.0|0|-0.34125695146562096|-0.6825139029312419|-1.0237708543968629|-1.3650278058624838
938.2|1.0|0.88|0.0|0|-0.1248632875198383|-0.2497265750396766|-0.37458986255951493|-0.4994531500793532
938.4|1.0|0.88|0.0|0|0.3291850326446004|0.6583700652892008|0.9875550979338013|1.3167401305784017
938.6|1.0|0.88|0.0|0|0.4475619154755263|0.8951238309510526|1.342685746426579|1.7902476619021053
938.8|1.0|0.88|0.0|0|0.23369074253627353|0.46738148507254706|0.7010722276088206|0.9347629701450941
939.0|1.0|0.88|0.0|0|0.6369288931676426|1.2738577863352851|1.9107866795029276|2.5477155726705702
939.2|1.0|0.88|0.0|0|0.20792530223407102|0.41585060446814204|0.6237759067022131|0.8317012089362841
939.4|1.0|0.88|0.0|0|0.4396340882984809|0.8792681765969618|1.3189022648954427|1.7585363531939235
939.6|1.0|0.88|0.0|0|0.37945466717326815|0.7589093343465363|1.1383640015198044|1.5178186686930726
939.8|1.0|0.88|0.0|0|-0.0918907310045325|-0.183781462009065|-0.2756721930135975|-0.36756292401813
940.0|1.0|0.88|0.0|0|0.5081016908411407|1.0162033816822813|1.524305072523422|2.0324067633645626
940.2|1.0|0.88|0.0|0|0.07747649971744984|0.15495299943489968|0.2324294991523495|0.30990599886979936
940.4|1.0|0.88|0.0|0|-0.1472053489906831|-0.2944106979813662|-0.4416160469720493|-0.5888213959627324
940.6|1.0|0.88|0.0|0|0.3542297614607381|0.7084595229214762|1.0626892843822142|1.4169190458429524
940.8|1.0|0.88|0.0|0|0.3623377663991417|0.7246755327982835|1.087013299197425|1.449351065596567
941.0|1.0|0.88|0.0|0|0.6569286404061137|1.3138572808122273|1.9707859212183412|2.6277145616244546
941.2|1.0|0.88|0.0|0|-0.10486353971180515|-0.2097270794236103|-0.3145906191354155|-0.4194541588472206
941.4|1.0|0.88|0.0|0|-0.24035732433956603|-0.48071464867913205|-0.7210719730186981|-0.9614292973582641
941.6|1.0|0.88|0.0|0|-0.3338696570062896|-0.6677393140125792|-1.001608971018869|-1.3354786280251585
941.8|1.0|0.88|0.0|0|-0.2005380082389458|-0.4010760164778916|-0.6016140247168374|-0.8021520329557832
942.0|1.0|0.88|0.0|0|0.22071793316397836|0.4414358663279567|0.6621537994919351|0.8828717326559135
942.2|1.0|0.88|0.0|0|-0.2684650771977615|-0.536930154395523|-0.8053952315932845|-1.073860308791046
942.4|1.0|0.88|0.0|0|-0.11261119099974176|-0.22522238199948352|-0.3378335729992253|-0.45044476399896705
942.6|1.0|0.88|0.0|0|0.12252097539894759|0.24504195079789517|0.3675629261968428|0.49008390159579035
942.8|1.0|0.88|0.0|0|0.6468386781046871|1.2936773562093742|1.9405160343140613|2.5873547124187484
943.0|1.0|0.88|0.0|0|0.006486404997704091|0.012972809995408181|0.019459214993112272|0.025945619990816363
943.2|1.0|0.88|0.0|0|0.15549353283480755|0.3109870656696151|0.46648059850442264|0.6219741313392302
943.4|1.0|0.88|0.0|0|0.3063024389024943|0.6126048778049886|0.9189073167074829|1.2252097556099772
943.6|1.0|0.88|0.0|0|0.3043204817557128|0.6086409635114256|0.9129614452671384|1.2172819270228512
943.8|1.0|0.88|0.0|0|0.2735100600562876|0.5470201201125752|0.8205301801688627|1.0940402402251503
944.0|1.0|0.88|0.0|0|-0.01639619001653047|-0.03279238003306094|-0.04918857004959141|-0.06558476006612188
944.2|1.0|0.88|0.0|0|0.19026786777831164|0.3805357355566233|0.570803603334935|0.7610714711132466
944.4|1.0|0.88|0.0|0|0.18846608861931616|0.3769321772386323|0.5653982658579485|0.7538643544772646
944.6|1.0|0.88|0.0|0|0.16035833536996522|0.32071667073993043|0.4810750061098956|0.6414333414798609
944.8|1.0|0.88|0.0|0|-0.7419726127723704|-1.4839452255447407|-2.225917838317111|-2.9678904510894815
945.0|1.0|0.88|0.0|0|0.23891590159502832|0.47783180319005664|0.716747704785085|0.9556636063801133
945.2|1.0|0.88|0.0|0|0.14504321352287675|0.2900864270457535|0.43512964056863024|0.580172854091507
945.4|1.0|0.88|0.0|0|0.0926114426879213|0.1852228853758426|0.2778343280637639|0.3704457707516852
945.6|1.0|0.88|0.0|0|0.17026812041352984|0.3405362408270597|0.5108043612405895|0.6810724816541194
945.8|1.0|0.88|0.0|0|0.27080739164637657|0.5416147832927531|0.8124221749391297|1.0832295665855063
946.0|1.0|0.88|0.0|0|0.45062494049052515|0.9012498809810503|1.3518748214715754|1.8024997619621006
946.2|1.0|0.88|0.0|0|-0.03153113249165474|-0.06306226498330948|-0.09459339747496423|-0.12612452996661896
946.4|1.0|0.88|0.0|0|0.2055829891259784|0.4111659782519568|0.6167489673779352|0.8223319565039136
946.6|1.0|0.88|0.0|0|0.13243075963662715|0.2648615192732543|0.3972922789098815|0.5297230385465086
946.8|1.0|0.88|0.0|0|-0.3160320457254423|-0.6320640914508846|-0.9480961371763269|-1.2641281829017692
947.0|1.0|0.88|0.0|0|0.38431946988828747|0.7686389397765749|1.1529584096648624|1.5372778795531499
947.2|1.0|0.88|0.0|0|0.3090051070379562|0.6180102140759124|0.9270153211138685|1.2360204281518248
947.4|1.0|0.88|0.0|0|0.07747649856552023|0.15495299713104047|0.23242949569656068|0.30990599426208093
947.6|1.0|0.88|0.0|0|0.2533301353990103|0.5066602707980206|0.7599904061970307|1.0133205415960411
947.8|1.0|0.88|0.0|0|0.7279187353825552|1.4558374707651105|2.183756206147666|2.911674941530221
948.0|1.0|0.88|0.0|0|0.2711677467689153|0.5423354935378306|0.813503240306746|1.0846709870756612
948.2|1.0|0.88|0.0|0|0.25873546994844243|0.5174709398968849|0.7762064098453273|1.0349418797937697
948.4|1.0|0.88|0.0|0|0.12756595606246277|0.25513191212492553|0.38269786818738827|0.5102638242498511
948.6|1.0|0.88|0.0|0|-0.19747498419950735|-0.3949499683990147|-0.592424952598522|-0.7898999367980294
948.8|1.0|0.88|0.0|0|0.06648564634961082|0.13297129269922164|0.19945693904883247|0.2659425853984433
949.0|1.0|0.88|0.0|0|-0.10234104995703101|-0.20468209991406203|-0.307023149871093|-0.40936419982812405
949.2|1.0|0.88|0.0|0|0.09225108737329728|0.18450217474659455|0.2767532621198918|0.3690043494931891
949.4|1.0|0.88|0.0|0|0.009008895509468866|0.01801779101893773|0.027026686528406594|0.03603558203787546
949.6|1.0|0.88|0.0|0|0.03423380190506581|0.06846760381013162|0.10270140571519741|0.13693520762026323
949.8|1.0|0.88|0.0|0|0.08486379365145702|0.16972758730291404|0.25459138095437106|0.3394551746058281
950.0|1.0|0.88|0.0|0|0.3165725792120796|0.6331451584241592|0.9497177376362387|1.2662903168483184
950.2|1.0|0.88|0.0|0|0.810800571675937|1.621601143351874|2.4324017150278108|3.243202286703748
950.4|1.0|0.88|0.0|0|0.3493649584497328|0.6987299168994656|1.0480948753491985|1.3974598337989312
950.6|1.0|0.88|0.0|0|-0.07945845528214711|-0.15891691056429422|-0.23837536584644134|-0.31783382112858843
950.8|1.0|0.88|0.0|0|0.4302648374525601|0.8605296749051202|1.2907945123576803|1.7210593498102404
951.0|1.0|0.88|0.0|0|-0.2553120910911823|-0.5106241821823646|-0.765936273273547|-1.0212483643647292
951.2|1.0|0.88|0.0|0|0.48215607472346206|0.9643121494469241|1.4464682241703861|1.9286242988938482
951.4|1.0|0.88|0.0|0|-0.2127901053347161|-0.4255802106694322|-0.6383703160041483|-0.8511604213388644
951.6|1.0|0.88|0.0|0|0.09711589054175428|0.19423178108350855|0.29134767162526287|0.3884635621670171
951.8|1.0|0.88|0.0|0|0.009369250386080247|0.018738500772160493|0.02810775115824074|0.03747700154432099
952.0|1.0|0.88|0.0|0|0.4275621676779705|0.855124335355941|1.2826865030339116|1.710248670711882
952.2|1.0|0.88|0.0|0|0.354770294678456|0.709540589356912|1.0643108840353679|1.419081178713824
952.4|1.0|0.88|0.0|0|0.5560290149413054|1.1120580298826108|1.6680870448239162|2.2241160597652216
952.6|1.0|0.88|0.0|0|0.06738653606909799|0.13477307213819598|0.20215960820729398|0.26954614427639195
952.8|1.0|0.88|0.0|0|-0.2578345820825782|-0.5156691641651564|-0.7735037462477347|-1.0313383283303128
953.0|1.0|0.88|0.0|0|-0.35152709234738755|-0.7030541846947751|-1.0545812770421625|-1.4061083693895502
953.2|1.0|0.88|0.0|0|-0.1194579505128787|-0.2389159010257574|-0.3583738515386361|-0.4778318020515148
953.4|1.0|0.88|0.0|0|-0.008468361632549212|-0.016936723265098423|-0.025405084897647635|-0.033873446530196846
953.6|1.0|0.88|0.0|0|0.32161755919718443|0.6432351183943689|0.9648526775915534|1.2864702367887377
953.8|1.0|0.88|0.0|0|0.21098832719842922|0.42197665439685844|0.6329649815952877|0.8439533087937169
954.0|1.0|0.88|0.0|0|-0.13225058272189938|-0.26450116544379876|-0.39675174816569814|-0.5290023308875975
954.2|1.0|0.88|0.0|0|-0.04900838958681565|-0.0980167791736313|-0.14702516876044697|-0.1960335583472626
954.4|1.0|0.88|0.0|0|-0.4295441256670169|-0.8590882513340338|-1.2886323770010506|-1.7181765026680675
954.6|1.0|0.88|0.0|0|-0.14180001077096688|-0.28360002154193376|-0.4254000323129007|-0.5672000430838675
954.8|1.0|0.88|0.0|0|-0.17495274585031453|-0.34990549170062907|-0.5248582375509436|-0.6998109834012581
955.0|1.0|0.88|0.0|0|0.19549302745988842|0.39098605491977684|0.5864790823796653|0.7819721098395537
955.2|1.0|0.88|0.0|0|0.00396391402697191|0.00792782805394382|0.01189174208091573|0.01585565610788764
955.4|1.0|0.88|0.0|0|0.19008768965373765|0.3801753793074753|0.5702630689612129|0.7603507586149506
955.6|1.0|0.88|0.0|0|0.5281014394125673|1.0562028788251345|1.584304318237702|2.112405757650269
955.8|1.0|0.88|0.0|0|0.3495451355943809|0.6990902711887618|1.0486354067831425|1.3981805423775235
956.0|1.0|0.88|0.0|0|0.11513368135812935|0.2302673627162587|0.34540104407438804|0.4605347254325174
956.2|1.0|0.88|0.0|0|-0.37386915283888844|-0.7477383056777769|-1.1216074585166653|-1.4954766113555538
956.4|1.0|0.88|0.0|0|0.15999797968281215|0.3199959593656243|0.47999393904843646|0.6399919187312486
956.6|1.0|0.88|0.0|0|0.09711589027487216|0.19423178054974433|0.2913476708246165|0.38846356109948865
956.8|1.0|0.88|0.0|0|0.3034195914474552|0.6068391828949103|0.9102587743423655|1.2136783657898207
957.0|1.0|0.88|0.0|0|0.1753131009257051|0.3506262018514102|0.5259393027771152|0.7012524037028204
957.2|1.0|0.88|0.0|0|0.03927878222020812|0.07855756444041624|0.11783634666062437|0.15711512888083248
957.4|1.0|0.88|0.0|0|0.699270448540338|1.398540897080676|2.097811345621014|2.797081794161352
957.6|1.0|0.88|0.0|0|0.30594208207359797|0.6118841641471959|0.9178262462207939|1.2237683282943919
957.8|1.0|0.88|0.0|0|0.2036010324480596|0.4072020648961192|0.6108030973441788|0.8144041297922384
958.0|1.0|0.88|0.0|0|0.09225108706392356|0.1845021741278471|0.2767532611917707|0.3690043482556942
958.2|1.0|0.88|0.0|0|0.4144091814773859|0.8288183629547718|1.2432275444321579|1.6576367259095437
958.4|1.0|0.88|0.0|0|0.2014388978856734|0.4028777957713468|0.6043166936570202|0.8057555915426936
958.6|1.0|0.88|0.0|0|0.7909810033364927|1.5819620066729854|2.372943010009478|3.1639240133459707
958.8|1.0|0.88|0.0|0|-0.22522238040925024|-0.4504447608185005|-0.6756671412277507|-0.900889521637001
959.0|1.0|0.88|0.0|0|0.22846558402612593|0.45693116805225187|0.6853967520783778|0.9138623361045037
959.2|1.0|0.88|0.0|0|0.01657636715768605|0.0331527343153721|0.04972910147305815|0.0663054686307442
959.4|1.0|0.88|0.0|0|-0.003423379524901978|-0.006846759049803956|-0.010270138574705934|-0.013693518099607912
959.6|1.0|0.88|0.0|0|0.36431972400198026|0.7286394480039605|1.0929591720059408|1.457278896007921
959.8|1.0|0.88|0.0|0|0.0518912377711968|0.1037824755423936|0.1556737133135904|0.2075649510847872
960.0|1.0|0.88|0.0|0|0.2162134865677219|0.4324269731354438|0.6486404597031656|0.8648539462708876
960.2|1.0|0.88|0.0|0|0.2075649468397025|0.415129893679405|0.6226948405191075|0.83025978735881
960.4|1.0|0.88|0.0|0|-0.1747725674876712|-0.3495451349753424|-0.5243177024630136|-0.6990902699506848
960.6|1.0|0.88|0.0|0|0.0641433341306402|0.1282866682612804|0.1924300023919206|0.2565733365225608
960.8|1.0|0.88|0.0|0|-0.26810472234210486|-0.5362094446842097|-0.8043141670263146|-1.0724188893684194
961.0|1.0|0.88|0.0|0|0.10990852190065208|0.21981704380130415|0.3297255657019562|0.4396340876026083
961.2|1.0|0.88|0.0|0|0.08252148070605479|0.16504296141210958|0.24756444211816436|0.33008592282421917
961.4|1.0|0.88|0.0|0|-0.7848549534194178|-1.5697099068388356|-2.3545648602582534|-3.139419813677671
961.6|1.0|0.88|0.0|0|-0.46485899441409895|-0.9297179888281979|-1.394576983242297|-1.8594359776563958
961.8|1.0|0.88|0.0|0|-0.2554922688796071|-0.5109845377592142|-0.7664768066388212|-1.0219690755184283
962.0|1.0|0.88|0.0|0|0.18558324230805753|0.37116648461611507|0.5567497269241727|0.7423329692322301
962.2|1.0|0.88|0.0|0|0.4403548004408371|0.8807096008816742|1.3210644013225112|1.7614192017633483
962.4|1.0|0.88|0.0|0|0.28648286867799494|0.5729657373559899|0.8594486060339849|1.1459314747119798
962.6|1.0|0.88|0.0|0|-0.4976513736159545|-0.995302747231909|-1.4929541208478636|-1.990605494463818
962.8|1.0|0.88|0.0|0|0.11963812870730191|0.23927625741460382|0.35891438612190574|0.47855251482920763
963.0|1.0|0.88|0.0|0|-0.026125795705302175|-0.05225159141060435|-0.07837738711590653|-0.1045031828212087
963.2|1.0|0.88|0.0|0|-0.40215708357776786|-0.8043141671555357|-1.2064712507333035|-1.6086283343110714
963.4|1.0|0.88|0.0|0|-0.014053876402031177|-0.028107752804062355|-0.04216162920609353|-0.05621550560812471
963.6|1.0|0.88|0.0|0|-0.01405387753300603|-0.02810775506601206|-0.04216163259901808|-0.05621551013202412
963.8|1.0|0.88|0.0|0|-0.08702592792396907|-0.17405185584793814|-0.2610777837719072|-0.3481037116958763
964.0|1.0|0.88|0.0|0|0.06972884854039882|0.13945769708079764|0.20918654562119646|0.2789153941615953
964.2|1.0|0.88|0.0|0|-0.22522238062782|-0.45044476125564|-0.67566714188346|-0.90088952251128
964.4|1.0|0.88|0.0|0|0.2987349670723782|0.5974699341447564|0.8962049012171346|1.1949398682895127
964.6|1.0|0.88|0.0|0|0.16792580680659755|0.3358516136131951|0.5037774204197927|0.6717032272263902
964.8|1.0|0.88|0.0|0|-0.026486152836878343|-0.05297230567375669|-0.07945845851063503|-0.10594461134751337
965.0|1.0|0.88|0.0|0|-0.31386990992381497|-0.6277398198476299|-0.941609729771445|-1.2554796396952599
965.2|1.0|0.88|0.0|0|0.21567295265442246|0.4313459053088449|0.6470188579632673|0.8626918106176898
965.4|1.0|0.88|0.0|0|0.28378019879193767|0.5675603975838753|0.851340596375813|1.1351207951677507
965.6|1.0|0.88|0.0|0|0.4453997808913122|0.8907995617826244|1.3361993426739367|1.7815991235652489
965.8|1.0|0.88|0.0|0|-0.18252021824242565|-0.3650404364848513|-0.5475606547272769|-0.7300808729697026
966.0|1.0|0.88|0.0|0|-0.24305999376636486|-0.4861199875327297|-0.7291799812990946|-0.9722399750654594
966.2|1.0|0.88|0.0|0|0.11981830544973501|0.23963661089947003|0.35945491634920507|0.47927322179894005
966.4|1.0|0.88|0.0|0|0.3949499687168285|0.789899937433657|1.1848499061504856|1.579799874867314
966.6|1.0|0.88|0.0|0|0.47278682263480776|0.9455736452696155|1.4183604679044233|1.891147290539231
966.8|1.0|0.88|0.0|0|0.22071793357405134|0.4414358671481027|0.662153800722154|0.8828717342962054
967.0|1.0|0.88|0.0|0|0.7044956079000264|1.4089912158000528|2.1134868237000792|2.8179824316001056
967.2|1.0|0.88|0.0|0|0.4025174393912315|0.805034878782463|1.2075523181736945|1.610069757564926
967.4|1.0|0.88|0.0|0|0.5866592578939167|1.1733185157878334|1.7599777736817501|2.346637031575667
967.6|1.0|0.88|0.0|0|0.5405337144664377|1.0810674289328754|1.6216011433993132|2.162134857865751
967.8|1.0|0.88|0.0|0|0.31423026674165183|0.6284605334833037|0.9426908002249555|1.2569210669666073
968.0|1.0|0.88|0.0|0|-0.4270216348840044|-0.8540432697680088|-1.2810649046520133|-1.7080865395360176
968.2|1.0|0.88|0.0|0|0.22360078023572005|0.4472015604714401|0.6708023407071602|0.8944031209428802
968.4|1.0|0.88|0.0|0|0.5207141443339065|1.041428288667813|1.5621424330017195|2.082856577335626
968.6|1.0|0.88|0.0|0|0.23044754116534044|0.4608950823306809|0.6913426234960213|0.9217901646613618
968.8|1.0|0.88|0.0|0|0.13495324992516555|0.2699064998503311|0.40485974977549666|0.5398129997006622
969.0|1.0|0.88|0.0|0|-0.12954791327007126|-0.2590958265401425|-0.3886437398102138|-0.518191653080285
969.2|1.0|0.88|0.0|0|0.22053775564156258|0.44107551128312517|0.6616132669246878|0.8821510225662503
969.4|1.0|0.88|0.0|0|-0.23567270045343341|-0.47134540090686683|-0.7070181013603003|-0.9426908018137337
969.6|1.0|0.88|0.0|0|0.39747245920501917|0.7949449184100383|1.1924173776150575|1.5898898368200767
969.8|1.0|0.88|0.0|0|-0.008108005756512292|-0.016216011513024584|-0.024324017269536875|-0.03243202302604917
970.0|1.0|0.88|0.0|0|0.2940503408311636|0.5881006816623272|0.8821510224934908|1.1762013633246544
970.2|1.0|0.88|0.0|0|0.53332659886597|1.06665319773194|1.5999797965979101|2.13330639546388
970.4|1.0|0.88|0.0|0|0.4225171880915881|0.8450343761831762|1.2675515642747643|1.6900687523663525
970.6|1.0|0.88|0.0|0|0.37945466782985054|0.7589093356597011|1.1383640034895517|1.5178186713194022
970.8|1.0|0.88|0.0|0|-0.20035782984981798|-0.40071565969963596|-0.6010734895494539|-0.8014313193992719
971.0|1.0|0.88|0.0|0|0.10486354036082057|0.20972708072164115|0.3145906210824617|0.4194541614432823
971.2|1.0|0.88|0.0|0|-0.5026963552387319|-1.0053927104774638|-1.5080890657161958|-2.0107854209549276
971.4|1.0|0.88|0.0|0|-0.40179672846396025|-0.8035934569279205|-1.2053901853918807|-1.607186913855841
971.6|1.0|0.88|0.0|0|-0.06126048701902624|-0.12252097403805248|-0.1837814610570787|-0.24504194807610497
971.8|1.0|0.88|0.0|0|0.4151298929765475|0.830259785953095|1.2453896789296426|1.66051957190619
972.0|1.0|0.88|0.0|0|0.22053775554959448|0.44107551109918897|0.6616132666487835|0.8821510221983779
972.2|1.0|0.88|0.0|0|0.27891539724572817|0.5578307944914563|0.8367461917371846|1.1156615889829127
972.4|1.0|0.88|0.0|0|0.5153088063039473|1.0306176126078945|1.5459264189118416|2.061235225215789
972.6|1.0|0.88|0.0|0|0.27891539724223574|0.5578307944844715|0.8367461917267072|1.115661588968943
972.8|1.0|0.88|0.0|0|-0.06450369086174766|-0.12900738172349532|-0.19351107258524297|-0.25801476344699065
973.0|1.0|0.88|0.0|0|-0.10486354140419289|-0.20972708280838578|-0.31459062421257866|-0.41945416561677157
973.2|1.0|0.88|0.0|0|0.6565682848155854|1.3131365696311708|1.9697048544467561|2.6262731392623415
973.4|1.0|0.88|0.0|0|-0.16234029216051582|-0.32468058432103164|-0.48702087648154746|-0.6493611686420633
973.6|1.0|0.88|0.0|0|-0.46756166259758214|-0.9351233251951643|-1.4026849877927465|-1.8702466503903286
973.8|1.0|0.88|0.0|0|-0.40179672830418023|-0.8035934566083605|-1.2053901849125406|-1.607186913216721
974.0|1.0|0.88|0.0|0|-0.0745936529699248|-0.1491873059398496|-0.2237809589097744|-0.2983746118796992
974.2|1.0|0.88|0.0|0|0.02432401791389568|0.04864803582779136|0.07297205374168704|0.09729607165558272
974.4|1.0|0.88|0.0|0|-0.09423304355615991|-0.18846608711231982|-0.28269913066847974|-0.37693217422463965
974.6|1.0|0.88|0.0|0|0.22576291415229227|0.45152582830458454|0.6772887424568768|0.9030516566091691
974.8|1.0|0.88|0.0|0|0.435129640034866|0.870259280069732|1.3053889201045978|1.740518560139464
975.0|1.0|0.88|0.0|0|-0.4872010549271367|-0.9744021098542734|-1.46160316478141|-1.948804219708547
975.2|1.0|0.88|0.0|0|-0.5553083024354424|-1.1106166048708848|-1.6659249073063271|-2.2212332097417695
975.4|1.0|0.88|0.0|0|0.4653995281236716|0.9307990562473432|1.3961985843710147|1.8615981124946863
975.6|1.0|0.88|0.0|0|0.1324307596095606|0.2648615192191212|0.3972922788286818|0.5297230384382424
975.8|1.0|0.88|0.0|0|-0.21729455303458983|-0.43458910606917966|-0.6518836591037694|-0.8691782121383593
976.0|1.0|0.88|0.0|0|0.0018017804255941899|0.0036035608511883798|0.005405341276782569|0.0072071217023767595
976.2|1.0|0.88|0.0|0|-0.0990978475860903|-0.1981956951721806|-0.2972935427582709|-0.3963913903443612
976.4|1.0|0.88|0.0|0|-0.12684524453594362|-0.25369048907188724|-0.38053573360783083|-0.5073809781437745
976.6|1.0|0.88|0.0|0|-0.16972758668300245|-0.3394551733660049|-0.5091827600490073|-0.6789103467320098
976.8|1.0|0.88|0.0|0|0.2864828684373063|0.5729657368746126|0.8594486053119188|1.1459314737492252
977.0|1.0|0.88|0.0|0|-0.023423128269205357|-0.046846256538410715|-0.07026938480761608|-0.09369251307682143
977.2|1.0|0.88|0.0|0|0.3870221411238894|0.7740442822477788|1.161066423371668|1.5480885644955575
977.4|1.0|0.88|0.0|0|0.2861225121875762|0.5722450243751523|0.8583675365627286|1.1444900487503047
977.6|1.0|0.88|0.0|0|0.009008895033330199|0.018017790066660398|0.027026685099990597|0.036035580133320796
977.8|1.0|0.88|0.0|0|0.029729354187729796|0.05945870837545959|0.08918806256318938|0.11891741675091919
978.0|1.0|0.88|0.0|0|0.611343631612836|1.222687263225672|1.834030894838508|2.445374526451344
978.2|1.0|0.88|0.0|0|-0.18486253075156145|-0.3697250615031229|-0.5545875922546843|-0.7394501230062458
978.4|1.0|0.88|0.0|0|-0.041080562361457885|-0.08216112472291577|-0.12324168708437366|-0.16432224944583154
978.6|1.0|0.88|0.0|0|-0.69909027037822|-1.39818054075644|-2.0972708111346603|-2.79636108151288
978.8|1.0|0.88|0.0|0|0.1398180542100455|0.279636108420091|0.4194541626301365|0.559272216840182
979.0|1.0|0.88|0.0|0|-0.1772950586432127|-0.3545901172864254|-0.5318851759296381|-0.7091802345728508
979.2|1.0|0.88|0.0|0|-0.18522288704931286|-0.3704457740986257|-0.5556686611479386|-0.7408915481972514
979.4|1.0|0.88|0.0|0|-0.08162059197260539|-0.16324118394521078|-0.2448617759178162|-0.32648236789042157
979.6|1.0|0.88|0.0|0|-0.3290048545453468|-0.6580097090906936|-0.9870145636360402|-1.3160194181813871
979.8|1.0|0.88|0.0|0|0.07711614334373741|0.15423228668747482|0.23134843003121225|0.30846457337494965
980.0|1.0|0.88|0.0|0|0.049909279771673074|0.09981855954334615|0.1497278393150192|0.1996371190866923
980.2|1.0|0.88|0.0|0|0.04918856873293412|0.09837713746586824|0.14756570619880235|0.19675427493173647
980.4|1.0|0.88|0.0|0|-0.049008389879018115|-0.09801677975803623|-0.14702516963705434|-0.19603355951607246
980.6|1.0|0.88|0.0|0|-0.04864803461707201|-0.09729606923414402|-0.14594410385121603|-0.19459213846828805
980.8|1.0|0.88|0.0|0|0.22828540552203797|0.45657081104407593|0.684856216566114|0.9131416220881519
981.0|1.0|0.88|0.0|0|0.5183718316786694|1.0367436633573388|1.5551154950360082|2.0734873267146776
981.2|1.0|0.88|0.0|0|0.172970789987303|0.345941579974606|0.518912369961909|0.691883159949212
981.4|1.0|0.88|0.0|0|0.2630597421221321|0.5261194842442642|0.7891792263663963|1.0522389684885285
981.6|1.0|0.88|0.0|0|0.15747548814368215|0.3149509762873643|0.47242646443104647|0.6299019525747286
981.8|1.0|0.88|0.0|0|-0.2381951909491911|-0.4763903818983822|-0.7145855728475733|-0.9527807637967644
982.0|1.0|0.88|0.0|0|-0.08882770674536013|-0.17765541349072025|-0.2664831202360804|-0.3553108269814405
982.2|1.0|0.88|0.0|0|0.051530880906211725|0.10306176181242345|0.15459264271863518|0.2061235236248469
982.4|1.0|0.88|0.0|0|0.07729632200265776|0.15459264400531553|0.23188896600797326|0.30918528801063105
982.6|1.0|0.88|0.0|0|0.8008907869202092|1.6017815738404184|2.4026723607606275|3.203563147680837
982.8|1.0|0.88|0.0|0|0.1576556665360114|0.3153113330720228|0.47296699960803423|0.6306226661440456
983.0|1.0|0.88|0.0|0|0.39711210295441596|0.7942242059088319|1.1913363088632478|1.5884484118176638
983.2|1.0|0.88|0.0|0|0.04414358726353389|0.08828717452706777|0.13243076179060165|0.17657434905413555
983.4|1.0|0.88|0.0|0|0.016756545374228167|0.033513090748456334|0.05026963612268451|0.06702618149691267
983.6|1.0|0.88|0.0|0|0.031531132733798616|0.06306226546759723|0.09459339820139584|0.12612453093519446
983.8|1.0|0.88|0.0|0|-0.07207116194796988|-0.14414232389593976|-0.21621348584390962|-0.2882846477918795
984.0|1.0|0.88|0.0|0|0.43458910620684077|0.8691782124136815|1.3037673186205223|1.738356424827363
984.2|1.0|0.88|0.0|0|0.3844996499322591|0.7689992998645182|1.1534989497967774|1.5379985997290364
984.4|1.0|0.88|0.0|0|0.20810548039473378|0.41621096078946757|0.6243164411842014|0.8324219215789351
984.6|1.0|0.88|0.0|0|0.18558324209385335|0.3711664841877067|0.55674972628156|0.7423329683754134
984.8|1.0|0.88|0.0|0|0.039278783788904585|0.07855756757780917|0.11783635136671375|0.15711513515561834
985.0|1.0|0.88|0.0|0|-0.18486253097624303|-0.36972506195248606|-0.5545875929287291|-0.7394501239049721
985.2|1.0|0.88|0.0|0|-0.07927827865380102|-0.15855655730760204|-0.23783483596140306|-0.3171131146152041
985.4|1.0|0.88|0.0|0|-0.2281052275080585|-0.456210455016117|-0.6843156825241755|-0.912420910032234
985.6|1.0|0.88|0.0|0|0.06756671541137627|0.13513343082275253|0.2027001462341288|0.27026686164550506
985.8|1.0|0.88|0.0|0|-0.04378323105076565|-0.0875664621015313|-0.13134969315229694|-0.1751329242030626
986.0|1.0|0.88|0.0|0|0.5259393033880047|1.0518786067760093|1.577817910164014|2.1037572135520186
986.2|1.0|0.88|0.0|0|0.047206610749999565|0.09441322149999913|0.14161983224999872|0.18882644299999826
986.4|1.0|0.88|0.0|0|0.6639555793543701|1.3279111587087402|1.9918667380631103|2.6558223174174804
986.6|1.0|0.88|0.0|0|-0.2354925213425306|-0.4709850426850612|-0.7064775640275918|-0.9419700853701224
986.8|1.0|0.88|0.0|0|0.16017815793748028|0.32035631587496055|0.48053447381244085|0.6407126317499211
987.0|1.0|0.88|0.0|0|0.39963459349965014|0.7992691869993003|1.1989037804989504|1.5985383739986005
987.2|1.0|0.88|0.0|0|0.6365685378445783|1.2731370756891567|1.9097056135337351|2.5462741513783134
987.4|1.0|0.88|0.0|0|-0.18288057254540052|-0.36576114509080104|-0.5486417176362015|-0.7315222901816021
987.6|1.0|0.88|0.0|0|0.4097245553764518|0.8194491107529036|1.2291736661293555|1.6388982215058072
987.8|1.0|0.88|0.0|0|0.4729670005006487|0.9459340010012974|1.418901001501946|1.8918680020025949
988.0|1.0|0.88|0.0|0|-0.3446803320705661|-0.6893606641411322|-1.0340409962116983|-1.3787213282822643
988.2|1.0|0.88|0.0|0|0.4756696690100948|0.9513393380201896|1.4270090070302843|1.902678676040379
988.4|1.0|0.88|0.0|0|0.31386991101433553|0.6277398220286711|0.9416097330430065|1.2554796440573421
988.6|1.0|0.88|0.0|0|-0.1621601135656239|-0.3243202271312478|-0.48648034069687174|-0.6486404542624956
988.8|1.0|0.88|0.0|0|-0.11441297072800818|-0.22882594145601637|-0.3432389121840245|-0.45765188291203274
989.0|1.0|0.88|0.0|0|0.06468386858468882|0.12936773716937763|0.19405160575406644|0.25873547433875527
989.2|1.0|0.88|0.0|0|0.40990473332960425|0.8198094666592085|1.2297141999888128|1.639618933318417
989.4|1.0|0.88|0.0|0|0.14270090164500301|0.28540180329000603|0.428102704935009|0.5708036065800121
989.6|1.0|0.88|0.0|0|0.35675225164421165|0.7135045032884233|1.070256754932635|1.4270090065768466
989.8|1.0|0.88|0.0|0|0.11693546006834378|0.23387092013668756|0.35080638020503135|0.4677418402733751
990.0|1.0|0.88|0.0|0|0.04108056236727865|0.0821611247345573|0.12324168710183596|0.1643222494691146
990.2|1.0|0.88|0.0|0|-0.37675199842575274|-0.7535039968515055|-1.1302559952772582|-1.507007993703011
990.4|1.0|0.88|0.0|0|-0.04864803418167871|-0.09729606836335743|-0.14594410254503612|-0.19459213672671485
990.6|1.0|0.88|0.0|0|0.21080814800981917|0.42161629601963835|0.6324244440294575|0.8432325920392767
990.8|1.0|0.88|0.0|0|-0.10954816648823917|-0.21909633297647835|-0.3286444994647175|-0.4381926659529567
991.0|1.0|0.88|0.0|0|0.027026684307493293|0.05405336861498659|0.08108005292247988|0.10810673722997317
991.2|1.0|0.88|0.0|0|0.3416173068524225|0.683234613704845|1.0248519205572675|1.36646922740969
991.4|1.0|0.88|0.0|0|-0.008648539220157552|-0.017297078440315104|-0.02594561766047266|-0.03459415688063021
991.6|1.0|0.88|0.0|0|0.4477420943463225|0.895484188692645|1.3432262830389676|1.79096837738529
991.8|1.0|0.88|0.0|0|-0.24269963883387413|-0.48539927766774826|-0.7280989165016224|-0.9707985553354965
992.0|1.0|0.88|0.0|0|-0.1199984837579542|-0.2399969675159084|-0.35999545127386257|-0.4799939350318168
992.2|1.0|0.88|0.0|0|-0.08936824111879113|-0.17873648223758226|-0.26810472335637336|-0.3574729644751645
992.4|1.0|0.88|0.0|0|0.3421578410035002|0.6843156820070004|1.0264735230105007|1.3686313640140009
992.6|1.0|0.88|0.0|0|0.23044753988273461|0.46089507976546923|0.6913426196482039|0.9217901595309385
992.8|1.0|0.88|0.0|0|0.2789153970719783|0.5578307941439566|0.836746191215935|1.1156615882879133
993.0|1.0|0.88|0.0|0|0.7927827804081614|1.5855655608163228|2.3783483412244846|3.1711311216326457
993.2|1.0|0.88|0.0|0|-0.29044678279082314|-0.5808935655816463|-0.8713403483724695|-1.1617871311632926
993.4|1.0|0.88|0.0|0|-0.08936824076925412|-0.17873648153850824|-0.2681047223077624|-0.3574729630770165
993.6|1.0|0.88|0.0|0|-0.19549302718194683|-0.39098605436389366|-0.5864790815458405|-0.7819721087277873
993.8|1.0|0.88|0.0|0|-0.0744134743447649|-0.1488269486895298|-0.2232404230342947|-0.2976538973790596
994.0|1.0|0.88|0.0|0|0.08972859620786047|0.17945719241572095|0.2691857886235814|0.3589143848314419
994.2|1.0|0.88|0.0|0|0.22306024622084825|0.4461204924416965|0.6691807386625448|0.892240984883393
994.4|1.0|0.88|0.0|0|-0.42413878797757243|-0.8482775759551449|-1.2724163639327173|-1.6965551519102897
994.6|1.0|0.88|0.0|0|0.4100849125604149|0.8201698251208298|1.2302547376812447|1.6403396502416596
994.8|1.0|0.88|0.0|0|0.04234180819970792|0.08468361639941584|0.12702542459912378|0.16936723279883167
995.0|1.0|0.88|0.0|0|0.11747599376511073|0.23495198753022145|0.35242798129533215|0.4699039750604429
995.2|1.0|0.88|0.0|0|0.05657586173940222|0.11315172347880444|0.16972758521820666|0.22630344695760887
995.4|1.0|0.88|0.0|0|0.39476979002909535|0.7895395800581907|1.1843093700872862|1.5790791601163814
995.6|1.0|0.88|0.0|0|0.47062468797608786|0.9412493759521757|1.4118740639282636|1.8824987519043515
995.8|1.0|0.88|0.0|0|-0.003423381031898319|-0.006846762063796638|-0.010270143095694958|-0.013693524127593277
996.0|1.0|0.88|0.0|0|0.40467957568442253|0.8093591513688451|1.2140387270532675|1.6187183027376901
996.2|1.0|0.88|0.0|0|0.2890053595704378|0.5780107191408757|0.8670160787113135|1.1560214382817513
996.4|1.0|0.88|0.0|0|0.4453997810318837|0.8907995620637674|1.3361993430956511|1.7815991241275349
996.6|1.0|0.88|0.0|0|0.13225058166455722|0.26450116332911444|0.39675174499367166|0.5290023266582289
996.8|1.0|0.88|0.0|0|0.1272056017018623|0.2544112034037246|0.3816168051055869|0.5088224068074492
997.0|1.0|0.88|0.0|0|0.1070256755905576|0.2140513511811152|0.3210770267716728|0.4281027023622304
997.2|1.0|0.88|0.0|0|-0.30359977083018774|-0.6071995416603755|-0.9107993124905632|-1.214399083320751
997.4|1.0|0.88|0.0|0|-0.30864475019334375|-0.6172895003866875|-0.9259342505800313|-1.234579000773375
997.6|1.0|0.88|0.0|0|0.06918831443443202|0.13837662886886404|0.20756494330329606|0.2767532577377281
997.8|1.0|0.88|0.0|0|0.2540508467840848|0.5081016935681696|0.7621525403522544|1.0162033871363392
998.0|1.0|0.88|0.0|0|0.9873749185327333|1.9747498370654666|2.9621247555981998|3.949499674130933
998.2|1.0|0.88|0.0|0|0.301257456665044|0.602514913330088|0.903772369995132|1.205029826660176
998.4|1.0|0.88|0.0|0|-0.2585552931783607|-0.5171105863567214|-0.775665879535082|-1.0342211727134427
998.6|1.0|0.88|0.0|0|-0.43206661588687023|-0.8641332317737405|-1.2961998476606107|-1.728266463547481
998.8|1.0|0.88|0.0|0|0.2082856577573695|0.416571315514739|0.6248569732721085|0.833142631029478
999.0|1.0|0.88|0.0|0|-0.10954816524201315|-0.2190963304840263|-0.32864449572603943|-0.4381926609680526
999.2|1.0|0.88|0.0|0|-0.03387344565329843|-0.06774689130659686|-0.10162033695989531|-0.13549378261319373
999.4|1.0|0.88|0.0|0|-0.08180076968797956|-0.16360153937595912|-0.24540230906393867|-0.32720307875191823
999.6|1.0|0.88|0.0|0|0.5783710747683659|1.1567421495367318|1.7351132243050977|2.3134842990734636
999.8|1.0|0.88|0.0|0|0.16774562911450644|0.3354912582290129|0.5032368873435193|0.6709825164580258
