times(ps)|lambda_restraints|lambda_electrostatics|lambda_sterics|(1.0, 0.76, 0.0)|(1.0, 0.78, 0.0)|(1.0, 0.8, 0.0)|(1.0, 0.82, 0.0)|(1.0, 0.84, 0.0)
0.0|1.0|0.8|0.0|-164544.03529826665|-164543.12720162625|-164542.16865517249|-164541.2101087187|-164540.20111245156
0.2|1.0|0.8|0.0|-164185.120390031|-164184.19968093722|-164183.21590957677|-164182.25736312298|-164181.24836685584
0.4|1.0|0.8|0.0|-164736.8400002246|-164735.83100395746|-164734.77155787696|-164733.7247242498|-164732.61482835596
0.6|1.0|0.8|0.0|-164736.28505227767|-164735.38956809058|-164734.41840918348|-164733.45986272968|-164732.45086646255
0.8|1.0|0.8|0.0|-164623.15541938055|-164622.29777255346|-164621.37706345972|-164620.48157927263|-164619.54825772552
1.0|1.0|0.8|0.0|-164618.4182509647|-164617.44709205758|-164616.41287088374|-164615.4038746166|-164614.3318160828
1.2|1.0|0.8|0.0|-164885.27559416747|-164884.38010998035|-164883.4215635266|-164882.4882419795|-164881.4918581657
1.4|1.0|0.8|0.0|-164650.2299137379|-164649.62451597763|-164648.95605595064|-164648.300208377|-164647.59391099
1.6|1.0|0.8|0.0|-164705.36955188744|-164704.43623034036|-164703.4524589799|-164702.46868761943|-164701.4344664456
1.8|1.0|0.8|0.0|-164740.4147349101|-164739.49402581636|-164738.52286690922|-164737.5769329088|-164736.56793664166
2.0|1.0|0.8|0.0|-164714.17634186376|-164713.44481957008|-164712.67545991638|-164711.90610026268|-164711.09890324896
2.2|1.0|0.8|0.0|-164816.4932893506|-164815.68609233687|-164814.8284455098|-164813.97079868277|-164813.07531449568
2.4|1.0|0.8|0.0|-164704.7021299397|-164703.60484649916|-164702.4571132453|-164701.32199244478|-164700.1364218309
2.6|1.0|0.8|0.0|-164793.46857654105|-164792.5226425406|-164791.5262587268|-164790.54248736633|-164789.50826619254
2.8|1.0|0.8|0.0|-164866.0183502994|-164864.9967415789|-164863.92468304507|-164862.89046187123|-164861.76795352407
3.0|1.0|0.8|0.0|-164999.61510687615|-164998.98448420918|-164998.3412490889|-164997.6980139686|-164997.00432903494
3.2|1.0|0.8|0.0|-164695.81474862946|-164694.4778285755|-164693.09045870815|-164691.72831374756|-164690.31571897358
3.4|1.0|0.8|0.0|-164891.7791702141|-164890.21522600003|-164888.58821951927|-164886.98643794522|-164885.32159410443
3.6|1.0|0.8|0.0|-164568.02687409893|-164567.434088792|-164566.80346612504|-164566.16023100473|-164565.47915852442
3.8|1.0|0.8|0.0|-164544.03679012676|-164543.2800429264|-164542.46023345937|-164541.65303644564|-164540.80800207192
4.0|1.0|0.8|0.0|-164762.74879690062|-164761.79025044682|-164760.7812541797|-164759.7974828192|-164758.75064919208
4.2|1.0|0.8|0.0|-164477.8320822343|-164477.113172394|-164476.31858783358|-164475.5744530866|-164474.74203116618
4.4|1.0|0.8|0.0|-164340.63027074115|-164339.60866202065|-164338.5239910335|-164337.46454495302|-164336.35464905915
4.6|1.0|0.8|0.0|-164631.0833412188|-164630.06173249832|-164628.98967396448|-164627.93022788398|-164626.82033199014
4.8|1.0|0.8|0.0|-164809.2427873328|-164808.3346906924|-164807.3761442386|-164806.43021023815|-164805.43382642436
5.0|1.0|0.8|0.0|-164794.340767893|-164793.44528370592|-164792.49934970547|-164791.55341570504|-164790.55703189125
5.2|1.0|0.8|0.0|-164550.10414269287|-164548.8933471723|-164547.60687693174|-164546.33301914448|-164545.03393645052
5.4|1.0|0.8|0.0|-164571.78965128757|-164571.28515315405|-164570.74281766047|-164570.20048216687|-164569.63292176658
5.6|1.0|0.8|0.0|-164669.55057573656|-164669.09652741635|-164668.5920292828|-164668.10014360255|-164667.55780810898
5.8|1.0|0.8|0.0|-164582.39644904563|-164581.92978827207|-164581.40006523184|-164580.8829546449|-164580.32800669802
6.0|1.0|0.8|0.0|-164610.97656093727|-164610.18197637692|-164609.3369420032|-164608.51713253613|-164607.63426080238
6.2|1.0|0.8|0.0|-164655.18996636104|-164654.33231953398|-164653.39899798686|-164652.51612625315|-164651.55757979935
6.4|1.0|0.8|0.0|-164387.06182082274|-164386.06543700895|-164385.00599092845|-164383.97176975463|-164382.8744863141
6.6|1.0|0.8|0.0|-164500.2964269022|-164499.38833026175|-164498.41717135464|-164497.48384980753|-164496.4748535404
6.8|1.0|0.8|0.0|-164359.7056794418|-164358.58317109462|-164357.38498802736|-164356.22464232016|-164355.00123434624
7.0|1.0|0.8|0.0|-164783.39132548508|-164782.495841298|-164781.5372948442|-164780.6039732971|-164779.59497702995
7.2|1.0|0.8|0.0|-164646.14853751386|-164645.27827823345|-164644.34495668634|-164643.42424759257|-164642.4657011388
7.4|1.0|0.8|0.0|-164460.8499038693|-164459.86613250888|-164458.83191133503|-164457.8229150679|-164456.76346898742
7.6|1.0|0.8|0.0|-164683.58582983978|-164682.72818301272|-164681.80747391898|-164680.9119897319|-164679.9534432781
7.8|1.0|0.8|0.0|-164513.46994447708|-164512.81409690346|-164512.10779951647|-164511.41411458282|-164510.68259228911
8.0|1.0|0.8|0.0|-164309.4862942712|-164308.363785924|-164307.1782153101|-164305.99264469623|-164304.76923672232
8.2|1.0|0.8|0.0|-164686.62387402033|-164685.5265905798|-164684.39146977925|-164683.2815738854|-164682.09600327155
8.4|1.0|0.8|0.0|-164447.85750973292|-164446.9746379992|-164446.0413164521|-164445.12060735832|-164444.1494484512
8.6|1.0|0.8|0.0|-164427.4280928312|-164426.7848577109|-164426.09117277723|-164425.42271275027|-164424.67857800328
8.8|1.0|0.8|0.0|-164551.9193501132|-164551.30133989957|-164550.6581047793|-164549.9896447523|-164549.2833473653
9.0|1.0|0.8|0.0|-164358.62962045954|-164357.57017437904|-164356.43505357852|-164355.31254523134|-164354.1521995241
9.2|1.0|0.8|0.0|-164549.3299149484|-164548.2956937746|-164547.1984103341|-164546.1389642536|-164544.99123099973
9.4|1.0|0.8|0.0|-164536.61335681603|-164535.91967188238|-164535.18814958868|-164534.4818522017|-164533.6872676413
9.6|1.0|0.8|0.0|-164253.5450099482|-164252.6495257611|-164251.716204214|-164250.7828826669|-164249.79911130646
9.8|1.0|0.8|0.0|-164520.17227353915|-164519.54165087218|-164518.84796593853|-164518.16689345823|-164517.43537116452
10.0|1.0|0.8|0.0|-164256.88354241665|-164256.36643182975|-164255.78625897615|-164255.21869857586|-164254.6133008156
10.2|1.0|0.8|0.0|-164513.77399202972|-164513.04246973604|-164512.27311008237|-164511.52897533536|-164510.72177832163
10.4|1.0|0.8|0.0|-164460.17106533807|-164459.22513133762|-164458.22874752383|-164457.24497616338|-164456.21075498956
10.6|1.0|0.8|0.0|-164445.94421797144|-164444.82170962426|-164443.6487514637|-164442.4884057565|-164441.2649977826
10.8|1.0|0.8|0.0|-164407.9050587004|-164406.9465122466|-164405.92490352612|-164404.92851971232|-164403.84384872517
11.0|1.0|0.8|0.0|-164403.8534857288|-164402.6174653015|-164401.34360751425|-164400.09497463368|-164398.7832794864
11.2|1.0|0.8|0.0|-164361.26736805937|-164360.35927141894|-164359.3755000585|-164358.44217851138|-164357.43318224425
11.4|1.0|0.8|0.0|-164492.87189296575|-164491.74938461857|-164490.56381400468|-164489.3782433908|-164488.14222296354
11.6|1.0|0.8|0.0|-164787.66124527986|-164786.37477503926|-164785.01263007862|-164783.67571002466|-164782.28834015736
11.8|1.0|0.8|0.0|-164762.20131644825|-164761.10403300775|-164759.95629975386|-164758.82117895337|-164757.6103834328
12.0|1.0|0.8|0.0|-164997.2469968778|-164995.55692813036|-164993.81640956955|-164992.08850346206|-164990.31014754123
12.2|1.0|0.8|0.0|-164843.47596576615|-164841.83634683202|-164840.13366563123|-164838.45620933714|-164836.71569077633
12.4|1.0|0.8|0.0|-164711.41827056595|-164710.44711165884|-164709.42550293836|-164708.4291191246|-164707.36967304407
12.6|1.0|0.8|0.0|-164619.1833992963|-164617.7708045223|-164616.33298484166|-164614.86994025428|-164613.3942832136
12.8|1.0|0.8|0.0|-164906.9869720438|-164906.0788754034|-164905.10771649625|-164904.14917004248|-164903.14017377535
13.0|1.0|0.8|0.0|-164895.22135270445|-164894.18713153066|-164893.0772356368|-164891.9925646496|-164890.84483139575
13.2|1.0|0.8|0.0|-164880.0485713374|-164879.0521875236|-164878.0305788031|-164877.00897008265|-164875.92429909547
13.4|1.0|0.8|0.0|-164683.35572064787|-164682.2710496607|-164681.1359288602|-164680.00080805965|-164678.8152374458
13.6|1.0|0.8|0.0|-165062.64696315528|-165061.76409142153|-165060.83076987442|-165059.92267323402|-165058.96412678025
13.8|1.0|0.8|0.0|-164690.20121604833|-164689.69671791478|-164689.14176996786|-164688.58682202094|-164688.00664916734
14.0|1.0|0.8|0.0|-164771.90468877976|-164771.18577893943|-164770.39119437904|-164769.63444717872|-164768.8020252583
14.2|1.0|0.8|0.0|-164452.9814712886|-164451.77067576806|-164450.4968179808|-164449.23557264687|-164447.93648995293
14.4|1.0|0.8|0.0|-164525.09947948222|-164524.34273228186|-164523.51031036148|-164522.7157258011|-164521.84546652072
14.6|1.0|0.8|0.0|-164428.63943634392|-164427.52954045008|-164426.36919474287|-164425.23407394232|-164424.04850332846
14.8|1.0|0.8|0.0|-164274.54048144544|-164273.48103536494|-164272.3459145644|-164271.23601867055|-164270.0504480567
15.0|1.0|0.8|0.0|-164503.6456963522|-164502.85111179185|-164501.9934649648|-164501.16104304438|-164500.2655588573
15.2|1.0|0.8|0.0|-164481.92078942727|-164481.08836750692|-164480.20549577317|-164479.3226240394|-164478.40191494563
15.4|1.0|0.8|0.0|-164453.16704270136|-164452.01930944747|-164450.80851392692|-164449.622943313|-164448.37431043244
15.6|1.0|0.8|0.0|-164145.01340891726|-164144.3827862503|-164143.70171377|-164143.02064128968|-164142.28911899598
15.8|1.0|0.8|0.0|-164430.5606146548|-164429.84170481446|-164429.05973270742|-164428.27776060038|-164427.45795113337
16.0|1.0|0.8|0.0|-164339.168840438|-164338.2355188909|-164337.26435998382|-164336.30581353002|-164335.28420480955
16.2|1.0|0.8|0.0|-164277.3239201464|-164276.22663670586|-164275.078903452|-164273.95639510482|-164272.78343694427
16.4|1.0|0.8|0.0|-164573.03207409132|-164571.7329913974|-164570.39607134342|-164569.0591512895|-164567.67178142216
16.6|1.0|0.8|0.0|-164555.20486064692|-164553.981452673|-164552.70759488575|-164551.44634955184|-164550.13465440457
16.8|1.0|0.8|0.0|-164582.10722361947|-164580.63156657878|-164579.10545972473|-164577.6171902307|-164576.04063356327
17.0|1.0|0.8|0.0|-164599.74486742582|-164598.86199569207|-164597.95389905164|-164597.04580241122|-164596.08725595742
17.2|1.0|0.8|0.0|-164015.0441430733|-164014.26217096625|-164013.42974904584|-164012.62255203215|-164011.75229275174
17.4|1.0|0.8|0.0|-164073.42476703716|-164072.2518088766|-164071.0284009027|-164069.81760538212|-164068.56897250155
17.6|1.0|0.8|0.0|-164417.6548219198|-164416.22961469248|-164414.7539576518|-164413.29091306444|-164411.77741866373
17.8|1.0|0.8|0.0|-164473.24768120996|-164472.9702072365|-164472.65489590302|-164472.33958456953|-164471.98643587602
18.0|1.0|0.8|0.0|-164258.8644575693|-164257.80501148882|-164256.6825031416|-164255.57260724777|-164254.41226154056
18.2|1.0|0.8|0.0|-164259.09478221476|-164258.47677200113|-164257.8083119741|-164257.1524644005|-164256.43355456018
18.4|1.0|0.8|0.0|-164561.10130656106|-164560.3823967207|-164559.6004246137|-164558.81845250668|-164558.01125549295
18.6|1.0|0.8|0.0|-164384.19681930245|-164383.13737322195|-164382.05270223477|-164380.98064370095|-164379.8455229004
18.8|1.0|0.8|0.0|-164519.89503808774|-164518.93649163394|-164517.9274953668|-164516.94372400636|-164515.88427792586
19.0|1.0|0.8|0.0|-163896.1291646215|-163895.0444936343|-163893.89676038045|-163892.76163957993|-163891.5634565127
19.2|1.0|0.8|0.0|-163922.8716965139|-163921.57261381997|-163920.235693766|-163918.89877371205|-163917.51140384475
19.4|1.0|0.8|0.0|-164388.53734595422|-164387.5661870471|-164386.5445783266|-164385.52296960613|-164384.45091107232
19.6|1.0|0.8|0.0|-164164.64582547164|-164163.7629537379|-164162.81701973744|-164161.8963106437|-164160.91253928322
19.8|1.0|0.8|0.0|-164406.0229574775|-164404.9382864903|-164403.80316568978|-164402.66804488926|-164401.48247427534
20.0|1.0|0.8|0.0|-164295.6387658527|-164294.60454467888|-164293.53248614504|-164292.48565251788|-164291.35053171738
20.2|1.0|0.8|0.0|-164379.5453982872|-164378.58685183345|-164377.5526306596|-164376.54363439247|-164375.484188312
20.4|1.0|0.8|0.0|-164383.05964160006|-164382.3281193064|-164381.52092229266|-164380.75156263896|-164379.9191407186
20.6|1.0|0.8|0.0|-164442.1363730409|-164441.15260168046|-164440.14360541332|-164439.12199669285|-164438.0751630657
20.8|1.0|0.8|0.0|-164333.3161256302|-164332.5215410698|-164331.6765066961|-164330.84408477572|-164329.96121304197
21.0|1.0|0.8|0.0|-164178.97753411825|-164177.5144895309|-164175.98838267685|-164174.4875007295|-164172.92355651542
21.2|1.0|0.8|0.0|-164085.5192548747|-164084.01837292733|-164082.45442871327|-164080.91570940588|-164079.32654028514
21.4|1.0|0.8|0.0|-164261.6532295341|-164260.59378345357|-164259.49650001308|-164258.39921657258|-164257.26409577203
21.6|1.0|0.8|0.0|-163978.76675991004|-163977.5938017495|-163976.37039377558|-163975.159598255|-163973.8983529211
21.8|1.0|0.8|0.0|-164353.85299744003|-164352.83138871958|-164351.75933018574|-164350.71249655858|-164349.5899882114
22.0|1.0|0.8|0.0|-164236.625772155|-164235.3014645544|-164233.92670714043|-164232.57717463313|-164231.1519674058
22.2|1.0|0.8|0.0|-163985.74796964414|-163984.92816017708|-163984.07051335002|-163983.2254789763|-163982.3299947892
22.4|1.0|0.8|0.0|-164144.89029181196|-164143.74255855806|-164142.54437549083|-164141.35880487697|-164140.12278444972
22.6|1.0|0.8|0.0|-164534.78847411106|-164533.85515256395|-164532.8713812035|-164531.90022229636|-164530.87861357591
22.8|1.0|0.8|0.0|-164588.0130272025|-164587.15538037545|-164586.2346712817|-164585.32657464128|-164584.38064064083
23.0|1.0|0.8|0.0|-164535.4891081794|-164534.17741303213|-164532.80265561814|-164531.45312311084|-164530.04052833686
23.2|1.0|0.8|0.0|-164340.45053043208|-164339.25234736485|-164337.9911020309|-164336.7424691503|-164335.45599890975
23.4|1.0|0.8|0.0|-164532.7634846636|-164532.0193499166|-164531.23737780956|-164530.4680181559|-164529.6355962355
23.6|1.0|0.8|0.0|-164576.58053404532|-164575.6976623116|-164574.75172831115|-164573.83101921738|-164572.8472478569
23.8|1.0|0.8|0.0|-164369.7079035993|-164368.18179674525|-164366.6178525312|-164365.0412958638|-164363.41428938304
24.0|1.0|0.8|0.0|-164410.85139160897|-164409.38834702165|-164407.87485262094|-164406.38658312694|-164404.82263891285
24.2|1.0|0.8|0.0|-164566.18177482826|-164565.3871902679|-164564.54215589416|-164563.70973397378|-164562.82686224004
24.4|1.0|0.8|0.0|-164147.27966039916|-164146.42201357207|-164145.50130447833|-164144.58059538456|-164143.60943647745
24.6|1.0|0.8|0.0|-164343.27154265434|-164342.21209657387|-164341.07697577332|-164339.9418549728|-164338.79412171894
24.8|1.0|0.8|0.0|-164587.35423196817|-164586.5848723145|-164585.7524503941|-164584.95786583374|-164584.0876065533
25.0|1.0|0.8|0.0|-164356.44482228946|-164355.22141431557|-164353.96016898163|-164352.69892364772|-164351.38722850045
25.2|1.0|0.8|0.0|-164419.73426843883|-164418.7252721717|-164417.67843854454|-164416.63160491738|-164415.53432147685
25.4|1.0|0.8|0.0|-164262.06400521993|-164261.49644481967|-164260.8532096994|-164260.23519948576|-164259.56673945877
25.6|1.0|0.8|0.0|-164314.83838185098|-164313.77893577048|-164312.66903987664|-164311.55914398277|-164310.42402318225
25.8|1.0|0.8|0.0|-164279.98721501845|-164278.57462024444|-164277.1115756571|-164275.64853106975|-164274.13503666903
26.0|1.0|0.8|0.0|-164171.42217488636|-164170.47624088594|-164169.4672446188|-164168.45824835167|-164167.4114147245
26.2|1.0|0.8|0.0|-164255.33282695216|-164254.29860577834|-164253.20132233785|-164252.14187625732|-164250.99414300348
26.4|1.0|0.8|0.0|-164277.88308472713|-164276.8488635533|-164275.7894174728|-164274.72997139234|-164273.60746304516
26.6|1.0|0.8|0.0|-163808.6310406644|-163807.42024514382|-163806.18422471656|-163804.973429196|-163803.69957140874
26.8|1.0|0.8|0.0|-164188.73254694822|-164187.73616313442|-164186.65149214724|-164185.59204606674|-164184.4821501729
27.0|1.0|0.8|0.0|-163983.5153186659|-163982.7459590122|-163981.90092463847|-163981.09372762477|-163980.21085589103
27.2|1.0|0.8|0.0|-163634.68833350047|-163633.50276288658|-163632.254130006|-163631.04333448544|-163629.76947669816
27.4|1.0|0.8|0.0|-163609.58164494098|-163608.59787358053|-163607.56365240674|-163606.54204368623|-163605.45737269905
27.6|1.0|0.8|0.0|-163927.80204083136|-163926.47773323074|-163925.09036336344|-163923.7282184028|-163922.3156236288
27.8|1.0|0.8|0.0|-163702.93867261944|-163701.62697747216|-163700.26483251152|-163698.92791245758|-163697.51531768357
28.0|1.0|0.8|0.0|-163618.1277004459|-163616.91690492534|-163615.63043468475|-163614.3691893508|-163613.05749420353
28.2|1.0|0.8|0.0|-164025.00544516888|-164024.2739228752|-164023.51717567485|-164022.7604284745|-164021.94061900745
28.4|1.0|0.8|0.0|-164118.15731047207|-164117.76632441857|-164117.3248885517|-164116.89606513816|-164116.41679191127
28.6|1.0|0.8|0.0|-163986.02500077762|-163985.06645432382|-163984.03223315004|-163983.02323688287|-163981.96379080237
28.8|1.0|0.8|0.0|-164193.5556492206|-164192.48359068678|-164191.37369479294|-164190.26379889908|-164189.12867809855
29.0|1.0|0.8|0.0|-163860.6321995582|-163859.67365310443|-163858.6646568373|-163857.6682730235|-163856.62143939635
29.2|1.0|0.8|0.0|-164121.76834897147|-164121.02421422445|-164120.20440475742|-164119.4224326504|-164118.5647858233
29.4|1.0|0.8|0.0|-164318.06684839222|-164317.17136420513|-164316.23804265802|-164315.30472111094|-164314.3209497505
29.6|1.0|0.8|0.0|-164299.4965650497|-164298.23531971575|-164296.92362456847|-164295.63715432788|-164294.27500936727
29.8|1.0|0.8|0.0|-164138.50331704324|-164137.3681962427|-164136.1700131755|-164134.97183010826|-164133.76103458772
30.0|1.0|0.8|0.0|-164244.04432658578|-164242.95965559862|-164241.81192234473|-164240.66418909086|-164239.47861847698
30.2|1.0|0.8|0.0|-164240.52081208368|-164239.68839016327|-164238.80551842952|-164237.9226466958|-164236.9893251487
30.4|1.0|0.8|0.0|-164367.81322340344|-164366.87990185633|-164365.8835180425|-164364.91235913543|-164363.89075041492
30.6|1.0|0.8|0.0|-164313.40654259166|-164312.32187160448|-164311.17413835062|-164310.0516300034|-164308.86605938955
30.8|1.0|0.8|0.0|-164402.9564063574|-164401.68254857016|-164400.39607832956|-164399.10960808897|-164397.77268803498
31.0|1.0|0.8|0.0|-164927.63570043098|-164926.77805360392|-164925.86995696352|-164924.96186032306|-164924.0033138693
31.2|1.0|0.8|0.0|-164623.14585191573|-164621.8215443151|-164620.44678690113|-164619.0846419405|-164617.64682225985
31.4|1.0|0.8|0.0|-164176.5836139614|-164175.70074222767|-164174.76742068055|-164173.84671158678|-164172.87555267967
31.6|1.0|0.8|0.0|-164230.32956728834|-164229.48453291462|-164228.58904872753|-164227.7061769938|-164226.77285544667
31.8|1.0|0.8|0.0|-163986.48998491978|-163985.60711318607|-163984.6611791856|-163983.74047009184|-163982.7566987314
32.0|1.0|0.8|0.0|-164259.79990997|-164258.81613860952|-164257.7693049824|-164256.72247135523|-164255.63780036804
32.2|1.0|0.8|0.0|-164257.71400095278|-164256.64194241894|-164255.50682161842|-164254.39692572455|-164253.23658001734
32.4|1.0|0.8|0.0|-163948.3486787281|-163947.37751982096|-163946.3306861938|-163945.3216899267|-163944.2622438462
32.6|1.0|0.8|0.0|-164034.22806683095|-164033.49654453728|-164032.71457243024|-164031.93260032323|-164031.11279085616
32.8|1.0|0.8|0.0|-164043.3887422477|-164042.36713352724|-164041.28246254005|-164040.23562891292|-164039.11312056574
33.0|1.0|0.8|0.0|-164126.10121124628|-164125.2687893259|-164124.36069268547|-164123.47782095172|-164122.5444994046
33.2|1.0|0.8|0.0|-163940.79204395332|-163939.93439712626|-163939.0263004858|-163938.1182038454|-163937.15965739163
33.4|1.0|0.8|0.0|-164322.8797430194|-164321.93380901896|-164320.9500376585|-164319.9788787514|-164318.94465757758
33.6|1.0|0.8|0.0|-164636.16175739976|-164634.8500622525|-164633.51314219853|-164632.16360969126|-164630.7636273706
33.8|1.0|0.8|0.0|-164186.71700117242|-164185.6827799986|-164184.5854965581|-164183.50082557093|-164182.3657047704
34.0|1.0|0.8|0.0|-164434.9780764951|-164433.9060179613|-164432.77089716078|-164431.6483888136|-164430.4880431064
34.2|1.0|0.8|0.0|-164339.72714726775|-164338.6803136406|-164337.57041774676|-164336.4857467596|-164335.3380135057
34.4|1.0|0.8|0.0|-164280.66619649233|-164279.30405153168|-164277.87884430436|-164276.46624953035|-164275.01581739637
34.6|1.0|0.8|0.0|-164219.7484015744|-164219.38264042756|-164218.9790419207|-164218.5628309605|-164218.09617018697
34.8|1.0|0.8|0.0|-164456.14051756763|-164455.81259378078|-164455.40899527396|-164455.0306216738|-164454.60179826024
35.0|1.0|0.8|0.0|-164568.54618324022|-164568.1173598267|-164567.6128616931|-164567.1335884662|-164566.60386542598
35.2|1.0|0.8|0.0|-164368.68924762707|-164367.8568257067|-164366.96134151958|-164366.07846978583|-164365.14514823875
35.4|1.0|0.8|0.0|-164571.92974096403|-164570.3153469366|-164568.6631155492|-164566.9982717084|-164565.30820296094
35.6|1.0|0.8|0.0|-164645.20809486488|-164643.73243782416|-164642.2063309701|-164640.70544902276|-164639.14150480868
35.8|1.0|0.8|0.0|-164414.50261501395|-164413.45578138682|-164412.33327303964|-164411.24860205248|-164410.08825634525
36.0|1.0|0.8|0.0|-164259.6677678496|-164258.81012102254|-164257.88941192877|-164257.00654019506|-164256.03538128792
36.2|1.0|0.8|0.0|-164661.39763096286|-164660.56520904246|-164659.65711240206|-164658.77424066828|-164657.8409191212
36.4|1.0|0.8|0.0|-164461.32892127233|-164460.63523633868|-164459.87848913833|-164459.14696684465|-164458.3649947376
36.6|1.0|0.8|0.0|-164488.90133699848|-164488.14458979815|-164487.33739278445|-164486.5301957707|-164485.67254894366
36.8|1.0|0.8|0.0|-164415.05448911112|-164413.90675585726|-164412.68334788337|-164411.48516481614|-164410.2491443889
37.0|1.0|0.8|0.0|-164302.57173349103|-164301.7266991173|-164300.84382738353|-164299.94834319648|-164299.0276341027
37.2|1.0|0.8|0.0|-164336.32265862677|-164335.41456198634|-164334.45601553257|-164333.52269398546|-164332.52631017167
37.4|1.0|0.8|0.0|-164369.9474592291|-164369.19071202874|-164368.4087399217|-164367.63938026802|-164366.79434589428
37.6|1.0|0.8|0.0|-164463.3552886593|-164462.80034071236|-164462.1949429521|-164461.5895451918|-164460.9463100715
37.8|1.0|0.8|0.0|-164328.4022836272|-164327.75904850685|-164327.0527511199|-164326.37167863955|-164325.61493143922
38.0|1.0|0.8|0.0|-164349.4168059883|-164348.3951972678|-164347.32313873398|-164346.2384677468|-164345.1159593996
38.2|1.0|0.8|0.0|-164365.30387827178|-164364.61019333813|-164363.84083368443|-164363.12192384413|-164362.3147268304
38.4|1.0|0.8|0.0|-164220.09223658373|-164219.0201780499|-164217.89766970268|-164216.8003862622|-164215.64004055498
38.6|1.0|0.8|0.0|-164318.41995729523|-164316.9947500679|-164315.53170548056|-164314.06866089324|-164312.55516649253
38.8|1.0|0.8|0.0|-164585.6533951832|-164584.65701136942|-164583.61017774226|-164582.57595656844|-164581.4912855813
39.0|1.0|0.8|0.0|-164691.47308017735|-164690.17399748342|-164688.79924006943|-164687.4623200155|-164686.07495014818
39.2|1.0|0.8|0.0|-164599.5535202412|-164598.45623680067|-164597.28327864013|-164596.13554538626|-164594.93736231903
39.4|1.0|0.8|0.0|-164591.79828865195|-164591.16766598498|-164590.48659350467|-164589.80552102433|-164589.09922363737
39.6|1.0|0.8|0.0|-164332.34794689136|-164330.89751475738|-164329.37140790332|-164327.88313840926|-164326.33180664858
39.8|1.0|0.8|0.0|-164442.27368067135|-164441.07549760415|-164439.82686472355|-164438.5908442963|-164437.2917616024
40.0|1.0|0.8|0.0|-164402.74886760782|-164401.99212040746|-164401.1975358471|-164400.41556374007|-164399.57052936635
40.2|1.0|0.8|0.0|-164309.50500007102|-164308.3824917238|-164307.2095335633|-164306.0491878561|-164304.82577988217
40.4|1.0|0.8|0.0|-164308.96904011563|-164308.11139328856|-164307.2032966481|-164306.30781246105|-164305.36187846062
40.6|1.0|0.8|0.0|-164288.83871802306|-164287.7540470359|-164286.60631378205|-164285.48380543484|-164284.29823482098
40.8|1.0|0.8|0.0|-164865.05126127834|-164863.94136538447|-164862.75579477058|-164861.58283661003|-164860.3720410895
41.0|1.0|0.8|0.0|-164597.23378256077|-164595.75812552008|-164594.20679375937|-164592.70591181197|-164591.12935514457
41.2|1.0|0.8|0.0|-164733.05729257074|-164731.8591095035|-164730.62308907625|-164729.38706864903|-164728.1005984084
41.4|1.0|0.8|0.0|-164475.11947874437|-164473.8834583171|-164472.59698807652|-164471.3357427426|-164470.02404759533
41.6|1.0|0.8|0.0|-164488.52882451148|-164487.64595277776|-164486.70001877734|-164485.79192213688|-164484.8333756831
41.8|1.0|0.8|0.0|-164233.84359799777|-164232.87243909066|-164231.85083037018|-164230.84183410305|-164229.78238802255
42.0|1.0|0.8|0.0|-164329.10359527348|-164328.1072114597|-164327.0477653792|-164326.00093175206|-164324.90364831153
42.2|1.0|0.8|0.0|-164011.83790771483|-164010.765849181|-164009.6433408338|-164008.53344493997|-164007.37309923276
42.4|1.0|0.8|0.0|-164020.94409902574|-164019.73330350517|-164018.43422081124|-164017.18558793067|-164015.8486678767
42.6|1.0|0.8|0.0|-164247.87795587743|-164246.85634715695|-164245.7842886231|-164244.71223008927|-164243.5897217421
42.8|1.0|0.8|0.0|-164665.57910699546|-164664.6583979017|-164663.67462654124|-164662.71608008744|-164661.68185891365
43.0|1.0|0.8|0.0|-164436.12074339518|-164435.11174712804|-164434.0649135009|-164433.01807987373|-164431.93340888654
43.2|1.0|0.8|0.0|-164422.61535462292|-164421.3036594756|-164419.92890206166|-164418.566757101|-164417.15416232703
43.4|1.0|0.8|0.0|-164367.19623465042|-164365.88453950314|-164364.4971696358|-164363.1350246752|-164361.7224299012
43.6|1.0|0.8|0.0|-164652.92967711226|-164651.85761857845|-164650.73511023124|-164649.6252143374|-164648.4648686302
43.8|1.0|0.8|0.0|-164414.34480165323|-164413.05833141264|-164411.72141135868|-164410.38449130472|-164408.9971214374
44.0|1.0|0.8|0.0|-164325.57636007512|-164324.47907663463|-164323.31873092742|-164322.17099767356|-164320.97281460633
44.2|1.0|0.8|0.0|-164380.40269474068|-164379.24234903348|-164378.0567784196|-164376.87120780573|-164375.63518737847
44.4|1.0|0.8|0.0|-164914.9436921632|-164913.88424608269|-164912.77435018885|-164911.68967920166|-164910.52933349446
44.6|1.0|0.8|0.0|-164579.03847409636|-164577.73939140246|-164576.38985889513|-164575.06555129454|-164573.69079388055
44.8|1.0|0.8|0.0|-164447.78844343897|-164446.88034679857|-164445.93441279812|-164445.01370370435|-164444.0299323439
45.0|1.0|0.8|0.0|-164555.38469380664|-164554.5522718863|-164553.66940015252|-164552.7991408721|-164551.865819325
45.2|1.0|0.8|0.0|-164453.94102492367|-164452.6419422297|-164451.29240972243|-164449.94287721513|-164448.55550734783
45.4|1.0|0.8|0.0|-164765.51469520174|-164764.39218685456|-164763.219228694|-164762.07149544015|-164760.84808746623
45.6|1.0|0.8|0.0|-164314.63210077825|-164313.33301808432|-164311.99609803036|-164310.67179042974|-164309.2718081091
45.8|1.0|0.8|0.0|-164628.7071819315|-164627.76124793105|-164626.7774765706|-164625.8063176635|-164624.79732139633
46.0|1.0|0.8|0.0|-164786.2665003208|-164785.15660442697|-164783.98364626642|-164782.83591301256|-164781.625117492
46.2|1.0|0.8|0.0|-164624.89567787058|-164623.8110068834|-164622.67588608284|-164621.54076528232|-164620.39303202846
46.4|1.0|0.8|0.0|-164735.1937356897|-164734.29825150262|-164733.35231750217|-164732.4189959551|-164731.43522459464
46.6|1.0|0.8|0.0|-164591.02612042383|-164590.00451170336|-164588.9450656229|-164587.8856195424|-164586.76311119518
46.8|1.0|0.8|0.0|-164503.8350303913|-164502.53594769735|-164501.1738027367|-164499.8494951361|-164498.43690036208
47.0|1.0|0.8|0.0|-164556.10390548944|-164555.01923450225|-164553.8841137017|-164552.76160535452|-164551.588647194
47.2|1.0|0.8|0.0|-164471.43193902774|-164470.54906729396|-164469.61574574685|-164468.68242419977|-164467.72387774597
47.4|1.0|0.8|0.0|-164715.79162847387|-164714.65650767335|-164713.4835495128|-164712.31059135223|-164711.09979583166
47.6|1.0|0.8|0.0|-164655.48079807946|-164655.02674975927|-164654.497026719|-164653.99252858543|-164653.43758063854
47.8|1.0|0.8|0.0|-164497.08257096124|-164496.06096224076|-164494.98890370692|-164493.92945762642|-164492.81956173258
48.0|1.0|0.8|0.0|-164478.03776641903|-164476.87742071183|-164475.6918500979|-164474.50627948405|-164473.2702590568
48.2|1.0|0.8|0.0|-164289.3554644644|-164287.60233345025|-164285.78614016942|-164284.0077842486|-164282.16636606105
48.4|1.0|0.8|0.0|-164668.3218499477|-164667.4515906673|-164666.54349402688|-164665.6480098398|-164664.68946338602
48.6|1.0|0.8|0.0|-164263.04588679882|-164261.62067957147|-164260.1197976241|-164258.61891567675|-164257.08019636938
48.8|1.0|0.8|0.0|-164104.36518151427|-164103.36879770044|-164102.33457652663|-164101.31296780615|-164100.228296819
49.0|1.0|0.8|0.0|-164166.89551949775|-164166.012647764|-164165.05410131023|-164164.1460046698|-164163.13700840267
49.2|1.0|0.8|0.0|-164377.13250420906|-164376.3000822887|-164375.4045981016|-164374.53433882122|-164373.61362972742
49.4|1.0|0.8|0.0|-164559.51720458586|-164558.5334332254|-164557.4992120516|-164556.47760333112|-164555.40554479728
49.6|1.0|0.8|0.0|-164380.54054082232|-164379.55676946187|-164378.49732338137|-164377.46310220758|-164376.35320631368
49.8|1.0|0.8|0.0|-164254.7795995489|-164253.4931293083|-164252.18143416103|-164250.86973901375|-164249.49498159977
50.0|1.0|0.8|0.0|-164350.93820915927|-164350.13101214558|-164349.2733653185|-164348.41571849142|-164347.50762185102
50.2|1.0|0.8|0.0|-163963.93759592276|-163963.09256154904|-163962.19707736195|-163961.3142056282|-163960.35565917444
50.4|1.0|0.8|0.0|-164394.18936161432|-164393.05424081377|-164391.8434452932|-164390.67048713268|-164389.44707915874
50.6|1.0|0.8|0.0|-164092.6977171421|-164092.25628127524|-164091.7896205017|-164091.32295972813|-164090.78062423455
50.8|1.0|0.8|0.0|-163984.05404407813|-163983.51170858456|-163982.9189232776|-163982.35136287735|-163981.72074021038
51.0|1.0|0.8|0.0|-164274.82154336033|-164274.1656957867|-164273.43417349303|-164272.7531010127|-164271.99635381234
51.2|1.0|0.8|0.0|-163859.5369485011|-163859.0576752742|-163858.55317714062|-163858.03606655376|-163857.46850615347
51.4|1.0|0.8|0.0|-164244.84071483114|-164243.71820648396|-164242.55786077672|-164241.41012752286|-164240.19933200232
51.6|1.0|0.8|0.0|-163996.12255375128|-163994.81085860403|-163993.4487136434|-163992.08656868275|-163990.67397390876
51.8|1.0|0.8|0.0|-163791.45809453508|-163790.54999789465|-163789.59145144088|-163788.65812989377|-163787.64913362663
52.0|1.0|0.8|0.0|-164046.36029287928|-164045.37652151883|-164044.32968789167|-164043.29546671783|-164042.19818327733
52.2|1.0|0.8|0.0|-164190.67198398654|-164189.7638873461|-164188.8179533457|-164187.87201934523|-164186.88824798478
52.4|1.0|0.8|0.0|-163809.82355762616|-163808.8650111724|-163807.85601490526|-163806.8470186381|-163805.80018501094
52.6|1.0|0.8|0.0|-164408.88413762886|-164407.9382036284|-164406.94181981462|-164405.94543600082|-164404.911214827
52.8|1.0|0.8|0.0|-164010.28158720033|-164009.00772941308|-164007.67080935912|-164006.35911421184|-164004.9969692512
53.0|1.0|0.8|0.0|-164211.77983018346|-164210.871733543|-164209.91318708923|-164208.95464063546|-164207.95825682164
53.2|1.0|0.8|0.0|-164158.0466208819|-164157.31509858824|-164156.52051402788|-164155.7259294675|-164154.89350754712
53.4|1.0|0.8|0.0|-164209.6480552514|-164209.08049485114|-164208.44987218417|-164207.85708687722|-164207.18862685023
53.6|1.0|0.8|0.0|-164296.350561922|-164295.73255170838|-164295.06409168142|-164294.40824410776|-164293.70194672077
53.8|1.0|0.8|0.0|-164296.56734923332|-164295.9745639264|-164295.35655371277|-164294.73854349914|-164294.0448585655
54.0|1.0|0.8|0.0|-164270.49331624887|-164269.97620566195|-164269.42125771503|-164268.8663097681|-164268.26091200783
54.2|1.0|0.8|0.0|-164339.97850236943|-164339.28481743578|-164338.54068268876|-164337.8091603951|-164337.01457583474
54.4|1.0|0.8|0.0|-164280.15940944187|-164278.73420221455|-164277.25854517386|-164275.80811303982|-164274.2946186391
54.6|1.0|0.8|0.0|-164057.1167415419|-164056.3473818882|-164055.5149599678|-164054.72037540743|-164053.85011612705
54.8|1.0|0.8|0.0|-164536.1069857173|-164535.2997887036|-164534.4295294232|-164533.5971075028|-164532.6637859557
55.0|1.0|0.8|0.0|-164334.96392727058|-164333.6522321233|-164332.27747470935|-164330.9153297487|-164329.49012252138
55.2|1.0|0.8|0.0|-164584.54149971408|-164583.35592910022|-164582.1325211263|-164580.9091131524|-164579.64786781848
55.4|1.0|0.8|0.0|-164404.89672289137|-164403.71115227748|-164402.47513185025|-164401.239111423|-164399.9526411824
55.6|1.0|0.8|0.0|-164075.6512574639|-164074.42784949002|-164073.16660415608|-164071.90535882217|-164070.58105122155
55.8|1.0|0.8|0.0|-164623.97542593835|-164623.1934538313|-164622.3484194576|-164621.52860999055|-164620.65835071012
56.0|1.0|0.8|0.0|-164368.92126569484|-164368.2275807612|-164367.4960584675|-164366.77714862715|-164365.99517652014
56.2|1.0|0.8|0.0|-164674.9698418169|-164673.9734580031|-164672.92662437595|-164671.8797907488|-164670.79511976163
56.4|1.0|0.8|0.0|-164420.80039104074|-164420.16976837377|-164419.5013083468|-164418.84546077315|-164418.13916338616
56.6|1.0|0.8|0.0|-164943.92342105848|-164943.49459764495|-164942.96487460472|-164942.4729889245|-164941.9306534309
56.8|1.0|0.8|0.0|-164439.0973637032|-164438.08836743605|-164437.00369644887|-164435.94425036837|-164434.8217420212
57.0|1.0|0.8|0.0|-164473.0210801536|-164472.16343332652|-164471.24272423275|-164470.34724004567|-164469.37608113856
57.2|1.0|0.8|0.0|-164458.2645097467|-164457.31857574626|-164456.3348043858|-164455.37625793205|-164454.35464921154
57.4|1.0|0.8|0.0|-164209.02165526614|-164208.21445825245|-164207.34419897207|-164206.51177705167|-164205.61629286458
57.6|1.0|0.8|0.0|-164246.4573255531|-164245.05734323245|-164243.60691109844|-164242.1690914178|-164240.6555970171
57.8|1.0|0.8|0.0|-164472.8350788502|-164471.86391994308|-164470.8423112226|-164469.80809004878|-164468.74864396828
58.0|1.0|0.8|0.0|-164485.3560283343|-164484.3596445205|-164483.30019844003|-164482.27858971953|-164481.19391873237
58.2|1.0|0.8|0.0|-164620.97071538054|-164620.39054252693|-164619.75991985996|-164619.14190964634|-164618.47344961937
58.4|1.0|0.8|0.0|-164596.28971724212|-164595.50774513508|-164594.66271076136|-164593.8429012943|-164592.9474171072
58.6|1.0|0.8|0.0|-164639.2188229537|-164638.36117612664|-164637.42785457952|-164636.51975793912|-164635.548599032
58.8|1.0|0.8|0.0|-164758.57331219947|-164757.76611518575|-164756.89585590534|-164756.0760464383|-164755.16794979788
59.0|1.0|0.8|0.0|-164869.3363974355|-164868.65532495518|-164867.9238026615|-164867.19228036783|-164866.4229207141
59.2|1.0|0.8|0.0|-164549.7232574553|-164548.94128534826|-164548.13408833457|-164547.30166641416|-164546.41879468042
59.4|1.0|0.8|0.0|-164745.12480486647|-164744.46895729285|-164743.76265990586|-164743.06897497218|-164742.31222777182
59.6|1.0|0.8|0.0|-164535.15268167527|-164534.32025975487|-164533.4500004745|-164532.57974119406|-164531.65903210032
59.8|1.0|0.8|0.0|-164802.1822745672|-164801.23634056677|-164800.23995675295|-164799.28141029918|-164798.24718912537
60.0|1.0|0.8|0.0|-164418.7132432418|-164418.0069458548|-164417.2375862011|-164416.4934514541|-164415.69886689374
60.2|1.0|0.8|0.0|-164659.0395831712|-164658.0179744507|-164656.9333034635|-164655.87385738303|-164654.75134903585
60.4|1.0|0.8|0.0|-164364.5135727939|-164363.6180886068|-164362.6847670597|-164361.75144551264|-164360.7802866055
60.6|1.0|0.8|0.0|-164437.7843313915|-164436.57353587094|-164435.28706563034|-164434.0132078431|-164432.68890024244
60.8|1.0|0.8|0.0|-164513.8713139598|-164512.64790598588|-164511.37404819863|-164510.11280286472|-164508.78849526407
61.0|1.0|0.8|0.0|-164131.0278674399|-164129.99364626608|-164128.89636282556|-164127.82430429175|-164126.6891834912
61.2|1.0|0.8|0.0|-164389.17532938876|-164388.3176825617|-164387.39697346793|-164386.48887682753|-164385.53033037373
61.4|1.0|0.8|0.0|-164137.7507641467|-164137.19581619982|-164136.5778059862|-164135.98502067925|-164135.3291731056
61.6|1.0|0.8|0.0|-163860.20160454186|-163859.2052207281|-163858.15838710094|-163857.0989410204|-163856.01427003325
61.8|1.0|0.8|0.0|-164217.67636953515|-164217.0457468682|-164216.36467438788|-164215.69621436088|-164214.97730452058
62.0|1.0|0.8|0.0|-164053.06630192717|-164052.2338800068|-164051.35100827302|-164050.48074899265|-164049.5348149922
62.2|1.0|0.8|0.0|-163979.32731812063|-163978.34354676015|-163977.28410067968|-163976.27510441255|-163975.17782097202
62.4|1.0|0.8|0.0|-164242.92725785644|-164241.70384988256|-164240.44260454865|-164239.19397166805|-164237.86966406743
62.6|1.0|0.8|0.0|-163977.93251810726|-163976.55776069328|-163975.1199410126|-163973.6947337853|-163972.23168919794
62.8|1.0|0.8|0.0|-164053.70783120225|-164052.5348730417|-164051.2862401611|-164050.06283218722|-164048.78897439997
63.0|1.0|0.8|0.0|-164246.37445996032|-164244.8861904663|-164243.33485870558|-164241.8213643049|-164240.2195827308
63.2|1.0|0.8|0.0|-164330.53784053898|-164329.47839445848|-164328.38111101795|-164327.28382757746|-164326.1487067769
63.4|1.0|0.8|0.0|-164657.7570865713|-164657.02556427763|-164656.2435921706|-164655.48684497026|-164654.6670355032
63.6|1.0|0.8|0.0|-164520.5119618437|-164519.67953992332|-164518.78405573624|-164517.9137964558|-164516.96786245538
63.8|1.0|0.8|0.0|-164358.5302236082|-164357.29420318097|-164355.99512048703|-164354.72126269978|-164353.39695509913
64.0|1.0|0.8|0.0|-164269.61783682142|-164269.05027642116|-164268.40704130087|-164267.8016435406|-164267.12057106028
64.2|1.0|0.8|0.0|-164394.7838237598|-164394.0901388261|-164393.3460040791|-164392.61448178542|-164391.83250967838
64.4|1.0|0.8|0.0|-164269.80034424437|-164268.70306080385|-164267.53010264333|-164266.39498184278|-164265.20941122892
64.6|1.0|0.8|0.0|-164632.1502027805|-164631.4439053935|-164630.69977064652|-164629.96824835284|-164629.1862762458
64.8|1.0|0.8|0.0|-164440.73162605235|-164440.10100338538|-164439.39470599842|-164438.73885842477|-164438.0073361311
65.0|1.0|0.8|0.0|-164616.549225601|-164616.09517728075|-164615.5906791472|-164615.11140592032|-164614.55645797338
65.2|1.0|0.8|0.0|-164688.96337745344|-164687.94176873294|-164686.8570977458|-164685.79765166526|-164684.67514331808
65.4|1.0|0.8|0.0|-164220.11297148466|-164219.44451145767|-164218.72560161733|-164218.03191668369|-164217.26255703002
65.6|1.0|0.8|0.0|-164404.51330105902|-164403.5043047919|-164402.4448587114|-164401.3854126309|-164400.30074164373
65.8|1.0|0.8|0.0|-164366.81056978152|-164366.28084674125|-164365.6880614343|-164365.12050103405|-164364.4898783671
66.0|1.0|0.8|0.0|-164087.59607775803|-164086.6879811176|-164085.7294346638|-164084.78350066338|-164083.77450439625
66.2|1.0|0.8|0.0|-164211.93521202926|-164211.25413954895|-164210.5352297086|-164209.8163198683|-164209.0595726679
66.4|1.0|0.8|0.0|-164154.36983883014|-164153.46174218974|-164152.5158081893|-164151.56987418886|-164150.58610282838
66.6|1.0|0.8|0.0|-164504.52490993188|-164503.81861254488|-164503.03664043784|-164502.2798932375|-164501.4726962238
66.8|1.0|0.8|0.0|-164256.13109890925|-164255.22300226882|-164254.23923090837|-164253.2932969079|-164252.29691309412
67.0|1.0|0.8|0.0|-164164.33892050243|-164163.02722535512|-164161.69030530116|-164160.35338524723|-164158.9660153799
67.2|1.0|0.8|0.0|-164439.84244509082|-164439.27488469056|-164438.6442620236|-164438.03886426333|-164437.38301668968
67.4|1.0|0.8|0.0|-164171.94424756695|-164171.38929962006|-164170.78390185974|-164170.1911165528|-164169.54788143252
67.6|1.0|0.8|0.0|-164402.01484887555|-164401.33377639524|-164400.58964164823|-164399.87073180787|-164399.08875970086
67.8|1.0|0.8|0.0|-164097.92859886712|-164097.15923921345|-164096.33942974638|-164095.54484518603|-164094.68719835897
68.0|1.0|0.8|0.0|-164450.8580420899|-164450.22741942297|-164449.558959396|-164448.890499369|-164448.18420198202
68.2|1.0|0.8|0.0|-164329.844507018|-164328.83551075085|-164327.763452217|-164326.71661858985|-164325.61933514936
68.4|1.0|0.8|0.0|-164148.69126728748|-164148.03541971385|-164147.32912232686|-164146.6354373932|-164145.87869019285
68.6|1.0|0.8|0.0|-164209.087848342|-164208.06623962152|-164206.99418108768|-164205.94734746052|-164204.83745156668
68.8|1.0|0.8|0.0|-164058.22306888457|-164057.63028357766|-164056.98704845735|-164056.3564257904|-164055.67535331007
69.0|1.0|0.8|0.0|-164451.07977158748|-164450.8905847874|-164450.6383357206|-164450.4113115605|-164450.13383758703
69.2|1.0|0.8|0.0|-164336.4568162758|-164335.62439435543|-164334.72891016834|-164333.85865088794|-164332.93794179417
69.4|1.0|0.8|0.0|-164152.18085098706|-164151.4493286934|-164150.69258149306|-164149.92322183936|-164149.11602482563
69.6|1.0|0.8|0.0|-164190.22001025814|-164189.6650623112|-164189.03443964425|-164188.4416543373|-164187.7731943103
69.8|1.0|0.8|0.0|-164322.0916754315|-164321.70068937796|-164321.2592535111|-164320.8304300976|-164320.325931964
70.0|1.0|0.8|0.0|-164427.80548997165|-164427.25054202476|-164426.64514426445|-164426.0397465042|-164425.40912383722
70.2|1.0|0.8|0.0|-164129.05430772578|-164128.3227854321|-164127.52820087172|-164126.74622876468|-164125.9138068443
70.4|1.0|0.8|0.0|-164591.19170315834|-164590.71242993145|-164590.17009443787|-164589.65298385097|-164589.08542345068
70.6|1.0|0.8|0.0|-164254.5810966383|-164253.25678903767|-164251.86941917037|-164250.49466175638|-164249.0820669824
70.8|1.0|0.8|0.0|-164325.9101216075|-164324.67410118028|-164323.362406033|-164322.07593579238|-164320.73901573845
71.0|1.0|0.8|0.0|-164522.45677122698|-164521.54867458658|-164520.60274058612|-164519.68203149235|-164518.67303522522
71.2|1.0|0.8|0.0|-164522.83514482714|-164521.67479911994|-164520.4766160527|-164519.2784329855|-164518.04241255825
71.4|1.0|0.8|0.0|-164495.99584412132|-164494.59586180066|-164493.15804212|-164491.745447346|-164490.26979030532
71.6|1.0|0.8|0.0|-164428.5800744223|-164427.63414042184|-164426.63775660805|-164425.65398524757|-164424.6071516204
71.8|1.0|0.8|0.0|-164584.02884099612|-164583.4991179559|-164582.90633264894|-164582.33877224868|-164581.7081495817
72.0|1.0|0.8|0.0|-164541.6120251971|-164540.5525791166|-164539.44268322273|-164538.34539978224|-164537.19766652837
72.2|1.0|0.8|0.0|-164546.61916917277|-164545.64801026564|-164544.61378909185|-164543.6047928247|-164542.52012183753
72.4|1.0|0.8|0.0|-164444.49372926226|-164443.68653224857|-164442.82888542148|-164441.9712385944|-164441.08836686067
72.6|1.0|0.8|0.0|-164349.41600503743|-164348.17998461018|-164346.8682894629|-164345.5818192223|-164344.232286715
72.8|1.0|0.8|0.0|-164602.62960410508|-164602.01159389145|-164601.33052141115|-164600.6494489308|-164599.94315154385
73.0|1.0|0.8|0.0|-164338.65758381697|-164337.73687472322|-164336.74049090943|-164335.78194445564|-164334.74772328182
73.2|1.0|0.8|0.0|-164276.9847744977|-164276.16496503062|-164275.3073182036|-164274.43705892315|-164273.54157473607
73.4|1.0|0.8|0.0|-164362.53504549756|-164361.70262357718|-164360.79452693675|-164359.92426765634|-164359.0035585626
73.6|1.0|0.8|0.0|-164360.77388187483|-164359.4495742742|-164358.07481686023|-164356.70005944627|-164355.27485221895
73.8|1.0|0.8|0.0|-164396.16442594465|-164394.92840551742|-164393.65454773017|-164392.40591484957|-164391.06899479564
74.0|1.0|0.8|0.0|-164638.57370685355|-164637.51426077305|-164636.39175242584|-164635.3070814387|-164634.13412327814
74.2|1.0|0.8|0.0|-164588.8872539317|-164587.65123350444|-164586.36476326382|-164585.09090547657|-164583.7539854226
74.4|1.0|0.8|0.0|-164398.8049696564|-164398.21218434945|-164397.55633677583|-164396.9383265622|-164396.24464162855
74.6|1.0|0.8|0.0|-164432.10817634364|-164431.1874672499|-164430.22892079607|-164429.28298679565|-164428.2739905285
74.8|1.0|0.8|0.0|-164496.31497506448|-164495.05372973057|-164493.72942212995|-164492.430339436|-164491.06819447537
75.0|1.0|0.8|0.0|-164214.06574090943|-164213.25854389573|-164212.413509522|-164211.55586269495|-164210.6729909612
75.2|1.0|0.8|0.0|-164598.91741741588|-164598.22373248223|-164597.49221018856|-164596.7606878949|-164595.9913282412
75.4|1.0|0.8|0.0|-164568.95268100148|-164567.76711038762|-164566.5058650537|-164565.26984462643|-164563.98337438586
75.6|1.0|0.8|0.0|-164763.44891217112|-164762.28856646392|-164761.07777094335|-164759.8922003295|-164758.63095499558
75.8|1.0|0.8|0.0|-164380.88797748616|-164380.0051057524|-164379.04655929864|-164378.11323775153|-164377.11685393774
76.0|1.0|0.8|0.0|-164299.3863040082|-164298.4025326477|-164297.39353638058|-164296.40976502013|-164295.35031893963
76.2|1.0|0.8|0.0|-164299.45321876192|-164298.58295948154|-164297.64963793443|-164296.71631638732|-164295.75776993355
76.4|1.0|0.8|0.0|-164295.75772004374|-164295.0766475634|-164294.34512526973|-164293.61360297605|-164292.84424332235
76.6|1.0|0.8|0.0|-164535.77640595226|-164534.7043474184|-164533.55661416455|-164532.4467182707|-164531.2611476568
76.8|1.0|0.8|0.0|-164178.45953174733|-164177.10999924006|-164175.68479201273|-164174.2974221454|-164172.83437755806
77.0|1.0|0.8|0.0|-164323.3766251528|-164322.16582963223|-164320.92980920497|-164319.69378877775|-164318.40731853715
77.2|1.0|0.8|0.0|-164032.3934862178|-164031.6745763775|-164030.9052167238|-164030.14846952344|-164029.34127250972
77.4|1.0|0.8|0.0|-164314.1888116265|-164313.36900215945|-164312.49874287902|-164311.6537085053|-164310.7456118649
77.6|1.0|0.8|0.0|-164121.2711988872|-164120.64057622023|-164119.9342788332|-164119.24059389957|-164118.5090716059
77.8|1.0|0.8|0.0|-164296.04086665754|-164295.28411945718|-164294.4769224435|-164293.69495033644|-164292.86252841607
78.0|1.0|0.8|0.0|-164301.4953265862|-164300.73857938586|-164299.9439948255|-164299.12418535844|-164298.27915098472
78.2|1.0|0.8|0.0|-164290.43420500774|-164289.37475892724|-164288.2396381267|-164287.1423546862|-164285.9946214323
78.4|1.0|0.8|0.0|-164305.2160003213|-164304.2322289608|-164303.198007787|-164302.16378661318|-164301.09172807934
78.6|1.0|0.8|0.0|-164320.45184395506|-164319.66987184802|-164318.81222502093|-164317.9545781939|-164317.07170646012
78.8|1.0|0.8|0.0|-164101.5740549753|-164100.79208286825|-164099.9344360412|-164099.1272390275|-164098.25697974706
79.0|1.0|0.8|0.0|-164258.58655218958|-164257.77935517585|-164256.90909589545|-164256.0514490684|-164255.1559648813
79.2|1.0|0.8|0.0|-164654.7292622195|-164653.41756707223|-164652.0554221116|-164650.70588960432|-164649.318519737
79.4|1.0|0.8|0.0|-164419.86026977334|-164418.88911086624|-164417.84227723908|-164416.8206685186|-164415.7612224381
79.6|1.0|0.8|0.0|-164517.7427931479|-164517.26351992102|-164516.7085719741|-164516.20407384052|-164515.62390098692
79.8|1.0|0.8|0.0|-164279.5187744769|-164278.88815180992|-164278.21969178293|-164277.55123175596|-164276.81970946226
80.0|1.0|0.8|0.0|-164337.69207268403|-164336.6200141502|-164335.48489334967|-164334.3749974558|-164333.20203929525
80.2|1.0|0.8|0.0|-164345.6038784317|-164345.03631803146|-164344.41830781783|-164343.8255225109|-164343.18228739055
80.4|1.0|0.8|0.0|-164491.45428884635|-164490.42006767256|-164489.36062159203|-164488.30117551153|-164487.16605471104
80.6|1.0|0.8|0.0|-164382.2430553821|-164381.29712138168|-164380.28812511454|-164379.32957866075|-164378.29535748693
80.8|1.0|0.8|0.0|-164406.53217966252|-164405.42228376868|-164404.23671315477|-164403.07636744756|-164401.86557192702
81.0|1.0|0.8|0.0|-164620.7200284314|-164620.45516691127|-164620.1146306711|-164619.78670688428|-164619.4083332841
81.2|1.0|0.8|0.0|-164583.50101008738|-164583.21092366058|-164582.8956123271|-164582.55507608695|-164582.20192739344
81.4|1.0|0.8|0.0|-164621.49648756286|-164620.41181657568|-164619.26408332182|-164618.14157497464|-164616.95600436072
81.6|1.0|0.8|0.0|-164654.17504947225|-164653.45613963192|-164652.7120048849|-164651.95525768457|-164651.1606731242
81.8|1.0|0.8|0.0|-164382.34564444338|-164381.588897243|-164380.7817002293|-164379.99972812226|-164379.16730620188
82.0|1.0|0.8|0.0|-164649.4487578795|-164648.4523740657|-164647.36770307852|-164646.32086945136|-164645.21097355752
82.2|1.0|0.8|0.0|-164642.91159179318|-164642.29358157955|-164641.59989664587|-164640.94404907225|-164640.21252677857
82.4|1.0|0.8|0.0|-164659.59243460174|-164658.74740022802|-164657.8771409476|-164657.0068816672|-164656.0861725734
82.6|1.0|0.8|0.0|-164453.736602302|-164452.91679283493|-164452.04653355456|-164451.20149918084|-164450.30601499375
82.8|1.0|0.8|0.0|-164096.40492172507|-164095.62294961806|-164094.765302791|-164093.95810577727|-164093.0626215902
83.0|1.0|0.8|0.0|-164544.03220284177|-164542.8844695879|-164541.68628652068|-164540.5007159068|-164539.25208302622
83.2|1.0|0.8|0.0|-164602.59132485776|-164602.01115200415|-164601.3553044305|-164600.72468176356|-164600.04360928322
83.4|1.0|0.8|0.0|-164671.8359326936|-164670.37288810624|-164668.8720061589|-164667.3963491182|-164665.83240490413
83.6|1.0|0.8|0.0|-164472.5339450274|-164471.60062348028|-164470.6168521198|-164469.63308075938|-164468.59885958553
83.8|1.0|0.8|0.0|-164338.5290963871|-164337.74712428008|-164336.91470235967|-164336.0948928926|-164335.2120211589
84.0|1.0|0.8|0.0|-164651.49183191004|-164650.73508470968|-164649.927887696|-164649.1585280423|-164648.30088121523
84.2|1.0|0.8|0.0|-164191.69858154526|-164190.7021977315|-164189.65536410434|-164188.62114293053|-164187.54908439668
84.4|1.0|0.8|0.0|-164396.1067752676|-164395.02210428042|-164393.88698347993|-164392.77708758603|-164391.6041294255
84.6|1.0|0.8|0.0|-164392.9063347697|-164391.72076415582|-164390.4847437286|-164389.2613357547|-164387.98747796743
84.8|1.0|0.8|0.0|-164457.0129560999|-164456.3066587129|-164455.54991151256|-164454.81838921888|-164454.03641711184
85.0|1.0|0.8|0.0|-164486.74449867074|-164485.93730165705|-164485.07965482995|-164484.2220080029|-164483.33913626915
85.2|1.0|0.8|0.0|-164568.08489156349|-164567.32814436313|-164566.53355980277|-164565.76420014907|-164564.91916577533
85.4|1.0|0.8|0.0|-164399.46855418768|-164398.4721703739|-164397.4127242934|-164396.36589066623|-164395.28121967905
85.6|1.0|0.8|0.0|-164350.3870755938|-164349.1384427132|-164347.85197247262|-164346.57811468534|-164345.25380708472
85.8|1.0|0.8|0.0|-164254.02793208222|-164252.95587354837|-164251.85859010788|-164250.76130666735|-164249.60096096015
86.0|1.0|0.8|0.0|-164399.0352210554|-164398.0009998816|-164396.91632889444|-164395.83165790726|-164394.70914956008
86.2|1.0|0.8|0.0|-164429.9357317365|-164429.09069736276|-164428.15737581564|-164427.24927917524|-164426.2781202681
86.4|1.0|0.8|0.0|-164220.31045799353|-164219.16272473964|-164217.97715412578|-164216.8041959652|-164215.58078799132
86.6|1.0|0.8|0.0|-164321.64763144508|-164320.63863517795|-164319.56657664408|-164318.5071305636|-164317.39723466974
86.8|1.0|0.8|0.0|-164372.40014368205|-164371.0379987214|-164369.62540394743|-164368.2254216268|-164366.76237703944
87.0|1.0|0.8|0.0|-164400.65225474443|-164399.69370829067|-164398.68471202353|-164397.68832820974|-164396.62888212924
87.2|1.0|0.8|0.0|-164218.31782722624|-164217.73765437264|-164217.1070317057|-164216.48902149207|-164215.80794901174
87.4|1.0|0.8|0.0|-164320.3261589592|-164319.4558996788|-164318.56041549172|-164317.63970639795|-164316.70638485084
87.6|1.0|0.8|0.0|-164271.8295675192|-164270.2025610385|-164268.49987983768|-164266.8350359969|-164265.10712988942
87.8|1.0|0.8|0.0|-164001.28717883964|-164000.02593350573|-163998.73946326514|-163997.42776811786|-163996.09084806388
88.0|1.0|0.8|0.0|-164060.60147935915|-164059.5672581854|-164058.4825871982|-164057.4231411177|-164056.31324522386
88.2|1.0|0.8|0.0|-164031.55045559982|-164029.88561175903|-164028.1703181049|-164026.48024935747|-164024.7271183433
88.4|1.0|0.8|0.0|-163934.93906302145|-163933.1228697406|-163931.26883909974|-163929.42742091222|-163927.53555291134
88.6|1.0|0.8|0.0|-164349.32788394266|-164347.927901622|-164346.46485703465|-164345.02703735398|-164343.51354295327
88.8|1.0|0.8|0.0|-164654.45553539786|-164653.42131422402|-164652.33664323686|-164651.26458470302|-164650.14207635584
89.0|1.0|0.8|0.0|-164534.30989584202|-164533.21261240152|-164532.0522666943|-164530.9297583471|-164529.7315752799
89.2|1.0|0.8|0.0|-164525.8847770114|-164525.09019245105|-164524.24515807733|-164523.41273615693|-164522.5298644232
89.4|1.0|0.8|0.0|-164555.73845406534|-164554.59072081145|-164553.3799252909|-164552.20696713036|-164550.9709467031
89.6|1.0|0.8|0.0|-164652.98046931069|-164651.93363568353|-164650.836352243|-164649.76429370916|-164648.62917290864
89.8|1.0|0.8|0.0|-164688.64665702754|-164687.7637852938|-164686.83046374668|-164685.92236710625|-164684.9385957458
90.0|1.0|0.8|0.0|-164339.76097275826|-164338.44927761098|-164337.09974510368|-164335.75021259638|-164334.35023027574
90.2|1.0|0.8|0.0|-164054.74074966757|-164053.52995414703|-164052.29393371975|-164051.03268838584|-164049.74621814527
90.4|1.0|0.8|0.0|-164233.44066276657|-164232.17941743266|-164230.8424973787|-164229.53080223143|-164228.1686572708
90.6|1.0|0.8|0.0|-164248.42799623712|-164247.31810034328|-164246.15775463608|-164245.0100213822|-164243.7866134083
90.8|1.0|0.8|0.0|-164346.88797201778|-164345.6015017772|-164344.25196926988|-164342.92766166927|-164341.54029180194
91.0|1.0|0.8|0.0|-164048.42046688477|-164046.89436003074|-164045.31780336334|-164043.74124669592|-164042.13946512187
91.2|1.0|0.8|0.0|-163935.83742289513|-163934.76536436132|-163933.61763110745|-163932.50773521358|-163931.3221645997
91.4|1.0|0.8|0.0|-164002.93880295262|-164002.15683084563|-164001.33702137857|-164000.5172119115|-163999.65956508444
91.6|1.0|0.8|0.0|-163716.8923467855|-163716.3878486519|-163715.85812561167|-163715.32840257144|-163714.74822971784
91.8|1.0|0.8|0.0|-163764.50435814104|-163763.41968715386|-163762.2719539|-163761.16205800613|-163759.97648739224
92.0|1.0|0.8|0.0|-164056.14524945949|-164054.8966165789|-164053.59753388498|-164052.29845119105|-164050.94891868372
92.2|1.0|0.8|0.0|-163985.7790611163|-163985.23672562273|-163984.63132786244|-163984.05115500884|-163983.38269498188
92.4|1.0|0.8|0.0|-163950.30291450492|-163949.49571749123|-163948.62545821082|-163947.78042383707|-163946.87232719667
92.6|1.0|0.8|0.0|-164057.22875692934|-164056.1440859422|-164054.98374023498|-164053.84861943443|-164052.63782391386
92.8|1.0|0.8|0.0|-163980.6049372083|-163979.52026622114|-163978.3851454206|-163977.2626370734|-163976.08967891286
93.0|1.0|0.8|0.0|-163918.50294350504|-163918.02367027817|-163917.4939472379|-163916.98944910432|-163916.42188870406
93.2|1.0|0.8|0.0|-163825.89979643092|-163825.33223603063|-163824.72683827038|-163824.1214405101|-163823.46559293647
93.4|1.0|0.8|0.0|-163955.83203207218|-163955.4284335653|-163954.94916033844|-163954.49511201822|-163953.99061388464
93.6|1.0|0.8|0.0|-164000.74128689163|-163999.82057779786|-163998.8368064374|-163997.8782599836|-163996.86926371648
93.8|1.0|0.8|0.0|-164104.22467455466|-164103.2409031942|-164102.1814571137|-164101.13462348655|-164100.03734004608
94.0|1.0|0.8|0.0|-164563.25029374176|-164562.5566088081|-164561.8124740611|-164561.08095176742|-164560.29897966038
94.2|1.0|0.8|0.0|-164118.64543363146|-164117.85084907108|-164116.96797733734|-164116.13555541696|-164115.2526836832
94.4|1.0|0.8|0.0|-164438.4729186093|-164437.64049668892|-164436.75762495515|-164435.8747532214|-164434.95404412766
94.6|1.0|0.8|0.0|-164217.1393683678|-164216.2438841807|-164215.3105626336|-164214.38985353982|-164213.39346972603
94.8|1.0|0.8|0.0|-164156.84312607662|-164155.73323018278|-164154.56027202224|-164153.39992631503|-164152.2017432478
95.0|1.0|0.8|0.0|-164269.22008532903|-164268.71558719545|-164268.19847660855|-164267.66875356832|-164267.10119316803
95.2|1.0|0.8|0.0|-164386.88166253053|-164386.40238930364|-164385.88527871674|-164385.3807805832|-164384.82583263624
95.4|1.0|0.8|0.0|-164619.35946130732|-164618.30001522682|-164617.17750687964|-164616.06761098577|-164614.90726527857
95.6|1.0|0.8|0.0|-164521.60063958872|-164520.46551878817|-164519.26733572094|-164518.0943775604|-164516.85835713317
95.8|1.0|0.8|0.0|-164562.2939329018|-164561.4488985281|-164560.56602679435|-164559.6705426073|-164558.73722106018
96.0|1.0|0.8|0.0|-164555.52923645658|-164554.65897717615|-164553.7382680824|-164552.830171442|-164551.88423744155
96.2|1.0|0.8|0.0|-164491.96247162696|-164490.80212591976|-164489.59133039918|-164488.39314733195|-164487.1192895447
96.4|1.0|0.8|0.0|-164272.75143263672|-164271.41451258276|-164270.02714271547|-164268.63977284814|-164267.20195316747
96.6|1.0|0.8|0.0|-164346.87482091127|-164345.563125764|-164344.18836835|-164342.8262233894|-164341.43885352206
96.8|1.0|0.8|0.0|-164235.7806785173|-164234.43114601|-164233.03116368936|-164231.6564062754|-164230.20597414137
97.0|1.0|0.8|0.0|-164450.11511591278|-164449.13134455236|-164448.05928601848|-164447.0250648447|-164445.92778140417
97.2|1.0|0.8|0.0|-164367.76840806106|-164366.9990484074|-164366.19185139367|-164365.38465437997|-164364.53962000625
97.4|1.0|0.8|0.0|-164603.33852907523|-164602.37998262147|-164601.37098635433|-164600.37460254054|-164599.34038136672
97.6|1.0|0.8|0.0|-164535.25362444625|-164534.64822668597|-164534.017604019|-164533.38698135203|-164532.70590887172
97.8|1.0|0.8|0.0|-164741.11216212195|-164740.00226622808|-164738.84192052088|-164737.68157481364|-164736.49600419978
98.0|1.0|0.8|0.0|-164636.4252995776|-164635.78206445728|-164635.0757670703|-164634.39469458995|-164633.66317229628
98.2|1.0|0.8|0.0|-164523.28986069717|-164522.72230029688|-164522.10429008325|-164521.51150477634|-164520.8556572027
98.4|1.0|0.8|0.0|-164535.04815397187|-164533.8373584513|-164532.55088821068|-164531.28964287677|-164529.9779477295
98.6|1.0|0.8|0.0|-164717.2476549101|-164716.84405640326|-164716.4026205364|-164715.96118466952|-164715.45668653597
98.8|1.0|0.8|0.0|-164677.31449951915|-164676.41901533207|-164675.47308133164|-164674.5271473312|-164673.55598842408
99.0|1.0|0.8|0.0|-164312.29748742902|-164311.23804134852|-164310.11553300134|-164309.01824956085|-164307.84529140027
99.2|1.0|0.8|0.0|-164790.4338285155|-164789.81581830187|-164789.10952091488|-164788.42844843457|-164787.6969261409
99.4|1.0|0.8|0.0|-164419.00861571205|-164417.8356575515|-164416.59963712428|-164415.38884160368|-164414.12759626977
99.6|1.0|0.8|0.0|-164580.28613743416|-164579.37804079376|-164578.39426943328|-164577.41049807283|-164576.4015018057
99.8|1.0|0.8|0.0|-164208.89983640774|-164208.3701133675|-164207.73949070054|-164207.17193030028|-164206.51608272662
100.0|1.0|0.8|0.0|-164139.88449173555|-164138.32054752152|-164136.6809285874|-164135.09175946665|-164133.4269156259
100.2|1.0|0.8|0.0|-164151.93196301156|-164151.2004407179|-164150.41846861088|-164149.66172141052|-164148.84191194343
100.4|1.0|0.8|0.0|-164473.83055019617|-164472.82155392904|-164471.76210784854|-164470.71527422138|-164469.61799078088
100.6|1.0|0.8|0.0|-164299.43756018646|-164298.51685109266|-164297.54569218555|-164296.59975818513|-164295.590761918
100.8|1.0|0.8|0.0|-164331.18310524125|-164330.09843425406|-164328.97592590688|-164327.85341755967|-164326.69307185247
101.0|1.0|0.8|0.0|-164541.30448013908|-164540.29548387197|-164539.23603779142|-164538.17659171094|-164537.0919207238
101.2|1.0|0.8|0.0|-164413.97652876945|-164413.0558196757|-164412.05943586188|-164411.10088940812|-164410.09189314095
101.4|1.0|0.8|0.0|-164124.61055518893|-164124.093444602|-164123.5384966551|-164122.98354870817|-164122.39076340123
101.6|1.0|0.8|0.0|-164586.41606122215|-164585.60886420845|-164584.72599247468|-164583.86834564764|-164582.93502410053
101.8|1.0|0.8|0.0|-164625.59266820952|-164624.88637082253|-164624.1296236222|-164623.37287642184|-164622.56567940812
102.0|1.0|0.8|0.0|-164585.1824130233|-164584.32476619625|-164583.42928200917|-164582.5337978221|-164581.600476275
102.2|1.0|0.8|0.0|-164618.41390857773|-164617.54364929732|-164616.6355526569|-164615.7400684698|-164614.80674692272
102.4|1.0|0.8|0.0|-164322.87067591966|-164321.5589807724|-164320.19683581174|-164318.82207839776|-164317.42209607712
102.6|1.0|0.8|0.0|-164375.2936813955|-164374.3351349417|-164373.30091376792|-164372.31714240744|-164371.25769632694
102.8|1.0|0.8|0.0|-164499.7216356856|-164498.7252518718|-164497.653193338|-164496.60635971083|-164495.52168872365
103.0|1.0|0.8|0.0|-164367.13826783703|-164366.0662093032|-164364.943700956|-164363.83380506217|-164362.67345935493
103.2|1.0|0.8|0.0|-164521.6155963357|-164520.58137516188|-164519.47147926805|-164518.41203318752|-164517.27691238702
103.4|1.0|0.8|0.0|-164285.0151449806|-164283.65300002|-164282.240405246|-164280.84042292534|-164279.377378338
103.6|1.0|0.8|0.0|-164587.66888762894|-164586.59682909513|-164585.44909584126|-164584.32658749408|-164583.15362933354
103.8|1.0|0.8|0.0|-164608.76064839383|-164607.1714792731|-164605.531860339|-164603.89224140492|-164602.20217265742
104.0|1.0|0.8|0.0|-164655.48295078828|-164654.0199062009|-164652.5064118002|-164651.0181423062|-164649.4541980921
104.2|1.0|0.8|0.0|-164509.1406546934|-164507.03437498576|-164504.8650330114|-164502.69569103705|-164500.4885117027
104.4|1.0|0.8|0.0|-164812.4891614863|-164811.4549403125|-164810.37026932533|-164809.31082324483|-164808.200927351
104.6|1.0|0.8|0.0|-164629.89867449453|-164628.54914198723|-164627.14915966656|-164625.76178979926|-164624.31135766525
104.8|1.0|0.8|0.0|-164846.95039275938|-164846.08013347894|-164845.13419947852|-164844.21349038475|-164843.2297190243
105.0|1.0|0.8|0.0|-164288.0421354855|-164287.17187620513|-164286.25116711133|-164285.35568292427|-164284.40974892382
105.2|1.0|0.8|0.0|-164579.9065277595|-164578.77140695896|-164577.59844879844|-164576.43810309123|-164575.21469511732
105.4|1.0|0.8|0.0|-164268.11575687956|-164267.56080893264|-164266.96802362567|-164266.3626258654|-164265.73200319844
105.6|1.0|0.8|0.0|-164354.63718678657|-164353.76692750613|-164352.85883086573|-164351.9507342253|-164350.9921877715
105.8|1.0|0.8|0.0|-164273.19388626952|-164272.3740768025|-164271.49120506874|-164270.62094578834|-164269.7128491479
106.0|1.0|0.8|0.0|-164090.31697350767|-164089.40887686727|-164088.45033041347|-164087.51700886636|-164086.5332375059
106.2|1.0|0.8|0.0|-164208.92347016002|-164207.9144738929|-164206.85502781236|-164205.82080663857|-164204.72352319804
106.4|1.0|0.8|0.0|-164101.4905926166|-164100.70862050957|-164099.8761985892|-164099.05638912212|-164098.18612984175
106.6|1.0|0.8|0.0|-164049.77953392582|-164048.9975618188|-164048.1651398984|-164047.3579428847|-164046.47507115096
106.8|1.0|0.8|0.0|-164277.63611595205|-164276.62711968488|-164275.5676736044|-164274.49561507057|-164273.38571917673
107.0|1.0|0.8|0.0|-164297.92694577738|-164296.9936242303|-164295.98462796316|-164294.98824414934|-164293.94141052218
107.2|1.0|0.8|0.0|-164612.88365483578|-164611.7106966752|-164610.46206379464|-164609.2638807274|-164607.99002294015
107.4|1.0|0.8|0.0|-164295.20159733214|-164294.04125162493|-164292.8430685577|-164291.65749794382|-164290.40886506325
107.6|1.0|0.8|0.0|-164338.17222585884|-164337.4533160185|-164336.67134391147|-164335.9019842578|-164335.08217479073
107.8|1.0|0.8|0.0|-164203.30189835944|-164202.6460507858|-164201.91452849214|-164201.22084355846|-164200.46409635813
108.0|1.0|0.8|0.0|-164187.95254264562|-164187.13273317856|-164186.2498614448|-164185.39221461775|-164184.48411797735
108.2|1.0|0.8|0.0|-163950.1678339821|-163949.47414904842|-163948.70478939475|-163947.96065464773|-163947.16607008738
108.4|1.0|0.8|0.0|-164342.62795850052|-164341.79553658012|-164340.91266484637|-164340.0550180193|-164339.1216964722
108.6|1.0|0.8|0.0|-164251.47687472153|-164250.12734221423|-164248.71474744024|-164247.30215266623|-164245.86433298557
108.8|1.0|0.8|0.0|-164089.72062070246|-164088.66117462196|-164087.55127872812|-164086.4539952876|-164085.30626203373
109.0|1.0|0.8|0.0|-163939.09009047222|-163938.10631911177|-163937.0847103913|-163936.10093903085|-163935.04149295035
109.2|1.0|0.8|0.0|-164103.796118629|-164102.5096483884|-164101.14750342775|-164099.82319582716|-164098.4232135065
109.4|1.0|0.8|0.0|-164336.09098286202|-164335.25856094164|-164334.36307675455|-164333.49281747415|-164332.58472083372
109.6|1.0|0.8|0.0|-164130.26502321791|-164129.73530017765|-164129.1299024174|-164128.56234201713|-164127.93171935016
109.8|1.0|0.8|0.0|-164057.7686414241|-164057.0875689438|-164056.35604665012|-164055.62452435645|-164054.8677771561
110.0|1.0|0.8|0.0|-164005.14158851258|-164004.1073673388|-164003.0226963516|-164001.95063781776|-164000.81551701724
110.2|1.0|0.8|0.0|-164258.14692348544|-164257.54152572516|-164256.8730656982|-164256.22983057785|-164255.5235331909
110.4|1.0|0.8|0.0|-163981.02424331073|-163979.83867269685|-163978.59003981625|-163977.37924429568|-163976.08016160177
110.6|1.0|0.8|0.0|-164197.8070913051|-164197.31520562488|-164196.7728701313|-164196.2305346377|-164195.6503617841
110.8|1.0|0.8|0.0|-164293.23227961353|-164291.94580937293|-164290.60888931897|-164289.28458171836|-164287.89721185103
111.0|1.0|0.8|0.0|-164262.6758624314|-164261.67947861762|-164260.60742008378|-164259.54797400328|-164258.45069056278
111.2|1.0|0.8|0.0|-164294.46243130934|-164293.66784674898|-164292.83542482858|-164292.0156153615|-164291.1327436278
111.4|1.0|0.8|0.0|-164187.69255149542|-164186.87274202838|-164185.98987029464|-164185.1196110142|-164184.19890192046
111.6|1.0|0.8|0.0|-164007.35079298032|-164006.78323258003|-164006.1652223664|-164005.54721215277|-164004.89136457915
111.8|1.0|0.8|0.0|-164180.58124229428|-164179.82449509396|-164179.01729808023|-164178.21010106654|-164177.35245423947
112.0|1.0|0.8|0.0|-164251.3250700598|-164250.85840928627|-164250.34129869938|-164249.8494130191|-164249.29446507222
112.2|1.0|0.8|0.0|-164285.22642185865|-164284.67147391173|-164284.0786886048|-164283.4732908445|-164282.84266817756
112.4|1.0|0.8|0.0|-164360.57619309128|-164359.75638362422|-164358.89873679716|-164358.04108997007|-164357.14560578298
112.6|1.0|0.8|0.0|-164260.2538927874|-164258.89174782677|-164257.4917655061|-164256.1043956388|-164254.67918841148
112.8|1.0|0.8|0.0|-164326.12679979365|-164324.6637552063|-164323.1250358989|-164321.61154149822|-164320.0602097375
113.0|1.0|0.8|0.0|-164449.22434438436|-164448.2027356639|-164447.13067713007|-164446.09645595626|-164444.98656006242
113.2|1.0|0.8|0.0|-164509.2466155535|-164508.3132940064|-164507.32952264594|-164506.3457512855|-164505.324142565
113.4|1.0|0.8|0.0|-164307.64916137955|-164306.81673945914|-164305.90864281874|-164305.05099599165|-164304.11767444457
113.6|1.0|0.8|0.0|-164408.95154904752|-164407.7912033403|-164406.58040781974|-164405.40744965922|-164404.15881677862
113.8|1.0|0.8|0.0|-164674.05270578442|-164673.106771784|-164672.09777551686|-164671.08877924972|-164670.05455807588
114.0|1.0|0.8|0.0|-164325.87515250724|-164324.9922807735|-164324.0589592264|-164323.12563767927|-164322.14186631885
114.2|1.0|0.8|0.0|-164391.68693403126|-164390.75361248417|-164389.78245357703|-164388.81129466993|-164387.80229840276
114.4|1.0|0.8|0.0|-164449.18089801577|-164447.84397796178|-164446.45660809448|-164445.0566257738|-164443.6314185465
114.6|1.0|0.8|0.0|-164720.59216066284|-164719.68406402244|-164718.7129051153|-164717.7417462082|-164716.73274994106
114.8|1.0|0.8|0.0|-164341.52487555283|-164340.3266924856|-164339.0654471517|-164337.82942672446|-164336.5177315772
115.0|1.0|0.8|0.0|-164289.4697648484|-164288.30941914118|-164287.11123607395|-164285.91305300672|-164284.6770325795
115.2|1.0|0.8|0.0|-164720.80483878663|-164719.56881835937|-164718.29496057212|-164717.02110278484|-164715.70940763757
115.4|1.0|0.8|0.0|-164518.89038873246|-164518.13364153207|-164517.32644451837|-164516.54447241133|-164515.68682558427
115.6|1.0|0.8|0.0|-164498.97243589011|-164498.27875095647|-164497.5472286628|-164496.82831882246|-164496.0589591688
115.8|1.0|0.8|0.0|-164633.44641339278|-164632.47525448567|-164631.45364576523|-164630.43203704472|-164629.3599785109
116.0|1.0|0.8|0.0|-164387.33612329364|-164386.37757683985|-164385.34335566603|-164384.3595843056|-164383.3001382251
116.2|1.0|0.8|0.0|-164269.5855674668|-164268.5008964796|-164267.3405507724|-164266.2054299719|-164265.03247181134
116.4|1.0|0.8|0.0|-164427.27563989346|-164426.21619381296|-164425.11891037246|-164424.02162693194|-164422.87389367807
116.6|1.0|0.8|0.0|-163961.50167107914|-163960.93411067885|-163960.2782631052|-163959.67286534494|-163959.00440531794
116.8|1.0|0.8|0.0|-164146.60187307888|-164145.6054892651|-164144.5838805446|-164143.5496593708|-164142.4649883836
117.0|1.0|0.8|0.0|-164141.76844826766|-164141.02431352064|-164140.25495386697|-164139.4603693066|-164138.64055983952
117.2|1.0|0.8|0.0|-164261.71414203712|-164260.3898344365|-164259.0024645692|-164257.61509470188|-164256.20249992787
117.4|1.0|0.8|0.0|-164346.93514918754|-164345.91354046704|-164344.85409438657|-164343.8072607594|-164342.68475241223
117.6|1.0|0.8|0.0|-164292.14819694625|-164291.49234937262|-164290.78605198563|-164290.09236705196|-164289.33561985163
117.8|1.0|0.8|0.0|-164377.09777913554|-164376.29058212184|-164375.44554774812|-164374.62573828106|-164373.7428665473
118.0|1.0|0.8|0.0|-164273.26523287513|-164272.294073968|-164271.24724034086|-164270.2382440737|-164269.17879799323
118.2|1.0|0.8|0.0|-164375.60976499188|-164375.11787931164|-164374.56293136472|-164374.0458207778|-164373.4404230175
118.4|1.0|0.8|0.0|-164368.1810299751|-164366.95762200118|-164365.65853930722|-164364.40990642665|-164363.06037391935
118.6|1.0|0.8|0.0|-164106.2533868386|-164105.47141473155|-164104.63899281115|-164103.81918334414|-164102.9363116104
118.8|1.0|0.8|0.0|-164055.8355418152|-164054.87699536144|-164053.85538664096|-164052.85900282717|-164051.8121692
119.0|1.0|0.8|0.0|-164127.47427678196|-164126.49050542148|-164125.46889670103|-164124.4599004339|-164123.3752294467
119.2|1.0|0.8|0.0|-164159.68462890066|-164158.85220698026|-164157.9567227932|-164157.0864635128|-164156.17836687237
119.4|1.0|0.8|0.0|-163750.95285353684|-163750.13304406978|-163749.22494742935|-163748.36730060226|-163747.43397905515
119.6|1.0|0.8|0.0|-164016.73355746144|-164015.68672383428|-164014.58944039376|-164013.52999431328|-164012.39487351276
119.8|1.0|0.8|0.0|-164229.8601169722|-164229.1159822252|-164228.29617275816|-164227.51420065112|-164226.6817787307
120.0|1.0|0.8|0.0|-163870.42530764197|-163869.23973702808|-163868.01632905417|-163866.8055335336|-163865.5442881997
120.2|1.0|0.8|0.0|-163799.02563495302|-163798.06708849923|-163797.0328673254|-163796.02387105828|-163794.96442497778
120.4|1.0|0.8|0.0|-164006.27416030792|-164004.83634062723|-164003.32284622654|-164001.8345767325|-164000.2832449718
120.6|1.0|0.8|0.0|-164085.1480596298|-164083.9877139226|-164082.77691840203|-164081.59134778814|-164080.3301024542
120.8|1.0|0.8|0.0|-164129.04935085532|-164127.77549306804|-164126.4385730141|-164125.12687786683|-164123.75212045285
121.0|1.0|0.8|0.0|-164050.07680565814|-164048.85339768423|-164047.56692744367|-164046.2930696564|-164044.96876205577
121.2|1.0|0.8|0.0|-164113.51744595438|-164112.71024894068|-164111.8778270203|-164111.0454050999|-164110.1373084595
121.4|1.0|0.8|0.0|-164125.8466619688|-164125.0394649551|-164124.181818128|-164123.3367837543|-164122.4412995672
121.6|1.0|0.8|0.0|-164120.0197085261|-164118.8972001789|-164117.72424201836|-164116.5765087645|-164115.37832569727
121.8|1.0|0.8|0.0|-164102.10040783102|-164101.43194780403|-164100.70042551035|-164100.0067405767|-164099.23738092303
122.0|1.0|0.8|0.0|-164257.77444640122|-164256.87896221413|-164255.93302821368|-164255.02493157328|-164254.0285477595
122.2|1.0|0.8|0.0|-164072.34615740812|-164071.05968716752|-164069.72276711356|-164068.3858470596|-164067.02370209896
122.4|1.0|0.8|0.0|-164042.9086913144|-164041.8114078739|-164040.6510621667|-164039.5285538195|-164038.31775829892
122.6|1.0|0.8|0.0|-163955.46127193753|-163954.70452473717|-163953.8847152701|-163953.06490580307|-163952.21987142935
122.8|1.0|0.8|0.0|-163977.158548962|-163976.0108157081|-163974.78740773423|-163973.60183712037|-163972.35320423977
123.0|1.0|0.8|0.0|-163955.37380956108|-163953.8981525204|-163952.37204566636|-163950.87116371898|-163949.3072195049
123.2|1.0|0.8|0.0|-164216.19462043224|-164215.2108490718|-164214.1514029913|-164213.11718181748|-164212.04512328363
123.4|1.0|0.8|0.0|-164050.94072608012|-164049.6542558395|-164048.31733578554|-164046.99302818495|-164045.61827077097
123.6|1.0|0.8|0.0|-164118.32603842943|-164117.44316669565|-164116.48462024188|-164115.55129869477|-164114.58013978766
123.8|1.0|0.8|0.0|-163727.59624567055|-163726.3223878833|-163725.010692736|-163723.7242224954|-163722.36207753478
124.0|1.0|0.8|0.0|-163947.6457190798|-163946.95203414612|-163946.2078993991|-163945.48898955877|-163944.69440499842
124.2|1.0|0.8|0.0|-163826.3702637835|-163825.03334372956|-163823.65858631555|-163822.2838289016|-163820.87123412758
124.4|1.0|0.8|0.0|-163916.65312465047|-163915.5053913966|-163914.30720832938|-163913.14686262218|-163911.92345464826
124.6|1.0|0.8|0.0|-163965.280388369|-163964.13265511513|-163962.9344720479|-163961.76151388735|-163960.51288100675
124.8|1.0|0.8|0.0|-164043.81341919853|-164042.85487274476|-164041.83326402426|-164040.82426775713|-164039.77743412997
125.0|1.0|0.8|0.0|-164129.56916990812|-164128.42143665426|-164127.22325358703|-164126.03768297314|-164124.78905009254
125.2|1.0|0.8|0.0|-163766.04969902942|-163764.5740419887|-163763.060547588|-163761.55966564064|-163759.9957214266
125.4|1.0|0.8|0.0|-164082.3899725465|-164081.72151251952|-164081.02782758587|-164080.34675510557|-164079.59000790518
125.6|1.0|0.8|0.0|-164062.615230983|-164061.85848378265|-164061.05128676892|-164060.26931466188|-164059.43689274153
125.8|1.0|0.8|0.0|-164003.39821586982|-164002.60363130947|-164001.75859693572|-164000.92617501534|-164000.04330328162
126.0|1.0|0.8|0.0|-164018.23046099674|-164017.4106515297|-164016.56561715598|-164015.72058278226|-164014.82509859517
126.2|1.0|0.8|0.0|-164138.13256580534|-164137.1235695382|-164136.06412345768|-164135.0299022839|-164133.93261884336
126.4|1.0|0.8|0.0|-163969.64126736828|-163968.40524694102|-163967.10616424706|-163965.8323064598|-163964.49538640588
126.6|1.0|0.8|0.0|-164265.72537795757|-164264.77944395714|-164263.77044769|-164262.79928878287|-164261.7524551557
126.8|1.0|0.8|0.0|-164177.60406361788|-164176.82209151084|-164176.00228204377|-164175.19508503008|-164174.32482574967
127.0|1.0|0.8|0.0|-164234.3991174736|-164233.57930800656|-164232.68382381948|-164231.81356453907|-164230.88024299196
127.2|1.0|0.8|0.0|-164209.62584486528|-164209.04567201168|-164208.40243689137|-164207.7718142244|-164207.0907417441
127.4|1.0|0.8|0.0|-164372.8207936559|-164372.01359664218|-164371.13072490846|-164370.28569053474|-164369.37759389429
127.6|1.0|0.8|0.0|-164575.5708696871|-164574.75106022006|-164573.8681884863|-164572.9979292059|-164572.0646076588
127.8|1.0|0.8|0.0|-164428.71340834908|-164427.94404869538|-164427.111626775|-164426.31704221462|-164425.43417048088
128.0|1.0|0.8|0.0|-164361.09664681854|-164359.93630111133|-164358.7002806841|-164357.48948516353|-164356.22823982962
128.2|1.0|0.8|0.0|-164182.9525416736|-164182.0444450332|-164181.07328612608|-164180.12735212562|-164179.1183558585
128.4|1.0|0.8|0.0|-164365.27277226007|-164364.11242655286|-164362.9016310323|-164361.6908355117|-164360.45481508446
128.6|1.0|0.8|0.0|-164220.80119820364|-164220.12012572333|-164219.401215883|-164218.68230604267|-164217.90033393563
128.8|1.0|0.8|0.0|-164140.71211949966|-164139.52654888574|-164138.26530355183|-164137.0292831246|-164135.74281288398
129.0|1.0|0.8|0.0|-164303.70635834895|-164302.62168736177|-164301.48656656127|-164300.35144576072|-164299.19110005352
129.2|1.0|0.8|0.0|-164069.01510468486|-164067.98088351107|-164066.8709876172|-164065.8115415367|-164064.66380828284
129.4|1.0|0.8|0.0|-163962.58603810778|-163961.3626301339|-163960.08877234664|-163958.8275270127|-163957.51583186543
129.6|1.0|0.8|0.0|-164002.88509313922|-164001.9769964988|-164001.018450045|-164000.05990359123|-163999.0635197774
129.8|1.0|0.8|0.0|-163771.4117438653|-163770.66760911827|-163769.86041210458|-163769.0658275442|-163768.24601807716
130.0|1.0|0.8|0.0|-163857.33515012485|-163856.85587689796|-163856.33876631103|-163855.84688063082|-163855.29193268387
130.2|1.0|0.8|0.0|-163858.78022860902|-163857.73339498186|-163856.61088663468|-163855.50099074084|-163854.35325748698
130.4|1.0|0.8|0.0|-163818.03598662326|-163816.83780355603|-163815.57655822212|-163814.35315024824|-163813.05406755427
130.6|1.0|0.8|0.0|-164061.8473221236|-164060.85093830977|-164059.80410468264|-164058.78249596216|-164057.67260006833
130.8|1.0|0.8|0.0|-163895.16113879255|-163894.07646780537|-163892.91612209816|-163891.79361375098|-163890.6080431371
131.0|1.0|0.8|0.0|-163625.60086022344|-163624.69276358304|-163623.74682958258|-163622.80089558216|-163621.80451176834
131.2|1.0|0.8|0.0|-163863.58653369194|-163862.53970006478|-163861.45502907762|-163860.38297054378|-163859.24784974326
131.4|1.0|0.8|0.0|-163824.4401735054|-163823.53207686497|-163822.5735304112|-163821.62759641078|-163820.63121259696
131.6|1.0|0.8|0.0|-163894.17177978475|-163893.09972125094|-163891.9646004504|-163890.85470455655|-163889.681746396
131.8|1.0|0.8|0.0|-163978.75550951954|-163977.9609249592|-163977.09066567878|-163976.2330188517|-163975.3375346646
132.0|1.0|0.8|0.0|-164140.61979062675|-164139.6738566263|-164138.65224790585|-164137.65586409203|-164136.6216429182
132.2|1.0|0.8|0.0|-164054.49959652135|-164053.79329913436|-164053.03655193403|-164052.27980473367|-164051.47260771994
132.4|1.0|0.8|0.0|-164260.66344127702|-164259.55354538318|-164258.39319967598|-164257.2454664221|-164256.04728335486
132.6|1.0|0.8|0.0|-164187.78868588305|-164186.6787899892|-164185.50583182863|-164184.3580985748|-164183.14730305423
132.8|1.0|0.8|0.0|-164266.4399449064|-164265.5822980793|-164264.64897653222|-164263.7156549851|-164262.75710853134
133.0|1.0|0.8|0.0|-164366.98121519506|-164365.9217691146|-164364.82448567406|-164363.75242714025|-164362.6173063397
133.2|1.0|0.8|0.0|-164671.6224131504|-164670.80260368338|-164669.93234440294|-164669.0494726692|-164668.1413760288
133.4|1.0|0.8|0.0|-164516.9855819948|-164515.6360494875|-164514.26129207356|-164512.88653465957|-164511.46132743225
133.6|1.0|0.8|0.0|-164438.6832920137|-164437.48510894648|-164436.24908851922|-164435.013068092|-164433.72659785138
133.8|1.0|0.8|0.0|-164320.61527074076|-164320.14860996723|-164319.6314993803|-164319.1143887934|-164318.54682839316
134.0|1.0|0.8|0.0|-164142.894555595|-164142.894555595|-164142.85671823498|-164142.81888087495|-164142.74320615493
134.2|1.0|0.8|0.0|-164415.7605045164|-164415.1551067561|-164414.44880936912|-164413.78034934212|-164413.0614395018
134.4|1.0|0.8|0.0|-164346.6190353108|-164345.68571376373|-164344.70194240328|-164343.7181710428|-164342.68394986898
134.6|1.0|0.8|0.0|-164095.06717937274|-164093.93205857222|-164092.74648795833|-164091.57352979778|-164090.3501218239
134.8|1.0|0.8|0.0|-164644.17556040204|-164643.34313848164|-164642.4602667479|-164641.60261992083|-164640.66929837372
135.0|1.0|0.8|0.0|-164348.50880855968|-164346.99531415896|-164345.4313699449|-164343.86742573086|-164342.26564415675
135.2|1.0|0.8|0.0|-164243.4939428385|-164242.00567334448|-164240.41650422377|-164238.87778491637|-164237.2760033423
135.4|1.0|0.8|0.0|-164176.27807374074|-164175.31952728698|-164174.31053101984|-164173.31414720605|-164172.25470112552
135.6|1.0|0.8|0.0|-164096.1379657522|-164095.50734308522|-164094.81365815154|-164094.15781057792|-164093.43890073756
135.8|1.0|0.8|0.0|-164345.87451421932|-164344.7393934188|-164343.52859789823|-164342.35563973768|-164341.1070068571
136.0|1.0|0.8|0.0|-164256.6792442044|-164256.16213361753|-164255.59457321724|-164255.05223772363|-164254.44683996338
136.2|1.0|0.8|0.0|-164394.63418407203|-164394.0792361251|-164393.47383836482|-164392.88105305788|-164392.22520548422
136.4|1.0|0.8|0.0|-164561.3379092789|-164560.61899943856|-164559.83702733152|-164559.0802801312|-164558.2478582108
136.6|1.0|0.8|0.0|-164160.375405172|-164159.7952323184|-164159.13938474478|-164158.5087620778|-164157.8276895975
136.8|1.0|0.8|0.0|-164615.76077760677|-164614.9283556864|-164614.02025904597|-164613.13738731222|-164612.17884085845
137.0|1.0|0.8|0.0|-163992.27675923618|-163991.2929878757|-163990.25876670188|-163989.24977043475|-163988.19032435428
137.2|1.0|0.8|0.0|-164261.2675636057|-164260.81351528552|-164260.30901715194|-164259.80451901836|-164259.24957107144
137.4|1.0|0.8|0.0|-163917.41404264834|-163916.35459656786|-163915.24470067397|-163914.13480478013|-163912.98707152627
137.6|1.0|0.8|0.0|-163946.21840555823|-163945.08328475768|-163943.89771414382|-163942.7121435299|-163941.50134800936
137.8|1.0|0.8|0.0|-163967.91370639316|-163966.81642295263|-163965.65607724542|-163964.50834399156|-163963.32277337764
138.0|1.0|0.8|0.0|-164004.2733065054|-164003.54178421173|-164002.78503701137|-164002.02828981102|-164001.22109279732
138.2|1.0|0.8|0.0|-163691.42494452297|-163689.93667502893|-163688.39795572156|-163686.88446132085|-163685.30790465343
138.4|1.0|0.8|0.0|-163975.6983822823|-163974.8911852686|-163974.0587633482|-163973.22634142783|-163972.34346969408
138.6|1.0|0.8|0.0|-163848.1648534483|-163847.3576564346|-163846.47478470087|-163845.62975032715|-163844.72165368672
138.8|1.0|0.8|0.0|-163915.67471851018|-163914.91797130986|-163914.14861165616|-163913.35402709575|-163912.5216051754
139.0|1.0|0.8|0.0|-164032.34916419288|-164031.15098112568|-164029.88973579174|-164028.6537153645|-164027.35463267055
139.2|1.0|0.8|0.0|-164083.77013645685|-164083.44221267002|-164083.05122661655|-164082.67285301632|-164082.2440296028
139.4|1.0|0.8|0.0|-163891.85902451526|-163891.4806509151|-163891.05182750156|-163890.62300408803|-163890.16895576782
139.6|1.0|0.8|0.0|-164019.5430377436|-164018.57187883646|-164017.550270116|-164016.5538863022|-164015.49444022172
139.8|1.0|0.8|0.0|-163968.81575041328|-163967.78152923947|-163966.6968582523|-163965.63741217178|-163964.5022913713
140.0|1.0|0.8|0.0|-163945.31613782496|-163944.57200307795|-163943.81525587762|-163943.05850867723|-163942.2386992102
140.2|1.0|0.8|0.0|-164052.35985481594|-164051.69139478897|-164050.9346475886|-164050.22835020162|-164049.45899054792
140.4|1.0|0.8|0.0|-163782.61090955907|-163781.60191329193|-163780.54246721143|-163779.48302113093|-163778.39835014375
140.6|1.0|0.8|0.0|-164050.54908698864|-164049.48964090814|-164048.3797450143|-164047.26984912046|-164046.1347283199
140.8|1.0|0.8|0.0|-164158.01980189208|-164157.37656677177|-164156.69549429146|-164156.01442181112|-164155.28289951745
141.0|1.0|0.8|0.0|-163954.5830767014|-163953.81371704774|-163952.98129512736|-163952.17409811367|-163951.31645128658
141.2|1.0|0.8|0.0|-164063.88292722724|-164063.47932872036|-164063.05050530683|-164062.62168189333|-164062.15502111978
141.4|1.0|0.8|0.0|-164330.29577911142|-164329.47596964435|-164328.5930979106|-164327.74806353688|-164326.83996689648
141.6|1.0|0.8|0.0|-163971.8209373145|-163971.1524772875|-163970.42095499384|-163969.7272700602|-163968.9579104065
141.8|1.0|0.8|0.0|-164038.98661397098|-164038.318153944|-164037.58663165034|-164036.88033426335|-164036.12358706296
142.0|1.0|0.8|0.0|-164197.53412574637|-164196.68909137265|-164195.79360718557|-164194.9233479052|-164194.00263881142
142.2|1.0|0.8|0.0|-164363.83254462012|-164362.96228533974|-164362.04157624597|-164361.1460920589|-164360.17493315178
142.4|1.0|0.8|0.0|-163857.80470091777|-163857.0101163574|-163856.15246953032|-163855.32004760992|-163854.42456342283
142.6|1.0|0.8|0.0|-164389.74580223722|-164388.95121767686|-164388.0935708498|-164387.26114892942|-164386.353052289
142.8|1.0|0.8|0.0|-164366.58933790645|-164366.07222731953|-164365.50466691927|-164364.94971897235|-164364.3569336654
143.0|1.0|0.8|0.0|-164267.06446860672|-164266.0554723396|-164264.9960262591|-164263.94919263193|-164262.85190919143
143.2|1.0|0.8|0.0|-164070.75163238187|-164070.03272254157|-164069.23813798118|-164068.45616587414|-164067.62374395377
143.4|1.0|0.8|0.0|-164264.09338031738|-164263.10960895693|-164262.07538778312|-164261.05377906264|-164259.9817205288
143.6|1.0|0.8|0.0|-164674.59875881777|-164673.71588708402|-164672.7825655369|-164671.8744688965|-164670.90330998937
143.8|1.0|0.8|0.0|-164201.05179205033|-164200.47161919673|-164199.86622143642|-164199.26082367616|-164198.6049761025
144.0|1.0|0.8|0.0|-164363.24828268762|-164362.28973623386|-164361.28073996672|-164360.29696860627|-164359.23752252577
144.2|1.0|0.8|0.0|-164318.83709144188|-164318.02989442818|-164317.18486005446|-164316.3650505874|-164315.4695664003
144.4|1.0|0.8|0.0|-164250.191078386|-164249.2703692922|-164248.31182283844|-164247.35327638467|-164246.34428011754
144.6|1.0|0.8|0.0|-164275.1258986376|-164274.2178019972|-164273.22141818338|-164272.27548418296|-164271.24126300914
144.8|1.0|0.8|0.0|-164278.33052245414|-164277.4476507204|-164276.4891042666|-164275.5810076262|-164274.59723626572
145.0|1.0|0.8|0.0|-164408.4910409148|-164407.38114502098|-164406.19557440706|-164405.0478411532|-164403.82443317928
145.2|1.0|0.8|0.0|-164185.074042464|-164184.19117073025|-164183.25784918314|-164182.34975254274|-164181.36598118226
145.4|1.0|0.8|0.0|-164509.93165142863|-164509.31364121503|-164508.64518118807|-164507.97672116107|-164507.27042377408
145.6|1.0|0.8|0.0|-164012.98837741037|-164011.9037064232|-164010.75597316932|-164009.63346482214|-164008.4605066616
145.8|1.0|0.8|0.0|-164227.34071396707|-164226.67225394008|-164225.9407316464|-164225.23443425942|-164224.45246215237
146.0|1.0|0.8|0.0|-164416.02735955286|-164414.80395157894|-164413.5300937917|-164412.26884845775|-164410.95715331048
146.2|1.0|0.8|0.0|-164270.83279671182|-164269.7859630847|-164268.71390455085|-164267.641846017|-164266.51933766983
146.4|1.0|0.8|0.0|-164315.36310407677|-164314.3793327163|-164313.3198866358|-164312.285665462|-164311.2009944748
146.6|1.0|0.8|0.0|-164411.59447009355|-164410.9386225199|-164410.24493758625|-164409.5512526526|-164408.81973035893
146.8|1.0|0.8|0.0|-164699.8126063883|-164698.96757201458|-164698.0720878275|-164697.20182854703|-164696.25589454663
147.0|1.0|0.8|0.0|-164421.00171287166|-164419.53866828434|-164418.02517388362|-164416.5369043896|-164414.98557262885
147.2|1.0|0.8|0.0|-164579.99922355064|-164579.41905069703|-164578.78842803006|-164578.17041781644|-164577.50195778944
147.4|1.0|0.8|0.0|-164476.12305784886|-164475.1392864884|-164474.13029022128|-164473.12129395414|-164472.0492354203
147.6|1.0|0.8|0.0|-164615.4151729406|-164614.87283744698|-164614.2674396867|-164613.6872668331|-164613.05664416612
147.8|1.0|0.8|0.0|-164691.10932092147|-164690.32734881443|-164689.52015180074|-164688.70034233367|-164687.85530795995
148.0|1.0|0.8|0.0|-164760.47781428712|-164759.4435931133|-164758.33369721947|-164757.2490262323|-164756.11390543176
148.2|1.0|0.8|0.0|-164579.68251397723|-164578.81225469682|-164577.89154560305|-164577.0086738693|-164576.05012741554
148.4|1.0|0.8|0.0|-164582.6803729037|-164581.79750116993|-164580.86417962285|-164579.96869543576|-164578.99753652865
148.6|1.0|0.8|0.0|-164553.58735892642|-164552.717099646|-164551.78377809894|-164550.86306900514|-164549.89191009803
148.8|1.0|0.8|0.0|-164347.34852192365|-164346.38997546982|-164345.3809792027|-164344.35937048224|-164343.31253685508
149.0|1.0|0.8|0.0|-164467.47126422287|-164466.08389435557|-164464.64607467488|-164463.23347990087|-164461.7578228602
149.2|1.0|0.8|0.0|-164563.70428320105|-164562.5943873072|-164561.42142914666|-164560.2736958928|-164559.0502879189
149.4|1.0|0.8|0.0|-164016.26074601256|-164015.31481201213|-164014.29320329163|-164013.29681947784|-164012.26259830402
149.6|1.0|0.8|0.0|-164238.53923894605|-164237.757266839|-164236.91223246529|-164236.09242299825|-164235.22216371782
149.8|1.0|0.8|0.0|-164072.00054234764|-164071.39514458735|-164070.7266845604|-164070.08344944008|-164069.3771520531
150.0|1.0|0.8|0.0|-164331.86753094874|-164331.02249657502|-164330.13962484128|-164329.2693655609|-164328.36126892045
150.2|1.0|0.8|0.0|-164212.66723443987|-164211.77175025278|-164210.7879788923|-164209.84204489188|-164208.84566107808
150.4|1.0|0.8|0.0|-164465.07379427348|-164464.01434819298|-164462.89183984578|-164461.78194395194|-164460.63421069807
150.6|1.0|0.8|0.0|-164341.91889968477|-164341.36395173785|-164340.75855397756|-164340.17838112396|-164339.5225335503
150.8|1.0|0.8|0.0|-164378.45274703272|-164377.44375076558|-164376.39691713842|-164375.35008351126|-164374.25280007077
151.0|1.0|0.8|0.0|-164328.43347696686|-164327.4749305131|-164326.46593424593|-164325.4569379788|-164324.384879445
151.2|1.0|0.8|0.0|-164216.27092942127|-164215.52679467422|-164214.75743502055|-164213.9754629135|-164213.1430409931
151.4|1.0|0.8|0.0|-164131.66659242185|-164131.07380711485|-164130.41795954123|-164129.77472442095|-164129.08103948727
151.6|1.0|0.8|0.0|-164133.0461848651|-164132.17592558468|-164131.24260403757|-164130.33450739714|-164129.3507360367
151.8|1.0|0.8|0.0|-164169.2691508553|-164168.1088051481|-164166.8853971742|-164165.67460165362|-164164.4133563197
152.0|1.0|0.8|0.0|-164318.67227935893|-164317.43625893167|-164316.13717623777|-164314.85070599717|-164313.5137859432
152.2|1.0|0.8|0.0|-164103.80011515843|-164102.94246833134|-164101.99653433092|-164101.0884376905|-164100.12989123672
152.4|1.0|0.8|0.0|-164275.9871166995|-164275.25559440584|-164274.4610098455|-164273.67903773845|-164272.83400336473
152.6|1.0|0.8|0.0|-164273.41025938443|-164272.47693783732|-164271.5310038369|-164270.58506983644|-164269.5760735693
152.8|1.0|0.8|0.0|-164334.5175958129|-164333.36986255905|-164332.15906703848|-164330.98610887793|-164329.73747599736
153.0|1.0|0.8|0.0|-164248.92638473038|-164247.34982806296|-164245.7228215822|-164244.12104000815|-164242.45619616736
153.2|1.0|0.8|0.0|-164742.4896151506|-164741.3544943501|-164740.1689237362|-164739.008578029|-164737.77255760174
153.4|1.0|0.8|0.0|-164430.0328663464|-164429.3265689594|-164428.5572093057|-164427.81307455868|-164427.00587754496
153.6|1.0|0.8|0.0|-164269.844558288|-164268.73466239413|-164267.5995415936|-164266.47703324642|-164265.2914626325
153.8|1.0|0.8|0.0|-163979.68245676608|-163978.79958503234|-163977.89148839188|-163976.98339175148|-163976.03745775102
154.0|1.0|0.8|0.0|-163968.8270839255|-163967.9820495518|-163967.0865653647|-163966.2289185376|-163965.28298453716
154.2|1.0|0.8|0.0|-163828.48675542368|-163827.75523313|-163826.94803611632|-163826.16606400927|-163825.32102963555
154.4|1.0|0.8|0.0|-164178.1871210234|-164177.3799240097|-164176.52227718264|-164175.68985526226|-164174.80698352848
154.6|1.0|0.8|0.0|-164360.1667241825|-164359.13250300864|-164358.06044447483|-164356.988385941|-164355.8658775938
154.8|1.0|0.8|0.0|-164333.92957633044|-164333.13499177006|-164332.26473248965|-164331.41969811593|-164330.52421392885
155.0|1.0|0.8|0.0|-164572.57806943005|-164571.61952297625|-164570.58530180246|-164569.58891798864|-164568.52947190817
155.2|1.0|0.8|0.0|-164508.45965555607|-164507.50110910228|-164506.49211283514|-164505.50834147466|-164504.4615078475
155.4|1.0|0.8|0.0|-164509.85957642487|-164508.711843171|-164507.51366010378|-164506.3280894899|-164505.11729396932
155.6|1.0|0.8|0.0|-164212.06681586834|-164211.41096829472|-164210.71728336107|-164210.02359842742|-164209.2794636804
155.8|1.0|0.8|0.0|-164324.56989965413|-164323.8131524538|-164322.99334298674|-164322.19875842636|-164321.34111159932
156.0|1.0|0.8|0.0|-163976.12565125173|-163975.6716029315|-163975.15449234462|-163974.64999421104|-163974.09504626412
156.2|1.0|0.8|0.0|-164443.64350113907|-164443.17684036552|-164442.67234223196|-164442.16784409838|-164441.6255086048
156.4|1.0|0.8|0.0|-164325.27562655057|-164324.75851596365|-164324.17834311005|-164323.6233951631|-164323.01799740284
156.6|1.0|0.8|0.0|-164336.75295908924|-164335.92053716886|-164334.9998280751|-164334.12956879468|-164333.20885970094
156.8|1.0|0.8|0.0|-164294.12983777665|-164293.20912868285|-164292.2127448691|-164291.2541984153|-164290.23258969482
157.0|1.0|0.8|0.0|-164397.894583334|-164397.26396066707|-164396.57027573342|-164395.91442815977|-164395.18290586607
157.2|1.0|0.8|0.0|-164638.28660700467|-164637.30283564422|-164636.2433895637|-164635.2091683899|-164634.12449740272
157.4|1.0|0.8|0.0|-164405.0955152888|-164404.02345675495|-164402.86311104774|-164401.75321515388|-164400.56764454
157.6|1.0|0.8|0.0|-164334.75548794324|-164334.150090183|-164333.51946751602|-164332.91406975573|-164332.23299727542
157.8|1.0|0.8|0.0|-164638.2489526447|-164637.40391827098|-164636.52104653724|-164635.63817480352|-164634.71746570975
158.0|1.0|0.8|0.0|-164291.65873488318|-164290.91460013617|-164290.10740312244|-164289.3254310154|-164288.48039664168
158.2|1.0|0.8|0.0|-164218.82140284343|-164218.3925794299|-164217.913306203|-164217.4340329761|-164216.9169223892
158.4|1.0|0.8|0.0|-164304.53421388552|-164303.8909787652|-164303.18468137822|-164302.50360889788|-164301.74686169755
158.6|1.0|0.8|0.0|-164294.642387327|-164293.53249143314|-164292.3595332726|-164291.21180001873|-164290.0136169515
158.8|1.0|0.8|0.0|-163935.75233128775|-163934.80639728732|-163933.83523838018|-163932.8640794731|-163931.8424707526
159.0|1.0|0.8|0.0|-164229.64771899808|-164228.4369234775|-164227.1504532369|-164225.88920790298|-164224.5775127557
159.2|1.0|0.8|0.0|-164032.14931215937|-164031.3295026923|-164030.4340185052|-164029.56375922484|-164028.63043767773
159.4|1.0|0.8|0.0|-163882.9187642498|-163882.1494045961|-163881.31698267572|-163880.50978566203|-163879.6395263816
159.6|1.0|0.8|0.0|-164099.11882898703|-164098.34946933333|-164097.5044349596|-164096.68462549258|-164095.81436621214
159.8|1.0|0.8|0.0|-164270.74909402704|-164269.76532266656|-164268.73110149277|-164267.70949277226|-164266.63743423845
160.0|1.0|0.8|0.0|-164162.18062077335|-164161.02027506614|-164159.80947954557|-164158.598684025|-164157.3374386911
160.2|1.0|0.8|0.0|-164286.62769787136|-164285.8835631243|-164285.05114120396|-164284.26916909692|-164283.4241347232
160.4|1.0|0.8|0.0|-164232.33184737686|-164231.42375073643|-164230.46520428263|-164229.5192702822|-164228.5228864684
160.6|1.0|0.8|0.0|-164179.9591669203|-164179.20241971995|-164178.39522270623|-164177.6132505992|-164176.75560377212
160.8|1.0|0.8|0.0|-164246.94819482122|-164246.21667252755|-164245.42208796716|-164244.64011586012|-164243.80769393974
161.0|1.0|0.8|0.0|-164078.5148341814|-164077.606737541|-164076.66080354055|-164075.70225708676|-164074.70587327296
161.2|1.0|0.8|0.0|-164183.0599654085|-164182.17709367472|-164181.2059347676|-164180.2726132205|-164179.28884186002
161.4|1.0|0.8|0.0|-164207.47778934168|-164206.56969270128|-164205.5859213408|-164204.63998734037|-164203.63099107324
161.6|1.0|0.8|0.0|-164239.6410497881|-164239.16177656123|-164238.60682861428|-164238.07710557405|-164237.4843202671
161.8|1.0|0.8|0.0|-164167.52081360447|-164166.72622904408|-164165.88119467036|-164165.04877274996|-164164.1659010162
162.0|1.0|0.8|0.0|-164179.00563762867|-164178.13537834826|-164177.20205680118|-164176.29396016072|-164175.33541370695
162.2|1.0|0.8|0.0|-164161.43068320604|-164160.4216869389|-164159.36224085843|-164158.30279477793|-164157.20551133744
162.4|1.0|0.8|0.0|-164438.09482290602|-164437.41375042568|-164436.682228132|-164435.95070583833|-164435.1687337313
162.6|1.0|0.8|0.0|-164560.67057084|-164559.48500022612|-164558.22375489218|-164557.0003469183|-164555.7138766777
162.8|1.0|0.8|0.0|-164811.10286548364|-164810.38395564328|-164809.61459598958|-164808.85784878925|-164808.0380393222
163.0|1.0|0.8|0.0|-164548.91518546807|-164547.56565296077|-164546.1530581868|-164544.7656883195|-164543.3026437321
163.2|1.0|0.8|0.0|-164778.16376247795|-164777.30611565086|-164776.37279410378|-164775.47730991672|-164774.50615100958
163.4|1.0|0.8|0.0|-164417.1316536546|-164416.2361694675|-164415.2650105604|-164414.33168901328|-164413.3353051995
163.6|1.0|0.8|0.0|-164440.76739121228|-164439.60704550505|-164438.34580017114|-164437.13500465057|-164435.86114686332
163.8|1.0|0.8|0.0|-164471.40859976763|-164470.8536518207|-164470.26086651377|-164469.68069366016|-164469.03745853988
164.0|1.0|0.8|0.0|-164395.09239724118|-164393.83115190724|-164392.54468166662|-164391.24559897272|-164389.89606646542
164.2|1.0|0.8|0.0|-164440.01488513523|-164439.15723830817|-164438.24914166774|-164437.366269934|-164436.43294838688
164.4|1.0|0.8|0.0|-164437.59329409408|-164436.40772348022|-164435.15909059963|-164433.93568262574|-164432.64921238512
164.6|1.0|0.8|0.0|-164522.0084462387|-164521.12557450496|-164520.2048654112|-164519.28415631744|-164518.31299741034
164.8|1.0|0.8|0.0|-164383.01518921054|-164382.11970502345|-164381.17377102302|-164380.24044947594|-164379.25667811546
165.0|1.0|0.8|0.0|-164493.32144618832|-164492.29983746787|-164491.22777893403|-164490.18094530687|-164489.08366186637
165.2|1.0|0.8|0.0|-164254.492029757|-164253.77311991667|-164253.003760263|-164252.24701306262|-164251.43981604892
165.4|1.0|0.8|0.0|-164150.71252024075|-164150.44765872063|-164150.13234738717|-164149.84226096031|-164149.4764998135
165.6|1.0|0.8|0.0|-164006.21071085558|-164005.26477685515|-164004.28100549467|-164003.29723413422|-164002.25040050707
165.8|1.0|0.8|0.0|-163983.360152455|-163982.60340525466|-163981.77098333425|-163980.9763987739|-163980.13136440018
166.0|1.0|0.8|0.0|-164359.2730572423|-164358.68027193536|-164358.01181190836|-164357.35596433474|-164356.67489185443
166.2|1.0|0.8|0.0|-164161.24492736332|-164160.2107061895|-164159.12603520235|-164158.0539766685|-164156.918855868
166.4|1.0|0.8|0.0|-164095.74022328015|-164095.03392589316|-164094.2393413328|-164093.4699816791|-164092.66278466542
166.6|1.0|0.8|0.0|-164156.58432533385|-164155.73929096013|-164154.8311943197|-164153.94832258596|-164153.01500103885
166.8|1.0|0.8|0.0|-164144.19889615476|-164143.80791010123|-164143.36647423438|-164142.93765082085|-164142.44576514058
167.0|1.0|0.8|0.0|-164324.74616570555|-164324.29211738537|-164323.80023170513|-164323.3083460249|-164322.7660105313
167.2|1.0|0.8|0.0|-164197.68623453064|-164196.9673246903|-164196.1601276766|-164195.40338047626|-164194.57095855585
167.4|1.0|0.8|0.0|-164321.39650074416|-164320.69020335717|-164319.92084370347|-164319.16409650314|-164318.35689948942
167.6|1.0|0.8|0.0|-164560.97005192252|-164560.40249152225|-164559.7844813086|-164559.17908354834|-164558.53584842803
167.8|1.0|0.8|0.0|-164633.30247182288|-164632.3691502758|-164631.39799136866|-164630.41422000818|-164629.39261128774
168.0|1.0|0.8|0.0|-164663.2318235968|-164662.19760242302|-164661.0877065292|-164660.003035542|-164658.88052719482
168.2|1.0|0.8|0.0|-164791.89825012715|-164791.2424025535|-164790.5361051665|-164789.82980777955|-164789.07306057916
168.4|1.0|0.8|0.0|-164691.88935231816|-164691.04431794444|-164690.12360885064|-164689.21551221024|-164688.25696575647
168.6|1.0|0.8|0.0|-164684.448004848|-164683.23720932743|-164681.97596399352|-164680.72733111292|-164679.42824841902
168.8|1.0|0.8|0.0|-164679.5260038607|-164678.64313212695|-164677.73503548655|-164676.80171393944|-164675.85577993898
169.0|1.0|0.8|0.0|-164535.8342698661|-164535.07752266576|-164534.24510074538|-164533.43790373165|-164532.5802569046
169.2|1.0|0.8|0.0|-164368.0905029025|-164367.3211432488|-164366.50133378175|-164365.7193616747|-164364.83648994096
169.4|1.0|0.8|0.0|-164024.5931059613|-164023.88680857437|-164023.15528628064|-164022.42376398697|-164021.61656697327
169.6|1.0|0.8|0.0|-164205.05595893433|-164204.41272381405|-164203.69381397372|-164203.0127414934|-164202.25599429305
169.8|1.0|0.8|0.0|-164067.52039502046|-164066.41049912662|-164065.26276587276|-164064.10242016555|-164062.91684955164
170.0|1.0|0.8|0.0|-164234.23403961112|-164233.300718064|-164232.29172179688|-164231.3331753431|-164230.2989541693
170.2|1.0|0.8|0.0|-164014.1207431629|-164012.84688537565|-164011.50996532166|-164010.19827017438|-164008.82351276043
170.4|1.0|0.8|0.0|-163982.86114119313|-163981.92781964602|-163980.94404828554|-163979.98550183178|-163978.9638931113
170.6|1.0|0.8|0.0|-164003.46298416055|-164002.39092562668|-164001.2558048262|-164000.13329647898|-163998.97295077177
170.8|1.0|0.8|0.0|-164282.5438273844|-164281.49699375723|-164280.3997103167|-164279.3276517829|-164278.19253098234
171.0|1.0|0.8|0.0|-164277.28090571146|-164276.72595776455|-164276.09533509758|-164275.47732488395|-164274.80886485698
171.2|1.0|0.8|0.0|-164489.82189893033|-164489.4813626902|-164489.09037663665|-164488.7246154898|-164488.2957920763
171.4|1.0|0.8|0.0|-164256.04880503708|-164254.72449743643|-164253.3245151158|-164251.94975770183|-164250.51193802114
171.6|1.0|0.8|0.0|-164121.0940296292|-164120.08503336203|-164119.00036237488|-164117.92830384104|-164116.80579549386
171.8|1.0|0.8|0.0|-164290.28579213476|-164289.365083041|-164288.39392413388|-164287.43537768009|-164286.4137689596
172.0|1.0|0.8|0.0|-164192.48882894253|-164191.98433080895|-164191.40415795534|-164190.84921000843|-164190.24381224814
172.2|1.0|0.8|0.0|-164225.13623966952|-164223.7993196156|-164222.39933729492|-164221.01196742762|-164219.5615352936
172.4|1.0|0.8|0.0|-164175.65326790593|-164174.7703961722|-164173.83707462507|-164172.92897798467|-164171.95781907754
172.6|1.0|0.8|0.0|-164276.95493394017|-164275.908100313|-164274.81081687252|-164273.72614588533|-164272.5910250848
172.8|1.0|0.8|0.0|-164376.64644210256|-164376.04104434227|-164375.41042167533|-164374.77979900836|-164374.09872652806
173.0|1.0|0.8|0.0|-164143.35389268716|-164142.58453303349|-164141.77733601973|-164140.99536391272|-164140.15032953897
173.2|1.0|0.8|0.0|-163917.023417515|-163915.4846982076|-163913.89552908685|-163912.33158487282|-163910.6919659387
173.4|1.0|0.8|0.0|-163934.99616352338|-163934.1006793363|-163933.1421328825|-163932.2088113354|-163931.21242752162
173.6|1.0|0.8|0.0|-163941.517797635|-163940.60970099454|-163939.65115454077|-163938.73044544703|-163937.7340616332
173.8|1.0|0.8|0.0|-163979.55053567738|-163978.66766394363|-163977.70911748987|-163976.78840839613|-163975.80463703565
174.0|1.0|0.8|0.0|-164309.7658397645|-164308.65594387066|-164307.47037325677|-164306.33525245622|-164305.11184448234
174.2|1.0|0.8|0.0|-164259.89035659618|-164258.62911126224|-164257.317416115|-164256.00572096772|-164254.64357600707
174.4|1.0|0.8|0.0|-164117.9498067167|-164116.71378628945|-164115.4147035955|-164114.12823335492|-164112.77870084762
174.6|1.0|0.8|0.0|-163770.75923065867|-163770.07815817837|-163769.33402343135|-163768.62772604433|-163767.84575393732
174.8|1.0|0.8|0.0|-163854.08970987087|-163853.13116341707|-163852.09694224325|-163851.08794597612|-163850.0537248023
175.0|1.0|0.8|0.0|-163614.21514887203|-163613.33227713828|-163612.4115680445|-163611.50347140408|-163610.5449249503
175.2|1.0|0.8|0.0|-163850.4354874587|-163849.42649119155|-163848.39227001774|-163847.3706612973|-163846.29860276342
175.4|1.0|0.8|0.0|-163891.09941472777|-163890.17870563405|-163889.19493427355|-163888.23638781978|-163887.240004006
175.6|1.0|0.8|0.0|-163930.4851465788|-163929.36263823163|-163928.20229252442|-163927.04194681722|-163925.8563762033
175.8|1.0|0.8|0.0|-163966.6103253714|-163965.47520457092|-163964.2770215037|-163963.10406334314|-163961.86804291588
176.0|1.0|0.8|0.0|-163831.00801973772|-163830.65487104424|-163830.2260476307|-163829.79722421718|-163829.3557883503
176.2|1.0|0.8|0.0|-164126.76684364426|-164125.32902396363|-164123.84075446957|-164122.37770988222|-164120.83899057485
176.4|1.0|0.8|0.0|-163824.01875657812|-163822.8836357776|-163821.67284025703|-163820.48726964314|-163819.26386166923
176.6|1.0|0.8|0.0|-163653.425613673|-163652.5931917526|-163651.73554492553|-163650.87789809846|-163649.96980145804
176.8|1.0|0.8|0.0|-163912.9394535806|-163912.25838110028|-163911.53947125995|-163910.82056141962|-163910.06381421926
177.0|1.0|0.8|0.0|-164248.21001530965|-164246.94876997574|-164245.62446237513|-164244.32537968122|-164242.97584717392
177.2|1.0|0.8|0.0|-163904.39536200062|-163902.99537967995|-163901.55755999932|-163900.1449652253|-163898.6566957313
177.4|1.0|0.8|0.0|-163918.65602887806|-163917.54613298416|-163916.38578727696|-163915.25066647647|-163914.05248340924
177.6|1.0|0.8|0.0|-163900.45327548654|-163899.14158033926|-163897.7668229253|-163896.40467796466|-163895.00469564402
177.8|1.0|0.8|0.0|-163907.83781960412|-163906.27387539006|-163904.6468689093|-163903.04508733522|-163901.38024349444
178.0|1.0|0.8|0.0|-164123.3559279842|-164122.35954417038|-164121.28748563657|-164120.2280395561|-164119.13075611557
178.2|1.0|0.8|0.0|-164033.8129704762|-164032.728299489|-164031.5931786885|-164030.48328279465|-164029.29771218076
178.4|1.0|0.8|0.0|-164077.06245067102|-164076.24264120395|-164075.34715701686|-164074.4895101898|-164073.5561886427
178.6|1.0|0.8|0.0|-163927.2226181355|-163926.2640716817|-163925.26768786792|-163924.27130405413|-163923.21185797363
178.8|1.0|0.8|0.0|-164069.89361037407|-164068.5819152268|-164067.21977026615|-164065.8576253055|-164064.45764298487
179.0|1.0|0.8|0.0|-163943.18366920215|-163941.84674914816|-163940.45937928086|-163939.0846218669|-163937.65941463958
179.2|1.0|0.8|0.0|-164201.32065014937|-164200.18552934882|-164198.9873462816|-164197.81438812107|-164196.59098014716
179.4|1.0|0.8|0.0|-164183.59976003016|-164182.52770149635|-164181.40519314914|-164180.2952972553|-164179.1349515481
179.6|1.0|0.8|0.0|-163965.2205717566|-163963.85842679598|-163962.4206071153|-163961.0080123413|-163959.54496775396
179.8|1.0|0.8|0.0|-163948.35675892318|-163947.48649964278|-163946.57840300235|-163945.68291881526|-163944.71175990812
180.0|1.0|0.8|0.0|-164179.27630252458|-164178.74657948434|-164178.16640663074|-164177.61145868382|-164176.98083601685
180.2|1.0|0.8|0.0|-164415.11539237836|-164413.91720931113|-164412.65596397722|-164411.40733109662|-164410.1082484027
180.4|1.0|0.8|0.0|-164308.9185352622|-164308.09872579516|-164307.25369142144|-164306.4086570477|-164305.5131728606
180.6|1.0|0.8|0.0|-164139.42804350302|-164138.57039667593|-164137.67491248884|-164136.77942830176|-164135.84610675467
180.8|1.0|0.8|0.0|-164387.56553526153|-164386.8087880612|-164386.00159104745|-164385.21961894043|-164384.36197211337
181.0|1.0|0.8|0.0|-164265.17453003136|-164264.24120848425|-164263.24482467046|-164262.27366576332|-164261.23944458953
181.2|1.0|0.8|0.0|-164009.93774065177|-164008.94135683792|-164007.88191075745|-164006.8350771303|-164005.7504061431
181.4|1.0|0.8|0.0|-164168.6276285657|-164167.50512021853|-164166.34477451132|-164165.18442880412|-164163.9862457369
181.6|1.0|0.8|0.0|-164403.33919514177|-164402.0905622612|-164400.77886711393|-164399.50500932665|-164398.1680892727
181.8|1.0|0.8|0.0|-164096.68684208652|-164095.4634341126|-164094.18957632536|-164092.91571853808|-164091.6040233908
182.0|1.0|0.8|0.0|-164386.34915903825|-164385.27710050443|-164384.15459215725|-164383.04469626336|-164381.88435055615
182.2|1.0|0.8|0.0|-164363.88187159854|-164363.01161231817|-164362.0656783177|-164361.15758167728|-164360.19903522352
182.4|1.0|0.8|0.0|-164397.10307369404|-164395.79137854677|-164394.3913962261|-164393.0166388121|-164391.5914315848
182.6|1.0|0.8|0.0|-164366.78273586655|-164365.8872516795|-164364.95393013238|-164364.0332210386|-164363.0620621315
182.8|1.0|0.8|0.0|-164194.39572362622|-164193.37411490575|-164192.2894439186|-164191.21738538472|-164190.10748949088
183.0|1.0|0.8|0.0|-164150.40966227563|-164149.67813998193|-164148.88355542158|-164148.1141957679|-164147.2817738475
183.2|1.0|0.8|0.0|-164386.53749048492|-164385.1375081643|-164383.67446357693|-164382.23664389626|-164380.72314949558
183.4|1.0|0.8|0.0|-163828.39750681617|-163827.1614863889|-163825.87501614832|-163824.6137708144|-163823.28946321376
183.6|1.0|0.8|0.0|-164037.56158436878|-164036.30033903485|-164034.98864388757|-164033.6769487403|-164032.34002868636
183.8|1.0|0.8|0.0|-163945.77460258908|-163944.55119461517|-163943.2773368279|-163942.01609149398|-163940.69178389336
184.0|1.0|0.8|0.0|-164243.7470375064|-164242.52362953252|-164241.24977174524|-164239.97591395798|-164238.6642188107
184.2|1.0|0.8|0.0|-164369.583107287|-164368.76329781994|-164367.8804260862|-164367.03539171247|-164366.12729507207
184.4|1.0|0.8|0.0|-164519.5747646298|-164518.9945917762|-164518.36396910922|-164517.75857134897|-164517.10272377532
184.6|1.0|0.8|0.0|-164465.82616325622|-164464.8171669891|-164463.77033336193|-164462.72349973477|-164461.6388287476
184.8|1.0|0.8|0.0|-164391.5773227952|-164390.59355143475|-164389.5467178076|-164388.52510908712|-164387.44043809996
185.0|1.0|0.8|0.0|-164394.60431159663|-164393.3430662627|-164392.00614620876|-164390.69445106148|-164389.3196936475
185.2|1.0|0.8|0.0|-164683.72301059263|-164682.41131544532|-164681.06178293802|-164679.71225043075|-164678.32488056342
185.4|1.0|0.8|0.0|-164734.0655372965|-164733.20789046944|-164732.31240628235|-164731.40430964192|-164730.4583756415
185.6|1.0|0.8|0.0|-164262.87910976258|-164261.99623802883|-164261.0503040284|-164260.14220738798|-164259.17104848087
185.8|1.0|0.8|0.0|-164548.9316424697|-164548.3514696161|-164547.7460718558|-164547.12806164217|-164546.4848265219
186.0|1.0|0.8|0.0|-164132.65762000898|-164131.28286259502|-164129.8576553677|-164128.45767304703|-164126.9946284597
186.2|1.0|0.8|0.0|-164282.58185285222|-164281.7746558385|-164280.9043965581|-164280.05936218437|-164279.15126554394
186.4|1.0|0.8|0.0|-164138.7227138023|-164137.89029188195|-164136.99480769483|-164136.12454841443|-164135.19122686735
186.6|1.0|0.8|0.0|-164050.98997235936|-164050.5863738525|-164050.1071006256|-164049.66566475874|-164049.1737790785
186.8|1.0|0.8|0.0|-164123.237157127|-164122.4677974733|-164121.64798800627|-164120.85340344586|-164120.00836907214
187.0|1.0|0.8|0.0|-164082.3601958546|-164081.59083620092|-164080.79625164054|-164079.9890546268|-164079.13140779975
187.2|1.0|0.8|0.0|-164108.69877726797|-164108.05554214766|-164107.37446966735|-164106.70600964036|-164105.98709980003
187.4|1.0|0.8|0.0|-163936.8443731644|-163935.53267801713|-163934.1453081498|-163932.78316318916|-163931.38318086852
187.6|1.0|0.8|0.0|-163892.53682458377|-163891.96926418348|-163891.33864151652|-163890.74585620957|-163890.07739618258
187.8|1.0|0.8|0.0|-164028.91039128357|-164027.8635576564|-164026.75366176257|-164025.68160322876|-164024.53386997487
188.0|1.0|0.8|0.0|-163802.39624646518|-163801.13500113125|-163799.81069353066|-163798.5116108367|-163797.14946587605
188.2|1.0|0.8|0.0|-164100.05399652105|-164098.95671308052|-164097.78375491998|-164096.6360216661|-164095.42522614554
188.4|1.0|0.8|0.0|-164178.06202042408|-164176.76293773012|-164175.41340522285|-164174.08909762223|-164172.71434020824
188.6|1.0|0.8|0.0|-164125.10071149372|-164123.95297823986|-164122.75479517263|-164121.58183701208|-164120.34581658483
188.8|1.0|0.8|0.0|-163781.24344111397|-163779.99480823337|-163778.6957255394|-163777.40925529884|-163776.08494769823
189.0|1.0|0.8|0.0|-164169.47271598203|-164168.1105710214|-164166.67275134075|-164165.2475441134|-164163.77188707274
189.2|1.0|0.8|0.0|-164524.5330116053|-164523.04474211126|-164521.50602280386|-164519.9799159498|-164518.4033592824
189.4|1.0|0.8|0.0|-164205.85417845784|-164204.64338293727|-164203.39475005667|-164202.13350472276|-164200.84703448217
189.6|1.0|0.8|0.0|-164013.39425097118|-164011.9185939305|-164010.3546497164|-164008.84115531572|-164007.25198619498
189.8|1.0|0.8|0.0|-164411.03792286688|-164409.77667753297|-164408.4649823857|-164407.15328723844|-164405.7911422778
190.0|1.0|0.8|0.0|-164509.65897821123|-164508.47340759734|-164507.24999962343|-164506.02659164954|-164504.76534631563
190.2|1.0|0.8|0.0|-164361.46265147548|-164360.2140185949|-164358.90232344763|-164357.615853207|-164356.2663206997
190.4|1.0|0.8|0.0|-164293.33325182862|-164292.08461894805|-164290.7603113474|-164289.4612286535|-164288.09908369285
190.6|1.0|0.8|0.0|-163959.3554874063|-163958.6239651126|-163957.8419930056|-163957.0726333519|-163956.2402114315
190.8|1.0|0.8|0.0|-164404.1514841199|-164403.31906219953|-164402.4361904658|-164401.57854363872|-164400.64522209164
191.0|1.0|0.8|0.0|-164413.83613432638|-164413.02893731266|-164412.1460655789|-164411.28841875185|-164410.36770965808
191.2|1.0|0.8|0.0|-164501.29088578047|-164500.0800902599|-164498.79362001928|-164497.53237468537|-164496.1954546314
191.4|1.0|0.8|0.0|-164604.4907447146|-164603.88534695428|-164603.22949938066|-164602.5988767137|-164601.91780423338
191.6|1.0|0.8|0.0|-164140.37916185232|-164139.8242139054|-164139.2440410518|-164138.6638681982|-164138.00802062458
191.8|1.0|0.8|0.0|-164185.90401449153|-164184.8319559577|-164183.7094476105|-164182.59955171667|-164181.41398110276
192.0|1.0|0.8|0.0|-163999.89550767944|-163999.18921029242|-163998.4072381854|-163997.6378785317|-163996.81806906467
192.2|1.0|0.8|0.0|-164144.79998409364|-164144.04323689328|-164143.22342742624|-164142.4414553192|-164141.58380849214
192.4|1.0|0.8|0.0|-164527.15873517227|-164526.27586343852|-164525.3425418914|-164524.40922034433|-164523.42544898385
192.6|1.0|0.8|0.0|-164684.99242193848|-164684.00865057806|-164682.9618169509|-164681.92759577706|-164680.85553724325
192.8|1.0|0.8|0.0|-164437.84075338265|-164436.73085748882|-164435.54528687493|-164434.38494116772|-164433.14892074047
193.0|1.0|0.8|0.0|-164517.8246469443|-164517.04267483726|-164516.2228653702|-164515.4156683565|-164514.5454090761
193.2|1.0|0.8|0.0|-164571.02525943163|-164569.738789191|-164568.37664423036|-164567.05233662977|-164565.66496676244
193.4|1.0|0.8|0.0|-164487.810257781|-164487.57062116754|-164487.29314719408|-164487.00306076728|-164486.66252452714
193.6|1.0|0.8|0.0|-164147.5247031036|-164146.3265200364|-164145.0778871558|-164143.85447918193|-164142.55539648797
193.8|1.0|0.8|0.0|-164412.13811392686|-164411.15434256638|-164410.10750893925|-164409.08590021878|-164408.0012292316
194.0|1.0|0.8|0.0|-164156.04190840188|-164154.84372533465|-164153.60770490742|-164152.39690938685|-164151.11043914623
194.2|1.0|0.8|0.0|-164153.92380903687|-164153.31841127662|-164152.6373387963|-164151.99410367597|-164151.28780628898
194.4|1.0|0.8|0.0|-164266.6034671694|-164265.72059543565|-164264.76204898188|-164263.84133988814|-164262.870180981
194.6|1.0|0.8|0.0|-164234.94525255568|-164234.32724234206|-164233.65878231506|-164233.00293474144|-164232.29663735445
194.8|1.0|0.8|0.0|-164349.1636299956|-164348.2681458085|-164347.30959935472|-164346.37627780763|-164345.3798939938
195.0|1.0|0.8|0.0|-164061.50583320632|-164061.0139475261|-164060.44638712585|-164059.91666408558|-164059.33649123198
195.2|1.0|0.8|0.0|-163820.38095026725|-163819.34672909346|-163818.26205810628|-163817.2026120258|-163816.06749122526
195.4|1.0|0.8|0.0|-164151.67053400783|-164150.83811208743|-164149.9552403537|-164149.07236861996|-164148.13904707285
195.6|1.0|0.8|0.0|-163844.17892159784|-163843.23298759738|-163842.2366037836|-163841.25283242314|-163840.21861124932
195.8|1.0|0.8|0.0|-163928.3670333913|-163927.43371184418|-163926.42471557704|-163925.45355666993|-163924.41933549612
196.0|1.0|0.8|0.0|-163839.70148641663|-163838.44024108272|-163837.12854593544|-163835.82946324148|-163834.47993073415
196.2|1.0|0.8|0.0|-164014.6808025488|-164013.69703118835|-164012.66281001453|-164011.62858884071|-164010.56914276024
196.4|1.0|0.8|0.0|-164083.74869597296|-164082.52528799907|-164081.2262053051|-164079.97757242454|-164078.66587727726
196.6|1.0|0.8|0.0|-164225.16266703396|-164223.5734979132|-164221.92126652578|-164220.29426004502|-164218.6168037509
196.8|1.0|0.8|0.0|-164211.2635414069|-164210.14103305968|-164208.9554624458|-164207.7951167386|-164206.5717087647
197.0|1.0|0.8|0.0|-164235.7182989885|-164234.4318287479|-164233.0822962406|-164231.75798864|-164230.3706187727
197.2|1.0|0.8|0.0|-164175.23922794664|-164174.25545658616|-164173.19601050566|-164172.1744017852|-164171.08973079803
197.4|1.0|0.8|0.0|-163823.9883101577|-163822.46220330364|-163820.8730341829|-163819.30908996885|-163817.66947103475
197.6|1.0|0.8|0.0|-163956.61972647012|-163955.01794489604|-163953.3657135086|-163951.7260945745|-163950.03602582705
197.8|1.0|0.8|0.0|-164016.99553601502|-164015.7342906811|-164014.4099830805|-164013.09828793322|-164011.72353051926
198.0|1.0|0.8|0.0|-163589.37735464986|-163588.229621396|-163587.04405078207|-163585.85848016822|-163584.62245974096
198.2|1.0|0.8|0.0|-163725.26071732517|-163724.0499218046|-163722.7886764707|-163721.5400435901|-163720.21573598948
198.4|1.0|0.8|0.0|-163636.07390301974|-163635.54417997948|-163634.93878221922|-163634.35860936562|-163633.72798669865
198.6|1.0|0.8|0.0|-163958.1131981009|-163957.09158938043|-163956.0195308466|-163954.9600847661|-163953.8375764189
198.8|1.0|0.8|0.0|-163686.96621699183|-163685.931995818|-163684.83471237752|-163683.76265384367|-163682.62753304315
199.0|1.0|0.8|0.0|-163643.80640166503|-163642.77218049124|-163641.6622845974|-163640.57761361022|-163639.44249280967
199.2|1.0|0.8|0.0|-163450.93028925394|-163449.92129298678|-163448.86184690628|-163447.8024008258|-163446.69250493194
199.4|1.0|0.8|0.0|-163708.66352857286|-163707.83110665248|-163706.9482349187|-163706.09058809167|-163705.16987899787
199.6|1.0|0.8|0.0|-163711.56439284087|-163710.1896354269|-163708.78965310624|-163707.40228323895|-163705.93923865157
199.8|1.0|0.8|0.0|-163953.97572447022|-163953.1433025498|-163952.23520590938|-163951.37755908232|-163950.4442375352
200.0|1.0|0.8|0.0|-164349.47767234177|-164348.6830877814|-164347.85066586098|-164347.03085639392|-164346.17320956688
200.2|1.0|0.8|0.0|-164085.85217264554|-164084.72966429836|-164083.5567061378|-164082.3963604306|-164081.18556491003
200.4|1.0|0.8|0.0|-164373.18908461946|-164372.34405024574|-164371.42334115197|-164370.54046941825|-164369.58192296443
200.6|1.0|0.8|0.0|-164393.61214651517|-164392.93107403483|-164392.1869392878|-164391.46802944748|-164390.68605734044
200.8|1.0|0.8|0.0|-164368.0593160499|-164366.91158279605|-164365.71339972882|-164364.52782911493|-164363.29180868767
201.0|1.0|0.8|0.0|-164273.79703747283|-164272.76281629904|-164271.66553285852|-164270.58086187133|-164269.44574107078
201.2|1.0|0.8|0.0|-164347.71949607632|-164346.6852749025|-164345.58799146197|-164344.5411578348|-164343.41864948763
201.4|1.0|0.8|0.0|-164351.71698859584|-164350.45574326193|-164349.13143566131|-164347.83235296738|-164346.47020800674
201.6|1.0|0.8|0.0|-164160.66136805294|-164159.04697402552|-164157.35690527805|-164155.70467389064|-164153.97676778314
201.8|1.0|0.8|0.0|-164420.99610911353|-164420.2141370065|-164419.39432753943|-164418.5745180724|-164417.71687124536
202.0|1.0|0.8|0.0|-164190.1914408582|-164189.0563200577|-164187.8707494438|-164186.69779128325|-164185.47438330937
202.2|1.0|0.8|0.0|-164369.4602713667|-164368.653074353|-164367.82065243262|-164366.98823051222|-164366.1053587785
202.4|1.0|0.8|0.0|-164463.62827198967|-164462.5814383625|-164461.47154246867|-164460.38687148152|-164459.2265257743
202.6|1.0|0.8|0.0|-164371.07387043745|-164370.50631003716|-164369.8882998235|-164369.29551451662|-164368.62705448965
202.8|1.0|0.8|0.0|-164356.4242336427|-164355.45307473556|-164354.4188535617|-164353.39724484127|-164352.33779876077
203.0|1.0|0.8|0.0|-164006.743964813|-164005.63406891917|-164004.47372321197|-164003.32598995807|-164002.12780689084
203.2|1.0|0.8|0.0|-164218.22724907505|-164216.90294147443|-164215.5155716071|-164214.14081419315|-164212.72821941914
203.4|1.0|0.8|0.0|-163975.33823439517|-163974.63193700818|-163973.86257735448|-163973.10583015415|-163972.31124559377
203.6|1.0|0.8|0.0|-164226.95667851245|-164225.79633280524|-164224.58553728467|-164223.3999666708|-164222.13872133687
203.8|1.0|0.8|0.0|-164219.45304274734|-164218.39359666684|-164217.27108831966|-164216.18641733247|-164215.02607162527
204.0|1.0|0.8|0.0|-164211.62640215637|-164210.59218098258|-164209.49489754208|-164208.44806391493|-164207.31294311438
204.2|1.0|0.8|0.0|-164415.6084201874|-164414.53636165356|-164413.40124085304|-164412.26612005252|-164411.09316189194
204.4|1.0|0.8|0.0|-164249.96706250956|-164248.78149189567|-164247.49502165508|-164246.25900122782|-164244.94730608058
204.6|1.0|0.8|0.0|-164134.61356426912|-164133.81897970877|-164132.97394533505|-164132.14152341464|-164131.27126413427
204.8|1.0|0.8|0.0|-164191.49572882897|-164190.6633069086|-164189.75521026817|-164188.88495098776|-164187.95162944068
205.0|1.0|0.8|0.0|-163910.23785593847|-163908.97661060456|-163907.71536527062|-163906.44150748337|-163905.11719988278
205.2|1.0|0.8|0.0|-163976.34211414956|-163974.9042944689|-163973.40341252153|-163971.90253057418|-163970.35119881344
205.4|1.0|0.8|0.0|-163803.44874757508|-163802.65416301473|-163801.77129128098|-163800.93886936057|-163800.03077272017
205.6|1.0|0.8|0.0|-164058.96795690703|-164057.34095042627|-164055.65088167883|-164053.99865029135|-164052.25813173054
205.8|1.0|0.8|0.0|-164255.937253343|-164255.15528123596|-164254.32285931558|-164253.5030498485|-164252.63279056814
206.0|1.0|0.8|0.0|-164240.14063127356|-164239.42172143323|-164238.63974932622|-164237.87038967252|-164237.05058020548
206.2|1.0|0.8|0.0|-164230.50338679744|-164229.31781618355|-164228.0817957563|-164226.87100023575|-164225.5971424485
206.4|1.0|0.8|0.0|-164145.68463809125|-164144.9026659842|-164144.07024406383|-164143.2252096901|-164142.34233795636
206.6|1.0|0.8|0.0|-163936.08795394318|-163934.7762587959|-163933.4015013819|-163932.0519688746|-163930.65198655394
206.8|1.0|0.8|0.0|-164141.59526865228|-164140.7628467319|-164139.85475009147|-164138.98449081107|-164138.05116926398
207.0|1.0|0.8|0.0|-164088.9554058918|-164088.21127114483|-164087.40407413107|-164086.6221020241|-164085.78968010368
207.2|1.0|0.8|0.0|-164013.58465323754|-164012.95403057057|-164012.24773318355|-164011.5792731566|-164010.86036331626
207.4|1.0|0.8|0.0|-164169.71874693676|-164168.64668840292|-164167.56201741574|-164166.4521215219|-164165.31700072135
207.6|1.0|0.8|0.0|-163990.13002383974|-163988.75526642572|-163987.2922218384|-163985.8544021577|-163984.3661326637
207.8|1.0|0.8|0.0|-163942.82539041413|-163941.74071942695|-163940.61821107977|-163939.50831518593|-163938.33535702535
208.0|1.0|0.8|0.0|-164162.77590505633|-164161.5398846291|-164160.24080193514|-164158.9417192412|-164157.6174116406
208.2|1.0|0.8|0.0|-164358.6495449623|-164357.4891992551|-164356.27840373453|-164355.08022066733|-164353.81897533342
208.4|1.0|0.8|0.0|-164267.69829744648|-164266.9667751528|-164266.17219059245|-164265.41544339206|-164264.58302147168
208.6|1.0|0.8|0.0|-164492.56572803127|-164491.22880797734|-164489.81621320333|-164488.40361842935|-164486.95318629534
208.8|1.0|0.8|0.0|-164266.78570389908|-164265.94066952536|-164265.0199604316|-164264.1244762445|-164263.1659297907
209.0|1.0|0.8|0.0|-164236.57717442344|-164235.66907778304|-164234.71053132927|-164233.76459732882|-164232.75560106165
209.2|1.0|0.8|0.0|-164204.0537203499|-164203.34742296292|-164202.5654508559|-164201.8213161089|-164201.00150664183
209.4|1.0|0.8|0.0|-164180.54410732564|-164179.45943633845|-164178.29909063125|-164177.16396983073|-164176.00362412352
209.6|1.0|0.8|0.0|-164239.00339750224|-164238.10791331515|-164237.1872042214|-164236.26649512764|-164235.28272376716
209.8|1.0|0.8|0.0|-164359.4355232305|-164358.45175187004|-164357.4175306962|-164356.3833095224|-164355.31125098857
210.0|1.0|0.8|0.0|-163572.5617141991|-163571.70406737205|-163570.80858318496|-163569.9257114512|-163568.9797774508
210.2|1.0|0.8|0.0|-163903.96160349142|-163903.04089439762|-163902.06973549054|-163901.1238014901|-163900.11480522295
210.4|1.0|0.8|0.0|-163699.84062588745|-163699.08387868712|-163698.2514567667|-163697.444259753|-163696.58661292592
210.6|1.0|0.8|0.0|-163627.6252438878|-163626.6036351673|-163625.55680154017|-163624.509967913|-163623.4126844725
210.8|1.0|0.8|0.0|-163999.5426309997|-163998.24354830573|-163996.8814033451|-163995.54448329116|-163994.15711342383
211.0|1.0|0.8|0.0|-163889.04313515997|-163888.18548833288|-163887.2900041458|-163886.3819075054|-163885.41074859828
211.2|1.0|0.8|0.0|-164026.4293493537|-164025.42035308655|-164024.36090700608|-164023.32668583226|-164022.24201484508
211.4|1.0|0.8|0.0|-163743.153647355|-163742.16987599456|-163741.1230423674|-163740.10143364692|-163739.02937511308
211.6|1.0|0.8|0.0|-164042.18359104957|-164041.48990611592|-164040.70793400888|-164039.9764117152|-164039.19443960817
211.8|1.0|0.8|0.0|-163657.3833002128|-163656.2229545056|-163655.01215898502|-163653.80136346444|-163652.54011813054
212.0|1.0|0.8|0.0|-163823.2115086341|-163822.4673738871|-163821.6854017801|-163820.89081721968|-163820.07100775262
212.2|1.0|0.8|0.0|-163869.6852339256|-163869.25641051203|-163868.75191237847|-163868.2726391516|-163867.73030365803
212.4|1.0|0.8|0.0|-163821.2016894381|-163820.54584186448|-163819.8395444775|-163819.14585954382|-163818.37649989015
212.6|1.0|0.8|0.0|-163790.12016280455|-163789.5147650443|-163788.87152992398|-163788.22829480367|-163787.54722232337
212.8|1.0|0.8|0.0|-163694.6918336124|-163693.7711245186|-163692.77474070483|-163691.8035817977|-163690.78197307725
213.0|1.0|0.8|0.0|-163864.68622629216|-163863.60155530498|-163862.4790469578|-163861.35653861062|-163860.18358045004
213.2|1.0|0.8|0.0|-164150.95977499726|-164149.84987910342|-164148.67692094285|-164147.52918768898|-164146.33100462178
213.4|1.0|0.8|0.0|-163852.1182206827|-163851.09661196222|-163850.0371658817|-163848.97771980122|-163847.86782390738
213.6|1.0|0.8|0.0|-164038.55322884262|-164037.54423257548|-164036.484786495|-164035.4631777745|-164034.37850678735
213.8|1.0|0.8|0.0|-164361.44144040562|-164360.00362072495|-164358.5405761376|-164357.0901440036|-164355.56403714954
214.0|1.0|0.8|0.0|-164118.51965479305|-164117.35930908585|-164116.17373847196|-164114.97555540476|-164113.7395349775
214.2|1.0|0.8|0.0|-164162.35428396543|-164161.33267524498|-164160.26061671114|-164159.213783084|-164158.11649964348
214.4|1.0|0.8|0.0|-164312.04084740393|-164311.24626284355|-164310.41384092317|-164309.5940314561|-164308.7237721757
214.6|1.0|0.8|0.0|-164242.73541630496|-164241.8147072112|-164240.8561607574|-164239.92283921028|-164238.91384294318
214.8|1.0|0.8|0.0|-164302.96795449546|-164301.7319340682|-164300.4454638276|-164299.158993587|-164297.82207353305
215.0|1.0|0.8|0.0|-164150.73564269114|-164149.650971704|-164148.51585090344|-164147.38073010292|-164146.19515948903
215.2|1.0|0.8|0.0|-164062.14577043653|-164061.12416171603|-164060.0521031822|-164059.00526955503|-164057.88276120787
215.4|1.0|0.8|0.0|-164044.1351870681|-164043.12619080098|-164042.05413226716|-164040.99468618666|-164039.89740274614
215.6|1.0|0.8|0.0|-164070.8505104926|-164069.75322705208|-164068.61810625152|-164067.49559790434|-164066.3226397438
215.8|1.0|0.8|0.0|-164151.84124644197|-164150.64306337474|-164149.39443049417|-164148.1584100669|-164146.87193982632
216.0|1.0|0.8|0.0|-164110.30494384325|-164109.04369850934|-164107.73200336206|-164106.4203082148|-164105.05816325417
216.2|1.0|0.8|0.0|-164174.09111622968|-164173.03167014918|-164171.909161802|-164170.81187836148|-164169.65153265427
216.4|1.0|0.8|0.0|-164062.6222536177|-164062.1303679375|-164061.56280753724|-164061.03308449697|-164060.4276867367
216.6|1.0|0.8|0.0|-164411.14217674016|-164410.36020463315|-164409.5151702594|-164408.67013588568|-164407.78726415194
216.8|1.0|0.8|0.0|-164265.17241430408|-164264.4282795571|-164263.60847009005|-164262.826497983|-164261.96885115592
217.0|1.0|0.8|0.0|-164416.99106038196|-164415.47756598124|-164413.91362176716|-164412.36229000645|-164410.76050843237
217.2|1.0|0.8|0.0|-164784.61885031327|-164784.08912727304|-164783.5215668728|-164782.95400647252|-164782.3612211656
217.4|1.0|0.8|0.0|-164408.5682144492|-164407.7610174355|-164406.87814570175|-164406.02049887468|-164405.0997897809
217.6|1.0|0.8|0.0|-164619.06386810646|-164618.49630770617|-164617.8530725859|-164617.23506237226|-164616.55398989195
217.8|1.0|0.8|0.0|-164492.63663583418|-164491.81682636714|-164490.94656708674|-164490.08892025967|-164489.1682111659
218.0|1.0|0.8|0.0|-164362.2077797448|-164360.97175931756|-164359.69790153028|-164358.42404374303|-164357.08712368907
218.2|1.0|0.8|0.0|-164202.15828672622|-164201.59072632596|-164200.98532856564|-164200.40515571204|-164199.7745330451
218.4|1.0|0.8|0.0|-164222.1176548483|-164221.2473955679|-164220.32668647412|-164219.41858983372|-164218.46004337992
218.6|1.0|0.8|0.0|-164098.9000623499|-164097.91629098944|-164096.85684490894|-164095.83523618846|-164094.75056520128
218.8|1.0|0.8|0.0|-164281.9824350219|-164281.06172592813|-164280.09056702102|-164279.1194081139|-164278.1230243001
219.0|1.0|0.8|0.0|-164250.7413881007|-164249.93419108697|-164249.10176916656|-164248.26934724618|-164247.38647551244
219.2|1.0|0.8|0.0|-164197.2989573955|-164195.8737501682|-164194.38548067416|-164192.9224360868|-164191.4089416861
219.4|1.0|0.8|0.0|-164377.74532731963|-164376.82461822586|-164375.82823441207|-164374.86968795827|-164373.83546678448
219.6|1.0|0.8|0.0|-164121.890585777|-164120.36447892297|-164118.7626973489|-164117.21136558815|-164115.5843591074
219.8|1.0|0.8|0.0|-164204.9193671274|-164204.049107847|-164203.12839875324|-164202.22030211284|-164201.26175565904
220.0|1.0|0.8|0.0|-164108.1174168048|-164107.19670771103|-164106.2255488039|-164105.26700235013|-164104.258006083
220.2|1.0|0.8|0.0|-164352.63664715676|-164351.55197616958|-164350.39163046237|-164349.2691221152|-164348.0835515013
220.4|1.0|0.8|0.0|-164240.6254490512|-164239.61645278407|-164238.54439425026|-164237.4975606231|-164236.38766472926
220.6|1.0|0.8|0.0|-163978.7026305558|-163977.744084102|-163976.7350878349|-163975.75131647443|-163974.70448284727
220.8|1.0|0.8|0.0|-164392.9711420987|-164391.7981839381|-164390.57477596425|-164389.33875553697|-164388.0648977497
221.0|1.0|0.8|0.0|-164291.76881650483|-164290.8607198644|-164289.90217341064|-164288.94362695684|-164287.9346306897
221.2|1.0|0.8|0.0|-164664.0627948293|-164663.07902346886|-164662.04480229504|-164661.02319357457|-164659.95113504073
221.4|1.0|0.8|0.0|-164455.1227084159|-164453.78578836194|-164452.37319358796|-164450.98582372064|-164449.53539158663
221.6|1.0|0.8|0.0|-164224.4661617484|-164223.12924169443|-164221.7418718271|-164220.36711441312|-164218.9419071858
221.8|1.0|0.8|0.0|-164560.72678022512|-164559.9826454781|-164559.1754484644|-164558.39347635736|-164557.54844198364
222.0|1.0|0.8|0.0|-164467.67647576734|-164466.78099158028|-164465.84767003317|-164464.91434848605|-164463.93057712555
222.2|1.0|0.8|0.0|-164600.76874957|-164599.91110274295|-164598.99039364918|-164598.09490946212|-164597.1363630083
222.4|1.0|0.8|0.0|-164425.51871042166|-164424.32052735443|-164423.07189447386|-164421.82326159326|-164420.53679135267
222.6|1.0|0.8|0.0|-164223.8986164515|-164223.6715922914|-164223.39411831793|-164223.14186925115|-164222.81394546432
222.8|1.0|0.8|0.0|-164368.3112071855|-164367.78148414523|-164367.20131129163|-164366.64636334474|-164366.01574067777
223.0|1.0|0.8|0.0|-164565.839808464|-164564.99477409027|-164564.07406499653|-164563.21641816944|-164562.270484169
223.2|1.0|0.8|0.0|-164333.69499230248|-164332.68599603535|-164331.6139375015|-164330.56710387435|-164329.4572079805
223.4|1.0|0.8|0.0|-164618.77208228564|-164617.8639856452|-164616.90543919144|-164615.959505191|-164614.9378964705
223.6|1.0|0.8|0.0|-164103.31107549157|-164102.45342866448|-164101.54533202408|-164100.66246029033|-164099.72913874322
223.8|1.0|0.8|0.0|-164379.75921961988|-164378.82589807277|-164377.82951425895|-164376.87096780518|-164375.83674663136
224.0|1.0|0.8|0.0|-164391.6817617191|-164390.6475405453|-164389.5628695581|-164388.4908110243|-164387.38091513046
224.2|1.0|0.8|0.0|-164503.6958320277|-164503.1030467208|-164502.47242405382|-164501.8544138402|-164501.1859538132
224.4|1.0|0.8|0.0|-164563.8358165001|-164563.09168175308|-164562.29709719273|-164561.54034999234|-164560.72054052533
224.6|1.0|0.8|0.0|-164225.54076350614|-164224.3425804389|-164223.05611019832|-164221.82008977106|-164220.53361953047
224.8|1.0|0.8|0.0|-164646.48564158348|-164645.66583211644|-164644.7829603827|-164643.93792600895|-164643.0424418219
225.0|1.0|0.8|0.0|-164797.81430708297|-164796.401712309|-164794.91344281496|-164793.43778577427|-164791.91167892024
225.2|1.0|0.8|0.0|-164650.16746790052|-164649.44855806022|-164648.66658595318|-164647.92245120616|-164647.09002928578
225.4|1.0|0.8|0.0|-164409.2443842149|-164407.9579139743|-164406.62099392034|-164405.2840738664|-164403.90931645242
225.6|1.0|0.8|0.0|-164201.2520789671|-164200.31875742|-164199.3223736062|-164198.3512146991|-164197.32960597862
225.8|1.0|0.8|0.0|-164161.1215590754|-164160.1630126216|-164159.12879144782|-164158.13240763402|-164157.06034910015
226.0|1.0|0.8|0.0|-164228.26615499877|-164227.33283345168|-164226.34906209123|-164225.39051563747|-164224.36890691696
226.2|1.0|0.8|0.0|-163973.37488350563|-163972.79471065203|-163972.13886307838|-163971.48301550475|-163970.80194302445
226.4|1.0|0.8|0.0|-164003.3329094854|-164002.55093737837|-164001.718515458|-164000.91131844427|-164000.02844671052
226.6|1.0|0.8|0.0|-164174.6538678864|-164173.43045991252|-164172.16921457858|-164170.920581698|-164169.62149900405
226.8|1.0|0.8|0.0|-164153.56781888977|-164152.63449734266|-164151.63811352887|-164150.66695462176|-164149.64534590126
227.0|1.0|0.8|0.0|-164029.74711828565|-164028.7633469252|-164027.74173820473|-164026.74535439094|-164025.6859083104
227.2|1.0|0.8|0.0|-164190.5881354565|-164189.03680369578|-164187.4350221217|-164185.84585300097|-164184.1936216135
227.4|1.0|0.8|0.0|-164005.0182396307|-164003.8831188302|-164002.68493576298|-164001.51197760244|-164000.27595717518
227.6|1.0|0.8|0.0|-164055.51773022307|-164054.23125998248|-164052.86911502184|-164051.53219496788|-164050.13221264724
227.8|1.0|0.8|0.0|-164425.83458618855|-164424.59856576132|-164423.32470797407|-164422.06346264016|-164420.7643799462
228.0|1.0|0.8|0.0|-164257.66410863562|-164257.08393578202|-164256.45331311505|-164255.83530290145|-164255.16684287446
228.2|1.0|0.8|0.0|-164516.7666336238|-164515.6441252766|-164514.47116711605|-164513.31082140884|-164512.1000258883
228.4|1.0|0.8|0.0|-164084.07993367757|-164082.79346343697|-164081.43131847636|-164080.09439842237|-164078.70702855507
228.6|1.0|0.8|0.0|-164200.66945234526|-164199.4964941847|-164198.26047375746|-164197.0244533302|-164195.75059554295
228.8|1.0|0.8|0.0|-164468.6849987434|-164467.9156390897|-164467.09582962265|-164466.28863260895|-164465.4309857819
229.0|1.0|0.8|0.0|-164429.8156624777|-164428.6931541305|-164427.52019596993|-164426.34723780942|-164425.13644228884
229.2|1.0|0.8|0.0|-164074.80250915844|-164074.32323593154|-164073.7935128913|-164073.28901475773|-164072.7340668108
229.4|1.0|0.8|0.0|-164238.89270228372|-164238.00983055|-164237.06389654955|-164236.14318745575|-164235.15941609532
229.6|1.0|0.8|0.0|-164498.20110898733|-164497.2677874402|-164496.2966285331|-164495.32546962597|-164494.31647335886
229.8|1.0|0.8|0.0|-164346.04850641033|-164345.48094601007|-164344.8503233431|-164344.25753803615|-164343.60169046253
230.0|1.0|0.8|0.0|-164177.04163166488|-164176.58758334466|-164176.0830852111|-164175.6038119842|-164175.0614764906
230.2|1.0|0.8|0.0|-164155.48978395623|-164154.78348656924|-164154.01412691554|-164153.2573797152|-164152.45018270146
230.4|1.0|0.8|0.0|-164220.6905786747|-164219.37888352742|-164217.99151366012|-164216.62936869948|-164215.20416147215
230.6|1.0|0.8|0.0|-164304.79784685205|-164303.77623813157|-164302.70417959776|-164301.64473351723|-164300.52222517005
230.8|1.0|0.8|0.0|-163936.3124100936|-163935.29080137316|-163934.21874283932|-163933.13407185214|-163932.01156350496
231.0|1.0|0.8|0.0|-164009.7421134345|-164008.61960508736|-164007.42142202012|-164006.26107631292|-164005.05028079235
231.2|1.0|0.8|0.0|-164083.42983017786|-164082.71092033753|-164081.94156068383|-164081.17220103013|-164080.36500401644
231.4|1.0|0.8|0.0|-164174.84463146442|-164173.7851853839|-164172.66267703671|-164171.55278114288|-164170.405047889
231.6|1.0|0.8|0.0|-164090.05822768982|-164088.80959480925|-164087.49789966198|-164086.21142942135|-164084.86189691408
231.8|1.0|0.8|0.0|-164068.55399474644|-164067.70896037272|-164066.78825127898|-164065.8927670919|-164064.93422063813
232.0|1.0|0.8|0.0|-164269.1454844009|-164268.1112632271|-164267.0265922399|-164265.9545337061|-164264.8320253589
232.2|1.0|0.8|0.0|-164292.97776990136|-164292.145347981|-164291.2498637939|-164290.39221696684|-164289.45889541972
232.4|1.0|0.8|0.0|-164246.54947880673|-164245.5404825396|-164244.4810364591|-164243.4215903786|-164242.33691939144
232.6|1.0|0.8|0.0|-164256.52970979168|-164255.91169957805|-164255.24323955108|-164254.58739197743|-164253.88109459044
232.8|1.0|0.8|0.0|-164361.01394411054|-164359.81576104334|-164358.5545157094|-164357.31849528215|-164356.03202504158
233.0|1.0|0.8|0.0|-164253.97051906685|-164252.91107298638|-164251.80117709248|-164250.703893652|-164249.53093549144
233.2|1.0|0.8|0.0|-164263.35418435122|-164262.57221224418|-164261.75240277714|-164260.9578182168|-164260.1001713897
233.4|1.0|0.8|0.0|-164082.03499426658|-164081.18995989283|-164080.29447570577|-164079.411603972|-164078.47828242488
233.6|1.0|0.8|0.0|-164168.43029964017|-164167.39607846635|-164166.3114074792|-164165.23934894532|-164164.10422814483
233.8|1.0|0.8|0.0|-164113.45560465776|-164112.21958423054|-164110.92050153657|-164109.64664374932|-164108.29711124202
234.0|1.0|0.8|0.0|-163988.8912613338|-163987.52911637316|-163986.10390914584|-163984.69131437186|-163983.24088223782
234.2|1.0|0.8|0.0|-164171.0726495017|-164170.74472571485|-164170.34112720803|-164169.96275360783|-164169.5339301943
234.4|1.0|0.8|0.0|-164120.62544009445|-164119.76779326738|-164118.85969662695|-164117.98943734655|-164117.0435033461
234.6|1.0|0.8|0.0|-163982.1733130326|-163980.67243108523|-163979.10848687115|-163977.55715511044|-163975.94276108302
234.8|1.0|0.8|0.0|-163955.85173930606|-163955.1202170124|-163954.33824490535|-163953.56888525165|-163952.7490757846
235.0|1.0|0.8|0.0|-164106.79574649816|-164105.47143889754|-164104.10929393693|-164102.77237388297|-164101.359779109
235.2|1.0|0.8|0.0|-163863.84189193873|-163863.2491066318|-163862.61848396485|-163862.01308620456|-163861.33201372426
235.4|1.0|0.8|0.0|-163970.4096160896|-163969.84205568934|-163969.21143302237|-163968.60603526208|-163967.92496278178
235.6|1.0|0.8|0.0|-164165.78135823846|-164165.01199858476|-164164.1921891177|-164163.39760455734|-164162.53995773027
235.8|1.0|0.8|0.0|-164241.41327261057|-164240.8204873036|-164240.15202727666|-164239.50879215632|-164238.80249476933
236.0|1.0|0.8|0.0|-164132.42906330642|-164131.69754101275|-164130.9155689057|-164130.15882170538|-164129.326399785
236.2|1.0|0.8|0.0|-163980.6244031273|-163979.66585667353|-163978.66947285974|-163977.6604765926|-163976.6262554188
236.4|1.0|0.8|0.0|-163931.36886526764|-163930.76346750738|-163930.10761993373|-163929.47699726676|-163928.7833123331
236.6|1.0|0.8|0.0|-164070.49739082964|-164069.67758136257|-164068.8073220822|-164067.9496752551|-164067.02896616136
236.8|1.0|0.8|0.0|-164026.7253947779|-164025.84252304412|-164024.90920149707|-164023.97587994995|-164023.00472104282
237.0|1.0|0.8|0.0|-164208.04202398242|-164207.2348269687|-164206.37718014163|-164205.51953331457|-164204.62404912745
237.2|1.0|0.8|0.0|-163951.40533456864|-163949.85400280793|-163948.2648336872|-163946.6882770198|-163945.03604563235
237.4|1.0|0.8|0.0|-164155.11981781622|-164154.03514682903|-164152.90002602854|-164151.764905228|-164150.57933461413
237.6|1.0|0.8|0.0|-164231.34042707674|-164230.457555343|-164229.5242337959|-164228.5909122488|-164227.61975334166
237.8|1.0|0.8|0.0|-164401.18397510893|-164400.4020030019|-164399.55696862817|-164398.7371591611|-164397.8668998807
238.0|1.0|0.8|0.0|-164292.01057900468|-164290.9889702842|-164289.92952420373|-164288.87007812323|-164287.78540713605
238.2|1.0|0.8|0.0|-164099.01915639566|-164097.8714231418|-164096.66062762126|-164095.44983210068|-164094.21381167343
238.4|1.0|0.8|0.0|-164333.04322810474|-164332.38738053112|-164331.69369559747|-164331.02523557047|-164330.26848837011
238.6|1.0|0.8|0.0|-164219.82123447864|-164218.82485066485|-164217.81585439772|-164216.7816332239|-164215.7221871434
238.8|1.0|0.8|0.0|-164468.666832411|-164467.72089841057|-164466.7371270501|-164465.76596814295|-164464.7443594225
239.0|1.0|0.8|0.0|-164130.19192162814|-164129.1577004543|-164128.07302946714|-164126.98835847995|-164125.85323767943
239.2|1.0|0.8|0.0|-164410.86945823894|-164409.60821290503|-164408.29651775776|-164407.01004751716|-164405.66051500986
239.4|1.0|0.8|0.0|-164424.04251561165|-164423.08396915786|-164422.08758534407|-164421.11642643693|-164420.08220526314
239.6|1.0|0.8|0.0|-164302.5679680172|-164301.26888532328|-164299.91935281598|-164298.582432762|-164297.1950628947
239.8|1.0|0.8|0.0|-163992.98127864322|-163992.24975634954|-163991.4677842425|-163990.71103704217|-163989.87861512176
240.0|1.0|0.8|0.0|-164080.536929724|-164078.97298550996|-164077.35859148254|-164075.7694223618|-164074.10457852104
240.2|1.0|0.8|0.0|-164071.60834791436|-164070.4732271138|-164069.26243159323|-164068.08947343272|-164066.85345300546
240.4|1.0|0.8|0.0|-164080.07339850283|-164078.7743158089|-164077.4247833016|-164076.11308815432|-164074.72571828702
240.6|1.0|0.8|0.0|-164311.7973727447|-164310.85143874426|-164309.84244247712|-164308.83344620996|-164307.79922503617
240.8|1.0|0.8|0.0|-163901.93047658034|-163900.99715503323|-163899.9881587661|-163899.0043874056|-163897.9701662318
241.0|1.0|0.8|0.0|-163690.240761958|-163689.10564115745|-163687.90745809025|-163686.74711238305|-163685.5110919558
241.2|1.0|0.8|0.0|-163892.64541314566|-163891.58596706516|-163890.45084626466|-163889.35356282414|-163888.19321711693
241.4|1.0|0.8|0.0|-163941.52426162793|-163940.65400234752|-163939.73329325375|-163938.8378090667|-163937.86665015956
241.6|1.0|0.8|0.0|-164095.64839888815|-164094.80336451443|-164093.90788032734|-164093.03762104694|-164092.0916870465
241.8|1.0|0.8|0.0|-164267.00964905875|-164266.088939965|-164265.10516860455|-164264.12139724407|-164263.0871760703
242.0|1.0|0.8|0.0|-164171.746422681|-164171.00228793398|-164170.1950909203|-164169.41311881325|-164168.55547198618
242.2|1.0|0.8|0.0|-164114.97777020122|-164114.06967356076|-164113.111127107|-164112.16519310657|-164111.16880929275
242.4|1.0|0.8|0.0|-164288.1251997756|-164287.09097860177|-164286.0315325213|-164284.98469889414|-164283.88741545362
242.6|1.0|0.8|0.0|-164260.13601353797|-164258.79909348398|-164257.41172361668|-164256.04957865604|-164254.6117589754
242.8|1.0|0.8|0.0|-164382.9840516862|-164382.0255052324|-164380.9912840586|-164379.98228779144|-164378.92284171097
243.0|1.0|0.8|0.0|-163970.7874068319|-163969.81624792478|-163968.76941429765|-163967.7225806705|-163966.62529722997
243.2|1.0|0.8|0.0|-164016.7471868|-164015.25891730597|-164013.70758554526|-164012.16886623786|-164010.59230957046
243.4|1.0|0.8|0.0|-164438.20715587286|-164437.059422619|-164435.8612395518|-164434.6756689379|-164433.43964851068
243.6|1.0|0.8|0.0|-164195.46578401412|-164194.12886396018|-164192.74149409286|-164191.35412422553|-164189.94152945155
243.8|1.0|0.8|0.0|-164281.91082295173|-164280.88921423125|-164279.82976815075|-164278.7829345236|-164277.6604261764
244.0|1.0|0.8|0.0|-164163.17718721638|-164162.42044001602|-164161.62585545567|-164160.84388334863|-164159.97362406825
244.2|1.0|0.8|0.0|-163682.127994358|-163681.74962075782|-163681.3334097976|-163680.9298112908|-163680.4505380639
244.4|1.0|0.8|0.0|-164360.6382463863|-164359.50312558576|-164358.34277987856|-164357.16982171804|-164355.95902619747
244.6|1.0|0.8|0.0|-163865.32708799024|-163864.6081781499|-163863.8388184962|-163863.08207129588|-163862.27487428216
244.8|1.0|0.8|0.0|-163999.58257183537|-163998.91411180838|-163998.1825895147|-163997.46367967434|-163996.68170756736
245.0|1.0|0.8|0.0|-164060.78159797913|-164060.17620021885|-164059.49512773854|-164058.85189261823|-164058.14559523124
245.2|1.0|0.8|0.0|-164109.89336178664|-164108.9222028795|-164107.93843151903|-164106.92943525192|-164105.86998917142
245.4|1.0|0.8|0.0|-164325.2171711965|-164324.5991609829|-164323.9307009559|-164323.2748533823|-164322.56855599527
245.6|1.0|0.8|0.0|-164501.3948792259|-164500.15885879865|-164498.8976134647|-164497.6363681308|-164496.29944807687
245.8|1.0|0.8|0.0|-164400.6765689805|-164399.3900987399|-164398.02795377927|-164396.6910337253|-164395.30366385798
246.0|1.0|0.8|0.0|-164697.6181369475|-164696.55869086698|-164695.4361825198|-164694.3388990793|-164693.1785533721
246.2|1.0|0.8|0.0|-164441.72622821288|-164440.654169679|-164439.54427378517|-164438.43437789133|-164437.27403218413
246.4|1.0|0.8|0.0|-164536.67524834385|-164535.3383282899|-164533.93834596925|-164532.5762010086|-164531.13838132794
246.6|1.0|0.8|0.0|-164611.72881373184|-164610.32883141117|-164608.8783992772|-164607.45319204987|-164605.97753500918
246.8|1.0|0.8|0.0|-164671.994861996|-164670.84712874214|-164669.6489456749|-164668.46337506105|-164667.2399670871
247.0|1.0|0.8|0.0|-164795.28252879847|-164794.77803066492|-164794.21047026466|-164793.66813477108|-164793.0753494641
247.2|1.0|0.8|0.0|-164539.0183425673|-164538.17330819357|-164537.30304891313|-164536.4454020861|-164535.52469299233
247.4|1.0|0.8|0.0|-164467.2640724801|-164465.9776022395|-164464.62806973216|-164463.30376213157|-164461.91639226425
247.6|1.0|0.8|0.0|-164794.48630584258|-164793.45208466877|-164792.36741368158|-164791.30796760108|-164790.19807170724
247.8|1.0|0.8|0.0|-164620.82069212085|-164619.8116958537|-164618.76486222656|-164617.70541614603|-164616.62074515887
248.0|1.0|0.8|0.0|-164437.8842738354|-164436.97617719497|-164436.03024319452|-164435.0843091941|-164434.08792538027
248.2|1.0|0.8|0.0|-164555.11702762338|-164553.98190682285|-164552.78372375562|-164551.5981531417|-164550.3621327145
248.4|1.0|0.8|0.0|-164661.47784663294|-164659.83822769887|-164658.1481589514|-164656.4833151106|-164654.7427965498
248.6|1.0|0.8|0.0|-164391.40496496987|-164390.3959687027|-164389.3365226222|-164388.28968899505|-164387.2050180079
248.8|1.0|0.8|0.0|-164461.3082104101|-164460.32443904967|-164459.26499296914|-164458.23077179535|-164457.13348835483
249.0|1.0|0.8|0.0|-164720.49202595113|-164719.25600552387|-164717.94431037662|-164716.657840136|-164715.29569517536
249.2|1.0|0.8|0.0|-164697.014228564|-164696.0556821102|-164695.04668584306|-164694.03768957593|-164692.97824349545
249.4|1.0|0.8|0.0|-164419.13354000545|-164418.0614814716|-164416.91374821772|-164415.80385232388|-164414.61828171002
249.6|1.0|0.8|0.0|-164364.3618608394|-164363.7943004391|-164363.13845286547|-164362.52044265185|-164361.83937017154
249.8|1.0|0.8|0.0|-164776.1858383456|-164775.47954095862|-164774.72279375826|-164773.97865901125|-164773.1840744509
250.0|1.0|0.8|0.0|-164383.44144122486|-164382.6342442111|-164381.76398493073|-164380.918950557|-164380.01085391655
250.2|1.0|0.8|0.0|-164487.08870062145|-164486.35717832777|-164485.53736886074|-164484.75539675372|-164483.92297483332
250.4|1.0|0.8|0.0|-164571.33246905217|-164570.37392259837|-164569.39015123795|-164568.40637987747|-164567.384771157
250.6|1.0|0.8|0.0|-164471.34122115475|-164470.34483734093|-164469.2980037138|-164468.26378254|-164467.1791115528
250.8|1.0|0.8|0.0|-164562.7310580507|-164561.82296141025|-164560.85180250314|-164559.9058685027|-164558.90948468892
251.0|1.0|0.8|0.0|-164493.22942624657|-164492.43484168622|-164491.5645824058|-164490.71954803207|-164489.83667629835
251.2|1.0|0.8|0.0|-164687.45919555807|-164686.63938609103|-164685.7565143573|-164684.91147998357|-164683.97815843645
251.4|1.0|0.8|0.0|-165023.0808811263|-165021.76918597904|-165020.38181611168|-165019.00705869772|-165017.5818514704
251.6|1.0|0.8|0.0|-164623.01386120648|-164621.90396531264|-164620.71839469875|-164619.55804899154|-164618.3598659243
251.8|1.0|0.8|0.0|-164525.93437055708|-164524.90014938326|-164523.84070330276|-164522.7812572223|-164521.67136132842
252.0|1.0|0.8|0.0|-164379.88031628067|-164378.73258302678|-164377.52178750624|-164376.33621689232|-164375.0749715584
252.2|1.0|0.8|0.0|-164684.4593132957|-164683.51337929524|-164682.51699548145|-164681.533224121|-164680.51161540052
252.4|1.0|0.8|0.0|-164497.3041734813|-164496.28256476083|-164495.210506227|-164494.12583523983|-164493.015939346
252.6|1.0|0.8|0.0|-164401.88179635938|-164400.96108726558|-164399.97731590515|-164399.00615699802|-164397.98454827754
252.8|1.0|0.8|0.0|-164330.65927235282|-164329.51153909895|-164328.30074357838|-164327.12778541783|-164325.8791525373
253.0|1.0|0.8|0.0|-164594.7262079159|-164593.65414938208|-164592.54425348822|-164591.43435759438|-164590.2613994338
253.2|1.0|0.8|0.0|-164850.2265166273|-164848.8895965733|-164847.52745161267|-164846.16530665205|-164844.75271187807
253.4|1.0|0.8|0.0|-164757.58804685078|-164756.13761471675|-164754.61150786272|-164753.11062591535|-164751.5466817013
253.6|1.0|0.8|0.0|-164690.893393593|-164689.74566033916|-164688.56008972524|-164687.38713156473|-164686.1637235908
253.8|1.0|0.8|0.0|-164359.4777509838|-164358.6453290634|-164357.76245732966|-164356.90481050257|-164356.0093263155
254.0|1.0|0.8|0.0|-164260.191517213|-164259.43477001265|-164258.60234809227|-164257.82037598523|-164256.96272915817
254.2|1.0|0.8|0.0|-164435.16715989687|-164434.53653722993|-164433.86807720296|-164433.19961717597|-164432.49331978898
254.4|1.0|0.8|0.0|-164557.10612989037|-164556.4755072234|-164555.7944347431|-164555.13858716947|-164554.43228978247
254.6|1.0|0.8|0.0|-164514.37513797713|-164513.79496512352|-164513.13911754987|-164512.50849488293|-164511.8274224026
254.8|1.0|0.8|0.0|-164557.09351743705|-164556.19803324997|-164555.2520992495|-164554.33139015577|-164553.3476187953
255.0|1.0|0.8|0.0|-164386.11333365997|-164384.94037549937|-164383.7548048855|-164382.55662181828|-164381.32060139102
255.2|1.0|0.8|0.0|-164393.75200205974|-164393.0835420328|-164392.36463219245|-164391.6709472588|-164390.91420005844
255.4|1.0|0.8|0.0|-164377.68133204454|-164376.94980975086|-164376.16783764382|-164375.3858655368|-164374.5534436164
255.6|1.0|0.8|0.0|-164501.76339512304|-164500.61566186915|-164499.4048663486|-164498.2192957347|-164496.9580504008
255.8|1.0|0.8|0.0|-164618.69342658063|-164617.54569332677|-164616.34751025954|-164615.174552099|-164613.93853167174
256.0|1.0|0.8|0.0|-164310.99527604753|-164309.99889223374|-164308.9268336999|-164307.8673876194|-164306.75749172553
256.2|1.0|0.8|0.0|-164404.35265566435|-164402.9400608904|-164401.46440384968|-164400.01397171567|-164398.50047731496
256.4|1.0|0.8|0.0|-164377.37054035327|-164376.60118069957|-164375.78137123253|-164374.94894931215|-164374.09130248506
256.6|1.0|0.8|0.0|-164600.05316780426|-164599.0063341771|-164597.90905073658|-164596.81176729605|-164595.67664649556
256.8|1.0|0.8|0.0|-164389.943912756|-164388.97275384888|-164387.93853267506|-164386.92953640793|-164385.87009032746
257.0|1.0|0.8|0.0|-164568.72036944673|-164567.76182299296|-164566.7402142725|-164565.7438304587|-164564.67177192486
257.2|1.0|0.8|0.0|-163979.5422241588|-163978.50800298498|-163977.42333199782|-163976.36388591732|-163975.22876511677
257.4|1.0|0.8|0.0|-164257.92429426187|-164257.35673386164|-164256.75133610133|-164256.15855079438|-164255.49009076742
257.6|1.0|0.8|0.0|-164165.57123912167|-164164.58746776122|-164163.54063413406|-164162.50641296024|-164161.42174197308
257.8|1.0|0.8|0.0|-164200.2174719681|-164199.46072476773|-164198.62830284733|-164197.83371828697|-164196.9760714599
258.0|1.0|0.8|0.0|-163754.94741928054|-163754.49337096035|-163753.9636479201|-163753.45914978653|-163752.90420183958
258.2|1.0|0.8|0.0|-164031.10969759594|-164030.21421340885|-164029.2682794084|-164028.3349578613|-164027.35118650086
258.4|1.0|0.8|0.0|-164229.29845558372|-164228.71828273011|-164228.0372102498|-164227.40658758284|-164226.7129026492
258.6|1.0|0.8|0.0|-164099.27667410977|-164097.82624197577|-164096.31274757508|-164094.8370905344|-164093.31098368033
258.8|1.0|0.8|0.0|-164182.75535452948|-164181.99860732915|-164181.17879786209|-164180.38421330173|-164179.52656647467
259.0|1.0|0.8|0.0|-163896.7195845503|-163895.59707620312|-163894.42411804257|-163893.25115988203|-163892.02775190814
259.2|1.0|0.8|0.0|-164016.82637328916|-164015.67864003533|-164014.49306942144|-164013.33272371424|-164012.10931574032
259.4|1.0|0.8|0.0|-164037.7479976087|-164036.53720208813|-164035.27595675422|-164034.039936327|-164032.74085363303
259.6|1.0|0.8|0.0|-163986.14658537024|-163985.11236419645|-163984.0024683026|-163982.91779731543|-163981.78267651488
259.8|1.0|0.8|0.0|-163784.53921966066|-163783.24013696672|-163781.90321691276|-163780.5662968588|-163779.17892699147
260.0|1.0|0.8|0.0|-163962.80074130892|-163961.91786957515|-163960.95932312138|-163960.01338912096|-163959.01700530713
260.2|1.0|0.8|0.0|-163916.44957063269|-163915.15048793878|-163913.7757305248|-163912.4261980175|-163911.02621569682
260.4|1.0|0.8|0.0|-163973.2812853792|-163972.0326524986|-163970.746182258|-163969.4597120174|-163968.12279196343
260.6|1.0|0.8|0.0|-164019.81108376663|-164018.78947504616|-164017.69219160566|-164016.60752061848|-164015.47239981795
260.8|1.0|0.8|0.0|-164110.6484196353|-164110.21959622178|-164109.74032299488|-164109.261049768|-164108.73132672775
261.0|1.0|0.8|0.0|-163964.15834390555|-163963.65384577197|-163963.0862853717|-163962.54394987813|-163961.9511645712
261.2|1.0|0.8|0.0|-163592.4509148243|-163591.883354424|-163591.25273175703|-163590.6347215434|-163589.96626151644
261.4|1.0|0.8|0.0|-163910.77061772117|-163909.96342070744|-163909.11838633372|-163908.27335196|-163907.39048022626
261.6|1.0|0.8|0.0|-163944.07027919762|-163943.40181917066|-163942.6829093303|-163941.98922439665|-163941.23247719632
261.8|1.0|0.8|0.0|-163933.3288473507|-163932.8117367638|-163932.2315639102|-163931.6640035099|-163931.0459932963
262.0|1.0|0.8|0.0|-163616.81877850115|-163615.82239468736|-163614.76294860686|-163613.7161149797|-163612.63144399255
262.2|1.0|0.8|0.0|-163939.30216801952|-163938.02831023224|-163936.71661508497|-163935.41753239103|-163934.0553874304
262.4|1.0|0.8|0.0|-163928.93473137467|-163928.05185964092|-163927.09331318716|-163926.15999164004|-163925.1762202796
262.6|1.0|0.8|0.0|-163917.02753055785|-163916.06898410403|-163915.04737538355|-163914.03837911642|-163912.97893303592
262.8|1.0|0.8|0.0|-163950.4068800851|-163949.43572117796|-163948.4519498175|-163947.44295355037|-163946.40873237656
263.0|1.0|0.8|0.0|-163970.79908745777|-163969.85315345734|-163968.86938209686|-163967.8856107364|-163966.86400201594
263.2|1.0|0.8|0.0|-163706.07535222525|-163705.07896841143|-163704.01952233096|-163702.9726887038|-163701.88801771664
263.4|1.0|0.8|0.0|-163919.38805981836|-163918.3033888312|-163917.16826803068|-163916.05837213685|-163914.88541397627
263.6|1.0|0.8|0.0|-163969.92902912537|-163968.81913323153|-163967.63356261764|-163966.47321691044|-163965.24980893653
263.8|1.0|0.8|0.0|-164081.01901529843|-164080.08569375132|-164079.1145348442|-164078.1433759371|-164077.13437966997
264.0|1.0|0.8|0.0|-164022.49281389333|-164021.63516706624|-164020.7144579725|-164019.8189737854|-164018.86042733165
264.2|1.0|0.8|0.0|-164092.11377777497|-164091.0291067878|-164089.89398598726|-164088.78409009342|-164087.5985194795
264.4|1.0|0.8|0.0|-164165.9723045294|-164165.00114562226|-164163.97953690178|-164162.97054063465|-164161.91109455418
264.6|1.0|0.8|0.0|-164166.50841767405|-164165.29762215348|-164164.03637681954|-164162.8003563923|-164161.48866124504
264.8|1.0|0.8|0.0|-164129.79571341607|-164128.8497794156|-164127.84078314848|-164126.85701178803|-164125.81017816087
265.0|1.0|0.8|0.0|-164207.13739901086|-164206.00227821036|-164204.81670759644|-164203.6437494359|-164202.420341462
265.2|1.0|0.8|0.0|-164321.05307757063|-164320.37200509032|-164319.65309525|-164318.946797863|-164318.20266311598
265.4|1.0|0.8|0.0|-164170.0654284732|-164169.44741825957|-164168.7789582326|-164168.0978857523|-164167.39158836528
265.6|1.0|0.8|0.0|-164298.283897936|-164297.33796393554|-164296.3668050284|-164295.3956461213|-164294.37403740082
265.8|1.0|0.8|0.0|-164249.63223910678|-164248.72414246635|-164247.77820846593|-164246.8448869188|-164245.84850310502
266.0|1.0|0.8|0.0|-164253.894853738|-164252.7723453908|-164251.57416232358|-164250.41381661638|-164249.17779618912
266.2|1.0|0.8|0.0|-164018.1198363252|-164017.07300269805|-164015.97571925755|-164014.89104827036|-164013.75592746984
266.4|1.0|0.8|0.0|-164156.6269002137|-164155.41610469317|-164154.15485935923|-164152.91883893198|-164151.6071437847
266.6|1.0|0.8|0.0|-164065.47933646472|-164064.4703401976|-164063.3856692104|-164062.33883558324|-164061.22893968938
266.8|1.0|0.8|0.0|-164109.06797520502|-164107.13826984412|-164105.1328897632|-164103.1779594956|-164101.147354508
267.0|1.0|0.8|0.0|-164391.91114804373|-164390.56161553643|-164389.1364083091|-164387.7490384418|-164386.28599385446
267.2|1.0|0.8|0.0|-164208.24434612767|-164206.5164400202|-164204.71285919272|-164202.95972817854|-164201.11830999103
267.4|1.0|0.8|0.0|-164726.48412244965|-164725.23548956905|-164723.94901932846|-164722.6625490879|-164721.3256290339
267.6|1.0|0.8|0.0|-164500.66143387536|-164499.6019877949|-164498.4794794477|-164497.36958355384|-164496.20923784663
267.8|1.0|0.8|0.0|-164493.68023247225|-164492.5955614851|-164491.42260332455|-164490.28748252403|-164489.0892994568
268.0|1.0|0.8|0.0|-164463.41519406828|-164462.83502121468|-164462.19178609436|-164461.57377588077|-164460.89270340046
268.2|1.0|0.8|0.0|-164455.88716149068|-164455.09257693033|-164454.22231764992|-164453.38989572955|-164452.48179908912
268.4|1.0|0.8|0.0|-164652.57683954347|-164651.80747988977|-164650.96244551605|-164650.15524850236|-164649.2723767686
268.6|1.0|0.8|0.0|-164471.4367846857|-164471.03318617886|-164470.57913785867|-164470.13770199177|-164469.62059140485
268.8|1.0|0.8|0.0|-164394.49577036643|-164393.32281220588|-164392.09940423197|-164390.8886087114|-164389.63997583085
269.0|1.0|0.8|0.0|-164242.9063076207|-164241.92253626024|-164240.88831508643|-164239.8793188193|-164238.7946478321
269.2|1.0|0.8|0.0|-164308.32132279404|-164306.87089066004|-164305.34478380598|-164303.84390185864|-164302.2925700979
269.4|1.0|0.8|0.0|-164144.41516138148|-164143.60796436775|-164142.7503175407|-164141.9178956203|-164141.02241143322
269.6|1.0|0.8|0.0|-164292.30878923708|-164291.40069259665|-164290.4421461429|-164289.49621214243|-164288.49982832864
269.8|1.0|0.8|0.0|-164373.05371551472|-164372.1203939676|-164371.13662260713|-164370.17807615336|-164369.14385497957
270.0|1.0|0.8|0.0|-164551.0743225464|-164550.16622590594|-164549.20767945217|-164548.2491329984|-164547.26536163792
270.2|1.0|0.8|0.0|-164130.80864399837|-164129.93838471794|-164129.04290053085|-164128.14741634377|-164127.20148234334
270.4|1.0|0.8|0.0|-164068.9427319919|-164068.02202289813|-164067.013026631|-164066.02925527052|-164065.02025900342
270.6|1.0|0.8|0.0|-163966.4341062923|-163965.32421039845|-163964.12602733122|-163962.97829407736|-163961.75488610344
270.8|1.0|0.8|0.0|-164031.39882577216|-164030.59162875847|-164029.72136947804|-164028.88894755766|-164027.99346337057
271.0|1.0|0.8|0.0|-164073.9361602897|-164072.75058967585|-164071.5145692486|-164070.29116127468|-164069.01730348743
271.2|1.0|0.8|0.0|-164164.09216246847|-164163.3228028148|-164162.49038089442|-164161.6831838807|-164160.8129246003
271.4|1.0|0.8|0.0|-164265.7836897208|-164264.74946854697|-164263.66479755982|-164262.59273902595|-164261.4702306788
271.6|1.0|0.8|0.0|-164567.74266710482|-164566.68322102434|-164565.57332513048|-164564.4634292366|-164563.3283084361
271.8|1.0|0.8|0.0|-164413.4545254062|-164412.5464287658|-164411.56265740533|-164410.6167234049|-164409.5825022311
272.0|1.0|0.8|0.0|-164582.25654348408|-164581.15926004355|-164580.02413924303|-164578.88901844248|-164577.69083537528
272.2|1.0|0.8|0.0|-164418.15176764005|-164416.8148475861|-164415.44009017214|-164414.0779452115|-164412.65273798417
272.4|1.0|0.8|0.0|-164401.97598387508|-164400.70212608782|-164399.36520603384|-164398.05351088656|-164396.7039783793
272.6|1.0|0.8|0.0|-164643.69889076677|-164643.1691677265|-164642.5763824196|-164642.0088220193|-164641.403424259
272.8|1.0|0.8|0.0|-164197.52682688733|-164196.4673808068|-164195.37009736634|-164194.28542637915|-164193.13769312526
273.0|1.0|0.8|0.0|-164240.6703730715|-164240.01452549789|-164239.3082281109|-164238.61454317722|-164237.8577959769
273.2|1.0|0.8|0.0|-164502.92757364316|-164502.18343889614|-164501.37624188245|-164500.6321071354|-164499.79968521502
273.4|1.0|0.8|0.0|-164597.5083612339|-164596.32279062|-164595.07415773944|-164593.85074976552|-164592.57689197827
273.6|1.0|0.8|0.0|-164397.84354579513|-164396.85977443465|-164395.8381657142|-164394.8417819004|-164393.76972336654
273.8|1.0|0.8|0.0|-164363.04578703223|-164361.69625452493|-164360.2962722043|-164358.89628988362|-164357.4710826563
274.0|1.0|0.8|0.0|-164538.5439087677|-164537.4340128738|-164536.26105471328|-164535.10070900604|-164533.9025259388
274.2|1.0|0.8|0.0|-164572.7183688357|-164571.89855936862|-164571.02830008825|-164570.1832657145|-164569.2877815274
274.4|1.0|0.8|0.0|-164451.98819658437|-164451.30712410406|-164450.5756018104|-164449.88191687674|-164449.11255722307
274.6|1.0|0.8|0.0|-164311.8394039448|-164311.1961688245|-164310.5277087975|-164309.84663631718|-164309.1151140235
274.8|1.0|0.8|0.0|-164453.45286326736|-164452.62044134695|-164451.7375696132|-164450.8673103328|-164449.93398878572
275.0|1.0|0.8|0.0|-164349.01700518216|-164348.3233202485|-164347.56657304813|-164346.82243830114|-164346.02785374076
275.2|1.0|0.8|0.0|-164241.60105987228|-164240.98304965865|-164240.3145896317|-164239.65874205803|-164238.95244467104
275.4|1.0|0.8|0.0|-164500.5128385761|-164499.70564156238|-164498.82276982864|-164497.96512300157|-164497.0444139078
275.6|1.0|0.8|0.0|-164295.0021128701|-164294.2958154831|-164293.56429318944|-164292.82015844242|-164292.02557388207
275.8|1.0|0.8|0.0|-164382.83490880797|-164382.2295110477|-164381.56105102072|-164380.91781590044|-164380.21151851342
276.0|1.0|0.8|0.0|-164109.55506107988|-164108.49561499938|-164107.37310665217|-164106.26321075833|-164105.10286505113
276.2|1.0|0.8|0.0|-164074.17897035647|-164073.47267296948|-164072.71592576912|-164071.9591785688|-164071.16459400838
276.4|1.0|0.8|0.0|-163914.08090471593|-163912.7565971153|-163911.39445215467|-163910.03230719402|-163908.61971242007
276.6|1.0|0.8|0.0|-164400.12701904913|-164399.35765939546|-164398.52523747506|-164397.70542800802|-164396.84778118096
276.8|1.0|0.8|0.0|-164278.9449188933|-164277.99898489285|-164276.98998862572|-164276.01882971858|-164274.9593836381
277.0|1.0|0.8|0.0|-164359.87606332597|-164359.2202157523|-164358.50130591198|-164357.82023343164|-164357.088711138
277.2|1.0|0.8|0.0|-164548.34245885166|-164547.9766977048|-164547.56048674462|-164547.1695006911|-164546.7154523709
277.4|1.0|0.8|0.0|-164342.73082828653|-164341.50742031264|-164340.22095007202|-164338.94709228477|-164337.62278468415
277.6|1.0|0.8|0.0|-164261.08888121427|-164260.26907174723|-164259.38620001348|-164258.51594073308|-164257.60784409265
277.8|1.0|0.8|0.0|-164525.75388327395|-164524.68182474014|-164523.57192884627|-164522.46203295243|-164521.2890747919
278.0|1.0|0.8|0.0|-164288.99741836725|-164287.8875224734|-164286.7019518595|-164285.55421860563|-164284.34342308505
278.2|1.0|0.8|0.0|-164537.12645684165|-164536.00394849447|-164534.81837788058|-164533.65803217338|-164532.4346241995
278.4|1.0|0.8|0.0|-164019.7768911285|-164018.94446920816|-164018.04898502104|-164017.19133819398|-164016.24540419353
278.6|1.0|0.8|0.0|-164238.7164686439|-164237.40477349662|-164236.03001608266|-164234.65525866867|-164233.255276348
278.8|1.0|0.8|0.0|-164065.60943505066|-164064.9409750237|-164064.22206518336|-164063.50315534303|-164062.73379568933
279.0|1.0|0.8|0.0|-163986.2872757102|-163985.3539541631|-163984.34495789596|-163983.37379898885|-163982.35219026837
279.2|1.0|0.8|0.0|-164279.90699042342|-164279.0619560497|-164278.1538594093|-164277.2836001289|-164276.33766612844
279.4|1.0|0.8|0.0|-164131.42265239102|-164130.62806783066|-164129.77042100357|-164128.92538662985|-164128.01728998942
279.6|1.0|0.8|0.0|-164254.35279339468|-164253.57082128763|-164252.70056200726|-164251.86814008685|-164250.97265589976
279.8|1.0|0.8|0.0|-164284.15782550233|-164283.59026510207|-164282.98486734182|-164282.3794695815|-164281.72362200788
280.0|1.0|0.8|0.0|-164412.2602968873|-164411.25130062018|-164410.20446699302|-164409.15763336586|-164408.07296237868
280.2|1.0|0.8|0.0|-164159.13576617342|-164158.07632009292|-164156.9411992924|-164155.83130339853|-164154.67095769133
280.4|1.0|0.8|0.0|-163858.16875214747|-163857.39939249377|-163856.57958302673|-163855.772386013|-163854.91473918594
280.6|1.0|0.8|0.0|-164062.35270820383|-164061.20497494997|-164059.9941794294|-164058.7959963622|-164057.55997593494
280.8|1.0|0.8|0.0|-163711.8132667767|-163710.8294954163|-163709.7700493358|-163708.74844061534|-163707.66376962818
281.0|1.0|0.8|0.0|-164071.05661483965|-164070.31248009263|-164069.5305079856|-164068.74853587858|-164067.91611395817
281.2|1.0|0.8|0.0|-164197.7550138547|-164197.25051572113|-164196.67034286752|-164196.1153949206|-164195.50999716032
281.4|1.0|0.8|0.0|-164359.71758332552|-164359.1374104719|-164358.5320127116|-164357.92661495134|-164357.2707673777
281.6|1.0|0.8|0.0|-164308.98460532457|-164308.65668153777|-164308.29092039092|-164307.9251592441|-164307.52156073722
281.8|1.0|0.8|0.0|-164477.4069519897|-164476.62497988265|-164475.77994550893|-164474.96013604186|-164474.06465185477
282.0|1.0|0.8|0.0|-163843.75198934253|-163842.91956742216|-163842.02408323507|-163841.14121150132|-163840.19527750087
282.2|1.0|0.8|0.0|-164447.97397273537|-164447.0406511883|-164446.0316549212|-164445.0478835607|-164444.0136623869
282.4|1.0|0.8|0.0|-164275.36377046563|-164274.24126211842|-164273.06830395787|-164271.93318315735|-164270.70977518344
282.6|1.0|0.8|0.0|-164253.51342883325|-164252.908031073|-164252.27740840602|-164251.62156083237|-164250.94048835206
282.8|1.0|0.8|0.0|-164071.7188213513|-164070.47018847073|-164069.15849332346|-164067.87202308286|-164066.53510302887
283.0|1.0|0.8|0.0|-164457.3528094684|-164456.33120074793|-164455.27175466745|-164454.21230858695|-164453.11502514646
283.2|1.0|0.8|0.0|-164662.743737033|-164661.4698792457|-164660.14557164515|-164658.83387649784|-164657.47173153725
283.4|1.0|0.8|0.0|-164326.6222896767|-164324.95744583593|-164323.22953972846|-164321.52685852768|-164319.77372751353
283.6|1.0|0.8|0.0|-164793.68547058082|-164791.84405239328|-164789.9521843924|-164788.0855412982|-164786.16844839064
283.8|1.0|0.8|0.0|-164463.4288161384|-164462.25585797784|-164461.03245000396|-164459.80904203004|-164458.5477966961
284.0|1.0|0.8|0.0|-164743.4713029055|-164742.10915794483|-164740.69656317087|-164739.30919330358|-164737.84614871623
284.2|1.0|0.8|0.0|-164514.08891390523|-164512.80244366464|-164511.46552361068|-164510.1538284634|-164508.79168350276
284.4|1.0|0.8|0.0|-164227.5926545642|-164227.0503190706|-164226.43230885698|-164225.8269110967|-164225.18367597638
284.6|1.0|0.8|0.0|-164185.01852804385|-164184.0978189501|-164183.1014351363|-164182.11766377583|-164181.1086675087
284.8|1.0|0.8|0.0|-164226.08467611633|-164225.02523003583|-164223.94055904867|-164222.85588806152|-164221.72076726097
285.0|1.0|0.8|0.0|-164104.67394435755|-164103.85413489048|-164102.95865070343|-164102.10100387636|-164101.18029478262
285.2|1.0|0.8|0.0|-164191.06185006924|-164190.49428966898|-164189.87627945538|-164189.2708816951|-164188.61503412147
285.4|1.0|0.8|0.0|-164205.03118641998|-164204.2618267663|-164203.39156748587|-164202.57175801884|-164201.6888862851
285.6|1.0|0.8|0.0|-164246.63714435822|-164245.57769827775|-164244.4678023839|-164243.38313139672|-164242.22278568952
285.8|1.0|0.8|0.0|-164089.5616196719|-164088.57784831146|-164087.5310146843|-164086.50940596382|-164085.42473497664
286.0|1.0|0.8|0.0|-164035.26415087772|-164034.3938915973|-164033.48579495688|-164032.57769831645|-164031.6191518627
286.2|1.0|0.8|0.0|-164189.49307618325|-164188.39579274273|-164187.23544703552|-164186.100326235|-164184.91475562108
286.4|1.0|0.8|0.0|-164326.76899091533|-164325.6969323815|-164324.54919912762|-164323.43930323378|-164322.26634507324
286.6|1.0|0.8|0.0|-164091.78228226484|-164090.55887429093|-164089.28501650368|-164088.01115871643|-164086.69946356915
286.8|1.0|0.8|0.0|-164392.56640363828|-164391.5321824645|-164390.472736384|-164389.4132903035|-164388.30339440962
287.0|1.0|0.8|0.0|-164259.1518722161|-164257.87801442886|-164256.56631928158|-164255.26723658762|-164253.91770408035
287.2|1.0|0.8|0.0|-164448.26421350133|-164447.33089195422|-164446.3597330471|-164445.40118659334|-164444.39219032618
287.4|1.0|0.8|0.0|-164314.12615328244|-164313.1171570153|-164312.04509848147|-164311.01087730768|-164309.91359386715
287.6|1.0|0.8|0.0|-164373.94097528962|-164372.79324203578|-164371.5824465152|-164370.39687590132|-164369.1356305674
287.8|1.0|0.8|0.0|-164440.40472082252|-164439.59752380883|-164438.71465207508|-164437.86961770136|-164436.96152106093
288.0|1.0|0.8|0.0|-164674.76477503523|-164673.5161421547|-164672.22967191407|-164670.94320167348|-164669.60628161952
288.2|1.0|0.8|0.0|-164303.9885798508|-164303.50930662392|-164302.95435867697|-164302.43724809005|-164301.84446278313
288.4|1.0|0.8|0.0|-164924.12142072865|-164923.31422371496|-164922.45657688787|-164921.61154251415|-164920.71605832706
288.6|1.0|0.8|0.0|-164900.30918456276|-164899.2623509356|-164898.16506749508|-164897.1056214146|-164895.9705006141
288.8|1.0|0.8|0.0|-164613.33359652836|-164612.3246002612|-164611.23992927404|-164610.2057081002|-164609.08319975302
289.0|1.0|0.8|0.0|-164632.58020032398|-164631.1802180033|-164629.74239832268|-164628.32980354867|-164626.8415340546
289.2|1.0|0.8|0.0|-164498.65680954503|-164497.79916271797|-164496.86584117086|-164495.97035698377|-164494.99919807664
289.4|1.0|0.8|0.0|-164296.31490638843|-164295.07888596118|-164293.7924157206|-164292.50594547996|-164291.16902542603
289.6|1.0|0.8|0.0|-164372.88836125287|-164372.01810197247|-164371.11000533204|-164370.20190869164|-164369.2559746912
289.8|1.0|0.8|0.0|-164668.72454722045|-164668.2200490869|-164667.66510113995|-164667.13537809972|-164666.52998033946
290.0|1.0|0.8|0.0|-164286.73053312296|-164285.57018741575|-164284.34677944184|-164283.1485963746|-164281.8873510407
290.2|1.0|0.8|0.0|-164489.12257185727|-164488.40366201696|-164487.6469148166|-164486.89016761625|-164486.05774569587
290.4|1.0|0.8|0.0|-164526.2212430064|-164525.01044748584|-164523.77442705858|-164522.53840663136|-164521.2645488441
290.6|1.0|0.8|0.0|-164384.58647997057|-164383.2747848233|-164381.92525231602|-164380.60094471538|-164379.21357484808
290.8|1.0|0.8|0.0|-164620.55447550878|-164619.34367998823|-164618.05720974764|-164616.7959644137|-164615.48426926642
291.0|1.0|0.8|0.0|-164236.21518490298|-164235.39537543594|-164234.53772860888|-164233.6800817818|-164232.77198514136
291.2|1.0|0.8|0.0|-164209.75655267743|-164208.79800622363|-164207.77639750316|-164206.75478878268|-164205.6953427022
291.4|1.0|0.8|0.0|-164446.60330353567|-164446.0105182287|-164445.34205820173|-164444.68621062808|-164443.97991324108
291.6|1.0|0.8|0.0|-164609.1067531208|-164607.92118250692|-164606.697774533|-164605.48697901246|-164604.2131212252
291.8|1.0|0.8|0.0|-164708.94693375402|-164708.0766744736|-164707.13074047316|-164706.21003137942|-164705.23887247228
292.0|1.0|0.8|0.0|-164624.60314573452|-164623.7833362675|-164622.87523962703|-164622.00498034665|-164621.08427125288
292.2|1.0|0.8|0.0|-164456.9010284132|-164455.9298695061|-164454.9082607856|-164453.89926451846|-164452.81459353128
292.4|1.0|0.8|0.0|-164501.95730297398|-164501.26361804034|-164500.49425838664|-164499.75012363962|-164498.96815153258
292.6|1.0|0.8|0.0|-164482.48679196296|-164481.37689606912|-164480.24177526857|-164479.10665446808|-164477.92108385416
292.8|1.0|0.8|0.0|-164498.2167156466|-164497.01853257936|-164495.75728724542|-164494.50865436485|-164493.22218412426
293.0|1.0|0.8|0.0|-164664.67881929857|-164663.34189924458|-164661.97975428394|-164660.60499686998|-164659.17978964266
293.2|1.0|0.8|0.0|-164663.48981774508|-164662.3420844912|-164661.11867651728|-164659.94571835673|-164658.69708547616
293.4|1.0|0.8|0.0|-164316.83281173464|-164316.176964161|-164315.470666774|-164314.78959429366|-164314.058072
293.6|1.0|0.8|0.0|-164552.89793755132|-164552.16641525764|-164551.35921824392|-164550.5772461369|-164549.7448242165
293.8|1.0|0.8|0.0|-164369.20418036735|-164368.38437090028|-164367.5141116199|-164366.65646479282|-164365.7483681524
294.0|1.0|0.8|0.0|-164103.0309650966|-164102.37511752296|-164101.668820136|-164100.97513520234|-164100.2310004553
294.2|1.0|0.8|0.0|-164460.44298736827|-164459.5222782745|-164458.5511193674|-164457.5925729136|-164456.58357664646
294.4|1.0|0.8|0.0|-164334.02480776224|-164332.72572506827|-164331.37619256097|-164330.0266600537|-164328.61406527972
294.6|1.0|0.8|0.0|-164436.72801530344|-164435.3658703428|-164433.92805066213|-164432.51545588815|-164431.03979884746
294.8|1.0|0.8|0.0|-164360.7148757093|-164359.5923673621|-164358.39418429486|-164357.23383858765|-164356.01043061377
295.0|1.0|0.8|0.0|-163930.0146118064|-163928.8290411925|-163927.56779585857|-163926.33177543132|-163925.04530519072
295.2|1.0|0.8|0.0|-163974.13297358697|-163972.99785278642|-163971.78705726584|-163970.5888741986|-163969.34024131804
295.4|1.0|0.8|0.0|-164037.23171919526|-164036.04614858137|-164034.81012815415|-164033.5741077269|-164032.2876374863
295.6|1.0|0.8|0.0|-164286.0821775068|-164284.6065204661|-164283.08041361204|-164281.592144118|-164280.01558745062
295.8|1.0|0.8|0.0|-164076.994346125|-164075.73310079108|-164074.38356828378|-164073.0970980432|-164071.7223406292
296.0|1.0|0.8|0.0|-164066.7187677035|-164065.9367955965|-164065.10437367612|-164064.2971766624|-164063.41430492865
296.2|1.0|0.8|0.0|-164246.71108930744|-164245.71470549365|-164244.6804843198|-164243.646263146|-164242.56159215883
296.4|1.0|0.8|0.0|-163945.2534232809|-163944.4462262672|-163943.5885794401|-163942.73093261305|-163941.83544842596
296.6|1.0|0.8|0.0|-164135.81726022917|-164134.71997678865|-164133.59746844147|-164132.46234764095|-164131.27677702706
296.8|1.0|0.8|0.0|-164287.867954969|-164286.95985832854|-164286.01392432812|-164285.06799032766|-164284.0842189672
297.0|1.0|0.8|0.0|-164256.2705139188|-164254.98404367818|-164253.6345111709|-164252.32281602363|-164250.960671063
297.2|1.0|0.8|0.0|-164135.25402412904|-164134.57295164873|-164133.81620444838|-164133.0846821547|-164132.29009759435
297.4|1.0|0.8|0.0|-164301.56513416837|-164300.83361187467|-164300.05163976763|-164299.2948925673|-164298.47508310023
297.6|1.0|0.8|0.0|-164559.81772874203|-164559.03575663504|-164558.21594716798|-164557.40875015428|-164556.53849087385
297.8|1.0|0.8|0.0|-164443.5561338612|-164442.7237119408|-164441.84084020706|-164440.95796847332|-164440.03725937955
298.0|1.0|0.8|0.0|-164182.99756979104|-164182.19037277735|-164181.3075010436|-164180.4372417632|-164179.51653266943
298.2|1.0|0.8|0.0|-164551.52213860227|-164550.6266544152|-164549.69333286808|-164548.760011321|-164547.78885241388
298.4|1.0|0.8|0.0|-164536.30011977424|-164535.1271616137|-164533.9037536398|-164532.6803456659|-164531.3938754253
298.6|1.0|0.8|0.0|-164425.90369783132|-164424.99560119092|-164424.03705473713|-164423.10373319004|-164422.10734937622
298.8|1.0|0.8|0.0|-164419.26439439628|-164418.17972340912|-164417.0572150619|-164415.94731916804|-164414.78697346084
299.0|1.0|0.8|0.0|-164132.47921774664|-164131.35670939944|-164130.1585263322|-164128.98556817166|-164127.73693529106
299.2|1.0|0.8|0.0|-163919.75866771842|-163918.83795862467|-163917.84157481085|-163916.89564081043|-163915.87403208992
299.4|1.0|0.8|0.0|-164115.1461985227|-164114.28855169564|-164113.3678426019|-164112.48497086813|-164111.5390368677
299.6|1.0|0.8|0.0|-164098.54275679236|-164097.45808580518|-164096.3103525513|-164095.18784420413|-164094.00227359027
299.8|1.0|0.8|0.0|-164131.2155622335|-164130.1308912463|-164129.02099535248|-164127.92371191198|-164126.77597865812
300.0|1.0|0.8|0.0|-164402.94768480022|-164402.41796175996|-164401.825176453|-164401.25761605275|-164400.6269933858
300.2|1.0|0.8|0.0|-164314.40337867118|-164314.062842431|-164313.64663147085|-164313.26825787066|-164312.83943445713
300.4|1.0|0.8|0.0|-164091.98095931183|-164091.4512362716|-164090.84583851128|-164090.26566565767|-164089.63504299073
300.6|1.0|0.8|0.0|-164149.99592627073|-164149.0878296303|-164148.10405826985|-164147.14551181605|-164146.13651554892
300.8|1.0|0.8|0.0|-164040.12812688883|-164039.4722793152|-164038.77859438155|-164038.0722969945|-164037.32816224752
301.0|1.0|0.8|0.0|-164055.40994238172|-164054.64058272805|-164053.80816080762|-164053.00096379392|-164052.1307045135
301.2|1.0|0.8|0.0|-164077.62111976778|-164076.71302312732|-164075.7292517669|-164074.77070531307|-164073.73648413928
301.4|1.0|0.8|0.0|-164185.60894525808|-164184.713461071|-164183.7801395239|-164182.85943043014|-164181.8756590697
301.6|1.0|0.8|0.0|-164236.80163812276|-164235.5656176955|-164234.29175990826|-164233.03051457432|-164231.71881942704
301.8|1.0|0.8|0.0|-164296.21387568233|-164294.9778552551|-164293.70399746782|-164292.43013968057|-164291.10583207995
302.0|1.0|0.8|0.0|-164554.403672915|-164553.64692571465|-164552.82711624762|-164552.01991923392|-164551.16227240683
302.2|1.0|0.8|0.0|-163945.18433927107|-163944.33930489732|-163943.44382071024|-163942.56094897652|-163941.6150149761
302.4|1.0|0.8|0.0|-164014.36719216575|-164013.45909552535|-164012.5131615249|-164011.56722752447|-164010.5582312573
302.6|1.0|0.8|0.0|-164102.41670777893|-164101.48338623182|-164100.52483977805|-164099.5662933243|-164098.54468460378
302.8|1.0|0.8|0.0|-164246.43168751188|-164244.99386783122|-164243.5055983372|-164242.0299412965|-164240.50383444244
303.0|1.0|0.8|0.0|-164076.25201679257|-164075.25563297878|-164074.20879935162|-164073.18719063117|-164072.11513209733
303.2|1.0|0.8|0.0|-164204.40715517235|-164203.81436986537|-164203.1711347451|-164202.52789962478|-164201.8594395978
303.4|1.0|0.8|0.0|-164393.27835491704|-164391.72702315633|-164390.08740422223|-164388.48562264815|-164386.82077880736
303.6|1.0|0.8|0.0|-164287.8886948146|-164287.01843553418|-164286.09772644044|-164285.18962979998|-164284.2310833462
303.8|1.0|0.8|0.0|-164383.85685227267|-164382.4820948587|-164381.0695000847|-164379.6569053107|-164378.19386072335
304.0|1.0|0.8|0.0|-164481.34166497402|-164480.64798004038|-164479.89123284002|-164479.15971054634|-164478.35251353265
304.2|1.0|0.8|0.0|-164261.0903923114|-164259.95527151084|-164258.74447599027|-164257.54629292304|-164256.29766004247
304.4|1.0|0.8|0.0|-164425.21626151123|-164424.1189780707|-164422.97124481684|-164421.86134892298|-164420.6757783091
304.6|1.0|0.8|0.0|-164768.13625535104|-164767.13987153728|-164766.08042545675|-164765.04620428296|-164763.94892084243
304.8|1.0|0.8|0.0|-164602.37550636154|-164601.50524708114|-164600.58453798736|-164599.67644134694|-164598.71789489317
305.0|1.0|0.8|0.0|-164406.169458288|-164405.05956239413|-164403.87399178024|-164402.7388709797|-164401.52807545915
305.2|1.0|0.8|0.0|-164247.55093141698|-164246.44103552314|-164245.26807736256|-164244.13295656207|-164242.90954858813
305.4|1.0|0.8|0.0|-164434.0366362795|-164433.58258795927|-164433.05286491904|-164432.53575433212|-164431.98080638525
305.6|1.0|0.8|0.0|-164521.1004016801|-164519.87699370616|-164518.59052346557|-164517.341890585|-164516.01758298438
305.8|1.0|0.8|0.0|-164678.28945191117|-164677.20478092402|-164676.10749748352|-164674.99760158965|-164673.8498683358
306.0|1.0|0.8|0.0|-164542.28936755448|-164541.4317207274|-164540.4983991803|-164539.6029149932|-164538.61914363276
306.2|1.0|0.8|0.0|-164900.78117401063|-164899.7721777435|-164898.72534411633|-164897.69112294252|-164896.60645195536
306.4|1.0|0.8|0.0|-165014.2175793435|-165013.18335816968|-165012.09868718253|-165011.03924110203|-165009.9293452082
306.6|1.0|0.8|0.0|-164704.22244538707|-164703.0116498665|-164701.76301698593|-164700.53960901202|-164699.24052631808
306.8|1.0|0.8|0.0|-164613.37146297|-164611.9462557427|-164610.470598702|-164609.02016656796|-164607.50667216728
307.0|1.0|0.8|0.0|-164667.01222702168|-164665.77620659446|-164664.46451144718|-164663.1906536599|-164661.8411211526
307.2|1.0|0.8|0.0|-164341.30823198988|-164340.47581006947|-164339.59293833573|-164338.72267905532|-164337.80196996155
307.4|1.0|0.8|0.0|-164355.29649065333|-164353.6820966259|-164352.02986523847|-164350.3902463044|-164348.68756510358
307.6|1.0|0.8|0.0|-164157.24371039722|-164156.0581397833|-164154.80950690276|-164153.5987113822|-164152.31224114157
307.8|1.0|0.8|0.0|-164343.44555188128|-164342.63835486758|-164341.80593294717|-164340.9735110268|-164340.06541438636
308.0|1.0|0.8|0.0|-164543.54118495894|-164542.5574135985|-164541.53580487802|-164540.52680861088|-164539.4421376237
308.2|1.0|0.8|0.0|-164320.43489841998|-164319.48896441952|-164318.5178055124|-164317.53403415193|-164316.49981297812
308.4|1.0|0.8|0.0|-164295.62475129642|-164294.4644055892|-164293.25361006867|-164292.05542700144|-164290.80679412084
308.6|1.0|0.8|0.0|-164258.98401924805|-164258.0002478876|-164256.99125162046|-164255.96964289996|-164254.89758436615
308.8|1.0|0.8|0.0|-164302.21773300396|-164301.05738729675|-164299.8213668695|-164298.62318380226|-164297.3745509217
309.0|1.0|0.8|0.0|-164270.3712883225|-164269.387516962|-164268.3659082415|-164267.35691197435|-164266.2722409872
309.2|1.0|0.8|0.0|-164497.87137680504|-164497.06417979128|-164496.20653296425|-164495.37411104384|-164494.4912393101
309.4|1.0|0.8|0.0|-164182.8655290354|-164182.4240931685|-164181.93220748828|-164181.45293426138|-164180.92321122115
309.6|1.0|0.8|0.0|-164665.25649060495|-164663.919570551|-164662.55742559038|-164661.19528062973|-164659.7700734024
309.8|1.0|0.8|0.0|-164811.05645120624|-164810.02223003245|-164808.93755904527|-164807.86550051143|-164806.74299216422
310.0|1.0|0.8|0.0|-164325.0187894122|-164323.820606345|-164322.5719734644|-164321.3233405838|-164320.0368703432
310.2|1.0|0.8|0.0|-164361.46877956254|-164360.63635764213|-164359.75348590838|-164358.883226628|-164357.9625175342
310.4|1.0|0.8|0.0|-164310.1477598382|-164309.1513760244|-164308.0919299439|-164307.04509631675|-164305.94781287623
310.6|1.0|0.8|0.0|-164363.4268818507|-164362.73319691702|-164361.9764497167|-164361.244927423|-164360.4377304093
310.8|1.0|0.8|0.0|-164166.6127551187|-164165.56592149154|-164164.46863805104|-164163.38396706388|-164162.24884626333
311.0|1.0|0.8|0.0|-164541.1327418885|-164540.14897052807|-164539.11474935425|-164538.09314063375|-164537.0084696466
311.2|1.0|0.8|0.0|-164457.06366263414|-164456.4708773272|-164455.81502975358|-164455.15918217992|-164454.46549724627
311.4|1.0|0.8|0.0|-164343.52178275946|-164341.88216382536|-164340.1920950779|-164338.52725123713|-164336.811957583
311.6|1.0|0.8|0.0|-164432.91502183356|-164432.0573750065|-164431.1240534594|-164430.21595681898|-164429.27002281856
311.8|1.0|0.8|0.0|-164516.87777870413|-164515.6795956369|-164514.4309627563|-164513.22016723573|-164511.93369699517
312.0|1.0|0.8|0.0|-164231.22707531622|-164229.8775428089|-164228.4649480349|-164227.0775781676|-164225.6397584869
312.2|1.0|0.8|0.0|-164100.9801322391|-164099.79456162523|-164098.55854119797|-164097.33513322409|-164096.04866298346
312.4|1.0|0.8|0.0|-163855.5374400018|-163854.47799392132|-163853.3428731208|-163852.20775232025|-163851.04740661304
312.6|1.0|0.8|0.0|-164235.7144990494|-164235.02081411576|-164234.25145446206|-164233.4947072617|-164232.68751024798
312.8|1.0|0.8|0.0|-164359.1497816004|-164358.07772306658|-164356.9299898127|-164355.82009391885|-164354.65974821165
313.0|1.0|0.8|0.0|-164529.5523919778|-164528.26592173718|-164526.89116432323|-164525.55424426927|-164524.16687440194
313.2|1.0|0.8|0.0|-164320.30856084585|-164319.4887513788|-164318.59326719173|-164317.73562036466|-164316.8149112709
313.4|1.0|0.8|0.0|-164391.7952224758|-164390.78622620867|-164389.7141676748|-164388.642109141|-164387.5196007938
313.6|1.0|0.8|0.0|-164411.1301134448|-164410.46165341782|-164409.7049062175|-164408.98599637713|-164408.20402427012
313.8|1.0|0.8|0.0|-164391.02586282208|-164390.52136468852|-164389.9916416483|-164389.43669370137|-164388.85652084777
314.0|1.0|0.8|0.0|-164334.707669949|-164334.0518223754|-164333.3455249884|-164332.65184005472|-164331.9077053077
314.2|1.0|0.8|0.0|-164476.9684108806|-164476.24950104026|-164475.46752893322|-164474.68555682618|-164473.8783598125
314.4|1.0|0.8|0.0|-164434.11502391868|-164433.05557783818|-164431.92045703766|-164430.83578605048|-164429.67544034327
314.6|1.0|0.8|0.0|-164646.7410194882|-164645.45454924757|-164644.11762919364|-164642.79332159302|-164641.41856417904
314.8|1.0|0.8|0.0|-164468.0384490493|-164467.19341467557|-164466.2474806751|-164465.35199648805|-164464.38083758092
315.0|1.0|0.8|0.0|-164647.23013255504|-164646.52383516805|-164645.76708796766|-164645.04817812736|-164644.25359356697
315.2|1.0|0.8|0.0|-164378.39674360998|-164377.4381971562|-164376.4039759824|-164375.42020462194|-164374.36075854144
315.4|1.0|0.8|0.0|-164489.44112048406|-164488.6086985637|-164487.71321437662|-164486.8429550962|-164485.90963354908
315.6|1.0|0.8|0.0|-164117.83894562657|-164117.28399767962|-164116.66598746605|-164116.07320215908|-164115.42996703877
315.8|1.0|0.8|0.0|-164339.01795931853|-164338.56391099835|-164338.0720253181|-164337.60536454455|-164337.05041659763
316.0|1.0|0.8|0.0|-164300.78961324738|-164299.8941290603|-164298.9229701532|-164297.97703615276|-164296.98065233897
316.2|1.0|0.8|0.0|-164363.79855817073|-164362.6256000102|-164361.41480448964|-164360.2166214224|-164358.9553760885
316.4|1.0|0.8|0.0|-164364.62396517405|-164363.4510070135|-164362.21498658627|-164360.99157861236|-164359.7177208251
316.6|1.0|0.8|0.0|-164691.02164513952|-164689.89913679234|-164688.72617863177|-164687.56583292456|-164686.34242495068
316.8|1.0|0.8|0.0|-164310.683725737|-164309.5233800298|-164308.3125845092|-164307.1270138953|-164305.85315610806
317.0|1.0|0.8|0.0|-164216.2288884695|-164215.53520353584|-164214.8162936955|-164214.09738385514|-164213.32802420147
317.2|1.0|0.8|0.0|-164619.27244737733|-164618.18777639017|-164617.05265558965|-164615.9427596958|-164614.7571890819
317.4|1.0|0.8|0.0|-164353.30103136005|-164352.38032226628|-164351.40916335917|-164350.43800445204|-164349.41639573156
317.6|1.0|0.8|0.0|-164297.69460280932|-164296.8495684356|-164295.95408424851|-164295.07121251477|-164294.13789096766
317.8|1.0|0.8|0.0|-164162.24946639952|-164161.10173314565|-164159.91616253176|-164158.73059191788|-164157.49457149065
318.0|1.0|0.8|0.0|-164216.78571463827|-164216.12986706465|-164215.39834477095|-164214.6794349306|-164213.94791263694
318.2|1.0|0.8|0.0|-164229.83960384433|-164229.48645515085|-164229.05763173732|-164228.65403323047|-164228.18737245692
318.4|1.0|0.8|0.0|-164057.2695898916|-164056.23536871778|-164055.13808527726|-164054.07863919678|-164052.96874330292
318.6|1.0|0.8|0.0|-164331.37467792464|-164330.2395571241|-164329.0539865102|-164327.86841589632|-164326.64500792243
318.8|1.0|0.8|0.0|-164031.18167476327|-164030.29880302952|-164029.3654814824|-164028.43215993533|-164027.4610010282
319.0|1.0|0.8|0.0|-163934.4789141957|-163933.8356790754|-163933.11676923506|-163932.43569675475|-163931.6789495544
319.2|1.0|0.8|0.0|-164126.32694193846|-164125.02785924452|-164123.7035516439|-164122.39185649663|-164121.029711536
319.4|1.0|0.8|0.0|-163967.00643135753|-163966.46409586392|-163965.85869810366|-163965.30375015672|-163964.67312748975
319.6|1.0|0.8|0.0|-163773.12934316226|-163772.34737105525|-163771.48972422816|-163770.65730230778|-163769.77443057403
319.8|1.0|0.8|0.0|-164079.08786354805|-164078.00319256086|-164076.85545930697|-164075.74556341313|-164074.55999279927
320.0|1.0|0.8|0.0|-164042.9623813087|-164042.1299593883|-164041.24708765454|-164040.38944082748|-164039.48134418708
320.2|1.0|0.8|0.0|-163897.96440836595|-163896.51397623197|-163894.98786937792|-163893.4995998839|-163891.94826812315
320.4|1.0|0.8|0.0|-163962.93115551627|-163962.09873359586|-163961.20324940878|-163960.33299012837|-163959.3996685813
320.6|1.0|0.8|0.0|-164227.64132619963|-164226.48098049243|-164225.27018497186|-164224.084614358|-164222.82336902406
320.8|1.0|0.8|0.0|-164231.17802033055|-164229.6771383832|-164228.11319416913|-164226.56186240845|-164224.96008083434
321.0|1.0|0.8|0.0|-164079.80004229775|-164079.19464453746|-164078.53879696384|-164077.89556184356|-164077.20187690988
321.2|1.0|0.8|0.0|-164405.10043882273|-164404.26801690232|-164403.37253271526|-164402.50227343483|-164401.56895188772
321.4|1.0|0.8|0.0|-164404.1928310965|-164402.7171740558|-164401.19106720178|-164399.66496034773|-164398.113628587
321.6|1.0|0.8|0.0|-164160.10402162274|-164158.77971402212|-164157.40495660814|-164156.05542410086|-164154.64282932683
321.8|1.0|0.8|0.0|-164297.13357981565|-164296.2128707219|-164295.22909936146|-164294.25794045435|-164293.2489441872
322.0|1.0|0.8|0.0|-164254.62970014536|-164253.59547897155|-164252.49819553102|-164251.4261369972|-164250.30362865003
322.2|1.0|0.8|0.0|-164240.32582427442|-164239.36727782062|-164238.35828155346|-164237.36189773967|-164236.3150641125
322.4|1.0|0.8|0.0|-164121.12691567306|-164120.14314431258|-164119.10892313876|-164118.09992687163|-164117.0278683378
322.6|1.0|0.8|0.0|-164503.61535315737|-164502.3793327301|-164501.09286248952|-164499.8316171556|-164498.5199220083
322.8|1.0|0.8|0.0|-164524.51771458288|-164523.72313002252|-164522.8780956488|-164522.03306127503|-164521.1501895413
323.0|1.0|0.8|0.0|-164666.14513540716|-164665.36316330012|-164664.53074137977|-164663.69831945936|-164662.82806017896
323.2|1.0|0.8|0.0|-164482.92377684085|-164482.1039673738|-164481.2337080934|-164480.3886737197|-164479.46796462592
323.4|1.0|0.8|0.0|-164307.78236210687|-164307.10128962656|-164306.31931751952|-164305.5625703192|-164304.78059821215
323.6|1.0|0.8|0.0|-164393.4678758845|-164392.28230527064|-164391.04628484338|-164389.8354893228|-164388.54901908225
323.8|1.0|0.8|0.0|-164439.2801234328|-164438.33418943238|-164437.32519316522|-164436.34142180477|-164435.2945881776
324.0|1.0|0.8|0.0|-164619.85542425947|-164618.46805439217|-164617.0302347115|-164615.61763993753|-164614.14198289684
324.2|1.0|0.8|0.0|-164445.8265162443|-164444.75445771049|-164443.6067244566|-164442.47160365607|-164441.28603304218
324.4|1.0|0.8|0.0|-164389.39840000466|-164388.31372901748|-164387.15338331027|-164386.0308749631|-164384.85791680252
324.6|1.0|0.8|0.0|-164555.20171160193|-164554.0918157081|-164552.93147000088|-164551.77112429368|-164550.5603287731
324.8|1.0|0.8|0.0|-164584.7244549109|-164583.8541956305|-164582.9587114434|-164582.06322725632|-164581.1299057092
325.0|1.0|0.8|0.0|-164785.44378146538|-164784.86360861178|-164784.22037349147|-164783.6149757312|-164782.9339032509
325.2|1.0|0.8|0.0|-164548.682702099|-164547.58541865848|-164546.42507295127|-164545.28995215078|-164544.09176908355
325.4|1.0|0.8|0.0|-164747.1396893555|-164745.96673119496|-164744.74332322105|-164743.51991524713|-164742.25866991322
325.6|1.0|0.8|0.0|-164773.57539155448|-164772.30153376723|-164770.96461371327|-164769.64030611265|-164768.2655486987
325.8|1.0|0.8|0.0|-164539.52462512036|-164538.23815487977|-164536.91384727915|-164535.58953967853|-164534.2273947179
326.0|1.0|0.8|0.0|-164193.38845567903|-164192.5812586653|-164191.71099938493|-164190.8659650112|-164189.95786837078
326.2|1.0|0.8|0.0|-164228.8123417235|-164227.7781205497|-164226.6808371092|-164225.60877857535|-164224.47365777483
326.4|1.0|0.8|0.0|-164271.70729553018|-164270.16857622282|-164268.57940710205|-164267.015462888|-164265.3758439539
326.6|1.0|0.8|0.0|-164390.32459065935|-164389.44171892563|-164388.50839737852|-164387.60030073812|-164386.64175428433
326.8|1.0|0.8|0.0|-164485.73795427094|-164484.28752213696|-164482.78664018956|-164481.27314578887|-164479.73442648147
327.0|1.0|0.8|0.0|-164553.96355430738|-164553.34554409378|-164552.65185916013|-164551.98339913314|-164551.27710174615
327.2|1.0|0.8|0.0|-164567.49574282696|-164566.47413410648|-164565.3642382126|-164564.30479213214|-164563.19489623827
327.4|1.0|0.8|0.0|-164676.51004767508|-164675.45060159458|-164674.34070570074|-164673.2560347136|-164672.1083014597
327.6|1.0|0.8|0.0|-164207.01587992054|-164205.96904629338|-164204.85915039954|-164203.7744794124|-164202.63935861184
327.8|1.0|0.8|0.0|-164290.47592956907|-164289.49215820862|-164288.4579370348|-164287.47416567436|-164286.40210714051
328.0|1.0|0.8|0.0|-164022.05769760397|-164021.0739262435|-164020.05231752305|-164019.04332125591|-164017.9838751754
328.2|1.0|0.8|0.0|-164142.34658678458|-164141.43849014418|-164140.46733123704|-164139.5213972366|-164138.53762587614
328.4|1.0|0.8|0.0|-164356.69895140827|-164355.81607967452|-164354.90798303412|-164353.9998863937|-164353.04133993993
328.6|1.0|0.8|0.0|-164256.5192939967|-164255.6490347163|-164254.74093807588|-164253.83284143545|-164252.886907435
328.8|1.0|0.8|0.0|-164353.45861036188|-164352.18475257463|-164350.87305742735|-164349.58658718676|-164348.2244422261
329.0|1.0|0.8|0.0|-164547.85764181946|-164547.05044480576|-164546.20541043204|-164545.36037605832|-164544.46489187123
329.2|1.0|0.8|0.0|-164628.4372398637|-164627.6048179433|-164626.6967213029|-164625.81384956915|-164624.88052802204
329.4|1.0|0.8|0.0|-164650.78779872233|-164650.06888888197|-164649.27430432162|-164648.5301695746|-164647.71036010757
329.6|1.0|0.8|0.0|-164613.6622240133|-164612.57755302617|-164611.45504467894|-164610.33253633176|-164609.1595781712
329.8|1.0|0.8|0.0|-164323.96084699163|-164323.06536280457|-164322.09420389746|-164321.148269897|-164320.13927362987
330.0|1.0|0.8|0.0|-164174.5537247353|-164173.58256582823|-164172.52311974773|-164171.50151102725|-164170.42945249344
330.2|1.0|0.8|0.0|-164254.60758845185|-164254.02741559825|-164253.40940538465|-164252.81662007768|-164252.1481600507
330.4|1.0|0.8|0.0|-164376.50213932025|-164375.54359286645|-164374.53459659932|-164373.52560033218|-164372.47876670503
330.6|1.0|0.8|0.0|-164197.94571037043|-164197.20157562342|-164196.39437860972|-164195.625018956|-164194.76737212896
330.8|1.0|0.8|0.0|-164259.0024860412|-164258.2961886542|-164257.50160409385|-164256.7448568935|-164255.93765987977
331.0|1.0|0.8|0.0|-164283.91208138614|-164283.01659719908|-164282.08327565197|-164281.14995410488|-164280.15357029106
331.2|1.0|0.8|0.0|-164190.81956328943|-164189.911466649|-164188.9529201952|-164188.01959864813|-164187.03582728768
331.4|1.0|0.8|0.0|-164283.52486917487|-164282.42758573435|-164281.25462757383|-164280.11950677328|-164278.9087112527
331.6|1.0|0.8|0.0|-164396.84591505016|-164395.83691878302|-164394.7648602492|-164393.71802662205|-164392.6081307282
331.8|1.0|0.8|0.0|-164487.371276161|-164486.74065349402|-164486.04696856035|-164485.37850853338|-164484.6469862397
332.0|1.0|0.8|0.0|-164473.72854275105|-164473.1231449908|-164472.44207251046|-164471.7862249368|-164471.05470264313
332.2|1.0|0.8|0.0|-164418.3537698905|-164417.52134797012|-164416.6132513297|-164415.75560450263|-164414.8096705022
332.4|1.0|0.8|0.0|-164160.34223740455|-164159.76206455097|-164159.14405433732|-164158.53865657703|-164157.87019655004
332.6|1.0|0.8|0.0|-164508.6682524897|-164507.6970935826|-164506.65025995544|-164505.64126368833|-164504.55659270115
332.8|1.0|0.8|0.0|-164367.82271018726|-164367.0659629869|-164366.23354106653|-164365.45156895948|-164364.59392213242
333.0|1.0|0.8|0.0|-164092.70046928324|-164091.54012357604|-164090.35455296215|-164089.16898234826|-164087.9203494677
333.2|1.0|0.8|0.0|-164587.3529173227|-164585.9403225487|-164584.47727796138|-164583.0394582807|-164581.52596387998
333.4|1.0|0.8|0.0|-164264.69844963527|-164263.51287902135|-164262.2642461408|-164261.04083816687|-164259.7543679263
333.6|1.0|0.8|0.0|-164234.27721218107|-164233.26821591394|-164232.1583200201|-164231.0988739396|-164229.96375313905
333.8|1.0|0.8|0.0|-164665.98765401676|-164664.92820793626|-164663.80569958908|-164662.70841614858|-164661.54807044138
334.0|1.0|0.8|0.0|-164427.23398634576|-164426.14931535858|-164425.0015821047|-164423.8664613042|-164422.69350314362
334.2|1.0|0.8|0.0|-164542.72328338996|-164542.31968488308|-164541.84041165622|-164541.39897578934|-164540.90709010913
334.4|1.0|0.8|0.0|-164587.45965538415|-164586.6398459171|-164585.7695866367|-164584.89932735628|-164584.0038431692
334.6|1.0|0.8|0.0|-164651.8462296808|-164651.2660568272|-164650.6480466136|-164650.03003639998|-164649.37418882633
334.8|1.0|0.8|0.0|-164423.28348986726|-164422.47629285356|-164421.61864602647|-164420.7862241061|-164419.87812746566
335.0|1.0|0.8|0.0|-164398.3555942692|-164396.95561194854|-164395.47995490785|-164394.02952277384|-164392.52864082647
335.2|1.0|0.8|0.0|-164562.48892749814|-164561.55560595106|-164560.58444704395|-164559.6132881368|-164558.60429186968
335.4|1.0|0.8|0.0|-164414.43019092275|-164413.24462030886|-164412.00859988164|-164410.79780436106|-164409.53655902715
335.6|1.0|0.8|0.0|-164538.70531939846|-164537.5197487846|-164536.2585034507|-164535.02248302344|-164533.73601278284
335.8|1.0|0.8|0.0|-164809.91799257195|-164808.98467102484|-164807.98828721102|-164807.00451585057|-164805.97029467678
336.0|1.0|0.8|0.0|-164683.94127240975|-164683.18452520942|-164682.38994064904|-164681.607968542|-164680.76293416828
336.2|1.0|0.8|0.0|-164768.44198197554|-164767.44559816175|-164766.3987645346|-164765.35193090743|-164764.2546474669
336.4|1.0|0.8|0.0|-164524.81373360497|-164523.66600035108|-164522.45520483053|-164521.26963421665|-164520.02100133605
336.6|1.0|0.8|0.0|-164546.1279497073|-164545.32075269357|-164544.43788095983|-164543.58023413274|-164542.67213749234
336.8|1.0|0.8|0.0|-164358.61634870796|-164357.73347697422|-164356.81276788044|-164355.87944633333|-164354.89567497288
337.0|1.0|0.8|0.0|-164216.01777651845|-164215.1349047847|-164214.2015832376|-164213.2682616905|-164212.28449033003
337.2|1.0|0.8|0.0|-164231.15046263146|-164229.9018297509|-164228.62797196364|-164227.35411417636|-164226.02980657574
337.4|1.0|0.8|0.0|-164421.33980103512|-164420.39386703467|-164419.3974832209|-164418.38848695374|-164417.35426577996
337.6|1.0|0.8|0.0|-164338.8277724992|-164338.1593124722|-164337.4151777252|-164336.70888033824|-164335.95213313785
337.8|1.0|0.8|0.0|-164321.05270148325|-164319.90496822936|-164318.70678516215|-164317.52121454827|-164316.25996921436
338.0|1.0|0.8|0.0|-164426.85286317096|-164426.20962805065|-164425.50333066363|-164424.8348706367|-164424.10334834302
338.2|1.0|0.8|0.0|-163963.38304031495|-163962.94160444805|-163962.44971876784|-163961.9578330876|-163961.42811004733
338.4|1.0|0.8|0.0|-163910.3505204252|-163909.89647210497|-163909.3919739714|-163908.88747583784|-163908.33252789092
338.6|1.0|0.8|0.0|-163646.87637016905|-163646.14484787537|-163645.33765086165|-163644.55567875464|-163643.71064438092
338.8|1.0|0.8|0.0|-164006.74454424926|-164006.0130219556|-164005.23104984855|-164004.47430264822|-164003.64188072784
339.0|1.0|0.8|0.0|-164043.95566311153|-164042.9592792977|-164041.8872207639|-164040.86561204342|-164039.7683286029
339.2|1.0|0.8|0.0|-164093.85160765838|-164092.41378797768|-164090.900293577|-164089.4246365363|-164087.87330477557
339.4|1.0|0.8|0.0|-164383.099413827|-164381.78771867973|-164380.41296126577|-164379.05081630513|-164377.65083398446
339.6|1.0|0.8|0.0|-164147.18347411705|-164146.22492766328|-164145.22854384946|-164144.244772489|-164143.19793886185
339.8|1.0|0.8|0.0|-164556.9116332947|-164555.75128758748|-164554.50265470688|-164553.27924673297|-164552.00538894572
340.0|1.0|0.8|0.0|-164186.38023121742|-164185.35862249695|-164184.27395150976|-164183.18928052258|-164182.0667721754
340.2|1.0|0.8|0.0|-163927.7217819065|-163926.62449846597|-163925.46415275877|-163924.32903195822|-163923.14346134436
340.4|1.0|0.8|0.0|-164290.2919780488|-164289.53523084844|-164288.7154213814|-164287.92083682102|-164287.05057754065
340.6|1.0|0.8|0.0|-164040.8633783563|-164039.82915718248|-164038.75709864867|-164037.69765256817|-164036.57514422096
340.8|1.0|0.8|0.0|-164228.5074462534|-164227.64979942635|-164226.7543152393|-164225.87144350552|-164224.91289705175
341.0|1.0|0.8|0.0|-164167.75011813623|-164167.46003170946|-164167.1321079226|-164166.81679658912|-164166.45103544233
341.2|1.0|0.8|0.0|-164302.9964073422|-164302.50452166196|-164301.96218616836|-164301.4576880348|-164300.85229027452
341.4|1.0|0.8|0.0|-164197.44887551473|-164196.62906604767|-164195.7335818606|-164194.8633225802|-164193.94261348643
341.6|1.0|0.8|0.0|-164325.94602577927|-164325.2271159389|-164324.47036873858|-164323.7262339916|-164322.91903697784
341.8|1.0|0.8|0.0|-164179.1211668941|-164177.9860460936|-164176.82570038637|-164175.66535467916|-164174.42933425194
342.0|1.0|0.8|0.0|-164208.137671013|-164207.4565985327|-164206.7124637857|-164205.9935539454|-164205.21158183835
342.2|1.0|0.8|0.0|-164094.59170657888|-164093.7592846585|-164092.86380047142|-164091.99354119098|-164091.04760719056
342.4|1.0|0.8|0.0|-164111.55855254343|-164111.01621704985|-164110.39820683622|-164109.81803398262|-164109.18741131568
342.6|1.0|0.8|0.0|-164192.74491468794|-164192.17735428768|-164191.5467316207|-164190.94133386042|-164190.2602613801
342.8|1.0|0.8|0.0|-164670.10835824691|-164669.86872163348|-164669.57863520668|-164669.31377368656|-164668.99846235308
343.0|1.0|0.8|0.0|-163967.6397571165|-163966.50463631598|-163965.3190657021|-163964.13349508823|-163962.89747466095
343.2|1.0|0.8|0.0|-164601.58536076048|-164600.82861356015|-164600.03402899977|-164599.23944443942|-164598.407022519
343.4|1.0|0.8|0.0|-164313.5547638529|-164312.84846646592|-164312.06649435888|-164311.32235961186|-164310.51516259817
343.6|1.0|0.8|0.0|-164273.06693204716|-164271.91919879327|-164270.6957908194|-164269.49760775216|-164268.24897487156
343.8|1.0|0.8|0.0|-164268.450403503|-164267.25222043577|-164266.02881246188|-164264.79279203463|-164263.51893424738
344.0|1.0|0.8|0.0|-164481.03203009194|-164479.95997155813|-164478.83746321095|-164477.71495486374|-164476.55460915653
344.2|1.0|0.8|0.0|-164370.75775346666|-164369.08029717256|-164367.35239106507|-164365.63709741094|-164363.8839663968
344.4|1.0|0.8|0.0|-164489.42897737015|-164487.7893584361|-164486.09928968863|-164484.40922094116|-164482.70653974038
344.6|1.0|0.8|0.0|-164652.9821490137|-164651.94792783988|-164650.875869306|-164649.79119831885|-164648.66868997167
344.8|1.0|0.8|0.0|-164635.5939452274|-164634.5344991469|-164633.42460325305|-164632.32731981252|-164631.17958655866
345.0|1.0|0.8|0.0|-164523.49445994847|-164522.2836644279|-164521.022419094|-164519.77378621342|-164518.47470351946
345.2|1.0|0.8|0.0|-164638.69033141385|-164637.4543109866|-164636.15522829266|-164634.86875805206|-164633.51922554476
345.4|1.0|0.8|0.0|-164585.84415192253|-164585.46577832237|-164585.01173000215|-164584.58290658862|-164584.0910209084
345.6|1.0|0.8|0.0|-164480.4631795098|-164479.6055326827|-164478.67221113562|-164477.77672694853|-164476.80556804145
345.8|1.0|0.8|0.0|-164400.2628784898|-164399.3295569427|-164398.32056067558|-164397.36201422178|-164396.327793048
346.0|1.0|0.8|0.0|-164150.0467144818|-164149.16384274806|-164148.23052120095|-164147.32242456055|-164146.33865320007
346.2|1.0|0.8|0.0|-164133.72453807024|-164132.41284292296|-164131.05069796232|-164129.71377790836|-164128.30118313438
346.4|1.0|0.8|0.0|-164234.4030307937|-164232.8643114863|-164231.30036727226|-164229.7364230582|-164228.12202903078
346.6|1.0|0.8|0.0|-164234.22567344265|-164233.8346873891|-164233.40586397558|-164232.9644281087|-164232.49776733515
346.8|1.0|0.8|0.0|-164490.02913075004|-164489.33544581634|-164488.56608616267|-164487.834563869|-164487.05259176195
347.0|1.0|0.8|0.0|-164240.61419116455|-164240.1223054843|-164239.5421326307|-164239.01240959045|-164238.4070118302
347.2|1.0|0.8|0.0|-164135.46272699055|-164134.70597979016|-164133.9113952298|-164133.12942312277|-164132.28438874905
347.4|1.0|0.8|0.0|-164456.02084105994|-164454.98661988616|-164453.91456135229|-164452.8551152718|-164451.73260692463
347.6|1.0|0.8|0.0|-163957.12263677406|-163956.11364050696|-163955.0794193331|-163954.04519815932|-163952.96052717214
347.8|1.0|0.8|0.0|-163726.19998678364|-163725.24144032988|-163724.19460670272|-163723.18561043558|-163722.11355190177
348.0|1.0|0.8|0.0|-164303.29827821735|-164302.47846875028|-164301.59559701657|-164300.73795018948|-164299.81724109573
348.2|1.0|0.8|0.0|-164264.20351910722|-164263.42154700018|-164262.58912507977|-164261.76931561274|-164260.89905633233
348.4|1.0|0.8|0.0|-164055.2510175969|-164054.44382058317|-164053.5861737561|-164052.72852692904|-164051.8456551953
348.6|1.0|0.8|0.0|-164095.3542543892|-164094.7740815356|-164094.1308464153|-164093.525448655|-164092.8443761747
348.8|1.0|0.8|0.0|-163900.19579852195|-163899.19941470813|-163898.15258108097|-163897.11835990715|-163896.04630137334
349.0|1.0|0.8|0.0|-164149.60179941764|-164149.1982009108|-164148.71892768392|-164148.2648793637|-164147.76038123012
349.2|1.0|0.8|0.0|-164290.87038362594|-164289.97489943885|-164289.04157789174|-164288.10825634465|-164287.11187253086
349.4|1.0|0.8|0.0|-164238.5938328088|-164237.44609955497|-164236.23530403437|-164235.06234587386|-164233.81371299326
349.6|1.0|0.8|0.0|-164153.30842332906|-164152.37510178194|-164151.3913304215|-164150.4201715144|-164149.3985627939
349.8|1.0|0.8|0.0|-164011.01472475607|-164010.14446547566|-164009.21114392855|-164008.2904348348|-164007.30666347433
350.0|1.0|0.8|0.0|-164214.83197071773|-164214.32747258415|-164213.77252463726|-164213.242801597|-164212.6626287434
350.2|1.0|0.8|0.0|-164241.74694614363|-164241.01542384995|-164240.22083928957|-164239.45147963587|-164238.63167016883
350.4|1.0|0.8|0.0|-164388.78292717214|-164387.87483053174|-164386.9288965313|-164385.98296253083|-164384.99919117038
350.6|1.0|0.8|0.0|-163964.00811116083|-163962.91082772033|-163961.77570691978|-163960.64058611926|-163959.46762795871
350.8|1.0|0.8|0.0|-164131.1559325924|-164130.8658461656|-164130.52530992543|-164130.19738613864|-164129.8064000851
351.0|1.0|0.8|0.0|-163891.53368717327|-163890.78955242626|-163889.98235541256|-163889.21299575886|-163888.3553489318
351.2|1.0|0.8|0.0|-164299.26090277656|-164298.3149687761|-164297.29336005563|-164296.30958869518|-164295.26275506802
351.4|1.0|0.8|0.0|-163926.73137770695|-163925.57103199977|-163924.36023647917|-163923.1746658653|-163921.91342053135
351.6|1.0|0.8|0.0|-164395.85889630413|-164395.03908683706|-164394.14360265|-164393.28595582294|-164392.36524672917
351.8|1.0|0.8|0.0|-164476.81168817767|-164476.14322815067|-164475.42431831037|-164474.71802092335|-164473.94866126968
352.0|1.0|0.8|0.0|-164075.11208408544|-164074.67064821857|-164074.15353763168|-164073.6490394981|-164073.11931645786
352.2|1.0|0.8|0.0|-164249.7716680514|-164249.0023083977|-164248.16988647735|-164247.36268946365|-164246.50504263656
352.4|1.0|0.8|0.0|-164435.60355555135|-164434.61978419087|-164433.57295056374|-164432.53872938993|-164431.45405840274
352.6|1.0|0.8|0.0|-164296.46740707685|-164295.3322862763|-164294.14671566244|-164292.98636995524|-164291.7755744347
352.8|1.0|0.8|0.0|-164378.0340291726|-164377.1385449855|-164376.17999853173|-164375.24667698462|-164374.26290562417
353.0|1.0|0.8|0.0|-164281.86961525743|-164281.0876431504|-164280.22999632332|-164279.41018685626|-164278.51470266917
353.2|1.0|0.8|0.0|-164698.99746911114|-164698.2154970041|-164697.3830750837|-164696.56326561666|-164695.66778142957
353.4|1.0|0.8|0.0|-164657.90614798307|-164656.15301696895|-164654.34943614143|-164652.5710802206|-164650.74227448643
353.6|1.0|0.8|0.0|-164474.97355501703|-164473.98978365658|-164472.93033757608|-164471.92134130895|-164470.82405786845
353.8|1.0|0.8|0.0|-164218.02126303795|-164216.9744294108|-164215.87714597027|-164214.80508743646|-164213.65735418256
354.0|1.0|0.8|0.0|-164443.3848979681|-164442.4011266076|-164441.34168052714|-164440.3074593533|-164439.2101759128
354.2|1.0|0.8|0.0|-164484.85686995593|-164484.2388597423|-164483.5325623553|-164482.85148987497|-164482.10735512796
354.4|1.0|0.8|0.0|-164415.6200252171|-164414.77499084338|-164413.8795066563|-164412.99663492254|-164412.0507009221
354.6|1.0|0.8|0.0|-164506.9349080609|-164506.59437182074|-164506.1907733139|-164505.8123997137|-164505.35835139352
354.8|1.0|0.8|0.0|-164340.3554702436|-164340.00232155013|-164339.59872304325|-164339.20773698977|-164338.75368866953
355.0|1.0|0.8|0.0|-164424.9626971675|-164423.75190164693|-164422.47804385965|-164421.21679852574|-164419.9051033785
355.2|1.0|0.8|0.0|-164219.7134513435|-164218.75490488973|-164217.7585210759|-164216.74952480875|-164215.71530363496
355.4|1.0|0.8|0.0|-164129.00205839434|-164128.207473834|-164127.38766436692|-164126.56785489988|-164125.68498316614
355.6|1.0|0.8|0.0|-164265.34298584625|-164264.61146355257|-164263.8168789922|-164263.03490688518|-164262.2024849648
355.8|1.0|0.8|0.0|-164383.99573332|-164383.1633113996|-164382.25521475918|-164381.3597305721|-164380.43902147835
356.0|1.0|0.8|0.0|-164132.05502850114|-164131.3739560208|-164130.62982127376|-164129.91091143346|-164129.1541642331
356.2|1.0|0.8|0.0|-164036.03983719766|-164035.45966434406|-164034.8038167704|-164034.17319410347|-164033.49212162313
356.4|1.0|0.8|0.0|-164404.83731530176|-164403.74003186123|-164402.5922986074|-164401.45717780685|-164400.29683209964
356.6|1.0|0.8|0.0|-164382.50262157602|-164381.93506117573|-164381.32966341544|-164380.7368781085|-164380.06841808153
356.8|1.0|0.8|0.0|-164280.16131688593|-164279.02619608538|-164277.85323792486|-164276.70550467097|-164275.49470915043
357.0|1.0|0.8|0.0|-164340.98880228912|-164340.01764338202|-164338.99603466154|-164337.9870383944|-164336.9149798606
357.2|1.0|0.8|0.0|-164361.94938992817|-164360.6376947809|-164359.2881622736|-164357.9386297663|-164356.5260349923
357.4|1.0|0.8|0.0|-164305.09599080842|-164304.01131982126|-164302.85097411406|-164301.7410782202|-164300.56812005964
357.6|1.0|0.8|0.0|-164067.6620805924|-164066.8548835787|-164066.0224616583|-164065.1900397379|-164064.3071680042
357.8|1.0|0.8|0.0|-164255.8903342268|-164255.07052475977|-164254.1624281193|-164253.30478129225|-164252.37145974516
358.0|1.0|0.8|0.0|-164359.29115295596|-164358.09296988873|-164356.8317245548|-164355.59570412757|-164354.29662143363
358.2|1.0|0.8|0.0|-163965.81699833035|-163964.9341265966|-163963.98819259615|-163963.0674835024|-163962.09632459527
358.4|1.0|0.8|0.0|-163941.04613997214|-163940.13804333174|-163939.15427197126|-163938.1957255175|-163937.18672925036
358.6|1.0|0.8|0.0|-163857.5264739599|-163856.9463011063|-163856.30306598597|-163855.68505577237|-163855.00398329206
358.8|1.0|0.8|0.0|-164259.15743809374|-164257.7196184131|-164256.2061240124|-164254.69262961167|-164253.1539103043
359.0|1.0|0.8|0.0|-163934.08260954174|-163933.31324988807|-163932.4808279677|-163931.67363095394|-163930.79075922022
359.2|1.0|0.8|0.0|-164183.05100029736|-164182.40776517705|-164181.7140802434|-164181.04562021644|-164180.31409792276
359.4|1.0|0.8|0.0|-164001.33078668563|-164000.57403948525|-163999.79206737824|-163998.99748281785|-163998.15244844413
359.6|1.0|0.8|0.0|-164246.37430986436|-164245.44098831725|-164244.43199205011|-164243.46083314298|-164242.41399951582
359.8|1.0|0.8|0.0|-164185.32896301488|-164184.105555041|-164182.83169725374|-164181.5578394665|-164180.2461443192
360.0|1.0|0.8|0.0|-164186.47203947438|-164185.76574208736|-164184.98376998038|-164184.22702278|-164183.4198257663
360.2|1.0|0.8|0.0|-164120.1557598168|-164119.04586392298|-164117.88551821574|-164116.76300986856|-164115.56482680133
360.4|1.0|0.8|0.0|-163929.8742890635|-163929.04186714313|-163928.108545596|-163927.22567386227|-163926.2671274085
360.6|1.0|0.8|0.0|-164100.55812128077|-164099.46083784028|-164098.32571703973|-164097.1905962392|-164096.00502562532
360.8|1.0|0.8|0.0|-164460.1391659817|-164459.18061952794|-164458.13378590078|-164457.1121771803|-164456.06534355314
361.0|1.0|0.8|0.0|-164453.27799136518|-164452.47079435148|-164451.6131475244|-164450.75550069733|-164449.86001651027
361.2|1.0|0.8|0.0|-164186.83476176966|-164186.02756475596|-164185.15730547556|-164184.3122711018|-164183.4041744614
361.4|1.0|0.8|0.0|-164168.48330767188|-164167.4238615914|-164166.31396569754|-164165.2292947104|-164164.06894900318
361.6|1.0|0.8|0.0|-163892.7723874727|-163892.003027819|-163891.1579934453|-163890.3255715249|-163889.46792469785
361.8|1.0|0.8|0.0|-163959.80445261745|-163958.49275747017|-163957.1180000562|-163955.75585509557|-163954.3558727749
362.0|1.0|0.8|0.0|-164063.16815305263|-164062.17176923883|-164061.13754806502|-164060.10332689117|-164059.01865590402
362.2|1.0|0.8|0.0|-164099.2352511686|-164098.11274282142|-164096.9145597542|-164095.74160159365|-164094.5055811664
362.4|1.0|0.8|0.0|-163920.88724397696|-163919.60077373637|-163918.25124122907|-163916.9143211751|-163915.52695130778
362.6|1.0|0.8|0.0|-163694.23011106733|-163693.3220144269|-163692.36346797313|-163691.4175339727|-163690.4211501589
362.8|1.0|0.8|0.0|-163931.60276036628|-163930.20277804564|-163928.72712100495|-163927.27668887094|-163925.77580692357
363.0|1.0|0.8|0.0|-163861.3457119461|-163860.0970790655|-163858.79799637158|-163857.49891367764|-163856.16199362368
363.2|1.0|0.8|0.0|-164283.87616309372|-164282.76626719988|-164281.61853394602|-164280.49602559884|-164279.31045498492
363.4|1.0|0.8|0.0|-164080.5508028123|-164079.64270617187|-164078.6841597181|-164077.73822571768|-164076.72922945055
363.6|1.0|0.8|0.0|-164017.74143909855|-164016.21533224452|-164014.6387755771|-164013.07483136308|-164011.43521242894
363.8|1.0|0.8|0.0|-163839.09865000198|-163837.8878544814|-163836.6266091475|-163835.36536381356|-163834.05366866628
364.0|1.0|0.8|0.0|-164047.5154170646|-164046.59470797086|-164045.61093661038|-164044.67761506326|-164043.66861879616
364.2|1.0|0.8|0.0|-163958.13096024963|-163956.64269075557|-163955.07874654152|-163953.54002723415|-163951.9508581134
364.4|1.0|0.8|0.0|-163801.4409735515|-163800.17972821763|-163798.86803307032|-163797.55633792304|-163796.19419296243
364.6|1.0|0.8|0.0|-163840.31255474297|-163839.37923319588|-163838.3954618354|-163837.41169047495|-163836.37746930114
364.8|1.0|0.8|0.0|-164017.9115424467|-164016.53678503275|-164015.1115778054|-164013.71159548475|-164012.23593844406
365.0|1.0|0.8|0.0|-164463.03588942526|-164462.0521180648|-164461.03050934433|-164460.03412553054|-164458.94945454336
365.2|1.0|0.8|0.0|-164234.03598142377|-164232.79996099655|-164231.50087830258|-164230.22702051533|-164228.89010046137
365.4|1.0|0.8|0.0|-164315.54064491272|-164314.03976296537|-164312.50104365798|-164310.96232435058|-164309.38576768318
365.6|1.0|0.8|0.0|-164174.11720562016|-164173.25955879307|-164172.326237246|-164171.40552815222|-164170.4343692451
365.8|1.0|0.8|0.0|-164134.11050362815|-164132.7105213075|-164131.2600891735|-164129.8222694928|-164128.30877509213
366.0|1.0|0.8|0.0|-164387.0986057688|-164385.40853702134|-164383.66801846054|-164381.94011235304|-164380.16175643224
366.2|1.0|0.8|0.0|-164266.5290496178|-164264.99033031042|-164263.40116118966|-164261.82460452223|-164260.1975980415
366.4|1.0|0.8|0.0|-164371.9668635091|-164370.76868044186|-164369.4948226546|-164368.25880222736|-164366.95971953345
366.6|1.0|0.8|0.0|-164159.39963225834|-164158.42847335123|-164157.40686463073|-164156.3978683636|-164155.35103473644
366.8|1.0|0.8|0.0|-164284.0611210631|-164283.20347423604|-164282.29537759564|-164281.39989340852|-164280.45395940807
367.0|1.0|0.8|0.0|-164246.40757142915|-164245.1337136419|-164243.7841811346|-164242.48509844067|-164241.11034102668
367.2|1.0|0.8|0.0|-164004.78838836783|-164003.98119135413|-164003.11093207373|-164002.27851015332|-164001.38302596624
367.4|1.0|0.8|0.0|-163938.66129551036|-163937.76581132328|-163936.81987732285|-163935.8739433224|-163934.89017196195
367.6|1.0|0.8|0.0|-164186.0785964833|-164185.22094965624|-164184.30024056247|-164183.40475637538|-164182.44620992162
367.8|1.0|0.8|0.0|-164118.46362655156|-164117.5176925511|-164116.53392119062|-164115.53753737683|-164114.51592865636
368.0|1.0|0.8|0.0|-164040.98946730807|-164040.0309208543|-164039.02192458714|-164038.0381532267|-164036.99131959953
368.2|1.0|0.8|0.0|-164011.94135368508|-164010.86929515126|-164009.7593992574|-164008.6368909102|-164007.47654520298
368.4|1.0|0.8|0.0|-163947.37337813457|-163945.98600826727|-163944.57341349326|-163943.1734311726|-163941.71038658524
368.6|1.0|0.8|0.0|-164010.72067001995|-164010.16572207303|-164009.57293676608|-164008.99276391248|-164008.36214124554
368.8|1.0|0.8|0.0|-164212.58755935272|-164211.67946271232|-164210.72091625855|-164209.78759471144|-164208.79121089762
369.0|1.0|0.8|0.0|-164287.36345157298|-164286.08959378573|-164284.77789863845|-164283.47881594452|-164282.10405853053
369.2|1.0|0.8|0.0|-164329.23679665916|-164328.36653737878|-164327.43321583167|-164326.52511919124|-164325.56657273747
369.4|1.0|0.8|0.0|-164262.66996944655|-164262.02673432624|-164261.3330493926|-164260.67720181897|-164259.9456795253
369.6|1.0|0.8|0.0|-164597.56844296266|-164596.44593461545|-164595.2729764549|-164594.1126307477|-164592.8892227738
369.8|1.0|0.8|0.0|-164376.81285832613|-164375.62728771227|-164374.391267285|-164373.1552468578|-164371.86877661716
370.0|1.0|0.8|0.0|-164323.5368299459|-164322.67918311883|-164321.7710864784|-164320.88821474466|-164319.9296682909
370.2|1.0|0.8|0.0|-164334.27344248857|-164333.65543227494|-164332.98697224798|-164332.33112467435|-164331.612214834
370.4|1.0|0.8|0.0|-164368.01454448258|-164367.62355842907|-164367.20734746888|-164366.7911365087|-164366.3118632818
370.6|1.0|0.8|0.0|-164220.89027628067|-164220.2470411604|-164219.5785811334|-164218.9101211064|-164218.17859881272
370.8|1.0|0.8|0.0|-164103.6129919084|-164102.83101980135|-164101.99859788097|-164101.19140086728|-164100.33375404018
371.0|1.0|0.8|0.0|-164171.83693385622|-164170.86577494908|-164169.85677868195|-164168.8477824148|-164167.80094878766
371.2|1.0|0.8|0.0|-164037.78885066125|-164037.05732836758|-164036.25013135385|-164035.4555467935|-164034.61051241975
371.4|1.0|0.8|0.0|-164121.36704757882|-164119.9166154448|-164118.39050859076|-164116.87701419005|-164115.3256824293
371.6|1.0|0.8|0.0|-164275.58707888183|-164274.8303316815|-164274.03574712115|-164273.2537750141|-164272.4087406404
371.8|1.0|0.8|0.0|-163852.96820608343|-163852.6402822966|-163852.23668378976|-163851.88353509628|-163851.45471168272
372.0|1.0|0.8|0.0|-164365.8914584825|-164365.0464241088|-164364.13832746836|-164363.25545573462|-164362.29690928085
372.2|1.0|0.8|0.0|-164092.07763698758|-164090.96774109371|-164089.78217047983|-164088.63443722596|-164087.41102925205
372.4|1.0|0.8|0.0|-164123.2154763014|-164122.1434177676|-164121.00829696708|-164119.8984010732|-164118.738055366
372.6|1.0|0.8|0.0|-163915.96671743155|-163914.85682153772|-163913.6586384705|-163912.48568030994|-163911.24965988268
372.8|1.0|0.8|0.0|-163948.7212587535|-163946.993352646|-163945.18977181852|-163943.42402835103|-163941.59522261686
373.0|1.0|0.8|0.0|-164268.0071258352|-164266.94767975467|-164265.83778386083|-164264.71527551365|-164263.5675422598
373.2|1.0|0.8|0.0|-164238.25192157555|-164237.39427474848|-164236.46095320137|-164235.56546901428|-164234.59431010718
373.4|1.0|0.8|0.0|-164173.60048575877|-164172.86896346507|-164172.11221626474|-164171.35546906438|-164170.52304714397
373.6|1.0|0.8|0.0|-164035.74381329358|-164035.06274081327|-164034.3059936129|-164033.5618588659|-164032.7798867589
373.8|1.0|0.8|0.0|-164112.19898906385|-164111.20260525003|-164110.1557716229|-164109.12155044908|-164108.0368794619
374.0|1.0|0.8|0.0|-163927.41226421707|-163926.1257939765|-163924.78887392252|-163923.4519538686|-163922.05197154792
374.2|1.0|0.8|0.0|-164096.99931181612|-164096.49481368257|-164095.93986573562|-164095.4101426954|-164094.82996984178
374.4|1.0|0.8|0.0|-164416.18415117383|-164415.51569114684|-164414.79678130653|-164414.0904839195|-164413.32112426584
374.6|1.0|0.8|0.0|-164277.3907069049|-164276.8231465046|-164276.19252383767|-164275.5871260774|-164274.91866605042
374.8|1.0|0.8|0.0|-164356.27454617695|-164355.50518652325|-164354.6727646029|-164353.86556758918|-164352.99530830875
375.0|1.0|0.8|0.0|-164326.8244676299|-164326.1433951496|-164325.4118728559|-164324.70557546892|-164323.94882826856
375.2|1.0|0.8|0.0|-164136.20922462977|-164135.32635289602|-164134.3930313489|-164133.47232225517|-164132.50116334803
375.4|1.0|0.8|0.0|-164062.06281226082|-164061.43218959385|-164060.75111711354|-164060.09526953992|-164059.37635969956
375.6|1.0|0.8|0.0|-164183.49551301074|-164182.87750279714|-164182.20904277015|-164181.55319519652|-164180.82167290285
375.8|1.0|0.8|0.0|-164470.58222016788|-164469.76241070082|-164468.87953896707|-164468.02189214|-164467.0885705929
376.0|1.0|0.8|0.0|-164337.6217370659|-164336.41094154533|-164335.1496962114|-164333.88845087748|-164332.5767557302
376.2|1.0|0.8|0.0|-164779.31576509407|-164777.75182088002|-164776.1374268526|-164774.56087018517|-164772.90863879776
376.4|1.0|0.8|0.0|-164360.71871859426|-164359.6340476071|-164358.4737018999|-164357.32596864604|-164356.12778557878
376.6|1.0|0.8|0.0|-164447.43167710098|-164446.76321707398|-164446.0316947803|-164445.32539739332|-164444.5434252863
376.8|1.0|0.8|0.0|-164279.22719680422|-164278.30648771045|-164277.32271634997|-164276.3641698962|-164275.35517362907
377.0|1.0|0.8|0.0|-164421.17847168923|-164420.28298750214|-164419.3370535017|-164418.40373195458|-164417.40734814078
377.2|1.0|0.8|0.0|-164307.73146691764|-164307.06300689065|-164306.35670950363|-164305.63779966332|-164304.88105246294
377.4|1.0|0.8|0.0|-164389.39710228902|-164388.86737924878|-164388.2745939418|-164387.70703354158|-164387.0764108746
377.6|1.0|0.8|0.0|-164087.3666821749|-164086.2693987344|-164085.12166548052|-164083.99915713334|-164082.81358651945
377.8|1.0|0.8|0.0|-164219.96747447713|-164219.1602774634|-164218.290018183|-164217.43237135594|-164216.51166226217
378.0|1.0|0.8|0.0|-164223.8966520615|-164222.61018182087|-164221.2606493136|-164219.93634171295|-164218.54897184565
378.2|1.0|0.8|0.0|-164360.71905813264|-164359.9244735723|-164359.07943919854|-164358.24701727816|-164357.35153309107
378.4|1.0|0.8|0.0|-164393.408157816|-164392.3108743755|-164391.15052866828|-164390.01540786773|-164388.82983725387
378.6|1.0|0.8|0.0|-164320.50640290603|-164319.44695682553|-164318.311836025|-164317.21455258448|-164316.04159442394
378.8|1.0|0.8|0.0|-164502.61892364823|-164501.9630760746|-164501.23155378093|-164500.53786884726|-164499.7685091936
379.0|1.0|0.8|0.0|-164601.2492205724|-164600.4420235587|-164599.60960163828|-164598.77717971793|-164597.89430798418
379.2|1.0|0.8|0.0|-164398.0853778494|-164397.61871707588|-164397.1142189423|-164396.63494571543|-164396.07999776848
379.4|1.0|0.8|0.0|-164348.1706924567|-164347.66619432316|-164347.12385882958|-164346.59413578932|-164346.0139629357
379.6|1.0|0.8|0.0|-164171.430973799|-164170.4345899852|-164169.3625314514|-164168.31569782423|-164167.2184143837
379.8|1.0|0.8|0.0|-164392.0380608593|-164391.23086384562|-164390.37321701852|-164389.51557019146|-164388.62008600438
380.0|1.0|0.8|0.0|-164304.6337592186|-164303.56170068472|-164302.42657988422|-164301.29145908367|-164300.11850092313
380.2|1.0|0.8|0.0|-164261.9391456021|-164261.2076233084|-164260.4256512014|-164259.64367909436|-164258.79864472063
380.4|1.0|0.8|0.0|-164225.0467193256|-164224.18907249853|-164223.2809758581|-164222.39810412435|-164221.4521701239
380.6|1.0|0.8|0.0|-163931.58911367014|-163930.59272985632|-163929.55850868253|-163928.53689996203|-163927.45222897487
380.8|1.0|0.8|0.0|-163974.56295203805|-163973.6800803043|-163972.7215338505|-163971.78821230342|-163970.81705339628
381.0|1.0|0.8|0.0|-164230.7323701352|-164230.16480973494|-164229.5467995213|-164228.94140176105|-164228.27294173406
381.2|1.0|0.8|0.0|-164234.79358011042|-164233.93593328336|-164233.01522418958|-164232.1197400025|-164231.16119354873
381.4|1.0|0.8|0.0|-164305.12791715143|-164303.89189672418|-164302.60542648358|-164301.318956243|-164300.0072610957
381.6|1.0|0.8|0.0|-164216.22072679125|-164215.28740524416|-164214.3036338837|-164213.31986252323|-164212.3108662561
381.8|1.0|0.8|0.0|-164203.97592206197|-164203.4083616617|-164202.80296390143|-164202.19756614114|-164201.54171856752
382.0|1.0|0.8|0.0|-164154.59687019285|-164153.86534789918|-164153.08337579214|-164152.3266285918|-164151.4942066714
382.2|1.0|0.8|0.0|-164099.21558758037|-164098.26965357995|-164097.28588221947|-164096.302110859|-164095.2678896852
382.4|1.0|0.8|0.0|-164029.03457296445|-164028.26521331072|-164027.45801629702|-164026.65081928333|-164025.79317245624
382.6|1.0|0.8|0.0|-164409.44550280774|-164408.61308088733|-164407.67975934024|-164406.80950005984|-164405.87617851273
382.8|1.0|0.8|0.0|-164038.09533152287|-164037.02327298906|-164035.87553973516|-164034.76564384133|-164033.58007322747
383.0|1.0|0.8|0.0|-164023.53434459542|-164022.67669776836|-164021.74337622125|-164020.83527958085|-164019.8893455804
383.2|1.0|0.8|0.0|-164134.9515603773|-164133.81643957674|-164132.6056440562|-164131.42007344228|-164130.15882810837
383.4|1.0|0.8|0.0|-164468.6913765235|-164467.72021761638|-164466.71122134925|-164465.7022250821|-164464.6427790016
383.6|1.0|0.8|0.0|-164183.84808923086|-164183.02827976382|-164182.17063293673|-164181.31298610967|-164180.40488946927
383.8|1.0|0.8|0.0|-164077.909951208|-164077.3928406211|-164076.80005531415|-164076.21988246054|-164075.61448470026
384.0|1.0|0.8|0.0|-164165.77177032625|-164164.61142461904|-164163.38801664516|-164162.16460867124|-164160.890750884
384.2|1.0|0.8|0.0|-164495.57383306394|-164494.7540235969|-164493.9089892232|-164493.05134239612|-164492.14324575567
384.4|1.0|0.8|0.0|-164050.39274746363|-164049.5855504499|-164048.74051607618|-164047.89548170246|-164046.99999751538
384.6|1.0|0.8|0.0|-164346.5165344567|-164345.48231328288|-164344.37241738904|-164343.31297130854|-164342.16523805467
384.8|1.0|0.8|0.0|-164156.0650355648|-164155.2452260978|-164154.37496681736|-164153.5173199903|-164152.6092233499
385.0|1.0|0.8|0.0|-164026.20300922042|-164025.63544882013|-164025.0048261532|-164024.38681593956|-164023.7183559126
385.2|1.0|0.8|0.0|-163932.82984337772|-163931.95958409732|-163931.03887500358|-163930.10555345647|-163929.14700700267
385.4|1.0|0.8|0.0|-164212.296584468|-164210.93443950734|-164209.52184473336|-164208.1218624127|-164206.67143027871
385.6|1.0|0.8|0.0|-164086.9617767709|-164085.56179445024|-164084.1239747696|-164082.67354263557|-164081.19788559488
385.8|1.0|0.8|0.0|-164433.72086202286|-164432.47222914227|-164431.160533995|-164429.86145130105|-164428.5245312471
386.0|1.0|0.8|0.0|-164353.29632740855|-164352.3251685014|-164351.30355978094|-164350.30717596714|-164349.2351174333
386.2|1.0|0.8|0.0|-164391.92683428238|-164391.06918745532|-164390.1358659082|-164389.2277692678|-164388.26922281398
386.4|1.0|0.8|0.0|-164252.63009071437|-164251.86073106067|-164251.0283091403|-164250.22111212657|-164249.33824039283
386.6|1.0|0.8|0.0|-164453.07756461456|-164452.3838796809|-164451.6271324806|-164450.8956101869|-164450.11363807987
386.8|1.0|0.8|0.0|-164351.54053278326|-164350.82162294292|-164350.02703838254|-164349.28290363553|-164348.4630941685
387.0|1.0|0.8|0.0|-164222.8513681583|-164222.1829081313|-164221.45138583763|-164220.7324759973|-164219.97572879694
387.2|1.0|0.8|0.0|-164439.39457953922|-164439.11710556576|-164438.78918177894|-164438.48648289882|-164438.10810929863
387.4|1.0|0.8|0.0|-163942.80975286372|-163941.75030678324|-163940.65302334272|-163939.5557399022|-163938.4206191017
387.6|1.0|0.8|0.0|-164166.80867810498|-164165.3708584243|-164163.8825889303|-164162.39431943628|-164160.86821258225
387.8|1.0|0.8|0.0|-164117.83745932826|-164116.82846306113|-164115.74379207395|-164114.70957090013|-164113.58706255295
388.0|1.0|0.8|0.0|-163993.0424115079|-163991.71810390725|-163990.3433464933|-163988.99381398602|-163987.581219212
388.2|1.0|0.8|0.0|-164163.6624948795|-164162.5904363457|-164161.4679279985|-164160.35803210465|-164159.21029885078
388.4|1.0|0.8|0.0|-164164.44446698655|-164163.25889637266|-164162.0228759454|-164160.78685551818|-164159.48777282424
388.6|1.0|0.8|0.0|-164159.83255539776|-164158.25599873037|-164156.6289922496|-164155.02721067553|-164153.37497928808
388.8|1.0|0.8|0.0|-164131.11678297547|-164130.057336895|-164128.9096036411|-164127.8123202006|-164126.62674958672
389.0|1.0|0.8|0.0|-164163.56232497087|-164162.6668407838|-164161.7335192367|-164160.82542259624|-164159.82903878248
389.2|1.0|0.8|0.0|-164230.01734161517|-164229.23536950815|-164228.40294758778|-164227.59575057405|-164226.738103747
389.4|1.0|0.8|0.0|-164206.03697407845|-164204.83879101122|-164203.602770584|-164202.39197506342|-164201.1055048228
389.6|1.0|0.8|0.0|-164143.96248302434|-164143.02916147726|-164142.03277766347|-164141.06161875633|-164140.0273975825
389.8|1.0|0.8|0.0|-164035.00768053017|-164033.9860718097|-164032.91401327585|-164031.8671796487|-164030.7446713015
390.0|1.0|0.8|0.0|-164302.82593161758|-164301.95567233715|-164301.0349632434|-164300.12686660298|-164299.16832014918
390.2|1.0|0.8|0.0|-164043.7296994233|-164043.01078958294|-164042.24142992924|-164041.48468272891|-164040.6522608085
390.4|1.0|0.8|0.0|-164481.18294767188|-164480.03521441802|-164478.82441889745|-164477.63884828356|-164476.4028278563
390.6|1.0|0.8|0.0|-164058.37272373209|-164057.439402185|-164056.46824327786|-164055.5223092774|-164054.51331301028
390.8|1.0|0.8|0.0|-164168.8956523436|-164167.609182103|-164166.27226204902|-164164.94795444843|-164163.5858094878
391.0|1.0|0.8|0.0|-164114.0391666779|-164112.87882097068|-164111.6680254501|-164110.48245483622|-164109.22120950228
391.2|1.0|0.8|0.0|-164179.0418133123|-164178.0202045918|-164176.93553360464|-164175.8634750708|-164174.74096672362
391.4|1.0|0.8|0.0|-163946.25376203048|-163945.34566539002|-163944.3745064829|-163943.4411849358|-163942.444801122
391.6|1.0|0.8|0.0|-163740.52278803388|-163739.63991630013|-163738.70659475305|-163737.7984981126|-163736.81472675217
391.8|1.0|0.8|0.0|-163844.77040206117|-163843.71095598067|-163842.58844763346|-163841.47855173962|-163840.30559357908
392.0|1.0|0.8|0.0|-164310.1534719446|-164309.1570881308|-164308.0976420503|-164307.0634208765|-164305.97874988933
392.2|1.0|0.8|0.0|-163946.54220657924|-163945.344023512|-163944.09539063144|-163942.8845951109|-163941.59812487027
392.4|1.0|0.8|0.0|-164073.0099103001|-164072.25316309975|-164071.42074117938|-164070.61354416568|-164069.7306724319
392.6|1.0|0.8|0.0|-164080.12333398344|-164078.9882131829|-164077.802642569|-164076.6422968618|-164075.43150134123
392.8|1.0|0.8|0.0|-163841.712366439|-163840.56463318513|-163839.39167502458|-163838.218716864|-163836.99530889012
393.0|1.0|0.8|0.0|-164310.72438023557|-164310.13159492862|-164309.48835980834|-164308.88296204805|-164308.1892771144
393.2|1.0|0.8|0.0|-164003.7203648698|-164002.32038254917|-164000.85733796182|-163999.4447431878|-163997.9312487871
393.4|1.0|0.8|0.0|-164091.26340349726|-164090.658005737|-164089.98954571|-164089.34631058972|-164088.62740074936
393.6|1.0|0.8|0.0|-163946.66579286338|-163945.65679659622|-163944.57212560906|-163943.5252919819|-163942.42800854138
393.8|1.0|0.8|0.0|-164063.7598096646|-164062.73820094412|-164061.6661424103|-164060.5940838765|-164059.4715755293
394.0|1.0|0.8|0.0|-164226.09496941167|-164224.90939879775|-164223.6986032772|-164222.48780775664|-164221.2265624227
394.2|1.0|0.8|0.0|-164705.93582465383|-164704.6367419599|-164703.27459699925|-164701.9124520386|-164700.5250821713
394.4|1.0|0.8|0.0|-164161.4130262235|-164160.6310541165|-164159.7986321961|-164158.9662102757|-164158.09595099528
394.6|1.0|0.8|0.0|-164455.95239928216|-164454.72899130825|-164453.46774597434|-164452.2065006404|-164450.90741794647
394.8|1.0|0.8|0.0|-164085.25198467445|-164084.0159642472|-164082.7294940066|-164081.45563621935|-164080.1313286187
395.0|1.0|0.8|0.0|-164317.4013677987|-164316.54372097165|-164315.6103994245|-164314.70230278414|-164313.74375633034
395.2|1.0|0.8|0.0|-164372.13543531013|-164370.9372522429|-164369.67600690897|-164368.43998648174|-164367.1409037878
395.4|1.0|0.8|0.0|-164311.56637218458|-164310.69611290417|-164309.76279135706|-164308.85469471663|-164307.88353580952
395.6|1.0|0.8|0.0|-164136.58667570056|-164135.80470359352|-164134.9596692198|-164134.15247220607|-164133.26960047233
395.8|1.0|0.8|0.0|-164543.81257497935|-164542.7405164455|-164541.63062055167|-164540.5459495645|-164539.36037895063
396.0|1.0|0.8|0.0|-164253.38561193732|-164252.6414771903|-164251.82166772324|-164251.0270831629|-164250.18204878917
396.2|1.0|0.8|0.0|-164182.2447158454|-164181.2483320316|-164180.18888595112|-164179.14205232396|-164178.06999379012
396.4|1.0|0.8|0.0|-164295.03611816754|-164294.0901841671|-164293.0938003533|-164292.0974165395|-164291.05058291234
396.6|1.0|0.8|0.0|-164400.0190132918|-164398.75776795787|-164397.42084790394|-164396.12176520997|-164394.75962024936
396.8|1.0|0.8|0.0|-164370.04094532362|-164368.72925017634|-164367.379717669|-164366.03018516174|-164364.63020284107
397.0|1.0|0.8|0.0|-164149.49958623416|-164148.56626468705|-164147.5572684199|-164146.58610951278|-164145.56450079233
397.2|1.0|0.8|0.0|-164467.31031163264|-164466.38960253887|-164465.4310560851|-164464.47250963133|-164463.4635133642
397.4|1.0|0.8|0.0|-164444.4230224925|-164442.99781526515|-164441.52215822448|-164440.0591136371|-164438.54561923642
397.6|1.0|0.8|0.0|-164422.7013067834|-164421.33916182275|-164419.92656704874|-164418.53919718144|-164417.0761525941
397.8|1.0|0.8|0.0|-164784.39139003135|-164783.31933149754|-164782.184210697|-164781.08692725646|-164779.91396909594
398.0|1.0|0.8|0.0|-164602.63159057515|-164601.72349393475|-164600.75233502762|-164599.7811761205|-164598.77217985335
398.2|1.0|0.8|0.0|-164473.53051819498|-164473.0134076081|-164472.4458472078|-164471.87828680754|-164471.26027659394
398.4|1.0|0.8|0.0|-164457.70587406802|-164456.73471516088|-164455.68788153373|-164454.6788852666|-164453.60682673278
398.6|1.0|0.8|0.0|-164377.5537330973|-164376.9735602437|-164376.33032512342|-164375.69970245645|-164375.0186299761
398.8|1.0|0.8|0.0|-164513.98012251186|-164512.45401565783|-164510.85223408375|-164509.2882898697|-164507.66128338894
399.0|1.0|0.8|0.0|-164267.58323407703|-164266.63730007657|-164265.66614116947|-164264.69498226233|-164263.67337354188
399.2|1.0|0.8|0.0|-164378.4763209504|-164377.34120014988|-164376.14301708265|-164374.95744646876|-164373.7214260415
399.4|1.0|0.8|0.0|-164344.6382450534|-164344.1211344665|-164343.5409616129|-164342.99862611928|-164342.39322835903
399.6|1.0|0.8|0.0|-164280.04783198383|-164279.11451043672|-164278.10551416958|-164277.12174280913|-164276.08752163532
399.8|1.0|0.8|0.0|-164520.1908605218|-164518.81610310785|-164517.40350833384|-164516.00352601317|-164514.5530938792
400.0|1.0|0.8|0.0|-164457.49899045422|-164456.7548557072|-164455.9476586935|-164455.16568658646|-164454.30803975937
400.2|1.0|0.8|0.0|-164454.2674531543|-164453.42241878054|-164452.51432214014|-164451.6062254997|-164450.66029149928
400.4|1.0|0.8|0.0|-164162.81888139178|-164161.9990719247|-164161.14142509768|-164160.30900317727|-164159.3882940835
400.6|1.0|0.8|0.0|-164314.90639229937|-164314.08658283236|-164313.21632355193|-164312.35867672486|-164311.45058008446
400.8|1.0|0.8|0.0|-164186.19730284982|-164185.47839300949|-164184.70903335582|-164183.96489860877|-164183.1324766884
401.0|1.0|0.8|0.0|-164298.29769146114|-164297.31392010066|-164296.30492383352|-164295.2707026597|-164294.2112565792
401.2|1.0|0.8|0.0|-164364.27610927174|-164363.41846244468|-164362.51036580428|-164361.6148816172|-164360.66894761674
401.4|1.0|0.8|0.0|-163982.5533104628|-163981.59476400903|-163980.5857677419|-163979.60199638145|-163978.54255030095
401.6|1.0|0.8|0.0|-163779.54124707275|-163778.7214376057|-163777.83856587193|-163776.96830659156|-163776.0602099511
401.8|1.0|0.8|0.0|-164052.26353625554|-164051.74642566862|-164051.17886526836|-164050.61130486807|-164050.0059071078
402.0|1.0|0.8|0.0|-163715.788506072|-163714.91824679164|-163714.02276260455|-163713.11466596412|-163712.1687319637
402.2|1.0|0.8|0.0|-163928.56059390455|-163927.50114782405|-163926.3660270235|-163925.268743583|-163924.1083978758
402.4|1.0|0.8|0.0|-163860.33983379276|-163859.54524923238|-163858.712827312|-163857.89301784494|-163857.0101461112
402.6|1.0|0.8|0.0|-163951.66379584355|-163950.74308674983|-163949.7719278427|-163948.81338138893|-163947.8043851218
402.8|1.0|0.8|0.0|-163906.81686559622|-163906.4258795427|-163905.98444367584|-163905.56823271562|-163905.07634703538
403.0|1.0|0.8|0.0|-164130.97121024242|-164130.18923813538|-164129.34420376166|-164128.5243942946|-164127.65413501422
403.2|1.0|0.8|0.0|-163967.23411535335|-163966.14944436616|-163965.02693601898|-163963.91704012512|-163962.7566944179
403.4|1.0|0.8|0.0|-163936.46000372956|-163935.7284814359|-163934.90867196885|-163934.13931231515|-163933.2816654881
403.6|1.0|0.8|0.0|-163987.26442550562|-163985.99056771837|-163984.6788725711|-163983.36717742382|-163982.00503246317
403.8|1.0|0.8|0.0|-163895.7956383064|-163894.33259371904|-163892.81909931832|-163891.31821737098|-163889.7542731569
404.0|1.0|0.8|0.0|-164328.7937738949|-164327.74694026774|-164326.63704437387|-164325.53976093337|-164324.39202767948
404.2|1.0|0.8|0.0|-164342.0895416609|-164340.81568387366|-164339.4787638197|-164338.16706867242|-164336.8049237118
404.4|1.0|0.8|0.0|-164023.00793503757|-164021.9232640504|-164020.7629183432|-164019.65302244935|-164018.4800642888
404.6|1.0|0.8|0.0|-164109.60960051246|-164108.7267287787|-164107.76818232494|-164106.86008568452|-164105.87631432406
404.8|1.0|0.8|0.0|-164081.8288559205|-164080.2144618931|-164078.52439314564|-164076.85954930485|-164075.14425565072
405.0|1.0|0.8|0.0|-164319.7754006181|-164318.94297869768|-164318.06010696394|-164317.20246013688|-164316.2817510431
405.2|1.0|0.8|0.0|-164448.01479660667|-164446.9553505262|-164445.85806708568|-164444.77339609852|-164443.62566284466
405.4|1.0|0.8|0.0|-164289.06779378236|-164288.10924732854|-164287.11286351475|-164286.12909215433|-164285.06964607385
405.6|1.0|0.8|0.0|-164264.3459914304|-164263.79104348345|-164263.1856457232|-164262.6054728696|-164261.94962529594
405.8|1.0|0.8|0.0|-164043.20016484614|-164042.191168579|-164041.14433495185|-164040.11011377804|-164039.01283033754
406.0|1.0|0.8|0.0|-164194.99273166052|-164193.8071610466|-164192.57114061937|-164191.3603450988|-164190.0738748582
406.2|1.0|0.8|0.0|-164031.83803526446|-164030.75336427728|-164029.61824347675|-164028.48312267623|-164027.3101645157
406.4|1.0|0.8|0.0|-164163.87672970627|-164162.6659341857|-164161.36685149174|-164160.10560615783|-164158.79391101058
406.6|1.0|0.8|0.0|-164245.68508578336|-164244.70131442288|-164243.65448079573|-164242.63287207525|-164241.53558863475
406.8|1.0|0.8|0.0|-164255.08136352108|-164254.3246163207|-164253.517419307|-164252.72283474664|-164251.86518791955
407.0|1.0|0.8|0.0|-163899.8284026247|-163899.02120561097|-163898.1887836906|-163897.36897422356|-163896.47349003647
407.2|1.0|0.8|0.0|-164413.83632601093|-164412.76426747712|-164411.62914667657|-164410.5066383294|-164409.34629262218
407.4|1.0|0.8|0.0|-163997.85238997705|-163996.81816880323|-163995.7082729094|-163994.62360192224|-163993.47586866835
407.6|1.0|0.8|0.0|-164094.03985707104|-164092.589424937|-164091.08854298966|-164089.61288594897|-164088.06155418826
407.8|1.0|0.8|0.0|-163577.24090923285|-163576.15623824566|-163575.03372989848|-163573.93644645796|-163572.76348829744
408.0|1.0|0.8|0.0|-164001.571580088|-164000.14637286068|-163998.68332827333|-163997.22028368598|-163995.70678928526
408.2|1.0|0.8|0.0|-164302.61464495838|-164301.73177322463|-164300.77322677083|-164299.8272927704|-164298.83090895662
408.4|1.0|0.8|0.0|-164149.19722056488|-164147.97381259096|-164146.71256725703|-164145.45132192314|-164144.15223922918
408.6|1.0|0.8|0.0|-163807.60797597354|-163806.4980800797|-163805.32512191916|-163804.1773886653|-163802.96659314472
408.8|1.0|0.8|0.0|-163755.04508411515|-163753.96041312796|-163752.82529232744|-163751.70278398026|-163750.5298258197
409.0|1.0|0.8|0.0|-164092.78135963256|-164091.75975091208|-164090.67507992493|-164089.60302139106|-164088.49312549722
409.2|1.0|0.8|0.0|-163776.31241530168|-163775.7700798081|-163775.1899069545|-163774.6097341009|-163773.99172388727
409.4|1.0|0.8|0.0|-163851.24041956617|-163850.6097968992|-163849.92872441886|-163849.2602643919|-163848.54135455153
409.6|1.0|0.8|0.0|-164045.42175117665|-164044.41275490954|-164043.34069637567|-164042.2938627485|-164041.17135440133
409.8|1.0|0.8|0.0|-164229.9373481666|-164228.73916509937|-164227.45269485877|-164226.21667443152|-164224.90497928427
410.0|1.0|0.8|0.0|-164000.44352490897|-163999.28317920177|-163998.04715877454|-163996.8489757073|-163995.57511792006
410.2|1.0|0.8|0.0|-164022.02692638134|-164020.7909059541|-164019.49182326015|-164018.2179654729|-164016.88104541894
410.4|1.0|0.8|0.0|-164129.7751152582|-164128.4886450176|-164127.11388760366|-164125.7769675497|-164124.38959768237
410.6|1.0|0.8|0.0|-164378.51861322718|-164377.44655469336|-164376.32404634618|-164375.239375359|-164374.06641719845
410.8|1.0|0.8|0.0|-164519.4111413604|-164518.65439416008|-164517.82197223968|-164517.02738767932|-164516.16974085223
411.0|1.0|0.8|0.0|-164343.43583014625|-164342.7295327593|-164341.94756065225|-164341.20342590523|-164340.38361643816
411.2|1.0|0.8|0.0|-164200.40613582506|-164199.8385754248|-164199.2205652112|-164198.6403923576|-164197.98454478395
411.4|1.0|0.8|0.0|-164216.7054356699|-164215.87301374951|-164215.00275446908|-164214.14510764202|-164213.22439854828
411.6|1.0|0.8|0.0|-164134.0434164847|-164133.05964512425|-164132.00019904374|-164130.9912027766|-164129.8939193361
411.8|1.0|0.8|0.0|-163992.7461017255|-163992.05241679185|-163991.32089449817|-163990.58937220447|-163989.8074000975
412.0|1.0|0.8|0.0|-163897.79137345203|-163896.29049150468|-163894.7139348373|-163893.16260307655|-163891.5355965958
412.2|1.0|0.8|0.0|-164186.11205678643|-164184.1697389722|-164182.1769713446|-164180.184203717|-164178.14098627603
412.4|1.0|0.8|0.0|-164232.49465912904|-164231.78836174202|-164231.00638963495|-164230.224417528|-164229.39199560758
412.6|1.0|0.8|0.0|-164048.17626602977|-164047.76005506958|-164047.29339429602|-164046.83934597584|-164046.33484784226
412.8|1.0|0.8|0.0|-164101.2228295922|-164100.062483885|-164098.82646345778|-164097.6030554839|-164096.3291976966
413.0|1.0|0.8|0.0|-163785.4952851517|-163784.65025077798|-163783.7547665909|-163782.88450731052|-163781.9511857634
413.2|1.0|0.8|0.0|-163978.55410841503|-163977.62078686792|-163976.6748528675|-163975.72891886704|-163974.7199225999
413.4|1.0|0.8|0.0|-163811.67577306717|-163810.56587717333|-163809.4181439195|-163808.2704106656|-163807.0848400517
413.6|1.0|0.8|0.0|-163932.45262624347|-163931.50669224304|-163930.48508352257|-163929.47608725543|-163928.42925362827
413.8|1.0|0.8|0.0|-163814.3886535136|-163813.5310066865|-163812.6481349528|-163811.76526321904|-163810.8193292186
414.0|1.0|0.8|0.0|-163934.48443420956|-163933.1096767956|-163931.68446956828|-163930.25926234093|-163928.78360530024
414.2|1.0|0.8|0.0|-164101.73043161153|-164100.54486099767|-164099.30884057042|-164098.1106575032|-164096.86202462262
414.4|1.0|0.8|0.0|-163902.453668852|-163901.67169674495|-163900.86449973125|-163900.03207781087|-163899.1744309838
414.6|1.0|0.8|0.0|-163979.57492707227|-163978.7172802452|-163977.75873379144|-163976.850637151|-163975.86686579054
414.8|1.0|0.8|0.0|-164213.26914172538|-164212.65113151175|-164211.9574465781|-164211.28898655114|-164210.5700767108
415.0|1.0|0.8|0.0|-164389.87587416853|-164389.18218923488|-164388.41282958118|-164387.6813072875|-164386.87411027378
415.2|1.0|0.8|0.0|-164233.3782145233|-164232.4575054295|-164231.4863465224|-164230.52780006864|-164229.50619134816
415.4|1.0|0.8|0.0|-164223.80848606952|-164222.7994898024|-164221.7400437219|-164220.70582254807|-164219.60853910755
415.6|1.0|0.8|0.0|-164310.54482377597|-164309.49799014884|-164308.43854406834|-164307.36648553453|-164306.24397718732
415.8|1.0|0.8|0.0|-164670.0200091632|-164668.935338176|-164667.82544228216|-164666.7155463883|-164665.5552006811
416.0|1.0|0.8|0.0|-164634.6516004518|-164633.41558002456|-164632.09127242395|-164630.80480218335|-164629.45526967605
416.2|1.0|0.8|0.0|-164592.44120190496|-164591.78535433134|-164591.07905694432|-164590.38537201067|-164589.61601235697
416.4|1.0|0.8|0.0|-164621.27700316254|-164620.141882362|-164618.96892420144|-164617.79596604093|-164616.58517052032
416.6|1.0|0.8|0.0|-164072.1972647266|-164071.0369190194|-164069.81351104548|-164068.61532797824|-164067.3540826443
416.8|1.0|0.8|0.0|-164152.25681774915|-164151.28565884207|-164150.25143766822|-164149.22982894778|-164148.1451579606
417.0|1.0|0.8|0.0|-164554.0986643397|-164552.7617442857|-164551.38698687174|-164550.01222945776|-164548.59963468378
417.2|1.0|0.8|0.0|-164861.88927849746|-164860.76677015028|-164859.61903689642|-164858.4586911892|-164857.24789566864
417.4|1.0|0.8|0.0|-164726.24024702518|-164725.49611227817|-164724.7015277178|-164723.9321680641|-164723.0997461437
417.6|1.0|0.8|0.0|-164850.0777291256|-164849.38404419192|-164848.62729699156|-164847.89577469788|-164847.10119013753
417.8|1.0|0.8|0.0|-164648.75774892507|-164647.48389113782|-164646.15958353717|-164644.86050084326|-164643.49835588262
418.0|1.0|0.8|0.0|-164364.2165185508|-164363.30842191036|-164362.3498754566|-164361.41655390948|-164360.40755764235
418.2|1.0|0.8|0.0|-164563.8981534516|-164562.80087001107|-164561.66574921057|-164560.54324086336|-164559.35767024948
418.4|1.0|0.8|0.0|-164492.5380898984|-164492.08404157814|-164491.57954344456|-164491.1002702177|-164490.54532227077
418.6|1.0|0.8|0.0|-164321.0919917175|-164319.95687091697|-164318.7460753964|-164317.5605047825|-164316.32448435528
418.8|1.0|0.8|0.0|-164481.2303536958|-164480.61234348218|-164479.93127100184|-164479.28803588156|-164478.58173849454
419.0|1.0|0.8|0.0|-164544.44404987243|-164543.8260396588|-164543.14496717846|-164542.48911960484|-164541.7702097645
419.2|1.0|0.8|0.0|-164505.98929870204|-164505.5857001952|-164505.15687678166|-164504.72805336813|-164504.26139259458
419.4|1.0|0.8|0.0|-164365.3727814713|-164364.62864672428|-164363.84667461723|-164363.07731496356|-164362.27011794984
419.6|1.0|0.8|0.0|-164576.02597714282|-164575.26922994244|-164574.46203292874|-164573.6800608217|-164572.84763890132
419.8|1.0|0.8|0.0|-164486.44742055578|-164486.01859714225|-164485.51409900867|-164485.0474382351|-164484.51771519487
420.0|1.0|0.8|0.0|-164495.8782233389|-164495.17192595193|-164494.41517875154|-164493.68365645787|-164492.90168435086
420.2|1.0|0.8|0.0|-164077.09555010873|-164075.83430477482|-164074.52260962757|-164073.2235269336|-164071.8739944263
420.4|1.0|0.8|0.0|-164156.37437503855|-164155.66807765156|-164154.92394290457|-164154.16719570418|-164153.3599986905
420.6|1.0|0.8|0.0|-164094.62228026055|-164093.71418362015|-164092.75563716632|-164091.82231561924|-164090.8385442588
420.8|1.0|0.8|0.0|-164334.59649426705|-164334.2055082135|-164333.77668479996|-164333.33524893312|-164332.86858815956
421.0|1.0|0.8|0.0|-164268.4233379083|-164267.60352844122|-164266.73326916082|-164265.8630098804|-164264.95491323998
421.2|1.0|0.8|0.0|-164133.64156292603|-164132.935265539|-164132.16590588534|-164131.42177113832|-164130.60196167126
421.4|1.0|0.8|0.0|-164136.75161777064|-164136.02009547697|-164135.2255109166|-164134.46876371626|-164133.62372934254
421.6|1.0|0.8|0.0|-164200.34360750698|-164199.2715489731|-164198.14904062593|-164197.0391447321|-164195.87879902488
421.8|1.0|0.8|0.0|-163931.9913597451|-163931.18416273137|-163930.351740811|-163929.5193188906|-163928.63644715687
422.0|1.0|0.8|0.0|-163791.09044310302|-163789.77874795574|-163788.4418279018|-163787.1175203012|-163785.71753798053
422.2|1.0|0.8|0.0|-163844.33536386333|-163843.7804159164|-163843.16240570278|-163842.5570079425|-163841.90116036884
422.4|1.0|0.8|0.0|-164015.63595340293|-164014.61434468243|-164013.55489860193|-164012.4828400681|-164011.37294417425
422.6|1.0|0.8|0.0|-164052.89542565713|-164051.8612044833|-164050.77653349613|-164049.71708741566|-164048.58196661514
422.8|1.0|0.8|0.0|-164000.69840320406|-164000.4461541373|-164000.11823035046|-163999.81553147032|-163999.4623827768
423.0|1.0|0.8|0.0|-164188.02171690346|-164187.1388451697|-164186.18029871592|-164185.2469771688|-164184.23798090167
423.2|1.0|0.8|0.0|-164292.89727003942|-164291.67386206548|-164290.40000427823|-164289.13875894432|-164287.83967625038
423.4|1.0|0.8|0.0|-164519.3088613549|-164518.65301378127|-164517.94671639425|-164517.24041900726|-164516.50889671358
423.6|1.0|0.8|0.0|-164224.0474419457|-164223.44204418542|-164222.81142151845|-164222.1807988515|-164221.48711391786
423.8|1.0|0.8|0.0|-164234.44780166104|-164233.4766427539|-164232.45503403345|-164231.43342531298|-164230.38659168582
424.0|1.0|0.8|0.0|-164117.80783318004|-164116.57181275278|-164115.27273005882|-164113.99887227156|-164112.66195221763
424.2|1.0|0.8|0.0|-164107.95971102745|-164107.2786385471|-164106.50927889344|-164105.7903690531|-164104.98317203938
424.4|1.0|0.8|0.0|-163767.94149363763|-163767.23519625064|-163766.4532241436|-163765.68386448993|-163764.86405502286
424.6|1.0|0.8|0.0|-164191.28286398386|-164190.32431753006|-164189.3153212629|-164188.3189374491|-164187.27210382195
424.8|1.0|0.8|0.0|-164267.70171876613|-164267.03325873913|-164266.3017364455|-164265.5702141518|-164264.81346695143
425.0|1.0|0.8|0.0|-164396.97986215662|-164396.46275156972|-164395.88257871612|-164395.32763076917|-164394.6970081022
425.2|1.0|0.8|0.0|-164112.95600058252|-164112.1109662088|-164111.2154820217|-164110.33261028797|-164109.39928874085
425.4|1.0|0.8|0.0|-164282.26599242067|-164281.3452833269|-164280.34889951308|-164279.3903530593|-164278.38135679218
425.6|1.0|0.8|0.0|-164267.73644617386|-164266.80312462678|-164265.84457817298|-164264.86080681256|-164263.85181054543
425.8|1.0|0.8|0.0|-164485.09482599818|-164484.40114106453|-164483.64439386418|-164482.9128715705|-164482.13089946346
426.0|1.0|0.8|0.0|-164633.10196593383|-164632.2317066534|-164631.31099755966|-164630.40290091926|-164629.44435446544
426.2|1.0|0.8|0.0|-164690.740877694|-164689.73188142688|-164688.64721043973|-164687.6003768126|-164686.4904809187
426.4|1.0|0.8|0.0|-164596.40785573053|-164594.7303994364|-164593.00249332894|-164591.31242458147|-164589.546681114
426.6|1.0|0.8|0.0|-164232.42663024066|-164231.51853360026|-164230.55998714647|-164229.6014406927|-164228.6050568789
426.8|1.0|0.8|0.0|-164210.3290170763|-164209.45875779592|-164208.51282379546|-164207.60472715506|-164206.63356824793
427.0|1.0|0.8|0.0|-164333.75448545386|-164332.8085514534|-164331.8121676396|-164330.82839627913|-164329.8067875587
427.2|1.0|0.8|0.0|-164341.27218752753|-164340.02355464696|-164338.73708440634|-164337.4632266191|-164336.12630656516
427.4|1.0|0.8|0.0|-164165.51184771513|-164164.4019518213|-164163.26683102074|-164162.13171022022|-164160.94613960633
427.6|1.0|0.8|0.0|-164481.44237104588|-164480.55949931213|-164479.60095285837|-164478.6802437646|-164477.68385995078
427.8|1.0|0.8|0.0|-164615.53797494838|-164614.1506050811|-164612.7127854004|-164611.27496571973|-164609.761471319
428.0|1.0|0.8|0.0|-164546.90267894964|-164545.9819698559|-164544.99819849542|-164544.03965204165|-164543.0054308678
428.2|1.0|0.8|0.0|-164096.71610836254|-164095.6818871887|-164094.57199129486|-164093.48732030767|-164092.35219950715
428.4|1.0|0.8|0.0|-164462.84062810743|-164461.31452125337|-164459.75057703932|-164458.17402037192|-164456.5596263445
428.6|1.0|0.8|0.0|-164316.13627645167|-164314.84980621104|-164313.50027370377|-164312.17596610315|-164310.78859623583
428.8|1.0|0.8|0.0|-164293.33838782972|-164292.15281721583|-164290.90418433523|-164289.68077636135|-164288.39430612075
429.0|1.0|0.8|0.0|-164365.84738207684|-164364.6113616496|-164363.33750386233|-164362.07625852842|-164360.73933847444
429.2|1.0|0.8|0.0|-164100.30949018206|-164099.36355618163|-164098.3545599145|-164097.38340100736|-164096.3617922869
429.4|1.0|0.8|0.0|-164223.61135400808|-164222.99334379446|-164222.31227131415|-164221.65642374053|-164220.9501263535
429.6|1.0|0.8|0.0|-163890.68376043715|-163889.8639509701|-163888.9936916897|-163888.12343240928|-163887.20272331554
429.8|1.0|0.8|0.0|-163909.96902706003|-163908.94741833955|-163907.86274735237|-163906.79068881855|-163905.66818047134
430.0|1.0|0.8|0.0|-163965.07283569904|-163964.49266284544|-163963.84942772513|-163963.2188050582|-163962.53773257785
430.2|1.0|0.8|0.0|-164051.52991056396|-164050.2812776834|-164048.98219498942|-164047.70833720217|-164046.3714171482
430.4|1.0|0.8|0.0|-163926.53181641718|-163925.69939449677|-163924.81652276305|-163923.9714883893|-163923.05077929556
430.6|1.0|0.8|0.0|-163914.8196421225|-163913.8232583087|-163912.78903713488|-163911.78004086774|-163910.69536988056
430.8|1.0|0.8|0.0|-163807.17004881866|-163806.24933972486|-163805.25295591107|-163804.28179700396|-163803.24757583014
431.0|1.0|0.8|0.0|-164108.12841039893|-164107.10680167843|-164106.0347431446|-164104.97529706414|-164103.87801362362
431.2|1.0|0.8|0.0|-164270.64467607753|-164269.78702925047|-164268.8663201567|-164267.9708359696|-164267.01228951584
431.4|1.0|0.8|0.0|-163930.8888773552|-163930.24564223492|-163929.52673239462|-163928.85827236762|-163928.1141376206
431.6|1.0|0.8|0.0|-164296.81430500175|-164296.48638121496|-164296.09539516145|-164295.7296340146|-164295.30081060107
431.8|1.0|0.8|0.0|-164115.89643808917|-164115.24059051552|-164114.5216806752|-164113.8153832882|-164113.05863608787
432.0|1.0|0.8|0.0|-164161.06083490147|-164160.5941741279|-164160.077063541|-164159.59779031412|-164159.04284236717
432.2|1.0|0.8|0.0|-164020.0914439291|-164019.4229839021|-164018.69146160845|-164017.98516422143|-164017.21580456774
432.4|1.0|0.8|0.0|-164141.87667420568|-164140.99380247193|-164140.06048092482|-164139.12715937776|-164138.14338801728
432.6|1.0|0.8|0.0|-163979.03728914313|-163978.10396759602|-163977.12019623557|-163976.13642487512|-163975.10220370127
432.8|1.0|0.8|0.0|-164094.46435067954|-164092.79950683875|-164091.08421318463|-164089.38153198385|-164087.6284009697
433.0|1.0|0.8|0.0|-164240.65487915796|-164239.69633270416|-164238.67472398368|-164237.70356507658|-164236.64411899605
433.2|1.0|0.8|0.0|-164582.52090712904|-164581.52452331525|-164580.46507723475|-164579.43085606094|-164578.32096016707
433.4|1.0|0.8|0.0|-164575.73785717564|-164574.47661184173|-164573.16491669446|-164571.8658340005|-164570.52891394656
433.6|1.0|0.8|0.0|-164317.2077228234|-164316.2744012763|-164315.30324236918|-164314.33208346207|-164313.32308719493
433.8|1.0|0.8|0.0|-164383.02324304957|-164381.93857206238|-164380.8160637152|-164379.69355536802|-164378.53320966082
434.0|1.0|0.8|0.0|-164402.6697924244|-164401.9887199441|-164401.2571976504|-164400.52567535674|-164399.7437032497
434.2|1.0|0.8|0.0|-164387.5910706092|-164387.02351020896|-164386.392887542|-164385.7874897817|-164385.10641730137
434.4|1.0|0.8|0.0|-164459.83181184213|-164459.529112962|-164459.13812690848|-164458.77236576163|-164458.35615480144
434.6|1.0|0.8|0.0|-164346.45798519655|-164345.4363764761|-164344.33909303558|-164343.2796469551|-164342.14452615456
434.8|1.0|0.8|0.0|-164255.8151157997|-164254.84395689258|-164253.80973571877|-164252.7881269983|-164251.7034560111
435.0|1.0|0.8|0.0|-164099.68541473665|-164098.65119356284|-164097.56652257568|-164096.49446404184|-164095.38456814797
435.2|1.0|0.8|0.0|-164059.36108668047|-164058.68001420016|-164057.94849190649|-164057.24219451947|-164056.46022241245
435.4|1.0|0.8|0.0|-164052.85746201096|-164051.7980159305|-164050.6755075833|-164049.57822414278|-164048.41787843558
435.6|1.0|0.8|0.0|-164535.00632826236|-164533.7198580218|-164532.3829379678|-164531.04601791388|-164529.6712604999
435.8|1.0|0.8|0.0|-164219.55604432378|-164218.1434495498|-164216.68040496242|-164215.21736037507|-164213.70386597436
436.0|1.0|0.8|0.0|-164443.29919720293|-164441.94966469562|-164440.5370699216|-164439.13708760098|-164437.71188037362
436.2|1.0|0.8|0.0|-164282.44120935508|-164281.4826629013|-164280.47366663418|-164279.4772828204|-164278.41783673989
436.4|1.0|0.8|0.0|-164299.04775734257|-164297.71083728864|-164296.33607987463|-164294.973934914|-164293.56134014003
436.6|1.0|0.8|0.0|-164233.91704829887|-164232.8576022184|-164231.73509387122|-164230.6378104307|-164229.4774647235
436.8|1.0|0.8|0.0|-164173.1560681724|-164172.38670851872|-164171.55428659834|-164170.73447713128|-164169.85160539756
437.0|1.0|0.8|0.0|-163956.8274899911|-163955.76804391062|-163954.6329231101|-163953.53563966957|-163952.36268150905
437.2|1.0|0.8|0.0|-164198.76958730302|-164197.91194047595|-164197.00384383556|-164196.10835964847|-164195.162425648
437.4|1.0|0.8|0.0|-164314.96811991718|-164313.95912365004|-164312.89967756957|-164311.8528439424|-164310.7555605019
437.6|1.0|0.8|0.0|-164276.1411377293|-164275.43484034235|-164274.66548068865|-164273.92134594164|-164273.1141489279
437.8|1.0|0.8|0.0|-164075.94267104904|-164074.68142571513|-164073.34450566114|-164072.04542296723|-164070.67066555322
438.0|1.0|0.8|0.0|-163894.197218431|-163893.41524632394|-163892.55759949688|-163891.7504024832|-163890.84230584273
438.2|1.0|0.8|0.0|-164084.26905686996|-164083.48708476295|-164082.6420503892|-164081.82224092216|-164080.9393691884
438.4|1.0|0.8|0.0|-164077.27068157637|-164076.14817322916|-164074.9626026153|-164073.7770320014|-164072.5536240275
438.6|1.0|0.8|0.0|-164124.51693178507|-164123.659284958|-164122.73857586423|-164121.8557041305|-164120.8971576767
438.8|1.0|0.8|0.0|-164153.031621091|-164151.9973999172|-164150.92534138335|-164149.84067039617|-164148.718162049
439.0|1.0|0.8|0.0|-164019.60276601487|-164018.48025766766|-164017.31991196045|-164016.1469537999|-164014.93615827934
439.2|1.0|0.8|0.0|-163951.66192991176|-163950.55203401786|-163949.39168831066|-163948.23134260345|-163947.03315953622
439.4|1.0|0.8|0.0|-163874.50957403594|-163873.38706568876|-163872.22671998155|-163871.091599181|-163869.88080366043
439.6|1.0|0.8|0.0|-164530.39498503497|-164529.31031404782|-164528.17519324727|-164527.06529735343|-164525.87972673954
439.8|1.0|0.8|0.0|-164367.37002076235|-164366.34841204184|-164365.27635350803|-164364.20429497416|-164363.09439908032
440.0|1.0|0.8|0.0|-164189.95352486233|-164189.22200256863|-164188.4400304616|-164187.68328326126|-164186.85086134088
440.2|1.0|0.8|0.0|-164203.80199862877|-164202.95696425505|-164202.03625516128|-164201.15338342753|-164200.22006188042
440.4|1.0|0.8|0.0|-164355.21702426783|-164354.24586536072|-164353.23686909358|-164352.2404852798|-164351.19365165263
440.6|1.0|0.8|0.0|-164463.9224367388|-164462.88821556495|-164461.7783196711|-164460.69364868393|-164459.5585278834
440.8|1.0|0.8|0.0|-164663.8310712701|-164662.72117537627|-164661.53560476238|-164660.36264660183|-164659.1644635346
441.0|1.0|0.8|0.0|-164741.9273823465|-164741.46072157298|-164740.94361098608|-164740.45172530584|-164739.87155245224
441.2|1.0|0.8|0.0|-164176.4618260391|-164175.22580561187|-164173.93933537125|-164172.65286513066|-164171.31594507673
441.4|1.0|0.8|0.0|-164523.05204380065|-164521.7907984667|-164520.49171577278|-164519.19263307887|-164517.83048811823
441.6|1.0|0.8|0.0|-164992.49484297453|-164991.68764596083|-164990.8047742271|-164989.93451494668|-164989.02641830628
441.8|1.0|0.8|0.0|-164139.28083483456|-164138.30967592745|-164137.27545475363|-164136.2664584865|-164135.19439995266
442.0|1.0|0.8|0.0|-164490.23496145147|-164488.9989410242|-164487.71247078365|-164486.4512254497|-164485.13953030243
442.2|1.0|0.8|0.0|-164633.50095948085|-164632.50457566703|-164631.44512958656|-164630.41090841277|-164629.3262374256
442.4|1.0|0.8|0.0|-164245.95095850533|-164244.9797995982|-164243.98341578437|-164242.99964442395|-164241.94019834342
442.6|1.0|0.8|0.0|-164485.8330652724|-164485.0258682587|-164484.14299652496|-164483.2853496979|-164482.37725305746
442.8|1.0|0.8|0.0|-164466.00628862318|-164464.9846799027|-164463.91262136886|-164462.878400195|-164461.76850430117
443.0|1.0|0.8|0.0|-164219.91209906846|-164218.82742808128|-164217.69230728075|-164216.56979893355|-164215.40945322637
443.2|1.0|0.8|0.0|-164504.4915075191|-164503.41944898528|-164502.30955309144|-164501.21226965092|-164500.06453639705
443.4|1.0|0.8|0.0|-164505.9719804403|-164505.1269460666|-164504.24407433282|-164503.3990399591|-164502.465718412
443.6|1.0|0.8|0.0|-164553.38802718185|-164552.75740451488|-164552.06371958123|-164551.3952595543|-164550.67634971393
443.8|1.0|0.8|0.0|-163911.06195434518|-163910.2925946915|-163909.47278522444|-163908.67820066406|-163907.82055383702
444.0|1.0|0.8|0.0|-164365.22378663687|-164363.6850673295|-164362.13373556876|-164360.5697913547|-164358.96800978063
444.2|1.0|0.8|0.0|-163999.0865621067|-163997.82531677277|-163996.52623407883|-163995.2271513849|-163993.86500642428
444.4|1.0|0.8|0.0|-164240.15719859267|-164238.66892909864|-164237.13020979127|-164235.61671539056|-164234.0527711765
444.6|1.0|0.8|0.0|-164691.3884069508|-164690.44247295035|-164689.4587015899|-164688.4875426828|-164687.45332150898
444.8|1.0|0.8|0.0|-164357.68890960573|-164356.38982691176|-164355.02768195115|-164353.6907618972|-164352.3033920299
445.0|1.0|0.8|0.0|-164338.43093249228|-164337.38409886512|-164336.28681542462|-164335.22736934412|-164334.07963609026
445.2|1.0|0.8|0.0|-164527.43527655234|-164526.43889273854|-164525.3668342047|-164524.32000057754|-164523.2101046837
445.4|1.0|0.8|0.0|-164557.0871543528|-164556.04032072565|-164554.9304248318|-164553.8331413913|-164552.7106330441
445.6|1.0|0.8|0.0|-164673.63613899203|-164672.42534347146|-164671.1767105909|-164669.94069016367|-164668.65421992305
445.8|1.0|0.8|0.0|-164557.1184366949|-164556.03376570772|-164554.88603245388|-164553.75091165333|-164552.5527285861
446.0|1.0|0.8|0.0|-164684.3220727393|-164683.11127721873|-164681.8248069781|-164680.5635616442|-164679.25186649692
446.2|1.0|0.8|0.0|-164413.56036737212|-164412.47569638496|-164411.31535067776|-164410.15500497055|-164408.96943435667
446.4|1.0|0.8|0.0|-164653.15684088247|-164651.8451457352|-164650.47038832124|-164649.12085581393|-164647.70826103995
446.6|1.0|0.8|0.0|-164691.6149006167|-164690.40410509612|-164689.16808466887|-164687.93206424164|-164686.63298154768
446.8|1.0|0.8|0.0|-164631.47523058645|-164630.5545214927|-164629.58336258557|-164628.61220367847|-164627.590594958
447.0|1.0|0.8|0.0|-164770.41025021762|-164769.42647885717|-164768.36703277667|-164767.34542405617|-164766.24814061567
447.2|1.0|0.8|0.0|-164676.072194488|-164674.96229859415|-164673.77672798026|-164672.61638227306|-164671.4055867525
447.4|1.0|0.8|0.0|-164688.89061700032|-164688.28521924003|-164687.61675921307|-164686.9609116394|-164686.24200179908
447.6|1.0|0.8|0.0|-164884.6283459185|-164883.8337613581|-164882.97611453102|-164882.14369261064|-164881.2355959702
447.8|1.0|0.8|0.0|-164717.23333200003|-164716.19911082622|-164715.1018273857|-164714.04238130522|-164712.90726050467
448.0|1.0|0.8|0.0|-164762.62175226287|-164761.68843071576|-164760.69204690197|-164759.7335004482|-164758.69927927435
448.2|1.0|0.8|0.0|-164425.44454644702|-164424.58689961996|-164423.6788029795|-164422.75809388576|-164421.78693497862
448.4|1.0|0.8|0.0|-164274.51610867528|-164273.7845863816|-164272.9773893679|-164272.20802971418|-164271.38822024714
448.6|1.0|0.8|0.0|-164287.9565254595|-164286.73311748562|-164285.446647245|-164284.1854019111|-164282.88631921716
448.8|1.0|0.8|0.0|-164304.55451405395|-164303.1671441866|-164301.70409959927|-164300.27889237192|-164298.7906228779
449.0|1.0|0.8|0.0|-164627.03421697614|-164625.82342145557|-164624.536951215|-164623.2883183344|-164621.97662318713
449.2|1.0|0.8|0.0|-164565.0224671275|-164564.20265766044|-164563.30717347335|-164562.4495266463|-164561.5162050992
449.4|1.0|0.8|0.0|-164624.9820703021|-164624.4018974485|-164623.77127478155|-164623.16587702124|-164622.4974169943
449.6|1.0|0.8|0.0|-164569.36115107618|-164568.49089179578|-164567.58279515535|-164566.68731096826|-164565.7287645145
449.8|1.0|0.8|0.0|-164610.3375831621|-164609.5051612417|-164608.59706460126|-164607.7394177742|-164606.8060962271
450.0|1.0|0.8|0.0|-164519.12779995057|-164517.74043008324|-164516.30261040258|-164514.8900156286|-164513.40174613456
450.2|1.0|0.8|0.0|-164493.75154383207|-164492.6668728449|-164491.50652713768|-164490.3714063372|-164489.18583572327
450.4|1.0|0.8|0.0|-163844.59296862892|-163843.50829764176|-163842.42362665458|-163841.31373076074|-163840.16599750685
450.6|1.0|0.8|0.0|-164550.24062052782|-164549.24423671403|-164548.19740308687|-164547.1757943664|-164546.0911233792
450.8|1.0|0.8|0.0|-164420.42881745327|-164419.0918973993|-164417.69191507867|-164416.31715766471|-164414.86672553068
451.0|1.0|0.8|0.0|-164442.55516342513|-164441.78580377146|-164440.97860675774|-164440.17140974404|-164439.3011504636
451.2|1.0|0.8|0.0|-163922.7687403634|-163921.86064372296|-163920.9020972692|-163919.94355081543|-163918.9471670016
451.4|1.0|0.8|0.0|-164256.6853204186|-164255.9159607649|-164255.05831393783|-164254.25111692413|-164253.3682451904
451.6|1.0|0.8|0.0|-164122.0256471412|-164121.1175505008|-164120.1463915937|-164119.2130700466|-164118.20407377946
451.8|1.0|0.8|0.0|-164240.99093661233|-164240.05761506525|-164239.06123125143|-164238.07745989098|-164237.04323871716
452.0|1.0|0.8|0.0|-164406.00131135547|-164405.0427649017|-164404.02115618123|-164403.02477236744|-164401.96532628697
452.2|1.0|0.8|0.0|-164518.53510646912|-164517.72790945545|-164516.84503772168|-164515.97477844128|-164515.0540693475
452.4|1.0|0.8|0.0|-164148.94507152677|-164147.6333763795|-164146.2460065122|-164144.8964740049|-164143.47126677755
452.6|1.0|0.8|0.0|-164409.5688073283|-164408.32017444767|-164407.02109175373|-164405.73462151314|-164404.39770145918
452.8|1.0|0.8|0.0|-164303.32150039874|-164301.9593554381|-164300.52153575743|-164299.10894098345|-164297.63328394276
453.0|1.0|0.8|0.0|-164236.10745100264|-164235.60295286909|-164235.0353924688|-164234.50566942856|-164233.90027166827
453.2|1.0|0.8|0.0|-164392.82303642973|-164391.978002056|-164391.05729296227|-164390.17442122853|-164389.21587477473
453.4|1.0|0.8|0.0|-164600.94112898008|-164599.64204628614|-164598.30512623218|-164596.96820617825|-164595.56822385758
453.6|1.0|0.8|0.0|-164423.74222415328|-164422.70800297946|-164421.6233319923|-164420.56388591178|-164419.4413775646
453.8|1.0|0.8|0.0|-164457.54283207183|-164456.88698449818|-164456.20591201785|-164455.5122270842|-164454.76809233718
454.0|1.0|0.8|0.0|-164449.33804360844|-164448.37949715467|-164447.37050088754|-164446.3615046204|-164445.31467099325
454.2|1.0|0.8|0.0|-164252.51173817017|-164251.71715360982|-164250.85950678273|-164250.014472409|-164249.13160067526
454.4|1.0|0.8|0.0|-164219.7069963085|-164218.58448796129|-164217.42414225408|-164216.27640900022|-164215.07822593302
454.6|1.0|0.8|0.0|-164082.76446282765|-164081.66717938715|-164080.50683367992|-164079.3464879727|-164078.1483049055
454.8|1.0|0.8|0.0|-164004.34022796442|-164003.17988225722|-164001.98169919|-164000.77090366944|-163999.52227078885
455.0|1.0|0.8|0.0|-164218.08347470406|-164217.04925353025|-164215.93935763638|-164214.84207419588|-164213.7195658487
455.2|1.0|0.8|0.0|-164028.58225986658|-164027.8507375729|-164027.06876546593|-164026.31201826554|-164025.47959634516
455.4|1.0|0.8|0.0|-164131.4412924262|-164130.39445879904|-164129.27195045186|-164128.18727946468|-164127.02693375747
455.6|1.0|0.8|0.0|-164337.4986925942|-164337.15815635404|-164336.76717030053|-164336.38879670037|-164335.97258574018
455.8|1.0|0.8|0.0|-164049.3578257295|-164048.86594004926|-164048.32360455568|-164047.79388151545|-164047.1884837552
456.0|1.0|0.8|0.0|-164450.51975056477|-164449.75039091107|-164448.94319389737|-164448.16122179033|-164447.30357496327
456.2|1.0|0.8|0.0|-164253.38435119815|-164251.78256962408|-164250.1177257833|-164248.47810684922|-164246.78803810175
456.4|1.0|0.8|0.0|-164059.3949218536|-164058.51205011984|-164057.57872857273|-164056.6454070256|-164055.68686057185
456.6|1.0|0.8|0.0|-164310.15155742856|-164309.44526004157|-164308.66328793453|-164307.9065407342|-164307.0741188138
456.8|1.0|0.8|0.0|-164430.34823775126|-164429.76806489765|-164429.15005468405|-164428.55726937708|-164427.88880935012
457.0|1.0|0.8|0.0|-164425.79474255873|-164425.25240706516|-164424.64700930487|-164424.06683645127|-164423.42360133096
457.2|1.0|0.8|0.0|-164170.329500173|-164169.56014051932|-164168.7277185989|-164167.89529667853|-164167.03764985147
457.4|1.0|0.8|0.0|-163952.23555014492|-163951.04997953103|-163949.8139591038|-163948.60316358323|-163947.31669334264
457.6|1.0|0.8|0.0|-164404.41288352993|-164403.32821254275|-164402.1804792889|-164401.04535848837|-164399.84717542114
457.8|1.0|0.8|0.0|-164330.538495476|-164329.81958563568|-164329.02500107532|-164328.25564142162|-164327.4484444079
458.0|1.0|0.8|0.0|-164217.1510556356|-164216.46998315526|-164215.73846086158|-164215.0069385679|-164214.22496646087
458.2|1.0|0.8|0.0|-164092.64816189784|-164091.19772976384|-164089.68423536315|-164088.17074096244|-164086.6194092017
458.4|1.0|0.8|0.0|-164301.0798099951|-164300.146488448|-164299.12487972755|-164298.16633327378|-164297.1321120999
458.6|1.0|0.8|0.0|-164265.69107914515|-164264.9091070381|-164264.0766851177|-164263.24426319732|-164262.36139146358
458.8|1.0|0.8|0.0|-164216.8544985711|-164215.89595211734|-164214.91218075686|-164213.9284093964|-164212.88157576925
459.0|1.0|0.8|0.0|-164054.43132446875|-164053.85115161515|-164053.22052894818|-164052.61513118786|-164051.93405870756
459.2|1.0|0.8|0.0|-164016.51878944397|-164015.39628109676|-164014.2107104829|-164013.03775232233|-164011.82695680176
459.4|1.0|0.8|0.0|-164245.3322442902|-164245.02954541007|-164244.67639671656|-164244.32324802308|-164243.9448744229
459.6|1.0|0.8|0.0|-164075.2277798624|-164074.57193228876|-164073.85302244846|-164073.14672506144|-164072.40259031442
459.8|1.0|0.8|0.0|-164126.91807041736|-164125.80817452352|-164124.62260390964|-164123.47487065577|-164122.27668758854
460.0|1.0|0.8|0.0|-164172.19169081777|-164171.49800588412|-164170.7664835904|-164170.03496129674|-164169.26560164304
460.2|1.0|0.8|0.0|-164270.66480516188|-164270.1224696683|-164269.51707190802|-164268.93689905442|-164268.2936639341
460.4|1.0|0.8|0.0|-164150.16719921533|-164148.81766670803|-164147.41768438736|-164146.03031452006|-164144.60510729274
460.6|1.0|0.8|0.0|-164155.55271679116|-164154.6950699641|-164153.8248106837|-164152.94193894992|-164152.00861740287
460.8|1.0|0.8|0.0|-163954.2610715951|-163953.73134855487|-163953.15117570126|-163952.583615301|-163951.96560508735
461.0|1.0|0.8|0.0|-164421.09572662818|-164420.5912284946|-164420.03628054768|-164419.48133260076|-164418.87593484047
461.2|1.0|0.8|0.0|-164212.85767000617|-164212.18920997917|-164211.4450752322|-164210.7135529385|-164209.93158083147
461.4|1.0|0.8|0.0|-164264.75422121302|-164263.8713494793|-164262.95064038553|-164262.0299312918|-164261.0461599313
461.6|1.0|0.8|0.0|-164263.4911746341|-164262.65875271373|-164261.76326852664|-164260.8803967929|-164259.9470752458
461.8|1.0|0.8|0.0|-164062.2342567003|-164061.69192120672|-164061.0739109931|-164060.49373813948|-164059.83789056586
462.0|1.0|0.8|0.0|-163881.99932721205|-163881.26780491837|-163880.48583281133|-163879.7038607043|-163878.8714387839
462.2|1.0|0.8|0.0|-164293.39083624695|-164292.45751469984|-164291.46113088605|-164290.50258443225|-164289.49358816512
462.4|1.0|0.8|0.0|-164209.9009865421|-164209.01811480836|-164208.0595683546|-164207.1514717142|-164206.14247544706
462.6|1.0|0.8|0.0|-163998.01177044335|-163997.01538662956|-163995.96855300243|-163994.94694428192|-163993.86227329477
462.8|1.0|0.8|0.0|-164373.05446863285|-164371.85628556562|-164370.5950402317|-164369.35901980448|-164368.08516201723
463.0|1.0|0.8|0.0|-164540.40911199086|-164539.63975233716|-164538.79471796344|-164537.98752094974|-164537.104649216
463.2|1.0|0.8|0.0|-164338.56312163008|-164337.81898688307|-164336.999177416|-164336.20459285565|-164335.3469460286
463.4|1.0|0.8|0.0|-164328.63852796098|-164327.67998150722|-164326.67098524005|-164325.67460142626|-164324.61515534576
463.6|1.0|0.8|0.0|-164269.6289864053|-164268.6956648582|-164267.71189349776|-164266.75334704397|-164265.71912587015
463.8|1.0|0.8|0.0|-164165.17264784998|-164164.39067574294|-164163.55825382256|-164162.72583190215|-164161.8429601684
464.0|1.0|0.8|0.0|-164337.56269046868|-164336.23838286803|-164334.85101300073|-164333.47625558675|-164332.06366081277
464.2|1.0|0.8|0.0|-164480.19720608825|-164479.02424792774|-164477.78822750048|-164476.56481952657|-164475.31618664597
464.4|1.0|0.8|0.0|-164437.39049345767|-164436.12924812376|-164434.81755297648|-164433.5058578292|-164432.14371286856
464.6|1.0|0.8|0.0|-164305.60220903176|-164304.51753804457|-164303.38241724402|-164302.2472964435|-164301.07433828298
464.8|1.0|0.8|0.0|-164236.66329996657|-164235.2885425526|-164233.86333532527|-164232.4633530046|-164231.00030841725
465.0|1.0|0.8|0.0|-164491.59881931203|-164490.3627988848|-164489.05110373753|-164487.7646334969|-164486.42771344297
465.2|1.0|0.8|0.0|-164178.8350386545|-164177.4855061472|-164176.07291137322|-164174.69815395924|-164173.24772182526
465.4|1.0|0.8|0.0|-164633.04100396897|-164632.0320077018|-164630.94733671466|-164629.88789063413|-164628.76538228695
465.6|1.0|0.8|0.0|-164196.2286605161|-164194.5638166753|-164192.84852302115|-164191.14584182037|-164189.39271080622
465.8|1.0|0.8|0.0|-164499.8734746576|-164498.92754065714|-164497.95638175003|-164496.97261038958|-164495.9510016691
466.0|1.0|0.8|0.0|-164620.44860110755|-164619.7675286272|-164619.03600633354|-164618.3170964932|-164617.52251193282
466.2|1.0|0.8|0.0|-164650.11309136136|-164648.34734789387|-164646.50592970633|-164644.6897364255|-164642.82309333127
466.4|1.0|0.8|0.0|-164327.56328888575|-164326.4533929919|-164325.30565973805|-164324.18315139087|-164322.9723558703
466.6|1.0|0.8|0.0|-164370.44277724976|-164369.57251796935|-164368.63919642227|-164367.7184873285|-164366.7473284214
466.8|1.0|0.8|0.0|-164427.52066107703|-164426.66301425|-164425.7675300629|-164424.87204587582|-164423.92611187536
467.0|1.0|0.8|0.0|-164294.57595195677|-164293.41560624956|-164292.17958582233|-164290.9814027551|-164289.7327698745
467.2|1.0|0.8|0.0|-164400.11782277477|-164399.56287482782|-164398.91963970754|-164398.3142419473|-164397.6457819203
467.4|1.0|0.8|0.0|-164353.0962541856|-164352.08725791844|-164350.98997447797|-164349.9431408508|-164348.83324495694
467.6|1.0|0.8|0.0|-164312.55581352586|-164311.42069272537|-164310.2098972048|-164309.03693904422|-164307.78830616368
467.8|1.0|0.8|0.0|-164347.4931045099|-164346.1561844559|-164344.74358968195|-164343.3562198146|-164341.91840013396
468.0|1.0|0.8|0.0|-164353.57852706726|-164352.22899455996|-164350.8290122393|-164349.42902991865|-164347.97859778465
468.2|1.0|0.8|0.0|-164407.36273427182|-164406.44202517805|-164405.43302891092|-164404.44925755044|-164403.41503637665
468.4|1.0|0.8|0.0|-164381.33550060092|-164380.2634420671|-164379.15354617324|-164378.0436502794|-164376.8833045722
468.6|1.0|0.8|0.0|-164454.86792043922|-164454.01027361216|-164453.10217697173|-164452.20669278465|-164451.2607587842
468.8|1.0|0.8|0.0|-164567.73725507688|-164566.7408712631|-164565.6814251826|-164564.64720400877|-164563.54992056824
469.0|1.0|0.8|0.0|-164599.53797463106|-164598.81906479073|-164598.02448023035|-164597.26773303002|-164596.4353111096
469.2|1.0|0.8|0.0|-164472.25592915632|-164471.46134459594|-164470.61631022222|-164469.78388830184|-164468.9010165681
469.4|1.0|0.8|0.0|-164295.42933334055|-164294.6347487802|-164293.78971440648|-164292.98251739278|-164292.099645659
469.6|1.0|0.8|0.0|-163957.92527322716|-163956.99195168004|-163955.9829554129|-163955.0117965058|-163953.9901877853
469.8|1.0|0.8|0.0|-164508.87507244397|-164507.42464030994|-164505.92375836257|-164504.44810132188|-164502.88415710782
470.0|1.0|0.8|0.0|-164151.0240441021|-164149.72496140818|-164148.36281644754|-164147.06373375357|-164145.67636388628
470.2|1.0|0.8|0.0|-164265.45683324878|-164264.05685092811|-164262.61903124745|-164261.18121156676|-164259.6803296194
470.4|1.0|0.8|0.0|-164459.42219112904|-164458.28707032852|-164457.07627480794|-164455.89070419408|-164454.65468376683
470.6|1.0|0.8|0.0|-164536.5595081235|-164535.71447374977|-164534.8189895627|-164533.94873028228|-164533.02802118854
470.8|1.0|0.8|0.0|-164568.31624279608|-164567.30724652894|-164566.24780044844|-164565.21357927463|-164564.12890828744
471.0|1.0|0.8|0.0|-164248.02246430682|-164247.12698011973|-164246.16843366597|-164245.23511211883|-164244.22611585172
471.2|1.0|0.8|0.0|-164394.60744897323|-164393.67412742611|-164392.66513115898|-164391.69397225187|-164390.65975107806
471.4|1.0|0.8|0.0|-164095.86221390523|-164095.13069161156|-164094.3739444112|-164093.61719721084|-164092.81000019715
471.6|1.0|0.8|0.0|-164269.97713225306|-164269.30867222606|-164268.57714993242|-164267.89607745208|-164267.12671779838
471.8|1.0|0.8|0.0|-164517.51691855423|-164516.72233399388|-164515.8394622601|-164515.00704033973|-164514.0989436993
472.0|1.0|0.8|0.0|-164475.80191037414|-164474.7803016537|-164473.70824311982|-164472.67402194603|-164471.5767385055
472.2|1.0|0.8|0.0|-164508.02429136005|-164507.2675441597|-164506.42250978597|-164505.6279252256|-164504.77027839853
472.4|1.0|0.8|0.0|-164584.5124629851|-164583.54130407795|-164582.53230781082|-164581.54853645037|-164580.48909036987
472.6|1.0|0.8|0.0|-164404.64626591458|-164403.05709679384|-164401.4048654064|-164399.77785892563|-164398.0877901782
472.8|1.0|0.8|0.0|-164389.22670008155|-164388.33121589446|-164387.385281894|-164386.43934789358|-164385.46818898647
473.0|1.0|0.8|0.0|-164375.34038895505|-164373.9656315411|-164372.52781186043|-164371.11521708645|-164369.63956004576
473.2|1.0|0.8|0.0|-164314.3339521533|-164313.47630532624|-164312.55559623247|-164311.6601120454|-164310.71417804496
473.4|1.0|0.8|0.0|-164142.37146606704|-164141.67778113336|-164140.9462588397|-164140.22734899935|-164139.470601799
473.6|1.0|0.8|0.0|-164271.21506351285|-164269.92859327226|-164268.5664483116|-164267.22952825768|-164265.84215839035
473.8|1.0|0.8|0.0|-164380.69488473606|-164379.7363382823|-164378.72734201513|-164377.7435706547|-164376.69673702755
474.0|1.0|0.8|0.0|-164083.04098593065|-164082.12027683688|-164081.16173038312|-164080.190571476|-164079.18157520887
474.2|1.0|0.8|0.0|-164336.82320991502|-164335.8898883679|-164334.93134191414|-164333.97279546037|-164332.97641164658
474.4|1.0|0.8|0.0|-164162.75023181422|-164161.8169102671|-164160.85836381334|-164159.89981735955|-164158.87820863907
474.6|1.0|0.8|0.0|-164072.89550412833|-164071.86128295452|-164070.75138706068|-164069.6667160735|-164068.53159527297
474.8|1.0|0.8|0.0|-164035.51435049798|-164034.75760329762|-164033.96301873727|-164033.19365908357|-164032.36123716316
475.0|1.0|0.8|0.0|-164100.0144368747|-164099.63606327455|-164099.1820149543|-164098.76580399412|-164098.2739183139
475.2|1.0|0.8|0.0|-164286.30037269488|-164286.06073608142|-164285.77064965465|-164285.49317568116|-164285.16525189433
475.4|1.0|0.8|0.0|-164435.4397957016|-164434.58214887453|-164433.6362148741|-164432.71550578033|-164431.75695932654
475.6|1.0|0.8|0.0|-164325.68448931273|-164324.95296701905|-164324.170994912|-164323.40163525834|-164322.58182579128
475.8|1.0|0.8|0.0|-164107.21104152806|-164106.2524950743|-164105.21827390048|-164104.2218900867|-164103.1624440062
476.0|1.0|0.8|0.0|-164380.53779960927|-164379.5161908888|-164378.44413235498|-164377.37207382114|-164376.26217792727
476.2|1.0|0.8|0.0|-164104.35734359545|-164103.61320884843|-164102.78078692802|-164101.99881482104|-164101.14116799395
476.4|1.0|0.8|0.0|-164035.01733124015|-164034.008334973|-164032.92366398583|-164031.86421790533|-164030.76693446483
476.6|1.0|0.8|0.0|-164072.74728340207|-164071.66261241492|-164070.51487916103|-164069.4049832672|-164068.20680019996
476.8|1.0|0.8|0.0|-164127.32504314487|-164126.44217141115|-164125.50884986404|-164124.6007532236|-164123.61698186316
477.0|1.0|0.8|0.0|-164040.75991276815|-164039.62479196762|-164038.43922135374|-164037.27887564653|-164036.06808012596
477.2|1.0|0.8|0.0|-164011.73665284133|-164010.82855620093|-164009.8952346538|-164008.9619131067|-164007.9907541996
477.4|1.0|0.8|0.0|-163963.66418343116|-163962.73086188405|-163961.7470905236|-163960.7507067098|-163959.716485536
477.6|1.0|0.8|0.0|-163612.64070552716|-163611.48035981995|-163610.26956429938|-163609.07138123215|-163607.82274835158
477.8|1.0|0.8|0.0|-163823.04192218737|-163822.1716629069|-163821.21311645315|-163820.30501981275|-163819.32124845227
478.0|1.0|0.8|0.0|-164126.00437319223|-164124.81880257835|-164123.58278215112|-164122.35937417723|-164121.08551638995
478.2|1.0|0.8|0.0|-164086.50216933383|-164085.66974741346|-164084.8121005864|-164083.9544537593|-164083.03374466556
478.4|1.0|0.8|0.0|-163892.48848808123|-163891.65606616082|-163890.74796952042|-163889.86509778668|-163888.9317762396
478.6|1.0|0.8|0.0|-163992.01545260573|-163991.11996841864|-163990.16142196488|-163989.2028755111|-163988.19387924395
478.8|1.0|0.8|0.0|-164095.7753075939|-164094.64018679335|-164093.44200372612|-164092.2816580189|-164091.04563759168
479.0|1.0|0.8|0.0|-164068.44724653912|-164067.40041291196|-164066.2905170181|-164065.20584603093|-164064.07072523038
479.2|1.0|0.8|0.0|-163966.95483451846|-163965.95845070467|-163964.9116170775|-163963.86478345035|-163962.78011246317
479.4|1.0|0.8|0.0|-164143.09186667157|-164141.95674587105|-164140.77117525716|-164139.59821709662|-164138.37480912273
479.6|1.0|0.8|0.0|-163859.98997947946|-163858.6782843322|-163857.29091446486|-163855.92876950424|-163854.52878718358
479.8|1.0|0.8|0.0|-163705.08382756726|-163703.84780714|-163702.5613368994|-163701.28747911216|-163699.9631715115
480.0|1.0|0.8|0.0|-163905.39277804593|-163904.2954946054|-163903.14776135157|-163902.02525300437|-163900.85229484382
480.2|1.0|0.8|0.0|-163708.95293978203|-163707.9439435149|-163706.87188498108|-163705.81243890058|-163704.68993055337
480.4|1.0|0.8|0.0|-163834.63857893355|-163833.55390794636|-163832.43139959918|-163831.30889125197|-163830.14854554477
480.6|1.0|0.8|0.0|-164052.29593618072|-164051.32477727358|-164050.29055609976|-164049.25633492594|-164048.1842763921
480.8|1.0|0.8|0.0|-164082.95847269826|-164081.5206530176|-164080.01977107022|-164078.55672648287|-164077.0180071755
481.0|1.0|0.8|0.0|-163958.66274504032|-163957.12402573295|-163955.50963170553|-163953.94568749145|-163952.30606855737
481.2|1.0|0.8|0.0|-164057.99375979026|-164056.89647634974|-164055.73613064253|-164054.61362229535|-164053.41543922812
481.4|1.0|0.8|0.0|-164102.76255159077|-164101.2616696434|-164099.69772542937|-164098.1463936686|-164096.55722454787
481.6|1.0|0.8|0.0|-164212.5539579086|-164211.15397558795|-164209.6909310006|-164208.26572377328|-164206.7648418259
481.8|1.0|0.8|0.0|-164321.9198430472|-164320.7973347|-164319.6369889928|-164318.46403083229|-164317.2532353117
482.0|1.0|0.8|0.0|-163779.7861487145|-163778.613190554|-163777.3645576734|-163776.15376215283|-163774.8672919122
482.2|1.0|0.8|0.0|-164086.12700920418|-164085.21891256375|-164084.2477536566|-164083.28920720285|-164082.2675984824
482.4|1.0|0.8|0.0|-164048.152630976|-164046.79048601538|-164045.37789124137|-164043.99052137407|-164042.54008924004
482.6|1.0|0.8|0.0|-164163.4574097245|-164162.4610259107|-164161.4015798302|-164160.3673586564|-164159.2700752159
482.8|1.0|0.8|0.0|-164152.39485108174|-164151.1209932945|-164149.79668569387|-164148.4849905466|-164147.1354580393
483.0|1.0|0.8|0.0|-164462.55315257414|-164461.0522706268|-164459.4757139594|-164457.92438219866|-164456.30998817124
483.2|1.0|0.8|0.0|-164493.15442507865|-164492.32200315825|-164491.43913142453|-164490.55625969078|-164489.62293814367
483.4|1.0|0.8|0.0|-164335.96718593722|-164335.0590892968|-164334.100542843|-164333.1672212959|-164332.15822502878
483.6|1.0|0.8|0.0|-164128.0635488164|-164127.0041027359|-164125.85636948203|-164124.73386113482|-164123.57351542762
483.8|1.0|0.8|0.0|-164157.36188903966|-164156.23938069248|-164155.0538100786|-164153.9060768247|-164152.67005639747
484.0|1.0|0.8|0.0|-164168.63742232494|-164167.4392392577|-164166.19060637712|-164164.94197349652|-164163.6428908026
484.2|1.0|0.8|0.0|-163986.71539536014|-163985.8325236264|-163984.89920207928|-163983.97849298554|-163983.0073340784
484.4|1.0|0.8|0.0|-163937.67643913327|-163936.4656436127|-163935.17917337213|-163933.9179280382|-163932.60623289092
484.6|1.0|0.8|0.0|-163870.75476171542|-163869.99801451506|-163869.19081750137|-163868.39623294098|-163867.55119856726
484.8|1.0|0.8|0.0|-164044.5627660331|-164043.16278371247|-164041.69973912512|-164040.27453189777|-164038.76103749705
485.0|1.0|0.8|0.0|-163799.09919914536|-163797.93885343816|-163796.70283301093|-163795.49203749036|-163794.20556724974
485.2|1.0|0.8|0.0|-163789.25899456046|-163788.51485981347|-163787.7202752531|-163786.93830314605|-163786.10588122567
485.4|1.0|0.8|0.0|-163930.05268272478|-163929.10674872433|-163928.08514000385|-163927.08875619003|-163926.02931010956
485.6|1.0|0.8|0.0|-163707.35482999467|-163706.28277146086|-163705.1476506603|-163704.03775476647|-163702.86479660592
485.8|1.0|0.8|0.0|-164127.3102356936|-164126.11205262638|-164124.87603219913|-164123.65262422524|-164122.37876643796
486.0|1.0|0.8|0.0|-163871.16285354708|-163870.19169463994|-163869.15747346616|-163868.148477199|-163867.07641866515
486.2|1.0|0.8|0.0|-163590.26953822043|-163588.70559400637|-163587.07858752564|-163585.47680595153|-163583.81196211075
486.4|1.0|0.8|0.0|-163688.74848190468|-163688.02957206432|-163687.24759995728|-163686.49085275695|-163685.67104328988
486.6|1.0|0.8|0.0|-163418.09700770245|-163417.80692127562|-163417.46638503548|-163417.13846124863|-163416.7727001018
486.8|1.0|0.8|0.0|-163674.41178842183|-163673.54152914142|-163672.6082075943|-163671.71272340722|-163670.74156450015
487.0|1.0|0.8|0.0|-163716.65339624515|-163715.568725258|-163714.4209920041|-163713.27325875024|-163712.1003005897
487.2|1.0|0.8|0.0|-163982.41973663183|-163980.7927301511|-163979.11527385697|-163977.43781756284|-163975.7099114554
487.4|1.0|0.8|0.0|-163791.53175454185|-163790.72455752816|-163789.8669107011|-163789.04710123406|-163788.13900459363
487.6|1.0|0.8|0.0|-163709.64119535737|-163708.7204862636|-163707.7619398098|-163706.81600580938|-163705.80700954224
487.8|1.0|0.8|0.0|-163586.02708488607|-163584.63971501877|-163583.21450779145|-163581.77668811075|-163580.31364352343
488.0|1.0|0.8|0.0|-164209.02666513924|-164208.54739191238|-164208.0176688721|-164207.48794583188|-164206.9203854316
488.2|1.0|0.8|0.0|-164068.92753344728|-164067.86808736678|-164066.78341637962|-164065.69874539244|-164064.5636245919
488.4|1.0|0.8|0.0|-164510.78572842848|-164509.85240688137|-164508.8938604276|-164507.94792642715|-164506.93893016005
488.6|1.0|0.8|0.0|-164573.02352688555|-164572.35506685855|-164571.63615701825|-164570.92985963123|-164570.1731124309
488.8|1.0|0.8|0.0|-164362.19429945658|-164361.33665262948|-164360.42855598908|-164359.52045934866|-164358.5619128949
489.0|1.0|0.8|0.0|-164657.16262740613|-164656.22930585904|-164655.2203095919|-164654.23653823146|-164653.20231705764
489.2|1.0|0.8|0.0|-164739.77419677796|-164738.4877265374|-164737.1381940301|-164735.8264988828|-164734.4391290155
489.4|1.0|0.8|0.0|-164535.35155305604|-164534.20381980218|-164532.98041182826|-164531.79484121437|-164530.53359588046
489.6|1.0|0.8|0.0|-164413.29549882034|-164412.41262708657|-164411.42885572612|-164410.48292172566|-164409.48653791187
489.8|1.0|0.8|0.0|-164293.91862796468|-164293.06098113762|-164292.11504713717|-164291.20695049677|-164290.24840404297
490.0|1.0|0.8|0.0|-164155.4679116472|-164154.21927876666|-164152.90758361938|-164151.60850092542|-164150.25896841811
490.2|1.0|0.8|0.0|-164217.0397020807|-164216.0054809069|-164214.9208099197|-164213.83613893256|-164212.701018132
490.4|1.0|0.8|0.0|-164168.00248349784|-164166.79168797727|-164165.50521773667|-164164.24397240274|-164162.94488970883
490.6|1.0|0.8|0.0|-164184.10894332782|-164182.9107602606|-164181.66212738|-164180.42610695277|-164179.13963671218
490.8|1.0|0.8|0.0|-164026.06729573396|-164025.15919909353|-164024.1880401864|-164023.24210618596|-164022.23310991883
491.0|1.0|0.8|0.0|-164285.69554856795|-164284.9135764609|-164284.08115454053|-164283.26134507346|-164282.3910857931
491.2|1.0|0.8|0.0|-164244.8311997489|-164243.98616537516|-164243.07806873476|-164242.16997209433|-164241.2240380939
491.4|1.0|0.8|0.0|-164131.4380382338|-164129.77319439303|-164128.03267583222|-164126.3173821781|-164124.5516387106
491.6|1.0|0.8|0.0|-164166.85319511592|-164165.8189739421|-164164.73430295495|-164163.6874693278|-164162.56496098058
491.8|1.0|0.8|0.0|-164210.1281005796|-164209.1064918591|-164208.02182087197|-164206.96237479144|-164205.85247889758
492.0|1.0|0.8|0.0|-164066.18306012196|-164064.63172836122|-164063.00472188048|-164061.41555275972|-164059.76332137227
492.2|1.0|0.8|0.0|-164484.18521220764|-164483.31495292723|-164482.38163138015|-164481.4735347397|-164480.51498828593
492.4|1.0|0.8|0.0|-164020.52620255153|-164019.64333081778|-164018.69739681736|-164017.7514628169|-164016.7803039098
492.6|1.0|0.8|0.0|-164025.99209308266|-164024.73084774875|-164023.41915260148|-164022.13268236085|-164020.7957623069
492.8|1.0|0.8|0.0|-164206.61402124327|-164205.20142646928|-164203.71315697525|-164202.2501123879|-164200.72400553385
493.0|1.0|0.8|0.0|-164004.79993033735|-164003.70264689688|-164002.54230118965|-164001.3819554824|-164000.19638486856
493.2|1.0|0.8|0.0|-164233.77817216556|-164232.55476419165|-164231.26829395106|-164230.01966107046|-164228.69535346984
493.4|1.0|0.8|0.0|-164048.84701076473|-164047.82540204423|-164046.72811860373|-164045.68128497657|-164044.5587766294
493.6|1.0|0.8|0.0|-164322.2976116122|-164321.67960139856|-164320.97330401157|-164320.30484398457|-164319.58593414424
493.8|1.0|0.8|0.0|-163959.13065453977|-163958.3739073394|-163957.5667103257|-163956.759513312|-163955.9270913916
494.0|1.0|0.8|0.0|-163960.02206543|-163958.83649481612|-163957.60047438886|-163956.38967886832|-163955.10320862773
494.2|1.0|0.8|0.0|-164244.76636028208|-164244.08528780178|-164243.3537655081|-164242.6474681211|-164241.86549601407
494.4|1.0|0.8|0.0|-164162.30480004344|-164161.78768945657|-164161.22012905628|-164160.66518110936|-164160.08500825576
494.6|1.0|0.8|0.0|-164066.79134814563|-164065.44181563833|-164064.02922086435|-164062.64185099705|-164061.2040313164
494.8|1.0|0.8|0.0|-164263.74417269768|-164261.90275451014|-164260.01088650926|-164258.14424341504|-164256.2271505075
495.0|1.0|0.8|0.0|-164227.77345577424|-164226.613110067|-164225.38970209312|-164224.1915190259|-164222.93027369195
495.2|1.0|0.8|0.0|-164279.49981591915|-164278.49081965204|-164277.43137357154|-164276.39715239772|-164275.28725650389
495.4|1.0|0.8|0.0|-163966.43429642412|-163965.42530015696|-163964.3658540765|-163963.306407996|-163962.22173700883
495.6|1.0|0.8|0.0|-164053.85365352163|-164052.54195837435|-164051.1798134137|-164049.8176684531|-164048.4050736791
495.8|1.0|0.8|0.0|-164011.89202126206|-164010.6181634748|-164009.28124342088|-164007.9695482736|-164006.59479085958
496.0|1.0|0.8|0.0|-163976.91768815243|-163975.7825673519|-163974.60960919136|-163973.44926348416|-163972.25108041693
496.2|1.0|0.8|0.0|-163896.39978603492|-163895.64303883456|-163894.83584182084|-163894.04125726048|-163893.18361043342
496.4|1.0|0.8|0.0|-163609.60466394515|-163608.59566767802|-163607.51099669083|-163606.45155061036|-163605.32904226318
496.6|1.0|0.8|0.0|-163821.49472314815|-163820.76320085448|-163819.95600384075|-163819.1740317337|-163818.32899736
496.8|1.0|0.8|0.0|-163821.70082502885|-163820.7170536684|-163819.64499513456|-163818.58554905406|-163817.48826561356
497.0|1.0|0.8|0.0|-163778.2885736269|-163777.62011359987|-163776.87597885288|-163776.14445655918|-163775.36248445217
497.2|1.0|0.8|0.0|-163981.90402033512|-163981.0968233214|-163980.23917649433|-163979.38152966727|-163978.47343302684
497.4|1.0|0.8|0.0|-163879.9701724476|-163878.92333882043|-163877.8134429266|-163876.74138439275|-163875.58103868554
497.6|1.0|0.8|0.0|-163750.09398747794|-163749.0723787575|-163748.00032022363|-163746.9534865965|-163745.84359070263
497.8|1.0|0.8|0.0|-163879.9265821518|-163879.13199759144|-163878.27435076438|-163877.44192884397|-163876.5464446569
498.0|1.0|0.8|0.0|-163633.7441054237|-163632.86123369|-163631.91529968954|-163630.99459059577|-163630.01081923532
498.2|1.0|0.8|0.0|-164059.34490571788|-164057.61699961044|-164055.82603123624|-164054.07290022212|-164052.24409448792
498.4|1.0|0.8|0.0|-164004.6607136034|-164003.752616963|-164002.76884560252|-164001.7976866954|-164000.7634655216
498.6|1.0|0.8|0.0|-164198.66946693667|-164197.49650877612|-164196.24787589553|-164195.03708037495|-164193.7632225877
498.8|1.0|0.8|0.0|-164213.39306635226|-164212.49758216518|-164211.52642325807|-164210.58048925764|-164209.5714929905
499.0|1.0|0.8|0.0|-164367.090602027|-164365.64016989298|-164364.15190039895|-164362.67624335826|-164361.12491159755
499.2|1.0|0.8|0.0|-164427.69344032192|-164426.48264480135|-164425.22139946744|-164423.97276658684|-164422.64845898622
499.4|1.0|0.8|0.0|-164284.70088307658|-164283.5783747294|-164282.36757920886|-164281.20723350166|-164279.9712130744
499.6|1.0|0.8|0.0|-164200.43213875152|-164199.47359229776|-164198.43937112394|-164197.45559976346|-164196.39615368296
499.8|1.0|0.8|0.0|-164394.58824545538|-164392.87295180123|-164391.0945958804|-164389.34146486624|-164387.5252715854
500.0|1.0|0.8|0.0|-164322.35977019215|-164321.26248675163|-164320.13997840445|-164319.01747005724|-164317.84451189672
500.2|1.0|0.8|0.0|-164345.94839862423|-164345.05291443714|-164344.10698043669|-164343.1862713429|-164342.20249998244
500.4|1.0|0.8|0.0|-164433.90819830165|-164432.59650315435|-164431.2469706471|-164429.8974381398|-164428.51006827247
500.6|1.0|0.8|0.0|-164302.72200633923|-164301.61211044536|-164300.43915228482|-164299.29141903095|-164298.0806235104
500.8|1.0|0.8|0.0|-164643.58617028478|-164642.71591100437|-164641.79520191057|-164640.88710527017|-164639.9285588164
501.0|1.0|0.8|0.0|-164770.62617776816|-164769.70546867436|-164768.73430976726|-164767.77576331346|-164766.76676704633
501.2|1.0|0.8|0.0|-164642.34491485503|-164641.20979405448|-164640.01161098725|-164638.8386528267|-164637.60263239947
501.4|1.0|0.8|0.0|-164516.29605618294|-164515.65282106263|-164514.95913612898|-164514.2654511953|-164513.5213164483
501.6|1.0|0.8|0.0|-164004.24098349127|-164003.1310875974|-164001.95812943688|-164000.79778372968|-163999.5869882091
501.8|1.0|0.8|0.0|-164061.07269823775|-164059.8366778105|-164058.56282002325|-164057.288962236|-164055.96465463538
502.0|1.0|0.8|0.0|-164441.6527717749|-164440.54287588102|-164439.39514262718|-164438.26002182663|-164437.0618387594
502.2|1.0|0.8|0.0|-164222.5870697261|-164221.60329836566|-164220.5564647385|-164219.54746847134|-164218.4627974842
502.4|1.0|0.8|0.0|-164310.8237932872|-164309.62561022|-164308.38958979276|-164307.15356936553|-164305.8544866716
502.6|1.0|0.8|0.0|-164173.87854999906|-164173.4118892255|-164172.8947786386|-164172.39028050506|-164171.8353325581
502.8|1.0|0.8|0.0|-164294.26441712186|-164293.3437080281|-164292.35993666764|-164291.3761653072|-164290.35455658668
503.0|1.0|0.8|0.0|-164151.14128060176|-164150.04399716124|-164148.88365145403|-164147.7485306535|-164146.5503475863
503.2|1.0|0.8|0.0|-164275.2099840996|-164274.01180103238|-164272.76316815178|-164271.52714772456|-164270.25328993727
503.4|1.0|0.8|0.0|-164039.49306442423|-164038.30749381034|-164037.04624847643|-164035.81022804917|-164034.51114535527
503.6|1.0|0.8|0.0|-164020.43456081738|-164019.18592793678|-164017.88684524284|-164016.60037500225|-164015.2634549483
503.8|1.0|0.8|0.0|-164093.08229205123|-164092.09852069078|-164091.03907461028|-164090.00485343646|-164088.92018244928
504.0|1.0|0.8|0.0|-164194.0071436716|-164193.0990470312|-164192.16572548408|-164191.24501639028|-164190.26124502986
504.2|1.0|0.8|0.0|-164321.2297289204|-164320.42253190672|-164319.56488507966|-164318.74507561262|-164317.84959142553
504.4|1.0|0.8|0.0|-164083.660813023|-164083.15631488943|-164082.6013669425|-164082.03380654223|-164081.44102123528
504.6|1.0|0.8|0.0|-164117.0712019186|-164115.9234686647|-164114.72528559747|-164113.52710253024|-164112.291082103
504.8|1.0|0.8|0.0|-164009.030677074|-164008.31176723365|-164007.52979512664|-164006.7478230196|-164005.9406260059
505.0|1.0|0.8|0.0|-163990.82130182974|-163989.37086969573|-163987.86998774836|-163986.36910580102|-163984.84299894696
505.2|1.0|0.8|0.0|-164051.66304071987|-164050.81800634615|-164049.89729725238|-164049.01442551863|-164048.05587906486
505.4|1.0|0.8|0.0|-164310.96246892074|-164309.8273481202|-164308.65438995964|-164307.4814317991|-164306.25802382518
505.6|1.0|0.8|0.0|-164266.41528372662|-164265.45673727285|-164264.43512855237|-164263.42613228524|-164262.36668620474
505.8|1.0|0.8|0.0|-164201.40866632838|-164200.4248949679|-164199.37806134077|-164198.34384016696|-164197.25916917977
506.0|1.0|0.8|0.0|-164528.2066781897|-164527.04633248248|-164525.81031205526|-164524.58690408134|-164523.33827120077
506.2|1.0|0.8|0.0|-164640.00346458846|-164638.4395203744|-164636.825126347|-164635.2233447729|-164633.57111338546
506.4|1.0|0.8|0.0|-164498.84488681602|-164498.20165169574|-164497.50796676203|-164496.82689428172|-164496.09537198808
506.6|1.0|0.8|0.0|-164678.67220058435|-164677.80194130391|-164676.90645711686|-164675.99836047643|-164675.05242647597
506.8|1.0|0.8|0.0|-164823.68910248997|-164822.99541755632|-164822.23867035596|-164821.49453560894|-164820.69995104856
507.0|1.0|0.8|0.0|-164576.9525709158|-164575.81745011528|-164574.65710440808|-164573.49675870087|-164572.28596318033
507.2|1.0|0.8|0.0|-164504.08418211094|-164503.17608547054|-164502.2049265634|-164501.25899256294|-164500.2499962958
507.4|1.0|0.8|0.0|-164617.02246495237|-164615.64770753842|-164614.2351127644|-164612.82251799043|-164611.37208585642
507.6|1.0|0.8|0.0|-164685.48704343004|-164684.62939660298|-164683.72129996255|-164682.81320332212|-164681.85465686835
507.8|1.0|0.8|0.0|-164579.13883687378|-164578.3568647668|-164577.5244428464|-164576.71724583267|-164575.83437409895
508.0|1.0|0.8|0.0|-164658.27391082185|-164657.2523021014|-164656.15501866088|-164655.09557258038|-164653.9730642332
508.2|1.0|0.8|0.0|-164144.46884334195|-164143.47245952816|-164142.425625901|-164141.37879227384|-164140.30673374
508.4|1.0|0.8|0.0|-164328.51274866078|-164327.44069012697|-164326.31818177976|-164325.20828588592|-164324.02271527203
508.6|1.0|0.8|0.0|-164009.3657067582|-164008.281035771|-164007.15852742383|-164006.03601907662|-164004.87567336942
508.8|1.0|0.8|0.0|-164122.04842986667|-164121.2160079463|-164120.30791130586|-164119.41242711878|-164118.453880665
509.0|1.0|0.8|0.0|-164039.74875042774|-164038.97939077404|-164038.159581307|-164037.33977183996|-164036.4821250129
509.2|1.0|0.8|0.0|-164083.6333126309|-164082.42251711033|-164081.16127177642|-164079.92525134917|-164078.6261686552
509.4|1.0|0.8|0.0|-164171.2028673471|-164170.31999561336|-164169.38667406628|-164168.47857742585|-164167.52003097208
509.6|1.0|0.8|0.0|-164267.0963333681|-164266.2891363544|-164265.44410198068|-164264.62429251362|-164263.72880832653
509.8|1.0|0.8|0.0|-164147.06361493882|-164145.7140824315|-164144.32671256422|-164142.96456760357|-164141.5267479229
510.0|1.0|0.8|0.0|-164069.7081057631|-164068.53514760255|-164067.31173962864|-164066.1009441081|-164064.86492368087
510.2|1.0|0.8|0.0|-164410.60602154926|-164409.73576226883|-164408.80244072177|-164407.88173162795|-164406.91057272087
510.4|1.0|0.8|0.0|-164113.65355131723|-164112.53104297005|-164111.34547235616|-164110.1725141956|-164108.94910622173
510.6|1.0|0.8|0.0|-164070.71198230647|-164069.28677507915|-164067.78589313178|-164066.31023609109|-164064.79674169037
510.8|1.0|0.8|0.0|-163978.257542808|-163977.43773334095|-163976.56747406055|-163975.69721478014|-163974.7891181397
511.0|1.0|0.8|0.0|-164028.1353743867|-164027.40385209306|-164026.59665507934|-164025.82729542567|-164024.9948735053
511.2|1.0|0.8|0.0|-163750.02622669164|-163748.62624437097|-163747.15058733028|-163745.71276764962|-163744.2244981556
511.4|1.0|0.8|0.0|-163934.9475968991|-163933.77463873854|-163932.55123076466|-163931.34043524408|-163930.06657745683
511.6|1.0|0.8|0.0|-163983.6015526431|-163982.49165674922|-163981.331311042|-163980.1709653348|-163978.97278226758
511.8|1.0|0.8|0.0|-163626.6719042965|-163625.32237178925|-163623.9097770152|-163622.53501960126|-163621.09719992056
512.0|1.0|0.8|0.0|-164133.7951355588|-164132.40776569146|-164130.95733355745|-164129.53212633013|-164128.0438568361
512.2|1.0|0.8|0.0|-164188.71698173688|-164188.03590925658|-164187.3296118696|-164186.6233144826|-164185.87917973555
512.4|1.0|0.8|0.0|-164262.93532364996|-164262.15335154298|-164261.34615452922|-164260.52634506222|-164259.66869823512
512.6|1.0|0.8|0.0|-164089.7631219228|-164088.8676377357|-164087.90909128194|-164086.9631572815|-164085.9667734677
512.8|1.0|0.8|0.0|-164264.5355149013|-164263.85444242097|-164263.1229201273|-164262.4166227403|-164261.65987553995
513.0|1.0|0.8|0.0|-163891.1035559137|-163890.64950759345|-163890.13239700653|-163889.62789887298|-163889.09817583274
513.2|1.0|0.8|0.0|-164201.6347695784|-164200.9536970981|-164200.22217480442|-164199.5158774174|-164198.73390531036
513.4|1.0|0.8|0.0|-164002.9706675489|-164002.28959506858|-164001.53284786822|-164000.80132557455|-164000.00674101416
513.6|1.0|0.8|0.0|-163792.55305612154|-163791.2413609743|-163789.87921601362|-163788.54229595963|-163787.14231363902
513.8|1.0|0.8|0.0|-164230.66838324018|-164229.79812395977|-164228.8648024127|-164227.95670577223|-164226.98554686515
514.0|1.0|0.8|0.0|-164043.73262456828|-164043.05155208797|-164042.3200297943|-164041.58850750062|-164040.83176030024
514.2|1.0|0.8|0.0|-163921.98215341195|-163921.2380186649|-163920.4308216512|-163919.66146199752|-163918.82904007717
514.4|1.0|0.8|0.0|-163632.44474457065|-163631.1456618767|-163629.7961293694|-163628.4718217688|-163627.0844519015
514.6|1.0|0.8|0.0|-164033.67375759227|-164032.91701039195|-164032.08458847154|-164031.30261636453|-164030.44496953746
514.8|1.0|0.8|0.0|-164262.020645485|-164261.45308508477|-164260.83507487114|-164260.2422895642|-164259.58644199054
515.0|1.0|0.8|0.0|-164061.6820968728|-164060.82445004574|-164059.9163534053|-164059.02086921822|-164058.07493521777
515.2|1.0|0.8|0.0|-163848.8721716803|-163848.15326183994|-163847.39651463958|-163846.65237989256|-163845.85779533218
515.4|1.0|0.8|0.0|-163831.10122492534|-163830.5462769784|-163829.91565431142|-163829.31025655117|-163828.6544089775
515.6|1.0|0.8|0.0|-163732.70893173572|-163732.00263434873|-163731.23327469503|-163730.4765274947|-163729.6819429343
515.8|1.0|0.8|0.0|-163726.27658053272|-163725.5702831457|-163724.81353594537|-163724.0820136517|-163723.30004154466
516.0|1.0|0.8|0.0|-163534.85235555537|-163533.79290947487|-163532.6704011277|-163531.57311768716|-163530.43799688664
516.2|1.0|0.8|0.0|-163964.72260271572|-163963.5622570085|-163962.35146148794|-163961.15327842074|-163959.89203308683
516.4|1.0|0.8|0.0|-164153.68479300934|-164152.81453372896|-164151.88121218185|-164150.97311554142|-164150.01456908765
516.6|1.0|0.8|0.0|-163861.5995362858|-163860.85540153878|-163860.04820452508|-163859.24100751133|-163858.3959731376
516.8|1.0|0.8|0.0|-163983.2466487425|-163982.225040022|-163981.1277565815|-163980.04308559434|-163978.9079647938
517.0|1.0|0.8|0.0|-164406.30485102755|-164405.24540494705|-164404.13550905322|-164403.02561315938|-164401.89049235883
517.2|1.0|0.8|0.0|-164344.87080520857|-164343.2437987278|-164341.55372998034|-164339.88888613955|-164338.14836757875
517.4|1.0|0.8|0.0|-164099.10631837603|-164098.0973221089|-164097.0126511217|-164095.96581749455|-164094.84330914737
517.6|1.0|0.8|0.0|-164320.5426373141|-164319.3192293402|-164318.0579840063|-164316.8093511257|-164315.49765597843
517.8|1.0|0.8|0.0|-164260.78925331542|-164260.13340574174|-164259.42710835478|-164258.7334234211|-164257.98928867409
518.0|1.0|0.8|0.0|-164060.95754260893|-164059.87287162174|-164058.73775082122|-164057.6404673807|-164056.44228431347
518.2|1.0|0.8|0.0|-164173.5194828405|-164172.6870609201|-164171.77896427969|-164170.89609254594|-164169.96277099886
518.4|1.0|0.8|0.0|-164055.4575686803|-164054.30983542642|-164053.12426481253|-164051.951306652|-164050.70267377142
518.6|1.0|0.8|0.0|-163907.6066255052|-163906.3201552646|-163904.9706227573|-163903.63370270337|-163902.2337203827
518.8|1.0|0.8|0.0|-163665.52367229183|-163664.91827453158|-163664.24981450458|-163663.6065793843|-163662.90028199728
519.0|1.0|0.8|0.0|-163937.73234017662|-163936.445869936|-163935.10894988204|-163933.79725473476|-163932.40988486743
519.2|1.0|0.8|0.0|-163985.5156784247|-163984.07785874407|-163982.58958925|-163981.10131975598|-163979.5626004486
519.4|1.0|0.8|0.0|-164056.48497959785|-164055.29940898396|-164054.0255511967|-164052.7769183161|-164051.46522316884
519.6|1.0|0.8|0.0|-163881.8709466008|-163881.03852468042|-163880.15565294668|-163879.29800611958|-163878.36468457253
519.8|1.0|0.8|0.0|-163914.6956632597|-163913.51009264585|-163912.28668467194|-163911.06327669803|-163909.80203136412
520.0|1.0|0.8|0.0|-164001.61143818765|-164000.7285664539|-163999.78263245348|-163998.86192335968|-163997.87815199926
520.2|1.0|0.8|0.0|-164029.73151716343|-164028.63423372293|-164027.46127556235|-164026.31354230852|-164025.10274678795
520.4|1.0|0.8|0.0|-163859.62735897745|-163858.59313780366|-163857.48324190982|-163856.41118337598|-163855.27606257546
520.6|1.0|0.8|0.0|-163677.78106924627|-163676.7972978858|-163675.77568916534|-163674.75408044484|-163673.68202191102
520.8|1.0|0.8|0.0|-164230.97242226684|-164229.8373014663|-164228.6517308524|-164227.46616023852|-164226.2301398113
521.0|1.0|0.8|0.0|-163817.91457540763|-163816.62810516704|-163815.2659602064|-163813.92904015243|-163812.55428273845
521.2|1.0|0.8|0.0|-164061.6005728383|-164060.50328939778|-164059.3555561439|-164058.20782289005|-164057.02225227616
521.4|1.0|0.8|0.0|-164186.83149139845|-164185.28015963777|-164183.70360297034|-164182.12704630295|-164180.5000398222
521.6|1.0|0.8|0.0|-164220.166205574|-164218.8797353334|-164217.54281527945|-164216.2058952255|-164214.83113781153
521.8|1.0|0.8|0.0|-164343.59167395154|-164342.2925912576|-164340.9430587503|-164339.60613869634|-164338.19354392236
522.0|1.0|0.8|0.0|-164181.6182602081|-164180.48313940756|-164179.272343887|-164178.08677327313|-164176.85075284587
522.2|1.0|0.8|0.0|-164343.81441015034|-164342.61622708314|-164341.34236929586|-164340.08112396195|-164338.79465372136
522.4|1.0|0.8|0.0|-164205.27922267246|-164204.295451312|-164203.2360052315|-164202.176559151|-164201.06666325717
522.6|1.0|0.8|0.0|-164247.13679045928|-164246.10256928546|-164245.0178982983|-164243.93322731112|-164242.79810651057
522.8|1.0|0.8|0.0|-164222.58034380784|-164221.76053434078|-164220.89027506037|-164220.02001577997|-164219.11191913954
523.0|1.0|0.8|0.0|-164112.7637125833|-164111.5403046094|-164110.2538343688|-164108.9925890349|-164107.66828143425
523.2|1.0|0.8|0.0|-164251.01937027267|-164250.7418962992|-164250.4139725124|-164250.11127363227|-164249.75812493876
523.4|1.0|0.8|0.0|-164156.07430594758|-164155.09053458713|-164154.0563134133|-164153.0220922395|-164151.95003370568
523.6|1.0|0.8|0.0|-164090.14652468055|-164089.50328956023|-164088.82221707993|-164088.1411445996|-164087.40962230592
523.8|1.0|0.8|0.0|-164092.4465909406|-164091.828580727|-164091.16012070002|-164090.5042731264|-164089.79797573938
524.0|1.0|0.8|0.0|-164202.05108837323|-164200.85290530603|-164199.60427242544|-164198.36825199818|-164197.09439421093
524.2|1.0|0.8|0.0|-164312.68752906483|-164311.67853279767|-164310.5938618105|-164309.54702818335|-164308.44974474283
524.4|1.0|0.8|0.0|-163971.9417785867|-163970.6805332528|-163969.38145055884|-163968.05714295822|-163966.70761045092
524.6|1.0|0.8|0.0|-163678.55590824143|-163677.24421309418|-163675.8820681335|-163674.55776053297|-163673.17039066562
524.8|1.0|0.8|0.0|-164033.84871880707|-164033.14242142008|-164032.38567421972|-164031.65415192602|-164030.84695491233
525.0|1.0|0.8|0.0|-164239.59837029083|-164238.77856082376|-164237.88307663667|-164237.03804226295|-164236.11733316918
525.2|1.0|0.8|0.0|-164080.30240980146|-164079.65917468115|-164078.94026484084|-164078.2591923605|-164077.50244516015
525.4|1.0|0.8|0.0|-164368.69876785588|-164368.04292028226|-164367.31139798858|-164366.60510060156|-164365.8483534012
525.6|1.0|0.8|0.0|-164282.13167580386|-164281.72807729704|-164281.2740289768|-164280.83259310995|-164280.3407074297
525.8|1.0|0.8|0.0|-164391.86001985503|-164390.87624849458|-164389.82941486742|-164388.80780614694|-164387.7231351598
526.0|1.0|0.8|0.0|-164287.49692422926|-164286.5762151355|-164285.61766868172|-164284.65912222792|-164283.6501259608
526.2|1.0|0.8|0.0|-164805.77954929636|-164804.70749076252|-164803.59759486868|-164802.48769897482|-164801.3273532676
526.4|1.0|0.8|0.0|-164525.59389836577|-164524.49661492524|-164523.37410657806|-164522.25159823085|-164521.066027617
526.6|1.0|0.8|0.0|-164840.66389662566|-164839.970211692|-164839.22607694502|-164838.49455465132|-164837.7125825443
526.8|1.0|0.8|0.0|-164424.30410688906|-164423.10592382183|-164421.85729094126|-164420.621270514|-164419.3348002734
527.0|1.0|0.8|0.0|-164395.560325729|-164394.7909660753|-164393.94593170157|-164393.1261222345|-164392.25586295413
527.2|1.0|0.8|0.0|-164386.05053591123|-164385.3064011642|-164384.4992041505|-164383.71723204348|-164382.8595852164
527.4|1.0|0.8|0.0|-164490.61304982178|-164489.5157663813|-164488.38064558074|-164487.23291232687|-164486.07256661967
527.6|1.0|0.8|0.0|-164239.86059133091|-164239.44438037075|-164238.9777195972|-164238.5362837303|-164238.0443980501
527.8|1.0|0.8|0.0|-164628.8251666341|-164628.0810318871|-164627.2864473267|-164626.52970012635|-164625.69727820595
528.0|1.0|0.8|0.0|-164758.48754188826|-164757.5416078878|-164756.55783652735|-164755.57406516687|-164754.52723153972
528.2|1.0|0.8|0.0|-164729.71761969785|-164728.9104226841|-164728.05277585704|-164727.19512902998|-164726.2996448429
528.4|1.0|0.8|0.0|-164706.66205499374|-164705.60260891324|-164704.46748811268|-164703.3449797655|-164702.172021605
528.6|1.0|0.8|0.0|-164787.7200672693|-164786.43359702872|-164785.09667697473|-164783.7597569208|-164782.38499950684
528.8|1.0|0.8|0.0|-164950.23808082752|-164949.1660222937|-164948.0435139465|-164946.92100559932|-164945.74804743877
529.0|1.0|0.8|0.0|-164732.190927808|-164730.91707002075|-164729.5927624201|-164728.2936797262|-164726.9189223122
529.2|1.0|0.8|0.0|-164366.03487554862|-164364.66011813466|-164363.22229845397|-164361.80970368|-164360.3340466393
529.4|1.0|0.8|0.0|-164554.8054646766|-164554.0613299296|-164553.26674536924|-164552.4973857155|-164551.66496379513
529.6|1.0|0.8|0.0|-164535.19773713127|-164534.3779276642|-164533.5076683838|-164532.66263401008|-164531.7419249163
529.8|1.0|0.8|0.0|-164437.67824791247|-164437.02240033884|-164436.32871540516|-164435.64764292486|-164434.9035081778
530.0|1.0|0.8|0.0|-164501.2450127421|-164500.32430364835|-164499.3531447412|-164498.39459828744|-164497.41082692696
530.2|1.0|0.8|0.0|-164932.69019213808|-164931.59290869755|-164930.43256299035|-164929.2974421898|-164928.1118715759
530.4|1.0|0.8|0.0|-164635.38290710392|-164634.52526027683|-164633.59193872975|-164632.67122963598|-164631.72529563552
530.6|1.0|0.8|0.0|-164815.38784116114|-164814.35361998732|-164813.2563365468|-164812.17166555964|-164811.03654475912
530.8|1.0|0.8|0.0|-164331.92745368113|-164331.2463812008|-164330.48963400046|-164329.7581117068|-164328.97613959975
531.0|1.0|0.8|0.0|-164381.75985920805|-164381.38148560788|-164380.940049741|-164380.53645123416|-164380.05717800726
531.2|1.0|0.8|0.0|-164315.46488951365|-164314.3549936198|-164313.19464791258|-164312.04691465874|-164310.8487315915
531.4|1.0|0.8|0.0|-164591.97307997965|-164591.07759579257|-164590.1190493388|-164589.17311533834|-164588.20195643124
531.6|1.0|0.8|0.0|-164621.7136051536|-164621.04514512667|-164620.33884773965|-164619.63255035266|-164618.901028059
531.8|1.0|0.8|0.0|-164287.68539091793|-164286.66378219746|-164285.5791112103|-164284.51966512977|-164283.38454432925
532.0|1.0|0.8|0.0|-164230.68971427804|-164229.64288065088|-164228.5582096637|-164227.4609262232|-164226.32580542268
532.2|1.0|0.8|0.0|-164436.63192996988|-164435.7742831428|-164434.8661865024|-164433.9707023153|-164432.9995434082
532.4|1.0|0.8|0.0|-164908.86668626193|-164908.16038887494|-164907.41625412792|-164906.6721193809|-164905.8901472739
532.6|1.0|0.8|0.0|-164371.16832722988|-164370.31068040285|-164369.41519621576|-164368.51971202868|-164367.57377802822
532.8|1.0|0.8|0.0|-164520.61831192055|-164520.07597642698|-164519.45796621335|-164518.87779335974|-164518.2219457861
533.0|1.0|0.8|0.0|-164614.69431365273|-164613.68531738556|-164612.6006463984|-164611.5664252246|-164610.45652933075
533.2|1.0|0.8|0.0|-164713.16319287248|-164712.14158415204|-164711.0821380715|-164710.06052935103|-164708.9506334572
533.4|1.0|0.8|0.0|-164503.09301223393|-164502.46238956696|-164501.79392954|-164501.13808196635|-164500.43178457936
533.6|1.0|0.8|0.0|-164267.95417397888|-164266.70554109832|-164265.40645840438|-164264.11998816376|-164262.78306810983
533.8|1.0|0.8|0.0|-164680.3472140702|-164679.3256053497|-164678.24093436252|-164677.18148828202|-164676.05897993484
534.0|1.0|0.8|0.0|-164448.13244490305|-164447.45137242274|-164446.71985012907|-164446.0009402887|-164445.23158063504
534.2|1.0|0.8|0.0|-164651.2396391881|-164650.1801931076|-164649.09552212042|-164648.0234635866|-164646.87573033274
534.4|1.0|0.8|0.0|-164584.9961898527|-164583.69710715878|-164582.36018710482|-164581.0106545975|-164579.63589718356
534.6|1.0|0.8|0.0|-164173.0558573894|-164171.93334904223|-164170.74777842834|-164169.5874327211|-164168.36402474722
534.8|1.0|0.8|0.0|-164230.00013413315|-164229.39473637287|-164228.75150125255|-164228.10826613227|-164227.43980610528
535.0|1.0|0.8|0.0|-164172.34639713902|-164171.36262577857|-164170.3157921514|-164169.30679588427|-164168.22212489712
535.2|1.0|0.8|0.0|-164402.1076757948|-164401.111291981|-164400.06445835385|-164399.0176247267|-164397.9329537395
535.4|1.0|0.8|0.0|-164139.50378481907|-164138.8353247921|-164138.10380249843|-164137.38489265807|-164136.61553300437
535.6|1.0|0.8|0.0|-164483.88697708148|-164483.00410534773|-164482.04555889397|-164481.11223734685|-164480.14107843974
535.8|1.0|0.8|0.0|-164651.35513251953|-164649.52632678536|-164647.62184633114|-164645.7552032369|-164643.8128854227
536.0|1.0|0.8|0.0|-164189.33041821656|-164188.22052232272|-164187.04756416217|-164185.91244336165|-164184.70164784108
536.2|1.0|0.8|0.0|-164393.74588394826|-164392.90084957454|-164392.00536538745|-164391.1224936537|-164390.1891721066
536.4|1.0|0.8|0.0|-164364.89576312824|-164363.38226872752|-164361.7930996068|-164360.2291553927|-164358.6147613653
536.6|1.0|0.8|0.0|-164305.5997636759|-164304.61599231543|-164303.58177114162|-164302.57277487448|-164301.50071634064
536.8|1.0|0.8|0.0|-164321.31728990164|-164320.1443317411|-164318.9209237672|-164317.71012824663|-164316.43627045935
537.0|1.0|0.8|0.0|-164410.95126860146|-164410.14407158774|-164409.24858740068|-164408.4035530269|-164407.48284393316
537.2|1.0|0.8|0.0|-164241.0110723089|-164240.35522473525|-164239.61108998823|-164238.90479260127|-164238.14804540089
537.4|1.0|0.8|0.0|-164295.064421897|-164294.05542562983|-164292.99597954933|-164291.94914592218|-164290.85186248168
537.6|1.0|0.8|0.0|-164125.35124976456|-164124.48099048412|-164123.56028139038|-164122.6647972033|-164121.70625074953
537.8|1.0|0.8|0.0|-163952.138694841|-163951.09186121388|-163949.99457777338|-163948.9099067862|-163947.77478598565
538.0|1.0|0.8|0.0|-163940.7267534628|-163939.61685756894|-163938.44389940842|-163937.2835537012|-163936.07275818064
538.2|1.0|0.8|0.0|-164487.2369691042|-164486.02617358364|-164484.7523157964|-164483.49107046245|-164482.17937531517
538.4|1.0|0.8|0.0|-163968.02010248884|-163966.73363224827|-163965.37148728763|-163964.009342327|-163962.60936000632
538.6|1.0|0.8|0.0|-163933.2878977915|-163932.45547587113|-163931.55999168404|-163930.68973240364|-163929.75641085653
538.8|1.0|0.8|0.0|-163907.25840539808|-163906.85480689126|-163906.37553366434|-163905.92148534415|-163905.40437475723
539.0|1.0|0.8|0.0|-163929.59506026184|-163928.59867644805|-163927.5518428209|-163926.5176216471|-163925.42033820658
539.2|1.0|0.8|0.0|-163971.34228081463|-163970.44679662757|-163969.51347508046|-163968.58015353337|-163967.60899462624
539.4|1.0|0.8|0.0|-163962.77768960205|-163962.19751674845|-163961.5668940815|-163960.96149632122|-163960.29303629426
539.6|1.0|0.8|0.0|-163837.9178021962|-163837.19889235584|-163836.44214515548|-163835.68539795512|-163834.87820094143
539.8|1.0|0.8|0.0|-163984.19657380474|-163983.33892697765|-163982.4056054306|-163981.4722838835|-163980.5137374297
540.0|1.0|0.8|0.0|-164251.907121213|-164250.7467755058|-164249.54859243857|-164248.35040937137|-164247.11438894412
540.2|1.0|0.8|0.0|-164150.161745334|-164148.88788754673|-164147.55096749277|-164146.22665989216|-164144.8519024782
540.4|1.0|0.8|0.0|-164113.73050157054|-164112.77195511677|-164111.7881837563|-164110.81702484918|-164109.78280367536
540.6|1.0|0.8|0.0|-164254.2510973518|-164253.06552673792|-164251.82950631066|-164250.59348588344|-164249.30701564284
540.8|1.0|0.8|0.0|-163781.38499675805|-163780.2751008642|-163779.114755157|-163777.97963435648|-163776.7940637426
541.0|1.0|0.8|0.0|-164012.1417755605|-164011.51115289354|-164010.8553053199|-164010.19945774626|-164009.49316035927
541.2|1.0|0.8|0.0|-164404.2418734487|-164403.39683907497|-164402.48874243454|-164401.5806457941|-164400.6220993403
541.4|1.0|0.8|0.0|-163918.2714338355|-163917.12370058164|-163915.90029260772|-163914.68949708715|-163913.42825175324
541.6|1.0|0.8|0.0|-164109.70325061804|-164108.4924550975|-164107.23120976356|-164105.99518933633|-164104.68349418906
541.8|1.0|0.8|0.0|-164065.63353004478|-164064.68759604433|-164063.66598732385|-164062.6822159634|-164061.6227698829
542.0|1.0|0.8|0.0|-164385.9008436864|-164385.19454629938|-164384.4251866457|-164383.6810518987|-164382.87385488497
542.2|1.0|0.8|0.0|-164097.40358600524|-164096.02882859128|-164094.57839645725|-164093.16580168327|-164091.67753218923
542.4|1.0|0.8|0.0|-164159.46395906425|-164158.44235034377|-164157.34506690325|-164156.27300836943|-164155.13788756888
542.6|1.0|0.8|0.0|-164329.5360870685|-164328.50186589468|-164327.39197000084|-164326.30729901366|-164325.17217821314
542.8|1.0|0.8|0.0|-164378.5480807447|-164377.4634097575|-164376.31567650364|-164375.19316815643|-164374.00759754257
543.0|1.0|0.8|0.0|-164332.48740114988|-164331.6549792295|-164330.77210749572|-164329.9144606687|-164328.98113912158
543.2|1.0|0.8|0.0|-164296.4802095466|-164295.67301253285|-164294.8153657058|-164293.97033133206|-164293.04962223832
543.4|1.0|0.8|0.0|-164197.46112763285|-164196.50258117908|-164195.5061973653|-164194.5224260048|-164193.47559237765
543.6|1.0|0.8|0.0|-164111.15873372892|-164110.07406274177|-164108.91371703456|-164107.778596234|-164106.59302562015
543.8|1.0|0.8|0.0|-163764.5521559821|-163763.17739856814|-163761.7521913408|-163760.36482147351|-163758.88916443285
544.0|1.0|0.8|0.0|-164179.2331828639|-164178.56472283698|-164177.84581299662|-164177.13951560963|-164176.38276840927
544.2|1.0|0.8|0.0|-164159.3009907571|-164158.2415446766|-164157.13164878276|-164156.03436534223|-164154.88663208837
544.4|1.0|0.8|0.0|-164429.28264623045|-164428.14752542993|-164426.94934236273|-164425.7637717488|-164424.52775132156
544.6|1.0|0.8|0.0|-164219.95375815957|-164218.60422565226|-164217.17901842494|-164215.77903610427|-164214.3412164236
544.8|1.0|0.8|0.0|-164350.37573573372|-164349.51808890665|-164348.64782962622|-164347.77757034585|-164346.84424879873
545.0|1.0|0.8|0.0|-164080.73129631896|-164079.83581213187|-164078.90249058476|-164077.981781491|-164077.01062258388
545.2|1.0|0.8|0.0|-163948.17441172383|-163947.2284777234|-163946.2320939096|-163945.27354745578|-163944.239326282
545.4|1.0|0.8|0.0|-164051.02510857876|-164049.9782749516|-164048.85576660442|-164047.74587071058|-164046.5981374567
545.6|1.0|0.8|0.0|-164121.31938981|-164120.14643164945|-164118.9356361289|-164117.72484060834|-164116.4635952744
545.8|1.0|0.8|0.0|-164172.29892620706|-164171.35299220664|-164170.3439959395|-164169.38544948574|-164168.32600340524
546.0|1.0|0.8|0.0|-163881.17097871305|-163880.1241450859|-163879.02686164537|-163877.9421906582|-163876.80706985766
546.2|1.0|0.8|0.0|-163964.31227112512|-163963.58074883145|-163962.82400163112|-163962.04202952408|-163961.23483251038
546.4|1.0|0.8|0.0|-164206.61891377717|-164205.64775487006|-164204.61353369622|-164203.6045374291|-164202.51986644193
546.6|1.0|0.8|0.0|-164232.2108376806|-164230.96220480005|-164229.6631221061|-164228.3766518655|-164227.01450690487
546.8|1.0|0.8|0.0|-164032.56607776854|-164031.79671811484|-164030.9769086478|-164030.1823240874|-164029.32467726036
547.0|1.0|0.8|0.0|-164265.48180481402|-164265.01514404046|-164264.47280854685|-164263.95569795996|-164263.3881375597
547.2|1.0|0.8|0.0|-164187.88049688147|-164187.3381613879|-164186.74537608094|-164186.152590774|-164185.5093556537
547.4|1.0|0.8|0.0|-164191.9469912302|-164191.01366968307|-164190.0172858693|-164189.04612696217|-164188.01190578836
547.6|1.0|0.8|0.0|-164149.5584180868|-164148.58725917965|-164147.55303800586|-164146.5314292854|-164145.4719832049
547.8|1.0|0.8|0.0|-164272.4328383951|-164271.70131610145|-164270.89411908772|-164270.12475943405|-164269.2797250603
548.0|1.0|0.8|0.0|-164217.0612609591|-164216.5819877322|-164216.05226469197|-164215.52254165174|-164214.94236879813
548.2|1.0|0.8|0.0|-164290.06214088647|-164289.2044940594|-164288.29639741898|-164287.41352568523|-164286.46759168478
548.4|1.0|0.8|0.0|-164038.17188699252|-164037.26379035212|-164036.25479408496|-164035.29624763117|-164034.26202645738
548.6|1.0|0.8|0.0|-164303.15953164938|-164302.54152143575|-164301.87306140878|-164301.2046013818|-164300.48569154146
548.8|1.0|0.8|0.0|-164062.44151062905|-164061.68476342867|-164060.8649539616|-164060.07036940125|-164059.22533502753
549.0|1.0|0.8|0.0|-163862.38277576244|-163861.22243005523|-163860.01163453466|-163858.8260639208|-163857.53959368018
549.2|1.0|0.8|0.0|-164068.7185864438|-164067.82310225672|-164066.87716825627|-164065.94384670915|-164064.9600753487
549.4|1.0|0.8|0.0|-164152.6486400844|-164151.50090683057|-164150.27749885665|-164149.07931578942|-164147.80545800214
549.6|1.0|0.8|0.0|-164025.08642435542|-164023.8882412882|-164022.61438350094|-164021.37836307372|-164020.0918928331
549.8|1.0|0.8|0.0|-164486.70930345144|-164486.38137966464|-164485.96516870445|-164485.57418265095|-164485.1201343307
550.0|1.0|0.8|0.0|-164371.82246598456|-164371.07833123754|-164370.29635913053|-164369.5143870235|-164368.69457755645
550.2|1.0|0.8|0.0|-164251.06357852116|-164249.9284577206|-164248.74288710675|-164247.55731649284|-164246.3465209723
550.4|1.0|0.8|0.0|-164166.20218880186|-164165.31931706815|-164164.38599552104|-164163.45267397392|-164162.46890261344
550.6|1.0|0.8|0.0|-164683.9517308595|-164683.1949836591|-164682.41301155213|-164681.63103944508|-164680.79861752468
550.8|1.0|0.8|0.0|-164743.1081048569|-164742.03604632308|-164740.90092552252|-164739.7910296287|-164738.60545901483
551.0|1.0|0.8|0.0|-164544.57231530707|-164543.58854394662|-164542.56693522612|-164541.55793895898|-164540.48588042517
551.2|1.0|0.8|0.0|-164631.25331825798|-164629.878560844|-164628.42812871|-164627.015533936|-164625.53987689532
551.4|1.0|0.8|0.0|-164616.14434368984|-164615.1605723294|-164614.12635115557|-164613.09212998176|-164612.03268390129
551.6|1.0|0.8|0.0|-164580.19885167308|-164579.37904220607|-164578.50878292564|-164577.67636100526|-164576.76826436483
551.8|1.0|0.8|0.0|-164585.45969034414|-164584.375019357|-164583.21467364978|-164582.07955284926|-164580.9065946887
552.0|1.0|0.8|0.0|-164344.76363081863|-164343.8807590849|-164342.93482508446|-164342.00150353735|-164341.00511972356
552.2|1.0|0.8|0.0|-164348.78804580687|-164347.82949935307|-164346.84572799262|-164345.86195663217|-164344.8403479117
552.4|1.0|0.8|0.0|-164277.55444403648|-164276.72202211607|-164275.85176283566|-164274.96889110195|-164274.03556955484
552.6|1.0|0.8|0.0|-164345.50652072945|-164344.8506731558|-164344.1443757688|-164343.4633032885|-164342.70655608815
552.8|1.0|0.8|0.0|-164567.28390024617|-164566.27490397904|-164565.19023299185|-164564.10556200467|-164562.99566611083
553.0|1.0|0.8|0.0|-164178.2997226113|-164177.2150516241|-164176.0799308236|-164174.94481002304|-164173.77185186252
553.2|1.0|0.8|0.0|-164406.585128051|-164405.97973029074|-164405.3238827171|-164404.69326005012|-164404.0121875698
553.4|1.0|0.8|0.0|-164495.81909304272|-164494.6587473355|-164493.44795181492|-164492.24976874772|-164491.00113586712
553.6|1.0|0.8|0.0|-164174.9560470586|-164173.78308889805|-164172.5722933775|-164171.3488854036|-164170.100252523
553.8|1.0|0.8|0.0|-164189.629288893|-164188.7590296126|-164187.83832051884|-164186.9302238784|-164185.97167742465
554.0|1.0|0.8|0.0|-164280.77138500498|-164279.8380634579|-164278.85429209744|-164277.89574564365|-164276.88674937654
554.2|1.0|0.8|0.0|-164203.60533055617|-164202.52065956898|-164201.36031386178|-164200.2378055146|-164199.0522349007
554.4|1.0|0.8|0.0|-164270.76664458748|-164269.4675618935|-164268.10541693287|-164266.76849687894|-164265.38112701164
554.6|1.0|0.8|0.0|-163888.94984464953|-163887.72643667558|-163886.45257888833|-163885.19133355442|-163883.87963840715
554.8|1.0|0.8|0.0|-164318.01360824142|-164316.89109989422|-164315.692916827|-164314.54518357312|-164313.30916314587
555.0|1.0|0.8|0.0|-164253.5372252549|-164252.54084144108|-164251.4813953606|-164250.4471741868|-164249.3498907463
555.2|1.0|0.8|0.0|-164024.3524644913|-164023.11644406404|-164021.81736137014|-164020.56872848954|-164019.24442088892
555.4|1.0|0.8|0.0|-164071.8091331174|-164071.4307595172|-164071.02716101037|-164070.6235625035|-164070.1695141833
555.6|1.0|0.8|0.0|-164245.32867058818|-164244.7358852812|-164244.10526261426|-164243.4746399473|-164242.79356746702
555.8|1.0|0.8|0.0|-164096.84531995497|-164096.05073539462|-164095.2183134742|-164094.3732791005|-164093.49040736674
556.0|1.0|0.8|0.0|-164000.44833908338|-163999.69159188302|-163998.88439486932|-163998.07719785563|-163997.24477593522
556.2|1.0|0.8|0.0|-163752.26048227437|-163751.27671091392|-163750.25510219345|-163749.23349347294|-163748.16143493913
556.4|1.0|0.8|0.0|-164029.4364882069|-164028.81847799328|-164028.13740551294|-164027.45633303263|-164026.75003564564
556.6|1.0|0.8|0.0|-163647.63151548506|-163646.64774412464|-163645.60091049748|-163644.57930177698|-163643.49463078982
556.8|1.0|0.8|0.0|-163734.54576336584|-163733.63766672544|-163732.67912027164|-163731.73318627122|-163730.72419000405
557.0|1.0|0.8|0.0|-163832.2418269314|-163831.13193103753|-163829.94636042364|-163828.78601471643|-163827.57521919586
557.2|1.0|0.8|0.0|-163928.79792982634|-163927.6880339325|-163926.5024633186|-163925.3421176114|-163924.13132209083
557.4|1.0|0.8|0.0|-163685.38093549496|-163684.4223890412|-163683.4260052274|-163682.4296214136|-163681.39540023977
557.6|1.0|0.8|0.0|-164290.6326649774|-164289.86330532373|-164289.04349585666|-164288.23629884297|-164287.3786520159
557.8|1.0|0.8|0.0|-164224.4959026789|-164223.20943243834|-164221.87251238438|-164220.5608172371|-164219.17344736977
558.0|1.0|0.8|0.0|-163897.70723665995|-163896.7234652995|-163895.71446903236|-163894.69286031186|-163893.62080177804
558.2|1.0|0.8|0.0|-164121.50494650818|-164120.6977494945|-164119.8653275741|-164119.0329056537|-164118.15003391998
558.4|1.0|0.8|0.0|-163705.738929884|-163704.46507209676|-163703.11553958946|-163701.80384444215|-163700.41647457486
558.6|1.0|0.8|0.0|-163755.96171908075|-163754.5995741201|-163753.18697934615|-163751.77438457214|-163750.3113399848
558.8|1.0|0.8|0.0|-164057.84078975482|-164056.97053047438|-164056.03720892727|-164055.12911228687|-164054.15795337976
559.0|1.0|0.8|0.0|-163830.26168170205|-163829.39142242164|-163828.44548842122|-163827.5373917808|-163826.541007967
559.2|1.0|0.8|0.0|-164285.70273894828|-164284.7694174012|-164283.8108709474|-164282.85232449364|-164281.83071577316
559.4|1.0|0.8|0.0|-164138.25953706796|-164137.3009906142|-164136.29199434703|-164135.33344789327|-164134.29922671942
559.6|1.0|0.8|0.0|-163864.20353846022|-163863.50985352654|-163862.76571877956|-163862.03419648585|-163861.2396119255
559.8|1.0|0.8|0.0|-163920.4202789499|-163919.38605777608|-163918.30138678892|-163917.22932825508|-163916.09420745456
560.0|1.0|0.8|0.0|-163815.215463266|-163814.20646699885|-163813.14702091838|-163812.10018729122|-163811.0029038507
560.2|1.0|0.8|0.0|-163731.7922249621|-163730.79584114827|-163729.7490075211|-163728.72739880066|-163727.63011536014
560.4|1.0|0.8|0.0|-164020.79398077677|-164020.13813320317|-164019.4192233628|-164018.70031352245|-164017.94356632212
560.6|1.0|0.8|0.0|-163979.46820551652|-163978.34569716934|-163977.17273900882|-163976.02500575493|-163974.8268226877
560.8|1.0|0.8|0.0|-163943.41988372066|-163942.52439953355|-163941.56585307975|-163940.645143986|-163939.66137262556
561.0|1.0|0.8|0.0|-164104.7803590699|-164103.8722624295|-164102.91371597568|-164101.96778197525|-164100.97139816146
561.2|1.0|0.8|0.0|-164226.6503897269|-164225.8431927132|-164224.98554588613|-164224.1278990591|-164223.21980241864
561.4|1.0|0.8|0.0|-164202.68991064766|-164201.2268660603|-164199.71337165957|-164198.1998772589|-164196.64854549817
561.6|1.0|0.8|0.0|-164542.16670472588|-164540.82978467192|-164539.4424148046|-164538.08026984398|-164536.6802875233
561.8|1.0|0.8|0.0|-164281.94656743124|-164281.1898202309|-164280.37001076384|-164279.5754262035|-164278.71777937643
562.0|1.0|0.8|0.0|-164171.6324893819|-164170.59826820812|-164169.48837231426|-164168.39108887376|-164167.2559680732
562.2|1.0|0.8|0.0|-164795.86647848494|-164795.16018109798|-164794.39082144428|-164793.64668669726|-164792.85210213688
562.4|1.0|0.8|0.0|-164596.02258792985|-164595.1649411028|-164594.25684446236|-164593.37397272862|-164592.41542627485
562.6|1.0|0.8|0.0|-164499.90249004483|-164499.1457428445|-164498.33854583075|-164497.56918617708|-164496.72415180333
562.8|1.0|0.8|0.0|-164358.8220342509|-164357.9896123305|-164357.08151569008|-164356.19864395633|-164355.26532240922
563.0|1.0|0.8|0.0|-164521.2111666994|-164520.6688312058|-164520.05082099215|-164519.47064813855|-164518.8400254716
563.2|1.0|0.8|0.0|-164673.8975268239|-164672.66150639663|-164671.37503615604|-164670.11379082213|-164668.7894832215
563.4|1.0|0.8|0.0|-164650.6527753197|-164649.98431529274|-164649.25279299906|-164648.5338831587|-164647.76452350503
563.6|1.0|0.8|0.0|-164683.31132498852|-164682.93295138836|-164682.49151552143|-164682.07530456127|-164681.58341888103
563.8|1.0|0.8|0.0|-164499.06189209953|-164498.59523132598|-164498.04028337903|-164497.53578524548|-164496.95561239187
564.0|1.0|0.8|0.0|-164519.6601609619|-164519.02953829494|-164518.36107826795|-164517.70523069432|-164516.97370840065
564.2|1.0|0.8|0.0|-164515.69075155602|-164514.8204922756|-164513.8871707285|-164512.9790740881|-164512.0205276343
564.4|1.0|0.8|0.0|-164705.78985174428|-164705.20967889068|-164704.56644377037|-164703.94843355674|-164703.2799735298
564.6|1.0|0.8|0.0|-164430.6664156532|-164430.2249797863|-164429.73309410608|-164429.25382087918|-164428.71148538555
564.8|1.0|0.8|0.0|-164556.9494807387|-164556.217958445|-164555.4233738846|-164554.6540142309|-164553.82159231053
565.0|1.0|0.8|0.0|-164844.0570165173|-164842.78315873002|-164841.42101376937|-164840.1093186221|-164838.70933630146
565.2|1.0|0.8|0.0|-164481.67843589289|-164480.6820520791|-164479.6478309053|-164478.61360973146|-164477.51632629096
565.4|1.0|0.8|0.0|-164900.61559385725|-164899.4300232434|-164898.14355300277|-164896.90753257554|-164895.62106233492
565.6|1.0|0.8|0.0|-165109.69403981828|-165108.8111680845|-165107.87784653742|-165106.969749897|-165105.9859785365
565.8|1.0|0.8|0.0|-164511.9601875327|-164511.2538901457|-164510.47191803867|-164509.71517083832|-164508.89536137125
566.0|1.0|0.8|0.0|-164479.83698819685|-164479.40816478332|-164478.90366664977|-164478.42439342287|-164477.89467038264
566.2|1.0|0.8|0.0|-164508.36608521637|-164507.38231385592|-164506.36070513545|-164505.33909641497|-164504.26703788113
566.4|1.0|0.8|0.0|-164612.82083468212|-164612.25327428183|-164611.6226516149|-164611.0046414013|-164610.3361813743
566.6|1.0|0.8|0.0|-164805.81999037895|-164804.98756845857|-164804.11730917817|-164803.25966235108|-164802.35156571068
566.8|1.0|0.8|0.0|-164379.60530231195|-164378.9999045517|-164378.3314445247|-164377.67559695107|-164376.9566871107
567.0|1.0|0.8|0.0|-164474.68225026823|-164473.484067201|-164472.23543432044|-164471.01202634652|-164469.7255561059
567.2|1.0|0.8|0.0|-164494.76702070388|-164493.75802443674|-164492.69857835624|-164491.67696963577|-164490.57968619524
567.4|1.0|0.8|0.0|-164545.50322025517|-164544.11585038787|-164542.69064316055|-164541.26543593322|-164539.77716643916
567.6|1.0|0.8|0.0|-163869.61034184543|-163868.61395803164|-163867.54189949777|-163866.4824534173|-163865.38516997677
567.8|1.0|0.8|0.0|-164458.35966371984|-164456.75788214576|-164455.1056507583|-164453.46603182424|-164451.7759630768
568.0|1.0|0.8|0.0|-164228.48508915937|-164227.61482987893|-164226.6941207852|-164225.7986365981|-164224.84009014434
568.2|1.0|0.8|0.0|-163984.76306463606|-163984.23334159583|-163983.64055628885|-163983.06038343525|-163982.4297607683
568.4|1.0|0.8|0.0|-164199.89010510995|-164198.57840996268|-164197.2036525487|-164195.86673249473|-164194.45413772072
568.6|1.0|0.8|0.0|-163787.3973964772|-163786.32533794336|-163785.20282959615|-163784.10554615568|-163782.94520044845
568.8|1.0|0.8|0.0|-164218.96594383713|-164217.8308230366|-164216.62002751607|-164215.4470693555|-164214.2236613816
569.0|1.0|0.8|0.0|-163747.30014234496|-163746.4172706112|-163745.45872415742|-163744.52540261034|-163743.54163124986
569.2|1.0|0.8|0.0|-164112.28229227688|-164111.27329600972|-164110.17601256925|-164109.10395403538|-164107.9688332349
569.4|1.0|0.8|0.0|-163855.01736967356|-163853.90747377972|-163852.75974052583|-163851.61200727196|-163850.4264366581
569.6|1.0|0.8|0.0|-163998.1449616824|-163997.31253976203|-163996.41705557494|-163995.5467962945|-163994.6134747474
569.8|1.0|0.8|0.0|-164163.89315668662|-164163.2120842063|-164162.4805619126|-164161.77426452562|-164161.00490487192
570.0|1.0|0.8|0.0|-164170.98135546324|-164169.92190938277|-164168.79940103556|-164167.70211759504|-164166.5291594345
570.2|1.0|0.8|0.0|-164203.00985191934|-164201.88734357216|-164200.68916050493|-164199.50358989104|-164198.28018191713
570.4|1.0|0.8|0.0|-163909.89333258412|-163909.03568575703|-163908.10236420995|-163907.19426756952|-163906.23572111572
570.6|1.0|0.8|0.0|-164125.00511254583|-164123.92044155864|-164122.78532075815|-164121.67542486428|-164120.51507915705
570.8|1.0|0.8|0.0|-163843.48273253776|-163842.44851136394|-163841.38906528344|-163840.31700674962|-163839.19449840242
571.0|1.0|0.8|0.0|-163877.45617159858|-163876.54807495815|-163875.58952850438|-163874.65620695727|-163873.6472106901
571.2|1.0|0.8|0.0|-164112.46349806455|-164111.66891350417|-164110.8364915838|-164110.0040696634|-164109.12119792966
571.4|1.0|0.8|0.0|-163985.4939302987|-163984.38403440485|-163983.21107624428|-163982.06334299044|-163980.85254746987
571.6|1.0|0.8|0.0|-164229.267428439|-164228.06924537176|-164226.82061249117|-164225.55936715726|-164224.27289691666
571.8|1.0|0.8|0.0|-163924.48583061507|-163923.7543083214|-163922.97233621438|-163922.177751654|-163921.34532973362
572.0|1.0|0.8|0.0|-163731.6401303918|-163730.9590579115|-163730.20231071112|-163729.49601332413|-163728.70142876377
572.2|1.0|0.8|0.0|-164055.17847885884|-164054.47218147185|-164053.70282181815|-164052.95868707114|-164052.16410251078
572.4|1.0|0.8|0.0|-164006.7670298725|-164006.1237947522|-164005.40488491187|-164004.72381243156|-164003.9670652312
572.6|1.0|0.8|0.0|-163542.06527066647|-163541.005824586|-163539.89592869216|-163538.7860327983|-163537.6256870911
572.8|1.0|0.8|0.0|-163502.31681776204|-163500.80332336135|-163499.23937914727|-163497.7006598399|-163496.11149071917
573.0|1.0|0.8|0.0|-163701.41700617486|-163700.1809857476|-163698.894515507|-163697.6332701731|-163696.29635011914
573.2|1.0|0.8|0.0|-163908.07558953715|-163906.91524382995|-163905.7044483094|-163904.5188776955|-163903.27024481492
573.4|1.0|0.8|0.0|-164171.985835485|-164170.85071468443|-164169.66514407058|-164168.50479836337|-164167.28139038943
573.6|1.0|0.8|0.0|-164067.70607127636|-164066.67185010255|-164065.5619542087|-164064.5025081282|-164063.35477487434
573.8|1.0|0.8|0.0|-164257.47304421815|-164256.33792341762|-164255.12712789705|-164253.9541697365|-164252.71814930925
574.0|1.0|0.8|0.0|-164269.2015150303|-164268.73485425673|-164268.24296857652|-164267.73847044294|-164267.18352249602
574.2|1.0|0.8|0.0|-163969.12602518377|-163968.6593644102|-163968.12964136995|-163967.61253078305|-163967.04497038276
574.4|1.0|0.8|0.0|-164335.5796754187|-164334.74725349832|-164333.86438176458|-164332.99412248418|-164332.0608009371
574.6|1.0|0.8|0.0|-164313.10844161268|-164312.30124459896|-164311.4435977719|-164310.61117585152|-164309.71569166443
574.8|1.0|0.8|0.0|-164318.0020735083|-164316.7156032677|-164315.37868321373|-164314.06698806645|-164312.67961819912
575.0|1.0|0.8|0.0|-164505.08345006284|-164503.83481718227|-164502.54834694168|-164501.2744891544|-164499.9249566471
575.2|1.0|0.8|0.0|-164244.9021040839|-164243.89310781678|-164242.83366173625|-164241.79944056246|-164240.71476957528
575.4|1.0|0.8|0.0|-164181.3338798131|-164180.3374959993|-164179.2780499188|-164178.24382874498|-164177.15915775782
575.6|1.0|0.8|0.0|-164455.04659173795|-164453.73489659067|-164452.3853640834|-164451.04844402944|-164449.6484617088
575.8|1.0|0.8|0.0|-164506.58740594913|-164505.8811085621|-164505.14958626844|-164504.4180639748|-164503.62347941438
576.0|1.0|0.8|0.0|-164623.8158477617|-164623.008650748|-164622.12577901426|-164621.2681321872|-164620.3600355468
576.2|1.0|0.8|0.0|-164320.20439655855|-164319.78818559836|-164319.33413727817|-164318.88008895793|-164318.38820327772
576.4|1.0|0.8|0.0|-164597.17387188767|-164596.63153639407|-164596.05136354046|-164595.47119068686|-164594.8405680199
576.6|1.0|0.8|0.0|-164317.62527590024|-164317.22167739342|-164316.76762907318|-164316.32619320633|-164315.82169507275
576.8|1.0|0.8|0.0|-164351.37620103598|-164350.43026703552|-164349.4212707684|-164348.43749940794|-164347.39066578078
577.0|1.0|0.8|0.0|-164417.61680597352|-164416.55735989302|-164415.46007645252|-164414.362793012|-164413.2150597581
577.2|1.0|0.8|0.0|-164484.85943946583|-164483.90089301206|-164482.86667183822|-164481.85767557108|-164480.77300458393
577.4|1.0|0.8|0.0|-164485.32666652175|-164484.0528087345|-164482.72850113388|-164481.4041935333|-164480.0294361193
577.6|1.0|0.8|0.0|-164269.5780397012|-164268.84651740754|-164268.05193284716|-164267.28257319346|-164266.46276372642
577.8|1.0|0.8|0.0|-164289.80612584605|-164289.17550317908|-164288.4692057921|-164287.78813331178|-164287.0566110181
578.0|1.0|0.8|0.0|-164177.51242016928|-164176.23856238203|-164174.90164232807|-164173.5899471808|-164172.2404146735
578.2|1.0|0.8|0.0|-164458.75792724502|-164457.45884455106|-164456.12192449713|-164454.78500444314|-164453.39763457584
578.4|1.0|0.8|0.0|-164344.13957559105|-164343.4080532974|-164342.62608119036|-164341.84410908332|-164341.0369120696
578.6|1.0|0.8|0.0|-164495.6441863804|-164494.6478025666|-164493.5883564861|-164492.55413531233|-164491.46946432514
578.8|1.0|0.8|0.0|-164534.902189793|-164533.88058107253|-164532.8085225387|-164531.73646400488|-164530.626568111
579.0|1.0|0.8|0.0|-164434.4187740395|-164434.01517553264|-164433.56112721245|-164433.1070788922|-164432.60258075866
579.2|1.0|0.8|0.0|-164480.538783511|-164479.61807441723|-164478.65952796346|-164477.72620641635|-164476.70459769588
579.4|1.0|0.8|0.0|-164729.40877747472|-164728.6268053677|-164727.76915854064|-164726.92412416692|-164726.04125243318
579.6|1.0|0.8|0.0|-164429.28110709702|-164428.49913498998|-164427.64148816292|-164426.82167869585|-164425.92619450876
579.8|1.0|0.8|0.0|-164359.17585676635|-164357.9146114324|-164356.62814119182|-164355.34167095122|-164353.99213844392
580.0|1.0|0.8|0.0|-164524.4136771036|-164523.2533313964|-164522.04253587584|-164520.83174035526|-164519.5831074747
580.2|1.0|0.8|0.0|-164425.22492063296|-164424.48078588594|-164423.6988137789|-164422.9168416719|-164422.08441975148
580.4|1.0|0.8|0.0|-164299.19605398888|-164298.18705772175|-164297.12761164125|-164296.06816556075|-164294.95826966688
580.6|1.0|0.8|0.0|-164405.8925867801|-164404.9844901397|-164404.01333123256|-164403.08000968548|-164402.07101341832
580.8|1.0|0.8|0.0|-164227.53029198977|-164226.43300854927|-164225.27266284206|-164224.11231713486|-164222.92674652097
581.0|1.0|0.8|0.0|-164534.54368188087|-164534.064408654|-164533.52207316042|-164533.01757502684|-164532.45001462655
581.2|1.0|0.8|0.0|-164118.6448237484|-164117.40880332116|-164116.09710817388|-164114.83586283994|-164113.498942786
581.4|1.0|0.8|0.0|-164434.49195633543|-164433.44512270828|-164432.34783926775|-164431.2757807339|-164430.1406599334
581.6|1.0|0.8|0.0|-164962.58958653768|-164961.60581517723|-164960.5589815501|-164959.51214792294|-164958.41486448242
581.8|1.0|0.8|0.0|-165141.2560336371|-165140.19658755657|-165139.06146675607|-165137.93895840886|-165136.77861270166
582.0|1.0|0.8|0.0|-164885.3241304778|-164884.11333495722|-164882.8520896233|-164881.61606919608|-164880.32959895546
582.2|1.0|0.8|0.0|-164552.86003754695|-164551.6744669331|-164550.4258340525|-164549.21503853195|-164547.92856829133
582.4|1.0|0.8|0.0|-164821.4548438588|-164820.6098094851|-164819.72693775137|-164818.84406601763|-164817.92335692383
582.6|1.0|0.8|0.0|-164954.6526317676|-164953.8454347539|-164952.9751754735|-164952.10491619306|-164951.20943200597
582.8|1.0|0.8|0.0|-164670.4648297318|-164669.6324078114|-164668.72431117095|-164667.85405189058|-164666.92073034347
583.0|1.0|0.8|0.0|-164674.7134339448|-164673.95668674444|-164673.1494897307|-164672.39274253038|-164671.53509570332
583.2|1.0|0.8|0.0|-164433.19281735262|-164432.37300788556|-164431.46491124513|-164430.60726441807|-164429.6865553243
583.4|1.0|0.8|0.0|-164231.4857126983|-164230.52716624454|-164229.5181699774|-164228.53439861693|-164227.47495253646
583.6|1.0|0.8|0.0|-164066.74006436017|-164065.9833171598|-164065.1508952394|-164064.3436982257|-164063.46082649197
583.8|1.0|0.8|0.0|-164347.33847342973|-164346.08984054913|-164344.79075785517|-164343.49167516126|-164342.14214265396
584.0|1.0|0.8|0.0|-164411.54809486103|-164410.690448034|-164409.7697389402|-164408.8616422998|-164407.91570829935
584.2|1.0|0.8|0.0|-164090.21997179705|-164089.48844950338|-164088.71908984965|-164087.94973019598|-164087.14253318225
584.4|1.0|0.8|0.0|-164357.70488221504|-164356.85984784132|-164355.96436365423|-164355.09410437383|-164354.14817037337
584.6|1.0|0.8|0.0|-164083.2326726471|-164082.31196355334|-164081.34080464623|-164080.3948706458|-164079.38587437867
584.8|1.0|0.8|0.0|-163776.04012056856|-163775.03112430143|-163773.98429067427|-163772.9626819538|-163771.8780109666
585.0|1.0|0.8|0.0|-163863.68617299918|-163862.4123152119|-163861.10062006462|-163859.78892491735|-163858.43939241004
585.2|1.0|0.8|0.0|-163951.948121467|-163951.40578597342|-163950.8256131198|-163950.25805271952|-163949.62743005258
585.4|1.0|0.8|0.0|-163650.83966680785|-163650.25949395422|-163649.64148374062|-163649.03608598033|-163648.3802384067
585.6|1.0|0.8|0.0|-163806.70178920502|-163805.65495557786|-163804.54505968402|-163803.46038869684|-163802.30004298963
585.8|1.0|0.8|0.0|-164179.3789023388|-164178.1302694582|-164176.80596185758|-164175.50687916364|-164174.15734665634
586.0|1.0|0.8|0.0|-164031.2340341046|-164030.13675066407|-164028.96379250352|-164027.80344679632|-164026.60526372908
586.2|1.0|0.8|0.0|-164272.8841323551|-164271.98864816802|-164271.05532662093|-164270.12200507382|-164269.13823371337
586.4|1.0|0.8|0.0|-164077.89644427496|-164076.86222310114|-164075.75232720727|-164074.66765622012|-164073.51992296625
586.6|1.0|0.8|0.0|-164113.96781238975|-164112.9209787626|-164111.82369532206|-164110.72641188157|-164109.59129108104
586.8|1.0|0.8|0.0|-164174.17403106278|-164172.52179967536|-164170.81911847455|-164169.11643727377|-164167.3885311663
587.0|1.0|0.8|0.0|-164127.51504745238|-164126.65740062532|-164125.76191643826|-164124.86643225118|-164123.90788579738
587.2|1.0|0.8|0.0|-164324.07224520628|-164322.81099987237|-164321.48669227172|-164320.1876095778|-164318.82546461717
587.4|1.0|0.8|0.0|-164212.35214655852|-164211.01522650456|-164209.61524418392|-164208.24048676994|-164206.80266708927
587.6|1.0|0.8|0.0|-164399.4784586399|-164398.46946237277|-164397.41001629227|-164396.37579511845|-164395.27851167793
587.8|1.0|0.8|0.0|-164686.3009770554|-164684.71180793463|-164683.09741390724|-164681.50824478647|-164679.8434009457
588.0|1.0|0.8|0.0|-164158.95657583722|-164158.13676637018|-164157.26650708975|-164156.43408516937|-164155.5007636223
588.2|1.0|0.8|0.0|-164221.51900979635|-164220.92622448938|-164220.2577644624|-164219.60191688876|-164218.9082319551
588.4|1.0|0.8|0.0|-164344.36430532025|-164343.79674492|-164343.16612225302|-164342.5481120394|-164341.87965201243
588.6|1.0|0.8|0.0|-164585.43873844596|-164585.04775239242|-164584.58109161886|-164584.13965575202|-164583.63515761844
588.8|1.0|0.8|0.0|-164817.0412191139|-164816.05744775344|-164815.03583903296|-164814.0142303125|-164812.95478423202
589.0|1.0|0.8|0.0|-164656.8689611442|-164655.8725773304|-164654.82574370323|-164653.7915225294|-164652.70685154226
589.2|1.0|0.8|0.0|-164637.67280716193|-164637.09263430833|-164636.46201164136|-164635.8313889744|-164635.16292894742
589.4|1.0|0.8|0.0|-164580.2861444685|-164579.35282292138|-164578.34382665425|-164577.3600552938|-164576.31322166664
589.6|1.0|0.8|0.0|-164552.3267911939|-164551.48175682014|-164550.5988850864|-164549.72862580602|-164548.7953042589
589.8|1.0|0.8|0.0|-164303.10178446854|-164301.85315158794|-164300.54145644067|-164299.26759865342|-164297.93067859946
590.0|1.0|0.8|0.0|-164392.17573125003|-164390.99016063617|-164389.7541402089|-164388.5181197817|-164387.23164954106
590.2|1.0|0.8|0.0|-164269.21508653453|-164268.3069898941|-164267.36105589368|-164266.42773434657|-164265.41873807943
590.4|1.0|0.8|0.0|-164393.22255734733|-164392.3522980669|-164391.41897651978|-164390.51087987938|-164389.53972097227
590.6|1.0|0.8|0.0|-164082.5798298567|-164081.54560868288|-164080.43571278904|-164079.3636542552|-164078.2159210013
590.8|1.0|0.8|0.0|-163955.5286625209|-163954.35570436035|-163953.10707147975|-163951.88366350587|-163950.60980571862
591.0|1.0|0.8|0.0|-164403.34263300116|-164402.5228235341|-164401.63995180037|-164400.78230497328|-164399.84898342617
591.2|1.0|0.8|0.0|-164315.6482449336|-164314.7401482932|-164313.75637693272|-164312.79783047896|-164311.7888342118
591.4|1.0|0.8|0.0|-164286.3178118599|-164285.22052841936|-164284.0854076188|-164282.95028681832|-164281.77732865774
591.6|1.0|0.8|0.0|-164287.37725794036|-164285.914213353|-164284.4007189523|-164282.8872245516|-164281.32328033756
591.8|1.0|0.8|0.0|-164269.74060000334|-164269.26132677644|-164268.73160373617|-164268.21449314928|-164267.64693274902
592.0|1.0|0.8|0.0|-164345.67657812746|-164344.84415620708|-164343.97389692665|-164343.1162500996|-164342.2081534592
592.2|1.0|0.8|0.0|-164009.2164531229|-164008.1822319491|-164007.0975609619|-164006.03811488143|-164004.9029940809
592.4|1.0|0.8|0.0|-164245.3276991619|-164244.3439278014|-164243.32231908094|-164242.30071036046|-164241.24126428
592.6|1.0|0.8|0.0|-164276.35518085473|-164274.9930358941|-164273.58044112008|-164272.18045879944|-164270.7174142121
592.8|1.0|0.8|0.0|-164130.91236519208|-164129.81508175156|-164128.65473604435|-164127.5070027905|-164126.30881972326
593.0|1.0|0.8|0.0|-164339.3002147066|-164338.58130486627|-164337.7867203059|-164337.0425855589|-164336.2101636385
593.2|1.0|0.8|0.0|-163925.6274176394|-163924.59319646558|-163923.4833005717|-163922.42385449124|-163921.27612123734
593.4|1.0|0.8|0.0|-164080.5461820049|-164079.49934837778|-164078.3894524839|-164077.30478149673|-164076.16966069624
593.6|1.0|0.8|0.0|-164296.81642078597|-164295.58040035874|-164294.2813176648|-164293.00745987755|-164291.69576473028
593.8|1.0|0.8|0.0|-164219.8767539984|-164218.9812698113|-164218.0479482642|-164217.12723917046|-164216.15608026332
594.0|1.0|0.8|0.0|-164334.2438886342|-164333.10876783368|-164331.93580967313|-164330.78807641927|-164329.552055992
594.2|1.0|0.8|0.0|-164403.5926886275|-164402.9116161472|-164402.1927063069|-164401.48640891988|-164400.72966171952
594.4|1.0|0.8|0.0|-163869.44687441716|-163868.43787815003|-163867.3658196162|-163866.31898598903|-163865.2090900952
594.6|1.0|0.8|0.0|-164357.8291590239|-164356.22737744983|-164354.5373087024|-164352.8724648616|-164351.16978366082
594.8|1.0|0.8|0.0|-164254.01809680703|-164252.88297600654|-164251.6847929393|-164250.51183477876|-164249.2758143515
595.0|1.0|0.8|0.0|-163822.45778089925|-163821.56229671216|-163820.59113780502|-163819.6452038046|-163818.63620753746
595.2|1.0|0.8|0.0|-163894.08390341263|-163892.94878261207|-163891.76321199822|-163890.59025383764|-163889.36684586375
595.4|1.0|0.8|0.0|-163833.9351134379|-163833.14052887756|-163832.2828820505|-163831.4504601301|-163830.56758839634
595.6|1.0|0.8|0.0|-163971.81286979766|-163970.5263995571|-163969.20209195648|-163967.87778435586|-163966.49041448854
595.8|1.0|0.8|0.0|-163879.73588665714|-163878.5250911366|-163877.23862089598|-163876.0152129221|-163874.69090532148
596.0|1.0|0.8|0.0|-163965.57624408384|-163964.8194968835|-163964.0122998698|-163963.20510285604|-163962.347456029
596.2|1.0|0.8|0.0|-164388.0808184941|-164387.00875996024|-164385.84841425304|-164384.7385183592|-164383.55294774534
596.4|1.0|0.8|0.0|-164355.60523963225|-164354.44489392504|-164353.25932331115|-164352.06114024392|-164350.83773227004
596.6|1.0|0.8|0.0|-163987.55325056036|-163986.67037882662|-163985.73705727953|-163984.80373573242|-163983.81996437194
596.8|1.0|0.8|0.0|-164267.9244179786|-164267.0793836048|-164266.1712869644|-164265.2884152307|-164264.35509368358
597.0|1.0|0.8|0.0|-164609.6103192009|-164608.6769976538|-164607.68061384|-164606.69684247955|-164605.66262130573
597.2|1.0|0.8|0.0|-163993.82284416194|-163992.96519733488|-163992.03187578777|-163991.13639160068|-163990.19045760026
597.4|1.0|0.8|0.0|-164048.1808049159|-164047.39883280886|-164046.56641088845|-164045.73398896807|-164044.85111723433
597.6|1.0|0.8|0.0|-164028.89636376023|-164027.92520485312|-164026.8909836793|-164025.88198741217|-164024.80992887833
597.8|1.0|0.8|0.0|-164122.08121199757|-164121.05960327707|-164120.0001571966|-164118.96593602278|-164117.86865258228
598.0|1.0|0.8|0.0|-164270.80726177353|-164269.596466253|-164268.36044582576|-164267.11181294516|-164265.82534270457
598.2|1.0|0.8|0.0|-164277.2373049289|-164275.9886720483|-164274.676976901|-164273.3905066604|-164272.04097415312
598.4|1.0|0.8|0.0|-164176.08175059102|-164175.13581659057|-164174.12682032344|-164173.14304896296|-164172.09621533583
598.6|1.0|0.8|0.0|-164087.54306813492|-164086.19353562762|-164084.80616576032|-164083.4314083463|-164082.006201119
598.8|1.0|0.8|0.0|-164104.75934638738|-164103.6494504935|-164102.45126742628|-164101.27830926576|-164100.0422888385
599.0|1.0|0.8|0.0|-163940.1428218834|-163939.23472524298|-163938.2761787892|-163937.3428572421|-163936.33386097496
599.2|1.0|0.8|0.0|-164139.53345093984|-164138.72625392614|-164137.86860709905|-164137.03618517867|-164136.1407009916
599.4|1.0|0.8|0.0|-163980.93885557138|-163980.09382119763|-163979.21094946392|-163978.32807773017|-163977.41998108974
599.6|1.0|0.8|0.0|-164160.76673686685|-164159.95953985315|-164159.12711793277|-164158.29469601237|-164157.41182427862
599.8|1.0|0.8|0.0|-164094.57001951998|-164093.66192287958|-164092.69076397244|-164091.73221751864|-164090.7232212515
600.0|1.0|0.8|0.0|-164218.26503261426|-164217.01639973366|-164215.72992949307|-164214.46868415916|-164213.13176410517
600.2|1.0|0.8|0.0|-164006.2393622619|-164005.2051410881|-164004.13308255427|-164003.0862489271|-164001.96374057993
600.4|1.0|0.8|0.0|-164233.80226169017|-164232.76804051633|-164231.6959819825|-164230.62392344867|-164229.5014151015
600.6|1.0|0.8|0.0|-164109.88142949875|-164109.01117021835|-164108.09046112458|-164107.18236448415|-164106.21120557704
600.8|1.0|0.8|0.0|-164071.48574515255|-164070.6533232322|-164069.7578390451|-164068.87496731136|-164067.9290333109
601.0|1.0|0.8|0.0|-163897.47512775875|-163896.3904567716|-163895.25533597104|-163894.12021517052|-163892.93464455663
601.2|1.0|0.8|0.0|-164357.23239929622|-164356.5261019092|-164355.78196716218|-164355.0504448685|-164354.2684727615
601.4|1.0|0.8|0.0|-164138.11617336312|-164137.34681370942|-164136.53961669572|-164135.75764458868|-164134.89999776165
601.6|1.0|0.8|0.0|-164054.82353151098|-164053.99110959057|-164053.10823785682|-164052.2632034831|-164051.34249438936
601.8|1.0|0.8|0.0|-164100.3719091394|-164099.5647121257|-164098.7322902053|-164097.87464337825|-164096.97915919116
602.0|1.0|0.8|0.0|-163847.2176151391|-163845.79240791177|-163844.30413841776|-163842.82848137707|-163841.28976206967
602.2|1.0|0.8|0.0|-164156.8418334596|-164155.83283719246|-164154.77339111196|-164153.73916993814|-164152.6292740443
602.4|1.0|0.8|0.0|-163995.03727091663|-163993.8643127561|-163992.6535172355|-163991.4553341683|-163990.2067012877
602.6|1.0|0.8|0.0|-164034.4058142364|-164033.1571813558|-164031.8580986619|-164030.57162842128|-164029.222095914
602.8|1.0|0.8|0.0|-164055.24672767133|-164054.32601857756|-164053.38008457713|-164052.44676303002|-164051.45037921623
603.0|1.0|0.8|0.0|-164134.42583734397|-164133.20242937005|-164131.91595912946|-164130.62948888884|-164129.31779374156
603.2|1.0|0.8|0.0|-164241.61481520036|-164240.34095741308|-164239.01664981246|-164237.70495466518|-164236.33019725123
603.4|1.0|0.8|0.0|-164468.68640835138|-164467.891823791|-164467.04678941728|-164466.2143674969|-164465.33149576315
603.6|1.0|0.8|0.0|-164364.07700960097|-164362.75270200035|-164361.37794458636|-164360.04102453243|-164358.61581730508
603.8|1.0|0.8|0.0|-164223.5447793618|-164222.7754197081|-164221.9682226944|-164221.14841322735|-164220.30337885363
604.0|1.0|0.8|0.0|-164120.115371585|-164119.23249985126|-164118.27395339747|-164117.32801939704|-164116.33163558325
604.2|1.0|0.8|0.0|-163769.16507341736|-163767.90382808342|-163766.59213293614|-163765.28043778887|-163763.93090528157
604.4|1.0|0.8|0.0|-163967.75799451326|-163967.02647221962|-163966.2318876592|-163965.46252800553|-163964.63010608513
604.6|1.0|0.8|0.0|-163841.1668003476|-163840.24609125382|-163839.26231989337|-163838.31638589295|-163837.29477717244
604.8|1.0|0.8|0.0|-164017.66050995543|-164016.65151368827|-164015.59206760777|-164014.55784643398|-164013.44795054014
605.0|1.0|0.8|0.0|-164160.16815934592|-164159.03303854537|-164157.8222430248|-164156.64928486428|-164155.42587689037
605.2|1.0|0.8|0.0|-164157.1018265627|-164156.21895482895|-164155.28563328183|-164154.35231173475|-164153.40637773433
605.4|1.0|0.8|0.0|-164032.83270554678|-164032.11379570645|-164031.3318235994|-164030.57507639905|-164029.755266932
605.6|1.0|0.8|0.0|-164080.10010673472|-164079.20462254764|-164078.24607609387|-164077.31275454676|-164076.31637073297
605.8|1.0|0.8|0.0|-163664.78009398712|-163663.4810112932|-163662.13147878592|-163660.80717118527|-163659.41980131797
606.0|1.0|0.8|0.0|-164379.46562549056|-164378.07825562326|-164376.62782348922|-164375.2026162619|-164373.71434676787
606.2|1.0|0.8|0.0|-163997.88837781083|-163996.816319277|-163995.68119847646|-163994.5460776759|-163993.3857319687
606.4|1.0|0.8|0.0|-164380.72678646923|-164379.8313022822|-164378.9105931884|-164377.98988409466|-164377.0061127342
606.6|1.0|0.8|0.0|-164390.80413668728|-164389.82036532683|-164388.76091924636|-164387.72669807254|-164386.64202708536
606.8|1.0|0.8|0.0|-164474.6265015797|-164473.9202041927|-164473.16345699236|-164472.40670979198|-164471.59951277828
607.0|1.0|0.8|0.0|-164484.98720032172|-164483.95297914793|-164482.8556957074|-164481.78363717356|-164480.64851637304
607.2|1.0|0.8|0.0|-164529.29829575287|-164528.52893609917|-164527.68390172545|-164526.87670471176|-164525.993832978
607.4|1.0|0.8|0.0|-164264.12252397428|-164263.39100168055|-164262.63425448025|-164261.89011973323|-164261.09553517288
607.6|1.0|0.8|0.0|-164574.78868612504|-164573.57789060447|-164572.29142036385|-164571.03017502994|-164569.70586742932
607.8|1.0|0.8|0.0|-164271.10383555526|-164269.91826494137|-164268.65701960743|-164267.4209991802|-164266.12191648627
608.0|1.0|0.8|0.0|-164002.25952554078|-164001.06134247355|-163999.81270959295|-163998.56407671238|-163997.2776064718
608.2|1.0|0.8|0.0|-163956.60244445282|-163955.71957271907|-163954.76102626527|-163953.85292962487|-163952.88177071774
608.4|1.0|0.8|0.0|-164074.1338723316|-164073.08703870446|-164071.98975526393|-164070.8924718234|-164069.7573510229
608.6|1.0|0.8|0.0|-164327.05283943992|-164326.25825487956|-164325.38799559913|-164324.55557367875|-164323.67270194498
608.8|1.0|0.8|0.0|-163793.13515634157|-163792.22705970117|-163791.25590079403|-163790.29735434026|-163789.28835807313
609.0|1.0|0.8|0.0|-163885.80976143343|-163885.24220103316|-163884.59896591288|-163883.9935681526|-163883.31249567226
609.2|1.0|0.8|0.0|-163940.38576302765|-163939.49027884056|-163938.55695729345|-163937.62363574636|-163936.6398643859
609.4|1.0|0.8|0.0|-163861.15450710015|-163860.85180822006|-163860.47343461984|-163860.1328983797|-163859.7166874195
609.6|1.0|0.8|0.0|-163882.61903500144|-163881.9631874278|-163881.2316651341|-163880.5505926538|-163879.79384545347
609.8|1.0|0.8|0.0|-164003.3158329042|-164002.31944909037|-164001.2600030099|-164000.22578183608|-163999.12849839558
610.0|1.0|0.8|0.0|-163750.94138585366|-163749.95761449318|-163748.94861822604|-163747.9396219589|-163746.8801758784
610.2|1.0|0.8|0.0|-163761.6239949563|-163760.36274962238|-163759.03844202176|-163757.73935932782|-163756.37721436718
610.4|1.0|0.8|0.0|-163857.80656412113|-163856.24261990705|-163854.6534507863|-163853.0390567589|-163851.38682537148
610.6|1.0|0.8|0.0|-163453.45124952684|-163452.35396608632|-163451.1936203791|-163450.05849957856|-163448.8729289647
610.8|1.0|0.8|0.0|-164176.87558324233|-164175.80352470846|-164174.69362881462|-164173.5963453741|-164172.44861212026
611.0|1.0|0.8|0.0|-164050.02982041432|-164049.17217358723|-164048.26407694683|-164047.38120521308|-164046.43527121263
611.2|1.0|0.8|0.0|-164081.00722603078|-164080.30092864376|-164079.5315689901|-164078.78743424307|-164077.98023722935
611.4|1.0|0.8|0.0|-163920.50279560976|-163919.75866086275|-163918.92623894237|-163918.14426683533|-163917.27400755492
611.6|1.0|0.8|0.0|-164293.41191635848|-164292.1002212112|-164290.70023889054|-164289.35070638327|-164287.9254991559
611.8|1.0|0.8|0.0|-164202.4002933571|-164201.2777850099|-164200.10482684936|-164198.9570935955|-164197.74629807496
612.0|1.0|0.8|0.0|-164013.89668485144|-164013.3417369045|-164012.73633914423|-164012.13094138392|-164011.4750938103
612.2|1.0|0.8|0.0|-164100.39288985173|-164099.91361662486|-164099.3838935846|-164098.87939545105|-164098.2866101441
612.4|1.0|0.8|0.0|-164164.55608174458|-164163.87500926427|-164163.1434869706|-164162.42457713027|-164161.65521747657
612.6|1.0|0.8|0.0|-164004.7727551158|-164003.8646584754|-164002.9061120216|-164001.9475655678|-164000.93856930066
612.8|1.0|0.8|0.0|-164017.63756419564|-164017.09522870206|-164016.47721848844|-164015.8844331815|-164015.24119806118
613.0|1.0|0.8|0.0|-164125.663227046|-164124.6668432322|-164123.59478469836|-164122.56056352454|-164121.46328008405
613.2|1.0|0.8|0.0|-163992.10557212454|-163990.97045132398|-163989.78488071013|-163988.62453500292|-163987.38851457566
613.4|1.0|0.8|0.0|-163895.59507917287|-163894.68698253244|-163893.703211172|-163892.7698896249|-163891.76089335774
613.6|1.0|0.8|0.0|-164046.28829138077|-164045.5567690871|-164044.7621845267|-164043.99282487304|-164043.18562785932
613.8|1.0|0.8|0.0|-164103.2122925267|-164102.12762153952|-164100.99250073897|-164099.88260484513|-164098.70964668458
614.0|1.0|0.8|0.0|-163852.37582051643|-163851.27853707594|-163850.13080382204|-163849.0082954749|-163847.83533731435
614.2|1.0|0.8|0.0|-163707.09317196984|-163706.09678815602|-163705.0625669822|-163704.04095826173|-163702.9688997279
614.4|1.0|0.8|0.0|-163524.81398279045|-163523.75453670995|-163522.65725326946|-163521.55996982893|-163520.4122365751
614.6|1.0|0.8|0.0|-163564.09381841143|-163563.36229611776|-163562.56771155738|-163561.81096435702|-163560.97854243667
614.8|1.0|0.8|0.0|-163589.37756043993|-163588.62081323954|-163587.81361622585|-163587.00641921215|-163586.14877238506
615.0|1.0|0.8|0.0|-163804.24496720827|-163802.95849696765|-163801.6215769137|-163800.3098817664|-163798.9225118991
615.2|1.0|0.8|0.0|-163437.0678560751|-163436.09669716796|-163435.06247599414|-163434.06609218035|-163433.00664609985
615.4|1.0|0.8|0.0|-163699.67690501027|-163698.44088458305|-163697.17963924914|-163695.93100636854|-163694.61931122126
615.6|1.0|0.8|0.0|-163838.41619480087|-163837.23062418695|-163835.96937885304|-163834.7333584258|-163833.4468881852
615.8|1.0|0.8|0.0|-163849.26701458442|-163848.3336930373|-163847.3373092235|-163846.3535378631|-163845.31931668925
616.0|1.0|0.8|0.0|-163685.11289213382|-163684.14173322672|-163683.1201245062|-163682.08590333242|-163681.02645725192
616.2|1.0|0.8|0.0|-163707.2351352908|-163706.20091411698|-163705.11624312983|-163704.05679704933|-163702.9469011555
616.4|1.0|0.8|0.0|-163809.58604202568|-163808.2743468784|-163806.91220191776|-163805.55005695712|-163804.15007463648
616.6|1.0|0.8|0.0|-163611.55214000875|-163610.83323016844|-163610.06387051474|-163609.31973576773|-163608.512538754
616.8|1.0|0.8|0.0|-163941.28791721296|-163940.14018395913|-163938.9420008919|-163937.76904273132|-163936.5330223041
617.0|1.0|0.8|0.0|-163633.8763996832|-163632.64037925596|-163631.37913392202|-163630.10527613477|-163628.7935809875
617.2|1.0|0.8|0.0|-163901.83051600633|-163901.22511824605|-163900.58188312576|-163899.9512604588|-163899.2449630718
617.4|1.0|0.8|0.0|-164033.1135428142|-164032.2811208938|-164031.3982491601|-164030.540602333|-164029.63250569257
617.6|1.0|0.8|0.0|-163925.3530736141|-163924.52065169372|-163923.63777995997|-163922.7549082262|-163921.82158667914
617.8|1.0|0.8|0.0|-163746.39869448607|-163745.79329672575|-163745.15006160547|-163744.53205139184|-163743.85097891156
618.0|1.0|0.8|0.0|-163934.7289600698|-163933.732576256|-163932.6605177222|-163931.62629654835|-163930.5164006545
618.2|1.0|0.8|0.0|-164126.33940922387|-164124.91420199655|-164123.41332004918|-164121.9502754618|-164120.43678106111
618.4|1.0|0.8|0.0|-163947.98670655407|-163946.51104951338|-163944.99755511267|-163943.4966731653|-163941.9453414046
618.6|1.0|0.8|0.0|-164313.07182501294|-164312.15111591917|-164311.17995701206|-164310.24663546495|-164309.25025165116
618.8|1.0|0.8|0.0|-164106.58073894336|-164105.28165624943|-164103.94473619547|-164102.59520368816|-164101.20783382087
619.0|1.0|0.8|0.0|-164243.87507368557|-164242.91652723178|-164241.882306058|-164240.8859222442|-164239.8264761637
619.2|1.0|0.8|0.0|-163850.44860757206|-163849.21258714484|-163847.92611690424|-163846.652259117|-163845.3405639697
619.4|1.0|0.8|0.0|-164133.9714957866|-164132.79853762605|-164131.5625171988|-164130.36433413156|-164129.10308879765
619.6|1.0|0.8|0.0|-163908.8265912283|-163907.77975760115|-163906.70769906734|-163905.6356405335|-163904.52574463963
619.8|1.0|0.8|0.0|-164378.62249296423|-164377.9666453906|-164377.24773555028|-164376.56666306994|-164375.83514077627
620.0|1.0|0.8|0.0|-164334.00075607278|-164333.13049679238|-164332.2097876986|-164331.31430351152|-164330.3431446044
620.2|1.0|0.8|0.0|-164132.3024022721|-164131.36908072498|-164130.3348595512|-164129.3384757374|-164128.29164211024
620.4|1.0|0.8|0.0|-164147.32961152247|-164146.64853904213|-164145.9044042951|-164145.17288200144|-164144.3909098944
620.6|1.0|0.8|0.0|-164271.8041663429|-164270.87084479578|-164269.88707343533|-164268.91591452822|-164267.88169335437
620.8|1.0|0.8|0.0|-164114.40508491104|-164113.09338976376|-164111.71863234977|-164110.36909984247|-164108.94389261515
621.0|1.0|0.8|0.0|-164214.83805085116|-164214.25787799756|-164213.61464287728|-164212.9840202103|-164212.29033527666
621.2|1.0|0.8|0.0|-164492.19651407414|-164491.30102988708|-164490.35509588665|-164489.4217743395|-164488.4380029791
621.4|1.0|0.8|0.0|-164267.76082042407|-164266.76443661025|-164265.6923780764|-164264.65815690262|-164263.54826100878
621.6|1.0|0.8|0.0|-164538.03422098397|-164537.18918661025|-164536.3063148765|-164535.4360555961|-164534.51534650233
621.8|1.0|0.8|0.0|-164471.0305268223|-164470.04675546184|-164469.012534288|-164467.9783131142|-164466.91886703367
622.0|1.0|0.8|0.0|-164413.6356183712|-164412.5761722907|-164411.4915013035|-164410.40683031635|-164409.2590970625
622.2|1.0|0.8|0.0|-164140.8764515405|-164140.01880471344|-164139.110708073|-164138.22783633924|-164137.2819023388
622.4|1.0|0.8|0.0|-164103.24192013504|-164102.57346010805|-164101.84193781437|-164101.1356404274|-164100.3915056804
622.6|1.0|0.8|0.0|-164373.22368212213|-164372.10117377495|-164370.9282156144|-164369.7678699072|-164368.53184947994
622.8|1.0|0.8|0.0|-164091.86846914524|-164090.54416154462|-164089.16940413063|-164087.80725917002|-164086.394664396
623.0|1.0|0.8|0.0|-164191.7628857888|-164190.79172688173|-164189.77011816125|-164188.7611218941|-164187.7016758136
623.2|1.0|0.8|0.0|-164049.59531174923|-164048.88901436224|-164048.13226716188|-164047.37551996153|-164046.56832294783
623.4|1.0|0.8|0.0|-164138.18882026148|-164137.053699461|-164135.86812884707|-164134.70778313986|-164133.49698761932
623.6|1.0|0.8|0.0|-164191.09645722402|-164190.55412173044|-164189.9361115168|-164189.3559386632|-164188.72531599624
623.8|1.0|0.8|0.0|-163989.4447154846|-163988.58706865754|-163987.65374711045|-163986.75826292337|-163985.8123289229
624.0|1.0|0.8|0.0|-164253.57825787173|-164252.5692616046|-164251.4972030708|-164250.46298189697|-164249.32786109645
624.2|1.0|0.8|0.0|-164190.64114088193|-164189.6069197081|-164188.48441136093|-164187.39974037374|-164186.26461957322
624.4|1.0|0.8|0.0|-164281.15554625855|-164280.1717748981|-164279.12494127094|-164278.10333255047|-164277.00604910994
624.6|1.0|0.8|0.0|-164129.89301791467|-164129.199332981|-164128.44258578063|-164127.7236759403|-164126.92909137995
624.8|1.0|0.8|0.0|-164380.3844874457|-164379.23675419186|-164378.0385711246|-164376.8656129641|-164375.6169800835
625.0|1.0|0.8|0.0|-164437.21121277707|-164436.36617840335|-164435.45808176292|-164434.57521002917|-164433.6166635754
625.2|1.0|0.8|0.0|-164243.33798461987|-164242.190251366|-164241.0046807521|-164239.8317225916|-164238.583089711
625.4|1.0|0.8|0.0|-164314.97801267868|-164314.1834281183|-164313.31316883792|-164312.46813446417|-164311.56003782374
625.6|1.0|0.8|0.0|-164297.8489019776|-164297.11737968388|-164296.3101826702|-164295.5408230165|-164294.69578864277
625.8|1.0|0.8|0.0|-164347.63811862326|-164346.27597366262|-164344.8507664353|-164343.42555920797|-164341.9625146206
626.0|1.0|0.8|0.0|-164382.0865368633|-164381.2541149429|-164380.34601830246|-164379.4883714754|-164378.54243747494
626.2|1.0|0.8|0.0|-164092.90067830076|-164091.43763371345|-164089.89891440605|-164088.38542000536|-164086.82147579128
626.4|1.0|0.8|0.0|-164340.88673585636|-164340.30656300276|-164339.6507154291|-164339.02009276216|-164338.36424518854
626.6|1.0|0.8|0.0|-164158.0161684315|-164157.09545933775|-164156.11168797727|-164155.17836643016|-164154.16937016303
626.8|1.0|0.8|0.0|-164486.41416245053|-164485.32949146334|-164484.20698311616|-164483.08447476896|-164481.8989041551
627.0|1.0|0.8|0.0|-164389.07146869617|-164388.26427168248|-164387.35617504205|-164386.4733033083|-164385.53998176122
627.2|1.0|0.8|0.0|-164484.87566426085|-164483.841443087|-164482.78199700653|-164481.72255092603|-164480.60004257885
627.4|1.0|0.8|0.0|-164360.35291244282|-164359.55832788243|-164358.70068105534|-164357.85564668162|-164356.96016249454
627.6|1.0|0.8|0.0|-164641.13356703008|-164640.30114510967|-164639.40566092258|-164638.5354016422|-164637.6020800951
627.8|1.0|0.8|0.0|-164611.1136186444|-164609.83976085714|-164608.50284080318|-164607.1911456559|-164605.82900069526
628.0|1.0|0.8|0.0|-164840.03113261054|-164839.12303597011|-164838.15187706298|-164837.20594306255|-164836.19694679542
628.2|1.0|0.8|0.0|-164626.38593369458|-164625.2382004407|-164624.06524228016|-164622.90489657296|-164621.68148859905
628.4|1.0|0.8|0.0|-164624.12243551726|-164623.3656883169|-164622.54587884984|-164621.73868183614|-164620.88103500905
628.6|1.0|0.8|0.0|-164601.79658296672|-164601.0398357664|-164600.23263875267|-164599.42544173895|-164598.58040736525
628.8|1.0|0.8|0.0|-164890.92539915576|-164890.1938768621|-164889.39929230174|-164888.62993264804|-164887.810123181
629.0|1.0|0.8|0.0|-164582.8017733214|-164581.66665252091|-164580.46846945368|-164579.30812374648|-164578.07210331922
629.2|1.0|0.8|0.0|-164655.28800948756|-164654.3420754871|-164653.32046676663|-164652.32408295284|-164651.27724932568
629.4|1.0|0.8|0.0|-164689.2773577987|-164687.82692566473|-164686.31343126402|-164684.82516177|-164683.27383000925
629.6|1.0|0.8|0.0|-164710.45366695526|-164709.21764652804|-164707.9311762874|-164706.64470604682|-164705.30778599286
629.8|1.0|0.8|0.0|-164650.06078141465|-164648.84998589405|-164647.56351565348|-164646.30227031955|-164644.9653502656
630.0|1.0|0.8|0.0|-164308.37679229325|-164307.69571981294|-164306.95158506592|-164306.23267522556|-164305.4380906652
630.2|1.0|0.8|0.0|-164354.3903224393|-164353.7344748657|-164353.05340238538|-164352.3597174517|-164351.6155827047
630.4|1.0|0.8|0.0|-164248.80504131495|-164247.60685824772|-164246.34561291378|-164245.10959248655|-164243.81050979262
630.6|1.0|0.8|0.0|-164346.5767796005|-164345.45427125331|-164344.26870063943|-164343.10835493222|-164341.89755941165
630.8|1.0|0.8|0.0|-164350.8149092462|-164349.9194250591|-164348.97349105868|-164348.0149446049|-164347.04378569778
631.0|1.0|0.8|0.0|-164492.19593309925|-164490.99775003202|-164489.7365046981|-164488.50048427086|-164487.20140157692
631.2|1.0|0.8|0.0|-164136.1422453347|-164135.335048321|-164134.4774014939|-164133.61975466684|-164132.71165802644
631.4|1.0|0.8|0.0|-164282.5197617734|-164281.82607683976|-164281.06932963943|-164280.32519489242|-164279.54322278537
631.6|1.0|0.8|0.0|-164619.6537420673|-164618.6573582535|-164617.61052462636|-164616.55107854586|-164615.45379510536
631.8|1.0|0.8|0.0|-164540.2224031566|-164539.22601934284|-164538.19179816902|-164537.13235208852|-164536.04768110134
632.0|1.0|0.8|0.0|-164557.64020121808|-164556.85822911104|-164556.01319473732|-164555.19338527025|-164554.32312598987
632.2|1.0|0.8|0.0|-164478.1445032007|-164476.93370768015|-164475.6724623462|-164474.4112170123|-164473.11213431833
632.4|1.0|0.8|0.0|-164390.72758910662|-164389.74381774617|-164388.70959657233|-164387.70060030522|-164386.64115422472
632.6|1.0|0.8|0.0|-164554.32372136955|-164553.17598811566|-164551.9904175018|-164550.8048468879|-164549.56882646066
632.8|1.0|0.8|0.0|-164413.17945325735|-164412.5488305904|-164411.86775811008|-164411.19929808308|-164410.4677757894
633.0|1.0|0.8|0.0|-164322.82996410882|-164321.58133122823|-164320.28224853432|-164318.9957782937|-164317.65885823977
633.2|1.0|0.8|0.0|-164202.67112114615|-164201.9774362125|-164201.2333014655|-164200.5017791718|-164199.7324195181
633.4|1.0|0.8|0.0|-163688.3478864264|-163687.23799053257|-163686.0524199187|-163684.9046866648|-163683.69389114427
633.6|1.0|0.8|0.0|-164310.74856557316|-164309.8909187461|-164308.95759719898|-164308.07472546524|-164307.11617901147
633.8|1.0|0.8|0.0|-164621.82531631578|-164621.32081818223|-164620.76587023528|-164620.23614719504|-164619.65597434144
634.0|1.0|0.8|0.0|-164298.40796860313|-164297.70167121614|-164296.9196991091|-164296.16295190877|-164295.35575489505
634.2|1.0|0.8|0.0|-164546.7082150773|-164545.72444371687|-164544.71544744974|-164543.70645118257|-164542.64700510207
634.4|1.0|0.8|0.0|-164602.52700738193|-164601.4171114881|-164600.2693782342|-164599.14686988702|-164597.96129927313
634.6|1.0|0.8|0.0|-164276.41941384325|-164275.58699192287|-164274.69150773578|-164273.82124845538|-164272.88792690827
634.8|1.0|0.8|0.0|-164302.48349009137|-164301.44926891752|-164300.36459793037|-164299.2799269432|-164298.15741859603
635.0|1.0|0.8|0.0|-164044.6855791531|-164043.8783821394|-164043.008122859|-164042.16308848528|-164041.25499184485
635.2|1.0|0.8|0.0|-164113.94056043873|-164113.14597587835|-164112.31355395797|-164111.48113203756|-164110.6234852105
635.4|1.0|0.8|0.0|-163976.28320364712|-163975.57690626013|-163974.7949341531|-163974.03818695273|-163973.23098993904
635.6|1.0|0.8|0.0|-164516.47790279088|-164515.69593068384|-164514.86350876346|-164514.05631174977|-164513.173440016
635.8|1.0|0.8|0.0|-164383.24654878993|-164382.64115102967|-164381.98530345602|-164381.34206833574|-164380.6609958554
636.0|1.0|0.8|0.0|-164226.64048504955|-164225.89635030256|-164225.10176574218|-164224.3324060885|-164223.4747592614
636.2|1.0|0.8|0.0|-164207.83580332375|-164206.99076895005|-164206.08267230965|-164205.18718812254|-164204.25386657543
636.4|1.0|0.8|0.0|-164301.39974857913|-164300.32769004532|-164299.21779415148|-164298.1078982576|-164296.9727774571
636.6|1.0|0.8|0.0|-164231.24068474953|-164230.30736320242|-164229.32359184197|-164228.3398204815|-164227.31821176104
636.8|1.0|0.8|0.0|-164271.06863274984|-164270.02179912268|-164268.92451568216|-164267.83984469497|-164266.70472389445
637.0|1.0|0.8|0.0|-164038.39926041113|-164037.69296302414|-164036.96144073046|-164036.2299184368|-164035.44794632975
637.2|1.0|0.8|0.0|-163950.6681602181|-163949.5204269642|-163948.28440653696|-163947.0736110164|-163945.79975322916
637.4|1.0|0.8|0.0|-163992.48096856364|-163991.5980968299|-163990.63955037613|-163989.7188412824|-163988.74768237525
637.6|1.0|0.8|0.0|-164008.83665964956|-164007.63847658233|-164006.37723124842|-164005.12859836785|-164003.82951567392
637.8|1.0|0.8|0.0|-163666.50225149465|-163665.3923556008|-163664.2320098936|-163663.0842766397|-163661.8860935725
638.0|1.0|0.8|0.0|-163880.15488332228|-163879.15849950848|-163878.11166588136|-163877.07744470754|-163875.99277372035
638.2|1.0|0.8|0.0|-164052.93651259865|-164052.12931558493|-164051.2842812112|-164050.43924683746|-164049.5563751037
638.4|1.0|0.8|0.0|-163860.00074758133|-163859.04220112754|-163858.00797995372|-163857.01159613993|-163855.95215005943
638.6|1.0|0.8|0.0|-163996.48984842852|-163995.8340008549|-163995.1655408279|-163994.49708080094|-163993.79078341395
638.8|1.0|0.8|0.0|-164240.43565657688|-164239.0482867096|-164237.5978545756|-164236.17264734823|-164234.68437785422
639.0|1.0|0.8|0.0|-163807.05914738824|-163805.84835186767|-163804.56188162707|-163803.30063629316|-163801.9889411459
639.2|1.0|0.8|0.0|-164123.05762875112|-164122.09908229735|-164121.07747357688|-164120.06847730972|-164119.00903122925
639.4|1.0|0.8|0.0|-164149.59468510005|-164148.4847892062|-164147.29921859235|-164146.1640977918|-164144.95330227123
639.6|1.0|0.8|0.0|-164226.7375386698|-164226.19520317623|-164225.60241786932|-164225.00963256237|-164224.3790098954
639.8|1.0|0.8|0.0|-164182.73023478105|-164181.54466416716|-164180.28341883322|-164179.07262331268|-164177.78615307208
640.0|1.0|0.8|0.0|-164196.9262002592|-164196.13161569883|-164195.2739688718|-164194.4415469514|-164193.55867521765
640.2|1.0|0.8|0.0|-164626.68247107317|-164626.10229821954|-164625.4464506459|-164624.81582797895|-164624.12214304527
640.4|1.0|0.8|0.0|-164200.7043510303|-164199.70796721647|-164198.648521136|-164197.58907505547|-164196.5044040683
640.6|1.0|0.8|0.0|-164228.1176034116|-164227.3734686646|-164226.5662716509|-164225.78429954386|-164224.9266527168
640.8|1.0|0.8|0.0|-164425.94393403715|-164424.78358832994|-164423.5475679027|-164422.3367723821|-164421.06291459486
641.0|1.0|0.8|0.0|-164488.03469373626|-164486.9878601091|-164485.87796421527|-164484.79329322808|-164483.63294752088
641.2|1.0|0.8|0.0|-164439.52094968117|-164438.76420248082|-164437.9570054671|-164437.18764581342|-164436.35522389304
641.4|1.0|0.8|0.0|-164409.2258367604|-164408.48170201338|-164407.68711745297|-164406.8925328926|-164406.0474985189
641.6|1.0|0.8|0.0|-164249.1925534059|-164248.36013148553|-164247.46464729845|-164246.5817755647|-164245.63584156425
641.8|1.0|0.8|0.0|-164648.15528850042|-164646.9571054332|-164645.69586009928|-164644.459839672|-164643.17336943143
642.0|1.0|0.8|0.0|-164723.08005786076|-164722.12151140696|-164721.08729023315|-164720.078293966|-164719.00623543217
642.2|1.0|0.8|0.0|-164598.9374225434|-164597.89058891626|-164596.7806930224|-164595.6960220352|-164594.535676328
642.4|1.0|0.8|0.0|-164082.74039614102|-164082.07193611405|-164081.3782511804|-164080.6719537934|-164079.91520659305
642.6|1.0|0.8|0.0|-164127.79886537377|-164127.0673430801|-164126.26014606637|-164125.465561506|-164124.62052713227
642.8|1.0|0.8|0.0|-164080.8346579456|-164079.80043677182|-164078.7031533313|-164077.64370725083|-164076.52119890362
643.0|1.0|0.8|0.0|-164210.1847826276|-164208.67128822688|-164207.1073440128|-164205.54339979874|-164203.92900577132
643.2|1.0|0.8|0.0|-163939.37623069214|-163938.0014732782|-163936.56365359752|-163935.1510588235|-163933.6627893295
643.4|1.0|0.8|0.0|-164028.63732699657|-164027.5904933694|-164026.4932099289|-164025.42115139504|-164024.2734181412
643.6|1.0|0.8|0.0|-164425.31435828915|-164424.51977372877|-164423.6621269017|-164422.85492988798|-164421.97205815426
643.8|1.0|0.8|0.0|-164167.8419050171|-164166.64372194986|-164165.35725170927|-164164.121231282|-164162.8221485881
644.0|1.0|0.8|0.0|-164221.21478162787|-164219.5121004271|-164217.7463569596|-164216.0058383988|-164214.20225757128
644.2|1.0|0.8|0.0|-164203.27987297953|-164202.182589539|-164201.0222438318|-164199.91234793796|-164198.72677732407
644.4|1.0|0.8|0.0|-164166.56265527118|-164165.1248355905|-164163.62395364317|-164162.14829660248|-164160.59696484174
644.6|1.0|0.8|0.0|-164004.36921021683|-164002.7800410961|-164001.14042216196|-163999.5134156812|-163997.82334693376
644.8|1.0|0.8|0.0|-164174.45279370897|-164173.1789359217|-164171.86724077442|-164170.58077053382|-164169.2186255732
645.0|1.0|0.8|0.0|-164373.84341036965|-164372.92270127588|-164371.93892991546|-164370.992995915|-164369.9966121012
645.2|1.0|0.8|0.0|-164236.0649700921|-164234.89201193154|-164233.65599150432|-164232.44519598375|-164231.17133819647
645.4|1.0|0.8|0.0|-164665.59389366506|-164664.2443611578|-164662.84437883712|-164661.45700896982|-164660.01918928913
645.6|1.0|0.8|0.0|-164463.769415331|-164462.62168207712|-164461.41088655655|-164460.2253159427|-164458.96407060878
645.8|1.0|0.8|0.0|-164499.92931905453|-164498.7311359873|-164497.4825031067|-164496.25909513282|-164494.96001243885
646.0|1.0|0.8|0.0|-164522.61880807098|-164520.9539642302|-164519.2134456694|-164517.49815201524|-164515.73240854777
646.2|1.0|0.8|0.0|-164281.18275427478|-164280.40078216774|-164279.55574779402|-164278.73593832698|-164277.86567904655
646.4|1.0|0.8|0.0|-164136.82385971857|-164135.68873891805|-164134.50316830416|-164133.34282259695|-164132.13202707638
646.6|1.0|0.8|0.0|-163983.96092524732|-163982.91409162016|-163981.81680817963|-163980.74474964582|-163979.59701639196
646.8|1.0|0.8|0.0|-164402.06474277508|-164401.01790914792|-164399.90801325408|-164398.81072981356|-164397.6629965597
647.0|1.0|0.8|0.0|-164203.94832572274|-164203.10329134902|-164202.22041961525|-164201.35016033487|-164200.4294512411
647.2|1.0|0.8|0.0|-164099.70639887417|-164098.96226412716|-164098.1424546601|-164097.36048255305|-164096.502835726
647.4|1.0|0.8|0.0|-164009.9183435523|-164009.0228593652|-164008.06431291145|-164007.13099136433|-164006.13460755054
647.6|1.0|0.8|0.0|-164011.31992018397|-164010.15957447677|-164008.93616650288|-164007.73798343565|-164006.47673810172
647.8|1.0|0.8|0.0|-164065.85822791883|-164064.8492316517|-164063.7897855712|-164062.74295194403|-164061.6330560502
648.0|1.0|0.8|0.0|-163912.79899922715|-163911.73955314662|-163910.62965725278|-163909.54498626562|-163908.38464055842
648.2|1.0|0.8|0.0|-164067.90695039276|-164066.62048015217|-164065.25833519152|-164063.94664004425|-164062.53404527024
648.4|1.0|0.8|0.0|-164096.9578521328|-164095.7975064256|-164094.57409845167|-164093.37591538444|-164092.1020575972
648.6|1.0|0.8|0.0|-164254.85315548637|-164253.8819965793|-164252.8603878588|-164251.85139159166|-164250.8045579645
648.8|1.0|0.8|0.0|-164277.48118378734|-164276.54786224023|-164275.5388659731|-164274.55509461262|-164273.50826098546
649.0|1.0|0.8|0.0|-164220.26176285328|-164219.80771453306|-164219.3032163995|-164218.79871826593|-164218.243770319
649.2|1.0|0.8|0.0|-164369.23317617094|-164368.3250795305|-164367.3665330767|-164366.44582398297|-164365.44944016915
649.4|1.0|0.8|0.0|-164401.25392281605|-164400.1818642822|-164399.05935593502|-164397.9494600412|-164396.7765018806
649.6|1.0|0.8|0.0|-164671.63356461516|-164671.0407793082|-164670.3975441879|-164669.76692152093|-164669.07323658728
649.8|1.0|0.8|0.0|-164543.09726393144|-164542.5423159845|-164541.91169331752|-164541.33152046392|-164540.6756728903
650.0|1.0|0.8|0.0|-164572.0998520571|-164571.35571731007|-164570.54852029635|-164569.75393573596|-164568.90890136224
650.2|1.0|0.8|0.0|-164548.85379424496|-164547.94569760453|-164546.96192624408|-164546.01599224363|-164545.01960842984
650.4|1.0|0.8|0.0|-164430.18322077632|-164429.23728677587|-164428.20306560205|-164427.20668178826|-164426.15984816113
650.6|1.0|0.8|0.0|-164316.28073249265|-164315.51137283893|-164314.65372601186|-164313.84652899817|-164312.96365726442
650.8|1.0|0.8|0.0|-164343.90547410707|-164343.26223898676|-164342.55594159974|-164341.87486911943|-164341.1433468258
651.0|1.0|0.8|0.0|-163953.56811254937|-163952.78614044233|-163951.9411060686|-163951.12129660154|-163950.2384248678
651.2|1.0|0.8|0.0|-164217.2780555032|-164216.2186094227|-164215.0834886222|-164213.98620518166|-164212.8384719278
651.4|1.0|0.8|0.0|-163849.9097246615|-163849.29171444787|-163848.6232544209|-163847.9800193006|-163847.2611094603
651.6|1.0|0.8|0.0|-164071.75180832756|-164071.247310194|-164070.71758715378|-164070.18786411354|-164069.59507880657
651.8|1.0|0.8|0.0|-164275.84314325434|-164275.16207077404|-164274.43054848036|-164273.72425109334|-164272.967503893
652.0|1.0|0.8|0.0|-163871.87091861776|-163871.02588424404|-163870.1430125103|-163869.28536568323|-163868.35204413612
652.2|1.0|0.8|0.0|-164251.83189726976|-164250.6841640159|-164249.48598094867|-164248.2751854281|-164247.0265525475
652.4|1.0|0.8|0.0|-164202.04074252004|-164201.63714401316|-164201.1578707863|-164200.72904737276|-164200.19932433253
652.6|1.0|0.8|0.0|-164209.32900839712|-164208.24433740994|-164207.1344415161|-164206.02454562226|-164204.85158746172
652.8|1.0|0.8|0.0|-164224.4943054324|-164223.22044764514|-164221.88352759116|-164220.59705735056|-164219.2222999366
653.0|1.0|0.8|0.0|-164423.88879452544|-164422.69061145818|-164421.4419785776|-164420.2059581504|-164418.91948790976
653.2|1.0|0.8|0.0|-164321.66710284355|-164320.5824318564|-164319.43469860253|-164318.31219025532|-164317.13923209478
653.4|1.0|0.8|0.0|-164377.62614796768|-164376.74327623393|-164375.79734223348|-164374.88924559308|-164373.9054742326
653.6|1.0|0.8|0.0|-164403.16236574374|-164401.92634531652|-164400.62726262258|-164399.35340483533|-164398.00387232803
653.8|1.0|0.8|0.0|-164344.79629463758|-164343.96387271717|-164343.05577607677|-164342.17290434302|-164341.2395827959
654.0|1.0|0.8|0.0|-163908.0310813697|-163907.14820963595|-163906.2022756355|-163905.28156654176|-163904.29779518128
654.2|1.0|0.8|0.0|-163970.86899911732|-163970.13747682367|-163969.33027980995|-163968.56092015628|-163967.7284982359
654.4|1.0|0.8|0.0|-164363.74011846897|-164362.64283502844|-164361.52032668126|-164360.38520588074|-164359.19963526685
654.6|1.0|0.8|0.0|-164145.26451435013|-164144.14200600292|-164142.9816602957|-164141.80870213517|-164140.5979066146
654.8|1.0|0.8|0.0|-164025.00346307244|-164023.69176792516|-164022.32962296452|-164020.98009045722|-164019.58010813658
655.0|1.0|0.8|0.0|-164200.01444828045|-164198.86671502658|-164197.66853195935|-164196.4829613455|-164195.22171601155
655.2|1.0|0.8|0.0|-163729.68954789697|-163728.7057765365|-163727.67155536267|-163726.63733418885|-163725.55266320167
655.4|1.0|0.8|0.0|-163898.34605552984|-163897.77849512958|-163897.14787246264|-163896.54247470232|-163895.8866271287
655.6|1.0|0.8|0.0|-163974.76491031214|-163974.00816311175|-163973.1757411914|-163972.36854417768|-163971.52350980396
655.8|1.0|0.8|0.0|-163793.564438054|-163792.8076908536|-163792.01310629325|-163791.24374663955|-163790.41132471917
656.0|1.0|0.8|0.0|-164081.57518704436|-164080.56619077723|-164079.49413224342|-164078.4346861629|-164077.33740272242
656.2|1.0|0.8|0.0|-164303.734500069|-164302.66244153518|-164301.55254564132|-164300.44264974748|-164299.30752894693
656.4|1.0|0.8|0.0|-164200.08535852737|-164199.25293660696|-164198.3826773266|-164197.51241804616|-164196.59170895242
656.6|1.0|0.8|0.0|-164122.20502227746|-164120.59062825004|-164118.9383968626|-164117.28616547515|-164115.5960967277
656.8|1.0|0.8|0.0|-164151.28933967766|-164150.48214266397|-164149.62449583688|-164148.77946146316|-164147.87136482276
657.0|1.0|0.8|0.0|-164052.91220363183|-164052.28158096486|-164051.57528357787|-164050.89421109756|-164050.1626888039
657.2|1.0|0.8|0.0|-163795.64555615015|-163794.92664630982|-163794.1446742028|-163793.38792700245|-163792.5681175354
657.4|1.0|0.8|0.0|-163877.3212939614|-163876.29968524093|-163875.21501425377|-163874.1303432666|-163873.0078349194
657.6|1.0|0.8|0.0|-163527.24222676377|-163526.0566561499|-163524.82063572266|-163523.6098402021|-163522.33598241484
657.8|1.0|0.8|0.0|-163795.33010653846|-163794.67425896483|-163793.94273667116|-163793.2364392842|-163792.4796920838
658.0|1.0|0.8|0.0|-163533.55363918416|-163532.65815499707|-163531.68699608996|-163530.74106208954|-163529.74467827575
658.2|1.0|0.8|0.0|-163678.59685258512|-163677.663531038|-163676.67975967753|-163675.6959883171|-163674.6617671433
658.4|1.0|0.8|0.0|-164181.21569603495|-164180.3580492079|-164179.42472766078|-164178.51663102035|-164177.55808456655
658.6|1.0|0.8|0.0|-164016.72407958494|-164015.79075803782|-164014.79437422403|-164013.81060286358|-164012.77638168976
658.8|1.0|0.8|0.0|-164091.2747782254|-164090.48019366502|-164089.6099343846|-164088.7775124642|-164087.88202827715
659.0|1.0|0.8|0.0|-164313.97197497913|-164313.2530651388|-164312.49631793844|-164311.72695828474|-164310.93237372438
659.2|1.0|0.8|0.0|-164352.3977806856|-164351.56535876522|-164350.69509948482|-164349.86267756444|-164348.954580924
659.4|1.0|0.8|0.0|-164317.8522709895|-164316.90633698905|-164315.8847282686|-164314.90095690812|-164313.84151082765
659.6|1.0|0.8|0.0|-164417.4402025559|-164416.847417249|-164416.20418212868|-164415.58617191506|-164414.9177118881
659.8|1.0|0.8|0.0|-164235.15539716542|-164234.47432468508|-164233.7428023914|-164233.04911745776|-164232.26714535072
660.0|1.0|0.8|0.0|-164338.56533332416|-164337.7959736705|-164336.95093929674|-164336.11851737634|-164335.24825809593
660.2|1.0|0.8|0.0|-164189.79544108344|-164188.71077009628|-164187.58826174907|-164186.49097830855|-164185.33063260137
660.4|1.0|0.8|0.0|-163851.42675470523|-163850.84658185163|-163850.21595918466|-163849.61056142437|-163848.92948894406
660.6|1.0|0.8|0.0|-164151.8619416444|-164151.25654388414|-164150.58808385715|-164149.94484873686|-164149.21332644316
660.8|1.0|0.8|0.0|-164164.7178441138|-164164.0493840868|-164163.33047424647|-164162.62417685948|-164161.86742965915
661.0|1.0|0.8|0.0|-164201.057526759|-164200.07375539857|-164199.01430931807|-164197.98008814425|-164196.89541715707
661.2|1.0|0.8|0.0|-164270.98637533846|-164270.2296281381|-164269.40981867106|-164268.59000920402|-164267.7449748303
661.4|1.0|0.8|0.0|-164238.35796268456|-164237.77778983093|-164237.15977961733|-164236.5417694037|-164235.87330937674
661.6|1.0|0.8|0.0|-164027.99057299134|-164027.28427560432|-164026.51491595065|-164025.74555629696|-164024.93835928326
661.8|1.0|0.8|0.0|-164208.31081838204|-164207.26398475489|-164206.16670131436|-164205.09464278055|-164203.94690952668
662.0|1.0|0.8|0.0|-164024.60537879737|-164024.01259349042|-164023.36935837014|-164022.73873570317|-164022.04505076952
662.2|1.0|0.8|0.0|-164025.7417162406|-164024.95974413358|-164024.11470975986|-164023.28228783945|-164022.3994161057
662.4|1.0|0.8|0.0|-164233.29212630325|-164232.67411608962|-164232.00565606265|-164231.32458358235|-164230.59306128864
662.6|1.0|0.8|0.0|-164301.72826583814|-164300.90845637108|-164300.02558463736|-164299.16793781027|-164298.24722871653
662.8|1.0|0.8|0.0|-164492.63580600728|-164491.94212107363|-164491.19798632662|-164490.46646403294|-164489.6718794726
663.0|1.0|0.8|0.0|-164180.20320925547|-164179.74916093526|-164179.2446628017|-164178.74016466812|-164178.21044162786
663.2|1.0|0.8|0.0|-163986.9667942414|-163986.58842064123|-163986.13437232104|-163985.73077381417|-163985.23888813393
663.4|1.0|0.8|0.0|-164333.75778783666|-164333.37941423646|-164332.9001410096|-164332.47131759604|-164331.97943191582
663.6|1.0|0.8|0.0|-164071.70004169105|-164071.44779262427|-164071.14509374416|-164070.86761977067|-164070.5144710772
663.8|1.0|0.8|0.0|-164163.72905189774|-164162.99752960406|-164162.21555749702|-164161.45881029667|-164160.6263883763
664.0|1.0|0.8|0.0|-164083.52613420208|-164083.03424852187|-164082.4919130283|-164081.96218998803|-164081.36940468109
664.2|1.0|0.8|0.0|-163994.33529009263|-163993.65421761232|-163992.94792022533|-163992.2416228383|-163991.48487563798
664.4|1.0|0.8|0.0|-164394.67223053705|-164393.91548333672|-164393.108286323|-164392.3137017626|-164391.4686673889
664.6|1.0|0.8|0.0|-164179.45332675675|-164178.83531654312|-164178.16685651615|-164177.5110089425|-164176.7920991022
664.8|1.0|0.8|0.0|-164305.9436212957|-164305.24993636206|-164304.4931891617|-164303.77427932137|-164302.979694761
665.0|1.0|0.8|0.0|-164208.3577365459|-164207.5127021722|-164206.59199307844|-164205.69650889136|-164204.7505748909
665.2|1.0|0.8|0.0|-164069.46183668365|-164068.4528404165|-164067.393394336|-164066.37178561554|-164065.28711462836
665.4|1.0|0.8|0.0|-164246.64158119287|-164246.06140833927|-164245.4307856723|-164244.80016300536|-164244.11909052503
665.6|1.0|0.8|0.0|-163915.03565097274|-163913.81224299883|-163912.55099766492|-163911.30236478435|-163909.9780571837
665.8|1.0|0.8|0.0|-164481.22275697743|-164480.1633108969|-164479.05341500306|-164477.95613156253|-164476.8083983087
666.0|1.0|0.8|0.0|-164314.04468796615|-164313.0987539657|-164312.07714524525|-164311.09337388477|-164310.0465402576
666.2|1.0|0.8|0.0|-164440.6282859868|-164439.87153878642|-164439.06434177273|-164438.2823696657|-164437.42472283865
666.4|1.0|0.8|0.0|-164273.8682777127|-164273.08630560566|-164272.25388368528|-164271.4214617649|-164270.5512024845
666.6|1.0|0.8|0.0|-164030.75360740465|-164029.5175869774|-164028.2311167368|-164026.9698714029|-164025.64556380227
666.8|1.0|0.8|0.0|-164035.59264441236|-164034.29356171843|-164032.95664166447|-164031.63233406385|-164030.24496419652
667.0|1.0|0.8|0.0|-163941.45723236472|-163940.4356236442|-163939.37617756374|-163938.34195638992|-163937.23206049606
667.2|1.0|0.8|0.0|-164087.19413069932|-164086.36170877892|-164085.46622459183|-164084.58335285808|-164083.63741885766
667.4|1.0|0.8|0.0|-164090.13497278307|-164089.20165123598|-164088.2178798755|-164087.23410851503|-164086.19988734124
667.6|1.0|0.8|0.0|-164161.55564530252|-164160.66016111543|-164159.71422711498|-164158.79351802124|-164157.79713420745
667.8|1.0|0.8|0.0|-163812.20024885115|-163811.29215221075|-163810.35883066364|-163809.42550911653|-163808.44173775607
668.0|1.0|0.8|0.0|-164062.92320878134|-164061.47277664734|-164059.95928224665|-164058.48362520596|-164056.93229344525
668.2|1.0|0.8|0.0|-163845.49712566668|-163844.50074185283|-163843.45390822575|-163842.39446214522|-163841.30979115807
668.4|1.0|0.8|0.0|-163937.8903755519|-163936.88137928478|-163935.8219332043|-163934.77509957715|-163933.67781613662
668.6|1.0|0.8|0.0|-163907.33105045374|-163906.3472790933|-163905.28783301282|-163904.25361183897|-163903.1689408518
668.8|1.0|0.8|0.0|-164350.0029377534|-164348.76691732617|-164347.50567199226|-164346.231814205|-164344.90750660436
669.0|1.0|0.8|0.0|-164158.4592156135|-164157.23580763955|-164155.94933739895|-164154.68809206504|-164153.36378446445
669.2|1.0|0.8|0.0|-164097.24694442473|-164096.18749834422|-164095.06498999702|-164093.95509410318|-164092.79474839597
669.4|1.0|0.8|0.0|-164182.91072750464|-164181.66209462404|-164180.33778702345|-164179.0387043295|-164177.67655936888
669.6|1.0|0.8|0.0|-163803.33035792827|-163802.1826246744|-163800.97182915383|-163799.78625853994|-163798.55023811272
669.8|1.0|0.8|0.0|-164083.84615912146|-164082.90022512103|-164081.91645376055|-164080.9579073068|-164079.94891103965
670.0|1.0|0.8|0.0|-164154.88807356416|-164153.97997692376|-164153.02143046996|-164152.1007213762|-164151.09172510906
670.2|1.0|0.8|0.0|-164486.82296569366|-164485.34730865297|-164483.80858934554|-164482.3077073982|-164480.75637563746
670.4|1.0|0.8|0.0|-164482.62301873168|-164481.6266349179|-164480.57980129073|-164479.54558011692|-164478.46090912976
670.6|1.0|0.8|0.0|-164107.22595754336|-164105.93948730276|-164104.6277921555|-164103.3034845549|-164101.9287271409
670.8|1.0|0.8|0.0|-164531.84461706996|-164530.96174533622|-164530.0536486958|-164529.13293960204|-164528.1617806949
671.0|1.0|0.8|0.0|-164222.7360983485|-164221.87845152142|-164220.97035488102|-164220.0622582406|-164219.10371178685
671.2|1.0|0.8|0.0|-164031.13380355365|-164030.16264464654|-164029.14103592603|-164028.14465211224|-164027.07259357843
671.4|1.0|0.8|0.0|-163935.26786456694|-163934.34715547317|-163933.36338411272|-163932.40483765895|-163931.3706164851
671.6|1.0|0.8|0.0|-164147.93905277274|-164146.8417693322|-164145.70664853166|-164144.57152773117|-164143.38595711725
671.8|1.0|0.8|0.0|-164269.51565426178|-164268.48143308793|-164267.38414964743|-164266.3120911136|-164265.17697031307
672.0|1.0|0.8|0.0|-164295.49730814053|-164293.9081390198|-164292.28113253904|-164290.679350965|-164289.00189467086
672.2|1.0|0.8|0.0|-164458.7904403583|-164457.60486974442|-164456.3814617705|-164455.15805379662|-164453.88419600937
672.4|1.0|0.8|0.0|-164559.8231795361|-164558.23401041536|-164556.59439148128|-164554.95477254715|-164553.27731625302
672.6|1.0|0.8|0.0|-164228.68211298023|-164227.33258047295|-164225.93259815229|-164224.55784073833|-164223.12002105764
672.8|1.0|0.8|0.0|-164426.8797127419|-164425.69414212805|-164424.4581217008|-164423.24732618022|-164421.96085593963
673.0|1.0|0.8|0.0|-164345.41587662394|-164344.41949281015|-164343.36004672965|-164342.3132131025|-164341.215929662
673.2|1.0|0.8|0.0|-164324.58255155783|-164323.3843684906|-164322.13573561|-164320.89971518278|-164319.61324494216
673.4|1.0|0.8|0.0|-164594.53078350864|-164593.5217872415|-164592.41189134767|-164591.35244526717|-164590.24254937333
673.6|1.0|0.8|0.0|-164494.17801529312|-164492.76542051914|-164491.3023759318|-164489.85194379778|-164488.3510618504
673.8|1.0|0.8|0.0|-164473.871965417|-164472.9638687766|-164471.99270986946|-164471.05938832235|-164470.0503920552
674.0|1.0|0.8|0.0|-164345.4524461488|-164344.6578615884|-164343.8128272147|-164342.9804052943|-164342.09753356056
674.2|1.0|0.8|0.0|-164427.07778496997|-164425.60212792928|-164424.07602107522|-164422.57513912785|-164420.99858246045
674.4|1.0|0.8|0.0|-164173.22221722855|-164172.21322096142|-164171.15377488092|-164170.1195537071|-164168.99704535992
674.6|1.0|0.8|0.0|-164386.34745375457|-164384.8465718072|-164383.32046495317|-164381.7943580991|-164380.21780143172
674.8|1.0|0.8|0.0|-164060.9704383883|-164059.64613078767|-164058.27137337372|-164056.8966159597|-164055.47140873238
675.0|1.0|0.8|0.0|-164517.86917305458|-164517.11242585423|-164516.30522884053|-164515.5232567335|-164514.67822235977
675.2|1.0|0.8|0.0|-164404.09480914575|-164403.14887514533|-164402.1524913315|-164401.1687199711|-164400.15972370395
675.4|1.0|0.8|0.0|-164261.94730476747|-164261.4806439939|-164260.97614586036|-164260.49687263346|-164259.94192468654
675.6|1.0|0.8|0.0|-164410.87026295942|-164409.62163007882|-164408.32254738486|-164407.0360771443|-164405.6991570903
675.8|1.0|0.8|0.0|-164329.9874975078|-164329.04156350737|-164328.03256724024|-164327.03618342642|-164325.98934979926
676.0|1.0|0.8|0.0|-164699.14133135736|-164697.67828677|-164696.19001727598|-164694.7143602353|-164693.18825338123
676.2|1.0|0.8|0.0|-164624.74821463673|-164623.865342903|-164622.89418399587|-164621.96086244876|-164620.95186618163
676.4|1.0|0.8|0.0|-164530.5655826948|-164529.3043373609|-164527.9926422136|-164526.6809470663|-164525.3188021057
676.6|1.0|0.8|0.0|-164737.363872272|-164735.63596616453|-164733.87022269706|-164732.10447922954|-164730.27567349534
676.8|1.0|0.8|0.0|-164399.63656437508|-164398.60234320126|-164397.50505976073|-164396.43300122692|-164395.3104928797
677.0|1.0|0.8|0.0|-164120.8078001905|-164120.17717752352|-164119.4708801365|-164118.7898076562|-164118.04567290918
677.2|1.0|0.8|0.0|-164459.38326960878|-164458.66435976845|-164457.89500011475|-164457.15086536773|-164456.34366835403
677.4|1.0|0.8|0.0|-164807.15766309435|-164806.5270404274|-164805.84596794707|-164805.16489546676|-164804.45859807974
677.6|1.0|0.8|0.0|-164601.57558668515|-164600.6548775914|-164599.65849377762|-164598.68733487048|-164597.66572615
677.8|1.0|0.8|0.0|-164662.1153627134|-164660.9928543662|-164659.8072837523|-164658.65955049844|-164657.43614252456
678.0|1.0|0.8|0.0|-164504.08155574434|-164502.94643494382|-164501.76086432993|-164500.60051862273|-164499.3771106488
678.2|1.0|0.8|0.0|-164025.62418591027|-164024.7665390832|-164023.8332175361|-164022.95034580235|-164021.99179934856
678.4|1.0|0.8|0.0|-164056.39857205792|-164055.62921240425|-164054.8094029372|-164053.98959347015|-164053.11933418977
678.6|1.0|0.8|0.0|-164302.7702355861|-164301.93781366572|-164301.04232947863|-164300.15945774489|-164299.23874865114
678.8|1.0|0.8|0.0|-164369.85285580144|-164368.98259652103|-164368.04927497392|-164367.15379078683|-164366.17001942638
679.0|1.0|0.8|0.0|-164287.77100946984|-164287.06471208285|-164286.3079648825|-164285.56383013548|-164284.7692455751
679.2|1.0|0.8|0.0|-164096.27368592168|-164095.2394647479|-164094.1547937607|-164093.0953476802|-164091.97283933303
679.4|1.0|0.8|0.0|-164357.0559357877|-164356.14783914728|-164355.18929269348|-164354.23074623971|-164353.22174997258
679.6|1.0|0.8|0.0|-164415.7283768179|-164414.8959548975|-164414.00047071042|-164413.13021143002|-164412.1968898829
679.8|1.0|0.8|0.0|-164146.53780927282|-164145.66754999242|-164144.7342284453|-164143.81351935153|-164142.8297479911
680.0|1.0|0.8|0.0|-163931.80811510902|-163930.7738939352|-163929.68922294804|-163928.62977686754|-163927.49465606702
680.2|1.0|0.8|0.0|-164117.8670267691|-164116.35353236838|-164114.814813061|-164113.3013186603|-164111.71214953955
680.4|1.0|0.8|0.0|-164026.08644964217|-164025.39276470852|-164024.63601750816|-164023.9044952145|-164023.1099106541
680.6|1.0|0.8|0.0|-164020.93148843903|-164020.45221521214|-164019.8846548119|-164019.36754422498|-164018.77475891804
680.8|1.0|0.8|0.0|-164249.6327129577|-164248.63632914392|-164247.58949551676|-164246.55527434297|-164245.4706033558
681.0|1.0|0.8|0.0|-164403.93346710966|-164402.39474780226|-164400.78035377484|-164399.17857220076|-164397.52634081332
681.2|1.0|0.8|0.0|-164505.05923470954|-164503.8232142823|-164502.52413158835|-164501.2502738011|-164499.91335374714
681.4|1.0|0.8|0.0|-164647.37213214798|-164645.997374734|-164644.5469426|-164643.13434782598|-164641.63346587864
681.6|1.0|0.8|0.0|-164505.76193726104|-164504.63942891383|-164503.47908320662|-164502.31873749942|-164501.10794197887
681.8|1.0|0.8|0.0|-164614.79659637852|-164613.7623752047|-164612.65247931084|-164611.55519587034|-164610.40746261648
682.0|1.0|0.8|0.0|-164712.11555839624|-164711.11917458248|-164710.05972850195|-164709.01289487482|-164707.90299898095
682.2|1.0|0.8|0.0|-164612.84968375572|-164612.0677116487|-164611.2100648216|-164610.37764290124|-164609.4947711675
682.4|1.0|0.8|0.0|-164550.83645296597|-164549.66349480543|-164548.44008683154|-164547.2166788576|-164545.93020861704
682.6|1.0|0.8|0.0|-164381.28176391256|-164379.86916913858|-164378.40612455126|-164376.9430799639|-164375.45481046988
682.8|1.0|0.8|0.0|-164320.52986199438|-164319.2433917538|-164317.88124679314|-164316.53171428584|-164315.1317319652
683.0|1.0|0.8|0.0|-164265.60686471532|-164264.52219372816|-164263.38707292764|-164262.26456458046|-164261.09160641988
683.2|1.0|0.8|0.0|-164542.04661700418|-164540.72230940356|-164539.32232708292|-164537.94756966893|-164536.5223624416
683.4|1.0|0.8|0.0|-164268.5581787967|-164267.4608953562|-164266.338387009|-164265.2032662085|-164264.01769559458
683.6|1.0|0.8|0.0|-164252.77987157484|-164251.53123869424|-164250.23215600033|-164248.93307330637|-164247.58354079907
683.8|1.0|0.8|0.0|-164262.087626322|-164260.599356828|-164259.0606375206|-164257.54714311988|-164255.98319890583
684.0|1.0|0.8|0.0|-164248.17023579747|-164246.84592819685|-164245.45855832953|-164244.08380091554|-164242.65859368822
684.2|1.0|0.8|0.0|-164079.88745463907|-164078.75233383855|-164077.56676322466|-164076.40641751746|-164075.1703970902
684.4|1.0|0.8|0.0|-164200.32298082978|-164199.2635347493|-164198.17886376212|-164197.09419277497|-164195.95907197442
684.6|1.0|0.8|0.0|-164439.57355531488|-164438.61500886112|-164437.59340014064|-164436.58440387354|-164435.53757024638
684.8|1.0|0.8|0.0|-164407.45641150806|-164406.53570241432|-164405.57715596052|-164404.6059970534|-164403.59700078628
685.0|1.0|0.8|0.0|-164627.74816438908|-164626.5247564152|-164625.2761235346|-164624.0148782007|-164622.71579550672
685.2|1.0|0.8|0.0|-164286.41415896808|-164285.49344987434|-164284.5222909672|-164283.56374451343|-164282.54213579296
685.4|1.0|0.8|0.0|-164091.9583321435|-164091.17636003645|-164090.35655056938|-164089.56196600903|-164088.69170672863
685.6|1.0|0.8|0.0|-164247.21763274918|-164246.0068372286|-164244.7455918947|-164243.50957146747|-164242.19787632016
685.8|1.0|0.8|0.0|-164024.09211252222|-164022.893929455|-164021.62007166774|-164020.38405124051|-164019.08496854655
686.0|1.0|0.8|0.0|-164001.21104514343|-164000.17682396964|-163999.11737788914|-163998.05793180864|-163996.96064836814
686.2|1.0|0.8|0.0|-164160.77491682273|-164159.8668201823|-164158.9082737285|-164157.96233972808|-164156.96595591426
686.4|1.0|0.8|0.0|-163792.0027996439|-163790.95596601674|-163789.85868257628|-163788.7866240424|-163787.6515032419
686.6|1.0|0.8|0.0|-163997.05558860663|-163996.2105542329|-163995.30245759248|-163994.43219831208|-163993.49887676496
686.8|1.0|0.8|0.0|-164169.30668171725|-164168.5499345169|-164167.74273750317|-164166.96076539616|-164166.11573102244
687.0|1.0|0.8|0.0|-164339.7632079194|-164338.75421165227|-164337.69476557177|-164336.62270703795|-164335.50019869074
687.2|1.0|0.8|0.0|-164661.10598704868|-164659.98347870147|-164658.81052054092|-164657.65017483372|-164656.43937931315
687.4|1.0|0.8|0.0|-164501.45703964238|-164500.42281846856|-164499.35075993475|-164498.26608894757|-164497.1561930537
687.6|1.0|0.8|0.0|-164254.0133175804|-164252.60072280638|-164251.1250657657|-164249.66202117834|-164248.14852677766
687.8|1.0|0.8|0.0|-164007.8946834087|-164006.93613695493|-164005.9019157811|-164004.90553196732|-164003.83347343348
688.0|1.0|0.8|0.0|-164418.05166599987|-164417.3453686129|-164416.58862141252|-164415.8318742122|-164415.02467719847
688.2|1.0|0.8|0.0|-164409.8354128702|-164409.35613964332|-164408.82641660306|-164408.29669356282|-164407.72913316256
688.4|1.0|0.8|0.0|-164568.9113240359|-164568.23025155556|-164567.47350435524|-164566.74198206156|-164565.96000995452
688.6|1.0|0.8|0.0|-164327.79905355017|-164327.38284258996|-164326.87834445643|-164326.4242961362|-164325.89457309595
688.8|1.0|0.8|0.0|-164263.05295981615|-164262.2962126158|-164261.50162805544|-164260.7196559484|-164259.88723402802
689.0|1.0|0.8|0.0|-164523.39424967158|-164522.71317719127|-164521.9564299909|-164521.22490769724|-164520.44293559022
689.2|1.0|0.8|0.0|-164389.33648312913|-164388.10046270187|-164386.8266049146|-164385.55274712734|-164384.22843952675
689.4|1.0|0.8|0.0|-164841.8371205373|-164841.30739749706|-164840.72722464346|-164840.15966424317|-164839.54165402957
689.6|1.0|0.8|0.0|-164546.8436299083|-164545.9985955346|-164545.0904988942|-164544.22023961376|-164543.28691806665
689.8|1.0|0.8|0.0|-164490.13003699356|-164489.12104072646|-164488.0742070993|-164487.02737347214|-164485.942702485
690.0|1.0|0.8|0.0|-164360.00735589294|-164358.88484754573|-164357.72450183853|-164356.57676858467|-164355.37858551746
690.2|1.0|0.8|0.0|-164481.8151434326|-164480.70524753878|-164479.54490183154|-164478.38455612434|-164477.17376060376
690.4|1.0|0.8|0.0|-164532.16464282587|-164530.8277227719|-164529.42774045127|-164528.05298303728|-164526.60255090328
690.6|1.0|0.8|0.0|-164351.96091533854|-164350.9519190714|-164349.87986053756|-164348.82041445706|-164347.71051856322
690.8|1.0|0.8|0.0|-164288.15956289115|-164287.68028966425|-164287.150566624|-164286.62084358378|-164286.0532831835
691.0|1.0|0.8|0.0|-164151.37501406207|-164151.0975400886|-164150.7696163018|-164150.46691742164|-164150.10115627482
691.2|1.0|0.8|0.0|-164233.4154439859|-164232.86049603898|-164232.24248582535|-164231.62447561175|-164230.96862803807
691.4|1.0|0.8|0.0|-164079.67981095696|-164079.37711207682|-164079.01135093|-164078.6582022365|-164078.25460372964
691.6|1.0|0.8|0.0|-164502.7783440754|-164502.17294631514|-164501.50448628815|-164500.86125116787|-164500.15495378085
691.8|1.0|0.8|0.0|-164189.62620176573|-164189.04602891213|-164188.41540624516|-164187.7847835782|-164187.11632355122
692.0|1.0|0.8|0.0|-164153.7199927727|-164152.48397234548|-164151.21011455817|-164149.94886922426|-164148.637174077
692.2|1.0|0.8|0.0|-164118.25794153378|-164117.50119433342|-164116.70660977304|-164115.924637666|-164115.06699083897
692.4|1.0|0.8|0.0|-164313.7382272795|-164312.8049057324|-164311.8085219186|-164310.8373630115|-164309.80314183768
692.6|1.0|0.8|0.0|-164274.8784934083|-164273.76859751446|-164272.5956393539|-164271.4352936467|-164270.19927321945
692.8|1.0|0.8|0.0|-164354.41444517297|-164353.4558987192|-164352.43428999872|-164351.45051863824|-164350.39107255774
693.0|1.0|0.8|0.0|-164656.96400977217|-164656.13158785176|-164655.26132857136|-164654.4036817443|-164653.48297265056
693.2|1.0|0.8|0.0|-164582.48536635633|-164581.77906896936|-164581.022321769|-164580.26557456865|-164579.45837755495
693.4|1.0|0.8|0.0|-164398.9741702708|-164398.04084872373|-164397.01924000322|-164396.02285618943|-164394.96341010893
693.6|1.0|0.8|0.0|-164325.96067789014|-164325.21654314312|-164324.43457103608|-164323.62737402236|-164322.79495210198
693.8|1.0|0.8|0.0|-164345.1192400756|-164343.8958321017|-164342.62197431445|-164341.3859538872|-164340.0742587399
694.0|1.0|0.8|0.0|-164240.34183550696|-164239.39590150653|-164238.3869052394|-164237.40313387892|-164236.3689127051
694.2|1.0|0.8|0.0|-164451.03286853852|-164450.0995469914|-164449.11577563093|-164448.15722917716|-164447.14823291005
694.4|1.0|0.8|0.0|-163946.33259579798|-163945.58846105097|-163944.80648894393|-163944.03712929023|-163943.2173198232
694.6|1.0|0.8|0.0|-164080.04620976484|-164079.50387427126|-164078.9110889643|-164078.34352856406|-164077.70029344375
694.8|1.0|0.8|0.0|-164040.55619296734|-164039.73638350028|-164038.86612421987|-164038.00847739278|-164037.10038075238
695.0|1.0|0.8|0.0|-164238.23409040878|-164237.43950584842|-164236.5944714747|-164235.78727446098|-164234.90440272723
695.2|1.0|0.8|0.0|-164352.65581623558|-164351.0918720215|-164349.46486554074|-164347.86308396666|-164346.22346503256
695.4|1.0|0.8|0.0|-164275.75634588595|-164275.25184775237|-164274.72212471213|-164274.2050141252|-164273.6248412716
695.6|1.0|0.8|0.0|-164483.54525576704|-164482.61193421995|-164481.6281628595|-164480.6570039524|-164479.6353952319
695.8|1.0|0.8|0.0|-163996.99464330028|-163995.72078551303|-163994.38386545904|-163993.05955785842|-163991.67218799112
696.0|1.0|0.8|0.0|-163796.99930912248|-163795.71283888188|-163794.36330637458|-163793.03899877396|-163791.65162890663
696.2|1.0|0.8|0.0|-164199.87973581962|-164199.09776371258|-164198.2401168855|-164197.4329198718|-164196.55004813804
696.4|1.0|0.8|0.0|-164092.26371665683|-164091.01508377623|-164089.71600108227|-164088.4295308417|-164087.09261078772
696.6|1.0|0.8|0.0|-164070.6874926813|-164069.99380774764|-164069.23706054728|-164068.5307631603|-164067.7361785999
696.8|1.0|0.8|0.0|-164241.82010965253|-164240.96246282544|-164240.05436618504|-164239.18410690463|-164238.25078535752
697.0|1.0|0.8|0.0|-164151.81614845793|-164150.95850163087|-164150.05040499044|-164149.18014571004|-164148.2089868029
697.2|1.0|0.8|0.0|-163905.21103110604|-163904.391221639|-163903.5209623586|-163902.6885404382|-163901.7804437978
697.4|1.0|0.8|0.0|-164176.04151498084|-164175.23431796714|-164174.38928359342|-164173.56947412636|-164172.6866023926
697.6|1.0|0.8|0.0|-164347.0047077431|-164346.2353480894|-164345.40292616902|-164344.58311670195|-164343.71285742155
697.8|1.0|0.8|0.0|-164466.6198549314|-164466.15319415787|-164465.6234711176|-164465.1063605307|-164464.55141258377
698.0|1.0|0.8|0.0|-164628.1184903023|-164627.38696800862|-164626.5797709949|-164625.78518643454|-164624.95276451414
698.2|1.0|0.8|0.0|-164336.5589804055|-164335.47430941832|-164334.35180107114|-164333.22929272396|-164332.0563345634
698.4|1.0|0.8|0.0|-164068.50462659288|-164067.84877901923|-164067.1298691789|-164066.43618424525|-164065.67943704492
698.6|1.0|0.8|0.0|-164331.37032301977|-164330.56312600605|-164329.68025427233|-164328.82260744524|-164327.9018983515
698.8|1.0|0.8|0.0|-163977.51521068145|-163976.67017630773|-163975.73685476062|-163974.85398302687|-163973.89543657308
699.0|1.0|0.8|0.0|-163960.92983454035|-163960.08480016663|-163959.18931597954|-163958.31905669917|-163957.4109600587
699.2|1.0|0.8|0.0|-164262.61357357097|-164261.65502711717|-164260.6334183967|-164259.64964703625|-164258.59020095575
699.4|1.0|0.8|0.0|-164247.94164328647|-164247.2353458995|-164246.47859869912|-164245.7218514988|-164244.93987939175
699.6|1.0|0.8|0.0|-164000.86718912423|-163999.74468077702|-163998.5464977098|-163997.39876445592|-163996.16274402867
699.8|1.0|0.8|0.0|-164114.41710653712|-164113.48378499004|-164112.52523853624|-164111.55407962913|-164110.53247090866
700.0|1.0|0.8|0.0|-164262.7047558292|-164261.92278372217|-164261.11558670847|-164260.30838969475|-164259.4507428677
700.2|1.0|0.8|0.0|-164412.91907509923|-164412.03620336548|-164411.12810672508|-164410.232622538|-164409.28668853754
700.4|1.0|0.8|0.0|-164463.141864296|-164462.28421746893|-164461.40134573518|-164460.5184740014|-164459.55992754764
700.6|1.0|0.8|0.0|-164074.33776520807|-164073.3413813943|-164072.29454776715|-164071.24771414|-164070.1630431528
700.8|1.0|0.8|0.0|-164370.56645678615|-164369.2925989989|-164367.96829139828|-164366.656596251|-164365.29445129036
701.0|1.0|0.8|0.0|-163883.63602473377|-163882.4252292132|-163881.16398387926|-163879.94057590535|-163878.64149321144
701.2|1.0|0.8|0.0|-164188.3488236907|-164187.31460251688|-164186.2173190764|-164185.1578729959|-164184.0227521953
701.4|1.0|0.8|0.0|-164154.04116720695|-164152.94388376645|-164151.7709256059|-164150.63580480538|-164149.4250092848
701.6|1.0|0.8|0.0|-164108.4748265742|-164107.45321785373|-164106.3559344132|-164105.29648833274|-164104.17397998553
701.8|1.0|0.8|0.0|-164306.03822247402|-164305.15535074027|-164304.24725409987|-164303.3265450061|-164302.355386099
702.0|1.0|0.8|0.0|-164038.04593766265|-164037.5414395291|-164036.9612666755|-164036.40631872855|-164035.8009209683
702.2|1.0|0.8|0.0|-163936.6202196216|-163935.85085996793|-163935.0436629542|-163934.24907839383|-163933.39143156676
702.4|1.0|0.8|0.0|-163985.70788801782|-163984.66105439066|-163983.55115849682|-163982.4538750563|-163981.30614180243
702.6|1.0|0.8|0.0|-164003.1013161718|-164001.91574555793|-164000.65450022402|-163999.41847979676|-163998.13200955617
702.8|1.0|0.8|0.0|-163858.62185335907|-163858.04168050547|-163857.38583293182|-163856.75521026485|-163856.07413778454
703.0|1.0|0.8|0.0|-163814.05388254006|-163813.4484847798|-163812.76741229946|-163812.12417717918|-163811.4304922455
703.2|1.0|0.8|0.0|-163808.5296279775|-163806.94045885676|-163805.27561501597|-163803.63599608187|-163801.94592733443
703.4|1.0|0.8|0.0|-163864.92640700634|-163863.9174107392|-163862.84535220536|-163861.7985185782|-163860.68862268436
703.6|1.0|0.8|0.0|-164113.87910677854|-164112.89533541808|-164111.83588933758|-164110.82689307045|-164109.72960962993
703.8|1.0|0.8|0.0|-164184.10914071632|-164183.03708218248|-164181.90196138195|-164180.80467794143|-164179.61910732754
704.0|1.0|0.8|0.0|-164107.92992254748|-164106.98398854703|-164106.00021718655|-164105.02905827947|-164103.9822246523
704.2|1.0|0.8|0.0|-164227.5009688564|-164226.51719749594|-164225.49558877546|-164224.48659250833|-164223.42714642783
704.4|1.0|0.8|0.0|-164122.11465071136|-164121.2570038843|-164120.31106988384|-164119.4029732434|-164118.4318143363
704.6|1.0|0.8|0.0|-163864.25304219118|-163863.38278291075|-163862.42423645698|-163861.49091490987|-163860.50714354942
704.8|1.0|0.8|0.0|-164275.361296997|-164274.1757263831|-164272.9270935025|-164271.70368552863|-164270.40460283466
705.0|1.0|0.8|0.0|-164555.4869452622|-164554.6545233418|-164553.78426406145|-164552.90139232768|-164551.9806832339
705.2|1.0|0.8|0.0|-164299.9007883352|-164298.92962942808|-164297.90802070755|-164296.89902444044|-164295.81435345326
705.4|1.0|0.8|0.0|-164434.93557656687|-164433.95180520642|-164432.9428089393|-164431.93381267216|-164430.8617541383
705.6|1.0|0.8|0.0|-164331.82877051883|-164331.32427238525|-164330.756711985|-164330.20176403807|-164329.5963662778
705.8|1.0|0.8|0.0|-164471.23459696566|-164470.45262485865|-164469.6328153916|-164468.8256183779|-164467.95535909748
706.0|1.0|0.8|0.0|-164366.803483317|-164365.94583648993|-164365.02512739616|-164364.12964320907|-164363.1710967553
706.2|1.0|0.8|0.0|-164595.40420009024|-164594.71051515656|-164593.92854304955|-164593.15918339585|-164592.36459883547
706.4|1.0|0.8|0.0|-164450.66760752938|-164449.88563542234|-164449.06582595527|-164448.27124139492|-164447.38836966114
706.6|1.0|0.8|0.0|-164164.3062452481|-164163.52427314105|-164162.666626314|-164161.8342043936|-164160.95133265987
706.8|1.0|0.8|0.0|-163909.2817288628|-163908.7015560092|-163908.07093334227|-163907.47814803533|-163906.80968800833
707.0|1.0|0.8|0.0|-163967.2142505353|-163966.0286799214|-163964.7674345875|-163963.53141416027|-163962.24494391965
707.2|1.0|0.8|0.0|-164176.06164441037|-164175.22922249|-164174.3463507562|-164173.51392883586|-164172.6058321954
707.4|1.0|0.8|0.0|-164067.25625260852|-164066.6634673016|-164066.00761972793|-164065.376997061|-164064.69592458065
707.6|1.0|0.8|0.0|-163863.6786432603|-163862.59397227314|-163861.4588514726|-163860.34895557875|-163859.1759974182
707.8|1.0|0.8|0.0|-164034.8562367972|-164033.80940317005|-164032.71211972952|-164031.62744874237|-164030.4923279418
708.0|1.0|0.8|0.0|-164001.54052674826|-164000.78377954787|-163999.98919498752|-163999.20722288048|-163998.3748009601
708.2|1.0|0.8|0.0|-163830.90664552205|-163830.13728586835|-163829.31747640128|-163828.51027938758|-163827.65263256052
708.4|1.0|0.8|0.0|-163915.65809280454|-163913.9932489638|-163912.27795530963|-163910.56266165548|-163908.79691818802
708.6|1.0|0.8|0.0|-164119.87013898627|-164118.67195591904|-164117.3980981318|-164116.16207770453|-164114.8629950106
708.8|1.0|0.8|0.0|-164215.37024679416|-164214.31080071366|-164213.1756799131|-164212.09100892596|-164210.93066321875
709.0|1.0|0.8|0.0|-164038.85896231188|-164037.61032943128|-164036.298634284|-164035.0121640434|-164033.67524398945
709.2|1.0|0.8|0.0|-163859.25540112524|-163858.12028032469|-163856.93470971083|-163855.7743640036|-163854.53834357637
709.4|1.0|0.8|0.0|-163774.58767122315|-163773.51561268928|-163772.41832924882|-163771.30843335492|-163770.1480876477
709.6|1.0|0.8|0.0|-163841.4084490143|-163840.60125200058|-163839.7436051735|-163838.9111832531|-163838.02831151936
709.8|1.0|0.8|0.0|-163849.22553111945|-163848.07779786558|-163846.87961479835|-163845.7066566378|-163844.47063621055
710.0|1.0|0.8|0.0|-164001.78796199226|-164000.7032910051|-163999.56817020455|-163998.44566185735|-163997.2727036968
710.2|1.0|0.8|0.0|-163957.49235527017|-163956.78605788318|-163956.00408577613|-163955.24733857578|-163954.45275401542
710.4|1.0|0.8|0.0|-164005.5201610988|-164004.561614645|-164003.5273934712|-164002.51839720405|-164001.45895112355
710.6|1.0|0.8|0.0|-164246.2330255098|-164245.27447905604|-164244.2654827889|-164243.28171142843|-164242.23487780127
710.8|1.0|0.8|0.0|-164333.548714507|-164332.9685416534|-164332.33791898645|-164331.71990877285|-164331.05144874586
711.0|1.0|0.8|0.0|-164042.3523918113|-164041.040696664|-164039.67855170337|-164038.3416316494|-164036.92903687543
711.2|1.0|0.8|0.0|-164055.62069272416|-164054.18287304346|-164052.69460354943|-164051.23155896208|-164049.69283965472
711.4|1.0|0.8|0.0|-164550.45381367218|-164549.0790562582|-164547.6286241242|-164546.20341689687|-164544.72775985618
711.6|1.0|0.8|0.0|-164004.2715218176|-164002.97243912367|-164001.61029416302|-164000.27337410906|-163998.8986166951
711.8|1.0|0.8|0.0|-164325.3287125512|-164323.82783060387|-164322.25127393648|-164320.71255462908|-164319.12338550834
712.0|1.0|0.8|0.0|-164125.60264511348|-164124.15221297945|-164122.62610612542|-164121.1378366314|-164119.5738924173
712.2|1.0|0.8|0.0|-163942.41937281477|-163941.612175801|-163940.75452897398|-163939.90949460023|-163939.01401041317
712.4|1.0|0.8|0.0|-164280.39723873607|-164278.94680660206|-164277.4459246547|-164275.98288006734|-164274.44416075994
712.6|1.0|0.8|0.0|-164154.97933662456|-164153.94511545074|-164152.82260710356|-164151.73793611638|-164150.5902028625
712.8|1.0|0.8|0.0|-164483.06437285047|-164481.9166395966|-164480.70584407603|-164479.5076610088|-164478.25902812823
713.0|1.0|0.8|0.0|-164287.4309949606|-164286.42199869346|-164285.362552613|-164284.31571898583|-164283.2184355453
713.2|1.0|0.8|0.0|-164462.3038365844|-164461.0425912505|-164459.70567119657|-164458.4065885026|-164457.0570559953
713.4|1.0|0.8|0.0|-164312.83680646314|-164311.61339848925|-164310.3521531553|-164309.0909078214|-164307.77921267413
713.6|1.0|0.8|0.0|-164354.77428191295|-164353.3490746856|-164351.84819273825|-164350.37253569753|-164348.83381639016
713.8|1.0|0.8|0.0|-164182.58317238616|-164181.6750757457|-164180.71652929194|-164179.7705952915|-164178.7742114777
714.0|1.0|0.8|0.0|-164322.94221850124|-164321.81971015406|-164320.6467519935|-164319.47379383293|-164318.2629983124
714.2|1.0|0.8|0.0|-164213.45252409295|-164212.54442745255|-164211.56065609207|-164210.627334545|-164209.6057258245
714.4|1.0|0.8|0.0|-163959.2810308533|-163958.1206851461|-163956.8972771722|-163955.68648165165|-163954.43784877105
714.6|1.0|0.8|0.0|-164042.40971081206|-164041.00972849142|-164039.5592963574|-164038.12147667672|-164036.64581963606
714.8|1.0|0.8|0.0|-164023.4291345198|-164022.2687888126|-164021.07060574536|-164019.87242267813|-164018.6364022509
715.0|1.0|0.8|0.0|-164102.40817650242|-164101.38656778197|-164100.3018967948|-164099.25506316766|-164098.13255482045
715.2|1.0|0.8|0.0|-163999.7932561346|-163998.9482217609|-163998.02751266712|-163997.13202848003|-163996.17348202626
715.4|1.0|0.8|0.0|-164132.42623347224|-164131.45507456514|-164130.42085339132|-164129.3866322175|-164128.31457368366
715.6|1.0|0.8|0.0|-163874.39242570917|-163873.30775472202|-163872.1852463748|-163871.06273802763|-163869.90239232042
715.8|1.0|0.8|0.0|-164054.27065575513|-164052.65626172768|-164051.00403034023|-164049.3770238595|-164047.66173020535
716.0|1.0|0.8|0.0|-164108.00253836374|-164107.00615454995|-164105.94670846945|-164104.91248729563|-164103.80259140176
716.2|1.0|0.8|0.0|-163992.6361907733|-163991.67764431954|-163990.63081069238|-163989.62181442525|-163988.5497558914
716.4|1.0|0.8|0.0|-164363.50545034945|-164362.8243778691|-164362.06763066878|-164361.3361083751|-164360.55413626807
716.6|1.0|0.8|0.0|-164064.8768794347|-164064.20841940775|-164063.4895095674|-164062.7832121804|-164062.00124007338
716.8|1.0|0.8|0.0|-163968.2822055501|-163967.18492210956|-163966.06241376235|-163964.93990541517|-163963.77955970797
717.0|1.0|0.8|0.0|-163961.3075188535|-163960.0210486129|-163958.68412855893|-163957.37243341166|-163955.99767599767
717.2|1.0|0.8|0.0|-163971.95931438764|-163970.73590641373|-163969.4746610798|-163968.21341574588|-163966.92694550529
717.4|1.0|0.8|0.0|-163877.5720148974|-163876.71436807033|-163875.8062714299|-163874.92339969618|-163873.96485324236
717.6|1.0|0.8|0.0|-164007.78236219735|-164006.9625527303|-164006.07968099654|-164005.22203416948|-164004.2887126224
717.8|1.0|0.8|0.0|-163745.11052814766|-163744.22765641392|-163743.31955977352|-163742.41146313306|-163741.44030422595
718.0|1.0|0.8|0.0|-163927.74342685423|-163926.65875586704|-163925.52363506652|-163924.41373917268|-163923.22816855877
718.2|1.0|0.8|0.0|-164268.89591980184|-164267.87431108137|-164266.80225254752|-164265.7680313737|-164264.65813547987
718.4|1.0|0.8|0.0|-164303.03438294076|-164301.4326013667|-164299.78036997924|-164298.14075104514|-164296.4506822977
718.6|1.0|0.8|0.0|-164194.0397755493|-164193.1064540022|-164192.09745773507|-164191.13891128128|-164190.10469010746
718.8|1.0|0.8|0.0|-164454.85980107612|-164454.10305387573|-164453.29585686204|-164452.513884755|-164451.66885038128
719.0|1.0|0.8|0.0|-164153.26627151325|-164152.55997412623|-164151.8032269259|-164151.07170463222|-164150.27712007184
719.2|1.0|0.8|0.0|-164317.23685090407|-164316.35397917032|-164315.39543271656|-164314.46211116944|-164313.47833980896
719.4|1.0|0.8|0.0|-164252.30017489492|-164251.29117862778|-164250.23173254728|-164249.19751137347|-164248.08761547963
719.6|1.0|0.8|0.0|-164524.5825885807|-164523.78800402037|-164522.9429696466|-164522.11054772622|-164521.22767599247
719.8|1.0|0.8|0.0|-164317.72170105806|-164316.56135535086|-164315.35055983032|-164314.1649892164|-164312.91635633583
720.0|1.0|0.8|0.0|-164282.28188022878|-164281.19720924165|-164280.04947598773|-164278.9395800939|-164277.75400948
720.2|1.0|0.8|0.0|-163944.21768092454|-163943.32219673746|-163942.376262737|-163941.43032873658|-163940.43394492278
720.4|1.0|0.8|0.0|-164150.70837279895|-164149.67415162516|-164148.58948063798|-164147.51742210417|-164146.39491375696
720.6|1.0|0.8|0.0|-164081.91139030334|-164081.25554272972|-164080.53663288936|-164079.85556040905|-164079.11142566203
720.8|1.0|0.8|0.0|-164175.695312522|-164174.83766569494|-164173.94218150788|-164173.03408486742|-164172.10076332034
721.0|1.0|0.8|0.0|-164237.37020935077|-164236.56301233705|-164235.69275305665|-164234.84771868293|-164233.9396220425
721.2|1.0|0.8|0.0|-164017.71250897704|-164016.8296372433|-164015.89631569618|-164014.96299414907|-164014.0044476953
721.4|1.0|0.8|0.0|-164183.36447113423|-164182.3554748671|-164181.27080387992|-164180.21135779945|-164179.08884945227
721.6|1.0|0.8|0.0|-164063.8236383852|-164062.91554174476|-164061.956995291|-164061.01106129054|-164060.01467747675
721.8|1.0|0.8|0.0|-164143.5085131315|-164142.6130289444|-164141.65448249062|-164140.7085484902|-164139.7121646764
722.0|1.0|0.8|0.0|-164349.8425071077|-164348.7199987605|-164347.5344281466|-164346.38669489275|-164345.17589937217
722.2|1.0|0.8|0.0|-164132.6129997283|-164131.65445327453|-164130.6454570074|-164129.6490731936|-164128.60223956645
722.4|1.0|0.8|0.0|-164236.67947074468|-164235.73353674426|-164234.71192802378|-164233.72815666333|-164232.6939354895
722.6|1.0|0.8|0.0|-164562.29760402095|-164561.23815794045|-164560.14087449992|-164559.04359105942|-164557.89585780556
722.8|1.0|0.8|0.0|-164383.41517831088|-164382.22960769702|-164380.99358726977|-164379.75756684254|-164378.48370905526
723.0|1.0|0.8|0.0|-164375.18073576564|-164374.32308893854|-164373.4023798448|-164372.50689565772|-164371.53573675058
723.2|1.0|0.8|0.0|-164584.12145028097|-164583.57911478737|-164583.0115543871|-164582.4313815335|-164581.80075886654
723.4|1.0|0.8|0.0|-164852.60460119793|-164851.72172946416|-164850.78840791708|-164849.8676988233|-164848.8713150095
723.6|1.0|0.8|0.0|-164583.30973841963|-164582.2376798858|-164581.14039644532|-164580.0431130048|-164578.90799220424
723.8|1.0|0.8|0.0|-164596.32779715845|-164595.6467246781|-164594.91520238444|-164594.20890499745|-164593.45215779712
724.0|1.0|0.8|0.0|-164663.06144461324|-164662.50649666632|-164661.90109890603|-164661.30831359912|-164660.66507847878
724.2|1.0|0.8|0.0|-164666.91677133698|-164666.1852490433|-164665.42850184298|-164664.69697954928|-164663.90239498892
724.4|1.0|0.8|0.0|-164445.21506654032|-164444.23129517987|-164443.1844615527|-164442.16285283223|-164441.07818184505
724.6|1.0|0.8|0.0|-164416.5033082575|-164415.26728783024|-164413.993430043|-164412.7069598024|-164411.3700397484
724.8|1.0|0.8|0.0|-164399.53982146646|-164398.54343765264|-164397.50921647885|-164396.48760775835|-164395.41554922453
725.0|1.0|0.8|0.0|-164163.38959750748|-164162.58240049376|-164161.73736612004|-164160.90494419963|-164160.00946001257
725.2|1.0|0.8|0.0|-164321.2226648969|-164320.52897996322|-164319.7722327629|-164319.02809801587|-164318.2335134555
725.4|1.0|0.8|0.0|-164195.11074395812|-164194.4044465711|-164193.64769937075|-164192.9414019838|-164192.15942987674
725.6|1.0|0.8|0.0|-164107.36332631862|-164105.92550663793|-164104.44984959724|-164102.99941746326|-164101.46069815586
725.8|1.0|0.8|0.0|-164174.43224802133|-164173.3601894875|-164172.22506868697|-164171.10256033976|-164169.9296021792
726.0|1.0|0.8|0.0|-164467.18807579932|-164466.2799791589|-164465.30882025178|-164464.35027379802|-164463.3538899842
726.2|1.0|0.8|0.0|-164217.78942346977|-164216.51556568246|-164215.17864562853|-164213.86695048126|-164212.5048055206
726.4|1.0|0.8|0.0|-164207.4472117316|-164206.37515319776|-164205.24003239724|-164204.1049115967|-164202.91934098283
726.6|1.0|0.8|0.0|-164260.22781145517|-164259.13052801468|-164257.97018230747|-164256.83506150692|-164255.6368784397
726.8|1.0|0.8|0.0|-164223.7563361162|-164223.03742627584|-164222.2428417155|-164221.47348206182|-164220.65367259475
727.0|1.0|0.8|0.0|-163934.89997543092|-163933.58828028364|-163932.21352286966|-163930.86399036236|-163929.45139558834
727.2|1.0|0.8|0.0|-164134.68562473365|-164134.1180643334|-164133.48744166642|-164132.8694314528|-164132.20097142586
727.4|1.0|0.8|0.0|-163851.34686046824|-163850.4892136412|-163849.5558920941|-163848.660407907|-163847.71447390656
727.6|1.0|0.8|0.0|-163896.625567956|-163896.0453951024|-163895.3895475288|-163894.7841497685|-163894.09046483485
727.8|1.0|0.8|0.0|-163823.62472293217|-163823.00671271852|-163822.33825269155|-163821.6697926646|-163820.96349527757
728.0|1.0|0.8|0.0|-164081.19846893597|-164080.37865946893|-164079.48317528184|-164078.62552845478|-164077.69220690767
728.2|1.0|0.8|0.0|-163699.0174821304|-163698.4625341835|-163697.8571364232|-163697.2769635696|-163696.62111599595
728.4|1.0|0.8|0.0|-163723.31185023056|-163722.4163660435|-163721.4830444964|-163720.5497229493|-163719.56595158883
728.6|1.0|0.8|0.0|-163445.47528397394|-163444.80682394694|-163444.10052655995|-163443.4068416263|-163442.66270687932
728.8|1.0|0.8|0.0|-163808.57673682933|-163807.55512810888|-163806.49568202838|-163805.46146085457|-163804.3515649607
729.0|1.0|0.8|0.0|-163837.03082493672|-163835.82002941618|-163834.54617162893|-163833.284926295|-163831.98584360105
729.2|1.0|0.8|0.0|-163923.55821693066|-163922.8519195437|-163922.08255989|-163921.32581268964|-163920.50600322257
729.4|1.0|0.8|0.0|-164391.10651711887|-164390.11013330505|-164389.0632996779|-164388.02907850407|-164386.95701997026
729.6|1.0|0.8|0.0|-164131.5926772112|-164130.86115491754|-164130.0665703572|-164129.2972107035|-164128.47740123645
729.8|1.0|0.8|0.0|-164111.71322250442|-164110.46458962382|-164109.1655069299|-164107.89164914264|-164106.55472908865
730.0|1.0|0.8|0.0|-164079.39232003968|-164078.42116113254|-164077.38693995876|-164076.36533123825|-164075.29327270444
730.2|1.0|0.8|0.0|-164087.5426658841|-164086.35709527024|-164085.10846238965|-164083.87244196242|-164082.57335926848
730.4|1.0|0.8|0.0|-164026.09650113032|-164024.78480598304|-164023.38482366237|-164022.02267870173|-164020.5974714744
730.6|1.0|0.8|0.0|-164099.12749640853|-164098.2446246748|-164097.32391558102|-164096.40320648724|-164095.44466003348
730.8|1.0|0.8|0.0|-164414.91575271517|-164414.1842304215|-164413.37703340777|-164412.60767375407|-164411.77525183372
731.0|1.0|0.8|0.0|-164256.43647462793|-164255.83107686765|-164255.18784174736|-164254.54460662702|-164253.86353414672
731.2|1.0|0.8|0.0|-164211.3594182191|-164210.5522212054|-164209.69457437834|-164208.84954000462|-164207.95405581754
731.4|1.0|0.8|0.0|-164306.02285782978|-164304.7363875892|-164303.39946753526|-164302.04993502796|-164300.67517761397
731.6|1.0|0.8|0.0|-164116.38090400654|-164115.18272093934|-164113.92147560543|-164112.67284272483|-164111.3737600309
731.8|1.0|0.8|0.0|-164258.03692171266|-164257.46936131243|-164256.8513510988|-164256.24595333848|-164255.56488085818
732.0|1.0|0.8|0.0|-164063.9245822282|-164063.1930599345|-164062.4110878275|-164061.65434062714|-164060.84714361344
732.2|1.0|0.8|0.0|-164146.26006873563|-164144.77179924163|-164143.2204674809|-164141.68174817352|-164140.1051915061
732.4|1.0|0.8|0.0|-164193.9275505995|-164192.50234337218|-164191.03929878483|-164189.60147910417|-164188.07537225014
732.6|1.0|0.8|0.0|-164010.77522847702|-164009.72839484987|-164008.61849895603|-164007.5212155155|-164006.386094715
732.8|1.0|0.8|0.0|-164158.9033771719|-164157.86915599808|-164156.78448501092|-164155.72503893042|-164154.58991812987
733.0|1.0|0.8|0.0|-163961.69111989683|-163960.85869797645|-163959.96321378936|-163959.08034205562|-163958.14702050854
733.2|1.0|0.8|0.0|-164012.65079836198|-164011.83098889492|-164010.92289225452|-164010.0526329741|-164009.11931142703
733.4|1.0|0.8|0.0|-164027.72304607517|-164026.81494943477|-164025.8311780743|-164024.88524407387|-164023.87624780674
733.6|1.0|0.8|0.0|-164190.08646560233|-164189.50629274873|-164188.86305762842|-164188.2450474148|-164187.56397493448
733.8|1.0|0.8|0.0|-163856.94749599675|-163856.07723671634|-163855.14391516923|-163854.23581852883|-163853.277272075
734.0|1.0|0.8|0.0|-163914.51707826174|-163913.81078087474|-163913.0288087677|-163912.27206156735|-163911.43963964697
734.2|1.0|0.8|0.0|-164139.75953167645|-164138.8766599427|-164137.93072594225|-164136.98479194182|-164136.00102058137
734.4|1.0|0.8|0.0|-164073.01442860533|-164072.03065724488|-164070.9459862577|-164069.89915263053|-164068.7892567367
734.6|1.0|0.8|0.0|-164085.85390610463|-164085.36202042442|-164084.8070724775|-164084.28996189058|-164083.69717658364
734.8|1.0|0.8|0.0|-164012.16705363817|-164011.6247181446|-164011.01932038428|-164010.43914753068|-164009.80852486374
735.0|1.0|0.8|0.0|-163931.1320409337|-163930.3500688267|-163929.50503445297|-163928.68522498594|-163927.78974079885
735.2|1.0|0.8|0.0|-164239.41202918623|-164239.08410539944|-164238.70573179924|-164238.33997065242|-164237.92375969223
735.4|1.0|0.8|0.0|-164287.7673068562|-164286.88443512245|-164285.9637260287|-164285.05562938828|-164284.10969538786
735.6|1.0|0.8|0.0|-164116.53461750643|-164115.70219558603|-164114.79409894563|-164113.91122721188|-164112.97790566477
735.8|1.0|0.8|0.0|-164013.80618505855|-164012.7593514314|-164011.66206799087|-164010.59000945705|-164009.42966374985
736.0|1.0|0.8|0.0|-164051.93363150296|-164051.15165939595|-164050.2940125689|-164049.46159064848|-164048.57871891474
736.2|1.0|0.8|0.0|-163994.7542967001|-163994.04799931307|-163993.29125211271|-163992.54711736573|-163991.739920352
736.4|1.0|0.8|0.0|-164242.58449709075|-164241.52505101025|-164240.4151551164|-164239.33048412923|-164238.15752596868
736.6|1.0|0.8|0.0|-163744.27978389437|-163743.485199334|-163742.6527774136|-163741.82035549323|-163740.93748375948
736.8|1.0|0.8|0.0|-164268.54163184538|-164267.94884653843|-164267.2929989648|-164266.67498875118|-164265.98130381753
737.0|1.0|0.8|0.0|-164360.22395028436|-164359.35369100395|-164358.44559436353|-164357.53749772313|-164356.5789512693
737.2|1.0|0.8|0.0|-164247.10285628497|-164246.06863511115|-164244.98396412397|-164243.9371304968|-164242.82723460297
737.4|1.0|0.8|0.0|-164327.30544706903|-164326.23338853518|-164325.110880188|-164324.00098429414|-164322.8280261336
737.6|1.0|0.8|0.0|-163868.36349496176|-163867.55629794806|-163866.68603866763|-163865.85361674728|-163864.97074501353
737.8|1.0|0.8|0.0|-164117.58636028704|-164116.77916327334|-164115.92151644628|-164115.07648207256|-164114.18099788544
738.0|1.0|0.8|0.0|-164223.06882454964|-164222.1859528159|-164221.25263126878|-164220.3571470817|-164219.39860062793
738.2|1.0|0.8|0.0|-164004.99762207986|-164004.1399752528|-164003.2318786124|-164002.34900687862|-164001.3778479715
738.4|1.0|0.8|0.0|-164162.3884272999|-164161.48033065943|-164160.50917175235|-164159.57585020523|-164158.5542414848
738.6|1.0|0.8|0.0|-164106.10470824488|-164105.38579840458|-164104.61643875088|-164103.84707909718|-164103.02726963014
738.8|1.0|0.8|0.0|-164330.47457499235|-164329.41512891187|-164328.30523301804|-164327.19533712414|-164326.0476038703
739.0|1.0|0.8|0.0|-163893.57565119572|-163892.7432292753|-163891.8981949016|-163891.05316052787|-163890.14506388744
739.2|1.0|0.8|0.0|-164060.03040647425|-164059.16014719388|-164058.21421319342|-164057.30611655297|-164056.3475700992
739.4|1.0|0.8|0.0|-164175.23525988855|-164174.11275154137|-164172.95240583416|-164171.79206012696|-164170.56865215307
739.6|1.0|0.8|0.0|-164013.64147700966|-164012.79644263594|-164011.9135709022|-164011.0180867151|-164010.084765168
739.8|1.0|0.8|0.0|-163968.22403253516|-163967.24026117468|-163966.19342754752|-163965.17181882705|-163964.0997602932
740.0|1.0|0.8|0.0|-163914.6377292699|-163913.8431447095|-163912.9728854291|-163912.12785105538|-163911.21975441495
740.2|1.0|0.8|0.0|-164045.6141484688|-164044.9456884418|-164044.21416614813|-164043.4952563078|-164042.73850910744
740.4|1.0|0.8|0.0|-164059.68443781257|-164058.8267909855|-164057.88085698505|-164056.97276034465|-164055.98898898417
740.6|1.0|0.8|0.0|-164136.25464203494|-164135.52311974126|-164134.7663725409|-164133.9970128872|-164133.17720342017
740.8|1.0|0.8|0.0|-164154.1643257766|-164153.55892801634|-164152.89046798935|-164152.23462041572|-164151.5283230287
741.0|1.0|0.8|0.0|-164066.92977397525|-164065.60546637466|-164064.24332141402|-164062.88117645335|-164061.4811941327
741.2|1.0|0.8|0.0|-163926.22638341|-163925.0912626095|-163923.8804670889|-163922.70750892835|-163921.48410095443
741.4|1.0|0.8|0.0|-164425.50975740032|-164424.77823510664|-164423.9962629996|-164423.22690334593|-164422.39448142552
741.6|1.0|0.8|0.0|-164034.37426853032|-164033.7940956767|-164033.16347300974|-164032.54546279614|-164031.86439031584
741.8|1.0|0.8|0.0|-164074.10844291744|-164072.98593457026|-164071.78775150303|-164070.62740579582|-164069.4039978219
742.0|1.0|0.8|0.0|-164143.03531901725|-164142.21550955024|-164141.3452502698|-164140.46237853606|-164139.56689434897
742.2|1.0|0.8|0.0|-163943.78217925076|-163942.87408261033|-163941.89031124985|-163940.93176479609|-163939.89754362227
742.4|1.0|0.8|0.0|-164014.43714285703|-164013.18850997643|-164011.88942728247|-164010.61556949522|-164009.29126189463
742.6|1.0|0.8|0.0|-164048.29996554708|-164047.26574437326|-164046.18107338608|-164045.09640239892|-164043.9738940517
742.8|1.0|0.8|0.0|-163651.49492566957|-163650.83907809592|-163650.13278070893|-163649.45170822862|-163648.69496102826
743.0|1.0|0.8|0.0|-163898.79633220815|-163898.06480991447|-163897.28283780743|-163896.48825324708|-163895.66844378004
743.2|1.0|0.8|0.0|-163923.01224261944|-163921.7762221922|-163920.4897519516|-163919.21589416434|-163917.89158656372
743.4|1.0|0.8|0.0|-163992.4602431729|-163991.79178314595|-163991.0728733056|-163990.34135101194|-163989.5593789049
743.6|1.0|0.8|0.0|-164018.94621399362|-164017.59668148635|-164016.19669916568|-164014.83455420504|-164013.39673452437
743.8|1.0|0.8|0.0|-164349.2285295876|-164347.81593481358|-164346.3402777729|-164344.90245809223|-164343.4141885982
744.0|1.0|0.8|0.0|-164461.680769708|-164460.24295002734|-164458.75468053334|-164457.291635946|-164455.75291663856
744.2|1.0|0.8|0.0|-164517.7108114011|-164516.6387528673|-164515.49101961343|-164514.36851126625|-164513.19555310567
744.4|1.0|0.8|0.0|-164412.13028153876|-164411.1086728183|-164410.03661428444|-164408.96455575063|-164407.84204740345
744.6|1.0|0.8|0.0|-163926.23650600956|-163924.82391123555|-163923.3482541949|-163921.89782206086|-163920.39694011348
744.8|1.0|0.8|0.0|-164362.21068735106|-164361.01250428383|-164359.77648385658|-164358.527850976|-164357.25399318876
745.0|1.0|0.8|0.0|-164068.60538606753|-164067.73512678713|-164066.83964260007|-164065.9315459596|-164064.97299950584
745.2|1.0|0.8|0.0|-164405.38105721094|-164404.5738601972|-164403.70360091684|-164402.85856654312|-164401.96308235603
745.4|1.0|0.8|0.0|-164117.94536468925|-164116.86069370207|-164115.72557290157|-164114.6156770077|-164113.4553313005
745.6|1.0|0.8|0.0|-163991.66315338417|-163990.4523578636|-163989.17850007632|-163987.90464228907|-163986.5929471418
745.8|1.0|0.8|0.0|-163910.61552822636|-163909.35428289243|-163908.05520019852|-163906.75611750458|-163905.41919745062
746.0|1.0|0.8|0.0|-164257.66990041474|-164256.81225358765|-164255.91676940056|-164255.04651012016|-164254.10057611973
746.2|1.0|0.8|0.0|-164294.35908707647|-164293.2744160893|-164292.1519077421|-164291.0293993949|-164289.85644123438
746.4|1.0|0.8|0.0|-164393.34920567635|-164392.55462111597|-164391.70958674225|-164390.87716482187|-164389.98168063478
746.6|1.0|0.8|0.0|-164470.34575502426|-164469.66468254392|-164468.93316025025|-164468.2394753166|-164467.4701156629
746.8|1.0|0.8|0.0|-164107.78434130747|-164107.12849373385|-164106.40958389352|-164105.71589895987|-164104.9591517595
747.0|1.0|0.8|0.0|-164070.6742092264|-164069.7787250393|-164068.83279103885|-164067.88685703842|-164066.91569813128
747.2|1.0|0.8|0.0|-164148.828249221|-164147.63006615377|-164146.3814332732|-164145.14541284594|-164143.88416751203
747.4|1.0|0.8|0.0|-164149.61730727507|-164148.64614836793|-164147.62453964746|-164146.61554338032|-164145.55609729985
747.6|1.0|0.8|0.0|-164364.18710007804|-164362.88801738407|-164361.56370978346|-164360.25201463618|-164358.87725722222
747.8|1.0|0.8|0.0|-164267.50003277962|-164266.1505002723|-164264.75051795167|-164263.36314808435|-164261.92532840368
748.0|1.0|0.8|0.0|-164143.29834674948|-164142.23890066898|-164141.1163923218|-164140.00649642796|-164138.8335382674
748.2|1.0|0.8|0.0|-163709.6585975401|-163708.67482617966|-163707.61538009916|-163706.58115892537|-163705.4964879382
748.4|1.0|0.8|0.0|-163885.77841885216|-163884.41627389152|-163882.9910666642|-163881.5784718902|-163880.12803975618
748.6|1.0|0.8|0.0|-163970.45843057163|-163969.31069731776|-163968.08728934385|-163966.90171872996|-163965.6530858494
748.8|1.0|0.8|0.0|-163975.88588981653|-163974.78860637604|-163973.64087312217|-163972.50575232162|-163971.3075692544
749.0|1.0|0.8|0.0|-164303.04426995598|-164301.85869934212|-164300.5974540082|-164299.38665848764|-164298.1128007004
749.2|1.0|0.8|0.0|-164212.1322002482|-164211.38806550117|-164210.60609339413|-164209.82412128712|-164208.9790869134
749.4|1.0|0.8|0.0|-164154.75243767133|-164153.5164172441|-164152.21733455017|-164150.9434767629|-164149.60655670892
749.6|1.0|0.8|0.0|-164249.10572534104|-164247.85709246047|-164246.5453973132|-164245.23370216592|-164243.89678211196
749.8|1.0|0.8|0.0|-164311.30014725451|-164310.30376344072|-164309.26954226688|-164308.26054599977|-164307.20109991927
750.0|1.0|0.8|0.0|-164507.78258940842|-164507.05106711478|-164506.24387010105|-164505.461897994|-164504.62947607363
750.2|1.0|0.8|0.0|-164474.84686377933|-164474.01444185895|-164473.10634521852|-164472.22347348477|-164471.29015193766
750.4|1.0|0.8|0.0|-164252.88791624308|-164251.87891997595|-164250.81947389545|-164249.78525272163|-164248.68796928113
750.6|1.0|0.8|0.0|-164023.57465915792|-164022.38908854406|-164021.14045566347|-164019.89182278287|-164018.61796499562
750.8|1.0|0.8|0.0|-164420.88198180063|-164420.1378470536|-164419.3432624932|-164418.58651529287|-164417.75409337247
751.0|1.0|0.8|0.0|-164391.16992971918|-164389.8834594786|-164388.54653942463|-164387.23484427735|-164385.87269931674
751.2|1.0|0.8|0.0|-164714.04873520302|-164712.63614042904|-164711.147870935|-164709.68482634766|-164708.1461070403
751.4|1.0|0.8|0.0|-164577.873105847|-164577.15419600668|-164576.39744880632|-164575.62808915263|-164574.82089213893
751.6|1.0|0.8|0.0|-164481.05074989592|-164480.05436608213|-164479.03275736165|-164478.0111486412|-164476.93909010736
751.8|1.0|0.8|0.0|-164336.49702506978|-164335.47541634928|-164334.4159702688|-164333.3565241883|-164332.25924074778
752.0|1.0|0.8|0.0|-164349.96198610796|-164349.0160521075|-164348.0070558404|-164347.01067202658|-164345.9764508528
752.2|1.0|0.8|0.0|-164552.55387426584|-164551.70883989212|-164550.81335570503|-164549.94309642463|-164549.00977487754
752.4|1.0|0.8|0.0|-164588.2955362223|-164587.1225780617|-164585.88655763448|-164584.7009870206|-164583.43974168669
752.6|1.0|0.8|0.0|-164525.37200651295|-164524.70354648598|-164523.97202419228|-164523.27833925863|-164522.50897960493
752.8|1.0|0.8|0.0|-164753.48129359758|-164752.78760866393|-164752.0686988236|-164751.34978898324|-164750.58042932957
753.0|1.0|0.8|0.0|-164247.3933768271|-164246.16996885318|-164244.90872351924|-164243.64747818533|-164242.3231705847
753.2|1.0|0.8|0.0|-164120.5751585013|-164119.55354978083|-164118.50671615367|-164117.45988252654|-164116.36259908602
753.4|1.0|0.8|0.0|-164226.18643983698|-164225.07654394314|-164223.8783608759|-164222.7180151687|-164221.51983210148
753.6|1.0|0.8|0.0|-164292.60384640266|-164291.3678259754|-164290.05613082813|-164288.76966058754|-164287.43274053358
753.8|1.0|0.8|0.0|-164737.6216500234|-164736.34779223616|-164735.01087218217|-164733.6865645816|-164732.32441962094
754.0|1.0|0.8|0.0|-164129.0203265931|-164127.78430616585|-164126.4852234719|-164125.18614077798|-164123.86183317733
754.2|1.0|0.8|0.0|-164529.51681679493|-164528.68439487455|-164527.8015231408|-164526.91865140703|-164525.98532985995
754.4|1.0|0.8|0.0|-164029.81009596837|-164029.02812386132|-164028.19570194095|-164027.38850492725|-164026.5308581002
754.6|1.0|0.8|0.0|-163817.21304212773|-163816.4689073807|-163815.67432282036|-163814.91757561997|-163814.07254124625
754.8|1.0|0.8|0.0|-163704.48293418184|-163703.49916282136|-163702.49016655423|-163701.48117028712|-163700.42172420662
755.0|1.0|0.8|0.0|-163813.10138233914|-163812.06716116532|-163810.95726527146|-163809.87259428427|-163808.73747348378
755.2|1.0|0.8|0.0|-164145.0393501785|-164144.0051290047|-164142.87000820416|-164141.79794967035|-164140.65021641648
755.4|1.0|0.8|0.0|-163949.0258940664|-163948.0925725193|-163947.0961887055|-163946.11241734502|-163945.07819617123
755.6|1.0|0.8|0.0|-164074.9645135881|-164074.15731657433|-164073.2996697473|-164072.44202292024|-164071.54653873315
755.8|1.0|0.8|0.0|-164025.12009799152|-164024.01020209765|-164022.87508129713|-164021.73996049658|-164020.54177742935
756.0|1.0|0.8|0.0|-164272.24069208218|-164270.97944674827|-164269.65513914765|-164268.35605645372|-164266.99391149307
756.2|1.0|0.8|0.0|-164231.4349081069|-164230.48897410647|-164229.49259029268|-164228.49620647886|-164227.43676039838
756.4|1.0|0.8|0.0|-164279.50248232752|-164278.0898875535|-164276.6016180595|-164275.13857347216|-164273.62507907144
756.6|1.0|0.8|0.0|-164541.5521298816|-164540.34133436106|-164539.06747657378|-164537.8188436932|-164536.51976099925
756.8|1.0|0.8|0.0|-164714.79933293056|-164713.53808759665|-164712.21377999603|-164710.9146973021|-164709.5399398881
757.0|1.0|0.8|0.0|-164347.45876599144|-164346.1849082042|-164344.8353756969|-164343.49845564293|-164342.13631068228
757.2|1.0|0.8|0.0|-164285.2776022403|-164284.5208550399|-164283.70104557287|-164282.90646101252|-164282.04881418543
757.4|1.0|0.8|0.0|-164411.07421184558|-164409.87602877835|-164408.62739589778|-164407.39137547053|-164406.0922927766
757.6|1.0|0.8|0.0|-164329.53828159653|-164328.4283857027|-164327.26803999548|-164326.10769428825|-164324.88428631437
757.8|1.0|0.8|0.0|-164177.3260640095|-164176.10265603563|-164174.82879824837|-164173.58016536778|-164172.25585776716
758.0|1.0|0.8|0.0|-164266.24979826304|-164264.83720348903|-164263.36154644834|-164261.898501861|-164260.38500746028
758.2|1.0|0.8|0.0|-164344.5831116069|-164344.00293875328|-164343.35970363297|-164342.74169341935|-164342.07323339238
758.4|1.0|0.8|0.0|-164432.21443740773|-164431.331565674|-164430.39824412687|-164429.46492257976|-164428.49376367265
758.6|1.0|0.8|0.0|-164428.26538462224|-164427.20593854177|-164426.0834301946|-164424.98614675406|-164423.8131885935
758.8|1.0|0.8|0.0|-164512.67556207432|-164511.27557975368|-164509.799922713|-164508.33687812564|-164506.82338372493
759.0|1.0|0.8|0.0|-164391.742272587|-164391.3260616268|-164390.84678839994|-164390.3927400797|-164389.88824194614
759.2|1.0|0.8|0.0|-164165.5177136497|-164164.49610492925|-164163.43665884875|-164162.3898252216|-164161.2925417811
759.4|1.0|0.8|0.0|-164152.2473086221|-164151.44011160842|-164150.56985232804|-164149.72481795427|-164148.8293337672
759.6|1.0|0.8|0.0|-164167.38965559445|-164166.79687028754|-164166.16624762057|-164165.51040004694|-164164.84194001995
759.8|1.0|0.8|0.0|-164364.77057046824|-164364.29129724135|-164363.7867991078|-164363.3075258809|-164362.75257793398
760.0|1.0|0.8|0.0|-164182.46309193844|-164181.9333688982|-164181.3531960446|-164180.76041073765|-164180.14240052403
760.2|1.0|0.8|0.0|-164457.14971321315|-164456.03981731928|-164454.8542467054|-164453.70651345156|-164452.48310547762
760.4|1.0|0.8|0.0|-164287.73923996085|-164286.59150670696|-164285.39332363973|-164284.20775302587|-164282.9717325986
760.6|1.0|0.8|0.0|-164446.9386075065|-164446.29537238623|-164445.62691235924|-164444.94583987893|-164444.23954249194
760.8|1.0|0.8|0.0|-164649.35947931028|-164649.01894307014|-164648.61534456327|-164648.2369709631|-164647.8207600029
761.0|1.0|0.8|0.0|-164275.3266487504|-164274.67080117678|-164273.98972869644|-164273.32126866948|-164272.56452146912
761.2|1.0|0.8|0.0|-164442.517330215|-164441.9119324547|-164441.24347242774|-164440.60023730743|-164439.89393992044
761.4|1.0|0.8|0.0|-164006.8418207192|-164006.33732258563|-164005.76976218537|-164005.2274266918|-164004.63464138482
761.6|1.0|0.8|0.0|-163970.70917093585|-163969.37225088192|-163967.9848810146|-163966.6101236006|-163965.18491637328
761.8|1.0|0.8|0.0|-164185.48241386813|-164184.77611648114|-164184.03198173412|-164183.27523453376|-164182.4806499734
762.0|1.0|0.8|0.0|-164058.77506724306|-164057.90480796268|-164056.95887396223|-164056.03816486846|-164055.0796184147
762.2|1.0|0.8|0.0|-163951.47739100445|-163950.5945192707|-163949.6611977236|-163948.7278761765|-163947.74410481605
762.4|1.0|0.8|0.0|-164287.86413401456|-164286.72901321406|-164285.5182176935|-164284.35787198629|-164283.12185155903
762.6|1.0|0.8|0.0|-164187.47139119252|-164186.50023228538|-164185.47862356494|-164184.48223975117|-164183.42279367064
762.8|1.0|0.8|0.0|-164441.66814843807|-164440.48257782415|-164439.25916985027|-164438.03576187635|-164436.7619040891
763.0|1.0|0.8|0.0|-164432.65944195032|-164431.89008229662|-164431.0702728296|-164430.27568826923|-164429.41804144214
763.2|1.0|0.8|0.0|-164308.05311306418|-164307.5486149306|-164306.99366698368|-164306.4513314901|-164305.85854618315
763.4|1.0|0.8|0.0|-164531.17420500747|-164530.29133327372|-164529.3580117266|-164528.44991508618|-164527.47875617907
763.6|1.0|0.8|0.0|-164751.76601391027|-164751.24890332337|-164750.66873046974|-164750.1011700695|-164749.48315985588
763.8|1.0|0.8|0.0|-164376.0286620275|-164375.07011557373|-164374.04850685323|-164373.06473549278|-164372.03051431896
764.0|1.0|0.8|0.0|-164412.5669393512|-164411.8354170575|-164411.0282200438|-164410.2588603901|-164409.43905092304
764.2|1.0|0.8|0.0|-164558.47143083627|-164557.0336111556|-164555.50750430158|-164554.01923480755|-164552.4679030468
764.4|1.0|0.8|0.0|-164506.05351406938|-164504.81749364216|-164503.53102340153|-164502.25716561428|-164500.93285801366
764.6|1.0|0.8|0.0|-164620.2876648153|-164619.3795681749|-164618.40840926775|-164617.44986281398|-164616.45347900016
764.8|1.0|0.8|0.0|-164546.46416874565|-164546.0984075988|-164545.6821966386|-164545.25337322507|-164544.82454981154
765.0|1.0|0.8|0.0|-164556.47200750053|-164555.77832256688|-164555.0215753665|-164554.2774406195|-164553.48285605913
765.2|1.0|0.8|0.0|-164600.57775682776|-164600.03542133415|-164599.45524848055|-164598.87507562694|-164598.24445295997
765.4|1.0|0.8|0.0|-164453.19984909298|-164452.08995319917|-164450.91699503857|-164449.7944866914|-164448.60891607753
765.6|1.0|0.8|0.0|-164633.09416661365|-164632.1230077065|-164631.10139898607|-164630.09240271893|-164629.0203441851
765.8|1.0|0.8|0.0|-164547.4615837633|-164546.28862560276|-164545.03999272216|-164543.81658474827|-164542.54272696102
766.0|1.0|0.8|0.0|-164448.78174883733|-164448.06283899696|-164447.30609179664|-164446.57456950296|-164445.79259739592
766.2|1.0|0.8|0.0|-164544.75712864447|-164543.81119464405|-164542.76436101692|-164541.7679772031|-164540.69591866923
766.4|1.0|0.8|0.0|-164414.17066634836|-164413.23734480128|-164412.2535734408|-164411.29502698703|-164410.28603071987
766.6|1.0|0.8|0.0|-164245.01789221176|-164243.9710585846|-164242.86116269077|-164241.76387925027|-164240.62875844972
766.8|1.0|0.8|0.0|-164677.9121872265|-164677.4076890929|-164676.84012869268|-164676.28518074573|-164675.6671705321
767.0|1.0|0.8|0.0|-164368.26086921737|-164367.68069636376|-164367.05007369682|-164366.4446759365|-164365.78882836289
767.2|1.0|0.8|0.0|-164241.4885747711|-164240.20210453047|-164238.8651844765|-164237.52826442255|-164236.1535070086
767.4|1.0|0.8|0.0|-164195.04584442687|-164194.41522175993|-164193.70892437294|-164193.02785189264|-164192.29632959893
767.6|1.0|0.8|0.0|-164294.87220221807|-164293.87581840428|-164292.81637232378|-164291.7947636033|-164290.71009261615
767.8|1.0|0.8|0.0|-163986.33375618092|-163985.51394671388|-163984.66891234013|-163983.8238779664|-163982.92839377932
768.0|1.0|0.8|0.0|-164032.7488591973|-164032.09301162369|-164031.3867142367|-164030.69302930302|-164029.948894556
768.2|1.0|0.8|0.0|-163854.74930522102|-163853.91688330064|-163853.0087866602|-163852.13852737978|-163851.2052058327
768.4|1.0|0.8|0.0|-163814.28803301768|-163813.54389827067|-163812.76192616363|-163811.9799540566|-163811.13491968287
768.6|1.0|0.8|0.0|-164053.45113050946|-164052.429521789|-164051.35746325515|-164050.310629628|-164049.18812128078
768.8|1.0|0.8|0.0|-163736.24427220193|-163735.4623000949|-163734.61726572117|-163733.81006870748|-163732.92719697373
769.0|1.0|0.8|0.0|-163502.05659865373|-163500.97192766657|-163499.83680686602|-163498.70168606553|-163497.5161154516
769.2|1.0|0.8|0.0|-163858.82833441594|-163857.49141436195|-163856.10404449466|-163854.71667462736|-163853.30407985335
769.4|1.0|0.8|0.0|-163719.89481781822|-163718.78492192438|-163717.62457621715|-163716.46423050994|-163715.25343498937
769.6|1.0|0.8|0.0|-164156.21580917743|-164155.6230238705|-164154.96717629686|-164154.3491660832|-164153.64286869625
769.8|1.0|0.8|0.0|-164102.06952062334|-164101.17403643625|-164100.24071488914|-164099.33261824874|-164098.36145934163
770.0|1.0|0.8|0.0|-163966.5571031256|-163965.19495816497|-163963.7571384843|-163962.34454371032|-163960.86888666963
770.2|1.0|0.8|0.0|-164173.6745310837|-164172.2871612164|-164170.82411662902|-164169.3862969484|-164167.89802745433
770.4|1.0|0.8|0.0|-163978.07651913934|-163976.57563719197|-163975.02430543126|-163973.48558612383|-163971.8964170031
770.6|1.0|0.8|0.0|-164225.4834781009|-164224.5753814605|-164223.61683500675|-164222.6709010063|-164221.6745171925
770.8|1.0|0.8|0.0|-164222.76409163757|-164221.56590857034|-164220.30466323643|-164219.0812552625|-164217.76956011524
771.0|1.0|0.8|0.0|-164358.1552791163|-164357.27240738255|-164356.36431074212|-164355.44360164835|-164354.4976676479
771.2|1.0|0.8|0.0|-164138.2648174528|-164137.60896987916|-164136.9152849455|-164136.22160001184|-164135.47746526482
771.4|1.0|0.8|0.0|-164476.8883964384|-164476.2073239581|-164475.45057675775|-164474.73166691742|-164473.93708235706
771.6|1.0|0.8|0.0|-164043.39930357208|-164042.39030730494|-164041.3056363178|-164040.2461902373|-164039.13629434342
771.8|1.0|0.8|0.0|-164078.36726324048|-164077.03034318652|-164075.61774841254|-164074.2556034519|-164072.81778377123
772.0|1.0|0.8|0.0|-164120.00531152484|-164119.04676507105|-164118.03776880392|-164117.02877253678|-164115.96932645628
772.2|1.0|0.8|0.0|-164197.36358730934|-164196.53116538897|-164195.63568120188|-164194.76542192147|-164193.8447128277
772.4|1.0|0.8|0.0|-164236.37977287374|-164235.45906377997|-164234.47529241952|-164233.51674596572|-164232.49513724525
772.6|1.0|0.8|0.0|-164223.7004757801|-164222.6410296996|-164221.5185213524|-164220.43385036525|-164219.2861171114
772.8|1.0|0.8|0.0|-164146.82646143812|-164145.84269007764|-164144.80846890382|-164143.7994726367|-164142.7148016495
773.0|1.0|0.8|0.0|-164310.88925447458|-164310.33430652763|-164309.7415212207|-164309.14873591377|-164308.5181132468
773.2|1.0|0.8|0.0|-164782.87357231864|-164782.0537628516|-164781.15827866452|-164780.27540693077|-164779.35469783703
773.4|1.0|0.8|0.0|-164763.64951309605|-164762.71619154894|-164761.7324201885|-164760.7738737347|-164759.76487746756
773.6|1.0|0.8|0.0|-164666.32219440638|-164665.6537343794|-164664.92221208572|-164664.20330224538|-164663.42133013837
773.8|1.0|0.8|0.0|-164495.59712703756|-164494.63858058376|-164493.62958431663|-164492.67103786286|-164491.6242042357
774.0|1.0|0.8|0.0|-164057.37790298063|-164056.759892767|-164056.07882028667|-164055.42297271304|-164054.7040628727
774.2|1.0|0.8|0.0|-164445.51399071765|-164444.60589407722|-164443.62212271677|-164442.6888011697|-164441.67980490252
774.4|1.0|0.8|0.0|-164354.29688227864|-164353.23743619816|-164352.11492785098|-164351.01764441046|-164349.8446862499
774.6|1.0|0.8|0.0|-164093.01054530896|-164092.01416149517|-164090.95471541467|-164089.92049424085|-164088.8358232537
774.8|1.0|0.8|0.0|-164145.4156646654|-164144.89855407848|-164144.31838122488|-164143.77604573127|-164143.15803551767
775.0|1.0|0.8|0.0|-164397.8791431564|-164396.90798424926|-164395.8863755288|-164394.889991715|-164393.8305456345
775.2|1.0|0.8|0.0|-164326.58094442982|-164325.66023533605|-164324.6638515223|-164323.6800801618|-164322.67108389467
775.4|1.0|0.8|0.0|-164453.10140448002|-164452.36988218635|-164451.58791007937|-164450.80593797233|-164449.98612850526
775.6|1.0|0.8|0.0|-164654.09357732095|-164653.00890633377|-164651.8737855332|-164650.76388963938|-164649.5783190255
775.8|1.0|0.8|0.0|-164371.8825103762|-164370.5960401356|-164369.271732535|-164367.97264984105|-164366.6105048804
776.0|1.0|0.8|0.0|-164642.292840946|-164641.08204542543|-164639.82080009152|-164638.5973921176|-164637.28569697033
776.2|1.0|0.8|0.0|-164604.3608556174|-164603.70500804376|-164603.0113231101|-164602.31763817646|-164601.5861158828
776.4|1.0|0.8|0.0|-164579.43062946462|-164578.32073357076|-164577.1351629569|-164576.00004215637|-164574.7892466358
776.6|1.0|0.8|0.0|-164288.91613668363|-164287.52876681634|-164286.065722229|-164284.65312745498|-164283.1774704143
776.8|1.0|0.8|0.0|-164302.44282981515|-164301.5977954414|-164300.71492370765|-164299.81943952056|-164298.8987304268
777.0|1.0|0.8|0.0|-163908.32166527785|-163906.66943389038|-163904.95414023628|-163903.23884658213|-163901.49832802132
777.2|1.0|0.8|0.0|-164293.31111685996|-164292.0246466194|-164290.67511411206|-164289.3634189648|-164287.9760490975
777.4|1.0|0.8|0.0|-164385.89314105068|-164384.7706327035|-164383.6228994496|-164382.4625537424|-164381.2769831285
777.6|1.0|0.8|0.0|-164068.3115659693|-164066.9872583687|-164065.58727604803|-164064.2251310874|-164062.7746989534
777.8|1.0|0.8|0.0|-164326.47361286986|-164325.32587961596|-164324.10247164208|-164322.9169010282|-164321.68088060096
778.0|1.0|0.8|0.0|-164306.27040613486|-164304.9965483476|-164303.710078107|-164302.3983829597|-164301.06146290578
778.2|1.0|0.8|0.0|-164379.08209926213|-164377.56860486144|-164375.97943574068|-164374.42810397997|-164372.8010974992
778.4|1.0|0.8|0.0|-164314.49372571203|-164313.04329357803|-164311.555024084|-164310.04152968328|-164308.5028103759
778.6|1.0|0.8|0.0|-164262.11214322323|-164261.2040465828|-164260.24550012904|-164259.31217858192|-164258.31579476813
778.8|1.0|0.8|0.0|-164120.26942712863|-164118.85683235462|-164117.39378776727|-164115.93074317995|-164114.4424736859
779.0|1.0|0.8|0.0|-164015.6617391332|-164014.48878097264|-164013.24014809207|-164012.04196502484|-164010.7681072376
779.2|1.0|0.8|0.0|-164140.7497402671|-164139.9425432534|-164139.05967151967|-164138.20202469258|-164137.29392805218
779.4|1.0|0.8|0.0|-163848.66892800262|-163847.38245776205|-163846.04553770804|-163844.73384256076|-163843.37169760017
779.6|1.0|0.8|0.0|-163905.73903500906|-163904.8561632753|-163903.89761682152|-163902.98952018112|-163902.00574882064
779.8|1.0|0.8|0.0|-163838.24979719095|-163837.3038631905|-163836.28225447002|-163835.2858706562|-163834.25164948238
780.0|1.0|0.8|0.0|-163866.91790363097|-163865.79539528376|-163864.6224371232|-163863.462091416|-163862.23868344212
780.2|1.0|0.8|0.0|-164093.19662033734|-164092.28852369697|-164091.3425896965|-164090.39665569607|-164089.3750469756
780.4|1.0|0.8|0.0|-163696.51148095736|-163695.72950885037|-163694.89708692997|-163694.06466500956|-163693.19440572915
780.6|1.0|0.8|0.0|-164140.22370196533|-164139.46695476497|-164138.6723702046|-164137.87778564423|-164137.04536372385
780.8|1.0|0.8|0.0|-164005.5253214679|-164004.25146368064|-164002.92715608003|-164001.65329829275|-164000.30376578547
781.0|1.0|0.8|0.0|-163799.73164261648|-163798.92444560278|-163798.04157386904|-163797.18392704194|-163796.27583040152
781.2|1.0|0.8|0.0|-163743.13449270994|-163741.74712284264|-163740.2840782553|-163738.84625857463|-163737.35798908057
781.4|1.0|0.8|0.0|-163945.39117219677|-163944.02902723616|-163942.6038200088|-163941.20383768817|-163939.74079310082
781.6|1.0|0.8|0.0|-163874.14834010968|-163873.21501856257|-163872.20602229543|-163871.23486338835|-163870.2006422145
781.8|1.0|0.8|0.0|-163952.10437550535|-163950.75484299802|-163949.36747313073|-163948.0053281701|-163946.5927333961
782.0|1.0|0.8|0.0|-163899.97710585437|-163899.01855940057|-163898.00956313347|-163897.00056686634|-163895.9411207858
782.2|1.0|0.8|0.0|-163886.43133096807|-163885.54845923433|-163884.58991278053|-163883.6439787801|-163882.66020741963
782.4|1.0|0.8|0.0|-164122.3957178831|-164121.82815748284|-164121.19753481587|-164120.59213705562|-164119.93628948196
782.6|1.0|0.8|0.0|-164198.04703760735|-164197.0632662469|-164196.02904507308|-164194.99482389927|-164193.93537781877
782.8|1.0|0.8|0.0|-164476.89128981344|-164476.04625543972|-164475.1381587993|-164474.2426746122|-164473.3093530651
783.0|1.0|0.8|0.0|-164465.60314407482|-164464.4301859143|-164463.21939039373|-164462.03381977984|-164460.7725744459
783.2|1.0|0.8|0.0|-164489.4532933393|-164488.5451966989|-164487.61187515178|-164486.67855360467|-164485.68216979087
783.4|1.0|0.8|0.0|-164802.62050975193|-164801.63673839148|-164800.60251721763|-164799.58090849718|-164798.50884996334
783.6|1.0|0.8|0.0|-164429.0216718469|-164428.11357520646|-164427.129803846|-164426.1964822989|-164425.18748603176
783.8|1.0|0.8|0.0|-164341.79543879963|-164341.15220367935|-164340.44590629236|-164339.7522213587|-164339.00808661166
784.0|1.0|0.8|0.0|-164391.14378713272|-164390.5257769191|-164389.86992934544|-164389.22669422516|-164388.54562174485
784.2|1.0|0.8|0.0|-164424.31958448052|-164423.4745501068|-164422.5790659197|-164421.70880663928|-164420.7754850922
784.4|1.0|0.8|0.0|-164290.91996903167|-164289.7343984178|-164288.47315308385|-164287.22452020328|-164285.92543750934
784.6|1.0|0.8|0.0|-164386.1876684906|-164384.86336088998|-164383.46337856934|-164382.08862115536|-164380.67602638138
784.8|1.0|0.8|0.0|-164310.19763712183|-164309.20125330807|-164308.1544196809|-164307.1328109604|-164306.0607524266
785.0|1.0|0.8|0.0|-164350.1314439091|-164349.31163444207|-164348.42876270832|-164347.5837283346|-164346.67563169418
785.2|1.0|0.8|0.0|-164723.2554562138|-164722.04466069327|-164720.77080290602|-164719.52217002542|-164718.18524997143
785.4|1.0|0.8|0.0|-164716.3988080577|-164715.52854877728|-164714.59522723017|-164713.68713058977|-164712.7411965893
785.6|1.0|0.8|0.0|-164708.89439832087|-164708.08720130718|-164707.2295544801|-164706.38452010637|-164705.48903591928
785.8|1.0|0.8|0.0|-164375.2025665862|-164373.9413212523|-164372.60440119833|-164371.29270605106|-164369.94317354375
786.0|1.0|0.8|0.0|-164834.3432771822|-164833.00635712827|-164831.59376235426|-164830.2316173936|-164828.79379771295
786.2|1.0|0.8|0.0|-164716.15880629965|-164715.0236854991|-164713.8381148852|-164712.66515672466|-164711.44174875077
786.4|1.0|0.8|0.0|-164869.05666124972|-164868.03505252922|-164866.9629939954|-164865.9035479149|-164864.79365202104
786.6|1.0|0.8|0.0|-164499.7767389697|-164498.74251779588|-164497.6578468087|-164496.5984007282|-164495.48850483436
786.8|1.0|0.8|0.0|-164415.35396063855|-164414.40802663812|-164413.41164282433|-164412.4152590105|-164411.39365029006
787.0|1.0|0.8|0.0|-164401.31569565617|-164400.48327373576|-164399.60040200202|-164398.71753026827|-164397.80943362784
787.2|1.0|0.8|0.0|-164603.7621444187|-164603.05584703168|-164602.286487378|-164601.542352631|-164600.7351556173
787.4|1.0|0.8|0.0|-164294.8388351005|-164293.9055135534|-164292.92174219294|-164291.95058328583|-164290.916362112
787.6|1.0|0.8|0.0|-164455.77449241094|-164455.13125729063|-164454.42495990367|-164453.73127497|-164452.98714022298
787.8|1.0|0.8|0.0|-164317.2642838785|-164316.24267515805|-164315.18322907752|-164314.14900790373|-164313.03911200986
788.0|1.0|0.8|0.0|-164210.09626785523|-164209.61699462833|-164209.0872715881|-164208.58277345452|-164208.0026006009
788.2|1.0|0.8|0.0|-164149.3157350452|-164148.4707006715|-164147.5752164844|-164146.69234475066|-164145.7464107502
788.4|1.0|0.8|0.0|-164053.20088034193|-164051.93963500802|-164050.62793986074|-164049.34146962015|-164048.0045495662
788.6|1.0|0.8|0.0|-164394.9983658346|-164393.78757031405|-164392.51371252676|-164391.2650796462|-164389.95338449892
788.8|1.0|0.8|0.0|-164282.3898343112|-164281.60786220417|-164280.7754402838|-164279.95563081672|-164279.08537153632
789.0|1.0|0.8|0.0|-164396.22956703548|-164395.69984399524|-164395.09444623496|-164394.53949828804|-164393.89626316773
789.2|1.0|0.8|0.0|-164022.91785671623|-164022.5899329294|-164022.18633442256|-164021.80796082236|-164021.37913740883
789.4|1.0|0.8|0.0|-164056.8273792469|-164055.8183829798|-164054.78416180596|-164053.74994063217|-164052.665269645
789.6|1.0|0.8|0.0|-163971.66073846817|-163970.77786673442|-163969.84454518734|-163968.9364485469|-163967.96528963975
789.8|1.0|0.8|0.0|-164065.9240078452|-164064.62492515126|-164063.27539264396|-164061.95108504334|-164060.5511027227
790.0|1.0|0.8|0.0|-164110.92565332542|-164109.8283698849|-164108.68063663106|-164107.55812828385|-164106.37255766997
790.2|1.0|0.8|0.0|-164208.68116333534|-164208.00009085503|-164207.21811874802|-164206.49920890768|-164205.7046243473
790.4|1.0|0.8|0.0|-164185.17247890675|-164184.6049185065|-164183.94907093287|-164183.34367317258|-164182.66260069227
790.6|1.0|0.8|0.0|-164196.0486269058|-164195.2792672521|-164194.45945778507|-164193.67748567802|-164192.84506375762
790.8|1.0|0.8|0.0|-164070.64958300954|-164069.8045486358|-164068.93428935538|-164068.06403007498|-164067.1307085279
791.0|1.0|0.8|0.0|-164121.40499184147|-164120.08068424085|-164118.7059268269|-164117.3563943196|-164115.95641199895
791.2|1.0|0.8|0.0|-164249.21959398105|-164247.98357355382|-164246.6971033132|-164245.42324552595|-164244.08632547202
791.4|1.0|0.8|0.0|-164047.25133830373|-164046.41891638335|-164045.51081974292|-164044.6153355558|-164043.66940155538
791.6|1.0|0.8|0.0|-164316.12966165098|-164315.0702155705|-164313.93509476996|-164312.8504237828|-164311.6648531689
791.8|1.0|0.8|0.0|-163906.29037718303|-163905.45795526268|-163904.54985862222|-163903.67959934185|-163902.75889024808
792.0|1.0|0.8|0.0|-164278.91906417022|-164277.7839433697|-164276.6235976625|-164275.4758644086|-164274.2524564347
792.2|1.0|0.8|0.0|-164083.61614052334|-164082.55669444284|-164081.47202345566|-164080.38735246848|-164079.25223166795
792.4|1.0|0.8|0.0|-164280.86704029798|-164279.80759421748|-164278.68508587027|-164277.57518997643|-164276.41484426922
792.6|1.0|0.8|0.0|-164137.90402924223|-164136.50404692156|-164135.0410023342|-164133.59057020023|-164132.08968825286
792.8|1.0|0.8|0.0|-163961.20858752908|-163960.64102712882|-163960.0230169152|-163959.43023160825|-163958.7743840346
793.0|1.0|0.8|0.0|-164197.34109064343|-164196.3699317363|-164195.3104856558|-164194.28887693534|-164193.20420594816
793.2|1.0|0.8|0.0|-164174.8967433506|-164173.69856028337|-164172.4499274028|-164171.21390697558|-164169.9400491883
793.4|1.0|0.8|0.0|-164262.4111384777|-164261.17511805045|-164259.87603535654|-164258.60217756926|-164257.2652575153
793.6|1.0|0.8|0.0|-164064.44884740224|-164063.99479908202|-164063.49030094847|-164062.99841526823|-164062.468692228
793.8|1.0|0.8|0.0|-163889.3790144932|-163888.20605633265|-163886.98264835874|-163885.77185283817|-163884.51060750423
794.0|1.0|0.8|0.0|-164421.78731004754|-164421.08101266055|-164420.31165300685|-164419.5549058065|-164418.76032124614
794.2|1.0|0.8|0.0|-164365.93251867258|-164365.2136088322|-164364.4316367252|-164363.70011443153|-164362.88030496446
794.4|1.0|0.8|0.0|-164197.79830570638|-164197.0667834127|-164196.28481130567|-164195.50283919863|-164194.69564218493
794.6|1.0|0.8|0.0|-164430.4314988833|-164429.6747516829|-164428.8675546692|-164428.06035765551|-164427.21532328177
794.8|1.0|0.8|0.0|-163926.4938059992|-163926.09020749235|-163925.6361591721|-163925.16949839855|-163924.67761271834
795.0|1.0|0.8|0.0|-164112.36886959887|-164111.83914655863|-164111.25897370503|-164110.7040257581|-164110.09862799782
795.2|1.0|0.8|0.0|-164114.9827924886|-164114.4278445417|-164113.80983432807|-164113.22966147447|-164112.58642635416
795.4|1.0|0.8|0.0|-164008.2682929176|-164007.688120064|-164007.0701098504|-164006.45209963678|-164005.79625206313
795.6|1.0|0.8|0.0|-164109.87421701834|-164109.2562068047|-164108.58774677772|-164107.9318992041|-164107.21298936373
795.8|1.0|0.8|0.0|-164297.39587288964|-164296.85353739603|-164296.24813963578|-164295.66796678217|-164295.02473166183
796.0|1.0|0.8|0.0|-164060.34326596666|-164059.37210705952|-164058.32527343236|-164057.3036647119|-164056.2189937247
796.2|1.0|0.8|0.0|-164333.3280059749|-164332.43252178785|-164331.49920024077|-164330.57849114697|-164329.6073322399
796.4|1.0|0.8|0.0|-164206.3175517254|-164205.53557961836|-164204.70315769795|-164203.89596068425|-164203.02570140388
796.6|1.0|0.8|0.0|-164254.6989227346|-164253.65208910746|-164252.52958076028|-164251.45752222644|-164250.29717651923
796.8|1.0|0.8|0.0|-164346.94857755708|-164345.8008443032|-164344.60266123596|-164343.41709062207|-164342.1558452882
797.0|1.0|0.8|0.0|-164317.83845957377|-164317.05648746673|-164316.211453093|-164315.37903117263|-164314.4961594389
797.2|1.0|0.8|0.0|-164205.4629620798|-164204.74405223946|-164203.94946767908|-164203.16749557204|-164202.347686105
797.4|1.0|0.8|0.0|-164269.9882733632|-164268.73964048264|-164267.44055778868|-164266.17931245477|-164264.84239240078
797.6|1.0|0.8|0.0|-164536.5986947064|-164535.71582297265|-164534.75727651885|-164533.82395497177|-164532.85279606463
797.8|1.0|0.8|0.0|-164466.08350149833|-164465.42765392468|-164464.70874408438|-164464.02767160404|-164463.27092440368
798.0|1.0|0.8|0.0|-164862.9994183217|-164862.078709228|-164861.09493786754|-164860.1490038671|-164859.11478269327
798.2|1.0|0.8|0.0|-164557.56363580606|-164556.5168021789|-164555.40690628503|-164554.30962284456|-164553.174502044
798.4|1.0|0.8|0.0|-165026.73107340775|-165025.4572156205|-165024.1202955665|-165022.79598796592|-165021.42123055193
798.6|1.0|0.8|0.0|-164919.3075489691|-164918.29855270198|-164917.2138817148|-164916.1292107276|-164915.00670238043
798.8|1.0|0.8|0.0|-165047.97979793572|-165046.6428778818|-165045.25550801447|-165043.89336305382|-165042.48076827984
799.0|1.0|0.8|0.0|-164738.63583248836|-164737.14756299436|-164735.57100632694|-164734.03228701957|-164732.4431178988
799.2|1.0|0.8|0.0|-164549.3218738407|-164548.26242776023|-164547.12730695968|-164546.01741106584|-164544.85706535864
799.4|1.0|0.8|0.0|-164493.78841581373|-164492.6911323732|-164491.51817421266|-164490.3704409588|-164489.17225789157
799.6|1.0|0.8|0.0|-164583.90770130153|-164582.97437975442|-164581.990608394|-164581.04467439355|-164580.02306567307
799.8|1.0|0.8|0.0|-164538.6669277248|-164538.03630505782|-164537.31739521748|-164536.62371028383|-164535.89218799016
800.0|1.0|0.8|0.0|-164671.53912365338|-164670.78237645302|-164669.98779189266|-164669.20581978562|-164668.3607854119
800.2|1.0|0.8|0.0|-164366.89792569805|-164365.77541735084|-164364.61507164364|-164363.45472593643|-164362.24393041586
800.4|1.0|0.8|0.0|-164651.20784887057|-164649.71957937654|-164648.1682476158|-164646.62952830843|-164645.0403591877
800.6|1.0|0.8|0.0|-164570.85390864644|-164570.16022371277|-164569.41608896578|-164568.65934176542|-164567.87736965838
800.8|1.0|0.8|0.0|-164511.96557592877|-164510.9439672083|-164509.87190867448|-164508.81246259395|-164507.7025667001
801.0|1.0|0.8|0.0|-164479.09256650697|-164478.05834533315|-164476.97367434597|-164475.9142282655|-164474.7917199183
801.2|1.0|0.8|0.0|-164467.0517237922|-164465.94182789835|-164464.7688697378|-164463.6085240306|-164462.41034096337
801.4|1.0|0.8|0.0|-164838.33484885114|-164837.1745031439|-164835.96370762336|-164834.76552455616|-164833.49166676888
801.6|1.0|0.8|0.0|-164778.34819879336|-164777.08695345945|-164775.78787076552|-164774.48878807158|-164773.15186801762
801.8|1.0|0.8|0.0|-164982.39580802235|-164980.84447626164|-164979.2426946875|-164977.6535255668|-164976.01390663272
802.0|1.0|0.8|0.0|-164433.8433490504|-164432.83435278328|-164431.77490670278|-164430.740685529|-164429.63078963512
802.2|1.0|0.8|0.0|-164311.50234315987|-164310.20326046596|-164308.85372795866|-164307.51680790467|-164306.12943803737
802.4|1.0|0.8|0.0|-164306.10421313072|-164305.12044177024|-164304.08622059642|-164303.05199942263|-164301.9925533421
802.6|1.0|0.8|0.0|-164162.05989354991|-164160.82387312266|-164159.5500153354|-164158.3013824548|-164156.97707485422
802.8|1.0|0.8|0.0|-164411.61858063244|-164409.6384254582|-164407.5952080172|-164405.5646030296|-164403.4709357753
803.0|1.0|0.8|0.0|-164266.5561084391|-164265.32008801185|-164264.0336177713|-164262.74714753067|-164261.4102274767
803.2|1.0|0.8|0.0|-164162.94592552842|-164161.87386699457|-164160.7513586474|-164159.64146275353|-164158.46850459298
803.4|1.0|0.8|0.0|-164255.18300018486|-164254.32535335782|-164253.41725671737|-164252.50916007697|-164251.57583852985
803.6|1.0|0.8|0.0|-163973.86499314022|-163972.98212140647|-163972.0487998594|-163971.14070321893|-163970.16954431182
803.8|1.0|0.8|0.0|-164319.89598473426|-164319.07617526723|-164318.20591598682|-164317.34826915973|-164316.41494761265
804.0|1.0|0.8|0.0|-164142.92802094924|-164141.79290014872|-164140.58210462815|-164139.42175892094|-164138.19835094706
804.2|1.0|0.8|0.0|-164187.81242207476|-164187.2574741278|-164186.62685146087|-164186.02145370058|-164185.36560612693
804.4|1.0|0.8|0.0|-164010.12101079052|-164009.03633980334|-164007.90121900282|-164006.75348574892|-164005.55530268172
804.6|1.0|0.8|0.0|-164244.1031694374|-164243.1698478903|-164242.1734640765|-164241.21491762274|-164240.1806964489
804.8|1.0|0.8|0.0|-164175.08147620945|-164174.43824108914|-164173.73194370218|-164173.05087122184|-164172.31934892817
805.0|1.0|0.8|0.0|-164361.10794481606|-164360.69173385587|-164360.23768553566|-164359.7710247621|-164359.26652662855
805.2|1.0|0.8|0.0|-164491.1782601774|-164490.35845071034|-164489.48819142996|-164488.63054460287|-164487.70983550913
805.4|1.0|0.8|0.0|-164424.86198051984|-164423.37371102578|-164421.80976681176|-164420.2836599577|-164418.68187838362
805.6|1.0|0.8|0.0|-164208.7086075244|-164207.88879805736|-164207.0059263236|-164206.1356670432|-164205.21495794944
805.8|1.0|0.8|0.0|-164385.80466529587|-164384.9470184688|-164384.05153428172|-164383.15605009464|-164382.2101160942
806.0|1.0|0.8|0.0|-164638.96182872055|-164637.7005833866|-164636.38888823934|-164635.0898055454|-164633.72766058476
806.2|1.0|0.8|0.0|-164317.98271602733|-164317.06200693356|-164316.09084802645|-164315.13230157268|-164314.12330530555
806.4|1.0|0.8|0.0|-164559.93580501375|-164558.81329666657|-164557.65295095937|-164556.46738034548|-164555.26919727828
806.6|1.0|0.8|0.0|-164516.7774293527|-164515.94500743228|-164515.06213569856|-164514.17926396482|-164513.23332996437
806.8|1.0|0.8|0.0|-164337.1646365479|-164336.34482708084|-164335.47456780044|-164334.61692097335|-164333.70882433295
807.0|1.0|0.8|0.0|-164435.31474843365|-164434.15440272642|-164432.94360720585|-164431.74542413864|-164430.49679125808
807.2|1.0|0.8|0.0|-164015.76280323262|-164014.74119451214|-164013.65652352496|-164012.58446499117|-164011.4493441906
807.4|1.0|0.8|0.0|-164123.10687676526|-164122.02220577808|-164120.88708497756|-164119.7771890837|-164118.59161846983
807.6|1.0|0.8|0.0|-164056.39245900416|-164055.39607519034|-164054.33662910986|-164053.3150203894|-164052.2303494022
807.8|1.0|0.8|0.0|-164451.83893136476|-164451.1074090711|-164450.3128245107|-164449.5308524037|-164448.71104293666
808.0|1.0|0.8|0.0|-164244.69089080818|-164243.73234435442|-164242.73596054062|-164241.7395767268|-164240.69274309964
808.2|1.0|0.8|0.0|-164379.6189166311|-164378.8873943374|-164378.10542223035|-164377.34867503002|-164376.5162531096
808.4|1.0|0.8|0.0|-164429.18585825418|-164428.27776161375|-164427.31921515998|-164426.38589361287|-164425.38950979908
808.6|1.0|0.8|0.0|-164148.45787183|-164147.48671292287|-164146.4398792957|-164145.43088302857|-164144.35882449476
808.8|1.0|0.8|0.0|-164313.88523264288|-164312.69966202896|-164311.46364160173|-164310.22762117448|-164308.94115093388
809.0|1.0|0.8|0.0|-164074.22124571772|-164073.338373984|-164072.4050524369|-164071.4969557965|-164070.513184436
809.2|1.0|0.8|0.0|-164313.44237434302|-164312.74868940937|-164311.99194220905|-164311.26041991534|-164310.465835355
809.4|1.0|0.8|0.0|-164246.44133568316|-164245.4954016827|-164244.49901786892|-164243.5278589618|-164242.493637788
809.6|1.0|0.8|0.0|-164391.64393590603|-164390.93763851904|-164390.193503772|-164389.4745939317|-164388.6800093713
809.8|1.0|0.8|0.0|-164242.14852647635|-164241.32871700928|-164240.42062036885|-164239.56297354182|-164238.6296519947
810.0|1.0|0.8|0.0|-164099.58996638324|-164098.46745803603|-164097.28188742217|-164096.12154171494|-164094.9107461944
810.2|1.0|0.8|0.0|-164309.63571802474|-164308.46275986417|-164307.2519643436|-164306.04116882305|-164304.7799234891
810.4|1.0|0.8|0.0|-164270.27145990604|-164269.5147127057|-164268.707515692|-164267.90031867826|-164267.06789675792
810.6|1.0|0.8|0.0|-164442.1862663904|-164441.05114558988|-164439.85296252265|-164438.6800043621|-164437.44398393485
810.8|1.0|0.8|0.0|-164478.51013200733|-164477.36239875347|-164476.1516032329|-164474.95342016566|-164473.69217483175
811.0|1.0|0.8|0.0|-164591.70690072677|-164590.63484219293|-164589.52494629906|-164588.4402753119|-164587.30515451136
811.2|1.0|0.8|0.0|-164814.57360107|-164813.61505461624|-164812.61867080245|-164811.63489944197|-164810.57545336147
811.4|1.0|0.8|0.0|-164750.23065458276|-164749.09553378224|-164747.9225756217|-164746.74961746114|-164745.53882194057
811.6|1.0|0.8|0.0|-164516.80943672874|-164515.6364785682|-164514.42568304762|-164513.2274999804|-164511.97886709982
811.8|1.0|0.8|0.0|-164475.1006909324|-164474.38178109203|-164473.58719653168|-164472.817836878|-164472.01063986425
812.0|1.0|0.8|0.0|-164469.23590012966|-164468.13861668913|-164466.97827098193|-164465.8431501814|-164464.64496711417
812.2|1.0|0.8|0.0|-164428.3190640463|-164427.33529268586|-164426.27584660536|-164425.24162543155|-164424.13172953768
812.4|1.0|0.8|0.0|-164487.1477021592|-164486.063031172|-164484.9026854648|-164483.76756466425|-164482.5819940504
812.6|1.0|0.8|0.0|-164171.44920927018|-164170.41498809637|-164169.3050922025|-164168.207808762|-164167.0600755081
812.8|1.0|0.8|0.0|-164227.81541306328|-164226.42804319598|-164224.9649986086|-164223.52717892796|-164222.01368452725
813.0|1.0|0.8|0.0|-164346.6923844244|-164345.89779986403|-164345.06537794365|-164344.24556847656|-164343.35008428947
813.2|1.0|0.8|0.0|-164143.70483622872|-164142.94808902836|-164142.11566710795|-164141.29585764091|-164140.4255983605
813.4|1.0|0.8|0.0|-164179.41069163202|-164178.36385800486|-164177.26657456436|-164176.19451603055|-164175.05939523
813.6|1.0|0.8|0.0|-164112.1788461283|-164111.3464242079|-164110.4383275675|-164109.55545583373|-164108.6095218333
813.8|1.0|0.8|0.0|-164217.28129179304|-164216.4110325126|-164215.49032341887|-164214.5696143251|-164213.62368032464
814.0|1.0|0.8|0.0|-164351.7763390773|-164350.98175451692|-164350.12410768986|-164349.27907331614|-164348.39620158236
814.2|1.0|0.8|0.0|-164441.32726626136|-164440.24259527418|-164439.13269938034|-164438.0228034865|-164436.84984532595
814.4|1.0|0.8|0.0|-164149.3432094878|-164148.38466303403|-164147.33782940687|-164146.32883313973|-164145.25677460592
814.6|1.0|0.8|0.0|-164095.70669800887|-164094.82382627513|-164093.90311718135|-164092.9824080876|-164092.01124918048
814.8|1.0|0.8|0.0|-164339.2657844424|-164338.20633836192|-164337.09644246806|-164335.9865465742|-164334.83881332036
815.0|1.0|0.8|0.0|-164666.4312636088|-164665.04389374147|-164663.58084915412|-164662.16825438017|-164660.6799848861
815.2|1.0|0.8|0.0|-164397.0166478299|-164395.91936438938|-164394.75901868218|-164393.6112854283|-164392.41310236108
815.4|1.0|0.8|0.0|-164198.64360533957|-164197.5841592591|-164196.44903845855|-164195.32653011137|-164194.1787968575
815.6|1.0|0.8|0.0|-164301.94985185066|-164301.16787974362|-164300.3354578232|-164299.50303590286|-164298.62016416912
815.8|1.0|0.8|0.0|-164276.9153043533|-164275.2378480592|-164273.50994195172|-164271.78203584423|-164270.0036799234
816.0|1.0|0.8|0.0|-163929.1142910712|-163927.60079667048|-163926.0368524564|-163924.48552069569|-163922.87112666827
816.2|1.0|0.8|0.0|-164142.6354329734|-164141.60121179954|-164140.51654081236|-164139.4570947319|-164138.3345863847
816.4|1.0|0.8|0.0|-163850.4980089097|-163849.67819944263|-163848.7953277089|-163847.95029333513|-163847.01697178808
816.6|1.0|0.8|0.0|-163938.0722416236|-163937.0127955431|-163935.90289964926|-163934.81822866207|-163933.6704954082
816.8|1.0|0.8|0.0|-163733.72494728657|-163732.04749099244|-163730.29435997826|-163728.57906632416|-163726.80071040333
817.0|1.0|0.8|0.0|-163880.50984248836|-163879.42517150118|-163878.29005070063|-163877.1927672601|-163876.00719664624
817.2|1.0|0.8|0.0|-164295.87576830862|-164294.9424467615|-164293.93345049437|-164292.9496791339|-164291.92807041344
817.4|1.0|0.8|0.0|-164198.3075219004|-164196.98321429978|-164195.59584443245|-164194.24631192515|-164192.82110469782
817.6|1.0|0.8|0.0|-164391.437340475|-164390.55446874123|-164389.59592228747|-164388.66260074035|-164387.6788293799
817.8|1.0|0.8|0.0|-164563.33778389936|-164562.08915101876|-164560.7774558715|-164559.49098563087|-164558.1540655769
818.0|1.0|0.8|0.0|-164519.00597905967|-164517.53032201898|-164516.00421516495|-164514.4781083109|-164512.9267765502
818.2|1.0|0.8|0.0|-164224.95286999157|-164223.69162465766|-164222.37992951038|-164221.08084681645|-164219.73131430917
818.4|1.0|0.8|0.0|-164348.89048363932|-164348.07067417225|-164347.18780243854|-164346.30493070476|-164345.37160915768
818.6|1.0|0.8|0.0|-164701.21015420798|-164699.9236839674|-164698.56153900677|-164697.22461895278|-164695.83724908548
818.8|1.0|0.8|0.0|-164269.88947491362|-164268.67867939305|-164267.43004651245|-164266.19402608523|-164264.8949433913
819.0|1.0|0.8|0.0|-164273.11826296846|-164271.9831421679|-164270.77234664737|-164269.61200094016|-164268.3759805129
819.2|1.0|0.8|0.0|-164136.92899181164|-164136.29836914467|-164135.61729666434|-164134.9614490907|-164134.24253925038
819.4|1.0|0.8|0.0|-164172.93754609508|-164171.7141381212|-164170.40244297392|-164169.12858518664|-164167.80427758605
819.6|1.0|0.8|0.0|-164179.65125637228|-164178.79360954522|-164177.88551290476|-164176.99002871767|-164176.0314822639
819.8|1.0|0.8|0.0|-164057.09970676427|-164055.9898108704|-164054.79162780318|-164053.63128209597|-164052.4204865754
820.0|1.0|0.8|0.0|-164180.96661100868|-164179.76842794145|-164178.51979506086|-164177.30899954028|-164176.0225292997
820.2|1.0|0.8|0.0|-164050.0957857421|-164049.35165099506|-164048.56967888802|-164047.8129316877|-164046.98050976728
820.4|1.0|0.8|0.0|-164031.1897181866|-164030.685220053|-164030.1302721061|-164029.60054906586|-164028.99515130557
820.6|1.0|0.8|0.0|-164142.83585574268|-164141.81424702218|-164140.74218848837|-164139.6953548612|-164138.57284651403
820.8|1.0|0.8|0.0|-164108.52998266|-164107.4957614862|-164106.38586559237|-164105.30119460518|-164104.16607380463
821.0|1.0|0.8|0.0|-164012.10347056572|-164010.75393805842|-164009.35395573778|-164007.96658587045|-164006.5287661898
821.2|1.0|0.8|0.0|-164165.69958821646|-164164.64014213596|-164163.5050213354|-164162.39512544157|-164161.20955482768
821.4|1.0|0.8|0.0|-164102.29678528022|-164101.03553994632|-164099.686007439|-164098.38692474508|-164097.0121673311
821.6|1.0|0.8|0.0|-164019.89962761517|-164019.0798181481|-164018.2095588677|-164017.3519120406|-164016.45642785355
821.8|1.0|0.8|0.0|-163965.0426174653|-163963.8822717581|-163962.67147623753|-163961.460680717|-163960.19943538305
822.0|1.0|0.8|0.0|-164259.45511576257|-164258.55963157548|-164257.62631002837|-164256.68037602794|-164255.69660466746
822.2|1.0|0.8|0.0|-164343.17822957225|-164342.25752047848|-164341.2611366647|-164340.27736530424|-164339.25575658376
822.4|1.0|0.8|0.0|-164491.26290891643|-164490.08995075588|-164488.8791552353|-164487.68097216808|-164486.41972683417
822.6|1.0|0.8|0.0|-163836.607625874|-163835.66169187357|-163834.65269560643|-163833.6563117926|-163832.60947816545
822.8|1.0|0.8|0.0|-164145.75146967144|-164144.98211001774|-164144.17491300404|-164143.392940897|-164142.54790652328
823.0|1.0|0.8|0.0|-163926.11284591886|-163925.12907455838|-163924.06962847788|-163923.06063221075|-163921.96334877025
823.2|1.0|0.8|0.0|-164135.59312299796|-164134.28142785068|-164132.93189534338|-164131.58236283608|-164130.18238051544
823.4|1.0|0.8|0.0|-164095.7251579927|-164094.88012361896|-164093.99725188524|-164093.1269926048|-164092.19367105773
823.6|1.0|0.8|0.0|-164083.69210437709|-164082.83445755002|-164081.91374845625|-164081.0308767225|-164080.04710536206
823.8|1.0|0.8|0.0|-164382.14957956778|-164380.96400895386|-164379.70276361995|-164378.49196809938|-164377.19288540547
824.0|1.0|0.8|0.0|-164564.70602662073|-164563.70964280693|-164562.65019672643|-164561.60336309928|-164560.50607965878
824.2|1.0|0.8|0.0|-164349.87544805525|-164349.09347594826|-164348.26105402783|-164347.45385701413|-164346.5709852804
824.4|1.0|0.8|0.0|-164382.28609930104|-164381.2771030339|-164380.2176569534|-164379.17082332628|-164378.0609274324
824.6|1.0|0.8|0.0|-164105.4237486009|-164104.54087686716|-164103.60755532005|-164102.67423377297|-164101.69046241252
824.8|1.0|0.8|0.0|-164506.6124164187|-164505.43945825816|-164504.21605028427|-164503.01786721704|-164501.76923433648
825.0|1.0|0.8|0.0|-164131.15229296373|-164130.4712204834|-164129.71447328306|-164128.9829509894|-164128.1757539757
825.2|1.0|0.8|0.0|-164606.36430987855|-164605.3805385181|-164604.33370489097|-164603.29948371713|-164602.21481272994
825.4|1.0|0.8|0.0|-164111.62355107936|-164110.72806689228|-164109.79474534516|-164108.86142379805|-164107.87765243763
825.6|1.0|0.8|0.0|-164222.9369903113|-164221.89015668415|-164220.80548569697|-164219.73342716313|-164218.61091881595
825.8|1.0|0.8|0.0|-164545.95041551525|-164544.8026822614|-164543.59188674082|-164542.39370367362|-164541.14507079302
826.0|1.0|0.8|0.0|-164606.14803546644|-164605.1390391993|-164604.06698066546|-164603.00753458496|-164601.89763869112
826.2|1.0|0.8|0.0|-164623.8628674214|-164623.35836928783|-164622.80342134094|-164622.26108584733|-164621.6683005404
826.4|1.0|0.8|0.0|-164417.77214916784|-164416.29649212715|-164414.7451603664|-164413.21905351235|-164411.64249684496
826.6|1.0|0.8|0.0|-164255.7768710652|-164254.7552623447|-164253.67059135754|-164252.61114527704|-164251.50124938315
826.8|1.0|0.8|0.0|-164596.01205812194|-164594.91477468144|-164593.7796538809|-164592.63192062703|-164591.45896246648
827.0|1.0|0.8|0.0|-164517.85028424516|-164516.9926374181|-164516.04670341767|-164515.15121923058|-164514.18006032344
827.2|1.0|0.8|0.0|-164426.96628656395|-164425.6924287767|-164424.3555087227|-164423.03120112212|-164421.65644370814
827.4|1.0|0.8|0.0|-164311.07025881298|-164309.93513801243|-164308.72434249189|-164307.53877187797|-164306.30275145074
827.6|1.0|0.8|0.0|-164502.15833269036|-164500.83402508977|-164499.4718801291|-164498.10973516846|-164496.69714039448
827.8|1.0|0.8|0.0|-163985.37639567532|-163984.40523676822|-163983.38362804774|-163982.34940687392|-163981.27734834008
828.0|1.0|0.8|0.0|-164017.03365355675|-164016.12555691635|-164015.16701046255|-164014.23368891544|-164013.23730510165
828.2|1.0|0.8|0.0|-164197.66921028096|-164196.9124630806|-164196.11787852022|-164195.31068150653|-164194.4656471328
828.4|1.0|0.8|0.0|-164158.8859162629|-164158.01565698246|-164157.09494788872|-164156.19946370163|-164155.24091724787
828.6|1.0|0.8|0.0|-164309.59448295803|-164308.92602293106|-164308.19450063736|-164307.47559079705|-164306.7188435967
828.8|1.0|0.8|0.0|-164196.3764578783|-164195.22872462444|-164194.00531665052|-164192.83235849|-164191.5837256094
829.0|1.0|0.8|0.0|-164278.18800884756|-164277.46909900723|-164276.7249642602|-164275.96821705988|-164275.18624495284
829.2|1.0|0.8|0.0|-164327.77721953578|-164326.74299836197|-164325.6583273748|-164324.57365638763|-164323.4637604938
829.4|1.0|0.8|0.0|-164207.17744694318|-164206.77384843634|-164206.31980011612|-164205.87836424925|-164205.37386611567
829.6|1.0|0.8|0.0|-164354.56657666524|-164353.35578114467|-164352.09453581076|-164350.84590293016|-164349.54682023622
829.8|1.0|0.8|0.0|-164697.85334805676|-164697.07137594974|-164696.22634157602|-164695.40653210896|-164694.5236603752
830.0|1.0|0.8|0.0|-164248.2983231886|-164247.65508806828|-164246.96140313463|-164246.30555556098|-164245.56142081396
830.2|1.0|0.8|0.0|-164773.28170256212|-164772.46189309505|-164771.5790213613|-164770.72137453425|-164769.80066544047
830.4|1.0|0.8|0.0|-164568.1401489998|-164567.44646406616|-164566.68971686583|-164565.95819457216|-164565.1509975584
830.6|1.0|0.8|0.0|-164231.87251908358|-164230.5608239363|-164229.1986789757|-164227.83653401505|-164226.44916414775
830.8|1.0|0.8|0.0|-164412.33214439452|-164411.04567415392|-164409.6835291933|-164408.37183404603|-164406.9844641787
831.0|1.0|0.8|0.0|-164403.98270028396|-164402.65839268334|-164401.28363526938|-164399.92149030874|-164398.50889553476
831.2|1.0|0.8|0.0|-164379.65093531786|-164379.07076246422|-164378.45275225065|-164377.834742037|-164377.17889446334
831.4|1.0|0.8|0.0|-164211.5518453286|-164210.51762415477|-164209.42034071428|-164208.36089463375|-164207.2131613799
831.6|1.0|0.8|0.0|-164399.111638936|-164398.25399210895|-164397.34589546852|-164396.46302373477|-164395.52970218766
831.8|1.0|0.8|0.0|-164266.7953023815|-164265.88720574108|-164264.90343438063|-164263.94488792683|-164262.94850411304
832.0|1.0|0.8|0.0|-164320.31012764137|-164319.11194457414|-164317.86331169354|-164316.60206635963|-164315.31559611904
832.2|1.0|0.8|0.0|-164373.46221841936|-164372.30187271215|-164371.09107719158|-164369.89289412435|-164368.6568736971
832.4|1.0|0.8|0.0|-164477.58967633118|-164476.1896940105|-164474.72664942316|-164473.26360483584|-164471.76272288847
832.6|1.0|0.8|0.0|-164245.43224771632|-164244.1457774757|-164242.80885742174|-164241.48454982112|-164240.0971799538
832.8|1.0|0.8|0.0|-164234.2449371959|-164233.27377828877|-164232.25216956832|-164231.23056084782|-164230.158502314
833.0|1.0|0.8|0.0|-164221.62461668154|-164221.3597551614|-164221.01921892125|-164220.71652004108|-164220.33814644092
833.2|1.0|0.8|0.0|-164157.35107560022|-164156.4177540531|-164155.43398269266|-164154.4754362389|-164153.45382751842
833.4|1.0|0.8|0.0|-163985.3974683182|-163984.35063469104|-163983.25335125055|-163982.16868026336|-163981.03355946284
833.6|1.0|0.8|0.0|-164365.9567271643|-164365.2882671373|-164364.59458220366|-164363.88828481664|-164363.156762523
833.8|1.0|0.8|0.0|-164088.88635220847|-164087.87735594134|-164086.83052231418|-164085.80891359373|-164084.72424260655
834.0|1.0|0.8|0.0|-164148.1632060189|-164147.40645881856|-164146.61187425815|-164145.82990215116|-164144.98486777738
834.2|1.0|0.8|0.0|-164123.42626390138|-164122.19024347412|-164120.8911607802|-164119.62991544628|-164118.2929953923
834.4|1.0|0.8|0.0|-164493.72790325084|-164492.6306198103|-164491.48288655645|-164490.36037820927|-164489.17480759538
834.6|1.0|0.8|0.0|-164389.6875225151|-164388.9560002214|-164388.1740281144|-164387.41728091403|-164386.59747144696
834.8|1.0|0.8|0.0|-164317.5506866627|-164316.64259002227|-164315.6840435685|-164314.7507220214|-164313.74172575423
835.0|1.0|0.8|0.0|-164489.65144924077|-164487.98660540002|-164486.27131174586|-164484.58124299842|-164482.82811198427
835.2|1.0|0.8|0.0|-164483.31594211838|-164482.72315681144|-164482.07992169113|-164481.4366865708|-164480.7556140905
835.4|1.0|0.8|0.0|-164206.84979295565|-164205.97953367524|-164205.04621212813|-164204.13811548773|-164203.1795690339
835.6|1.0|0.8|0.0|-164334.53305468833|-164333.32225916776|-164332.06101383385|-164330.79976849994|-164329.48807335264
835.8|1.0|0.8|0.0|-164561.93724983567|-164560.7895165818|-164559.60394596792|-164558.41837535403|-164557.1823549268
836.0|1.0|0.8|0.0|-164339.09781214077|-164337.53386792672|-164335.90686144595|-164334.30507987188|-164332.6402360311
836.2|1.0|0.8|0.0|-164128.5827545547|-164127.52330847416|-164126.40080012698|-164125.3161291398|-164124.16839588596
836.4|1.0|0.8|0.0|-164115.80873946357|-164114.5348816763|-164113.22318652904|-164111.93671628842|-164110.5745713278
836.6|1.0|0.8|0.0|-164333.4304519527|-164332.49713040562|-164331.51335904514|-164330.55481259138|-164329.52059141756
836.8|1.0|0.8|0.0|-164562.92635452477|-164561.75339636422|-164560.50476348362|-164559.29396796308|-164558.0074977225
837.0|1.0|0.8|0.0|-164526.2997900277|-164525.3412435739|-164524.31963485343|-164523.32325103963|-164522.27641741247
837.2|1.0|0.8|0.0|-164668.5330787534|-164667.68804437967|-164666.77994773927|-164665.8718510988|-164664.93852955173
837.4|1.0|0.8|0.0|-164355.44685026936|-164354.60181589564|-164353.7189441619|-164352.83607242818|-164351.9153633344
837.6|1.0|0.8|0.0|-164498.6299278968|-164497.59570672302|-164496.52364818918|-164495.4515896553|-164494.32908130815
837.8|1.0|0.8|0.0|-164463.907843854|-164463.25199628033|-164462.57092380003|-164461.91507622637|-164461.1835539327
838.0|1.0|0.8|0.0|-164338.2371827695|-164337.29124876906|-164336.29486495524|-164335.32370604813|-164334.27687242097
838.2|1.0|0.8|0.0|-164649.91612968812|-164648.80623379425|-164647.62066318037|-164646.4729299265|-164645.2495219526
838.4|1.0|0.8|0.0|-164331.8048315665|-164330.77061039268|-164329.72377676552|-164328.67694313836|-164327.57965969783
838.6|1.0|0.8|0.0|-164421.55082897606|-164420.61750742898|-164419.64634852184|-164418.66257716136|-164417.64096844092
838.8|1.0|0.8|0.0|-164205.5371496623|-164205.0578764354|-164204.52815339516|-164204.01104280824|-164203.43086995464
839.0|1.0|0.8|0.0|-164142.1284901461|-164141.10688142563|-164140.02221043844|-164138.93753945126|-164137.81503110408
839.2|1.0|0.8|0.0|-164681.0533635926|-164680.30922884558|-164679.48941937854|-164678.72005972484|-164677.86241289778
839.4|1.0|0.8|0.0|-164302.5034577159|-164301.5953610755|-164300.6368146217|-164299.70349307463|-164298.7071092608
839.6|1.0|0.8|0.0|-164319.05099649698|-164318.1302874032|-164317.13390358942|-164316.15013222897|-164315.14113596184
839.8|1.0|0.8|0.0|-164425.0893652661|-164424.08036899893|-164423.0461478251|-164422.0119266513|-164420.92725566414
840.0|1.0|0.8|0.0|-164694.85637584905|-164694.02395392864|-164693.11585728824|-164692.2329855545|-164691.2744391007
840.2|1.0|0.8|0.0|-164628.46097516804|-164627.65377815434|-164626.78351887397|-164625.91325959354|-164625.00516295314
840.4|1.0|0.8|0.0|-164479.7936541306|-164478.79727031678|-164477.76304914296|-164476.72882796914|-164475.63154452865
840.6|1.0|0.8|0.0|-164455.1116513281|-164454.05220524763|-164452.94230935376|-164451.84502591327|-164450.68468020606
840.8|1.0|0.8|0.0|-164738.37418743226|-164737.36519116512|-164736.29313263128|-164735.2336865508|-164734.12379065694
841.0|1.0|0.8|0.0|-164448.66165894983|-164447.36257625587|-164446.0256562019|-164444.71396105466|-164443.313978734
841.2|1.0|0.8|0.0|-164408.76839175896|-164407.50714642505|-164406.19545127777|-164404.8837561305|-164403.52161116985
841.4|1.0|0.8|0.0|-164068.43339543627|-164067.36133690242|-164066.2262161019|-164065.1289326614|-164063.9433620475
841.6|1.0|0.8|0.0|-164360.28625104277|-164359.64301592248|-164358.9367185355|-164358.24303360184|-164357.4988988548
841.8|1.0|0.8|0.0|-164264.51989283814|-164263.435221851|-164262.30010105044|-164261.16498024992|-164259.97940963603
842.0|1.0|0.8|0.0|-164423.01548902594|-164421.716406332|-164420.35426137137|-164419.0173413174|-164417.62997145008
842.2|1.0|0.8|0.0|-164344.31786394995|-164342.905269176|-164341.44222458862|-164339.97918000128|-164338.49091050727
842.4|1.0|0.8|0.0|-164243.82183574312|-164242.61104022255|-164241.32456998198|-164240.07593710138|-164238.77685440742
842.6|1.0|0.8|0.0|-164310.09830246202|-164309.29110544833|-164308.43345862124|-164307.60103670086|-164306.69294006043
842.8|1.0|0.8|0.0|-164121.71616890412|-164120.40447375685|-164119.0423287962|-164117.68018383556|-164116.26758906158
843.0|1.0|0.8|0.0|-164000.1110403892|-163999.2786184688|-163998.3705218284|-163997.4876500946|-163996.55432854753
843.2|1.0|0.8|0.0|-163929.2402802107|-163928.54659527706|-163927.7898480767|-163927.04571332972|-163926.25112876933
843.4|1.0|0.8|0.0|-164139.45258151295|-164138.3426856191|-164137.1823399119|-164136.04721911138|-164134.83642359084
843.6|1.0|0.8|0.0|-164016.55683617567|-164015.4091029218|-164014.2109198546|-164013.01273678738|-164011.76410390678
843.8|1.0|0.8|0.0|-163988.81301423145|-163987.58960625756|-163986.30313601697|-163985.05450313637|-163983.73019553578
844.0|1.0|0.8|0.0|-164184.58835382294|-164183.84421907592|-164183.03702206223|-164182.24243750185|-164181.39740312813
844.2|1.0|0.8|0.0|-164272.02825269228|-164271.19583077187|-164270.30034658482|-164269.4300873044|-164268.4967657573
844.4|1.0|0.8|0.0|-164412.62579297755|-164411.4402223637|-164410.19158948312|-164408.95556905586|-164407.68171126858
844.6|1.0|0.8|0.0|-164592.5298274081|-164591.52083114098|-164590.46138506048|-164589.40193897995|-164588.3172679928
844.8|1.0|0.8|0.0|-164076.5791986241|-164075.63326462367|-164074.59904344982|-164073.62788454274|-164072.5558260089
845.0|1.0|0.8|0.0|-164377.35496382823|-164376.53515436116|-164375.69011998744|-164374.83247316038|-164373.94960142663
845.2|1.0|0.8|0.0|-164326.20879953128|-164325.33854025087|-164324.3799937971|-164323.47189715668|-164322.50073824954
845.4|1.0|0.8|0.0|-164450.74416380265|-164449.9243543356|-164449.04148260187|-164448.19644822815|-164447.27573913438
845.6|1.0|0.8|0.0|-164428.89610753718|-164427.91233617673|-164426.86550254957|-164425.8438938291|-164424.7592228419
845.8|1.0|0.8|0.0|-164441.41230000736|-164440.7816773404|-164440.0753799534|-164439.41953237975|-164438.70062253944
846.0|1.0|0.8|0.0|-164072.2171211486|-164071.25857469483|-164070.2495784277|-164069.21535725388|-164068.16852362672
846.2|1.0|0.8|0.0|-164206.03313404258|-164205.60431062902|-164205.12503740212|-164204.65837662856|-164204.12865358833
846.4|1.0|0.8|0.0|-164438.8590226844|-164437.97615095068|-164437.03021695022|-164436.10950785645|-164435.13834894935
846.6|1.0|0.8|0.0|-164167.69127589135|-164166.53093018415|-164165.33274711692|-164164.14717650303|-164162.92376852914
846.8|1.0|0.8|0.0|-164007.13644972726|-164006.21574063352|-164005.23196927304|-164004.26081036593|-164003.2265891921
847.0|1.0|0.8|0.0|-163989.0375791855|-163987.82678366493|-163986.5781507843|-163985.32951790377|-163984.04304766317
847.2|1.0|0.8|0.0|-164154.24929532065|-164153.2402990535|-164152.180852973|-164151.13401934586|-164150.024123452
847.4|1.0|0.8|0.0|-164406.72538626497|-164405.71638999786|-164404.65694391736|-164403.6101102902|-164402.51282684968
847.6|1.0|0.8|0.0|-164384.65359292136|-164383.2157732407|-164381.70227883998|-164380.21400934595|-164378.66267758523
847.8|1.0|0.8|0.0|-164068.2348566971|-164067.32676005666|-164066.3682136029|-164065.4096671491|-164064.400670882
848.0|1.0|0.8|0.0|-164392.24878298145|-164390.93708783417|-164389.56233042022|-164388.21279791289|-164386.81281559228
848.2|1.0|0.8|0.0|-164260.23423387992|-164259.2378500661|-164258.17840398563|-164257.11895790513|-164256.02167446463
848.4|1.0|0.8|0.0|-164632.5187017726|-164631.45925569214|-164630.3241348916|-164629.21423899775|-164628.05389329055
848.6|1.0|0.8|0.0|-164612.95071449722|-164612.16874239015|-164611.32370801645|-164610.50389854942|-164609.62102681567
848.8|1.0|0.8|0.0|-164331.0752605316|-164330.1167140778|-164329.120330264|-164328.1239464502|-164327.0897252764
849.0|1.0|0.8|0.0|-164454.79359708104|-164454.21342422743|-164453.58280156046|-164452.9521788935|-164452.2837188665
849.2|1.0|0.8|0.0|-164667.76203433485|-164666.95483732116|-164666.0719655874|-164665.21431876035|-164664.30622211992
849.4|1.0|0.8|0.0|-164712.62693814049|-164711.3530803532|-164710.04138520593|-164708.75491496534|-164707.40538245803
849.6|1.0|0.8|0.0|-164424.0627558634|-164422.73844826277|-164421.3636908488|-164420.00154588817|-164418.5889511142
849.8|1.0|0.8|0.0|-164218.84454234008|-164217.88599588632|-164216.8517747125|-164215.8553908987|-164214.7959448182
850.0|1.0|0.8|0.0|-164307.1695530746|-164305.95875755404|-164304.68489976678|-164303.4362668862|-164302.13718419225
850.2|1.0|0.8|0.0|-164150.61539844837|-164150.26224975486|-164149.85865124798|-164149.4676651945|-164149.0262293276
850.4|1.0|0.8|0.0|-164398.70235563067|-164398.28614467048|-164397.79425899024|-164397.32759821668|-164396.8231000831
850.6|1.0|0.8|0.0|-164154.2731893011|-164153.36509266068|-164152.3939337536|-164151.43538729977|-164150.41377857933
850.8|1.0|0.8|0.0|-164319.6540063737|-164318.6323976532|-164317.53511421272|-164316.4756681322|-164315.3405473317
851.0|1.0|0.8|0.0|-164163.41827348704|-164162.51017684664|-164161.5390179395|-164160.60569639242|-164159.5967001253
851.2|1.0|0.8|0.0|-164002.53306709474|-164001.47362101424|-164000.3637251204|-163999.27905413322|-163998.1439333327
851.4|1.0|0.8|0.0|-164275.64267159617|-164274.40665116892|-164273.0949560216|-164271.8337106877|-164270.49679063377
851.6|1.0|0.8|0.0|-164271.19047556742|-164270.10580458026|-164268.95807132637|-164267.83556297916|-164266.63737991196
851.8|1.0|0.8|0.0|-164276.6172696987|-164275.55782361818|-164274.42270281768|-164273.31280692382|-164272.13984876327
852.0|1.0|0.8|0.0|-164290.781675932|-164289.4321434247|-164288.03216110406|-164286.64479123673|-164285.1817466494
852.2|1.0|0.8|0.0|-164120.26130678586|-164118.5081757717|-164116.7045949442|-164114.9010141167|-164113.04698347583
852.4|1.0|0.8|0.0|-164203.10080634657|-164202.25577197285|-164201.34767533242|-164200.4648035987|-164199.51886959825
852.6|1.0|0.8|0.0|-164318.26039235303|-164317.22617117924|-164316.14150019205|-164315.05682920487|-164313.92170840438
852.8|1.0|0.8|0.0|-164238.14875260458|-164237.0262442574|-164235.85328609686|-164234.6803279363|-164233.46953241574
853.0|1.0|0.8|0.0|-164151.49104129858|-164150.4315952181|-164149.32169932424|-164148.22441588374|-164147.07668262985
853.2|1.0|0.8|0.0|-164513.0007604517|-164512.05482645126|-164511.07105509078|-164510.08728373033|-164509.05306255652
853.4|1.0|0.8|0.0|-164279.37863922052|-164278.21829351332|-164276.98227308606|-164275.7714775655|-164274.51023223155
853.6|1.0|0.8|0.0|-164324.98812681696|-164323.49985732292|-164321.9863629222|-164320.44764361484|-164318.88369940076
853.8|1.0|0.8|0.0|-164533.3963057941|-164532.1728978202|-164530.91165248625|-164529.66301960568|-164528.3765493651
854.0|1.0|0.8|0.0|-164588.46561110005|-164587.35571520618|-164586.20798195232|-164585.06024869846|-164583.87467808457
854.2|1.0|0.8|0.0|-164595.64234163033|-164594.55767064315|-164593.39732493597|-164592.26220413545|-164591.05140861488
854.4|1.0|0.8|0.0|-164627.8631554772|-164626.81632185008|-164625.71903840956|-164624.64697987575|-164623.51185907522
854.6|1.0|0.8|0.0|-164498.411562894|-164497.45301644024|-164496.40618281308|-164495.39718654592|-164494.31251555876
854.8|1.0|0.8|0.0|-164582.23169996738|-164580.88216746008|-164579.48218513944|-164578.0948152721|-164576.63177068476
855.0|1.0|0.8|0.0|-164581.07283957698|-164580.03861840317|-164578.953947416|-164577.86927642883|-164576.759380535
855.2|1.0|0.8|0.0|-164329.70073940075|-164328.83048012035|-164327.90977102658|-164327.00167438618|-164326.04312793238
855.4|1.0|0.8|0.0|-164346.99867230235|-164346.04012584855|-164345.01851712808|-164344.02213331425|-164342.96268723378
855.6|1.0|0.8|0.0|-164409.29712893176|-164408.06110850454|-164406.7872507173|-164405.5386178367|-164404.2269226894
855.8|1.0|0.8|0.0|-164216.04944799587|-164215.2800883422|-164214.47289132848|-164213.67830676812|-164212.82065994106
856.0|1.0|0.8|0.0|-164253.1286424221|-164252.15748351498|-164251.14848724782|-164250.15210343403|-164249.09265735355
856.2|1.0|0.8|0.0|-164492.8776598446|-164491.91911339085|-164490.89750467037|-164489.90112085655|-164488.84167477608
856.4|1.0|0.8|0.0|-164308.37830965148|-164307.2936386643|-164306.1585178638|-164305.0486219699|-164303.8882762627
856.6|1.0|0.8|0.0|-164233.97260337867|-164233.241081085|-164232.45910897796|-164231.6645244176|-164230.84471495054
856.8|1.0|0.8|0.0|-164326.66409475732|-164325.9199600103|-164325.11276299658|-164324.30556598288|-164323.4731440625
857.0|1.0|0.8|0.0|-164144.60762032415|-164143.4220497103|-164142.1734168297|-164140.96262130915|-164139.6887635219
857.2|1.0|0.8|0.0|-164224.05758845655|-164222.846792936|-164221.58554760207|-164220.32430226816|-164219.0252195742
857.4|1.0|0.8|0.0|-164259.92513504604|-164258.90352632556|-164257.8188553384|-164256.74679680454|-164255.61167600405
857.6|1.0|0.8|0.0|-164249.12497871448|-164248.027695274|-164246.87996202012|-164245.75745367294|-164244.57188305905
857.8|1.0|0.8|0.0|-164325.98591033468|-164325.3174503077|-164324.585928014|-164323.85440572034|-164323.09765852
858.0|1.0|0.8|0.0|-164220.05391473862|-164219.48635433835|-164218.8557316714|-164218.25033391113|-164217.59448633748
858.2|1.0|0.8|0.0|-164478.24344704565|-164477.42363757858|-164476.54076584484|-164475.67050656446|-164474.7497974707
858.4|1.0|0.8|0.0|-164136.86052418707|-164136.28035133347|-164135.6245037598|-164135.01910599953|-164134.33803351922
858.6|1.0|0.8|0.0|-164413.1741519425|-164412.68226626227|-164412.08948095533|-164411.5345330084|-164410.94174770146
858.8|1.0|0.8|0.0|-164244.3963900386|-164242.71893374447|-164241.01625254366|-164239.31357134288|-164237.5478278754
859.0|1.0|0.8|0.0|-164303.88933243963|-164303.08213542594|-164302.1992636922|-164301.34161686513|-164300.43352022467
859.2|1.0|0.8|0.0|-164381.3157342225|-164380.36980022208|-164379.34819150157|-164378.35180768778|-164377.30497406065
859.4|1.0|0.8|0.0|-164395.74263205568|-164395.38948336217|-164394.98588485536|-164394.58228634848|-164394.15346293495
859.6|1.0|0.8|0.0|-164455.51524317093|-164454.3170601037|-164453.06842722313|-164451.84501924922|-164450.5585490086
859.8|1.0|0.8|0.0|-164452.79184740977|-164451.5810518892|-164450.30719410194|-164449.07117367472|-164447.75947852744
860.0|1.0|0.8|0.0|-164067.79503266182|-164067.10134772814|-164066.35721298112|-164065.63830314082|-164064.86894348712
860.2|1.0|0.8|0.0|-164253.76565714847|-164252.92062277475|-164252.03775104103|-164251.1548793073|-164250.22155776015
860.4|1.0|0.8|0.0|-164515.85813026375|-164514.58427247647|-164513.24735242254|-164511.91043236858|-164510.5356749546
860.6|1.0|0.8|0.0|-164445.6309754696|-164444.38234258903|-164443.0580349884|-164441.78417720116|-164440.44725714717
860.8|1.0|0.8|0.0|-164056.019679368|-164055.19986990097|-164054.31699816725|-164053.43412643348|-164052.51341733974
861.0|1.0|0.8|0.0|-164552.05803713956|-164550.7211170856|-164549.3337472183|-164547.95898980432|-164546.52117012363
861.2|1.0|0.8|0.0|-164284.95361704673|-164283.70498416616|-164282.3932890189|-164281.1068187783|-164279.75728627096
861.4|1.0|0.8|0.0|-164604.6881656263|-164603.98186823932|-164603.22512103897|-164602.4683738386|-164601.6611768249
861.6|1.0|0.8|0.0|-164433.62539249615|-164432.578558869|-164431.4560505218|-164430.37137953463|-164429.22364628076
861.8|1.0|0.8|0.0|-164096.999863885|-164096.06654233788|-164095.0953834308|-164094.12422452366|-164093.1026158032
862.0|1.0|0.8|0.0|-164456.5043724105|-164455.5962757701|-164454.61250440963|-164453.65395795586|-164452.64496168873
862.2|1.0|0.8|0.0|-163874.78018704604|-163873.51894171213|-163872.21985901817|-163870.9081638709|-163869.5586313636
862.4|1.0|0.8|0.0|-164183.05377156305|-164181.93126321587|-164180.79614241535|-164179.6357967081|-164178.45022609425
862.6|1.0|0.8|0.0|-164136.85435498154|-164136.02193306113|-164135.15167378073|-164134.30663940698|-164133.39854276658
862.8|1.0|0.8|0.0|-164421.49220194086|-164420.20573170026|-164418.8688116463|-164417.54450404568|-164416.1697466317
863.0|1.0|0.8|0.0|-164063.17240257387|-164062.4408802802|-164061.65890817315|-164060.8769360661|-164060.0445141457
863.2|1.0|0.8|0.0|-164232.37544156454|-164231.54301964413|-164230.64753545704|-164229.77727617667|-164228.8565670829
863.4|1.0|0.8|0.0|-164441.32595603526|-164440.31695976813|-164439.24490123428|-164438.17284270044|-164437.07555925997
863.6|1.0|0.8|0.0|-164042.56879583656|-164041.55979956943|-164040.4877410356|-164039.4282949551|-164038.3310115146
863.8|1.0|0.8|0.0|-164327.79145618947|-164326.2275119754|-164324.60050549463|-164322.99872392055|-164321.33388007976
864.0|1.0|0.8|0.0|-164334.89226741943|-164333.4039979254|-164331.8526661647|-164330.3139468573|-164328.72477773656
864.2|1.0|0.8|0.0|-164441.18546123186|-164440.36565176485|-164439.50800493776|-164438.6503581107|-164437.7548739236
864.4|1.0|0.8|0.0|-164381.7555810975|-164380.67091011032|-164379.54840176314|-164378.42589341596|-164377.2529352554
864.6|1.0|0.8|0.0|-164263.3315155626|-164262.66305553564|-164261.93153324194|-164261.25046076163|-164260.4937135613
864.8|1.0|0.8|0.0|-164221.62251464243|-164220.71441800203|-164219.7810964549|-164218.87299981448|-164217.86400354735
865.0|1.0|0.8|0.0|-163979.74241054358|-163978.89737616983|-163977.9892795294|-163977.10640779565|-163976.1604737952
865.2|1.0|0.8|0.0|-164211.4122804447|-164210.80688268444|-164210.12581020413|-164209.46996263048|-164208.7636652435
865.4|1.0|0.8|0.0|-164365.34981429335|-164364.66874181305|-164363.9119946127|-164363.19308477236|-164362.4237251187
865.6|1.0|0.8|0.0|-164323.14854542038|-164322.41702312668|-164321.60982611295|-164320.82785400597|-164319.99543208556
865.8|1.0|0.8|0.0|-164441.37795083603|-164440.60859118233|-164439.7887817153|-164438.9563597949|-164438.11132542117
866.0|1.0|0.8|0.0|-164530.38566326554|-164529.83071531865|-164529.22531755833|-164528.63253225142|-164527.9892971311
866.2|1.0|0.8|0.0|-164610.3612298895|-164609.76844458256|-164609.09998455556|-164608.45674943528|-164607.76306450163
866.4|1.0|0.8|0.0|-164344.54116331227|-164344.11233989874|-164343.63306667184|-164343.16640589832|-164342.6492953114
866.6|1.0|0.8|0.0|-164569.5700942742|-164569.078208594|-164568.52326064705|-164568.01876251347|-164567.4133647532
866.8|1.0|0.8|0.0|-164631.38939521505|-164630.75877254808|-164630.0650876144|-164629.39662758744|-164628.66510529377
867.0|1.0|0.8|0.0|-164669.03018771674|-164668.19776579636|-164667.3148940626|-164666.45724723555|-164665.52392568844
867.2|1.0|0.8|0.0|-164543.35403487287|-164542.45855068578|-164541.51261668533|-164540.59190759156|-164539.59552377777
867.4|1.0|0.8|0.0|-164478.60169942933|-164477.844952229|-164477.03775521525|-164476.25578310827|-164475.39813628118
867.6|1.0|0.8|0.0|-164522.4724602594|-164521.1229277521|-164519.71033297808|-164518.32296311078|-164516.8851434301
867.8|1.0|0.8|0.0|-164665.00410721372|-164663.98249849325|-164662.9104399594|-164661.86360633225|-164660.74109798507
868.0|1.0|0.8|0.0|-164596.50207559965|-164595.6444287726|-164594.72371967882|-164593.81562303842|-164592.85707658462
868.2|1.0|0.8|0.0|-164465.1632011934|-164464.01546793952|-164462.7794475123|-164461.5938768984|-164460.3326315645
868.4|1.0|0.8|0.0|-164585.14546980933|-164584.37611015563|-164583.5563006886|-164582.76171612824|-164581.90406930115
868.6|1.0|0.8|0.0|-164685.57567456487|-164684.74325264446|-164683.83515600406|-164682.97750917697|-164682.05680008323
868.8|1.0|0.8|0.0|-164220.83628072278|-164219.76422218894|-164218.64171384176|-164217.5318179479|-164216.35885978735
869.0|1.0|0.8|0.0|-164352.3976122441|-164351.6030276837|-164350.75799331|-164349.93818384293|-164349.05531210918
869.2|1.0|0.8|0.0|-164500.7040547019|-164500.25000638168|-164499.72028334142|-164499.21578520787|-164498.66083726092
869.4|1.0|0.8|0.0|-164488.84834856304|-164488.5456496829|-164488.1925009894|-164487.86457720256|-164487.46097869572
869.6|1.0|0.8|0.0|-164453.78572828005|-164453.2686176931|-164452.6884448395|-164452.12088443924|-164451.5028742256
869.8|1.0|0.8|0.0|-164311.87057991597|-164311.34085687573|-164310.7480715688|-164310.18051116852|-164309.54988850155
870.0|1.0|0.8|0.0|-164570.6885000681|-164569.95697777442|-164569.16239321404|-164568.380421107|-164567.53538673327
870.2|1.0|0.8|0.0|-164455.7696622557|-164454.87417806865|-164453.89040670815|-164452.9696976144|-164451.9733138006
870.4|1.0|0.8|0.0|-164710.70704154746|-164710.00074416047|-164709.21877205346|-164708.43679994642|-164707.62960293272
870.6|1.0|0.8|0.0|-164849.89171676346|-164849.45028089656|-164848.945782763|-164848.45389708277|-164847.89894913588
870.8|1.0|0.8|0.0|-164720.64465548628|-164719.66088412583|-164718.65188785866|-164717.61766668488|-164716.57083305772
871.0|1.0|0.8|0.0|-164727.10906491388|-164726.42799243357|-164725.68385768656|-164724.9397229395|-164724.15775083253
871.2|1.0|0.8|0.0|-164642.48549114255|-164641.5017197821|-164640.45488615494|-164639.42066498112|-164638.31076908726
871.4|1.0|0.8|0.0|-164541.27055309535|-164540.56425570836|-164539.79489605466|-164539.05076130768|-164538.2561767473
871.6|1.0|0.8|0.0|-164521.95268705054|-164521.1707149435|-164520.33829302312|-164519.50587110274|-164518.63561182233
871.8|1.0|0.8|0.0|-164538.37410129822|-164537.16330577762|-164535.87683553703|-164534.61559020312|-164533.30389505584
872.0|1.0|0.8|0.0|-164463.79451577205|-164462.45759571812|-164461.07022585082|-164459.70808089018|-164458.2954861162
872.2|1.0|0.8|0.0|-164368.01554511412|-164366.67862506013|-164365.29125519283|-164363.90388532553|-164362.46606564484
872.4|1.0|0.8|0.0|-164384.33787642376|-164383.31626770328|-164382.2315967161|-164381.17215063563|-164380.06225474176
872.6|1.0|0.8|0.0|-164333.9357456069|-164332.57360064628|-164331.14839341893|-164329.76102355163|-164328.29797896428
872.8|1.0|0.8|0.0|-164181.47725027427|-164180.9727521407|-164180.41780419377|-164179.8880811535|-164179.28268339325
873.0|1.0|0.8|0.0|-164391.48288092425|-164390.72613372392|-164389.9189367102|-164389.13696460315|-164388.2793177761
873.2|1.0|0.8|0.0|-164250.47565259185|-164249.51710613808|-164248.53333477763|-164247.54956341718|-164246.51534224337
873.4|1.0|0.8|0.0|-164301.9849120292|-164300.77411650866|-164299.50025872138|-164298.26423829413|-164296.9651556002
873.6|1.0|0.8|0.0|-164333.49009608076|-164332.4306500003|-164331.32075410642|-164330.21085821255|-164329.05051250535
873.8|1.0|0.8|0.0|-164086.54085567265|-164085.4687971388|-164084.32106388494|-164083.2111679911|-164082.0255973772
874.0|1.0|0.8|0.0|-164135.42672481542|-164133.9889051348|-164132.50063564072|-164131.02497860003|-164129.48625929267
874.2|1.0|0.8|0.0|-164164.99262157502|-164163.73137624108|-164162.4070686405|-164161.09537349318|-164159.74584098588
874.4|1.0|0.8|0.0|-163929.1712119028|-163927.8216793955|-163926.39647216816|-163924.98387739417|-163923.53344526017
874.6|1.0|0.8|0.0|-164102.31001416512|-164101.4019175247|-164100.44337107093|-164099.5100495238|-164098.51366571002
874.8|1.0|0.8|0.0|-164153.88814132547|-164152.70257071158|-164151.49177519104|-164150.28097967047|-164149.0071218832
875.0|1.0|0.8|0.0|-163972.1679136141|-163971.3607166004|-163970.50306977332|-163969.67064785294|-163968.7625512125
875.2|1.0|0.8|0.0|-164412.52307393565|-164411.94290108205|-164411.3122784151|-164410.70688065482|-164410.0258081745
875.4|1.0|0.8|0.0|-164329.26401452397|-164328.6586167637|-164328.01538164337|-164327.38475897643|-164326.67846158944
875.6|1.0|0.8|0.0|-163880.71440663055|-163879.57928583003|-163878.3811027628|-163877.20814460225|-163875.98473662834
875.8|1.0|0.8|0.0|-164068.75286281315|-164068.24836467957|-164067.7186416393|-164067.16369369242|-164066.58352083882
876.0|1.0|0.8|0.0|-164110.76220523615|-164110.35860672928|-164109.90455840906|-164109.4631225422|-164108.9460119553
876.2|1.0|0.8|0.0|-163931.4207747301|-163930.55051544972|-163929.6171939026|-163928.70909726218|-163927.7505508084
876.4|1.0|0.8|0.0|-163730.68178148288|-163729.6980101224|-163728.65117649524|-163727.61695532143|-163726.53228433427
876.6|1.0|0.8|0.0|-163930.66484162942|-163929.5044959222|-163928.30631285498|-163927.10812978775|-163925.8721093605
876.8|1.0|0.8|0.0|-163888.1614865384|-163886.5218676043|-163884.80657395016|-163883.12911765603|-163881.3759866419
877.0|1.0|0.8|0.0|-163899.64477214997|-163898.83757513628|-163897.96731585587|-163897.12228148212|-163896.21418484172
877.2|1.0|0.8|0.0|-164256.673899675|-164255.61445359446|-164254.50455770062|-164253.41988671347|-164252.27215345958
877.4|1.0|0.8|0.0|-164238.4793677612|-164237.54604621412|-164236.56227485364|-164235.59111594653|-164234.55689477272
877.6|1.0|0.8|0.0|-164285.7236996851|-164284.5381290712|-164283.28949619064|-164282.06608821673|-164280.77961797614
877.8|1.0|0.8|0.0|-163970.6677550331|-163969.83533311271|-163968.93984892563|-163968.08220209857|-163967.1614930048
878.0|1.0|0.8|0.0|-163880.19862723094|-163879.20224341715|-163878.14279733665|-163877.08335125615|-163875.998680269
878.2|1.0|0.8|0.0|-164220.00709622438|-164219.32602374407|-164218.5945014504|-164217.8629791567|-164217.08100704968
878.4|1.0|0.8|0.0|-164457.32301825497|-164456.2635721745|-164455.17890118735|-164454.11945510682|-164452.9843343063
878.6|1.0|0.8|0.0|-163962.39773677097|-163961.62837711727|-163960.7959551969|-163959.97614572986|-163959.10588644943
878.8|1.0|0.8|0.0|-163900.29152113636|-163899.0176633491|-163897.6933557485|-163896.36904814787|-163894.99429073388
879.0|1.0|0.8|0.0|-164101.02072308556|-164100.1630762585|-164099.28020452475|-164098.40994524432|-164097.4640112439
879.2|1.0|0.8|0.0|-163963.23218284675|-163962.02138732615|-163960.7727544456|-163959.52412156502|-163958.21242641774
879.4|1.0|0.8|0.0|-164197.9078606695|-164196.52049080218|-164195.05744621484|-164193.6322389875|-164192.13135704014
879.6|1.0|0.8|0.0|-164202.03720057989|-164200.82640505934|-164199.57777217877|-164198.32913929818|-164197.03005660424
879.8|1.0|0.8|0.0|-164119.10913011085|-164118.5794070706|-164117.98662176367|-164117.41906136338|-164116.80105114976
880.0|1.0|0.8|0.0|-164193.24513083874|-164191.9838855048|-164190.64696545087|-164189.3478827569|-164187.9983502496
880.2|1.0|0.8|0.0|-164256.65737209425|-164254.96730334678|-164253.22678478598|-164251.48626622517|-164249.695297851
880.4|1.0|0.8|0.0|-164367.63140877063|-164366.5971875968|-164365.4620667963|-164364.35217090245|-164363.20443764856
880.6|1.0|0.8|0.0|-164189.9738938625|-164188.86399796867|-164187.72887716815|-164186.59375636763|-164185.40818575374
880.8|1.0|0.8|0.0|-164281.76020505215|-164280.8016585984|-164279.78004987794|-164278.78366606412|-164277.72421998365
881.0|1.0|0.8|0.0|-164256.7118727205|-164255.75332626674|-164254.73171754624|-164253.73533373245|-164252.6885001053
881.2|1.0|0.8|0.0|-164099.9954557908|-164099.5035701106|-164098.94862216365|-164098.43151157672|-164097.82611381647
881.4|1.0|0.8|0.0|-163913.92759507743|-163913.23391014378|-163912.5276127568|-163911.79609046312|-163911.03934326276
881.6|1.0|0.8|0.0|-163927.46243037537|-163926.70568317498|-163925.88587370794|-163925.0912891476|-163924.2336423205
881.8|1.0|0.8|0.0|-163858.84296650538|-163857.96009477164|-163857.02677322453|-163856.09345167744|-163855.109680317
882.0|1.0|0.8|0.0|-164088.49472516295|-164088.01545193605|-164087.47311644247|-164086.95600585558|-164086.3884454553
882.2|1.0|0.8|0.0|-164509.05596037465|-164508.2487633609|-164507.40372898718|-164506.58391952014|-164505.7010477864
882.4|1.0|0.8|0.0|-164299.98355399532|-164299.5295056751|-164299.02500754155|-164298.54573431466|-164297.99078636774
882.6|1.0|0.8|0.0|-164457.27686927517|-164456.05346130126|-164454.76699106066|-164453.4931332734|-164452.18143812614
882.8|1.0|0.8|0.0|-164505.57980179766|-164504.44468099714|-164503.2338854766|-164502.06092731605|-164500.8249068888
883.0|1.0|0.8|0.0|-164345.2132622939|-164344.4060652802|-164343.53580599977|-164342.69077162605|-164341.78267498565
883.2|1.0|0.8|0.0|-164031.40342551252|-164030.6214534055|-164029.77641903175|-164028.93138465803|-164028.06112537763
883.4|1.0|0.8|0.0|-164361.05511843952|-164360.2479214258|-164359.3776621454|-164358.53262777167|-164357.62453113124
883.6|1.0|0.8|0.0|-164387.25501478306|-164386.4099804093|-164385.5271086756|-164384.64423694185|-164383.73614030145
883.8|1.0|0.8|0.0|-164376.68958711985|-164375.57969122598|-164374.4067330655|-164373.25899981157|-164372.04820429103
884.0|1.0|0.8|0.0|-164129.1303936131|-164127.452937319|-164125.73764366488|-164124.0475749174|-164122.28183144992
884.2|1.0|0.8|0.0|-164504.7831618889|-164503.3453422082|-164501.8570727142|-164500.3814156735|-164498.85530881945
884.4|1.0|0.8|0.0|-164185.05746973987|-164183.44307571242|-164181.790844325|-164180.12600048422|-164178.4107068301
884.6|1.0|0.8|0.0|-163977.92314854998|-163976.4096541493|-163974.83309748187|-163973.28176572113|-163971.66737169374
884.8|1.0|0.8|0.0|-164207.4529837082|-164206.3178629077|-164205.11967984046|-164203.95933413325|-164202.723313706
885.0|1.0|0.8|0.0|-164243.9204839567|-164242.9241001429|-164241.87726651574|-164240.84304534193|-164239.75837435474
885.2|1.0|0.8|0.0|-163767.82414669805|-163766.91605005765|-163765.95750360383|-163765.01156960338|-163764.00257333624
885.4|1.0|0.8|0.0|-163727.8678945194|-163727.04808505237|-163726.1904382253|-163725.33279139825|-163724.4246947578
885.6|1.0|0.8|0.0|-164015.69156723245|-164015.09878192554|-164014.4429343519|-164013.79969923155|-164013.11862675127
885.8|1.0|0.8|0.0|-163839.68478088378|-163838.56227253657|-163837.4145392827|-163836.25419357547|-163835.04339805493
886.0|1.0|0.8|0.0|-163937.0468986709|-163935.64691635026|-163934.17125930957|-163932.70821472222|-163931.1947203215
886.2|1.0|0.8|0.0|-163785.94279476683|-163784.75722415294|-163783.49597881903|-163782.25995839178|-163780.97348815118
886.4|1.0|0.8|0.0|-163691.38882573767|-163690.31676720385|-163689.1816464033|-163688.0591380561|-163686.88617989558
886.6|1.0|0.8|0.0|-164062.65648589603|-164061.66010208224|-164060.60065600174|-164059.55382237458|-164058.4565389341
886.8|1.0|0.8|0.0|-164088.67477065098|-164087.42613777038|-164086.1018301698|-164084.82797238254|-164083.4784398752
887.0|1.0|0.8|0.0|-164282.59448200892|-164281.90079707527|-164281.11882496826|-164280.37469022124|-164279.56749320755
887.2|1.0|0.8|0.0|-164354.07362710134|-164353.3294923543|-164352.50968288726|-164351.72771078025|-164350.89528885984
887.4|1.0|0.8|0.0|-164255.72171596217|-164254.76316950837|-164253.75417324124|-164252.7704018808|-164251.71095580028
887.6|1.0|0.8|0.0|-164341.08901397363|-164340.40794149332|-164339.65119429294|-164338.94489690594|-164338.16292479893
887.8|1.0|0.8|0.0|-164403.79624748827|-164403.1656248213|-164402.4593274343|-164401.79086740734|-164401.04673266032
888.0|1.0|0.8|0.0|-164085.19306368643|-164084.247129686|-164083.25074587218|-164082.26697451173|-164081.24536579126
888.2|1.0|0.8|0.0|-164055.86910967276|-164054.63308924553|-164053.33400655157|-164052.0601487643|-164050.74845361704
888.4|1.0|0.8|0.0|-164082.1377604572|-164081.2296638168|-164080.27111736304|-164079.31257090924|-164078.30357464208
888.6|1.0|0.8|0.0|-163912.03796250757|-163911.533464374|-163910.9911288804|-163910.4361809335|-163909.8307831732
888.8|1.0|0.8|0.0|-164039.6717030499|-164038.80144376954|-164037.86812222243|-164036.960025582|-164036.0014791282
889.0|1.0|0.8|0.0|-164007.56039684828|-164006.84148700797|-164006.03428999422|-164005.2775427939|-164004.4451208735
889.2|1.0|0.8|0.0|-164281.47404997487|-164280.30109181433|-164279.0776838404|-164277.86688831984|-164276.58041807925
889.4|1.0|0.8|0.0|-163991.36902623886|-163990.3221926117|-163989.23752162454|-163988.1654630907|-163987.03034229018
889.6|1.0|0.8|0.0|-164209.42658196494|-164208.2536238044|-164207.05544073717|-164205.8698701233|-164204.6086247894
889.8|1.0|0.8|0.0|-164262.68919384762|-164261.89460928726|-164261.06218736686|-164260.22976544648|-164259.3468937127
890.0|1.0|0.8|0.0|-164225.87344255045|-164224.85183382998|-164223.75455038945|-164222.69510430898|-164221.55998350846
890.2|1.0|0.8|0.0|-164342.8440750114|-164342.01165309103|-164341.1035564506|-164340.23329717023|-164339.29997562311
890.4|1.0|0.8|0.0|-164526.02734731013|-164525.2706001098|-164524.46340309607|-164523.6688185357|-164522.84900906865
890.6|1.0|0.8|0.0|-164288.65866788191|-164287.44787236134|-164286.18662702743|-164284.96321905355|-164283.66413635958
890.8|1.0|0.8|0.0|-164368.25201370945|-164367.06644309557|-164365.80519776163|-164364.59440224103|-164363.3079320005
891.0|1.0|0.8|0.0|-164136.21017337355|-164135.2011771064|-164134.14173102588|-164133.1075098521|-164131.99761395826
891.2|1.0|0.8|0.0|-164316.99431330196|-164316.21234119494|-164315.3673068212|-164314.52227244747|-164313.6520131671
891.4|1.0|0.8|0.0|-164341.01029747777|-164340.06436347732|-164339.04275475687|-164338.0337584897|-164336.9743124092
891.6|1.0|0.8|0.0|-163966.6588587232|-163965.85166170952|-163964.99401488245|-163964.1489805087|-163963.24088386827
891.8|1.0|0.8|0.0|-164342.60476778995|-164341.7471209629|-164340.83902432243|-164339.9561525887|-164339.01021858826
892.0|1.0|0.8|0.0|-164398.5914481627|-164397.64551416226|-164396.63651789512|-164395.665358988|-164394.61852536083
892.2|1.0|0.8|0.0|-164245.88196581745|-164244.69639520356|-164243.47298722967|-164242.2621917091|-164240.98833392185
892.4|1.0|0.8|0.0|-164316.09749420054|-164315.52993380025|-164314.91192358662|-164314.28130091968|-164313.62545334606
892.6|1.0|0.8|0.0|-164509.98181610496|-164509.16200663793|-164508.2917473575|-164507.43410053046|-164506.52600389003
892.8|1.0|0.8|0.0|-164082.09252399806|-164081.0456903709|-164079.94840693037|-164078.85112348988|-164077.71600268935
893.0|1.0|0.8|0.0|-164208.38101928358|-164207.6747218966|-164206.90536224292|-164206.1612274959|-164205.35403048218
893.2|1.0|0.8|0.0|-164589.0937371383|-164588.33698993793|-164587.55501783092|-164586.77304572388|-164585.92801135016
893.4|1.0|0.8|0.0|-164141.93174125545|-164141.3011185885|-164140.62004610818|-164139.93897362787|-164139.2074513342
893.6|1.0|0.8|0.0|-163917.99486225977|-163917.04892825935|-163916.0147070855|-163915.0183232717|-163913.9462647379
893.8|1.0|0.8|0.0|-164247.64252726096|-164246.9866796873|-164246.26776984698|-164245.5740849133|-164244.81733771297
894.0|1.0|0.8|0.0|-164362.50663088565|-164361.77510859194|-164360.9805240316|-164360.21116437792|-164359.3787424575
894.2|1.0|0.8|0.0|-164507.47416956653|-164506.8435468996|-164506.1372495126|-164505.45617703226|-164504.71204228527
894.4|1.0|0.8|0.0|-164714.9490269966|-164713.9652556361|-164712.9058095556|-164711.87158838182|-164710.78691739464
894.6|1.0|0.8|0.0|-164813.46051189196|-164812.3506159981|-164811.21549519757|-164810.05514949036|-164808.86957887647
894.8|1.0|0.8|0.0|-164465.38202463638|-164464.23429138248|-164463.03610831525|-164461.8505377014|-164460.61451727414
895.0|1.0|0.8|0.0|-164592.40783442627|-164591.43667551913|-164590.389841892|-164589.35562071818|-164588.270949731
895.2|1.0|0.8|0.0|-164316.49780517767|-164315.6653832573|-164314.78251152355|-164313.9122522431|-164312.99154314937
895.4|1.0|0.8|0.0|-164508.888168414|-164507.50079854668|-164506.0503664127|-164504.62515918535|-164503.13688969132
895.6|1.0|0.8|0.0|-164615.38301831883|-164613.6929495714|-164611.9524310106|-164610.23713735648|-164608.45878143565
895.8|1.0|0.8|0.0|-164202.90185177667|-164202.09465476297|-164201.2370079359|-164200.4045860155|-164199.4964893751
896.0|1.0|0.8|0.0|-164266.29204225956|-164264.98034711226|-164263.61820215164|-164262.256057191|-164260.843462417
896.2|1.0|0.8|0.0|-164353.11129731595|-164351.850051982|-164350.53835683473|-164349.22666168743|-164347.87712918018
896.4|1.0|0.8|0.0|-164150.70504589696|-164149.34290093632|-164147.90508125565|-164146.51771138833|-164145.054666801
896.6|1.0|0.8|0.0|-164070.42134719156|-164069.63937508455|-164068.7943407108|-164067.97453124376|-164067.09165951
896.8|1.0|0.8|0.0|-163894.39709019224|-163893.7664675253|-163893.08539504497|-163892.416935018|-163891.672800271
897.0|1.0|0.8|0.0|-164026.903524974|-164025.9575909736|-164024.94859470642|-164023.95221089263|-164022.91798971882
897.2|1.0|0.8|0.0|-163955.51703907407|-163954.23056883347|-163952.9188736862|-163951.60717853892|-163950.24503357828
897.4|1.0|0.8|0.0|-164158.35051367528|-164157.076655888|-164155.72712338073|-164154.41542823345|-164153.0406708195
897.6|1.0|0.8|0.0|-164001.8173552823|-164001.0732205353|-164000.2660235216|-163999.47143896122|-163998.6264045875
897.8|1.0|0.8|0.0|-164472.2240274749|-164471.44205536786|-164470.6222459008|-164469.8150488871|-164468.97001451338
898.0|1.0|0.8|0.0|-164131.87697411625|-164131.03193974253|-164130.13645555545|-164129.26619627504|-164128.33287472796
898.2|1.0|0.8|0.0|-164295.80032921315|-164295.04358201276|-164294.22377254572|-164293.42918798534|-164292.57154115828
898.4|1.0|0.8|0.0|-164291.8021815046|-164291.0328218509|-164290.1877874772|-164289.36797801012|-164288.48510627638
898.6|1.0|0.8|0.0|-164079.88774049914|-164079.0679310321|-164078.18505929835|-164077.3021875646|-164076.3940909242
898.8|1.0|0.8|0.0|-164438.50825805892|-164437.68844859189|-164436.78035195146|-164435.91009267105|-164434.97677112397
899.0|1.0|0.8|0.0|-164358.7849405018|-164357.81378159468|-164356.76694796752|-164355.7579517004|-164354.6732807132
899.2|1.0|0.8|0.0|-164115.13756689487|-164114.25469516116|-164113.3465985207|-164112.42588942696|-164111.45473051982
899.4|1.0|0.8|0.0|-164264.4827887461|-164263.12064378546|-164261.70804901147|-164260.3080666908|-164258.8450221035
899.6|1.0|0.8|0.0|-164472.82084142644|-164471.76139534594|-164470.6514994521|-164469.54160355823|-164468.381257851
899.8|1.0|0.8|0.0|-164358.0212650647|-164357.34019258435|-164356.59605783736|-164355.86453554366|-164355.09517588996
900.0|1.0|0.8|0.0|-164245.46066570564|-164244.53995661187|-164243.5814101581|-164242.63547615765|-164241.63909234386
900.2|1.0|0.8|0.0|-164241.0741809629|-164240.36788357588|-164239.59852392218|-164238.84177672185|-164238.03457970815
900.4|1.0|0.8|0.0|-164176.35968287938|-164175.7164477591|-164175.01015037208|-164174.32907789177|-164173.58494314476
900.6|1.0|0.8|0.0|-164064.9921311208|-164063.92007258697|-164062.79756423977|-164061.66244343924|-164060.48948527867
900.8|1.0|0.8|0.0|-164228.05593244708|-164227.16044826|-164226.21451425957|-164225.28119271246|-164224.29742135198
901.0|1.0|0.8|0.0|-164074.61282512225|-164073.69211602843|-164072.69573221466|-164071.7371857609|-164070.71557704042
901.2|1.0|0.8|0.0|-164219.24570852224|-164218.21148734842|-164217.10159145456|-164216.01692046737|-164214.85657476017
901.4|1.0|0.8|0.0|-164146.01698957515|-164145.41159181486|-164144.7809691479|-164144.15034648092|-164143.4692740006
901.6|1.0|0.8|0.0|-163967.47159936777|-163966.43737819395|-163965.34009475342|-163964.2680362196|-163963.13291541906
901.8|1.0|0.8|0.0|-164276.7158215773|-164275.59331323009|-164274.4077426162|-164273.2221720023|-164272.01137648174
902.0|1.0|0.8|0.0|-164117.93764648994|-164116.37370227586|-164114.7466957951|-164113.14491422105|-164111.48007038026
902.2|1.0|0.8|0.0|-163971.40996499683|-163970.4009687297|-163969.32891019585|-163968.26946411538|-163967.1595682215
902.4|1.0|0.8|0.0|-164221.71412108804|-164221.05827351438|-164220.33936367408|-164219.64567874043|-164218.88893154004
902.6|1.0|0.8|0.0|-164220.65697976376|-164219.76149557668|-164218.81556157622|-164217.85701512246|-164216.84801885532
902.8|1.0|0.8|0.0|-164339.14400114145|-164337.9710429809|-164336.76024746033|-164335.5620643931|-164334.31343151254
903.0|1.0|0.8|0.0|-164252.4136194941|-164250.87490018673|-164249.31095597264|-164247.7470117586|-164246.13261773117
903.2|1.0|0.8|0.0|-164046.60472228468|-164045.30563959078|-164043.94349463013|-164042.59396212283|-164041.20659225553
903.4|1.0|0.8|0.0|-164227.84990176605|-164227.0553172057|-164226.21028283198|-164225.36524845826|-164224.49498917785
903.6|1.0|0.8|0.0|-164216.97626377924|-164216.14384185884|-164215.2357452184|-164214.34026103135|-164213.41955193755
903.8|1.0|0.8|0.0|-164389.33301612668|-164388.37446967288|-164387.3528609524|-164386.35647713862|-164385.3222559648
904.0|1.0|0.8|0.0|-164416.13615576783|-164414.9253602473|-164413.67672736672|-164412.4154820328|-164411.1290117922
904.2|1.0|0.8|0.0|-164408.50562149764|-164407.57229995052|-164406.57591613673|-164405.60475722962|-164404.57053605578
904.4|1.0|0.8|0.0|-164556.86317303876|-164555.77850205157|-164554.64338125105|-164553.52087290384|-164552.3479147433
904.6|1.0|0.8|0.0|-164676.58618416215|-164675.75376224174|-164674.8582780547|-164673.98801877428|-164673.05469722717
904.8|1.0|0.8|0.0|-164755.67887905234|-164754.44285862512|-164753.1563883845|-164751.8699181439|-164750.53299808994
905.0|1.0|0.8|0.0|-164824.55886548923|-164823.12104580857|-164821.63277631454|-164820.15711927385|-164818.64362487313
905.2|1.0|0.8|0.0|-164800.15376827784|-164799.24567163744|-164798.31235009033|-164797.37902854322|-164796.37003227609
905.4|1.0|0.8|0.0|-164886.04744494666|-164885.0888984929|-164884.07990222573|-164883.09613086528|-164882.0366847848
905.6|1.0|0.8|0.0|-164638.18677159792|-164637.7831730911|-164637.32912477088|-164636.87507645064|-164636.3705783171
905.8|1.0|0.8|0.0|-164631.05223138473|-164629.7909860508|-164628.47929090352|-164627.20543311624|-164625.84328815562
906.0|1.0|0.8|0.0|-164554.3932296353|-164553.6238699816|-164552.77883560787|-164551.97163859414|-164551.0887668604
906.2|1.0|0.8|0.0|-164604.8689441261|-164604.06174711237|-164603.229325192|-164602.38429081827|-164601.50141908452
906.4|1.0|0.8|0.0|-164497.48651639605|-164496.50274503557|-164495.4811363151|-164494.45952759462|-164493.40008151412
906.6|1.0|0.8|0.0|-164413.12803615574|-164412.49741348877|-164411.81634100847|-164411.17310588816|-164410.45419604782
906.8|1.0|0.8|0.0|-164482.08897753118|-164481.07998126402|-164480.0331476369|-164479.0115389164|-164477.92686792926
907.0|1.0|0.8|0.0|-164409.25512624247|-164408.80107792228|-164408.28396733536|-164407.79208165515|-164407.2371337082
907.2|1.0|0.8|0.0|-164385.45145313317|-164384.60641875945|-164383.68570966567|-164382.81545038527|-164381.88212883816
907.4|1.0|0.8|0.0|-164315.7686640509|-164315.28939082404|-164314.74705533046|-164314.20471983685|-164313.62454698325
907.6|1.0|0.8|0.0|-164347.87997025257|-164347.2493475856|-164346.5682751053|-164345.8998150783|-164345.18090523794
907.8|1.0|0.8|0.0|-164117.26608333792|-164116.76158520434|-164116.21924971076|-164115.67691421718|-164115.09674136355
908.0|1.0|0.8|0.0|-164136.86583582702|-164136.31088788013|-164135.7054901198|-164135.10009235956|-164134.45685723925
908.2|1.0|0.8|0.0|-164295.87969249635|-164294.5553848957|-164293.18062748175|-164291.83109497448|-164290.41850020047
908.4|1.0|0.8|0.0|-164236.50026217534|-164235.5921655349|-164234.60839417446|-164233.64984772066|-164232.62823900022
908.6|1.0|0.8|0.0|-164161.02047979448|-164160.1249956074|-164159.17906160696|-164158.24574005988|-164157.24935624606
908.8|1.0|0.8|0.0|-164416.89206369824|-164415.89567988444|-164414.8488462573|-164413.8272375368|-164412.74256654963
909.0|1.0|0.8|0.0|-164152.56413636057|-164151.26505366666|-164149.91552115936|-164148.57860110537|-164147.19123123807
909.2|1.0|0.8|0.0|-164173.6341374648|-164172.562078931|-164171.45218303712|-164170.34228714328|-164169.18194143608
909.4|1.0|0.8|0.0|-164603.12587835453|-164602.04120736735|-164600.91869902017|-164599.79619067296|-164598.63584496576
909.6|1.0|0.8|0.0|-164167.2306752293|-164166.18384160218|-164165.099170615|-164164.02711208115|-164162.90460373397
909.8|1.0|0.8|0.0|-164537.5333859478|-164536.34781533392|-164535.09918245333|-164533.87577447944|-164532.6019166922
910.0|1.0|0.8|0.0|-164496.61898813784|-164495.6352167774|-164494.6136080569|-164493.60461178978|-164492.53255325597
910.2|1.0|0.8|0.0|-164086.9606555065|-164085.88859697265|-164084.76608862545|-164083.6561927316|-164082.47062211772
910.4|1.0|0.8|0.0|-164171.02096314|-164169.8606174328|-164168.6624343656|-164167.46425129834|-164166.21561841777
910.6|1.0|0.8|0.0|-164131.18553125436|-164130.01257309385|-164128.80177757324|-164127.59098205267|-164126.34234917213
910.8|1.0|0.8|0.0|-164025.38308030527|-164024.2984093181|-164023.16328851756|-164022.028167717|-164020.8552095565
911.0|1.0|0.8|0.0|-163913.86341365005|-163913.09405399635|-163912.2742445293|-163911.49227242227|-163910.60940068855
911.2|1.0|0.8|0.0|-163999.19927294314|-163998.93441142302|-163998.59387518288|-163998.2785638494|-163997.88757779586
911.4|1.0|0.8|0.0|-163967.45664026562|-163966.87646741202|-163966.25845719842|-163965.6404469848|-163964.98459941114
911.6|1.0|0.8|0.0|-164018.4228247042|-164017.3633786237|-164016.22825782318|-164015.13097438266|-164013.97062867545
911.8|1.0|0.8|0.0|-164156.560395265|-164156.00544731805|-164155.36221219777|-164154.74420198414|-164154.08835441052
912.0|1.0|0.8|0.0|-163929.95203956304|-163929.44754142946|-163928.86736857583|-163928.31242062894|-163927.70702286865
912.2|1.0|0.8|0.0|-164087.04014590292|-164085.64016358223|-164084.18973144825|-164082.73929931424|-164081.26364227358
912.4|1.0|0.8|0.0|-164418.88640571095|-164417.9783090705|-164417.01976261672|-164416.07382861627|-164415.07744480247
912.6|1.0|0.8|0.0|-164205.2751605232|-164204.4427386028|-164203.5598668691|-164202.68960758863|-164201.78151094823
912.8|1.0|0.8|0.0|-164319.9428653059|-164319.02215621216|-164318.0762222117|-164317.11767575794|-164316.1339043975
913.0|1.0|0.8|0.0|-164282.28995154344|-164281.20528055626|-164280.04493484905|-164278.90981404853|-164277.71163098133
913.2|1.0|0.8|0.0|-164422.31564512546|-164421.52106056508|-164420.67602619136|-164419.84360427098|-164418.9607325372
913.4|1.0|0.8|0.0|-164202.59504203906|-164202.00225673214|-164201.3211842518|-164200.67794913152|-164199.98426419785
913.6|1.0|0.8|0.0|-164550.93401541546|-164550.3033927485|-164549.64754517487|-164548.96647269456|-164548.26017530754
913.8|1.0|0.8|0.0|-164243.97398783974|-164243.26769045278|-164242.5109432524|-164241.7668085054|-164240.97222394502
914.0|1.0|0.8|0.0|-164215.25953267518|-164214.5532352882|-164213.7964880878|-164213.0523533408|-164212.25776878043
914.2|1.0|0.8|0.0|-164760.89957609528|-164759.92841718814|-164758.9068084677|-164757.91042465388|-164756.8509785734
914.4|1.0|0.8|0.0|-164328.3534888899|-164327.69764131625|-164327.00395638257|-164326.31027144892|-164325.5661367019
914.6|1.0|0.8|0.0|-164674.80791523473|-164674.26557974113|-164673.67279443418|-164673.10523403392|-164672.46199891364
914.8|1.0|0.8|0.0|-164194.24939173445|-164193.56831925412|-164192.86202186716|-164192.15572448014|-164191.39897727978
915.0|1.0|0.8|0.0|-164443.52451211296|-164442.3893913124|-164441.1912082452|-164440.01825008466|-164438.78222965743
915.2|1.0|0.8|0.0|-164410.53033417757|-164410.0006111373|-164409.39521337705|-164408.81504052345|-164408.18441785648
915.4|1.0|0.8|0.0|-164424.1871450741|-164423.20337371365|-164422.18176499318|-164421.1601562727|-164420.1007101922
915.6|1.0|0.8|0.0|-164641.74533200305|-164640.91291008264|-164640.00481344224|-164639.1219417085|-164638.2012326147
915.8|1.0|0.8|0.0|-164718.73174718558|-164717.69752601176|-164716.58763011792|-164715.51557158408|-164714.36783833022
916.0|1.0|0.8|0.0|-164291.95296491627|-164290.81784411575|-164289.61966104852|-164288.43409043463|-164287.1980700074
916.2|1.0|0.8|0.0|-164203.26213389263|-164202.39187461225|-164201.47116551848|-164200.53784397137|-164199.60452242428
916.4|1.0|0.8|0.0|-164303.82651450598|-164303.13282957228|-164302.3886948253|-164301.65717253162|-164300.8752004246
916.6|1.0|0.8|0.0|-164160.18303146787|-164159.62808352092|-164159.03529821397|-164158.45512536037|-164157.8118902401
916.8|1.0|0.8|0.0|-164404.95291342193|-164404.34751566168|-164403.69166808802|-164403.0484329677|-164402.35474803406
917.0|1.0|0.8|0.0|-164491.0129819597|-164490.28145966606|-164489.47426265234|-164488.6922905453|-164487.85986862492
917.2|1.0|0.8|0.0|-164591.78648414003|-164590.70181315285|-164589.56669235232|-164588.4567964585|-164587.29645075128
917.4|1.0|0.8|0.0|-164280.70032252837|-164279.981412688|-164279.18682812763|-164278.41746847396|-164277.58504655355
917.6|1.0|0.8|0.0|-164686.1874896281|-164685.53164205444|-164684.8127322141|-164684.1064348271|-164683.34968762676
917.8|1.0|0.8|0.0|-164355.21148910047|-164354.80789059363|-164354.32861736676|-164353.87456904651|-164353.37007091293
918.0|1.0|0.8|0.0|-164862.43770518238|-164861.1260100351|-164859.76386507446|-164858.42694502047|-164857.02696269983
918.2|1.0|0.8|0.0|-164754.91654046558|-164753.86970683842|-164752.78503585124|-164751.68775241074|-164750.55263161022
918.4|1.0|0.8|0.0|-164610.9674816228|-164609.87019818227|-164608.73507738177|-164607.6251814879|-164606.43961087402
918.6|1.0|0.8|0.0|-164658.3739918815|-164657.32715825434|-164656.21726236047|-164655.11997891997|-164653.98485811942
918.8|1.0|0.8|0.0|-164466.49666651583|-164465.5885698754|-164464.6174109683|-164463.65886451452|-164462.63725579402
919.0|1.0|0.8|0.0|-164627.6081454709|-164627.25499677742|-164626.83878581724|-164626.42257485702|-164625.96852653683
919.2|1.0|0.8|0.0|-164690.32964952893|-164689.3206532618|-164688.27381963463|-164687.22698600747|-164686.14231502032
919.4|1.0|0.8|0.0|-164623.70888717892|-164622.28367995156|-164620.8080229109|-164619.3323658702|-164617.80625901616
919.6|1.0|0.8|0.0|-164439.7436427732|-164438.19231101245|-164436.5653045317|-164434.95091050427|-164433.29867911682
919.8|1.0|0.8|0.0|-164410.3131916382|-164409.88436822468|-164409.39248254447|-164408.91320931757|-164408.38348627734
920.0|1.0|0.8|0.0|-164580.57892472844|-164579.39335411452|-164578.1573336873|-164576.94653816673|-164575.67268037947
920.2|1.0|0.8|0.0|-164254.96100568314|-164254.2673207495|-164253.53579845582|-164252.7916637088|-164252.0223040551
920.4|1.0|0.8|0.0|-164241.24111313853|-164240.29517913808|-164239.27357041763|-164238.2645741505|-164237.21774052334
920.6|1.0|0.8|0.0|-164405.53542878787|-164404.43814534738|-164403.30302454685|-164402.18051619965|-164400.99494558576
920.8|1.0|0.8|0.0|-164253.14401600306|-164252.5890680561|-164251.95844538917|-164251.37827253557|-164250.72242496192
921.0|1.0|0.8|0.0|-164085.4488364049|-164084.46506504444|-164083.41823141728|-164082.40923515012|-164081.32456416296
921.2|1.0|0.8|0.0|-164372.45276136635|-164371.20412848578|-164369.90504579185|-164368.6059630979|-164367.2816554973
921.4|1.0|0.8|0.0|-164642.0313390387|-164641.31242919833|-164640.5304570913|-164639.7484849843|-164638.92867551724
921.6|1.0|0.8|0.0|-164219.67552545347|-164218.70436654633|-164217.67014537248|-164216.66114910538|-164215.57647811822
921.8|1.0|0.8|0.0|-164161.4763174543|-164160.49254609388|-164159.44571246672|-164158.43671619956|-164157.3520452124
922.0|1.0|0.8|0.0|-164383.0771226243|-164382.20686334386|-164381.29876670346|-164380.40328251637|-164379.43212360924
922.2|1.0|0.8|0.0|-164094.66276826986|-164094.03214560292|-164093.33846066924|-164092.67000064228|-164091.9384783486
922.4|1.0|0.8|0.0|-164100.47170293608|-164099.84108026914|-164099.13478288217|-164098.46632285515|-164097.72218810816
922.6|1.0|0.8|0.0|-164136.06404625936|-164134.3992024186|-164132.6586838578|-164130.94339020364|-164129.17764673615
922.8|1.0|0.8|0.0|-164163.37482321385|-164162.18925259996|-164160.9406197194|-164159.70459929213|-164158.41812905154
923.0|1.0|0.8|0.0|-164369.99054095405|-164368.91848242024|-164367.79597407306|-164366.69869063253|-164365.525732472
923.2|1.0|0.8|0.0|-164407.42430246485|-164406.11260731757|-164404.75046235693|-164403.38831739628|-164401.98833507567
923.4|1.0|0.8|0.0|-163966.13978503252|-163965.34520047213|-163964.5001660984|-163963.66774417803|-163962.77225999095
923.6|1.0|0.8|0.0|-163807.36160994516|-163806.42828839805|-163805.44451703763|-163804.4733581305|-163803.42652450333
923.8|1.0|0.8|0.0|-163865.1873100028|-163864.32966317574|-163863.42156653528|-163862.51346989488|-163861.54231098777
924.0|1.0|0.8|0.0|-163964.4473177824|-163963.9049822888|-163963.2869720752|-163962.6815743149|-163962.05095164795
924.2|1.0|0.8|0.0|-164119.64316572144|-164119.15128004123|-164118.59633209428|-164118.0539966007|-164117.46121129373
924.4|1.0|0.8|0.0|-163862.45776442075|-163861.54966778035|-163860.5658964199|-163859.59473751276|-163858.58574124562
924.6|1.0|0.8|0.0|-163777.99916472088|-163777.06584317377|-163776.06945935998|-163775.07307554618|-163774.02624191903
924.8|1.0|0.8|0.0|-164179.12022171973|-164178.1490628126|-164177.1148416388|-164176.10584537167|-164175.02117438448
925.0|1.0|0.8|0.0|-163979.01080113955|-163977.95135505905|-163976.82884671187|-163975.73156327134|-163974.57121756414
925.2|1.0|0.8|0.0|-163955.32461376852|-163954.74444091492|-163954.1264307013|-163953.50842048766|-163952.85257291404
925.4|1.0|0.8|0.0|-164229.67069880306|-164229.17881312282|-164228.63647762925|-164228.09414213567|-164227.5013568287
925.6|1.0|0.8|0.0|-164208.4542035943|-164207.4325948738|-164206.34792388664|-164205.28847780614|-164204.16596945896
925.8|1.0|0.8|0.0|-163825.31711945985|-163824.5351473528|-163823.70272543243|-163822.88291596537|-163822.02526913834
926.0|1.0|0.8|0.0|-164119.25034453018|-164118.1530610897|-164117.01794028914|-164115.88281948862|-164114.6846364214
926.2|1.0|0.8|0.0|-163687.92565939968|-163687.118462386|-163686.23559065224|-163685.39055627852|-163684.4824596381
926.4|1.0|0.8|0.0|-164105.98628708388|-164104.82594137668|-164103.64037076276|-164102.4548001489|-164101.21877972165
926.6|1.0|0.8|0.0|-164086.5524787693|-164085.6822194889|-164084.7236730351|-164083.80296394136|-164082.8191925809
926.8|1.0|0.8|0.0|-164067.34050436513|-164066.50808244472|-164065.65043561766|-164064.80540124394|-164063.8973046035
927.0|1.0|0.8|0.0|-164116.20173880557|-164114.90265611163|-164113.52789869768|-164112.1909786437|-164110.79099632305
927.2|1.0|0.8|0.0|-164330.52244834907|-164329.51345208194|-164328.47923090812|-164327.4450097343|-164326.36033874715
927.4|1.0|0.8|0.0|-164077.4044164661|-164076.28190811892|-164075.12156241172|-164073.9612167045|-164072.73780873057
927.6|1.0|0.8|0.0|-163911.38815733863|-163910.03862483133|-163908.61341760398|-163907.22604773665|-163905.76300314933
927.8|1.0|0.8|0.0|-164098.73353923927|-164097.85066750553|-164096.9173459584|-164095.99663686467|-164095.0128655042
928.0|1.0|0.8|0.0|-164346.7952715149|-164346.21509866128|-164345.59708844768|-164344.99169068737|-164344.33584311375
928.2|1.0|0.8|0.0|-164044.14684118715|-164043.1630698267|-164042.11623619954|-164041.09462747906|-164040.0099564919
928.4|1.0|0.8|0.0|-164055.37601915872|-164054.8336836651|-164054.21567345152|-164053.6355005979|-164053.00487793097
928.6|1.0|0.8|0.0|-164133.45971778178|-164132.51378378135|-164131.50478751422|-164130.50840370043|-164129.4489576199
928.8|1.0|0.8|0.0|-164098.87468608204|-164097.68911546818|-164096.44048258758|-164095.2170746137|-164093.94321682642
929.0|1.0|0.8|0.0|-164084.1200166837|-164082.50562265626|-164080.81555390882|-164079.1633225214|-164077.4354164139
929.2|1.0|0.8|0.0|-163999.03167967286|-163998.18664529914|-163997.29116111205|-163996.43351428496|-163995.5001927379
929.4|1.0|0.8|0.0|-164030.72284688766|-164029.95348723396|-164029.13367776695|-164028.3264807532|-164027.46883392616
929.6|1.0|0.8|0.0|-163909.6432948312|-163909.0631219776|-163908.407274404|-163907.7640392837|-163907.07035435003
929.8|1.0|0.8|0.0|-164180.09755952767|-164179.20207534058|-164178.26875379347|-164177.3354322464|-164176.35166088594
930.0|1.0|0.8|0.0|-164280.58097528116|-164279.57197901403|-164278.51253293356|-164277.42786194637|-164276.34319095922
930.2|1.0|0.8|0.0|-164450.31385929484|-164449.0778388676|-164447.79136862702|-164446.53012329308|-164445.20581569246
930.4|1.0|0.8|0.0|-164544.82754133112|-164543.86899487732|-164542.8599986102|-164541.87622724974|-164540.81678116924
930.6|1.0|0.8|0.0|-164724.3559959569|-164723.04430080962|-164721.69476830232|-164720.35784824836|-164718.95786592772
930.8|1.0|0.8|0.0|-164581.1179102781|-164580.2854883577|-164579.40261662396|-164578.50713243688|-164577.5864233431
931.0|1.0|0.8|0.0|-164304.9698630756|-164304.04915398182|-164303.06538262137|-164302.10683616757|-164301.08522744713
931.2|1.0|0.8|0.0|-164088.9057923343|-164088.35084438734|-164087.77067153374|-164087.19049868014|-164086.54726355986
931.4|1.0|0.8|0.0|-164306.19313846226|-164305.3481040885|-164304.41478254143|-164303.50668590097|-164302.57336435388
931.6|1.0|0.8|0.0|-163986.07646025968|-163984.73954020574|-163983.31433297842|-163981.92696311107|-163980.4765309771
931.8|1.0|0.8|0.0|-164213.34809197154|-164212.51567005116|-164211.63279831738|-164210.74992658367|-164209.81660503655
932.0|1.0|0.8|0.0|-164208.931886177|-164208.2886510567|-164207.59496612306|-164206.91389364275|-164206.18237134904
932.2|1.0|0.8|0.0|-164159.90728004748|-164159.13792039378|-164158.34333583343|-164157.54875127305|-164156.70371689933
932.4|1.0|0.8|0.0|-164307.04416070273|-164305.97210216892|-164304.83698136837|-164303.7523103812|-164302.56673976732
932.6|1.0|0.8|0.0|-164283.44626050506|-164282.66428839805|-164281.85709138433|-164281.06250682395|-164280.21747245023
932.8|1.0|0.8|0.0|-164634.00741277065|-164633.4398523704|-164632.79661725007|-164632.1659945831|-164631.51014700948
933.0|1.0|0.8|0.0|-164465.23374118024|-164464.2878071798|-164463.27881091266|-164462.2950395522|-164461.26081837842
933.2|1.0|0.8|0.0|-164676.8072537986|-164676.2018560383|-164675.54600846468|-164674.9153857977|-164674.2090884107
933.4|1.0|0.8|0.0|-164392.29772909262|-164391.47791962558|-164390.56982298516|-164389.71217615806|-164388.80407951766
933.6|1.0|0.8|0.0|-164114.9877175234|-164114.0922333363|-164113.14629933584|-164112.21297778873|-164111.22920642828
933.8|1.0|0.8|0.0|-164197.21711822605|-164196.27118422562|-164195.28741286515|-164194.31625395804|-164193.29464523756
934.0|1.0|0.8|0.0|-164125.2872637937|-164124.07646827312|-164122.80261048587|-164121.54136515196|-164120.2296700047
934.2|1.0|0.8|0.0|-164169.91939905938|-164168.83472807222|-164167.72483217838|-164166.62754873786|-164165.4545905773
934.4|1.0|0.8|0.0|-164294.1933037742|-164292.88160862692|-164291.51946366628|-164290.15731870563|-164288.74472393165
934.6|1.0|0.8|0.0|-164039.36576635373|-164038.24325800655|-164037.08291229935|-164035.92256659214|-164034.69915861826
934.8|1.0|0.8|0.0|-164369.2908660431|-164368.60979356276|-164367.8782712691|-164367.1467489754|-164366.37738932174
935.0|1.0|0.8|0.0|-164357.39497919983|-164356.33553311933|-164355.25086213215|-164354.19141605168|-164353.03107034447
935.2|1.0|0.8|0.0|-164225.51065799198|-164224.98093495172|-164224.37553719146|-164223.79536433786|-164223.1647416709
935.4|1.0|0.8|0.0|-163993.7322323039|-163992.74846094343|-163991.70162731627|-163990.6800185958|-163989.5953476086
935.6|1.0|0.8|0.0|-164095.03545752447|-164093.8246620039|-164092.56341667|-164091.3273962427|-164090.01570109543
935.8|1.0|0.8|0.0|-164209.87083329543|-164208.93751174834|-164207.96635284123|-164207.0078063874|-164205.98619766696
936.0|1.0|0.8|0.0|-164172.41890248068|-164171.67476773367|-164170.8549582666|-164170.0477612529|-164169.19011442584
936.2|1.0|0.8|0.0|-164302.22609410895|-164301.29277256186|-164300.29638874804|-164299.32522984094|-164298.29100866712
936.4|1.0|0.8|0.0|-164482.21827142587|-164481.1714377987|-164480.0489294515|-164478.9768709177|-164477.8291376638
936.6|1.0|0.8|0.0|-164282.90169153042|-164282.13233187672|-164281.27468504966|-164280.46748803594|-164279.5846163022
936.8|1.0|0.8|0.0|-164184.27890017154|-164183.24467899773|-164182.16000801054|-164181.10056193007|-164179.99066603623
937.0|1.0|0.8|0.0|-164302.73792768692|-164301.95595557988|-164301.12353365947|-164300.32894909912|-164299.44607736537
937.2|1.0|0.8|0.0|-163830.74649355156|-163829.53569803102|-163828.26184024377|-163827.00059490983|-163825.7015122159
937.4|1.0|0.8|0.0|-164035.03679339006|-164033.97734730956|-164032.84222650903|-164031.75755552185|-164030.571984908
937.6|1.0|0.8|0.0|-164200.5815277293|-164199.44640692876|-164198.26083631488|-164197.075265701|-164195.8518577271
937.8|1.0|0.8|0.0|-164105.01657716456|-164103.843619004|-164102.63282348344|-164101.4220279629|-164100.18600753564
938.0|1.0|0.8|0.0|-164070.97675383496|-164069.63983378097|-164068.25246391367|-164066.89031895302|-164065.45249927236
938.2|1.0|0.8|0.0|-164139.71066331616|-164138.6764421423|-164137.59177115516|-164136.50710016798|-164135.3593669141
938.4|1.0|0.8|0.0|-164082.32400062276|-164080.36907035517|-164078.33846536756|-164076.3204728333|-164074.27725539234
938.6|1.0|0.8|0.0|-164381.05179465248|-164379.9040613986|-164378.73110323807|-164377.55814507752|-164376.3221246503
938.8|1.0|0.8|0.0|-164319.28975325156|-164318.4447188778|-164317.5366222374|-164316.65375050367|-164315.7078165032
939.0|1.0|0.8|0.0|-164093.08733350076|-164092.28013648707|-164091.40987720664|-164090.56484283292|-164089.65674619252
939.2|1.0|0.8|0.0|-164183.2293638017|-164182.2960422546|-164181.29965844078|-164180.31588708033|-164179.29427835986
939.4|1.0|0.8|0.0|-164065.9228216836|-164064.39671482958|-164062.8075457088|-164061.24360149476|-164059.6039825607
939.6|1.0|0.8|0.0|-163896.8984562403|-163895.88945997314|-163894.804788986|-163893.74534290552|-163892.6228345583
939.8|1.0|0.8|0.0|-164079.26321400836|-164077.97674376777|-164076.65243616715|-164075.3407410199|-164073.96598360589
940.0|1.0|0.8|0.0|-163858.5200556655|-163857.6245714784|-163856.6912499313|-163855.77054083755|-163854.78676947707
940.2|1.0|0.8|0.0|-163636.02376630844|-163635.10305721467|-163634.13189830753|-163633.17335185377|-163632.15174313332
940.4|1.0|0.8|0.0|-164240.23595597674|-164238.88642346943|-164237.51166605548|-164236.1369086415|-164234.6990889608
940.6|1.0|0.8|0.0|-164354.0646374198|-164352.70249245918|-164351.28989768517|-164349.90252781785|-164348.45209568387
940.8|1.0|0.8|0.0|-164298.7694801144|-164297.83615856728|-164296.82716230015|-164295.85600339304|-164294.8217822192
941.0|1.0|0.8|0.0|-164040.3907610073|-164039.17996548675|-164037.9187201528|-164036.68269972556|-164035.37100457828
941.2|1.0|0.8|0.0|-164139.1919665257|-164137.59018495158|-164135.92534111082|-164134.28572217672|-164132.58304097594
941.4|1.0|0.8|0.0|-163945.07596623842|-163943.6507590111|-163942.16248951707|-163940.68683247638|-163939.17333807566
941.6|1.0|0.8|0.0|-163811.63620990957|-163810.66505100243|-163809.63082982862|-163808.59660865483|-163807.524550121
941.8|1.0|0.8|0.0|-164273.29690794452|-164271.70773882375|-164270.06811988965|-164268.45372586226|-164266.77626956813
942.0|1.0|0.8|0.0|-164084.63771333822|-164083.67916688445|-164082.65755816395|-164081.67378680353|-164080.614340723
942.2|1.0|0.8|0.0|-164014.59358347813|-164013.34495059756|-164012.03325545028|-164010.73417275635|-164009.38464024905
942.4|1.0|0.8|0.0|-163798.30027680926|-163797.55614206224|-163796.76155750183|-163795.99219784816|-163795.14716347444
942.6|1.0|0.8|0.0|-164222.35173312627|-164221.50669875252|-164220.59860211212|-164219.69050547166|-164218.75718392458
942.8|1.0|0.8|0.0|-164393.8432611795|-164392.9603894458|-164392.05229280534|-164391.14419616494|-164390.18564971114
943.0|1.0|0.8|0.0|-164335.81667542178|-164334.51759272785|-164333.16806022057|-164331.8311401666|-164330.43115784595
943.2|1.0|0.8|0.0|-164295.30948426292|-164294.3257129025|-164293.29149172865|-164292.28249546152|-164291.19782447437
943.4|1.0|0.8|0.0|-164379.02573225443|-164378.00412353393|-164376.91945254678|-164375.84739401293|-164374.7374981191
943.6|1.0|0.8|0.0|-164597.25963003456|-164596.64161982093|-164595.9605473406|-164595.29208731366|-164594.5731774733
943.8|1.0|0.8|0.0|-164421.8456289928|-164421.4924802993|-164421.08888179244|-164420.6852832856|-164420.2438474187
944.0|1.0|0.8|0.0|-164496.0348876109|-164495.1015660638|-164494.10518225|-164493.1340233429|-164492.1124146224
944.2|1.0|0.8|0.0|-164164.39637429843|-164163.3873780313|-164162.3279319508|-164161.3189356837|-164160.22165224317
944.4|1.0|0.8|0.0|-164448.4035985908|-164447.39460232368|-164446.38560605654|-164445.36399733607|-164444.29193880223
944.6|1.0|0.8|0.0|-164320.75025085043|-164319.75386703666|-164318.68180850285|-164317.64758732903|-164316.53769143517
944.8|1.0|0.8|0.0|-163812.17410948745|-163811.0389886869|-163809.86603052638|-163808.6804599125|-163807.44443948523
945.0|1.0|0.8|0.0|-163919.33471574195|-163918.6536432616|-163917.92212096794|-163917.21582358095|-163916.4590763806
945.2|1.0|0.8|0.0|-164132.69185291594|-164131.31709550196|-164129.89188827464|-164128.50451840734|-164127.04147382
945.4|1.0|0.8|0.0|-163951.27432408472|-163950.0761410175|-163948.80228323024|-163947.55365034964|-163946.2545676557
945.6|1.0|0.8|0.0|-163674.4798934886|-163673.0925236213|-163671.61686658062|-163670.19165935327|-163668.70338985923
945.8|1.0|0.8|0.0|-163371.53788879167|-163370.52889252454|-163369.44422153736|-163368.39738791023|-163367.3001044697
946.0|1.0|0.8|0.0|-163765.9501142305|-163765.05463004345|-163764.108696043|-163763.16276204254|-163762.17899068212
946.2|1.0|0.8|0.0|-163718.20368602878|-163717.5982882685|-163716.91721578818|-163716.2739806679|-163715.55507082754
946.4|1.0|0.8|0.0|-163753.71869294337|-163752.35654798275|-163750.9187283021|-163749.49352107476|-163748.01786403407
946.6|1.0|0.8|0.0|-163568.94909230436|-163567.77613414382|-163566.56533862327|-163565.36715555604|-163564.0932977688
946.8|1.0|0.8|0.0|-163655.67845707867|-163654.49288646478|-163653.25686603753|-163652.0586829703|-163650.7974376364
947.0|1.0|0.8|0.0|-163945.67567544218|-163944.79280370843|-163943.85948216132|-163942.9261606142|-163941.94238925376
947.2|1.0|0.8|0.0|-163930.313707275|-163928.901112501|-163927.43806791367|-163925.98763577966|-163924.4867538323
947.4|1.0|0.8|0.0|-163897.0260805895|-163895.27294957533|-163893.46936874784|-163891.691012827|-163889.83698218616
947.6|1.0|0.8|0.0|-164300.44930671455|-164299.1880613806|-164297.87636623334|-164296.56467108606|-164295.21513857876
947.8|1.0|0.8|0.0|-163877.29598479276|-163876.23653871228|-163875.12664281842|-163874.04197183123|-163872.89423857737
948.0|1.0|0.8|0.0|-163899.75832761326|-163898.98896795957|-163898.14393358582|-163897.33673657212|-163896.47908974506
948.2|1.0|0.8|0.0|-163874.01105819602|-163872.43450152862|-163870.79488259455|-163869.19310102047|-163867.51564472634
948.4|1.0|0.8|0.0|-164017.68979526838|-164016.88259825468|-164016.05017633428|-164015.2177544139|-164014.33488268018
948.6|1.0|0.8|0.0|-163929.96165062868|-163929.0661664416|-163928.12023244117|-163927.16168598738|-163926.17791462693
948.8|1.0|0.8|0.0|-163788.12035143402|-163786.78343138006|-163785.43389887275|-163784.0717539121|-163782.6843840448
949.0|1.0|0.8|0.0|-163603.82837962417|-163603.08424487716|-163602.27704786346|-163601.49507575642|-163600.662653836
949.2|1.0|0.8|0.0|-163860.81972886395|-163860.03775675694|-163859.2557846499|-163858.4485876362|-163857.60355326242
949.4|1.0|0.8|0.0|-163935.48682475847|-163934.2760292379|-163932.9895589973|-163931.74092611673|-163930.42923096946
949.6|1.0|0.8|0.0|-164147.77963936407|-164146.77064309694|-164145.68597210976|-164144.61391357594|-164143.49140522876
949.8|1.0|0.8|0.0|-164144.3548958132|-164143.8125603196|-164143.20716255932|-164142.62698970572|-164141.98375458544
950.0|1.0|0.8|0.0|-164222.3881446229|-164221.48004798248|-164220.53411398205|-164219.61340488825|-164218.61702107446
950.2|1.0|0.8|0.0|-164006.73455105576|-164006.0787034821|-164005.39763100178|-164004.71655852147|-164003.97242377445
950.4|1.0|0.8|0.0|-163771.03302305256|-163770.28888830554|-163769.46907883848|-163768.68710673144|-163767.84207235771
950.6|1.0|0.8|0.0|-164021.15821336073|-164019.4429197066|-164017.65195133246|-164015.88620786494|-164014.07001458408
950.8|1.0|0.8|0.0|-163904.1016399405|-163903.45840482018|-163902.7647198865|-163902.0836474062|-163901.35212511255
951.0|1.0|0.8|0.0|-163729.645396385|-163728.49766313113|-163727.2994800639|-163726.11390944998|-163724.87788902275
951.2|1.0|0.8|0.0|-163809.28042676876|-163808.34710522165|-163807.33810895451|-163806.3669500474|-163805.32011642028
951.4|1.0|0.8|0.0|-163915.72129366812|-163914.5861728676|-163913.37537734702|-163912.16458182645|-163910.94117385257
951.6|1.0|0.8|0.0|-163812.67231475151|-163811.87773019113|-163811.00747091073|-163810.17504899035|-163809.26695234992
951.8|1.0|0.8|0.0|-164045.62361659502|-164044.98038147474|-164044.2866965411|-164043.6182365141|-164042.87410176708
952.0|1.0|0.8|0.0|-163854.69629794604|-163853.876488479|-163853.0062291986|-163852.14858237153|-163851.2404857311
952.2|1.0|0.8|0.0|-163985.52309800923|-163984.0978907819|-163982.62223374122|-163981.1339642472|-163979.62046984647
952.4|1.0|0.8|0.0|-164317.6013574568|-164316.46623665624|-164315.26805358904|-164314.0698705218|-164312.83385009455
952.6|1.0|0.8|0.0|-164107.2112764407|-164105.95003110677|-164104.6131110528|-164103.3266408122|-164101.9392709449
952.8|1.0|0.8|0.0|-163865.86615221034|-163864.63013178308|-163863.3436615425|-163862.09502866192|-163860.75810860793
953.0|1.0|0.8|0.0|-163890.5957617812|-163889.71289004746|-163888.80479340703|-163887.8966967666|-163886.93815031284
953.2|1.0|0.8|0.0|-164084.49177338317|-164083.49538956938|-164082.42333103553|-164081.38910986175|-164080.29182642122
953.4|1.0|0.8|0.0|-163878.38103797488|-163877.62429077455|-163876.8297062142|-163876.0603465605|-163875.21531218674
953.6|1.0|0.8|0.0|-163989.6733262401|-163988.63910506628|-163987.54182162578|-163986.46976309194|-163985.34725474476
953.8|1.0|0.8|0.0|-164336.16497361645|-164335.09291508264|-164333.93256937544|-164332.8226734816|-164331.63710286768
954.0|1.0|0.8|0.0|-164203.53780479604|-164202.91979458244|-164202.22610964876|-164201.58287452848|-164200.86396468812
954.2|1.0|0.8|0.0|-164573.86737772325|-164573.03495580284|-164572.13947161578|-164571.26921233535|-164570.33589078824
954.4|1.0|0.8|0.0|-164224.57376138595|-164223.7413394656|-164222.84585527852|-164221.97559599808|-164221.04227445097
954.6|1.0|0.8|0.0|-164642.7198120285|-164641.73604066807|-164640.72704440093|-164639.73066058714|-164638.68382695998
954.8|1.0|0.8|0.0|-164328.3429576793|-164327.37179877216|-164326.3501900517|-164325.34119378458|-164324.28174770408
955.0|1.0|0.8|0.0|-164368.37779613238|-164367.28051269188|-164366.1075545313|-164364.9472088241|-164363.73641330353
955.2|1.0|0.8|0.0|-164461.37821682458|-164460.3818330108|-164459.33499938363|-164458.31339066316|-164457.22871967597
955.4|1.0|0.8|0.0|-164268.08631055013|-164266.77461540286|-164265.4124704422|-164264.0629379349|-164262.6755680676
955.6|1.0|0.8|0.0|-164196.24430204558|-164195.13440615174|-164193.97406044454|-164192.81371473733|-164191.62814412345
955.8|1.0|0.8|0.0|-164193.12538703333|-164191.9398164194|-164190.6785710855|-164189.46777556493|-164188.18130532434
956.0|1.0|0.8|0.0|-164315.36720280905|-164313.81587104834|-164312.18886456758|-164310.58708299353|-164308.92223915274
956.2|1.0|0.8|0.0|-164368.2615430805|-164366.84894830652|-164365.41112862586|-164363.97330894516|-164362.47242699782
956.4|1.0|0.8|0.0|-164120.6060648796|-164119.281757279|-164117.90699986502|-164116.57007981106|-164115.15748503705
956.6|1.0|0.8|0.0|-164301.58204575136|-164300.73701137764|-164299.8541396439|-164298.97126791012|-164298.03794636304
956.8|1.0|0.8|0.0|-163920.57210283537|-163919.5883314749|-163918.55411030108|-163917.54511403394|-163916.47305550013
957.0|1.0|0.8|0.0|-164252.8397278413|-164251.76766930745|-164250.63254850692|-164249.51004015972|-164248.33708199917
957.2|1.0|0.8|0.0|-164376.7586416204|-164375.93883215333|-164375.06857287296|-164374.19831359253|-164373.27760449878
957.4|1.0|0.8|0.0|-164299.20671909157|-164298.17249791775|-164297.11305183725|-164296.07883066343|-164294.95632231623
957.6|1.0|0.8|0.0|-164316.1056365573|-164315.5254637037|-164314.89484103673|-164314.26421836976|-164313.59575834282
957.8|1.0|0.8|0.0|-164367.3769936843|-164366.39322232382|-164365.32116379|-164364.27433016285|-164363.18965917567
958.0|1.0|0.8|0.0|-163987.76408187285|-163986.78031051235|-163985.74608933856|-163984.73709307142|-163983.66503453758
958.2|1.0|0.8|0.0|-164358.13761829832|-164356.63673635095|-164355.0727921369|-164353.55929773618|-164351.95751616207
958.4|1.0|0.8|0.0|-164349.94977313527|-164349.0542889482|-164348.10835494776|-164347.1624209473|-164346.16603713352
958.6|1.0|0.8|0.0|-164485.68947655667|-164484.89489199631|-164484.0246327159|-164483.19221079553|-164482.2841141551
958.8|1.0|0.8|0.0|-164383.159670452|-164382.5668851451|-164381.93626247812|-164381.30563981115|-164380.6119548775
959.0|1.0|0.8|0.0|-164307.1923510646|-164306.10768007743|-164304.9725592769|-164303.86266338307|-164302.70231767584
959.2|1.0|0.8|0.0|-164422.30043501046|-164421.68242479683|-164420.98873986318|-164420.33289228953|-164419.61398244923
959.4|1.0|0.8|0.0|-164420.69823133433|-164419.6766226139|-164418.5919516267|-164417.50728063952|-164416.39738474565
959.6|1.0|0.8|0.0|-164294.31686070538|-164293.1943523582|-164292.02139419765|-164290.8484360371|-164289.63764051654
959.8|1.0|0.8|0.0|-164300.67896375965|-164299.39249351903|-164298.0681859184|-164296.74387831782|-164295.38173335718
960.0|1.0|0.8|0.0|-164407.30464428934|-164406.24519820884|-164405.16052722168|-164404.0758562345|-164402.9155105273
960.2|1.0|0.8|0.0|-164423.47380947022|-164422.7296747232|-164421.93509016282|-164421.1531180558|-164420.3206961354
960.4|1.0|0.8|0.0|-164465.87576971474|-164464.67758664754|-164463.4163413136|-164462.1550959797|-164460.8434008324
960.6|1.0|0.8|0.0|-164327.7862159278|-164326.86550683403|-164325.8565105669|-164324.87273920642|-164323.8259055793
960.8|1.0|0.8|0.0|-164551.9347366723|-164551.39240117872|-164550.7870034184|-164550.2068305648|-164549.55098299115
961.0|1.0|0.8|0.0|-164264.04287675142|-164263.2987420044|-164262.5167698974|-164261.73479779036|-164260.90237586995
961.2|1.0|0.8|0.0|-164763.47614824047|-164762.59327650676|-164761.65995495964|-164760.72663341253|-164759.76808695876
961.4|1.0|0.8|0.0|-164572.99264561976|-164572.10977388604|-164571.17645233893|-164570.25574324516|-164569.28458433805
961.6|1.0|0.8|0.0|-164685.89089811532|-164684.99541392823|-164684.0494799278|-164683.14138328735|-164682.15761192693
961.8|1.0|0.8|0.0|-164341.82881025888|-164340.66846455168|-164339.43244412442|-164338.22164860385|-164336.9477908166
962.0|1.0|0.8|0.0|-164553.7385026363|-164552.76734372915|-164551.73312255536|-164550.72412628823|-164549.6646802077
962.2|1.0|0.8|0.0|-164740.3772852463|-164739.28000180578|-164738.14488100525|-164737.02237265807|-164735.84941449753
962.4|1.0|0.8|0.0|-164334.08741739776|-164333.2297705707|-164332.2964490236|-164331.3883523832|-164330.42980592942
962.6|1.0|0.8|0.0|-164659.9677587554|-164659.6650598753|-164659.31191118178|-164658.95876248827|-164658.5803888881
962.8|1.0|0.8|0.0|-164153.42892435822|-164152.8487515046|-164152.20551638433|-164151.57489371736|-164150.89382123706
963.0|1.0|0.8|0.0|-164518.4857704332|-164517.23713755264|-164515.92544240537|-164514.63897216477|-164513.27682720413
963.2|1.0|0.8|0.0|-164140.6599396068|-164139.7518429664|-164138.7680716059|-164137.83475005883|-164136.800528885
963.4|1.0|0.8|0.0|-164386.35053065466|-164385.77035780106|-164385.1397351341|-164384.50911246712|-164383.8280399868
963.6|1.0|0.8|0.0|-164121.6055256199|-164120.83616596623|-164119.9911315925|-164119.17132212545|-164118.2884503917
963.8|1.0|0.8|0.0|-164228.65495214122|-164227.50721888736|-164226.30903582013|-164225.13607765958|-164223.90005723233
964.0|1.0|0.8|0.0|-164158.65107816755|-164158.17180494065|-164157.6420819004|-164157.11235886015|-164156.57002336657
964.2|1.0|0.8|0.0|-164015.38018835164|-164014.2702924578|-164013.07210939057|-164011.89915123003|-164010.67574325614
964.4|1.0|0.8|0.0|-163938.16850227446|-163937.4369799808|-163936.6297829671|-163935.84781086005|-163935.01538893968
964.6|1.0|0.8|0.0|-164003.55760286973|-164002.86391793605|-164002.09455828238|-164001.35042353536|-164000.555838975
964.8|1.0|0.8|0.0|-164289.08438726005|-164288.49160195314|-164287.8483668328|-164287.24296907254|-164286.57450904555
965.0|1.0|0.8|0.0|-164255.64708666553|-164254.62547794508|-164253.5408069579|-164252.4813608774|-164251.37146498356
965.2|1.0|0.8|0.0|-164181.26274956795|-164180.15285367408|-164178.99250796688|-164177.85738716638|-164176.65920409915
965.4|1.0|0.8|0.0|-164237.655120828|-164237.01188570767|-164236.31820077405|-164235.63712829372|-164234.90560600004
965.6|1.0|0.8|0.0|-164242.3847908302|-164241.56498136313|-164240.70733453607|-164239.849687709|-164238.95420352192
965.8|1.0|0.8|0.0|-164347.5174363372|-164346.7102393235|-164345.87781740312|-164345.02017057603|-164344.1372988423
966.0|1.0|0.8|0.0|-164009.14768259818|-164008.34048558446|-164007.4828387574|-164006.63780438367|-164005.75493264993
966.2|1.0|0.8|0.0|-164150.07993124108|-164149.67633273423|-164149.20967196068|-164148.7556236405|-164148.26373796022
966.4|1.0|0.8|0.0|-164321.621824286|-164320.82723972562|-164319.96959289856|-164319.13717097815|-164318.25429924444
966.6|1.0|0.8|0.0|-164283.0669107389|-164282.20926391185|-164281.27594236474|-164280.36784572434|-164279.3966868172
966.8|1.0|0.8|0.0|-164547.94748481104|-164546.79975155718|-164545.60156848995|-164544.41599787606|-164543.16736499546
967.0|1.0|0.8|0.0|-164680.1283871825|-164679.3211901688|-164678.43831843507|-164677.59328406135|-164676.67257496758
967.2|1.0|0.8|0.0|-164698.3448482527|-164697.0079281987|-164695.59533342472|-164694.22057601073|-164692.77014387675
967.4|1.0|0.8|0.0|-164454.137014907|-164453.06495637313|-164451.90461066592|-164450.76948986543|-164449.6091441582
967.6|1.0|0.8|0.0|-164444.5413483856|-164443.38100267836|-164442.1449822511|-164440.93418673056|-164439.67294139665
967.8|1.0|0.8|0.0|-164595.59045883865|-164594.82109918498|-164594.0012897179|-164593.19409270422|-164592.3490583305
968.0|1.0|0.8|0.0|-164719.39574385283|-164718.3867475857|-164717.31468905188|-164716.242630518|-164715.13273462417
968.2|1.0|0.8|0.0|-164596.26648370107|-164595.408836874|-164594.48812778026|-164593.59264359318|-164592.62148468604
968.4|1.0|0.8|0.0|-164602.34783069234|-164601.28838461183|-164600.16587626463|-164599.06859282416|-164597.92085957027
968.6|1.0|0.8|0.0|-164830.99121352896|-164829.52816894162|-164828.0146745409|-164826.5011801402|-164824.93723592613
968.8|1.0|0.8|0.0|-164920.86526764324|-164919.71753438938|-164918.51935132215|-164917.3463931616|-164916.11037273437
969.0|1.0|0.8|0.0|-164857.49809284738|-164856.80440791373|-164856.07288562006|-164855.32875087304|-164854.546778766
969.2|1.0|0.8|0.0|-164538.1957683472|-164537.46424605354|-164536.66966149316|-164535.88768938612|-164535.05526746577
969.4|1.0|0.8|0.0|-164573.34008741967|-164572.23019152583|-164571.06984581862|-164569.90950011142|-164568.69870459085
969.6|1.0|0.8|0.0|-164524.1767443034|-164522.9785612362|-164521.7551532623|-164520.5317452884|-164519.23266259444
969.8|1.0|0.8|0.0|-164992.03740252386|-164991.0788560701|-164990.06985980296|-164989.07347598916|-164988.026642362
970.0|1.0|0.8|0.0|-164801.47036625387|-164800.58749452012|-164799.62894806633|-164798.69562651924|-164797.7118551588
970.2|1.0|0.8|0.0|-165034.47282924247|-165033.27464617524|-165032.01340084133|-165030.77738041407|-165029.47829772014
970.4|1.0|0.8|0.0|-164812.34230103227|-164810.95493116495|-164809.4918865776|-164808.0414544436|-164806.54057249622
970.6|1.0|0.8|0.0|-165045.5186117822|-165044.37087852834|-165043.16008300777|-165041.99973730056|-165040.73849196662
970.8|1.0|0.8|0.0|-164954.28686188097|-164953.25264070716|-164952.16796972|-164951.07068627948|-164949.9481779323
971.0|1.0|0.8|0.0|-164928.43326088466|-164927.24769027077|-164926.01166984354|-164924.7756494163|-164923.4891791757
971.2|1.0|0.8|0.0|-165076.71145966777|-165075.27363998708|-165073.78537049305|-165072.3223259057|-165070.78360659833
971.4|1.0|0.8|0.0|-165102.6591640948|-165101.36008140087|-165100.0231613469|-165098.68624129295|-165097.31148387896
971.6|1.0|0.8|0.0|-164600.3465930919|-164599.123185118|-164597.84932733074|-164596.58808199683|-164595.25116194284
971.8|1.0|0.8|0.0|-164794.61029712507|-164794.1057989915|-164793.53823859125|-164793.00851555102|-164792.4031177907
972.0|1.0|0.8|0.0|-164618.26585479593|-164617.4838826889|-164616.6514607685|-164615.8190388481|-164614.93616711436
972.2|1.0|0.8|0.0|-164313.93850628196|-164313.16914662826|-164312.3367247079|-164311.51691524085|-164310.65926841376
972.4|1.0|0.8|0.0|-164350.04976410914|-164349.24256709544|-164348.38492026835|-164347.52727344132|-164346.6191768009
972.6|1.0|0.8|0.0|-164307.9998446762|-164307.23048502253|-164306.41067555547|-164305.60347854177|-164304.74583171468
972.8|1.0|0.8|0.0|-164460.2114054439|-164459.60600768364|-164458.95016011|-164458.3069249897|-164457.6006276027
973.0|1.0|0.8|0.0|-164745.7134616344|-164744.54050347384|-164743.3044830466|-164742.11891243272|-164740.85766709878
973.2|1.0|0.8|0.0|-164288.63300638602|-164287.46004822545|-164286.23664025156|-164285.025844731|-164283.76459939708
973.4|1.0|0.8|0.0|-164628.04259148322|-164627.0588201228|-164626.01198649564|-164625.00299022847|-164623.91831924132
973.6|1.0|0.8|0.0|-164428.5772151419|-164427.2529075413|-164425.865537674|-164424.5160051667|-164423.10341039268
973.8|1.0|0.8|0.0|-164328.77529659064|-164327.52666371007|-164326.1897436561|-164324.90327341552|-164323.52851600153
974.0|1.0|0.8|0.0|-164242.0515405107|-164241.1182189636|-164240.1218351498|-164239.125451336|-164238.10384261553
974.2|1.0|0.8|0.0|-164643.4035560092|-164642.243210302|-164641.03241478142|-164639.82161926085|-164638.56037392694
974.4|1.0|0.8|0.0|-164333.81810528898|-164332.96045846192|-164332.0523618215|-164331.16949008775|-164330.2235560873
974.6|1.0|0.8|0.0|-164030.1270686636|-164028.8658233297|-164027.54151572907|-164026.25504548845|-164024.8929005278
974.8|1.0|0.8|0.0|-164002.5877200526|-164001.41476189205|-164000.1787414648|-163998.95533349089|-163997.69408815698
975.0|1.0|0.8|0.0|-163841.09058729446|-163840.4599646275|-163839.77889214718|-163839.1230445735|-163838.39152227985
975.2|1.0|0.8|0.0|-164221.60830453847|-164220.9776818715|-164220.2713844845|-164219.56508709752|-164218.83356480385
975.4|1.0|0.8|0.0|-164174.109805263|-164173.76926902283|-164173.37828296932|-164172.99990936913|-164172.5710859556
975.6|1.0|0.8|0.0|-164161.51449724103|-164160.46766361388|-164159.35776772004|-164158.29832163954|-164157.163200839
975.8|1.0|0.8|0.0|-164190.17479851|-164189.40543885634|-164188.56040448262|-164187.74059501555|-164186.8577232818
976.0|1.0|0.8|0.0|-164289.91130791238|-164289.19239807205|-164288.39781351166|-164287.6410663113|-164286.82125684427
976.2|1.0|0.8|0.0|-164340.35693075092|-164339.6758582706|-164338.96956088362|-164338.26326349663|-164337.50651629627
976.4|1.0|0.8|0.0|-164084.02638380977|-164083.0426124493|-164082.02100372885|-164081.02461991503|-164079.9525613812
976.6|1.0|0.8|0.0|-164349.75806432744|-164348.6860057936|-164347.53827253974|-164346.40315173918|-164345.20496867195
976.8|1.0|0.8|0.0|-164247.46585425455|-164246.82261913427|-164246.1037092939|-164245.41002436026|-164244.67850206658
977.0|1.0|0.8|0.0|-164682.25025177424|-164681.07729361366|-164679.84127318644|-164678.6304776659|-164677.3566198786
977.2|1.0|0.8|0.0|-164130.5474369851|-164129.651952798|-164128.69340634425|-164127.77269725048|-164126.77631343665
977.4|1.0|0.8|0.0|-164365.5426676013|-164364.47060906747|-164363.34810072026|-164362.2382048264|-164361.0778591192
977.6|1.0|0.8|0.0|-164543.02734079142|-164542.24536868438|-164541.3877218573|-164540.56791239025|-164539.6850406565
977.8|1.0|0.8|0.0|-164227.07345214335|-164226.45544192972|-164225.78698190273|-164225.1311343291|-164224.42483694208
978.0|1.0|0.8|0.0|-164290.76723901925|-164289.44293141863|-164288.08078645798|-164286.74386640402|-164285.33127163
978.2|1.0|0.8|0.0|-164299.30586992987|-164298.72569707627|-164298.06984950264|-164297.4266143823|-164296.73292944866
978.4|1.0|0.8|0.0|-164238.5386113804|-164237.22691623314|-164235.8647712725|-164234.51523876522|-164233.11525644455
978.6|1.0|0.8|0.0|-164224.66725918412|-164223.6078131036|-164222.49791720975|-164221.40063376923|-164220.2529005154
978.8|1.0|0.8|0.0|-164130.15729125484|-164129.1482949877|-164128.08884890724|-164127.0546277334|-164125.9573442929
979.0|1.0|0.8|0.0|-164254.08725776593|-164252.83862488536|-164251.51431728475|-164250.22784704415|-164248.8657020835
979.2|1.0|0.8|0.0|-164513.39315848894|-164512.86343544867|-164512.28326259507|-164511.7409271015|-164511.12291688786
979.4|1.0|0.8|0.0|-164581.04635820046|-164580.11303665335|-164579.14187774624|-164578.17071883913|-164577.161722572
979.6|1.0|0.8|0.0|-164429.3311569831|-164428.34738562262|-164427.32577690217|-164426.30416818167|-164425.2447221012
979.8|1.0|0.8|0.0|-164177.65038360757|-164176.56571262042|-164175.4305918199|-164174.32069592603|-164173.1477377655
980.0|1.0|0.8|0.0|-164299.92811873124|-164298.60381113066|-164297.22905371664|-164295.85429630268|-164294.44170152867
980.2|1.0|0.8|0.0|-164220.96742081494|-164219.3782516942|-164217.70079540007|-164216.061176466|-164214.37110771853
980.4|1.0|0.8|0.0|-164409.27134916937|-164407.9344291154|-164406.55967170146|-164405.21013919413|-164403.7723195135
980.6|1.0|0.8|0.0|-164577.82075687236|-164576.52167417842|-164575.1595292178|-164573.82260916385|-164572.44785174986
980.8|1.0|0.8|0.0|-164296.21092746026|-164294.76049532628|-164293.27222583222|-164291.79656879153|-164290.25784948416
981.0|1.0|0.8|0.0|-164200.36234194206|-164199.2524460482|-164198.09210034096|-164196.95697954047|-164195.77140892655
981.2|1.0|0.8|0.0|-164273.44284503264|-164272.38339895214|-164271.26089060496|-164270.15099471112|-164269.00326145726
981.4|1.0|0.8|0.0|-164193.03845499517|-164191.87810928797|-164190.69253867408|-164189.51958051353|-164188.29617253962
981.6|1.0|0.8|0.0|-164199.4046694863|-164198.57224756593|-164197.67676337884|-164196.7938916451|-164195.860570098
981.8|1.0|0.8|0.0|-164420.85576581492|-164419.93505672118|-164418.95128536073|-164417.96751400025|-164416.95851773312
982.0|1.0|0.8|0.0|-164333.62803852095|-164332.3794056404|-164331.0677104931|-164329.76862779917|-164328.4317077452
982.2|1.0|0.8|0.0|-164291.09237316382|-164290.36085087014|-164289.5788787631|-164288.79690665606|-164287.98970964237
982.4|1.0|0.8|0.0|-164465.6270467344|-164464.59282556057|-164463.49554212004|-164462.43609603957|-164461.30097523905
982.6|1.0|0.8|0.0|-164172.63620454498|-164171.40018411772|-164170.12632633047|-164168.85246854322|-164167.54077339591
982.8|1.0|0.8|0.0|-164418.89435599308|-164417.92319708597|-164416.88897591215|-164415.89259209833|-164414.82053356452
983.0|1.0|0.8|0.0|-164375.99310623686|-164374.44177447612|-164372.81476799535|-164371.21298642128|-164369.56075503383
983.2|1.0|0.8|0.0|-164111.00031873927|-164109.90303529878|-164108.76791449822|-164107.6580186044|-164106.4724479905
983.4|1.0|0.8|0.0|-164301.12455114824|-164299.58583184087|-164297.99666272014|-164296.43271850605|-164294.79309957195
983.6|1.0|0.8|0.0|-164360.27695730914|-164359.72200936222|-164359.1039991486|-164358.48598893496|-164357.83014136134
983.8|1.0|0.8|0.0|-164263.283922641|-164261.88394032035|-164260.43350818634|-164258.99568850565|-164257.4948065583
984.0|1.0|0.8|0.0|-164205.35492445398|-164204.0053919467|-164202.59279717272|-164201.21803975874|-164199.76760762473
984.2|1.0|0.8|0.0|-163778.00258799185|-163776.7917924713|-163775.50532223072|-163774.25668935012|-163772.9576066562
984.4|1.0|0.8|0.0|-164301.61093822066|-164300.1857309933|-164298.722686406|-164297.272254272|-164295.75875987127
984.6|1.0|0.8|0.0|-164222.33849408868|-164221.21598574147|-164220.04302758095|-164218.89529432706|-164217.6844988065
984.8|1.0|0.8|0.0|-164458.8836241303|-164458.22777655665|-164457.50886671632|-164456.81518178267|-164456.05843458232
985.0|1.0|0.8|0.0|-163966.26992012112|-163965.6519099075|-163964.98344988053|-163964.34021476022|-163963.63391737326
985.2|1.0|0.8|0.0|-164169.9302407846|-164168.98430678414|-164167.975310517|-164166.97892670322|-164165.93209307606
985.4|1.0|0.8|0.0|-164282.75646454972|-164281.55828148252|-164280.30964860192|-164279.08624062804|-164277.78715793407
985.6|1.0|0.8|0.0|-164155.61240334215|-164153.89710968803|-164152.13136622054|-164150.3782352064|-164148.56204192556
985.8|1.0|0.8|0.0|-163883.48347790813|-163882.09610804083|-163880.68351326682|-163879.2583060395|-163877.7826489988
986.0|1.0|0.8|0.0|-164242.7247917499|-164242.28335588303|-164241.80408265616|-164241.32480942926|-164240.80769884237
986.2|1.0|0.8|0.0|-164009.15205162094|-164008.15566780712|-164007.10883417996|-164006.0620005528|-164004.9647171123
986.4|1.0|0.8|0.0|-164296.549388171|-164295.71696625065|-164294.84670697022|-164293.9764476898|-164293.05573859604
986.6|1.0|0.8|0.0|-164221.1883641299|-164220.40639202285|-164219.52352028913|-164218.69109836873|-164217.79561418164
986.8|1.0|0.8|0.0|-164098.9628834681|-164097.65118832083|-164096.28904336022|-164094.95212330626|-164093.5521409856
987.0|1.0|0.8|0.0|-164292.564042225|-164291.47937123783|-164290.34425043734|-164289.2091296368|-164288.03617147624
987.2|1.0|0.8|0.0|-164174.8883256736|-164173.94239167313|-164172.98384521937|-164172.0000738589|-164170.97846513844
987.4|1.0|0.8|0.0|-164049.92145872992|-164048.584538676|-164047.19716880866|-164045.80979894134|-164044.39720416736
987.6|1.0|0.8|0.0|-164169.46562000085|-164167.90167578676|-164166.28728175937|-164164.6981126386|-164163.0584937045
987.8|1.0|0.8|0.0|-164175.87274629713|-164174.64933832324|-164173.3880929893|-164172.13946010874|-164170.82776496143
988.0|1.0|0.8|0.0|-164267.11516193245|-164265.9422037719|-164264.73140825136|-164263.5206127308|-164262.2719798502
988.2|1.0|0.8|0.0|-164127.90473770007|-164126.3660183927|-164124.75162436528|-164123.1876801512|-164121.54806121712
988.4|1.0|0.8|0.0|-164084.5202972802|-164083.38517647967|-164082.17438095913|-164080.9888103452|-164079.75278991798
988.6|1.0|0.8|0.0|-164474.32128487405|-164473.55192522035|-164472.70689084663|-164471.89969383294|-164471.02943455253
988.8|1.0|0.8|0.0|-164199.67239554625|-164198.5624996524|-164197.4021539452|-164196.22919578466|-164195.01840026412
989.0|1.0|0.8|0.0|-164206.93690780233|-164206.10448588195|-164205.22161414823|-164204.3513548678|-164203.4180333207
989.2|1.0|0.8|0.0|-164225.95648743788|-164224.99794098412|-164224.0015571703|-164223.0051733565|-164221.9709521827
989.4|1.0|0.8|0.0|-164418.54864992766|-164417.56487856718|-164416.53065739336|-164415.50904867292|-164414.43699013907
989.6|1.0|0.8|0.0|-164141.79888081117|-164140.789884544|-164139.70521355685|-164138.64576747635|-164137.5358715825
989.8|1.0|0.8|0.0|-164354.2031969177|-164353.54734934404|-164352.8284395037|-164352.1473670234|-164351.41584472972
990.0|1.0|0.8|0.0|-164452.6055578702|-164451.30647517627|-164449.94433021563|-164448.6074101617|-164447.22004029437
990.2|1.0|0.8|0.0|-164383.38813467967|-164381.91247763898|-164380.3989832383|-164378.8981012909|-164377.33415707687
990.4|1.0|0.8|0.0|-164426.2212524528|-164425.38883053244|-164424.53118370537|-164423.67353687828|-164422.76544023785
990.6|1.0|0.8|0.0|-164471.9737489166|-164470.52331678255|-164469.0224348352|-164467.54677779452|-164466.0206709405
990.8|1.0|0.8|0.0|-164548.7913767807|-164547.74454315353|-164546.62203480635|-164545.51213891248|-164544.35179320528
991.0|1.0|0.8|0.0|-164348.36978640224|-164346.93196672158|-164345.45630968089|-164344.00587754685|-164342.49238314616
991.2|1.0|0.8|0.0|-164227.70611050515|-164226.45747762456|-164225.13317002394|-164223.83408733003|-164222.49716727607
991.4|1.0|0.8|0.0|-164291.5377368549|-164290.88188928127|-164290.17559189428|-164289.4692945073|-164288.73777221362
991.6|1.0|0.8|0.0|-164431.15007588788|-164429.98973018068|-164428.7789346601|-164427.58075159288|-164426.31950625894
991.8|1.0|0.8|0.0|-164517.65889334152|-164516.92737104787|-164516.09494912747|-164515.3382019271|-164514.48055510005
992.0|1.0|0.8|0.0|-164472.91223877217|-164472.10504175848|-164471.2473949314|-164470.414973011|-164469.50687637058
992.2|1.0|0.8|0.0|-164551.1094494753|-164550.5545015284|-164549.9491037681|-164549.35631846116|-164548.71308334084
992.4|1.0|0.8|0.0|-164520.61535773086|-164520.1865343173|-164519.68203618377|-164519.2153754102|-164518.6730399166
992.6|1.0|0.8|0.0|-164319.83333097733|-164319.10180868366|-164318.29461166996|-164317.52525201626|-164316.6676051892
992.8|1.0|0.8|0.0|-164422.13560543797|-164421.21489634423|-164420.21851253044|-164419.2473536233|-164418.21313244948
993.0|1.0|0.8|0.0|-164466.25267419935|-164465.59682662573|-164464.8905292387|-164464.18423185174|-164463.45270955804
993.2|1.0|0.8|0.0|-164526.65371324084|-164525.82129132046|-164524.95103204006|-164524.09338521297|-164523.17267611923
993.4|1.0|0.8|0.0|-164596.7654800908|-164596.16008233052|-164595.49162230355|-164594.84838718324|-164594.1294773429
993.6|1.0|0.8|0.0|-164409.32253545072|-164408.67930033043|-164407.9730029434|-164407.27931800977|-164406.5477957161
993.8|1.0|0.8|0.0|-164310.3526140979|-164309.41929255085|-164308.4102962837|-164307.4265249232|-164306.37969129605
994.0|1.0|0.8|0.0|-163721.86815374362|-163720.6699706764|-163719.40872534248|-163718.17270491525|-163716.88623467463
994.2|1.0|0.8|0.0|-164116.91479223204|-164115.76705897818|-164114.5814883643|-164113.3959177504|-164112.17250977652
994.4|1.0|0.8|0.0|-164089.17573909787|-164088.26764245745|-164087.29648355034|-164086.3253246432|-164085.3163283761
994.6|1.0|0.8|0.0|-164220.6731776125|-164219.63895643866|-164218.5542854515|-164217.46961446432|-164216.34710611714
994.8|1.0|0.8|0.0|-163771.96389959994|-163770.2864433058|-163768.5711496517|-163766.88108090422|-163765.1279498901
995.0|1.0|0.8|0.0|-163902.57828228446|-163901.29181204387|-163899.92966708323|-163898.61797193595|-163897.23060206865
995.2|1.0|0.8|0.0|-163878.14510400913|-163876.90908358188|-163875.6226133413|-163874.34875555403|-163873.0244479534
995.4|1.0|0.8|0.0|-164376.8654496347|-164376.05825262098|-164375.17538088723|-164374.31773406017|-164373.40963741974
995.6|1.0|0.8|0.0|-164512.7748910091|-164511.841569462|-164510.8451856482|-164509.86141428773|-164508.82719311392
995.8|1.0|0.8|0.0|-164516.96000166354|-164516.0771299298|-164515.13119592934|-164514.2104868356|-164513.2141030218
996.0|1.0|0.8|0.0|-164306.76085431225|-164305.80230785845|-164304.76808668463|-164303.75909041747|-164302.699644337
996.2|1.0|0.8|0.0|-164177.9607736328|-164176.9896147257|-164175.95539355188|-164174.9337848314|-164173.86172629756
996.4|1.0|0.8|0.0|-164596.53722566934|-164595.7300286556|-164594.87238182858|-164594.0147350015|-164593.10663836106
996.6|1.0|0.8|0.0|-164474.5318892979|-164473.4976681241|-164472.38777223023|-164471.3157136964|-164470.16798044255
996.8|1.0|0.8|0.0|-164317.55372525504|-164316.8726527747|-164316.11590557438|-164315.35915837402|-164314.577186267
997.0|1.0|0.8|0.0|-164327.50471907074|-164326.71013451036|-164325.86510013664|-164325.04529066957|-164324.16241893586
997.2|1.0|0.8|0.0|-164549.64921534542|-164548.60238171826|-164547.49248582442|-164546.38258993058|-164545.22224422338
997.4|1.0|0.8|0.0|-164772.04817188604|-164771.43016167244|-164770.74908919213|-164770.09324161848|-164769.37433177815
997.6|1.0|0.8|0.0|-164799.96993330918|-164799.03661176207|-164798.0528404016|-164797.06906904114|-164796.03484786733
997.8|1.0|0.8|0.0|-165022.5292849329|-165021.4067765857|-165020.23381842516|-165019.07347271795|-165017.8626771974
998.0|1.0|0.8|0.0|-164611.47110361996|-164610.46210735285|-164609.37743636564|-164608.31799028514|-164607.19548193793
998.2|1.0|0.8|0.0|-164937.83451895628|-164936.92642231588|-164935.9426509554|-164934.98410450164|-164933.98772068784
998.4|1.0|0.8|0.0|-164600.5340122011|-164599.47456612065|-164598.38989513344|-164597.29261169292|-164596.14487843908
998.6|1.0|0.8|0.0|-164615.7824682882|-164614.65995994103|-164613.44916442048|-164612.26359380657|-164611.02757337934
998.8|1.0|0.8|0.0|-164249.21773632127|-164248.56188874764|-164247.86820381397|-164247.16190642698|-164246.40515922665
999.0|1.0|0.8|0.0|-164487.8402517065|-164487.13395431952|-164486.36459466582|-164485.60784746546|-164484.80065045174
999.2|1.0|0.8|0.0|-164543.71341999923|-164542.98189770555|-164542.21253805186|-164541.46840330484|-164540.66120629114
999.4|1.0|0.8|0.0|-164211.7929068789|-164210.67039853169|-164209.47221546446|-164208.31186975725|-164207.07584933
999.6|1.0|0.8|0.0|-164200.9658870345|-164199.85599114065|-164198.70825788678|-164197.57313708623|-164196.374954019
999.8|1.0|0.8|0.0|-164067.62703033234|-164066.11353593162|-164064.53697926423|-164062.96042259684|-164061.34602856942
