times(ps)|lambda_restraints|lambda_electrostatics|lambda_sterics|(1.0, 0.84, 0.0)|(1.0, 0.86, 0.0)|(1.0, 0.88, 0.0)|(1.0, 0.9, 0.0)|(1.0, 0.92, 0.0)
0.0|1.0|0.88|0.0|-164217.5655969198|-164217.30073539968|-164217.04848633287|-164216.72056254608|-164216.4430885726
0.2|1.0|0.88|0.0|-163980.1875422942|-163979.50646981387|-163978.83800978694|-163978.10648749326|-163977.4128025596
0.4|1.0|0.88|0.0|-163838.75375519725|-163838.28709442372|-163837.8330461035|-163837.30332306324|-163836.811437383
0.6|1.0|0.88|0.0|-164101.8999816666|-164101.1936842796|-164100.48738689258|-164099.73063969225|-164098.98650494523
0.8|1.0|0.88|0.0|-164146.92353816127|-164146.4821022944|-164146.06589133418|-164145.57400565397|-164145.1073448804
1.0|1.0|0.88|0.0|-164100.5254707494|-164099.75611109566|-164098.99936389533|-164098.19216688164|-164097.42280722794
1.2|1.0|0.88|0.0|-164070.36951977568|-164069.85240918878|-164069.3605235085|-164068.79296310828|-164068.25062761467
1.4|1.0|0.88|0.0|-163974.66622383773|-163974.2374004242|-163973.80857701067|-163973.3419162371|-163972.90048037024
1.6|1.0|0.88|0.0|-164210.09935979792|-164209.1534257975|-164208.19487934373|-164207.1858830766|-164206.18949926278
1.8|1.0|0.88|0.0|-163899.04337664004|-163898.6145532265|-163898.21095471963|-163897.75690639945|-163897.3280829859
2.0|1.0|0.88|0.0|-163860.72417002442|-163860.21967189084|-163859.74039866394|-163859.19806317033|-163858.68095258347
2.2|1.0|0.88|0.0|-164167.22739419635|-164166.82379568947|-164166.4454220893|-164166.01659867578|-164165.6003877156
2.4|1.0|0.88|0.0|-164075.79520149136|-164075.1645788244|-164074.57179351748|-164073.90333349048|-164073.2727108235
2.6|1.0|0.88|0.0|-164257.49020429607|-164256.91003144247|-164256.32985858887|-164255.72446082855|-164255.0938381616
2.8|1.0|0.88|0.0|-164387.13472630494|-164386.579778358|-164386.05005531776|-164385.4446575575|-164384.8644847039
3.0|1.0|0.88|0.0|-164590.9393079871|-164590.22039814678|-164589.51410075978|-164588.76996601277|-164588.02583126575
3.2|1.0|0.88|0.0|-164315.89467087298|-164315.0622489526|-164314.21721457885|-164313.3343428451|-164312.46408356473
3.4|1.0|0.88|0.0|-164296.70584235588|-164295.89864534218|-164295.11667323517|-164294.2590264081|-164293.4266044877
3.6|1.0|0.88|0.0|-164533.7144879567|-164533.43701398323|-164533.18476491646|-164532.85684112963|-164532.5541422495
3.8|1.0|0.88|0.0|-164429.16483443658|-164428.69817366306|-164428.24412534284|-164427.75223966263|-164427.24774152905
4.0|1.0|0.88|0.0|-164138.38472270107|-164138.22076080766|-164138.1072487276|-164137.9180619275|-164137.7541000341
4.2|1.0|0.88|0.0|-164112.07668855143|-164111.37039116444|-164110.66409377745|-164109.8821216704|-164109.1379869234
4.4|1.0|0.88|0.0|-164238.84529614216|-164238.26512328855|-164237.6975628883|-164237.0795526747|-164236.47415491438
4.6|1.0|0.88|0.0|-163888.00468160532|-163887.53802083177|-163887.10919741823|-163886.60469928465|-163886.12542605776
4.8|1.0|0.88|0.0|-164281.65763631405|-164280.9765638337|-164280.28287890006|-164279.5513566064|-164278.8324467661
5.0|1.0|0.88|0.0|-164417.7244952314|-164416.9551355777|-164416.2110008307|-164415.403803817|-164414.62183170996
5.2|1.0|0.88|0.0|-164060.61549138493|-164060.33801741147|-164060.0857683447|-164059.78306946458|-164059.4803705844
5.4|1.0|0.88|0.0|-163963.7171623893|-163962.8469031089|-163961.98925628184|-163961.0811596414|-163960.17306300098
5.6|1.0|0.88|0.0|-164319.3986154555|-164318.42745654835|-164317.48152254793|-164316.48513873413|-164315.476142467
5.8|1.0|0.88|0.0|-164410.49630979664|-164409.840462223|-164409.18461464933|-164408.47831726234|-164407.797244782
6.0|1.0|0.88|0.0|-164066.18490131912|-164065.0119431586|-164063.8515974514|-164062.64080193083|-164061.4426188636
6.2|1.0|0.88|0.0|-164218.30026309605|-164217.36694154894|-164216.44623245517|-164215.4876860014|-164214.5543644543
6.4|1.0|0.88|0.0|-164036.89534671814|-164036.11337461113|-164035.34401495743|-164034.5242054904|-164033.7170084767
6.6|1.0|0.88|0.0|-163941.04658420332|-163940.47902380303|-163939.96191321613|-163939.38174036253|-163938.7889550556
6.8|1.0|0.88|0.0|-163942.52251694145|-163942.01801880787|-163941.53874558097|-163940.98379763402|-163940.45407459378
7.0|1.0|0.88|0.0|-164280.33626670382|-164279.79393121024|-164279.28943307666|-164278.73448512974|-164278.16692472948
7.2|1.0|0.88|0.0|-164231.06933146663|-164230.21168463954|-164229.37926271916|-164228.48377853207|-164227.60090679833
7.4|1.0|0.88|0.0|-164211.8146272136|-164211.31012908003|-164210.81824339982|-164210.26329545287|-164209.74618486597
7.6|1.0|0.88|0.0|-164299.1708313675|-164298.4771464338|-164297.80868640685|-164297.07716411317|-164296.38347917952
7.8|1.0|0.88|0.0|-164317.16880228254|-164316.51295470892|-164315.88233204195|-164315.20125956164|-164314.53279953465
8.0|1.0|0.88|0.0|-164624.98726837328|-164624.00349701283|-164623.0323381057|-164621.9981169319|-164620.9765082114
8.2|1.0|0.88|0.0|-164536.12411576693|-164535.43043083328|-164534.77458325966|-164534.05567341932|-164533.34937603233
8.4|1.0|0.88|0.0|-164482.77227370755|-164482.19210085395|-164481.637152907|-164481.01914269337|-164480.42635738646
8.6|1.0|0.88|0.0|-164269.62870339214|-164268.85934373844|-164268.12782144477|-164267.32062443104|-164266.538652324
8.8|1.0|0.88|0.0|-163942.6954387663|-163941.78734212587|-163940.89185793878|-163939.9585363917|-163939.03782729793
9.0|1.0|0.88|0.0|-164095.33134907743|-164094.5746018771|-164093.85569203674|-164093.0611074764|-164092.29174782272
9.2|1.0|0.88|0.0|-164595.21175657355|-164594.2658225731|-164593.332501026|-164592.3361172122|-164591.36495830506
9.4|1.0|0.88|0.0|-164465.05123811285|-164464.33232827255|-164463.6134184322|-164462.83144632517|-164462.07469912482
9.6|1.0|0.88|0.0|-164371.0985377271|-164370.6571018602|-164370.24089090002|-164369.76161767312|-164369.29495689957
9.8|1.0|0.88|0.0|-164800.9649956101|-164800.107348783|-164799.28753931596|-164798.40466758222|-164797.5344083018
10.0|1.0|0.88|0.0|-164313.94789059254|-164312.72448261865|-164311.53891200476|-164310.25244176417|-164309.00380888357
10.2|1.0|0.88|0.0|-164386.3760325896|-164385.833697096|-164385.30397405577|-164384.72380120217|-164384.16885325522
10.4|1.0|0.88|0.0|-164540.52458837003|-164539.69216644965|-164538.85974452924|-164538.00209770218|-164537.11922596843
10.6|1.0|0.88|0.0|-164679.2111731117|-164678.83279951153|-164678.47965081802|-164678.06343985783|-164677.67245380432
10.8|1.0|0.88|0.0|-164529.3823388568|-164529.04180261667|-164528.70126637648|-164528.31028032297|-164527.9571316295
11.0|1.0|0.88|0.0|-164635.0748395485|-164634.48205424158|-164633.93971874798|-164633.309096081|-164632.7289232274
11.2|1.0|0.88|0.0|-164641.91078925837|-164641.30539149806|-164640.71260619114|-164640.05675861752|-164639.4387484039
11.4|1.0|0.88|0.0|-164602.1552223012|-164601.2975754741|-164600.46515355376|-164599.59489427335|-164598.71202253958
11.6|1.0|0.88|0.0|-164583.51401626584|-164582.88339359887|-164582.2779958386|-164581.58431090496|-164580.94107578468
11.8|1.0|0.88|0.0|-164798.98516911294|-164798.35454644595|-164797.723923779|-164797.0428512987|-164796.38700372507
12.0|1.0|0.88|0.0|-164296.98467823502|-164296.2279310347|-164295.496408741|-164294.71443663398|-164293.9198520736
12.2|1.0|0.88|0.0|-164071.4367570508|-164070.9827087306|-164070.54127286372|-164070.04938718348|-164069.58272640992
12.4|1.0|0.88|0.0|-164141.06863753195|-164140.47585222503|-164139.89567937143|-164139.25244425112|-164138.6344340375
12.6|1.0|0.88|0.0|-164472.3094995797|-164471.65365200606|-164471.02302933912|-164470.3419568588|-164469.6734968318
12.8|1.0|0.88|0.0|-164484.42683600818|-164483.72053862116|-164483.0268536875|-164482.30794384715|-164481.5764215535
13.0|1.0|0.88|0.0|-164755.20875535882|-164754.32588362505|-164753.45562434464|-164752.5475277042|-164751.6394310638
13.2|1.0|0.88|0.0|-164372.84762858824|-164371.71250778768|-164370.60261189385|-164369.44226618664|-164368.3071453861
13.4|1.0|0.88|0.0|-164356.6976183497|-164355.8273590693|-164354.9823246956|-164354.07422805516|-164353.19135632142
13.6|1.0|0.88|0.0|-164183.62387441844|-164182.9428019381|-164182.2617294578|-164181.53020716412|-164180.84913468378
13.8|1.0|0.88|0.0|-164143.27264813022|-164142.31410167643|-164141.406005036|-164140.4096212222|-164139.4384623151
14.0|1.0|0.88|0.0|-164165.93755905278|-164165.21864921245|-164164.51235182543|-164163.7303797184|-164162.97363251806
14.2|1.0|0.88|0.0|-164151.8872860329|-164151.00441429912|-164150.1593799254|-164149.22605837832|-164148.33057419123
14.4|1.0|0.88|0.0|-164312.65822874784|-164312.38075477435|-164312.15373061426|-164311.8510317341|-164311.5609453073
14.6|1.0|0.88|0.0|-164198.5659758413|-164197.4056301341|-164196.2452844269|-164195.059713813|-164193.86153074578
14.8|1.0|0.88|0.0|-164337.48812082934|-164336.15120077535|-164334.86473053478|-164333.48997312077|-164332.15305306684
15.0|1.0|0.88|0.0|-164206.2557967557|-164205.41076238197|-164204.5909529149|-164203.70808118116|-164202.8378219008
15.2|1.0|0.88|0.0|-164268.27874584755|-164267.5850609139|-164266.90398843357|-164266.15985368655|-164265.44094384622
15.4|1.0|0.88|0.0|-164395.42574342404|-164394.44197206362|-164393.45820070314|-164392.449204436|-164391.44020816887
15.6|1.0|0.88|0.0|-164196.2993228528|-164195.35338885238|-164194.40745485193|-164193.42368349145|-164192.439912131
15.8|1.0|0.88|0.0|-164419.70370885028|-164418.7451623965|-164417.7866159427|-164416.7902321289|-164415.8190732218
16.0|1.0|0.88|0.0|-164310.8426918673|-164309.44270954665|-164308.080564586|-164306.64274490534|-164305.23015013136
16.2|1.0|0.88|0.0|-164113.87354529204|-164113.091573185|-164112.3222135313|-164111.50240406426|-164110.6825945972
16.4|1.0|0.88|0.0|-164085.75612807617|-164084.97415596916|-164084.19218386212|-164083.3471494884|-164082.52734002136
16.6|1.0|0.88|0.0|-163932.70794903042|-163932.03948900345|-163931.38364142983|-163930.6773440428|-163929.9962715625
16.8|1.0|0.88|0.0|-163828.0672176985|-163827.14650860475|-163826.23841196432|-163825.27986551053|-163824.3339315101
17.0|1.0|0.88|0.0|-164043.6296610128|-164042.5449900256|-164041.4855439451|-164040.3504231446|-164039.2531397041
17.2|1.0|0.88|0.0|-164047.46299836482|-164046.51706436437|-164045.5711303639|-164044.57474655012|-164043.603587643
17.4|1.0|0.88|0.0|-164202.1406789113|-164200.99294565743|-164199.87043731025|-164198.67225424302|-164197.49929608247
17.6|1.0|0.88|0.0|-164315.1281657918|-164314.32096877808|-164313.51377176438|-164312.65612493732|-164311.82370301694
17.8|1.0|0.88|0.0|-164048.70113106654|-164047.86870914613|-164047.07412458578|-164046.21647775872|-164045.371443385
18.0|1.0|0.88|0.0|-164171.27657524656|-164170.5198280462|-164169.78830575253|-164168.99372119215|-164168.1991366318
18.2|1.0|0.88|0.0|-164453.24058209796|-164452.87482095114|-164452.534284711|-164452.13068620412|-164451.75231260396
18.4|1.0|0.88|0.0|-164403.74906905342|-164403.19412110647|-164402.6517856129|-164402.05900030598|-164401.47882745237
18.6|1.0|0.88|0.0|-164454.7713134036|-164454.1154658299|-164453.49745561634|-164452.80377068266|-164452.12269820235
18.8|1.0|0.88|0.0|-164238.3551065222|-164237.901058202|-164237.47223478847|-164236.9677366549|-164236.5136883347
19.0|1.0|0.88|0.0|-164218.66725523304|-164217.70870877925|-164216.75016232548|-164215.74116605835|-164214.74478224452
19.2|1.0|0.88|0.0|-164117.84330323938|-164117.41447982585|-164116.99826886563|-164116.53160809207|-164116.09017222523
19.4|1.0|0.88|0.0|-164123.24143326856|-164122.45946116152|-164121.6774890545|-164120.8450671341|-164120.0378701204
19.6|1.0|0.88|0.0|-164278.32520750086|-164277.49278558049|-164276.6855885668|-164275.82794173973|-164274.99551981932
19.8|1.0|0.88|0.0|-164325.31616087936|-164324.72337557244|-164324.14320271884|-164323.4873551452|-164322.8819573849
20.0|1.0|0.88|0.0|-164504.68621013744|-164504.10603728384|-164503.5510893369|-164502.93307912326|-164502.327681363
20.2|1.0|0.88|0.0|-164132.71428936065|-164131.7683553602|-164130.84764626643|-164129.87648735932|-164128.9305533589
20.4|1.0|0.88|0.0|-164212.5763439045|-164211.9204963309|-164211.3150985706|-164210.64663854364|-164209.99079096998
20.6|1.0|0.88|0.0|-164298.75192819038|-164298.42400440355|-164298.1213055234|-164297.7681568299|-164297.42762058976
20.8|1.0|0.88|0.0|-164227.89997663666|-164227.14322943627|-164226.4117071426|-164225.61712258225|-164224.84776292855
21.0|1.0|0.88|0.0|-164713.83109180795|-164712.87254535418|-164711.92661135373|-164710.91761508657|-164709.93384372615
21.2|1.0|0.88|0.0|-164459.0688277718|-164458.185956038|-164457.3030843043|-164456.3949876639|-164455.4742785701
21.4|1.0|0.88|0.0|-164400.24007649225|-164399.55900401194|-164398.89054398495|-164398.1968590513|-164397.49056166428
21.6|1.0|0.88|0.0|-164529.92132172603|-164528.8871005522|-164527.8528793784|-164526.7682083912|-164525.68353740402
21.8|1.0|0.88|0.0|-164131.64284691444|-164130.70952536733|-164129.81404118025|-164128.86810717982|-164127.9347856327
22.0|1.0|0.88|0.0|-164310.84121182258|-164310.18536424896|-164309.54212912862|-164308.84844419497|-164308.16737171466
22.2|1.0|0.88|0.0|-163993.07522895504|-163992.1923572213|-163991.34732284755|-163990.4266137538|-163989.54374202006
22.4|1.0|0.88|0.0|-163835.54427613644|-163834.72446666937|-163833.94249456233|-163833.0974601886|-163832.27765072155
22.6|1.0|0.88|0.0|-164194.2916870247|-164193.44665265098|-164192.61423073057|-164191.7565839035|-164190.8863246231
22.8|1.0|0.88|0.0|-163979.76816230887|-163978.91051548178|-163978.07809356137|-163977.1826093743|-163976.29973764057
23.0|1.0|0.88|0.0|-163824.21479695023|-163823.42021238987|-163822.6508527362|-163821.84365572245|-163821.0112338021
23.2|1.0|0.88|0.0|-164036.66202801428|-164035.88005590727|-164035.12330870688|-164034.29088678653|-164033.47107731947
23.4|1.0|0.88|0.0|-164402.85199826496|-164402.08263861126|-164401.32589141093|-164400.5186943972|-164399.72410983685
23.6|1.0|0.88|0.0|-164379.30454788066|-164378.3838387869|-164377.48835459983|-164376.529808146|-164375.60909905226
23.8|1.0|0.88|0.0|-164233.72680664613|-164232.85654736572|-164232.02412544534|-164231.12864125826|-164230.25838197785
24.0|1.0|0.88|0.0|-164742.74877164784|-164741.99202444748|-164741.28572706046|-164740.47853004676|-164739.72178284643
24.2|1.0|0.88|0.0|-164680.55816504938|-164680.46987787602|-164680.38159070263|-164680.28069107592|-164680.15456654254
24.4|1.0|0.88|0.0|-164552.27624513197|-164551.5068854783|-164550.75013827792|-164549.94294126422|-164549.16096915718
24.6|1.0|0.88|0.0|-164257.75319347568|-164257.14779571537|-164256.5423979551|-164255.88655038146|-164255.24331526118
24.8|1.0|0.88|0.0|-164456.9316042905|-164456.31359407687|-164455.73342122327|-164455.06496119627|-164454.43433852933
25.0|1.0|0.88|0.0|-164618.23729407985|-164617.4931593328|-164616.7490245858|-164615.96705247878|-164615.18508037174
25.2|1.0|0.88|0.0|-164598.82517902763|-164597.92969484054|-164597.0594355601|-164596.12611401302|-164595.2180173726
25.4|1.0|0.88|0.0|-164310.78707674696|-164309.95465482655|-164309.14745781283|-164308.30242343913|-164307.4573890654
25.6|1.0|0.88|0.0|-164587.81961434276|-164586.8736803423|-164585.95297124854|-164584.96919988806|-164584.0106534343
25.8|1.0|0.88|0.0|-164162.92706823704|-164162.01897159664|-164161.14871231624|-164160.2027783158|-164159.29468167535
26.0|1.0|0.88|0.0|-164438.15951651274|-164437.1757451523|-164436.2171986985|-164435.20820243136|-164434.19920616422
26.2|1.0|0.88|0.0|-164670.5691941944|-164669.3457862205|-164668.1602156066|-164666.88635781934|-164665.66294984546
26.4|1.0|0.88|0.0|-164771.89237970152|-164771.21130722118|-164770.5428471942|-164769.82393735388|-164769.14286487355
26.6|1.0|0.88|0.0|-164624.2503026303|-164623.6953546834|-164623.12779428312|-164622.5223965229|-164621.9296112159
26.8|1.0|0.88|0.0|-164634.57438029774|-164633.84285800406|-164633.1113357104|-164632.32936360335|-164631.57261640302
27.0|1.0|0.88|0.0|-164885.41085230798|-164884.704554921|-164884.01086998734|-164883.26673524035|-164882.5478254
27.2|1.0|0.88|0.0|-164708.54644873276|-164707.91582606582|-164707.28520339885|-164706.6041309185|-164705.97350825157
27.4|1.0|0.88|0.0|-164776.67779373215|-164776.37509485203|-164776.0723959719|-164775.74447218506|-164775.4039359449
27.6|1.0|0.88|0.0|-164730.9450379242|-164730.1756782705|-164729.40631861682|-164728.5738966964|-164727.79192458937
27.8|1.0|0.88|0.0|-164482.61414991677|-164481.7565030897|-164480.89885626262|-164480.02859698224|-164479.1583377018
28.0|1.0|0.88|0.0|-164327.11521269762|-164326.62332701738|-164326.15666624383|-164325.61433075025|-164325.09722016336
28.2|1.0|0.88|0.0|-164297.4885598038|-164296.98406167026|-164296.47956353668|-164295.9372280431|-164295.42011745615
28.4|1.0|0.88|0.0|-164545.1413340933|-164544.0062132928|-164542.87109249225|-164541.6855218784|-164540.52517617116
28.6|1.0|0.88|0.0|-164451.10146101227|-164450.44561343864|-164449.789765865|-164449.083468478|-164448.40239599766
28.8|1.0|0.88|0.0|-164249.52215717116|-164248.90414695753|-164248.2861367439|-164247.61767671694|-164246.96182914329
29.0|1.0|0.88|0.0|-164260.45728780932|-164259.92756476908|-164259.41045418216|-164258.8428937819|-164258.2753333816
29.2|1.0|0.88|0.0|-164166.6084466552|-164165.08233980116|-164163.5814578538|-164162.01751363973|-164160.466181879
29.4|1.0|0.88|0.0|-163879.6775158356|-163879.28652978205|-163878.93338108857|-163878.50455767504|-163878.1009591682
29.6|1.0|0.88|0.0|-163894.825072296|-163894.21967453568|-163893.63950168208|-163892.98365410845|-163892.3530314415
29.8|1.0|0.88|0.0|-164216.7367701941|-164215.803448647|-164214.88273955326|-164213.91158064612|-164212.95303419235
30.0|1.0|0.88|0.0|-164131.8003355695|-164130.6778272223|-164129.56793132846|-164128.40758562126|-164127.2598523674
30.2|1.0|0.88|0.0|-164222.26946337166|-164221.81541505147|-164221.41181654463|-164220.93254331773|-164220.47849499751
30.4|1.0|0.88|0.0|-163894.32213754172|-163893.36359108792|-163892.46810690084|-163891.49694799373|-163890.53840153993
30.6|1.0|0.88|0.0|-164184.19193847937|-164183.19555466558|-164182.24962066516|-164181.2153994913|-164180.21901567755
30.8|1.0|0.88|0.0|-164090.43503248843|-164090.14494606163|-164089.8800845415|-164089.53954830134|-164089.22423696786
31.0|1.0|0.88|0.0|-164481.5390412706|-164480.73184425686|-164479.9372596965|-164479.09222532276|-164478.25980340238
31.2|1.0|0.88|0.0|-164226.349961163|-164225.82023812275|-164225.3157399892|-164224.76079204227|-164224.20584409533
31.4|1.0|0.88|0.0|-164284.61949559016|-164283.83752348312|-164283.05555137614|-164282.24835436238|-164281.4411573487
31.6|1.0|0.88|0.0|-164442.8805600906|-164442.300387237|-164441.7454392901|-164441.11481662313|-164440.53464376953
31.8|1.0|0.88|0.0|-164186.79730749124|-164186.2423595443|-164185.6874115974|-164185.09462629043|-164184.51445343683
32.0|1.0|0.88|0.0|-164247.6284622631|-164246.66991580933|-164245.72398180887|-164244.72759799508|-164243.7438266346
32.2|1.0|0.88|0.0|-164369.35124943982|-164368.43054034605|-164367.57289351898|-164366.62695951856|-164365.7062504248
32.4|1.0|0.88|0.0|-164033.884887159|-164033.41822638543|-164032.9767905186|-164032.48490483835|-164032.00563161145
32.6|1.0|0.88|0.0|-164209.7504077555|-164209.2459096219|-164208.75402394167|-164208.2116884481|-164207.6945778612
32.8|1.0|0.88|0.0|-164349.8747643541|-164349.33242886054|-164348.8027058203|-164348.2225329667|-164347.65497256644
33.0|1.0|0.88|0.0|-164459.21838377032|-164458.38596184997|-164457.57876483622|-164456.7337304625|-164455.87608363543
33.2|1.0|0.88|0.0|-164353.2611632676|-164352.1008175604|-164350.96569675987|-164349.76751369264|-164348.60716798544
33.4|1.0|0.88|0.0|-164004.67817787846|-164004.13584238486|-164003.60611934462|-164003.0385589444|-164002.4709985441
33.6|1.0|0.88|0.0|-164366.03757850025|-164365.4826305533|-164364.9276826064|-164364.3222848461|-164363.72949953916
33.8|1.0|0.88|0.0|-164230.55160611894|-164229.7191841986|-164228.89937473153|-164228.01650299778|-164227.15885617072
34.0|1.0|0.88|0.0|-164165.92821374195|-164164.9192174748|-164163.91022120765|-164162.85077512718|-164161.81655395334
34.2|1.0|0.88|0.0|-164385.03577946775|-164384.14029528067|-164383.24481109358|-164382.31148954647|-164381.3781679994
34.4|1.0|0.88|0.0|-164161.14262184873|-164160.60028635515|-164160.08317576826|-164159.49039046132|-164158.94805496774
34.6|1.0|0.88|0.0|-163906.97347604943|-163906.4815903692|-163906.01492959564|-163905.47259410206|-163904.9680959685
34.8|1.0|0.88|0.0|-164395.27236179853|-164394.11201609133|-164392.96428283746|-164391.7534873169|-164390.567916703
35.0|1.0|0.88|0.0|-164611.80850467173|-164610.87518312462|-164609.9670864842|-164608.98331512374|-164608.01215621663
35.2|1.0|0.88|0.0|-164275.39770251262|-164274.52744323222|-164273.66979640516|-164272.76169976476|-164271.8536031243
35.4|1.0|0.88|0.0|-164263.9956084046|-164263.415435551|-164262.84787515074|-164262.21725248377|-164261.6118547235
35.6|1.0|0.88|0.0|-164052.484765906|-164051.72801870565|-164050.98388395866|-164050.18929939828|-164049.39471483792
35.8|1.0|0.88|0.0|-164270.80633320776|-164270.2009354475|-164269.6207625939|-164268.9775274736|-164268.35951725996
36.0|1.0|0.88|0.0|-164382.8524649741|-164382.32274193384|-164381.80563134694|-164381.26329585336|-164380.70834790642
36.2|1.0|0.88|0.0|-164290.4232771217|-164289.76742954805|-164289.12419442774|-164288.41789704075|-164287.73682456042
36.4|1.0|0.88|0.0|-164382.3130869998|-164381.39237790604|-164380.52211862564|-164379.57618462518|-164378.66808798478
36.6|1.0|0.88|0.0|-164283.744038231|-164283.02512839067|-164282.331443457|-164281.56208380332|-164280.83056150965
36.8|1.0|0.88|0.0|-164366.98850618472|-164366.68580730457|-164366.4083333311|-164366.06779709095|-164365.75248575746
37.0|1.0|0.88|0.0|-164297.64338007773|-164296.97492005074|-164296.34429738377|-164295.65061245012|-164294.9695399698
37.2|1.0|0.88|0.0|-164415.12731036084|-164414.2822759871|-164413.46246652005|-164412.5795947863|-164411.69672305256
37.4|1.0|0.88|0.0|-164223.72071848495|-164223.10270827136|-164222.50992296438|-164221.85407539076|-164221.24867763044
37.6|1.0|0.88|0.0|-164506.6085655777|-164505.7761436573|-164504.9563341903|-164504.08607490986|-164503.22842808283
37.8|1.0|0.88|0.0|-164275.7151405221|-164275.05929294846|-164274.4286702815|-164273.74759780115|-164273.06652532084
38.0|1.0|0.88|0.0|-164269.0761099553|-164268.470712195|-164267.85270198138|-164267.19685440775|-164266.56623174078
38.2|1.0|0.88|0.0|-164321.56490181468|-164321.13607840115|-164320.7072549876|-164320.21536930735|-164319.74870853382
38.4|1.0|0.88|0.0|-164359.20046257888|-164358.39326556516|-164357.58606855146|-164356.72842172437|-164355.90861225734
38.6|1.0|0.88|0.0|-164228.88076768775|-164228.30059483417|-164227.74564688723|-164227.14024912694|-164226.53485136665
38.8|1.0|0.88|0.0|-164201.755468302|-164201.0743958217|-164200.39332334136|-164199.67441350102|-164198.96811611403
39.0|1.0|0.88|0.0|-164165.5950521456|-164164.52299361175|-164163.46354753125|-164162.35365163742|-164161.2563681969
39.2|1.0|0.88|0.0|-164383.5139065082|-164382.22743626765|-164380.95357848034|-164379.61665842638|-164378.3049632791
39.4|1.0|0.88|0.0|-164307.92870834636|-164306.81881245252|-164305.7467539187|-164304.61163311815|-164303.50173722432
39.6|1.0|0.88|0.0|-164271.33570139733|-164270.50327947695|-164269.69608246326|-164268.83843563616|-164267.99340126244
39.8|1.0|0.88|0.0|-164493.84167084537|-164492.8578994849|-164491.87412812444|-164490.85251940397|-164489.84352313683
40.0|1.0|0.88|0.0|-164454.50502444294|-164453.8239519626|-164453.15549193564|-164452.42396964197|-164451.71767225498
40.2|1.0|0.88|0.0|-164666.14199147493|-164665.61226843463|-164665.09515784777|-164664.54020990082|-164663.9852619539
40.4|1.0|0.88|0.0|-164447.74154660897|-164446.58120090177|-164445.44608010122|-164444.23528458065|-164443.06232642013
40.6|1.0|0.88|0.0|-164588.76138739468|-164587.7650035809|-164586.79384467375|-164585.78484840662|-164584.77585213952
40.8|1.0|0.88|0.0|-164498.78041877723|-164498.21285837694|-164497.65791043005|-164497.03990021642|-164496.44711490948
41.0|1.0|0.88|0.0|-164423.04280594082|-164422.56353271392|-164422.09687194036|-164421.5923738068|-164421.10048812657
41.2|1.0|0.88|0.0|-164515.6065536199|-164515.00115585965|-164514.38314564602|-164513.72729807236|-164513.08406295205
41.4|1.0|0.88|0.0|-164287.41315597793|-164286.9464952044|-164286.5050593375|-164286.00056120395|-164285.52128797708
41.6|1.0|0.88|0.0|-163986.46543144892|-163985.87264614197|-163985.29247328834|-163984.64923816806|-163984.0438404078
41.8|1.0|0.88|0.0|-164627.32941052096|-164626.26996444046|-164625.23574326665|-164624.1510722795|-164623.09162619896
42.0|1.0|0.88|0.0|-164542.08716278095|-164541.12861632716|-164540.19529478007|-164539.19891096625|-164538.22775205917
42.2|1.0|0.88|0.0|-164581.36234247926|-164580.46685829217|-164579.59659901174|-164578.68850237134|-164577.7804057309
42.4|1.0|0.88|0.0|-164648.5110440572|-164647.35069835|-164646.1903526428|-164644.99216957556|-164643.8065989617
42.6|1.0|0.88|0.0|-164242.33959672123|-164241.92338576104|-164241.5197872542|-164241.06573893398|-164240.6243030671
42.8|1.0|0.88|0.0|-164222.79859391134|-164221.57518593743|-164220.4022277769|-164219.1535948963|-164217.94279937574
43.0|1.0|0.88|0.0|-164428.1088582354|-164427.238598955|-164426.40617703463|-164425.51069284754|-164424.65304602048
43.2|1.0|0.88|0.0|-164383.7094292092|-164383.07880654224|-164382.4607963286|-164381.79233630162|-164381.136488728
43.4|1.0|0.88|0.0|-164387.9452383288|-164387.33984056851|-164386.7596677149|-164386.1164325946|-164385.48580992763
43.6|1.0|0.88|0.0|-164277.2135883312|-164276.51990339757|-164275.85144337057|-164275.1199210769|-164274.38839878322
43.8|1.0|0.88|0.0|-164211.81613662463|-164210.8954275309|-164210.01255579715|-164209.07923425004|-164208.14591270292
44.0|1.0|0.88|0.0|-164111.56271456988|-164110.42759376933|-164109.27986051547|-164108.0942899016|-164106.9339441944
44.2|1.0|0.88|0.0|-164425.1273982122|-164423.68957853154|-164422.30220866424|-164420.8517765302|-164419.41395684954
44.4|1.0|0.88|0.0|-164428.30441856937|-164427.434159289|-164426.58912491525|-164425.68102827482|-164424.79815654107
44.6|1.0|0.88|0.0|-164431.79941719564|-164431.06789490196|-164430.36159751497|-164429.59223786127|-164428.84810311426
44.8|1.0|0.88|0.0|-164317.69632417228|-164316.90173961193|-164316.13237995823|-164315.29995803782|-164314.46753611744
45.0|1.0|0.88|0.0|-164266.32697018434|-164265.50716071727|-164264.69996370358|-164263.85492932986|-164263.00989495614
45.2|1.0|0.88|0.0|-164354.31144467866|-164353.85739635845|-164353.40334803826|-164352.89884990468|-164352.40696422444
45.4|1.0|0.88|0.0|-164403.20223000366|-164402.6346696034|-164402.07972165645|-164401.4743238962|-164400.8689261359
45.6|1.0|0.88|0.0|-164410.48568742044|-164409.57759078004|-164408.66949413958|-164407.7361725925|-164406.8028510454
45.8|1.0|0.88|0.0|-164341.35683066823|-164340.72620800126|-164340.10819778766|-164339.452350214|-164338.79650264038
46.0|1.0|0.88|0.0|-164291.1880518642|-164289.86374426362|-164288.55204911635|-164287.20251660902|-164285.8403716484
46.2|1.0|0.88|0.0|-164513.41775897663|-164512.3204755361|-164511.2231920956|-164510.0628463884|-164508.92772558788
46.4|1.0|0.88|0.0|-164337.51076789998|-164336.3378097394|-164335.1774640322|-164333.96666851162|-164332.78109789776
46.6|1.0|0.88|0.0|-164230.62022585014|-164229.93915336984|-164229.2959182495|-164228.58962086253|-164227.89593592886
46.8|1.0|0.88|0.0|-164400.31165650403|-164399.94589535717|-164399.61797157038|-164399.2143730635|-164398.83599946334
47.0|1.0|0.88|0.0|-164633.5668045631|-164632.72177018938|-164631.889348269|-164631.0064765353|-164630.13621725485
47.2|1.0|0.88|0.0|-164691.7102144569|-164691.10481669664|-164690.52464384303|-164689.89402117606|-164689.27601096244
47.4|1.0|0.88|0.0|-164471.8501595259|-164471.34566139235|-164470.89161307213|-164470.36189003187|-164469.8573918983
47.6|1.0|0.88|0.0|-164624.11950311|-164623.46365553635|-164622.83303286938|-164622.15196038905|-164621.49611281542
47.8|1.0|0.88|0.0|-164493.35358688905|-164492.52116496864|-164491.71396795494|-164490.8310962212|-164489.99867430082
48.0|1.0|0.88|0.0|-164998.81232559797|-164997.63936743746|-164996.47902173025|-164995.25561375634|-164994.07004314245
48.2|1.0|0.88|0.0|-164565.35984442537|-164564.55264741165|-164563.77067530464|-164562.93825338426|-164562.10583146388
48.4|1.0|0.88|0.0|-164465.11799137702|-164464.22250718993|-164463.39008526955|-164462.4819886291|-164461.57389198866
48.6|1.0|0.88|0.0|-164414.75633139152|-164413.81039739106|-164412.86446339064|-164411.86807957685|-164410.89692066974
48.8|1.0|0.88|0.0|-164144.24039079557|-164143.5088685019|-164142.80257111488|-164142.02059900787|-164141.2890767142
49.0|1.0|0.88|0.0|-164293.2943643584|-164292.92860321156|-164292.5628420647|-164292.17185601118|-164291.78086995767
49.2|1.0|0.88|0.0|-164593.35745779544|-164592.65116040842|-164591.97008792812|-164591.23856563444|-164590.50704334077
49.4|1.0|0.88|0.0|-164347.76776637428|-164347.23804333404|-164346.72093274712|-164346.15337234686|-164345.59842439994
49.6|1.0|0.88|0.0|-164248.29036357242|-164247.76064053216|-164247.23091749192|-164246.65074463832|-164246.09579669137
49.8|1.0|0.88|0.0|-164134.99806440776|-164134.06474286065|-164133.1440337669|-164132.1854873131|-164131.23955331263
50.0|1.0|0.88|0.0|-164255.05397833505|-164254.8143417216|-164254.5999300148|-164254.32245604135|-164254.08281942792
50.2|1.0|0.88|0.0|-163762.3603929382|-163761.4270713911|-163760.53158720402|-163759.5604282969|-163758.6271067498
50.4|1.0|0.88|0.0|-163750.96135770073|-163750.2046105004|-163749.46047575335|-163748.67850364634|-163747.88391908596
50.6|1.0|0.88|0.0|-164034.19922233943|-164033.3541879657|-164032.5217660453|-164031.63889431156|-164030.76863503113
50.8|1.0|0.88|0.0|-164111.9657048643|-164111.0576082239|-164110.1621240368|-164109.21619003636|-164108.28286848924
51.0|1.0|0.88|0.0|-164215.00944864567|-164214.26531389865|-164213.52117915163|-164212.72659459125|-164211.95723493758
51.2|1.0|0.88|0.0|-164303.81756538042|-164303.2247800735|-164302.65721967322|-164302.02659700625|-164301.42119924596
51.4|1.0|0.88|0.0|-164454.02200823676|-164453.34093575645|-164452.6850881828|-164451.95356588915|-164451.25988095545
51.6|1.0|0.88|0.0|-163762.98568978132|-163762.30461730104|-163761.64876972738|-163760.9172474337|-163760.21095004672
51.8|1.0|0.88|0.0|-163879.74809398764|-163879.130083774|-163878.5120735604|-163877.85622598676|-163877.2003784131
52.0|1.0|0.88|0.0|-164052.5915025933|-164051.6329561395|-164050.6870221391|-164049.69063832526|-164048.70686696484
52.2|1.0|0.88|0.0|-163932.35956786602|-163931.75417010576|-163931.13615989214|-163930.48031231848|-163929.8370771982
52.4|1.0|0.88|0.0|-164033.70274626085|-164033.1477983139|-164032.592850367|-164031.9874526067|-164031.39466729976
52.6|1.0|0.88|0.0|-164128.7657961704|-164128.19823577016|-164127.64328782322|-164127.03789006293|-164126.445104756
52.8|1.0|0.88|0.0|-164242.9211113436|-164242.39138830337|-164241.89950262313|-164241.3445546762|-164240.81483163597
53.0|1.0|0.88|0.0|-164333.99967512864|-164333.4699520884|-164332.96545395482|-164332.39789355456|-164331.84294560764
53.2|1.0|0.88|0.0|-164305.7972507429|-164305.10356580926|-164304.46033068892|-164303.72880839524|-164303.02251100825
53.4|1.0|0.88|0.0|-164394.8427222657|-164394.18687469207|-164393.54363957176|-164392.84995463808|-164392.1688821578
53.6|1.0|0.88|0.0|-164197.9978898101|-164197.4177169565|-164196.86276900957|-164196.2573712493|-164195.66458594234
53.8|1.0|0.88|0.0|-164165.50001781803|-164165.0081321378|-164164.51624645756|-164163.98652341732|-164163.4694128304
54.0|1.0|0.88|0.0|-164255.55050536906|-164254.83159552873|-164254.13791059508|-164253.39377584806|-164252.6622535544
54.2|1.0|0.88|0.0|-163940.83067575688|-163940.2000530899|-163939.60726778297|-163938.938807756|-163938.2955726357
54.4|1.0|0.88|0.0|-164421.95301608826|-164421.15843152787|-164420.35123451418|-164419.50620014046|-164418.66116576674
54.6|1.0|0.88|0.0|-164753.79687933493|-164753.22931893467|-164752.67437098775|-164752.06897322746|-164751.47618792052
54.8|1.0|0.88|0.0|-164776.45621123255|-164775.4724398721|-164774.5138934183|-164773.49228469786|-164772.4832884307
55.0|1.0|0.88|0.0|-164501.25337098303|-164500.54707359604|-164499.8912260224|-164499.15970372874|-164498.45340634172
55.2|1.0|0.88|0.0|-164599.23844592576|-164598.41863645872|-164597.62405189834|-164596.75379261794|-164595.90875824422
55.4|1.0|0.88|0.0|-164121.42578744792|-164120.88345195437|-164120.3537289141|-164119.7735560605|-164119.20599566022
55.6|1.0|0.88|0.0|-164271.69734133195|-164271.1297809317|-164270.5874454381|-164269.98204767783|-164269.38926237088
55.8|1.0|0.88|0.0|-164568.7600869274|-164568.00333972706|-164567.24659252667|-164566.46462041966|-164565.695260766
56.0|1.0|0.88|0.0|-164446.24271519028|-164445.7634419634|-164445.34723100322|-164444.85534532298|-164444.37607209609
56.2|1.0|0.88|0.0|-164324.41902838685|-164323.91453025327|-164323.42264457303|-164322.86769662614|-164322.35058603922
56.4|1.0|0.88|0.0|-164395.83897718863|-164395.0570050816|-164394.31287033457|-164393.50567332088|-164392.7110887605
56.6|1.0|0.88|0.0|-164559.78642511266|-164559.47111377915|-164559.16841489903|-164558.8026537522|-164558.462117512
56.8|1.0|0.88|0.0|-164214.32232346496|-164213.74215061136|-164213.17459021107|-164212.55657999744|-164211.97640714384
57.0|1.0|0.88|0.0|-164518.26197487305|-164517.68180201945|-164517.1268540725|-164516.52145631224|-164515.92867100527
57.2|1.0|0.88|0.0|-164233.03485353597|-164231.83667046874|-164230.65109985485|-164229.41507942762|-164228.17905900037
57.4|1.0|0.88|0.0|-164646.44584908866|-164645.66387698162|-164644.89451732795|-164644.04948295423|-164643.25489839382
57.6|1.0|0.88|0.0|-164419.92231414857|-164418.85025561473|-164417.79080953423|-164416.66830118705|-164415.57101774655
57.8|1.0|0.88|0.0|-164447.52078853708|-164446.66314171|-164445.80549488292|-164444.92262314918|-164444.03975141543
58.0|1.0|0.88|0.0|-164373.5518421923|-164372.89599461865|-164372.2653719517|-164371.5842994714|-164370.9032269911
58.2|1.0|0.88|0.0|-164519.70849994465|-164518.9265278376|-164518.1445557306|-164517.31213381022|-164516.51754924984
58.4|1.0|0.88|0.0|-164546.14420214362|-164545.46312966332|-164544.79466963632|-164544.06314734268|-164543.34423750234
58.6|1.0|0.88|0.0|-164617.30366388347|-164616.64781630982|-164616.00458118954|-164615.3108962559|-164614.62982377558
58.8|1.0|0.88|0.0|-164608.75322099516|-164608.2865602216|-164607.8325119014|-164607.3154013145|-164606.82351563426
59.0|1.0|0.88|0.0|-164947.05177089985|-164946.32024860618|-164945.6139512192|-164944.8445915655|-164944.1004568185
59.2|1.0|0.88|0.0|-165027.4478838495|-165026.32537550232|-165025.2028671551|-165024.05513390125|-165022.9074006474
59.4|1.0|0.88|0.0|-164646.54349062144|-164645.86241814113|-164645.1813456608|-164644.46243582046|-164643.7687508868
59.6|1.0|0.88|0.0|-164815.6054588298|-164814.6721372827|-164813.7640406423|-164812.79288173516|-164811.8469477347
59.8|1.0|0.88|0.0|-164410.7326152883|-164409.86235600786|-164409.0047091808|-164408.0966125404|-164407.22635325996
60.0|1.0|0.88|0.0|-164231.05246246082|-164230.10652846037|-164229.21104427328|-164228.22727291286|-164227.26872645906
60.2|1.0|0.88|0.0|-164604.40630620817|-164603.70000882118|-164603.01893634087|-164602.27480159386|-164601.54327930018
60.4|1.0|0.88|0.0|-164612.29009942076|-164611.29371560697|-164610.29733179318|-164609.23788571268|-164608.20366453886
60.6|1.0|0.88|0.0|-164608.74388691745|-164607.5709287569|-164606.42319550304|-164605.19978752913|-164604.01421691524
60.8|1.0|0.88|0.0|-164743.81117767075|-164742.87785612364|-164741.9571470299|-164740.98598812276|-164740.027441669
61.0|1.0|0.88|0.0|-164710.86042981443|-164709.9775580807|-164709.11991125363|-164708.21181461317|-164707.32894287942
61.2|1.0|0.88|0.0|-164629.47684720822|-164628.7957747279|-164628.11470224758|-164627.38317995393|-164626.6768825669
61.4|1.0|0.88|0.0|-164672.8889116018|-164671.87991533466|-164670.88353152087|-164669.8366978937|-164668.81508917324
61.6|1.0|0.88|0.0|-164560.1855467358|-164559.23961273534|-164558.31890364157|-164557.34774473446|-164556.3891982807
61.8|1.0|0.88|0.0|-164511.41318967304|-164510.80779191278|-164510.2023941525|-164509.54654657887|-164508.90331145853
62.0|1.0|0.88|0.0|-164751.8733842205|-164751.35627363357|-164750.8517755|-164750.2716026464|-164749.71665469947
62.2|1.0|0.88|0.0|-164842.67214950098|-164842.24332608745|-164841.8775649406|-164841.4235166204|-164840.9820807535
62.4|1.0|0.88|0.0|-164759.7187791807|-164758.94941952702|-164758.21789723335|-164757.41070021965|-164756.61611565924
62.6|1.0|0.88|0.0|-164916.42851192044|-164915.31861602655|-164914.2339450394|-164913.09882423887|-164911.988928345
62.8|1.0|0.88|0.0|-164798.89273179098|-164797.83328571048|-164796.78645208332|-164795.6891686428|-164794.60449765564
63.0|1.0|0.88|0.0|-164990.01327054572|-164989.19346107866|-164988.38626406496|-164987.51600478453|-164986.6709704108
63.2|1.0|0.88|0.0|-164749.94796167646|-164749.43085108956|-164748.95157786267|-164748.4092423691|-164747.9047442355
63.4|1.0|0.88|0.0|-164855.88148654575|-164855.074289532|-164854.292317425|-164853.4598955046|-164852.62747358423
63.6|1.0|0.88|0.0|-164578.4491572723|-164578.1590708455|-164577.90682177868|-164577.6167353519|-164577.32664892508
63.8|1.0|0.88|0.0|-164615.20530103214|-164614.47377873847|-164613.75486889816|-164612.98550924446|-164612.2287620441
64.0|1.0|0.88|0.0|-164655.80006851954|-164654.94242169248|-164654.1099997721|-164653.22712803836|-164652.3694812113
64.2|1.0|0.88|0.0|-164749.78807080336|-164748.8295243496|-164747.84575298912|-164746.83675672198|-164745.86559781485
64.4|1.0|0.88|0.0|-164743.30741903564|-164742.60112164865|-164741.92004916832|-164741.18852687464|-164740.4696170343
64.6|1.0|0.88|0.0|-164285.32360378024|-164284.47856940652|-164283.65875993948|-164282.78850065905|-164281.94346628533
64.8|1.0|0.88|0.0|-164437.22002453616|-164436.43805242915|-164435.66869277548|-164434.8488833084|-164434.04168629472
65.0|1.0|0.88|0.0|-164485.84899480912|-164485.1300849688|-164484.4237875818|-164483.67965283478|-164482.93551808776
65.2|1.0|0.88|0.0|-164357.5046696293|-164356.861434509|-164356.24342429536|-164355.57496426842|-164354.94434160143
65.4|1.0|0.88|0.0|-164092.14075483184|-164091.62364424492|-164091.1317585647|-164090.57681061776|-164090.05970003086
65.6|1.0|0.88|0.0|-164063.1194996983|-164062.2744653246|-164061.46726831084|-164060.58439657712|-164059.72674975003
65.8|1.0|0.88|0.0|-164162.90626078987|-164162.26302566958|-164161.63240300262|-164160.9513305223|-164160.29548294866
66.0|1.0|0.88|0.0|-164227.35609810404|-164226.75070034372|-164226.14530258346|-164225.4894550098|-164224.85883234284
66.2|1.0|0.88|0.0|-164184.68816845745|-164183.52782275024|-164182.38008949638|-164181.18190642918|-164179.98372336195
66.4|1.0|0.88|0.0|-164104.15008399717|-164103.6077485036|-164103.0906379167|-164102.5104650631|-164101.95551711618
66.6|1.0|0.88|0.0|-164153.47659172688|-164152.65678225982|-164151.87481015277|-164151.0171633257|-164150.18474140533
66.8|1.0|0.88|0.0|-164146.15820702442|-164145.74199606426|-164145.35101001072|-164144.88434923717|-164144.44291337032
67.0|1.0|0.88|0.0|-164009.39811232232|-164008.93145154876|-164008.49001568186|-164007.9855175483|-164007.49363186807
67.2|1.0|0.88|0.0|-164315.14920617148|-164314.29155934442|-164313.459137424|-164312.57626569027|-164311.69339395655
67.4|1.0|0.88|0.0|-164317.03408390027|-164316.60526048674|-164316.18904952655|-164315.722388753|-164315.2809528861
67.6|1.0|0.88|0.0|-164299.65691918705|-164298.9001719867|-164298.16864969302|-164297.37406513267|-164296.60470547897
67.8|1.0|0.88|0.0|-164358.46503791888|-164357.91008997193|-164357.36775447836|-164356.77496917138|-164356.18218386447
68.0|1.0|0.88|0.0|-164361.8149488877|-164360.7555028072|-164359.70866918008|-164358.61138573955|-164357.55193965905
68.2|1.0|0.88|0.0|-164192.22607703728|-164191.48194229027|-164190.77564490325|-164190.00628524958|-164189.23692559588
68.4|1.0|0.88|0.0|-164606.25508280355|-164605.49833560325|-164604.74158840286|-164603.9470038425|-164603.15241928215
68.6|1.0|0.88|0.0|-164366.5193828364|-164365.63651110264|-164364.7788642756|-164363.8581551818|-164362.9500585414
68.8|1.0|0.88|0.0|-164390.84942165267|-164390.02961218564|-164389.23502762523|-164388.3899932515|-164387.54495887778
69.0|1.0|0.88|0.0|-164556.47519941392|-164556.1220507204|-164555.7689020269|-164555.36530352006|-164554.9869299199
69.2|1.0|0.88|0.0|-164587.18732264714|-164586.55669998017|-164585.92607731323|-164585.25761728623|-164584.60176971258
69.4|1.0|0.88|0.0|-164559.576732367|-164558.89565988668|-164558.22719985968|-164557.50829001935|-164556.80199263236
69.6|1.0|0.88|0.0|-164560.50254143472|-164559.54399498095|-164558.5980609805|-164557.58906471336|-164556.6052933529
69.8|1.0|0.88|0.0|-164310.96307661312|-164310.06759242603|-164309.17210823894|-164308.22617423852|-164307.2928526914
70.0|1.0|0.88|0.0|-164413.43925999422|-164412.65728788718|-164411.90054068685|-164411.06811876644|-164410.2735342061
70.2|1.0|0.88|0.0|-164493.26702218995|-164492.3967629095|-164491.53911608245|-164490.61840698868|-164489.7229228016
70.4|1.0|0.88|0.0|-164606.7173498567|-164606.16240190982|-164605.65790377624|-164605.09034337595|-164604.54800788235
70.6|1.0|0.88|0.0|-164405.59443323934|-164405.06471019908|-164404.54759961218|-164403.96742675858|-164403.42509126497
70.8|1.0|0.88|0.0|-164387.06180459342|-164386.3176698464|-164385.61137245942|-164384.82940035238|-164384.07265315202
71.0|1.0|0.88|0.0|-164296.79407111497|-164296.30218543473|-164295.83552466118|-164295.31841407428|-164294.81391594073
71.2|1.0|0.88|0.0|-164657.9409220007|-164657.15894989367|-164656.4274276|-164655.6202305863|-164654.83825847926
71.4|1.0|0.88|0.0|-164982.1884122875|-164981.41905263384|-164980.64969298014|-164979.84249596644|-164979.0605238594
71.6|1.0|0.88|0.0|-164955.4622052869|-164954.35230939306|-164953.25502595253|-164952.1072926987|-164950.97217189815
71.8|1.0|0.88|0.0|-164607.04573175195|-164606.21330983157|-164605.3935003645|-164604.51062863076|-164603.6529818037
72.0|1.0|0.88|0.0|-164531.98386454856|-164531.12621772147|-164530.2937958011|-164529.39831161403|-164528.51543988026
72.2|1.0|0.88|0.0|-164289.99819278184|-164289.44324483493|-164288.9135217947|-164288.3333489411|-164287.75317608748
72.4|1.0|0.88|0.0|-164503.2581213816|-164502.72839834137|-164502.22390020778|-164501.64372735418|-164501.1013918606
72.6|1.0|0.88|0.0|-164577.24855792386|-164576.40352355014|-164575.60893898975|-164574.73867970935|-164573.89364533563
72.8|1.0|0.88|0.0|-164465.300422085|-164464.39232544458|-164463.50945371087|-164462.58874461707|-164461.68064797667
73.0|1.0|0.88|0.0|-164576.86402262468|-164576.20817505103|-164575.57755238406|-164574.89647990375|-164574.2154074234
73.2|1.0|0.88|0.0|-164342.2385270222|-164341.78447870197|-164341.3304303818|-164340.8259322482|-164340.34665902134
73.4|1.0|0.88|0.0|-164422.79203435263|-164422.18663659232|-164421.60646373872|-164420.97584107178|-164420.3452184048
73.6|1.0|0.88|0.0|-164390.51301277138|-164390.14725162453|-164389.7814904777|-164389.37789197086|-164388.99951837066
73.8|1.0|0.88|0.0|-164036.9562437264|-164036.17427161935|-164035.44274932568|-164034.635552312|-164033.85358020494
74.0|1.0|0.88|0.0|-164324.74720402053|-164324.1922560736|-164323.66253303338|-164323.0697477264|-164322.4895748728
74.2|1.0|0.88|0.0|-164768.46018730657|-164767.88001445297|-164767.32506650605|-164766.71966874576|-164766.12688343882
74.4|1.0|0.88|0.0|-164748.46958127123|-164748.15426993775|-164747.87679596426|-164747.53625972412|-164747.22094839063
74.6|1.0|0.88|0.0|-164383.79622799938|-164382.85029399893|-164381.92958490516|-164380.94581354468|-164379.96204218426
74.8|1.0|0.88|0.0|-164309.4325925804|-164308.32269668652|-164307.20018833934|-164306.05245508548|-164304.89210937827
75.0|1.0|0.88|0.0|-164535.24966883325|-164534.29112237945|-164533.35780083237|-164532.36141701858|-164531.39025811144
75.2|1.0|0.88|0.0|-164661.10407304138|-164660.46083792107|-164659.84282770744|-164659.1617552271|-164658.51852010685
75.4|1.0|0.88|0.0|-164533.48821153134|-164532.7945265977|-164532.10084166404|-164531.35670691702|-164530.62518462335
75.6|1.0|0.88|0.0|-164580.26780096648|-164579.33447941937|-164578.42638277897|-164577.45522387183|-164576.50928987138
75.8|1.0|0.88|0.0|-164406.92884017155|-164405.9829061711|-164405.06219707732|-164404.06581326353|-164403.10726680973
76.0|1.0|0.88|0.0|-164486.9535547614|-164486.52473134786|-164486.12113284098|-164485.64185961412|-164485.20042374724
76.2|1.0|0.88|0.0|-164322.4135623238|-164322.08563853698|-164321.78293965687|-164321.40456605665|-164321.05141736317
76.4|1.0|0.88|0.0|-164380.43084768418|-164379.9515744573|-164379.48491368373|-164378.96780309684|-164378.46330496328
76.6|1.0|0.88|0.0|-164171.33434324866|-164170.50192132825|-164169.68211186118|-164168.8118525808|-164167.95420575375
76.8|1.0|0.88|0.0|-164171.8384927621|-164171.0312957484|-164170.27454854807|-164169.44212662766|-164168.63492961394
77.0|1.0|0.88|0.0|-164460.90518372483|-164460.2745610579|-164459.68177575094|-164459.0259281773|-164458.39530551032
77.2|1.0|0.88|0.0|-164002.13980596434|-164001.53440820405|-164000.92901044377|-164000.27316287014|-163999.64254020315
77.4|1.0|0.88|0.0|-164332.73743289176|-164331.77888643797|-164330.8455648909|-164329.86179353044|-164328.87802216996
77.6|1.0|0.88|0.0|-164038.0682522654|-164037.12231826494|-164036.17638426452|-164035.1800004507|-164034.2088415436
77.8|1.0|0.88|0.0|-164055.25342192658|-164054.8750483264|-164054.50928717954|-164054.09307621935|-164053.6894777125
78.0|1.0|0.88|0.0|-164046.69699744412|-164045.99070005713|-164045.29701512348|-164044.55288037646|-164043.84658298947
78.2|1.0|0.88|0.0|-163910.89871234083|-163910.00322815374|-163909.13296887334|-163908.2122597796|-163907.30416313914
78.4|1.0|0.88|0.0|-164029.5674042954|-164028.8611069084|-164028.18003442805|-164027.44851213438|-164026.7169898407
78.6|1.0|0.88|0.0|-164067.36905132022|-164066.49879203978|-164065.65375766606|-164064.75827347898|-164063.87540174523
78.8|1.0|0.88|0.0|-164032.80714300516|-164032.2774199649|-164031.77292183135|-164031.19274897774|-164030.66302593748
79.0|1.0|0.88|0.0|-164505.79056623677|-164505.29868055656|-164504.8194073297|-164504.28968428943|-164503.7599612492
79.2|1.0|0.88|0.0|-164225.149683309|-164224.10284968183|-164223.0938534147|-164222.00918242752|-164220.949736347
79.4|1.0|0.88|0.0|-164113.91434063573|-164113.2458806088|-164112.60264548846|-164111.9089605548|-164111.2278880745
79.6|1.0|0.88|0.0|-164360.12906038476|-164359.23357619767|-164358.37592937058|-164357.45522027684|-164356.5471236364
79.8|1.0|0.88|0.0|-164101.62013586095|-164100.9012260206|-164100.2327659936|-164099.47601879327|-164098.75710895294
80.0|1.0|0.88|0.0|-164361.7898233422|-164361.26010030197|-164360.76821462173|-164360.20065422147|-164359.64570627455
80.2|1.0|0.88|0.0|-164301.5153921704|-164301.23791819697|-164300.97305667683|-164300.65774534337|-164300.3424340099
80.4|1.0|0.88|0.0|-164147.59301161868|-164146.9876138584|-164146.43266591147|-164145.8020432445|-164145.19664548422
80.6|1.0|0.88|0.0|-164170.0002073926|-164169.57138397906|-164169.18039792552|-164168.73896205865|-164168.29752619177
80.8|1.0|0.88|0.0|-164151.88872439746|-164151.1572021038|-164150.43829226345|-164149.66893260975|-164148.89957295606
81.0|1.0|0.88|0.0|-164110.80996387164|-164109.88925477787|-164108.95593323078|-164108.00999923036|-164107.0640652299
81.2|1.0|0.88|0.0|-164100.8764840918|-164099.84226291798|-164098.83326665085|-164097.76120811698|-164096.7017620365
81.4|1.0|0.88|0.0|-164075.57264152484|-164074.6267075244|-164073.69338597733|-164072.73483952353|-164071.77629306974
81.6|1.0|0.88|0.0|-164118.55588250488|-164117.97570965128|-164117.4333741577|-164116.8279763974|-164116.23519109047
81.8|1.0|0.88|0.0|-163707.53110593205|-163706.85003345172|-163706.20679833143|-163705.5005009444|-163704.8194284641
82.0|1.0|0.88|0.0|-163921.6352450185|-163920.97939744487|-163920.34877477793|-163919.65508984428|-163918.97401736394
82.2|1.0|0.88|0.0|-163986.65398834998|-163985.68282944287|-163984.73689544245|-163983.71528672194|-163982.73151536152
82.4|1.0|0.88|0.0|-164121.31371131068|-164120.96056261717|-164120.620026377|-164120.2290403235|-164119.85066672333
82.6|1.0|0.88|0.0|-164151.66196256067|-164151.24575160048|-164150.85476554697|-164150.40071722676|-164149.97189381323
82.8|1.0|0.88|0.0|-164167.28184487586|-164166.49987276885|-164165.7431255685|-164164.92331610143|-164164.11611908773
83.0|1.0|0.88|0.0|-163896.05685861275|-163895.53974802585|-163895.0478623456|-163894.4929143987|-163893.96319135843
83.2|1.0|0.88|0.0|-164177.6651901402|-164177.21114181998|-164176.78231840645|-164176.29043272624|-164175.82377195268
83.4|1.0|0.88|0.0|-164016.85641006526|-164016.288849665|-164015.74651417142|-164015.1411164111|-164014.53571865085
83.6|1.0|0.88|0.0|-164136.04367765898|-164135.5013421654|-164134.97161912516|-164134.39144627156|-164133.8364983246
83.8|1.0|0.88|0.0|-164000.13924860852|-163998.8780032746|-163997.61675794068|-163996.3050627934|-163995.0185925528
84.0|1.0|0.88|0.0|-164053.91077384108|-164052.82610285393|-164051.76665677343|-164050.6315359729|-164049.5342525324
84.2|1.0|0.88|0.0|-164293.6247985139|-164292.55273998008|-164291.49329389958|-164290.38339800574|-164289.29872701855
84.4|1.0|0.88|0.0|-164250.35969441116|-164249.51466003744|-164248.69485057038|-164247.81197883663|-164246.94171955626
84.6|1.0|0.88|0.0|-164136.74141348523|-164136.28736516504|-164135.8585417515|-164135.39188097796|-164134.9378326577
84.8|1.0|0.88|0.0|-164353.13224094393|-164352.64035526366|-164352.1358571301|-164351.59352163653|-164351.07641104964
85.0|1.0|0.88|0.0|-164142.55905143954|-164141.82752914587|-164141.08339439883|-164140.31403474516|-164139.5320626381
85.2|1.0|0.88|0.0|-164194.01807862837|-164193.31178124138|-164192.63070876108|-164191.8991864674|-164191.16766417373
85.4|1.0|0.88|0.0|-164330.13136825804|-164329.2232716176|-164328.34039988386|-164327.40707833678|-164326.486369243
85.6|1.0|0.88|0.0|-164250.40745268145|-164249.51196849436|-164248.641709214|-164247.6957752135|-164246.7876785731
85.8|1.0|0.88|0.0|-164069.72144614393|-164068.5232630767|-164067.3629173695|-164066.12689694224|-164064.928713875
86.0|1.0|0.88|0.0|-164287.42500323206|-164286.97095491184|-164286.5421314983|-164286.0628582714|-164285.58358504451
86.2|1.0|0.88|0.0|-164288.7131304621|-164287.79242136833|-164286.8843247279|-164285.92577827413|-164284.96723182034
86.4|1.0|0.88|0.0|-164450.24007898956|-164449.5463940559|-164448.8400966689|-164448.08334946856|-164447.3644396282
86.6|1.0|0.88|0.0|-164350.38728590304|-164349.45396435593|-164348.5206428088|-164347.53687144836|-164346.5531000879
86.8|1.0|0.88|0.0|-164043.43800898662|-164042.9461233064|-164042.4668500795|-164041.9245145859|-164041.40740399898
87.0|1.0|0.88|0.0|-164508.35833805343|-164507.38717914635|-164506.44124514592|-164505.4322488788|-164504.42325261165
87.2|1.0|0.88|0.0|-164567.9592574128|-164567.2529600258|-164566.59711245215|-164565.8403652518|-164565.12145541146
87.4|1.0|0.88|0.0|-164680.97945178548|-164680.5632408253|-164680.1596423184|-164679.71820645157|-164679.27677058466
87.6|1.0|0.88|0.0|-164439.5132964158|-164438.56736241537|-164437.6592657749|-164436.68810686783|-164435.72956041404
87.8|1.0|0.88|0.0|-164416.53518094067|-164415.95500808707|-164415.38744768684|-164414.7694374732|-164414.16403971292
88.0|1.0|0.88|0.0|-164650.55925264978|-164650.14304168956|-164649.73944318274|-164649.2727824092|-164648.83134654228
88.2|1.0|0.88|0.0|-164507.71060612984|-164507.34484498302|-164506.99169628954|-164506.58809778266|-164506.19711172915
88.4|1.0|0.88|0.0|-164338.97912369948|-164338.18453913913|-164337.42779193877|-164336.62059492504|-164335.81339791135
88.6|1.0|0.88|0.0|-164326.01280373326|-164325.44524333297|-164324.89029538608|-164324.28489762577|-164323.70472477216
88.8|1.0|0.88|0.0|-164523.30941131854|-164521.89681654453|-164520.48422177054|-164519.03378963654|-164517.58335750253
89.0|1.0|0.88|0.0|-164502.17300660786|-164501.55499639423|-164500.9622110873|-164500.2937510603|-164499.63790348667
89.2|1.0|0.88|0.0|-164448.55746746284|-164447.57369610242|-164446.5773122886|-164445.5430911148|-164444.5214823943
89.4|1.0|0.88|0.0|-164459.32001158816|-164458.10921606762|-164456.9236454537|-164455.67501257316|-164454.4389921459
89.6|1.0|0.88|0.0|-164665.88677237777|-164664.83993875064|-164663.79310512348|-164662.69582168298|-164661.63637560248
89.8|1.0|0.88|0.0|-164936.73920783738|-164936.08336026373|-164935.45273759676|-164934.77166511645|-164934.10320508946
90.0|1.0|0.88|0.0|-164616.31983075468|-164615.0711978741|-164613.83517744683|-164612.54870720627|-164611.27484941902
90.2|1.0|0.88|0.0|-164181.9847751122|-164181.70730113878|-164181.42982716532|-164181.1019033785|-164180.8118169517
90.4|1.0|0.88|0.0|-164523.07470051106|-164522.26750349734|-164521.46030648364|-164520.60265965658|-164519.75762528286
90.6|1.0|0.88|0.0|-164460.83492523918|-164460.15385275884|-164459.49800518522|-164458.7790953449|-164458.08541041124
90.8|1.0|0.88|0.0|-164379.79036319538|-164379.31108996848|-164378.8318167416|-164378.3147061547|-164377.8102080211
91.0|1.0|0.88|0.0|-164062.23466838783|-164061.89413214766|-164061.56620836086|-164061.200447214|-164060.8472985205
91.2|1.0|0.88|0.0|-164160.85347612025|-164160.5507772401|-164160.26069081333|-164159.92015457313|-164159.59223078634
91.4|1.0|0.88|0.0|-163949.67379999848|-163949.1693018649|-163948.66480373134|-163948.1098557844|-163947.56752029082
91.6|1.0|0.88|0.0|-164480.58241085926|-164480.10313763237|-164479.64908931215|-164479.13197872523|-164478.64009304502
91.8|1.0|0.88|0.0|-164417.1812684153|-164416.65154537506|-164416.13443478814|-164415.55426193454|-164414.98670153428
92.0|1.0|0.88|0.0|-164292.3179803571|-164291.49817089003|-164290.72881123636|-164289.89638931598|-164289.06396739557
92.2|1.0|0.88|0.0|-164279.81910217923|-164279.08757988556|-164278.36867004522|-164277.5993103915|-164276.82995073785
92.4|1.0|0.88|0.0|-164045.32932435942|-164044.87527603918|-164044.459065079|-164043.97979185212|-164043.5257435319
92.6|1.0|0.88|0.0|-164267.27807099433|-164266.521323794|-164265.80241395364|-164265.0078293933|-164264.25108219293
92.8|1.0|0.88|0.0|-164230.2550869085|-164229.901938215|-164229.5487895215|-164229.14519101466|-164228.7668174145
93.0|1.0|0.88|0.0|-163794.75968555885|-163793.9651009985|-163793.18312889145|-163792.35070697108|-163791.54350995735
93.2|1.0|0.88|0.0|-163983.8998382296|-163983.60975180278|-163983.34489028266|-163983.00435404252|-163982.70165516238
93.4|1.0|0.88|0.0|-164012.42840031127|-164012.06263916445|-164011.70949047097|-164011.29327951078|-164010.91490591058
93.6|1.0|0.88|0.0|-164273.74040315257|-164273.41247936574|-164273.13500539228|-164272.78185669877|-164272.44132045863
93.8|1.0|0.88|0.0|-164403.21937983416|-164402.7527190606|-164402.31128319373|-164401.79417260684|-164401.31489937994
94.0|1.0|0.88|0.0|-164316.2851341053|-164315.66712389168|-164315.07433858473|-164314.4184910111|-164313.78786834414
94.2|1.0|0.88|0.0|-164990.73607641968|-164989.67663033918|-164988.62979671202|-164987.54512572484|-164986.46045473768
94.4|1.0|0.88|0.0|-164587.94088152365|-164587.1210720566|-164586.30126258955|-164585.44361576246|-164584.59858138874
94.6|1.0|0.88|0.0|-164574.4905496489|-164573.50677828846|-164572.53561938135|-164571.51401066085|-164570.5050143937
94.8|1.0|0.88|0.0|-164429.73742267478|-164428.89238830106|-164428.05996638065|-164427.16448219356|-164426.29422291316
95.0|1.0|0.88|0.0|-164639.0823134197|-164638.2246665926|-164637.3544073122|-164636.43369821843|-164635.53821403134
95.2|1.0|0.88|0.0|-164839.77167095325|-164838.91402412616|-164838.08160220576|-164837.160893112|-164836.29063383158
95.4|1.0|0.88|0.0|-164580.9084228597|-164579.9498764059|-164579.0165548588|-164578.020171045|-164577.0490121379
95.6|1.0|0.88|0.0|-164514.47863112207|-164513.48224730827|-164512.51108840114|-164511.46425477398|-164510.45525850684
95.8|1.0|0.88|0.0|-164618.16096317416|-164617.44205333383|-164616.74836840015|-164615.99162119982|-164615.2474864528
96.0|1.0|0.88|0.0|-164359.21468366677|-164358.4200991064|-164357.66335190606|-164356.83092998568|-164356.01112051864
96.2|1.0|0.88|0.0|-164327.50830419097|-164326.70110717724|-164325.89391016352|-164325.06148824317|-164324.22906632276
96.4|1.0|0.88|0.0|-164326.79169868783|-164326.28720055427|-164325.80792732738|-164325.25297938046|-164324.73586879353
96.6|1.0|0.88|0.0|-164235.38625607316|-164234.60428396615|-164233.84753676577|-164233.0151148454|-164232.2079178317
96.8|1.0|0.88|0.0|-164325.5694497307|-164324.92621461043|-164324.3082043968|-164323.6397443698|-164322.98389679618
97.0|1.0|0.88|0.0|-164345.02919176823|-164344.3481192879|-164343.69227171427|-164342.97336187394|-164342.2922893936
97.2|1.0|0.88|0.0|-164442.4417062226|-164441.55883448885|-164440.7011876618|-164439.79309102136|-164438.89760683427
97.4|1.0|0.88|0.0|-164397.82366524238|-164396.78944406856|-164395.75522289478|-164394.6705519076|-164393.63633073377
97.6|1.0|0.88|0.0|-164190.90388125638|-164189.89488498925|-164188.89850117546|-164187.86428000164|-164186.83005882782
97.8|1.0|0.88|0.0|-164353.084681189|-164352.58018305546|-164352.1135222819|-164351.596411695|-164351.06668865474
98.0|1.0|0.88|0.0|-164456.2144203787|-164455.23064901825|-164454.25949011112|-164453.25049384398|-164452.24149757688
98.2|1.0|0.88|0.0|-164656.70197865882|-164656.00829372517|-164655.31460879152|-164654.58308649785|-164653.8641766575
98.4|1.0|0.88|0.0|-164625.96076637326|-164625.1157319995|-164624.29592253247|-164623.41305079873|-164622.55540397167
98.6|1.0|0.88|0.0|-164469.5915698737|-164468.50689888652|-164467.43484035268|-164466.3375569122|-164465.21504856498
98.8|1.0|0.88|0.0|-164516.63123908764|-164515.97539151402|-164515.31954394036|-164514.63847146006|-164513.9447865264
99.0|1.0|0.88|0.0|-164394.26383929118|-164393.55754190416|-164392.8890818772|-164392.14494713015|-164391.43864974318
99.2|1.0|0.88|0.0|-164184.3063652424|-164183.73880484214|-164183.19646934856|-164182.59107158825|-164181.99828628133
99.4|1.0|0.88|0.0|-164382.26356011818|-164381.67077481124|-164381.11582686432|-164380.48520419735|-164379.87980643706
99.6|1.0|0.88|0.0|-164537.92421271323|-164537.44493948633|-164536.99089116612|-164536.46116812585|-164535.96928244564
99.8|1.0|0.88|0.0|-164452.45007641276|-164451.70594166574|-164450.9870318254|-164450.20505971837|-164449.44831251804
100.0|1.0|0.88|0.0|-164402.61733371904|-164401.29302611842|-164399.98133097115|-164398.63179846384|-164397.28226595657
100.2|1.0|0.88|0.0|-164195.63872111472|-164194.83152410103|-164194.03693954065|-164193.20451762027|-164192.3720956999
100.4|1.0|0.88|0.0|-164284.51920999735|-164283.45976391685|-164282.4129302897|-164281.3282593025|-164280.24358831532
100.6|1.0|0.88|0.0|-163895.62377984982|-163894.84180774278|-163894.08506054245|-163893.26525107538|-163892.470666515
100.8|1.0|0.88|0.0|-164146.98976871656|-164146.37175850297|-164145.76636074268|-164145.11051316906|-164144.46727804872
101.0|1.0|0.88|0.0|-164050.8261670881|-164050.19554442112|-164049.5901466608|-164048.92168663387|-164048.26583906022
101.2|1.0|0.88|0.0|-164155.84890436908|-164155.04170735533|-164154.27234770166|-164153.43992578128|-164152.60750386087
101.4|1.0|0.88|0.0|-164359.9814616642|-164359.36345145057|-164358.77066614365|-164358.11481857003|-164357.48419590306
101.6|1.0|0.88|0.0|-164432.79898475474|-164432.2692617145|-164431.76476358093|-164431.18459072732|-164430.6296427804
101.8|1.0|0.88|0.0|-164305.17247666194|-164304.6679785284|-164304.17609284812|-164303.63375735458|-164303.1040343143
102.0|1.0|0.88|0.0|-163930.92709903084|-163930.30908881724|-163929.71630351027|-163929.06045593665|-163928.42983326968
102.2|1.0|0.88|0.0|-164196.57904355475|-164196.2132824079|-164195.8853586211|-164195.46914766092|-164195.10338651406
102.4|1.0|0.88|0.0|-163945.57232953378|-163944.96693177347|-163944.37414646655|-163943.74352379958|-163943.1129011326
102.6|1.0|0.88|0.0|-163913.37669637223|-163912.5568869052|-163911.74968989147|-163910.89204306444|-163910.08484605068
102.8|1.0|0.88|0.0|-164232.49669063897|-164231.92913023868|-164231.39940719845|-164230.79400943813|-164230.20122413122
103.0|1.0|0.88|0.0|-164392.3090869001|-164391.51450233973|-164390.71991777935|-164389.88749585897|-164389.05507393857
103.2|1.0|0.88|0.0|-163957.0785470706|-163956.0191009901|-163954.97226736293|-163953.9002088291|-163952.81553784193
103.4|1.0|0.88|0.0|-164048.21613489973|-164047.38371297932|-164046.57651596563|-164045.69364423188|-164044.86122231148
103.6|1.0|0.88|0.0|-164010.1594209951|-164009.31438662138|-164008.50718960766|-164007.6495427806|-164006.79189595353
103.8|1.0|0.88|0.0|-164271.94696840327|-164271.39202045632|-164270.86229741608|-164270.28212456248|-164269.70195170888
104.0|1.0|0.88|0.0|-164157.33071858785|-164156.47307176076|-164155.66587474706|-164154.77039055998|-164153.92535618626
104.2|1.0|0.88|0.0|-164156.28693632645|-164155.55541403277|-164154.84911664575|-164154.05453208537|-164153.3230097917
104.4|1.0|0.88|0.0|-164267.2513008048|-164266.3432041644|-164265.46033243064|-164264.5143984302|-164263.5810768831
104.6|1.0|0.88|0.0|-164156.55672066606|-164155.736911199|-164154.9297141853|-164154.05945490487|-164153.22703298452
104.8|1.0|0.88|0.0|-163984.57423865047|-163983.79226654346|-163983.04813179644|-163982.22832232938|-163981.433737769
105.0|1.0|0.88|0.0|-163911.8886700566|-163911.2832722963|-163910.71571189605|-163910.07247677576|-163909.46707901545
105.2|1.0|0.88|0.0|-163818.46822817306|-163817.69886851936|-163816.9295088657|-163816.12231185197|-163815.3277272916
105.4|1.0|0.88|0.0|-163832.51337221786|-163831.9205869109|-163831.35302651065|-163830.70979139034|-163830.11700608343
105.6|1.0|0.88|0.0|-163557.22196682054|-163556.9318803937|-163556.64179396693|-163556.31387018014|-163556.0111713
105.8|1.0|0.88|0.0|-164183.40885467734|-164182.8791316371|-164182.36202105018|-164181.80707310326|-164181.239512703
106.0|1.0|0.88|0.0|-163839.73940679096|-163839.08355921734|-163838.440324097|-163837.74663916335|-163837.07817913638
106.2|1.0|0.88|0.0|-164148.93029017307|-164147.65643238582|-164146.40779950522|-164145.10871681132|-164143.79702166404
106.4|1.0|0.88|0.0|-164380.23449571602|-164379.27594926226|-164378.31740280846|-164377.30840654133|-164376.32463518085
106.6|1.0|0.88|0.0|-163890.63860252377|-163889.9070802301|-163889.1881703898|-163888.4314231894|-163887.6872884424
106.8|1.0|0.88|0.0|-163933.72892225077|-163932.54335163688|-163931.357781023|-163930.14698550242|-163928.93618998188
107.0|1.0|0.88|0.0|-164506.8015966029|-164505.76737542904|-164504.75837916194|-164503.67370817476|-164502.61426209426
107.2|1.0|0.88|0.0|-164092.89871536996|-164091.92755646282|-164090.96901000905|-164089.94740128858|-164088.95101747478
107.4|1.0|0.88|0.0|-163842.1527059624|-163841.4464085754|-163840.75272364175|-163840.02120134808|-163839.28967905435
107.6|1.0|0.88|0.0|-164056.57042716656|-164055.88935468622|-164055.23350711257|-164054.52720972558|-164053.82091233862
107.8|1.0|0.88|0.0|-163986.467226495|-163985.8239913747|-163985.23120606775|-163984.5501335874|-163983.8942860138
108.0|1.0|0.88|0.0|-164329.72775657498|-164329.39983278816|-164329.07190900136|-164328.69353540117|-164328.34038670768
108.2|1.0|0.88|0.0|-164293.89940333614|-164293.36968029587|-164292.8651821623|-164292.31023421537|-164291.7426738151
108.4|1.0|0.88|0.0|-164279.72300578284|-164278.80229668907|-164277.90681250198|-164276.94826604822|-164276.00233204776
108.6|1.0|0.88|0.0|-164388.55751455887|-164387.87644207856|-164387.19536959822|-164386.46384730458|-164385.75754991756
108.8|1.0|0.88|0.0|-164239.9418458701|-164239.15987376307|-164238.40312656274|-164237.57070464233|-164236.7635076286
109.0|1.0|0.88|0.0|-164006.09434850776|-164005.19886432067|-164004.31599258695|-164003.39528349318|-164002.47457439944
109.2|1.0|0.88|0.0|-164062.86300098756|-164061.727880187|-164060.61798429317|-164059.45763858597|-164058.29729287876
109.4|1.0|0.88|0.0|-164111.03638449273|-164110.24179993238|-164109.45982782534|-164108.61479345162|-164107.79498398455
109.6|1.0|0.88|0.0|-164064.17557891793|-164063.69630569106|-164063.24225737082|-164062.71253433058|-164062.20803619703
109.8|1.0|0.88|0.0|-163806.60862993682|-163805.59963366968|-163804.6032498559|-163803.5438037754|-163802.52219505492
110.0|1.0|0.88|0.0|-163697.68235425596|-163697.40488028247|-163697.15263121572|-163696.84993233558|-163696.5472334554
110.2|1.0|0.88|0.0|-164124.33737323646|-164123.85810000956|-164123.4166641427|-164122.8995535558|-164122.40766787552
110.4|1.0|0.88|0.0|-164141.66862496804|-164141.1389019278|-164140.62179134088|-164140.02900603396|-164139.47405808704
110.6|1.0|0.88|0.0|-164148.8697973948|-164147.86080112768|-164146.8391924072|-164145.77974632673|-164144.73291269958
110.8|1.0|0.88|0.0|-163989.18337973513|-163988.71671896157|-163988.27528309467|-163987.77078496112|-163987.26628682754
111.0|1.0|0.88|0.0|-164180.38817235758|-164179.61881270388|-164178.89990286354|-164178.1179307565|-164177.36118355615
111.2|1.0|0.88|0.0|-164303.59820651673|-164302.79100950304|-164301.9838124893|-164301.1387781156|-164300.29374374187
111.4|1.0|0.88|0.0|-163894.56373227277|-163893.4916737389|-163892.4574525651|-163891.34755667127|-163890.2754981374
111.6|1.0|0.88|0.0|-163745.93456294615|-163745.17781574582|-163744.44629345214|-163743.6264839851|-163742.8571243314
111.8|1.0|0.88|0.0|-163493.2566727484|-163492.47470064135|-163491.70534098768|-163490.88553152065|-163490.07833450692
112.0|1.0|0.88|0.0|-163701.92392315753|-163701.0158265171|-163700.13295478336|-163699.1870207829|-163698.26631168916
112.2|1.0|0.88|0.0|-163925.7902535826|-163924.93260675552|-163924.0875723818|-163923.1794757414|-163922.29660400763
112.4|1.0|0.88|0.0|-163898.97020581723|-163898.21345861687|-163897.4819363232|-163896.69996421615|-163895.91799210914
112.6|1.0|0.88|0.0|-163968.10346405074|-163967.18275495697|-163966.29988322326|-163965.36656167614|-163964.43324012903
112.8|1.0|0.88|0.0|-163886.08040296807|-163885.37410558105|-163884.69303310075|-163883.96151080707|-163883.25521342008
113.0|1.0|0.88|0.0|-163808.54942584413|-163808.05754016386|-163807.59087939034|-163807.04854389673|-163806.5188208565
113.2|1.0|0.88|0.0|-163870.4008970196|-163869.55586264588|-163868.7360531788|-163867.8531814451|-163867.00814707138
113.4|1.0|0.88|0.0|-163774.2459701021|-163772.8964375948|-163771.5721299942|-163770.18476012687|-163768.82261516625
113.6|1.0|0.88|0.0|-164050.55669162155|-164049.79994442122|-164049.06842212754|-164048.27383756716|-164047.50447791346
113.8|1.0|0.88|0.0|-163980.54467705544|-163979.34649398824|-163978.148310921|-163976.91229049375|-163975.67627006653
114.0|1.0|0.88|0.0|-164275.65732540636|-164274.8375159393|-164274.0303189256|-164273.1726720985|-164272.32763772478
114.2|1.0|0.88|0.0|-164060.46619935855|-164059.8734140516|-164059.30585365134|-164058.6752309844|-164058.0698332241
114.4|1.0|0.88|0.0|-163710.946242942|-163710.25255800836|-163709.57148552805|-163708.83996323438|-163708.13366584736
114.6|1.0|0.88|0.0|-163807.6410286844|-163806.90950639072|-163806.16537164373|-163805.3833995367|-163804.62665233633
114.8|1.0|0.88|0.0|-163803.94853433932|-163803.80979735262|-163803.6836728192|-163803.4818735658|-163803.33052412572
115.0|1.0|0.88|0.0|-164101.7537825848|-164101.41324634466|-164101.08532255783|-164100.719561411|-164100.3538002642
115.2|1.0|0.88|0.0|-164088.79981458685|-164088.2953164533|-164087.84126813308|-164087.31154509285|-164086.80704695926
115.4|1.0|0.88|0.0|-163994.5121829484|-163993.94462254815|-163993.42751196126|-163992.8347266543|-163992.26716625405
115.6|1.0|0.88|0.0|-164151.7894760884|-164151.71380136837|-164151.6507391017|-164151.53722702162|-164151.44893984823
115.8|1.0|0.88|0.0|-164082.62278197618|-164082.16873365594|-164081.7399102424|-164081.26063701554|-164080.8065886953
116.0|1.0|0.88|0.0|-164408.06691421245|-164407.57502853218|-164407.10836775866|-164406.59125717176|-164406.08675903818
116.2|1.0|0.88|0.0|-164106.44431772857|-164106.28035583516|-164106.11639394175|-164105.901982235|-164105.72540788824
116.4|1.0|0.88|0.0|-164305.84328330786|-164305.31356026762|-164304.78383722738|-164304.20366437378|-164303.64871642683
116.6|1.0|0.88|0.0|-164298.35373281012|-164297.62221051645|-164296.89068822275|-164296.10871611573|-164295.32674400872
116.8|1.0|0.88|0.0|-164070.57002965172|-164069.20788469107|-164067.88357709046|-164066.48359476982|-164065.1340622625
117.0|1.0|0.88|0.0|-164191.5487074483|-164190.79196024797|-164190.0730504076|-164189.3036907539|-164188.54694355358
117.2|1.0|0.88|0.0|-164324.05514223006|-164323.47496937646|-164322.89479652286|-164322.2641738559|-164321.64616364226
117.4|1.0|0.88|0.0|-164185.27527392266|-164184.54375162898|-164183.83745424196|-164183.05548213492|-164182.32395984125
117.6|1.0|0.88|0.0|-163677.66414663626|-163676.9704617026|-163676.28938922228|-163675.5452544753|-163674.8389570883
117.8|1.0|0.88|0.0|-163941.4982934672|-163940.75415872017|-163940.01002397315|-163939.21543941277|-163938.4460797591
118.0|1.0|0.88|0.0|-163903.33725713484|-163902.42916049442|-163901.52106385402|-163900.5877423069|-163899.6544207598
118.2|1.0|0.88|0.0|-164035.21306924964|-164034.25452279588|-164033.32120124876|-164032.3374298883|-164031.36627098118
118.4|1.0|0.88|0.0|-164109.59011983997|-164108.6441858395|-164107.71086429243|-164106.72709293198|-164105.76854647818
118.6|1.0|0.88|0.0|-164079.63891507237|-164078.882167872|-164078.12542067163|-164077.31822365796|-164076.53625155092
118.8|1.0|0.88|0.0|-164015.2523407757|-164014.7100052821|-164014.18028224184|-164013.60010938824|-164013.04516144135
119.0|1.0|0.88|0.0|-164359.97034128197|-164359.0244072815|-164358.11631064108|-164357.14515173397|-164356.18660528018
119.2|1.0|0.88|0.0|-164148.27266293953|-164147.12492968567|-164145.98980888515|-164144.8168507246|-164143.64389256405
119.4|1.0|0.88|0.0|-164135.15110738776|-164134.40697264075|-164133.6880628004|-164132.89347824006|-164132.13673103967
119.6|1.0|0.88|0.0|-164364.737316214|-164363.74093240022|-164362.76977349308|-164361.73555231927|-164360.7139435988
119.8|1.0|0.88|0.0|-164047.50858839977|-164046.5374294927|-164045.59149549223|-164044.58249922507|-164043.59872786462
120.0|1.0|0.88|0.0|-164261.3902788588|-164260.82271845854|-164260.2677705116|-164259.63714784465|-164259.03175008437
120.2|1.0|0.88|0.0|-163931.5724930045|-163930.61394655073|-163929.68062500362|-163928.69685364314|-163927.73830718937
120.4|1.0|0.88|0.0|-163718.34635685178|-163717.24907341128|-163716.1770148774|-163715.04189407692|-163713.93199818305
120.6|1.0|0.88|0.0|-164309.7947437408|-164308.60917312687|-164307.44882741966|-164306.21280699244|-164304.98939901855
120.8|1.0|0.88|0.0|-164445.22735169402|-164444.14268070686|-164443.07062217302|-164441.96072627918|-164440.86344283866
121.0|1.0|0.88|0.0|-164282.33764996147|-164281.32865369433|-164280.34488233388|-164279.29804870673|-164278.27643998625
121.2|1.0|0.88|0.0|-164202.14767163078|-164201.34047461706|-164200.53327760333|-164199.6882432296|-164198.85582130923
121.4|1.0|0.88|0.0|-164305.62748452355|-164304.37885164295|-164303.18066857572|-164301.90681078847|-164300.65817790787
121.6|1.0|0.88|0.0|-163993.88816687954|-163992.80349589235|-163991.74404981188|-163990.634153918|-163989.52425802418
121.8|1.0|0.88|0.0|-164206.83032713266|-164206.35105390576|-164205.9096180389|-164205.40511990534|-164204.8880093184
122.0|1.0|0.88|0.0|-164303.2323223986|-164302.3494506649|-164301.4918038378|-164300.57109474405|-164299.67561055697
122.2|1.0|0.88|0.0|-164483.5012113634|-164482.9841007765|-164482.45437773626|-164481.886817336|-164481.3444818424
122.4|1.0|0.88|0.0|-164477.92650698748|-164477.06886016042|-164476.24905069335|-164475.35356650627|-164474.4959196792
122.6|1.0|0.88|0.0|-164445.23102562022|-164444.72652748667|-164444.22202935308|-164443.6796938595|-164443.12474591256
122.8|1.0|0.88|0.0|-164263.40489882993|-164262.86256333636|-164262.33284029612|-164261.75266744252|-164261.18510704226
123.0|1.0|0.88|0.0|-164662.01881357506|-164661.161166748|-164660.31613237425|-164659.42064818717|-164658.55038890676
123.2|1.0|0.88|0.0|-164323.16843643333|-164322.58826357973|-164322.02070317944|-164321.41530541916|-164320.8225201122
123.4|1.0|0.88|0.0|-164140.6571430032|-164140.03913278956|-164139.44634748262|-164138.79049990897|-164138.159877242
123.6|1.0|0.88|0.0|-164313.92550334745|-164313.5345172939|-164313.15614369372|-164312.72732028022|-164312.31110932
123.8|1.0|0.88|0.0|-164121.21886638494|-164120.53779390463|-164119.88194633098|-164119.1504240373|-164118.45673910365
124.0|1.0|0.88|0.0|-164366.54633971816|-164366.167966118|-164365.81481742449|-164365.4112189176|-164365.03284531744
124.2|1.0|0.88|0.0|-164345.72713337772|-164344.91993636402|-164344.12535180367|-164343.29292988326|-164342.47312041622
124.4|1.0|0.88|0.0|-164255.08578469127|-164254.85876053118|-164254.65696127774|-164254.40471221093|-164254.1650755975
124.6|1.0|0.88|0.0|-164245.4244127602|-164244.76856518656|-164244.1379425196|-164243.4316451326|-164242.77579755895
124.8|1.0|0.88|0.0|-164213.84383632938|-164213.32672574246|-164212.83484006222|-164212.29250456864|-164211.7627815284
125.0|1.0|0.88|0.0|-164106.32251599463|-164105.93152994112|-164105.55315634096|-164105.14955783408|-164104.72073442058
125.2|1.0|0.88|0.0|-164271.55075754743|-164270.99580960048|-164270.46608656025|-164269.88591370665|-164269.33096575973
125.4|1.0|0.88|0.0|-164209.82139116415|-164209.21599340386|-164208.63582055026|-164208.0051978833|-164207.37457521632
125.6|1.0|0.88|0.0|-164541.5172691615|-164541.34069481475|-164541.16412046802|-164540.94970876124|-164540.7352970545
125.8|1.0|0.88|0.0|-164470.4334821417|-164469.5379979546|-164468.65512622087|-164467.72180467378|-164466.80109557998
126.0|1.0|0.88|0.0|-164764.98640463158|-164764.30533215124|-164763.64948457762|-164762.94318719063|-164762.24950225698
126.2|1.0|0.88|0.0|-164526.92612827066|-164526.0810938969|-164525.24867197656|-164524.3658002428|-164523.5207658691
126.4|1.0|0.88|0.0|-164628.20052141396|-164627.54467384034|-164626.90143872003|-164626.19514133304|-164625.5140688527
126.6|1.0|0.88|0.0|-164558.1925540324|-164557.76373061887|-164557.34751965865|-164556.8808588851|-164556.4268105649
126.8|1.0|0.88|0.0|-164361.3060654852|-164360.76372999162|-164360.23400695136|-164359.67905900444|-164359.12411105752
127.0|1.0|0.88|0.0|-164598.91303560408|-164598.40853747053|-164597.9166517903|-164597.37431629671|-164596.8572057098
127.2|1.0|0.88|0.0|-164193.85937912302|-164193.48100552283|-164193.10263192267|-164192.6738085091|-164192.2449850956
127.4|1.0|0.88|0.0|-164464.32519948468|-164463.99727569785|-164463.6945768177|-164463.3414281242|-164462.98827943072
127.6|1.0|0.88|0.0|-164420.61822272587|-164420.4794857391|-164420.3785861124|-164420.214624219|-164420.0758872323
127.8|1.0|0.88|0.0|-164439.56852736973|-164438.86222998277|-164438.16854504912|-164437.3991853954|-164436.69288800843
128.0|1.0|0.88|0.0|-164683.57520116324|-164683.03286566967|-164682.50314262943|-164681.92296977583|-164681.35540937557
128.2|1.0|0.88|0.0|-164681.40407129508|-164681.01308524155|-164680.63471164138|-164680.20588822785|-164679.77706481432
128.4|1.0|0.88|0.0|-164587.47261169855|-164586.75370185822|-164586.06001692457|-164585.30326972422|-164584.57174743054
128.6|1.0|0.88|0.0|-164725.48589474522|-164724.81743471822|-164724.1615871446|-164723.4552897576|-164722.76160482396
128.8|1.0|0.88|0.0|-164514.99745026548|-164513.81187965156|-164512.6641463977|-164511.45335087713|-164510.25516780993
129.0|1.0|0.88|0.0|-164477.17705139884|-164476.72300307863|-164476.26895475845|-164475.76445662486|-164475.28518339797
129.2|1.0|0.88|0.0|-164833.88245673844|-164833.0878721781|-164832.3185125244|-164831.48609060398|-164830.66628113695
129.4|1.0|0.88|0.0|-164573.88934360392|-164573.15782131025|-164572.45152392326|-164571.66955181622|-164570.9128046159
129.6|1.0|0.88|0.0|-164441.45001526646|-164440.81939259951|-164440.2139948392|-164439.54553481226|-164438.90229969192
129.8|1.0|0.88|0.0|-164792.62617674618|-164791.9955540792|-164791.3775438656|-164790.70908383862|-164790.0658487183
130.0|1.0|0.88|0.0|-164661.64978739113|-164661.0317771775|-164660.4263794172|-164659.79575675025|-164659.13990917662
130.2|1.0|0.88|0.0|-164718.70743372824|-164718.00113634125|-164717.3452887676|-164716.61376647392|-164715.90746908693
130.4|1.0|0.88|0.0|-164586.66061173246|-164585.9669267988|-164585.2858543185|-164584.5669444782|-164583.84803463783
130.6|1.0|0.88|0.0|-164602.79012591238|-164602.10905343207|-164601.44059340507|-164600.70907111143|-164600.01538617775
130.8|1.0|0.88|0.0|-164815.67481928522|-164814.71627283146|-164813.75772637763|-164812.7487301105|-164811.77757120342
131.0|1.0|0.88|0.0|-164788.10407619062|-164787.5491282437|-164787.01940520346|-164786.42661989652|-164785.83383458958
131.2|1.0|0.88|0.0|-164270.28719189594|-164269.80791866904|-164269.36648280217|-164268.8619846686|-164268.37009898838
131.4|1.0|0.88|0.0|-164784.88790058912|-164784.44646472228|-164784.05547866874|-164783.58881789522|-164783.15999448166
131.6|1.0|0.88|0.0|-164718.25630959807|-164718.11757261134|-164718.0040605313|-164717.82748618454|-164717.67613674447
131.8|1.0|0.88|0.0|-164553.4499962427|-164552.7689237624|-164552.11307618872|-164551.40677880176|-164550.7130938681
132.0|1.0|0.88|0.0|-164462.95564353385|-164462.03493444007|-164461.12683779967|-164460.19351625256|-164459.2349697988
132.2|1.0|0.88|0.0|-164392.15017756764|-164391.2546933806|-164390.39704655352|-164389.4637250064|-164388.56824081932
132.4|1.0|0.88|0.0|-164623.97678346236|-164623.1191366353|-164622.3119396216|-164621.44168034117|-164620.5714210608
132.6|1.0|0.88|0.0|-164312.47189806725|-164312.0304622004|-164311.62686369353|-164311.14759046666|-164310.6809296931
132.8|1.0|0.88|0.0|-164400.39432329033|-164399.99072478348|-164399.61235118328|-164399.1961402231|-164398.7799292629
133.0|1.0|0.88|0.0|-164078.2386202103|-164077.75934698342|-164077.2800737565|-164076.7629631696|-164076.25846503602
133.2|1.0|0.88|0.0|-164326.65997219598|-164326.09241179572|-164325.55007630214|-164324.95729099517|-164324.37711814157
133.4|1.0|0.88|0.0|-164415.90068824252|-164415.20700330887|-164414.53854328187|-164413.78179608154|-164413.07549869452
133.6|1.0|0.88|0.0|-164231.0161520071|-164230.18373008672|-164229.376533073|-164228.49366133925|-164227.6360145122
133.8|1.0|0.88|0.0|-164579.2124279363|-164578.74576716273|-164578.3169437492|-164577.825058069|-164577.35839729544
134.0|1.0|0.88|0.0|-164424.8937399117|-164424.7297780183|-164424.59104103158|-164424.38924177815|-164424.2126674314
134.2|1.0|0.88|0.0|-164669.806976656|-164669.31509097578|-164668.83581774888|-164668.28086980194|-164667.76375921504
134.4|1.0|0.88|0.0|-164540.40595331145|-164540.15370424467|-164539.90145517787|-164539.59875629775|-164539.32128232426
134.6|1.0|0.88|0.0|-164322.059161103|-164321.26457654263|-164320.46999198227|-164319.63757006187|-164318.83037304817
134.8|1.0|0.88|0.0|-164431.06538785726|-164430.6870142571|-164430.34647801693|-164429.94287951008|-164429.55189345655
135.0|1.0|0.88|0.0|-164408.59779092608|-164407.9545558058|-164407.34915804552|-164406.6680855652|-164406.01223799156
135.2|1.0|0.88|0.0|-164342.77339694873|-164342.26889881518|-164341.75178822826|-164341.19684028137|-164340.65450478776
135.4|1.0|0.88|0.0|-164569.15432193427|-164568.71288606737|-164568.28406265384|-164567.80478942697|-164567.32551620007
135.6|1.0|0.88|0.0|-164319.6673824313|-164319.23855901777|-164318.83496051093|-164318.35568728403|-164317.9268638705
135.8|1.0|0.88|0.0|-164409.2224465026|-164408.4530868489|-164407.69633964854|-164406.88914263484|-164406.09455807446
136.0|1.0|0.88|0.0|-164465.64250095488|-164464.92359111458|-164464.2299061809|-164463.4857714339|-164462.76686159355
136.2|1.0|0.88|0.0|-164197.76097277296|-164197.33214935943|-164196.92855085255|-164196.47450253234|-164196.0330666655
136.4|1.0|0.88|0.0|-164028.72037332493|-164028.43028689813|-164028.165425378|-164027.8375015912|-164027.5474151644
136.6|1.0|0.88|0.0|-164448.16012157378|-164447.7439106136|-164447.35292456005|-164446.89887623987|-164446.4700528263
136.8|1.0|0.88|0.0|-164471.49697149583|-164470.62671221545|-164469.79429029505|-164468.898806108|-164468.0159343742
137.0|1.0|0.88|0.0|-164382.49045329454|-164381.7967683609|-164381.1283083339|-164380.38417358688|-164379.66526374654
137.2|1.0|0.88|0.0|-164050.13969535296|-164049.0928617258|-164048.058640552|-164046.97396956483|-164045.88929857765
137.4|1.0|0.88|0.0|-164147.7700248764|-164147.1898520228|-164146.6222916225|-164146.01689386222|-164145.42410855528
137.6|1.0|0.88|0.0|-164175.03091456633|-164174.62731605946|-164174.23633000595|-164173.79489413908|-164173.36607072555
137.8|1.0|0.88|0.0|-164127.21913896408|-164126.23536760363|-164125.27682114983|-164124.24259997605|-164123.23360370888
138.0|1.0|0.88|0.0|-164482.43098642843|-164481.51027733466|-164480.64001805426|-164479.68147160046|-164478.76076250672
138.2|1.0|0.88|0.0|-164055.54481749856|-164053.96826083117|-164052.4043166171|-164050.7899225897|-164049.1881410156
138.4|1.0|0.88|0.0|-164012.65725619486|-164012.253657688|-164011.87528408782|-164011.4212357676|-164010.9924123541
138.6|1.0|0.88|0.0|-164300.8896523559|-164299.76714400869|-164298.6824730215|-164297.5221273143|-164296.39961896712
138.8|1.0|0.88|0.0|-164130.97468097|-164129.65037336937|-164128.3386782221|-164126.98914571482|-164125.63961320752
139.0|1.0|0.88|0.0|-164004.93526918563|-164004.26680915864|-164003.610961585|-164002.89205174468|-164002.19836681103
139.2|1.0|0.88|0.0|-164228.19022526313|-164227.26951616936|-164226.37403198227|-164225.40287307516|-164224.4569390747
139.4|1.0|0.88|0.0|-164054.23919503303|-164053.5455100994|-164052.86443761905|-164052.13291532538|-164051.41400548504
139.6|1.0|0.88|0.0|-164690.42395391624|-164689.6167569025|-164688.80955988882|-164687.95191306173|-164687.106878688
139.8|1.0|0.88|0.0|-164772.56964322648|-164771.69938394608|-164770.85434957236|-164769.95886538527|-164769.07599365152
140.0|1.0|0.88|0.0|-164670.49372208712|-164669.49733827333|-164668.51356691285|-164667.49195819238|-164666.4703494719
140.2|1.0|0.88|0.0|-164602.58578224335|-164601.5011112562|-164600.39121536232|-164599.2560945618|-164598.14619866796
140.4|1.0|0.88|0.0|-164429.1771612825|-164428.13032765538|-164427.09610648156|-164426.01143549438|-164424.9519894139
140.6|1.0|0.88|0.0|-164721.1236497434|-164720.29122782304|-164719.4840308093|-164718.60115907554|-164717.7435122485
140.8|1.0|0.88|0.0|-164396.4538758854|-164395.44487961824|-164394.47372071116|-164393.426887084|-164392.39266591016
141.0|1.0|0.88|0.0|-164169.64777069192|-164168.4495876247|-164167.26401701084|-164166.04060903692|-164164.8045886097
141.2|1.0|0.88|0.0|-164616.16645626005|-164615.33403433967|-164614.50161241926|-164613.61874068555|-164612.76109385843
141.4|1.0|0.88|0.0|-164171.9151240536|-164171.2845013867|-164170.69171607972|-164170.0358685061|-164169.40524583912
141.6|1.0|0.88|0.0|-163927.56411511064|-163926.66863092355|-163925.79837164318|-163924.89027500272|-163923.98217836232
141.8|1.0|0.88|0.0|-164494.34254326814|-164493.4218341744|-164492.5263499873|-164491.55519108017|-164490.63448198643
142.0|1.0|0.88|0.0|-164149.51346921964|-164148.65582239258|-164147.84862537886|-164146.96575364514|-164146.13333172473
142.2|1.0|0.88|0.0|-164219.32843774735|-164218.6725901737|-164218.0293550534|-164217.31044521305|-164216.62937273274
142.4|1.0|0.88|0.0|-164337.02785230888|-164336.08191830842|-164335.16120921468|-164334.16482540086|-164333.19366649375
142.6|1.0|0.88|0.0|-164147.19326578686|-164146.60048047992|-164146.00769517297|-164145.36446005266|-164144.74644983906
142.8|1.0|0.88|0.0|-164200.1980822111|-164199.5296221841|-164198.8737746105|-164198.1674772235|-164197.47379228982
143.0|1.0|0.88|0.0|-164460.4482326719|-164459.3257243247|-164458.21582843087|-164457.05548272366|-164455.9203619231
143.2|1.0|0.88|0.0|-164348.6388338198|-164347.9703737928|-164347.31452621918|-164346.59561637882|-164345.9145438985
143.4|1.0|0.88|0.0|-164219.83456341515|-164218.87601696138|-164217.9174705076|-164216.90847424045|-164215.92470288003
143.6|1.0|0.88|0.0|-164475.68000854878|-164474.69623718833|-164473.72507828122|-164472.70346956074|-164471.70708574695
143.8|1.0|0.88|0.0|-164335.0259289099|-164334.19350698948|-164333.37369752247|-164332.50343824204|-164331.63317896167
144.0|1.0|0.88|0.0|-164353.0392176643|-164352.34553273066|-164351.66446025032|-164350.95816286336|-164350.239253023
144.2|1.0|0.88|0.0|-164642.09142329238|-164641.34728854537|-164640.6157662517|-164639.82118169134|-164639.05182203764
144.4|1.0|0.88|0.0|-164780.43406351886|-164779.58902914514|-164778.7818321314|-164777.91157285104|-164777.0665384773
144.6|1.0|0.88|0.0|-164383.58321920055|-164382.87692181356|-164382.19584933325|-164381.42648967955|-164380.69496738588
144.8|1.0|0.88|0.0|-164584.72662505432|-164584.09600238735|-164583.4653797204|-164582.78430724007|-164582.12845966642
145.0|1.0|0.88|0.0|-164873.65502590183|-164873.06224059488|-164872.48206774128|-164871.838832621|-164871.22082240737
145.2|1.0|0.88|0.0|-164373.40131252064|-164372.77068985367|-164372.19051700007|-164371.54728187976|-164370.91665921282
145.4|1.0|0.88|0.0|-164392.18480959878|-164391.25148805167|-164390.33077895793|-164389.37223250413|-164388.4136860503
145.6|1.0|0.88|0.0|-164546.9345124129|-164546.1903776659|-164545.44624291887|-164544.65165835852|-164543.8822987048
145.8|1.0|0.88|0.0|-164363.6251155808|-164362.8179185671|-164362.02333400672|-164361.19091208634|-164360.35849016593
146.0|1.0|0.88|0.0|-164285.55634915552|-164284.8500517685|-164284.19420419488|-164283.4626819012|-164282.7563845142
146.2|1.0|0.88|0.0|-164549.92709451792|-164549.28385939763|-164548.67846163735|-164548.01000161038|-164547.35415403673
146.4|1.0|0.88|0.0|-164629.04501431482|-164628.45222900787|-164627.8846686076|-164627.266658394|-164626.67387308704
146.6|1.0|0.88|0.0|-164433.62125473807|-164433.31855585793|-164433.04108188447|-164432.7005456443|-164432.36000940416
146.8|1.0|0.88|0.0|-164645.515236235|-164644.98551319473|-164644.50623996786|-164643.96390447428|-164643.43418143404
147.0|1.0|0.88|0.0|-164710.50714933904|-164710.2044504589|-164709.92697648544|-164709.5864402453|-164709.25851645845
147.2|1.0|0.88|0.0|-164711.60777171762|-164711.20417321075|-164710.8005747039|-164710.35913883703|-164709.94292787684
147.4|1.0|0.88|0.0|-164584.25145730912|-164583.78479653556|-164583.33074821532|-164582.81363762845|-164582.33436440155
147.6|1.0|0.88|0.0|-164155.17835031197|-164154.78736425843|-164154.39637820492|-164153.95494233802|-164153.53873137783
147.8|1.0|0.88|0.0|-164313.61415314383|-164313.13487991696|-164312.6934440501|-164312.1763334632|-164311.68444778293
148.0|1.0|0.88|0.0|-164548.8477405175|-164548.9486401442|-164549.04953977093|-164549.1126020376|-164549.20088921097
148.2|1.0|0.88|0.0|-164226.33469618048|-164225.84281050027|-164225.35092482003|-164224.8338142331|-164224.3167036462
148.4|1.0|0.88|0.0|-164471.69534994668|-164471.01427746637|-164470.35842989272|-164469.65213250573|-164468.9458351187
148.6|1.0|0.88|0.0|-164224.0501896747|-164223.55830399448|-164223.0664183143|-164222.52408282066|-164222.00697223374
148.8|1.0|0.88|0.0|-164398.3542948226|-164397.52187290223|-164396.72728834185|-164395.85702906147|-164395.02460714107
149.0|1.0|0.88|0.0|-164362.606351927|-164361.95050435336|-164361.3198816864|-164360.62619675274|-164359.95773672577
149.2|1.0|0.88|0.0|-163925.80889830674|-163925.01431374636|-163924.24495409266|-163923.41253217228|-163922.5801102519
149.4|1.0|0.88|0.0|-164188.705626256|-164188.1506783091|-164187.60834281548|-164187.01555750854|-164186.42277220162
149.6|1.0|0.88|0.0|-164000.12354611876|-163999.278511745|-163998.44608982466|-163997.57583054423|-163996.70557126385
149.8|1.0|0.88|0.0|-164030.90678775028|-164030.16265300324|-164029.43113070956|-164028.63654614918|-164027.8671864955
150.0|1.0|0.88|0.0|-164255.78093433744|-164255.28904865723|-164254.84761279036|-164254.30527729678|-164253.82600406988
150.2|1.0|0.88|0.0|-164313.7051934224|-164313.56645643563|-164313.44033190227|-164313.26375755548|-164313.1124081154
150.4|1.0|0.88|0.0|-164142.0497034757|-164141.6587174222|-164141.26773136866|-164140.81368304847|-164140.3848596349
150.6|1.0|0.88|0.0|-164236.52462262186|-164236.29759846177|-164236.07057430167|-164235.80571278156|-164235.55346371475
150.8|1.0|0.88|0.0|-164100.33535146504|-164099.3137427446|-164098.3173589308|-164097.2579128503|-164096.22369167648
151.0|1.0|0.88|0.0|-164120.43620234728|-164119.83080458696|-164119.23801928002|-164118.60739661308|-164117.9767739461
151.2|1.0|0.88|0.0|-164007.11330909445|-164006.25566226736|-164005.423240347|-164004.54036861326|-164003.68272178617
151.4|1.0|0.88|0.0|-164121.3563558978|-164120.78879549753|-164120.2338475506|-164119.61583733698|-164119.03566448338
151.6|1.0|0.88|0.0|-164137.8323529589|-164137.60532879882|-164137.4035295454|-164137.13866802526|-164136.89903141183
151.8|1.0|0.88|0.0|-164024.61579019146|-164023.8590429911|-164023.12752069742|-164022.33293613704|-164021.55096403
152.0|1.0|0.88|0.0|-163950.52333259938|-163949.69091067897|-163948.88371366527|-163948.03867929155|-163947.18103246446
152.2|1.0|0.88|0.0|-163932.9976091219|-163932.11473738815|-163931.26970301443|-163930.36160637403|-163929.46612218695
152.4|1.0|0.88|0.0|-163982.57932199282|-163981.80996233912|-163981.04060268542|-163980.24601812506|-163979.45143356468
152.6|1.0|0.88|0.0|-164190.88965370785|-164190.0320068808|-164189.19958496038|-164188.31671322667|-164187.43384149292
152.8|1.0|0.88|0.0|-164266.327876377|-164265.41977973658|-164264.56213290952|-164263.62881136243|-164262.70810226863
153.0|1.0|0.88|0.0|-163936.80209206432|-163936.32281883742|-163935.8309331572|-163935.3138225703|-163934.7967119834
153.2|1.0|0.88|0.0|-164250.61917709705|-164250.06422915013|-164249.5345061099|-164248.94172080292|-164248.37416040266
153.4|1.0|0.88|0.0|-164136.68894710342|-164135.95742480972|-164135.22590251605|-164134.46915531572|-164133.69979566202
153.6|1.0|0.88|0.0|-164156.56608902672|-164156.09942825316|-164155.65799238626|-164155.1534942527|-164154.67422102584
153.8|1.0|0.88|0.0|-164206.33482990324|-164205.69159478293|-164205.060972116|-164204.3672871823|-164203.69882715534
154.0|1.0|0.88|0.0|-164335.14630026324|-164334.8436013831|-164334.5535149563|-164334.20036626278|-164333.85983002264
154.2|1.0|0.88|0.0|-164236.2665898982|-164235.38371816446|-164234.50084643072|-164233.56752488363|-164232.67204069655
154.4|1.0|0.88|0.0|-164267.1527683246|-164266.45908339095|-164265.80323581732|-164265.08432597696|-164264.37802859
154.6|1.0|0.88|0.0|-164442.9100060804|-164441.90100981327|-164440.91723845282|-164439.88301727895|-164438.8487961052
154.8|1.0|0.88|0.0|-164438.7490006529|-164438.0048659059|-164437.24811870555|-164436.4283092385|-164435.65894958482
155.0|1.0|0.88|0.0|-164207.77714265193|-164207.46183131845|-164207.1591324383|-164206.79337129148|-164206.45283505128
155.2|1.0|0.88|0.0|-164446.85880815005|-164446.41737228315|-164446.0137737763|-164445.5345005494|-164445.09306468253
155.4|1.0|0.88|0.0|-164142.84873559084|-164142.53342425736|-164142.24333783056|-164141.87757668374|-164141.5496528969
155.6|1.0|0.88|0.0|-164222.47435010312|-164221.80589007615|-164221.13743004916|-164220.41852020883|-164219.72483527518
155.8|1.0|0.88|0.0|-164718.5384314275|-164717.93303366724|-164717.35286081364|-164716.72223814667|-164716.0916154797
156.0|1.0|0.88|0.0|-164552.04345509506|-164551.02184637456|-164550.01285010742|-164548.9407915736|-164547.89395794645
156.2|1.0|0.88|0.0|-164276.49439845158|-164275.71242634454|-164274.98090405087|-164274.1484821305|-164273.36651002345
156.4|1.0|0.88|0.0|-164692.56524864802|-164691.707601821|-164690.88779235393|-164690.00492062018|-164689.14727379312
156.6|1.0|0.88|0.0|-164851.45132966855|-164851.0477311617|-164850.6567451082|-164850.20269678795|-164849.77387337442
156.8|1.0|0.88|0.0|-164372.56984265207|-164372.09056942517|-164371.6491335583|-164371.1572478781|-164370.66536219785
157.0|1.0|0.88|0.0|-164704.20055091527|-164703.1789421948|-164702.182558381|-164701.12311230047|-164700.08889112668
157.2|1.0|0.88|0.0|-164404.261724679|-164403.4923650253|-164402.73561782492|-164401.92842081122|-164401.13383625087
157.4|1.0|0.88|0.0|-164298.5063034297|-164297.8000060427|-164297.09370865568|-164296.3495739087|-164295.61805161502
157.6|1.0|0.88|0.0|-164147.4960652782|-164146.73931807783|-164145.99518333082|-164145.20059877043|-164144.41862666342
157.8|1.0|0.88|0.0|-164083.74499406127|-164083.2657208344|-164082.79906006085|-164082.2945619273|-164081.81528870037
158.0|1.0|0.88|0.0|-164111.43790065785|-164110.55502892414|-164109.69738209705|-164108.78928545662|-164107.90641372287
158.2|1.0|0.88|0.0|-164142.36363624563|-164141.60688904524|-164140.90059165825|-164140.1060070979|-164139.32403499086
158.4|1.0|0.88|0.0|-163954.18635537376|-163953.44222062675|-163952.71069833307|-163951.90350131935|-163951.13414166568
158.6|1.0|0.88|0.0|-163978.65451485183|-163977.9608299182|-163977.27975743785|-163976.54823514418|-163975.8167128505
158.8|1.0|0.88|0.0|-164308.5485357392|-164307.66566400547|-164306.80801717838|-164305.89992053798|-164305.0170488042
159.0|1.0|0.88|0.0|-163998.95920276947|-163998.13939330244|-163997.37003364874|-163996.52499927502|-163995.6925773546
159.2|1.0|0.88|0.0|-164324.09494468517|-164323.28774767148|-164322.4931631111|-164321.64812873738|-164320.815706817
159.4|1.0|0.88|0.0|-164270.20977206295|-164269.80617355608|-164269.4025750492|-164268.9737516357|-164268.53231576885
159.6|1.0|0.88|0.0|-164311.70506375423|-164310.8978667405|-164310.0906697268|-164309.2582478064|-164308.42582588602
159.8|1.0|0.88|0.0|-164089.22138685052|-164088.61598909023|-164088.03581623663|-164087.4051935697|-164086.78718335606
160.0|1.0|0.88|0.0|-164407.69844611897|-164407.1561106254|-164406.63900003847|-164406.05882718487|-164405.4912667846
160.2|1.0|0.88|0.0|-164408.65924612226|-164407.59980004173|-164406.5908037746|-164405.50613278744|-164404.44668670694
160.4|1.0|0.88|0.0|-164519.1461655198|-164518.04888207928|-164516.98943599878|-164515.8669276516|-164514.75703175773
160.6|1.0|0.88|0.0|-164300.8750480314|-164300.14352573772|-164299.43722835073|-164298.66786869703|-164297.89850904333
160.8|1.0|0.88|0.0|-164498.27448635717|-164498.0600746504|-164497.88350030367|-164497.63125123686|-164497.40422707677
161.0|1.0|0.88|0.0|-165017.89894044356|-165017.21786796325|-165016.5367954829|-165015.83049809595|-165015.12420070896
161.2|1.0|0.88|0.0|-164804.86199109093|-164804.16830615728|-164803.48723367698|-164802.7557113833|-164802.02418908963
161.4|1.0|0.88|0.0|-164694.74266098626|-164694.64176135958|-164694.56608663953|-164694.41473719946|-164694.28861266607
161.6|1.0|0.88|0.0|-164500.56026256617|-164499.56387875238|-164498.59271984527|-164497.55849867145|-164496.54950240432
161.8|1.0|0.88|0.0|-164628.53573914178|-164628.20781535495|-164627.87989156815|-164627.50151796796|-164627.13575682114
162.0|1.0|0.88|0.0|-164917.42398287644|-164916.32669943591|-164915.25464090207|-164914.1321325549|-164913.02223666105
162.2|1.0|0.88|0.0|-164513.29333073754|-164512.52397108384|-164511.76722388348|-164510.96002686978|-164510.14021740272
162.4|1.0|0.88|0.0|-164710.54924864136|-164709.80511389434|-164709.09881650732|-164708.32945685365|-164707.57270965326
162.6|1.0|0.88|0.0|-164380.28156709202|-164379.63833197174|-164379.02032175811|-164378.35186173112|-164377.6960141575
162.8|1.0|0.88|0.0|-164313.54907647427|-164313.10764060737|-164312.69142964718|-164312.21215642028|-164311.7328831934
163.0|1.0|0.88|0.0|-164354.93394534572|-164354.49250947882|-164354.0636860653|-164353.6096377451|-164353.1303645182
163.2|1.0|0.88|0.0|-164511.56274040416|-164510.8438305638|-164510.1375331768|-164509.39339842982|-164508.64926368278
163.4|1.0|0.88|0.0|-164483.50377022312|-164482.5956735827|-164481.71280184895|-164480.77948030183|-164479.8587712081
163.6|1.0|0.88|0.0|-164560.52802276568|-164559.73343820532|-164558.96407855162|-164558.13165663122|-164557.33707207086
163.8|1.0|0.88|0.0|-164458.85515666698|-164458.40110834676|-164457.94706002655|-164457.44256189297|-164456.9632886661
164.0|1.0|0.88|0.0|-164735.1626085662|-164734.8094598727|-164734.4941485392|-164734.09055003233|-164733.71217643216
164.2|1.0|0.88|0.0|-164702.72523845494|-164702.04416597463|-164701.35048104098|-164700.6189587473|-164699.88743645363
164.4|1.0|0.88|0.0|-164500.03050084045|-164499.10979174668|-164498.1764701996|-164497.20531129246|-164496.2467648387
164.6|1.0|0.88|0.0|-164477.25147642015|-164476.63346620652|-164476.02806844623|-164475.3722208726|-164474.71637329896
164.8|1.0|0.88|0.0|-164325.95132937664|-164325.49728105642|-164325.05584518955|-164324.56395950934|-164324.08468628244
165.0|1.0|0.88|0.0|-164336.86454942718|-164336.28437657357|-164335.72942862666|-164335.12403086637|-164334.51863310608
165.2|1.0|0.88|0.0|-164148.80915557517|-164148.10285818813|-164147.39656080116|-164146.6650385075|-164145.9587411205
165.4|1.0|0.88|0.0|-164211.95095302677|-164210.99240657297|-164210.0590850259|-164209.07531366544|-164208.11676721167
165.6|1.0|0.88|0.0|-164402.42422335554|-164402.1467493821|-164401.86927540862|-164401.52873916848|-164401.213427835
165.8|1.0|0.88|0.0|-164282.41359906478|-164281.69468922442|-164281.00100429077|-164280.23164463707|-164279.48750989005
166.0|1.0|0.88|0.0|-164173.8423908181|-164172.60637039086|-164171.40818732363|-164170.14694198975|-164168.8856966558
166.2|1.0|0.88|0.0|-164363.84900037333|-164362.85261655954|-164361.85623274578|-164360.82201157193|-164359.7877903981
166.4|1.0|0.88|0.0|-164296.21203213086|-164295.20303586373|-164294.21926450325|-164293.18504332946|-164292.1760470623
166.6|1.0|0.88|0.0|-164318.3263611055|-164317.5948388118|-164316.87592897145|-164316.0939568644|-164315.34982211742
166.8|1.0|0.88|0.0|-164524.1237622414|-164523.00125389418|-164521.878745547|-164520.7183998398|-164519.5580541326
167.0|1.0|0.88|0.0|-164351.19805973276|-164350.23951327897|-164349.26835437186|-164348.25935810473|-164347.26297429093
167.2|1.0|0.88|0.0|-164395.38950109808|-164394.72104107108|-164394.0525810441|-164393.3462836571|-164392.65259872345
167.4|1.0|0.88|0.0|-164726.01845087978|-164725.022067066|-164724.0382957055|-164723.00407453172|-164721.98246581125
167.6|1.0|0.88|0.0|-164502.17262901546|-164501.69335578856|-164501.23930746835|-164500.72219688143|-164500.23031120122
167.8|1.0|0.88|0.0|-164494.65560682528|-164494.22678341175|-164493.79795999822|-164493.30607431798|-164492.8520259978
168.0|1.0|0.88|0.0|-164247.111339594|-164246.60684146042|-164246.12756823353|-164245.58523273995|-164245.06812215305
168.2|1.0|0.88|0.0|-164341.61410813918|-164341.08438509895|-164340.5798869654|-164340.0123265651|-164339.46999107153
168.4|1.0|0.88|0.0|-164195.1170102859|-164194.4359378056|-164193.7548653253|-164193.0485679383|-164192.34227055128
168.6|1.0|0.88|0.0|-164508.61215048537|-164507.9815278184|-164507.37613005814|-164506.6950575778|-164506.06443491086
168.8|1.0|0.88|0.0|-164490.79933903084|-164490.38312807065|-164489.99214201714|-164489.5254812436|-164489.09665783003
169.0|1.0|0.88|0.0|-164467.87560582336|-164466.9548967296|-164466.0594125425|-164465.11347854207|-164464.1549320883
169.2|1.0|0.88|0.0|-164881.6882220649|-164881.6882220649|-164881.71344697158|-164881.6882220649|-164881.67560961156
169.4|1.0|0.88|0.0|-164361.81801720575|-164361.46486851227|-164361.1243322721|-164360.7333462186|-164360.38019752508
169.6|1.0|0.88|0.0|-164460.25482936288|-164459.61159424257|-164458.99358402894|-164458.31251154863|-164457.656663975
169.8|1.0|0.88|0.0|-164305.399127264|-164304.41535590356|-164303.40635963643|-164302.38475091595|-164301.3379172888
170.0|1.0|0.88|0.0|-164353.53322031486|-164352.80169802118|-164352.10801308753|-164351.37649079386|-164350.63235604682
170.2|1.0|0.88|0.0|-164349.35573662678|-164348.46025243972|-164347.58999315932|-164346.6566716122|-164345.73596251843
170.4|1.0|0.88|0.0|-164333.35412865126|-164332.67305617093|-164332.00459614393|-164331.28568630363|-164330.5793889166
170.6|1.0|0.88|0.0|-164105.6766577902|-164104.9072981365|-164104.13793848283|-164103.34335392248|-164102.53615690875
170.8|1.0|0.88|0.0|-164048.26284590052|-164047.10250019332|-164045.95476693945|-164044.76919632556|-164043.58362571168
171.0|1.0|0.88|0.0|-164191.3468249958|-164190.79187704888|-164190.2495415553|-164189.65675624835|-164189.07658339472
171.2|1.0|0.88|0.0|-164192.00267256942|-164191.13241328904|-164190.27476646195|-164189.3540573682|-164188.47118563447
171.4|1.0|0.88|0.0|-164452.95642877868|-164451.8969826982|-164450.8627615244|-164449.76547808386|-164448.69341955005
171.6|1.0|0.88|0.0|-164063.82483776225|-164062.85367885514|-164061.9077448547|-164060.89874858756|-164059.90236477376
171.8|1.0|0.88|0.0|-163954.5255272351|-163953.5417558746|-163952.58320942085|-163951.54898824703|-163950.56521688658
172.0|1.0|0.88|0.0|-164058.71700427032|-164057.87196989657|-164057.03954797622|-164056.14406378914|-164055.2611920554
172.2|1.0|0.88|0.0|-163934.32136455888|-163933.79164151865|-163933.28714338507|-163932.71958298478|-163932.1772474912
172.4|1.0|0.88|0.0|-163979.76403394007|-163979.73880903336|-163979.73880903336|-163979.66313431333|-163979.6252969533
172.6|1.0|0.88|0.0|-164042.86413799613|-164042.25874023585|-164041.67856738225|-164041.04794471528|-164040.44254695502
172.8|1.0|0.88|0.0|-163914.40727915068|-163913.52440741693|-163912.65414813653|-163911.73343904276|-163910.82534240236
173.0|1.0|0.88|0.0|-163874.07607004122|-163873.09229868074|-163872.13375222698|-163871.12475595984|-163870.14098459936
173.2|1.0|0.88|0.0|-163953.97682500168|-163952.67774230774|-163951.39127206715|-163950.0543520132|-163948.73004441257
173.4|1.0|0.88|0.0|-163737.06775647117|-163736.17227228408|-163735.28940055033|-163734.3434665499|-163733.42275745614
173.6|1.0|0.88|0.0|-163741.72384580615|-163740.4878253789|-163739.25180495167|-163737.99055961776|-163736.71670183048
173.8|1.0|0.88|0.0|-163725.3040683561|-163724.79957022253|-163724.2824596356|-163723.71489923535|-163723.1851761951
174.0|1.0|0.88|0.0|-163751.44910936637|-163750.3896632859|-163749.35544211205|-163748.27077112487|-163747.1861001377
174.2|1.0|0.88|0.0|-164113.0607590549|-164111.9256382544|-164110.8031299072|-164109.6427842|-164108.4824384928
174.4|1.0|0.88|0.0|-163819.26617721273|-163818.62294209245|-163818.01754433216|-163817.3238593985|-163816.6806242782
174.6|1.0|0.88|0.0|-163934.93498678663|-163934.58183809317|-163934.25391430635|-163933.87554070615|-163933.497167106
174.8|1.0|0.88|0.0|-163723.9616727532|-163723.16708819283|-163722.38511608582|-163721.56530661878|-163720.72027224506
175.0|1.0|0.88|0.0|-163759.30904442526|-163758.6784217583|-163758.06041154466|-163757.37933906436|-163756.7234914907
175.2|1.0|0.88|0.0|-163972.03850472605|-163971.19347035233|-163970.36104843195|-163969.4781766982|-163968.6205298711
175.4|1.0|0.88|0.0|-163927.32735763854|-163926.52016062484|-163925.7255760645|-163924.88054169074|-163924.04811977036
175.6|1.0|0.88|0.0|-163918.59953992782|-163918.1454916076|-163917.74189310076|-163917.26261987386|-163916.80857155364
175.8|1.0|0.88|0.0|-163878.65590020252|-163877.96221526887|-163877.28114278856|-163876.5243955882|-163875.80548574787
176.0|1.0|0.88|0.0|-163833.51819994918|-163833.01370181562|-163832.52181613536|-163831.9668681885|-163831.42453269486
176.2|1.0|0.88|0.0|-164020.32124635624|-164019.18612555572|-164018.06361720854|-164016.890659048|-164015.74292579413
176.4|1.0|0.88|0.0|-163792.21843696726|-163791.15899088676|-163790.12476971294|-163789.05271117913|-163787.9806526453
176.6|1.0|0.88|0.0|-163990.99070159323|-163990.03215513946|-163989.0736086857|-163988.0772248719|-163987.09345351142
176.8|1.0|0.88|0.0|-163804.90422642065|-163804.0465795936|-163803.2141576732|-163802.30606103278|-163801.42318929904
177.0|1.0|0.88|0.0|-163478.00980626448|-163477.2152217041|-163476.42063714375|-163475.56299031668|-163474.7305683963
177.2|1.0|0.88|0.0|-163773.4519241393|-163772.11500408538|-163770.76547157808|-163769.37810171078|-163768.0033442968
177.4|1.0|0.88|0.0|-163819.61350336083|-163818.51621992033|-163817.46938629317|-163816.33426549265|-163815.23698205213
177.6|1.0|0.88|0.0|-163988.13848494116|-163987.05381395397|-163985.99436787347|-163984.85924707292|-163983.74935117908
177.8|1.0|0.88|0.0|-163826.50879750893|-163825.77727521525|-163825.07097782823|-163824.3142306279|-163823.55748342755
178.0|1.0|0.88|0.0|-164150.3573446514|-164149.61320990438|-164148.8816876107|-164148.112327957|-164147.35558075664
178.2|1.0|0.88|0.0|-163636.13355071333|-163635.20022916625|-163634.29213252582|-163633.33358607205|-163632.40026452494
178.4|1.0|0.88|0.0|-163960.90422419805|-163959.94567774428|-163959.01235619717|-163958.00335993004|-163957.0195885696
178.6|1.0|0.88|0.0|-164056.69540849663|-164055.83776166957|-164055.03056465584|-164054.16030537547|-164053.29004609503
178.8|1.0|0.88|0.0|-164012.3247976493|-164011.6563376223|-164010.97526514198|-164010.25635530165|-164009.56267036797
179.0|1.0|0.88|0.0|-164288.34516753632|-164287.76499468272|-164287.2226591891|-164286.6046489755|-164285.9992512152
179.2|1.0|0.88|0.0|-164047.63131768646|-164047.42951843303|-164047.2529440863|-164047.01330747284|-164046.78628331274
179.4|1.0|0.88|0.0|-164285.67876201074|-164285.18687633052|-164284.70760310363|-164284.16526761005|-164283.6607694765
179.6|1.0|0.88|0.0|-164230.49227813663|-164230.20219170983|-164229.93733018968|-164229.62201885623|-164229.2940950694
179.8|1.0|0.88|0.0|-164403.1063145371|-164402.5009167768|-164401.90813146986|-164401.26489634957|-164400.6342736826
180.0|1.0|0.88|0.0|-164469.28649705858|-164468.8324487384|-164468.36578796484|-164467.86128983126|-164467.36940415105
180.2|1.0|0.88|0.0|-164374.6699171348|-164374.1528065479|-164373.66092086767|-164373.10597292075|-164372.57624988048
180.4|1.0|0.88|0.0|-164224.7938582641|-164224.16323559714|-164223.55783783685|-164222.9019902632|-164222.24614268958
180.6|1.0|0.88|0.0|-164083.5766350994|-164082.37845203216|-164081.20549387165|-164079.95686099105|-164078.74606547048
180.8|1.0|0.88|0.0|-164250.45740304797|-164249.85200528768|-164249.27183243408|-164248.64120976714|-164248.0231995535
181.0|1.0|0.88|0.0|-164156.9371121255|-164156.2560396452|-164155.5749671649|-164154.8434448712|-164154.13714748423
181.2|1.0|0.88|0.0|-164422.0918432702|-164421.91526892345|-164421.76391948338|-164421.53689532328|-164421.33509606984
181.4|1.0|0.88|0.0|-164312.399431363|-164311.617459256|-164310.8607120556|-164310.05351504192|-164309.25893048153
181.6|1.0|0.88|0.0|-164621.91031317768|-164621.20401579072|-164620.51033085704|-164619.76619611002|-164619.03467381635
181.8|1.0|0.88|0.0|-164525.8034187329|-164525.52594475943|-164525.24847078597|-164524.94577190583|-164524.64307302568
182.0|1.0|0.88|0.0|-164202.95807726117|-164202.4157417676|-164201.873406274|-164201.2932334204|-164200.72567302015
182.2|1.0|0.88|0.0|-163817.61413748917|-163817.12225180896|-163816.6429785821|-163816.1132555418|-163815.59614495494
182.4|1.0|0.88|0.0|-164220.65986891842|-164219.9031217181|-164219.14637451773|-164218.3265650507|-164217.5319804903
182.6|1.0|0.88|0.0|-164324.47297235348|-164323.5396508064|-164322.61894171263|-164321.66039525883|-164320.70184880507
182.8|1.0|0.88|0.0|-164386.3868735516|-164385.95805013808|-164385.52922672455|-164385.04995349763|-164384.59590517744
183.0|1.0|0.88|0.0|-164542.27318502852|-164541.74346198826|-164541.22635140136|-164540.67140345444|-164540.1164555075
183.2|1.0|0.88|0.0|-164238.81911858128|-164237.97408420753|-164237.1290498338|-164236.25879055343|-164235.388531273
183.4|1.0|0.88|0.0|-164410.05839756774|-164409.23858810068|-164408.43139108698|-164407.58635671326|-164406.74132233954
183.6|1.0|0.88|0.0|-164215.00680667683|-164214.4518587299|-164213.94736059633|-164213.36718774273|-164212.81223979584
183.8|1.0|0.88|0.0|-164697.02190673264|-164696.25254707894|-164695.50841233192|-164694.72644022488|-164693.93185566453
184.0|1.0|0.88|0.0|-164389.1569189333|-164388.07224794614|-164387.00018941227|-164385.8776810651|-164384.7930100779
184.2|1.0|0.88|0.0|-164423.78923399354|-164423.0955490599|-164422.37663921955|-164421.64511692588|-164420.90098217886
184.4|1.0|0.88|0.0|-164349.3657420057|-164348.23062120515|-164347.13333776462|-164345.97299205742|-164344.82525880355
184.6|1.0|0.88|0.0|-164308.41234455767|-164307.2015490371|-164306.01597842324|-164304.7547330893|-164303.51871266204
184.8|1.0|0.88|0.0|-164262.03635362937|-164261.24176906902|-164260.45979696198|-164259.62737504163|-164258.82017802788
185.0|1.0|0.88|0.0|-164101.87246749894|-164101.0526580319|-164100.23284856483|-164099.3752017378|-164098.5175549107
185.2|1.0|0.88|0.0|-164002.3097608392|-164001.81787515897|-164001.3764392921|-164000.84671625186|-164000.34221811828
185.4|1.0|0.88|0.0|-164261.92124110617|-164261.87079129284|-164261.82034147947|-164261.71944185277|-164261.64376713271
185.6|1.0|0.88|0.0|-164059.51571655608|-164059.47787919606|-164059.44004183606|-164059.3517546627|-164059.288692396
185.8|1.0|0.88|0.0|-164043.5237645496|-164043.19584076278|-164042.89314188264|-164042.52738073582|-164042.18684449562
186.0|1.0|0.88|0.0|-164236.34295119948|-164235.359179839|-164234.37540847858|-164233.35379975807|-164232.33219103765
186.2|1.0|0.88|0.0|-164049.01470606192|-164048.15705923483|-164047.32463731445|-164046.4417655807|-164045.55889384696
186.4|1.0|0.88|0.0|-164294.80840365612|-164294.2660681625|-164293.74895757562|-164293.15617226865|-164292.61383677507
186.6|1.0|0.88|0.0|-164170.56278940613|-164169.62946785905|-164168.70875876525|-164167.73759985817|-164166.79166585772
186.8|1.0|0.88|0.0|-164139.0694934181|-164138.4262582978|-164137.79563563084|-164137.11456315054|-164136.4587155769
187.0|1.0|0.88|0.0|-164411.35699705814|-164410.65069967113|-164409.96962719082|-164409.23810489714|-164408.49397015013
187.2|1.0|0.88|0.0|-164344.5541801095|-164343.86049517585|-164343.20464760222|-164342.4857377619|-164341.7920528282
187.4|1.0|0.88|0.0|-164347.1962099265|-164346.0737015793|-164344.97641813877|-164343.80345997823|-164342.68095163105
187.6|1.0|0.88|0.0|-164097.85264754947|-164096.90671354902|-164095.98600445528|-164095.00223309483|-164094.04368664103
187.8|1.0|0.88|0.0|-164147.25639955947|-164146.41136518575|-164145.57894326534|-164144.70868398497|-164143.85103715787
188.0|1.0|0.88|0.0|-164280.5195815416|-164280.0403083147|-164279.59887244782|-164279.09437431424|-164278.60248863403
188.2|1.0|0.88|0.0|-164299.5270201319|-164299.14864653174|-164298.7828853849|-164298.35406197136|-164297.9504634645
188.4|1.0|0.88|0.0|-164365.47990455493|-164364.45829583445|-164363.47452447398|-164362.4150783935|-164361.393469673
188.6|1.0|0.88|0.0|-164248.4975808915|-164247.5642593444|-164246.68138761068|-164245.72284115685|-164244.7895196098
188.8|1.0|0.88|0.0|-164383.34466297866|-164382.56269087162|-164381.79333121795|-164380.96090929754|-164380.1663247372
189.0|1.0|0.88|0.0|-164395.2255940242|-164394.84722042404|-164394.49407173053|-164394.09047322365|-164393.68687471683
189.2|1.0|0.88|0.0|-164217.2159170891|-164216.5096197021|-164215.84115967512|-164215.0970249281|-164214.37811508778
189.4|1.0|0.88|0.0|-164402.13970794863|-164401.6099849084|-164401.10548677482|-164400.5253139212|-164399.97036597427
189.6|1.0|0.88|0.0|-164367.79975812943|-164367.2826475425|-164366.77814940896|-164366.23581391535|-164365.70609087512
189.8|1.0|0.88|0.0|-164151.75593774117|-164151.13792752754|-164150.5451422206|-164149.88929464694|-164149.27128443334
190.0|1.0|0.88|0.0|-164409.01588117087|-164407.83031055695|-164406.6447399431|-164405.42133196918|-164404.2105364486
190.2|1.0|0.88|0.0|-164610.13406211793|-164609.8944255045|-164609.65478889103|-164609.37731491757|-164609.11245339745
190.4|1.0|0.88|0.0|-164249.63586974883|-164248.92957236184|-164248.24849988153|-164247.49175268118|-164246.7854552942
190.6|1.0|0.88|0.0|-164399.28970889447|-164398.5960239608|-164397.9149514805|-164397.17081673347|-164396.45190689317
190.8|1.0|0.88|0.0|-164556.03658008933|-164555.30505779566|-164554.56092304864|-164553.77895094163|-164553.00959128793
191.0|1.0|0.88|0.0|-164198.09322164112|-164197.42476161415|-164196.78152649384|-164196.10045401353|-164195.41938153323
191.2|1.0|0.88|0.0|-164317.9239326798|-164316.9906111327|-164316.08251449227|-164315.12396803848|-164314.17803403805
191.4|1.0|0.88|0.0|-164735.3039083761|-164734.29491210898|-164733.31114074853|-164732.25169466803|-164731.2174734942
191.6|1.0|0.88|0.0|-164630.49009212677|-164629.7711822864|-164629.06488489945|-164628.30813769906|-164627.56400295204
191.8|1.0|0.88|0.0|-164423.06514414746|-164422.3966841205|-164421.72822409353|-164421.00931425317|-164420.31562931952
192.0|1.0|0.88|0.0|-164482.2048066641|-164481.42283455707|-164480.64086245003|-164479.80844052962|-164478.9886310626
192.2|1.0|0.88|0.0|-164464.53749937573|-164464.08345105554|-164463.65462764198|-164463.17535441509|-164462.6960811882
192.4|1.0|0.88|0.0|-164582.83982627606|-164582.31010323582|-164581.80560510227|-164581.25065715532|-164580.70832166175
192.6|1.0|0.88|0.0|-164541.53404159014|-164540.49982041633|-164539.4908241492|-164538.41876561535|-164537.34670708154
192.8|1.0|0.88|0.0|-164687.094365578|-164686.33761837764|-164685.59348363063|-164684.79889907024|-164684.01692696323
193.0|1.0|0.88|0.0|-164272.8471490323|-164272.36787580542|-164271.9138274852|-164271.40932935165|-164270.91744367144
193.2|1.0|0.88|0.0|-164616.61082563043|-164615.87930333675|-164615.16039349642|-164614.39103384272|-164613.63428664237
193.4|1.0|0.88|0.0|-164468.77636882995|-164467.8304348295|-164466.90972573572|-164465.9385668286|-164464.98002037485
193.6|1.0|0.88|0.0|-164660.57394675934|-164659.43882595882|-164658.3037051583|-164657.11813454438|-164655.95778883717
193.8|1.0|0.88|0.0|-164337.80865335555|-164336.33299631486|-164334.8951766342|-164333.39429468682|-164331.91863764613
194.0|1.0|0.88|0.0|-164370.63785603992|-164369.84327147953|-164369.04868691918|-164368.21626499877|-164367.40906798508
194.2|1.0|0.88|0.0|-164606.71408500115|-164606.1843619609|-164605.65463892068|-164605.09969097373|-164604.54474302678
194.4|1.0|0.88|0.0|-164462.58809430513|-164461.55387313128|-164460.54487686415|-164459.48543078368|-164458.4133722498
194.6|1.0|0.88|0.0|-164634.4617816004|-164633.45278533327|-164632.46901397282|-164631.42218034566|-164630.38795917184
194.8|1.0|0.88|0.0|-164582.96608528844|-164582.13366336806|-164581.3390788077|-164580.46881952728|-164579.6363976069
195.0|1.0|0.88|0.0|-164447.12924174123|-164446.35988208756|-164445.6283597939|-164444.8337752335|-164444.03919067315
195.2|1.0|0.88|0.0|-164388.7225868684|-164388.23070118818|-164387.75142796125|-164387.22170492102|-164386.70459433412
195.4|1.0|0.88|0.0|-164243.73576780327|-164243.1934323097|-164242.66370926943|-164242.08353641583|-164241.5285884689
195.6|1.0|0.88|0.0|-164241.7207164069|-164240.96396920658|-164240.19460955288|-164239.37480008585|-164238.5928279788
195.8|1.0|0.88|0.0|-164337.4996870649|-164336.64204023784|-164335.79700586412|-164334.90152167703|-164334.0186499433
196.0|1.0|0.88|0.0|-164331.6151674132|-164331.1358941863|-164330.6818458661|-164330.17734773253|-164329.67284959895
196.2|1.0|0.88|0.0|-164281.51087488406|-164280.9811518438|-164280.4640412569|-164279.89648085664|-164279.34153290972
196.4|1.0|0.88|0.0|-164518.3532637489|-164517.72264108196|-164517.11724332164|-164516.47400820136|-164515.83077308108
196.6|1.0|0.88|0.0|-164342.34301504618|-164342.34301504618|-164342.34301504618|-164342.2925652328|-164342.24211541945
196.8|1.0|0.88|0.0|-164529.17520435512|-164528.53196923478|-164527.90134656784|-164527.20766163417|-164526.55181406054
197.0|1.0|0.88|0.0|-164531.89288835748|-164531.46406494395|-164531.0604664371|-164530.6064181169|-164530.15236979668
197.2|1.0|0.88|0.0|-164413.60068848904|-164413.1466401688|-164412.71781675526|-164412.22593107505|-164411.77188275484
197.4|1.0|0.88|0.0|-164597.7667048288|-164597.43878104197|-164597.1613070685|-164596.7955459217|-164596.4550096815
197.6|1.0|0.88|0.0|-164394.0946221766|-164393.59012404302|-164393.12346326947|-164392.5811277759|-164392.06401718897
197.8|1.0|0.88|0.0|-164416.2042528802|-164415.63669247995|-164415.08174453303|-164414.47634677275|-164413.9087863725
198.0|1.0|0.88|0.0|-164218.29729621022|-164217.6792859966|-164217.04866332962|-164216.392815756|-164215.73696818235
198.2|1.0|0.88|0.0|-164210.1548122416|-164209.68815146806|-164209.2467156012|-164208.7296050143|-164208.23771933408
198.4|1.0|0.88|0.0|-164421.84222908696|-164421.00980716656|-164420.20261015286|-164419.33235087246|-164418.4747040454
198.6|1.0|0.88|0.0|-164064.02871566996|-164063.00710694946|-164062.02333558904|-164060.97650196188|-164059.92966833472
198.8|1.0|0.88|0.0|-164392.77231195653|-164392.39393835634|-164392.04078966283|-164391.6119662493|-164391.23359264914
199.0|1.0|0.88|0.0|-164173.1799880198|-164172.67548988623|-164172.183604206|-164171.62865625907|-164171.0989332188
199.2|1.0|0.88|0.0|-163949.66632859508|-163948.75823195465|-163947.9005851276|-163946.9672635805|-163946.0465544867
199.4|1.0|0.88|0.0|-164162.93030210782|-164162.84201493443|-164162.79156512106|-164162.66544058768|-164162.55192850763
199.6|1.0|0.88|0.0|-164025.46717316375|-164024.62213879003|-164023.8149417763|-164022.9446824959|-164022.0744232155
199.8|1.0|0.88|0.0|-164495.59125351603|-164494.69576932894|-164493.8128975952|-164492.8795760481|-164491.9714794077
200.0|1.0|0.88|0.0|-164303.031666924|-164302.4767189771|-164301.9343834835|-164301.32898572323|-164300.76142532294
200.2|1.0|0.88|0.0|-164215.93013619966|-164215.04726446592|-164214.1643927322|-164213.20584627838|-164212.29774963798
200.4|1.0|0.88|0.0|-164244.37791176734|-164243.3941404069|-164242.4355939531|-164241.42659768596|-164240.43021387217
200.6|1.0|0.88|0.0|-164026.04373201224|-164025.14824782516|-164024.24015118473|-164023.30682963762|-164022.37350809053
200.8|1.0|0.88|0.0|-164182.5768904052|-164181.95888019158|-164181.37870733798|-164180.7354722177|-164180.10484955073
201.0|1.0|0.88|0.0|-163970.94495696682|-163969.78461125962|-163968.63687800578|-163967.4260824852|-163966.22789941798
201.2|1.0|0.88|0.0|-164101.0673153025|-164100.33579300882|-164099.60427071512|-164098.8475235148|-164098.09077631446
201.4|1.0|0.88|0.0|-164053.29092374028|-164052.37021464654|-164051.4873429128|-164050.52879645902|-164049.5954749119
201.6|1.0|0.88|0.0|-164083.75589609088|-164083.2513979573|-164082.78473718374|-164082.24240169016|-164081.73790355658
201.8|1.0|0.88|0.0|-164324.8752106303|-164324.4211623101|-164323.99233889655|-164323.487840763|-164323.00856753608
202.0|1.0|0.88|0.0|-164441.27117001326|-164440.59009753296|-164439.92163750596|-164439.20272766563|-164438.4838178253
202.2|1.0|0.88|0.0|-164071.5497128276|-164070.8055780806|-164070.06144333357|-164069.27947122653|-164068.4974991195
202.4|1.0|0.88|0.0|-163947.741651669|-163947.1614788154|-163946.58130596176|-163945.97590820148|-163945.35789798785
202.6|1.0|0.88|0.0|-164119.3811375295|-164118.56132806247|-164117.7415185954|-164116.88387176834|-164116.05144984796
202.8|1.0|0.88|0.0|-164215.46280706764|-164214.85740930735|-164214.2646240004|-164213.6213888801|-164213.00337866647
203.0|1.0|0.88|0.0|-164003.54856315724|-164002.9557778503|-164002.3756049967|-164001.74498232975|-164001.13958456944
203.2|1.0|0.88|0.0|-164241.1041218013|-164240.14557534753|-164239.21225380042|-164238.20325753329|-164237.24471107952
203.4|1.0|0.88|0.0|-163897.31512003337|-163896.74755963314|-163896.20522413953|-163895.59982637924|-163895.01965352564
203.6|1.0|0.88|0.0|-164013.09744168734|-164012.78213035385|-164012.49204392708|-164012.13889523357|-164011.78574654006
203.8|1.0|0.88|0.0|-164215.72512837406|-164215.14495552046|-164214.5773951202|-164213.9341599999|-164213.3287622396
204.0|1.0|0.88|0.0|-164024.50116192797|-164024.02188870107|-164023.5804528342|-164023.0633422473|-164022.5840690204
204.2|1.0|0.88|0.0|-163975.25055828388|-163974.67038543028|-163974.09021257667|-163973.43436500302|-163972.82896724273
204.4|1.0|0.88|0.0|-164266.43319780857|-164265.46203890146|-164264.5413298077|-164263.5449459939|-164262.5737870868
204.6|1.0|0.88|0.0|-164333.9157258852|-164333.18420359152|-164332.42745639113|-164331.64548428412|-164330.86351217708
204.8|1.0|0.88|0.0|-164019.32330224523|-164018.55394259153|-164017.79719539115|-164016.98999837745|-164016.2080262704
205.0|1.0|0.88|0.0|-163857.62163597756|-163857.00362576396|-163856.410840457|-163855.7676053367|-163855.1243702164
205.2|1.0|0.88|0.0|-164198.5665893839|-164197.7593923702|-164196.97742026317|-164196.1449983428|-164195.3125764224
205.4|1.0|0.88|0.0|-164101.07927244742|-164100.51171204713|-164099.96937655355|-164099.36397879326|-164098.78380593966
205.6|1.0|0.88|0.0|-163968.623287479|-163967.96743990536|-163967.31159233174|-163966.60529494472|-163965.91161001107
205.8|1.0|0.88|0.0|-163814.36261544068|-163813.7698301337|-163813.1896572801|-163812.55903461314|-163811.94102439954
206.0|1.0|0.88|0.0|-164020.49573546773|-164020.30654866764|-164020.11736186757|-164019.86511280076|-164019.63808864067
206.2|1.0|0.88|0.0|-164178.86667024269|-164178.23604757572|-164177.63064981543|-164176.96218978844|-164176.31895466815
206.4|1.0|0.88|0.0|-163752.59097228397|-163751.53152620347|-163750.4846925763|-163749.38740913584|-163748.29012569532
206.6|1.0|0.88|0.0|-164245.7019799818|-164244.99568259477|-164244.31461011447|-164243.57047536745|-164242.85156552712
206.8|1.0|0.88|0.0|-164072.94920659458|-164071.76363598072|-164070.60329027352|-164069.37988229957|-164068.16908677903
207.0|1.0|0.88|0.0|-164294.6784160057|-164294.0225684321|-164293.36672085847|-164292.68564837816|-164292.00457589782
207.2|1.0|0.88|0.0|-164297.61799795198|-164297.27746171184|-164296.96215037836|-164296.58377677816|-164296.23062808468
207.4|1.0|0.88|0.0|-164578.3597861645|-164577.1111532839|-164575.86252040337|-164574.57605016272|-164573.28957992216
207.6|1.0|0.88|0.0|-164499.8122665384|-164498.8789449913|-164497.9834608042|-164497.0123018971|-164496.06636789668
207.8|1.0|0.88|0.0|-164269.5025313839|-164268.87190871697|-164268.26651095666|-164267.61066338303|-164266.96742826275
208.0|1.0|0.88|0.0|-164026.812825918|-164026.61102666456|-164026.42183986446|-164026.18220325105|-164025.96779154427
208.2|1.0|0.88|0.0|-164290.55183769428|-164289.9212150273|-164289.30320481368|-164288.6347447867|-164287.97889721306
208.4|1.0|0.88|0.0|-164055.50521352788|-164054.5845044341|-164053.7016327004|-164052.75569869994|-164051.82237715283
208.6|1.0|0.88|0.0|-163925.52065381475|-163924.7639066144|-163924.00715941403|-163923.17473749365|-163922.39276538664
208.8|1.0|0.88|0.0|-164092.87529717275|-164092.69872282603|-164092.54737338595|-164092.34557413252|-164092.15638733242
209.0|1.0|0.88|0.0|-164029.39414593624|-164028.91487270934|-164028.46082438913|-164027.95632625555|-164027.47705302865
209.2|1.0|0.88|0.0|-163988.6064323716|-163987.95058479797|-163987.30734967766|-163986.60105229067|-163985.93259226368
209.4|1.0|0.88|0.0|-164107.66515226208|-164106.95885487506|-164106.2903948481|-164105.55887255442|-164104.85257516743
209.6|1.0|0.88|0.0|-164036.06854885208|-164035.72801261194|-164035.4379261851|-164035.08477749163|-164034.7568537048
209.8|1.0|0.88|0.0|-164048.66713537424|-164047.62030174708|-164046.5860805733|-164045.5014095861|-164044.4293510523
210.0|1.0|0.88|0.0|-164616.22646010795|-164615.41926309426|-164614.64990344056|-164613.83009397352|-164613.01028450645
210.2|1.0|0.88|0.0|-164242.73387937387|-164242.50685521378|-164242.30505596034|-164242.04019444023|-164241.78794537342
210.4|1.0|0.88|0.0|-164081.2818641786|-164080.34854263152|-164079.4404459911|-164078.46928708398|-164077.52335308352
210.6|1.0|0.88|0.0|-164215.16314592687|-164214.39378627317|-164213.64965152618|-164212.84245451246|-164212.06048240545
210.8|1.0|0.88|0.0|-164329.35661066545|-164328.54941365175|-164327.7674415447|-164326.93501962433|-164326.10259770395
211.0|1.0|0.88|0.0|-164275.48245771223|-164274.6752606985|-164273.89328859147|-164273.04825421775|-164272.2284447507
211.2|1.0|0.88|0.0|-164420.2701279525|-164419.57644301886|-164418.89537053855|-164418.16384824485|-164417.44493840454
211.4|1.0|0.88|0.0|-164612.33256740205|-164611.61365756168|-164610.93258508138|-164610.18845033436|-164609.46954049406
211.6|1.0|0.88|0.0|-164405.14057792455|-164404.05590693737|-164402.9712359502|-164401.82350269632|-164400.70099434914
211.8|1.0|0.88|0.0|-164278.51480735178|-164277.54364844464|-164276.58510199087|-164275.57610572374|-164274.5671094566
212.0|1.0|0.88|0.0|-164162.2133856053|-164161.53231312498|-164160.86385309798|-164160.1323308043|-164159.43864587066
212.2|1.0|0.88|0.0|-164279.1384885479|-164278.9619142012|-164278.76011494777|-164278.53309078768|-164278.30606662756
212.4|1.0|0.88|0.0|-163909.04175648352|-163908.2597843765|-163907.5156496295|-163906.69584016243|-163905.9138680554
212.6|1.0|0.88|0.0|-164084.86061539897|-164084.20476782534|-164083.52369534504|-164082.8047855047|-164082.08587566434
212.8|1.0|0.88|0.0|-163871.7011573332|-163871.19665919966|-163870.7299984261|-163870.20027538587|-163869.68316479895
213.0|1.0|0.88|0.0|-163926.28104157402|-163925.47384456033|-163924.7044849066|-163923.88467543956|-163923.09009087918
213.2|1.0|0.88|0.0|-163859.40418844504|-163858.71050351136|-163858.0420434844|-163857.31052119072|-163856.5916113504
213.4|1.0|0.88|0.0|-163892.54971582047|-163891.86864334016|-163891.18757085985|-163890.45604856618|-163889.73713872585
213.6|1.0|0.88|0.0|-163816.42156103023|-163816.2197617768|-163816.03057497673|-163815.77832590995|-163815.55130174986
213.8|1.0|0.88|0.0|-163985.27295345385|-163985.13421646712|-163985.02070438708|-163984.831517587|-163984.65494324022
214.0|1.0|0.88|0.0|-164111.85030035628|-164111.38363958272|-164110.9295912625|-164110.42509312896|-164109.9584323554
214.2|1.0|0.88|0.0|-163961.95129241975|-163961.50985655285|-163961.11887049934|-163960.65220972578|-163960.21077385894
214.4|1.0|0.88|0.0|-164189.66913745922|-164189.3159887657|-164188.97545252557|-164188.58446647204|-164188.2187053252
214.6|1.0|0.88|0.0|-164094.87070223398|-164094.18962975364|-164093.53378218|-164092.80225988632|-164092.10857495267
214.8|1.0|0.88|0.0|-164122.27968940968|-164122.01482788956|-164121.77519127613|-164121.4851048493|-164121.20763087587
215.0|1.0|0.88|0.0|-163984.49961552816|-163983.69241851446|-163982.91044640742|-163982.0654120337|-163981.24560256663
215.2|1.0|0.88|0.0|-164331.80874313004|-164330.988933663|-164330.1817366493|-164329.3114773689|-164328.46644299515
215.4|1.0|0.88|0.0|-164132.2671188504|-164131.47253429|-164130.71578708966|-164129.88336516923|-164129.06355570222
215.6|1.0|0.88|0.0|-164500.28718502494|-164499.63133745128|-164499.00071478434|-164498.30702985066|-164497.61334491702
215.8|1.0|0.88|0.0|-164295.666511468|-164294.87192690762|-164294.10256725395|-164293.2827577869|-164292.4755607732
216.0|1.0|0.88|0.0|-164243.1608682169|-164242.25277157646|-164241.35728738937|-164240.41135338895|-164239.47803184183
216.2|1.0|0.88|0.0|-164346.03460293225|-164345.467042532|-164344.91209458507|-164344.3066968248|-164343.70129906453
216.4|1.0|0.88|0.0|-163985.4736999714|-163984.66650295764|-163983.88453085063|-163983.03949647688|-163982.21968700987
216.6|1.0|0.88|0.0|-164351.1561102394|-164350.33630077235|-164349.54171621197|-164348.69668183825|-164347.8768723712
216.8|1.0|0.88|0.0|-163985.03157706631|-163984.65320346615|-163984.31266722595|-163983.89645626576|-163983.5180826656
217.0|1.0|0.88|0.0|-164260.1974715679|-164259.60468626095|-164259.04973831403|-164258.41911564706|-164257.80110543343
217.2|1.0|0.88|0.0|-164331.77909474086|-164331.3124339673|-164330.8583856471|-164330.36649996685|-164329.86200183327
217.4|1.0|0.88|0.0|-164219.59132228856|-164218.85979999488|-164218.1535026079|-164217.3841429542|-164216.65262066052
217.6|1.0|0.88|0.0|-164070.00517949|-164069.45023154307|-164068.93312095615|-164068.34033564923|-164067.76016279563
217.8|1.0|0.88|0.0|-164024.8429025387|-164024.2375047784|-164023.6573319248|-164023.02670925783|-164022.38347413755
218.0|1.0|0.88|0.0|-164187.42669503688|-164186.6321104765|-164185.85013836945|-164185.01771644907|-164184.1852945287
218.2|1.0|0.88|0.0|-163931.658753771|-163930.97768129068|-163930.29660881034|-163929.57769897|-163928.85878912968
218.4|1.0|0.88|0.0|-164054.38655098993|-164053.2514301894|-164052.14153429557|-164050.95596368168|-164049.79561797448
218.6|1.0|0.88|0.0|-164319.10187786474|-164318.74872917126|-164318.42080538443|-164318.04243178424|-164317.67667063742
218.8|1.0|0.88|0.0|-164258.5470943235|-164257.80295957648|-164257.0714372828|-164256.26424026908|-164255.50749306873
219.0|1.0|0.88|0.0|-164279.06755590637|-164278.5882826795|-164278.13423435928|-164277.6171237724|-164277.12523809215
219.2|1.0|0.88|0.0|-164445.6154127117|-164445.08568967145|-164444.56857908456|-164444.00101868427|-164443.44607073738
219.4|1.0|0.88|0.0|-164368.38900193747|-164367.39261812365|-164366.4088467632|-164365.38723804272|-164364.37824177556
219.6|1.0|0.88|0.0|-164274.81721061384|-164273.9469513334|-164273.08930450637|-164272.2064327726|-164271.2983361322
219.8|1.0|0.88|0.0|-164043.75706543948|-164042.8363563457|-164041.95348461196|-164040.99493815817|-164040.06161661106
220.0|1.0|0.88|0.0|-164075.9314339078|-164075.37648596088|-164074.84676292064|-164074.27920252035|-164073.7116421201
220.2|1.0|0.88|0.0|-164247.67521102785|-164246.90585137415|-164246.17432908047|-164245.37974452012|-164244.61038486642
220.4|1.0|0.88|0.0|-164429.035870882|-164428.82145917526|-164428.6322723752|-164428.3800233084|-164428.15299914827
220.6|1.0|0.88|0.0|-164429.37822844807|-164428.558418981|-164427.77644687396|-164426.9061875936|-164426.07376567318
220.8|1.0|0.88|0.0|-164166.88450844254|-164166.53135974903|-164166.2034359622|-164165.79983745536|-164165.44668876185
221.0|1.0|0.88|0.0|-164382.51928325978|-164381.9643353129|-164381.44722472597|-164380.86705187237|-164380.31210392545
221.2|1.0|0.88|0.0|-164290.4169522757|-164289.58453035535|-164288.8025582483|-164287.94491142122|-164287.0998770475
221.4|1.0|0.88|0.0|-164567.75218875165|-164567.058503818|-164566.3774313377|-164565.64590904402|-164564.92699920366
221.6|1.0|0.88|0.0|-164386.20898433018|-164385.46484958314|-164384.7333272895|-164383.9639676358|-164383.1946079821
221.8|1.0|0.88|0.0|-164650.14376808237|-164649.53837032212|-164648.9581974685|-164648.32757480154|-164647.70956458792
222.0|1.0|0.88|0.0|-164250.4582551842|-164250.19339366409|-164249.9411445973|-164249.62583326382|-164249.32313438368
222.2|1.0|0.88|0.0|-164367.7594046207|-164367.45670574054|-164367.1792317671|-164366.85130798028|-164366.52338419348
222.4|1.0|0.88|0.0|-164734.30728590186|-164733.62621342152|-164732.9703658479|-164732.2892933676|-164731.58299598057
222.6|1.0|0.88|0.0|-164614.86172315988|-164614.02930123947|-164613.24732913243|-164612.38968230537|-164611.557260385
222.8|1.0|0.88|0.0|-164484.53502325472|-164483.51341453425|-164482.49180581377|-164481.41974727996|-164480.3855261061
223.0|1.0|0.88|0.0|-164473.15807132638|-164472.59051092612|-164472.04817543254|-164471.4553901256|-164470.88782972534
223.2|1.0|0.88|0.0|-164407.58510918394|-164406.52566310344|-164405.46621702297|-164404.3563211291|-164403.2590376886
223.4|1.0|0.88|0.0|-164523.41883553|-164522.47290152957|-164521.56480488917|-164520.58103352872|-164519.6224870749
223.6|1.0|0.88|0.0|-164736.02696146912|-164735.21976445545|-164734.425179895|-164733.5801455213|-164732.74772360094
223.8|1.0|0.88|0.0|-164775.23579640227|-164774.39076202852|-164773.53311520148|-164772.6502434677|-164771.76737173396
224.0|1.0|0.88|0.0|-164796.14225766718|-164795.6125346269|-164795.10803649336|-164794.5530885464|-164793.99814059952
224.2|1.0|0.88|0.0|-164633.14849805442|-164632.66922482755|-164632.2151765073|-164631.68545346707|-164631.18095533352
224.4|1.0|0.88|0.0|-164315.1254871062|-164314.93630030612|-164314.73450105268|-164314.50747689258|-164314.28045273246
224.6|1.0|0.88|0.0|-164288.37529324548|-164287.5554837784|-164286.76089921806|-164285.903252391|-164285.05821801728
224.8|1.0|0.88|0.0|-164697.80075354295|-164697.28364295608|-164696.79175727585|-164696.23680932893|-164695.7070862887
225.0|1.0|0.88|0.0|-164763.41073581355|-164763.08281202673|-164762.78011314658|-164762.41435199976|-164762.07381575962
225.2|1.0|0.88|0.0|-164613.39176300747|-164612.38276674037|-164611.3989953799|-164610.3395492994|-164609.30532812557
225.4|1.0|0.88|0.0|-164784.1643812204|-164783.3193468467|-164782.49953737963|-164781.60405319254|-164780.73379391216
225.6|1.0|0.88|0.0|-164582.35532994173|-164581.43462084798|-164580.56436156755|-164579.61842756713|-164578.69771847336
225.8|1.0|0.88|0.0|-164286.086893958|-164285.12834750424|-164284.19502595713|-164283.21125459665|-164282.24009568957
226.0|1.0|0.88|0.0|-164398.59235832992|-164397.88606094292|-164397.19237600928|-164396.43562880892|-164395.6914940619
226.2|1.0|0.88|0.0|-164760.69499322202|-164760.27878226183|-164759.86257130164|-164759.40852298142|-164758.9544746612
226.4|1.0|0.88|0.0|-164865.40358084417|-164865.03781969735|-164864.6720585505|-164864.26846004362|-164863.89008644345
226.6|1.0|0.88|0.0|-164613.0565828063|-164612.75388392617|-164612.4764099527|-164612.14848616588|-164611.8331748324
226.8|1.0|0.88|0.0|-164701.01063724744|-164700.102540607|-164699.23228132664|-164698.28634732618|-164697.3656382324
227.0|1.0|0.88|0.0|-164139.42853986568|-164138.697017572|-164137.97810773167|-164137.19613562466|-164136.4393884243
227.2|1.0|0.88|0.0|-164115.9189268414|-164115.31352908112|-164114.69551886752|-164114.02705884053|-164113.3838237202
227.4|1.0|0.88|0.0|-164081.29059168432|-164080.1302459771|-164078.99512517656|-164077.784329656|-164076.59875904213
227.6|1.0|0.88|0.0|-164314.9261499364|-164314.35858953613|-164313.81625404253|-164313.2234687356|-164312.643295882
227.8|1.0|0.88|0.0|-164142.20610993757|-164141.4745876439|-164140.76829025688|-164139.98631814987|-164139.24218340285
228.0|1.0|0.88|0.0|-164129.8963554785|-164128.72339731795|-164127.57566406406|-164126.36486854352|-164125.17929792963
228.2|1.0|0.88|0.0|-163933.4777560712|-163932.63272169748|-163931.78768732373|-163930.91742804332|-163930.04716876292
228.4|1.0|0.88|0.0|-164312.32231619454|-164311.61601880754|-164310.9601712339|-164310.22864894022|-164309.50973909989
228.6|1.0|0.88|0.0|-164104.4617334369|-164103.6797613299|-164102.8977892229|-164102.06536730248|-164101.25817028875
228.8|1.0|0.88|0.0|-163936.3520394226|-163935.6079046756|-163934.86376992858|-163934.0817978215|-163933.29982571452
229.0|1.0|0.88|0.0|-164190.32125221574|-164189.7915291755|-164189.2491936819|-164188.6690208283|-164188.11407288138
229.2|1.0|0.88|0.0|-164154.80033574597|-164154.5859240392|-164154.38412478578|-164154.14448817234|-164153.91746401222
229.4|1.0|0.88|0.0|-164651.62418900733|-164650.9683414337|-164650.33771876674|-164649.65664628643|-164649.00079871278
229.6|1.0|0.88|0.0|-164504.1987334317|-164503.4924360447|-164502.79875111106|-164502.05461636404|-164501.32309407037
229.8|1.0|0.88|0.0|-164384.05038934245|-164383.65940328894|-164383.30625459543|-164382.8774311819|-164382.47383267502
230.0|1.0|0.88|0.0|-164410.9906421802|-164410.46091913996|-164409.95642100638|-164409.38886060612|-164408.84652511252
230.2|1.0|0.88|0.0|-164444.27732992725|-164443.77283179367|-164443.29355856677|-164442.73861061985|-164442.22150003296
230.4|1.0|0.88|0.0|-164311.06459775846|-164310.25740074477|-164309.5006535444|-164308.6556191707|-164307.83580970365
230.6|1.0|0.88|0.0|-164448.6232587859|-164448.2070478257|-164447.82867422551|-164447.362013452|-164446.92057758512
230.8|1.0|0.88|0.0|-164147.41264813885|-164146.9459873653|-164146.51716395176|-164146.02527827153|-164145.55861749797
231.0|1.0|0.88|0.0|-164328.4040964971|-164327.9500481769|-164327.50861231002|-164327.00411417644|-164326.51222849623
231.2|1.0|0.88|0.0|-164263.89574051072|-164263.088543497|-164262.2939589366|-164261.43631210955|-164260.59127773583
231.4|1.0|0.88|0.0|-164169.93934421224|-164169.15737210523|-164168.38801245153|-164167.55559053115|-164166.7610059708
231.6|1.0|0.88|0.0|-164090.74574969534|-164090.2160266551|-164089.71152852153|-164089.14396812124|-164088.60163262766
231.8|1.0|0.88|0.0|-163984.35380202415|-163983.84930389057|-163983.37003066367|-163982.8276951701|-163982.3105845832
232.0|1.0|0.88|0.0|-164086.66602351185|-164086.28764991165|-164085.9471136715|-164085.5309027113|-164085.15252911113
232.2|1.0|0.88|0.0|-163955.05901130766|-163954.35271392067|-163953.67164144036|-163952.90228178666|-163952.170759493
232.4|1.0|0.88|0.0|-164078.15534340174|-164077.3733712947|-164076.5913991877|-164075.78420217396|-164074.96439270693
232.6|1.0|0.88|0.0|-164280.07096795336|-164279.49079509976|-164278.9610720595|-164278.36828675258|-164277.77550144563
232.8|1.0|0.88|0.0|-163810.68590448124|-163810.03005690762|-163809.37420933394|-163808.66791194698|-163807.98683946664
233.0|1.0|0.88|0.0|-163961.2775462578|-163960.87394775095|-163960.4703492441|-163960.0163009239|-163959.58747751036
233.2|1.0|0.88|0.0|-164008.1822552407|-164007.42550804038|-164006.6939857467|-164005.91201363967|-164005.13004153263
233.4|1.0|0.88|0.0|-163970.25112000777|-163969.54482262078|-163968.86375014044|-163968.13222784677|-163967.4007055531
233.6|1.0|0.88|0.0|-163877.13707628724|-163876.63257815366|-163876.14069247342|-163875.59835697984|-163875.06863393958
233.8|1.0|0.88|0.0|-164261.35468732336|-164260.67361484302|-164259.96731745606|-164259.23579516236|-164258.51688532202
234.0|1.0|0.88|0.0|-164035.9155358032|-164035.14617614952|-164034.40204140247|-164033.58223193543|-164032.8002598284
234.2|1.0|0.88|0.0|-164265.45563798398|-164264.74934059702|-164264.01781830334|-164263.27368355633|-164262.5295488093
234.4|1.0|0.88|0.0|-164257.16456919213|-164256.42043444508|-164255.7141370581|-164254.93216495108|-164254.17541775072
234.6|1.0|0.88|0.0|-164053.39436149198|-164052.23401578478|-164051.09889498426|-164049.90071191706|-164048.71514130314
234.8|1.0|0.88|0.0|-164218.8823617558|-164218.15083946212|-164217.4319296218|-164216.64995751478|-164215.89321031442
235.0|1.0|0.88|0.0|-164201.24383594698|-164201.1933861336|-164201.14293632025|-164201.04203669357|-164200.96636197352
235.2|1.0|0.88|0.0|-164557.7114852696|-164556.79077617585|-164555.88267953545|-164554.92413308163|-164553.9781990812
235.4|1.0|0.88|0.0|-164420.09625661987|-164419.7809452864|-164419.47824640624|-164419.09987280608|-164418.74672411257
235.6|1.0|0.88|0.0|-164319.9347976871|-164319.25372520677|-164318.59787763315|-164317.89158024613|-164317.19789531248
235.8|1.0|0.88|0.0|-164417.18942538576|-164416.73537706555|-164416.2939411987|-164415.78944306512|-164415.29755738488
236.0|1.0|0.88|0.0|-164364.80990666803|-164363.7378481342|-164362.69101450703|-164361.58111861316|-164360.47122271932
236.2|1.0|0.88|0.0|-164552.36741114|-164551.4214771396|-164550.47554313915|-164549.47915932536|-164548.50800041822
236.4|1.0|0.88|0.0|-164470.84051275536|-164469.9576410216|-164469.1252191012|-164468.19189755415|-164467.30902582037
236.6|1.0|0.88|0.0|-164449.52058431486|-164449.0160861813|-164448.5368129544|-164447.9818650075|-164447.46475442057
236.8|1.0|0.88|0.0|-164506.78112247487|-164506.0496001812|-164505.31807788755|-164504.5361057805|-164503.77935858016
237.0|1.0|0.88|0.0|-164293.43438060512|-164292.8794326582|-164292.36232207128|-164291.79476167102|-164291.2398137241
237.2|1.0|0.88|0.0|-164366.29652354575|-164365.62806351876|-164364.98482839848|-164364.2911434648|-164363.59745853115
237.4|1.0|0.88|0.0|-164146.46076779536|-164145.54005870162|-164144.63196206116|-164143.6734156074|-164142.71486915363
237.6|1.0|0.88|0.0|-164462.08354473178|-164461.7051711316|-164461.3520224381|-164460.9358114779|-164460.53221297104
237.8|1.0|0.88|0.0|-164264.72387487977|-164264.23198919956|-164263.765328426|-164263.22299293242|-164262.7058823455
238.0|1.0|0.88|0.0|-164467.6686103118|-164466.8992506581|-164466.1551159111|-164465.34791889737|-164464.56594679036
238.2|1.0|0.88|0.0|-164056.7617817238|-164056.23205868356|-164055.7023356433|-164055.10955033638|-164054.55460238943
238.4|1.0|0.88|0.0|-163930.27148718486|-163929.46429017113|-163928.69493051746|-163927.8751210504|-163927.04269913
238.6|1.0|0.88|0.0|-164032.79481229009|-164032.21463943648|-164031.64707903625|-164031.02906882262|-164030.42367106234
238.8|1.0|0.88|0.0|-164109.4112226556|-164108.61663809518|-164107.8472784415|-164107.04008142778|-164106.25810932077
239.0|1.0|0.88|0.0|-164180.08294174008|-164179.3892568064|-164178.7081843261|-164177.98927448576|-164177.28297709874
239.2|1.0|0.88|0.0|-164196.6638357321|-164195.5665522916|-164194.49449375775|-164193.37198541057|-164192.2620895167
239.4|1.0|0.88|0.0|-164261.04298797186|-164260.3240781315|-164259.6177807445|-164258.86103354415|-164258.12951125047
239.6|1.0|0.88|0.0|-164389.18917633136|-164388.35675441098|-164387.5495573973|-164386.67929811683|-164385.83426374313
239.8|1.0|0.88|0.0|-164204.31311971374|-164203.59420987338|-164202.87530003308|-164202.13116528606|-164201.38703053902
240.0|1.0|0.88|0.0|-164415.0628013662|-164414.35650397922|-164413.7006564056|-164412.96913411192|-164412.25022427156
240.2|1.0|0.88|0.0|-164176.96685470108|-164176.60109355423|-164176.24794486072|-164175.84434635387|-164175.45336030037
240.4|1.0|0.88|0.0|-164528.72548635642|-164528.48584974298|-164528.2714380362|-164528.01918896945|-164527.7543274493
240.6|1.0|0.88|0.0|-164301.1220009827|-164300.61750284914|-164300.11300471556|-164299.55805676867|-164299.04094618175
240.8|1.0|0.88|0.0|-164327.00936466618|-164326.10126802576|-164325.20578383867|-164324.2598498382|-164323.33914074447
241.0|1.0|0.88|0.0|-164697.84071774568|-164697.2857697988|-164696.75604675853|-164696.18848635827|-164695.620925958
241.2|1.0|0.88|0.0|-164550.63358934486|-164549.6498179844|-164548.66604662396|-164547.63182545014|-164546.61021672963
241.4|1.0|0.88|0.0|-164607.68209044766|-164607.12714250074|-164606.59741946048|-164606.01724660688|-164605.44968620664
241.6|1.0|0.88|0.0|-164307.5217227946|-164306.87848767432|-164306.2604774607|-164305.5920174337|-164304.93616986007
241.8|1.0|0.88|0.0|-164155.61734790957|-164154.99933769598|-164154.3939399357|-164153.7507048154|-164153.1074696951
242.0|1.0|0.88|0.0|-164380.63612793447|-164379.85415582746|-164379.0469588137|-164378.21453689336|-164377.38211497295
242.2|1.0|0.88|0.0|-164611.8670139745|-164611.27422866755|-164610.7066682673|-164610.08865805366|-164609.48326029335
242.4|1.0|0.88|0.0|-164187.4399844855|-164186.93548635193|-164186.45621312503|-164185.90126517814|-164185.3841545912
242.6|1.0|0.88|0.0|-164312.3291294206|-164311.82463128702|-164311.33274560678|-164310.7904101132|-164310.2732995263
242.8|1.0|0.88|0.0|-164362.8604508852|-164361.97757915148|-164361.10731987105|-164360.1866107773|-164359.27851413685
243.0|1.0|0.88|0.0|-164347.05945343504|-164346.80720436826|-164346.5549553015|-164346.26486887466|-164346.00000735454
243.2|1.0|0.88|0.0|-164298.86079504178|-164298.43197162825|-164298.02837312137|-164297.57432480116|-164297.12027648097
243.4|1.0|0.88|0.0|-164263.93665663118|-164263.63395775104|-164263.35648377758|-164263.02855999078|-164262.7132486573
243.6|1.0|0.88|0.0|-164253.26938969753|-164252.9793032707|-164252.70182929726|-164252.37390551044|-164252.05859417695
243.8|1.0|0.88|0.0|-164040.47179270058|-164040.24476854043|-164040.0681941937|-164039.81594512693|-164039.5889209668
244.0|1.0|0.88|0.0|-164015.85291604782|-164014.84391978072|-164013.86014842024|-164012.80070233974|-164011.7917060726
244.2|1.0|0.88|0.0|-164193.14676145496|-164191.99902820107|-164190.8765198539|-164189.70356169337|-164188.51799107945
244.4|1.0|0.88|0.0|-164170.98668093796|-164170.29299600428|-164169.649760884|-164168.9308510437|-164168.23716611
244.6|1.0|0.88|0.0|-163743.6465249603|-163742.88977775996|-163742.1330305596|-163741.32583354588|-163740.54386143884
244.8|1.0|0.88|0.0|-164300.99648137187|-164299.848748118|-164298.70101486414|-164297.5028317969|-164296.3298736364
245.0|1.0|0.88|0.0|-164023.67911382203|-164022.68273000824|-164021.68634619442|-164020.65212502063|-164019.6179038468
245.2|1.0|0.88|0.0|-163949.9385409038|-163948.95476954334|-163948.00883554292|-163946.9872268224|-163946.00345546196
245.4|1.0|0.88|0.0|-163997.7815013099|-163997.12565373626|-163996.48241861595|-163995.7887336823|-163995.09504874866
245.6|1.0|0.88|0.0|-163832.96907996977|-163831.8591840759|-163830.7619006354|-163829.6015549282|-163828.47904658102
245.8|1.0|0.88|0.0|-164100.77241967997|-164100.00306002627|-164099.25892527925|-164098.4643407189|-164097.68236861186
246.0|1.0|0.88|0.0|-164012.37670007293|-164011.4307660725|-164010.4974445254|-164009.5010607116|-164008.5425142578
246.2|1.0|0.88|0.0|-164406.9699152435|-164406.31406766988|-164405.69605745625|-164405.02759742926|-164404.34652494898
246.4|1.0|0.88|0.0|-164465.60521081754|-164465.214224764|-164464.83585116384|-164464.4070277503|-164463.9908167901
246.6|1.0|0.88|0.0|-164413.31397927314|-164412.51939471278|-164411.76264751243|-164410.93022559205|-164410.12302857832
246.8|1.0|0.88|0.0|-164440.33154415988|-164439.99100791974|-164439.66308413292|-164439.2973229861|-164438.9567867459
247.0|1.0|0.88|0.0|-164537.736165342|-164537.029867955|-164536.34879547468|-164535.59204827435|-164534.873138434
247.2|1.0|0.88|0.0|-164410.26209944257|-164409.51796469558|-164408.76121749522|-164407.96663293487|-164407.19727328117
247.4|1.0|0.88|0.0|-164118.1645597909|-164117.40781259057|-164116.6762902969|-164115.8817057365|-164115.1123460828
247.6|1.0|0.88|0.0|-164290.5237275619|-164289.6660807348|-164288.83365881443|-164287.93817462734|-164287.06791534694
247.8|1.0|0.88|0.0|-164273.67348990068|-164273.16899176713|-164272.68971854026|-164272.14738304666|-164271.63027245973
248.0|1.0|0.88|0.0|-164046.57365507484|-164045.6655584344|-164044.77007424732|-164043.8241402469|-164042.91604360647
248.2|1.0|0.88|0.0|-164359.1982529386|-164358.4288932849|-164357.6847585379|-164356.8523366175|-164356.07036451047
248.4|1.0|0.88|0.0|-164455.31890120055|-164454.91530269367|-164454.54954154685|-164454.09549322663|-164453.69189471978
248.6|1.0|0.88|0.0|-164327.67686588666|-164326.2264337527|-164324.81383897868|-164323.338181938|-164321.88774980398
248.8|1.0|0.88|0.0|-164173.54368025373|-164172.97611985347|-164172.42117190652|-164171.8283865996|-164171.23560129266
249.0|1.0|0.88|0.0|-164432.8039679343|-164431.66884713384|-164430.55895123995|-164429.3733806261|-164428.23825982554
249.2|1.0|0.88|0.0|-164254.51432753124|-164253.51794371745|-164252.55939726366|-164251.55040099652|-164250.54140472942
249.4|1.0|0.88|0.0|-164585.36792088285|-164584.5481114158|-164583.72830194872|-164582.87065512166|-164582.02562074794
249.6|1.0|0.88|0.0|-164676.54322728104|-164675.87476725405|-164675.24414458708|-164674.55045965343|-164673.85677471978
249.8|1.0|0.88|0.0|-164522.22506691967|-164521.50615707933|-164520.7998596923|-164520.0178875853|-164519.28636529163
250.0|1.0|0.88|0.0|-165011.49156814715|-165010.82310812015|-165010.16726054653|-165009.43573825285|-165008.74205331918
250.2|1.0|0.88|0.0|-164882.30487540818|-164881.39677876775|-164880.48868212735|-164879.5301356736|-164878.59681412647
250.4|1.0|0.88|0.0|-164740.99494819567|-164740.5913496888|-164740.2382009953|-164739.80937758175|-164739.40577907494
250.6|1.0|0.88|0.0|-164848.7777316377|-164847.71828555723|-164846.6840643834|-164845.58678094292|-164844.50210995573
250.8|1.0|0.88|0.0|-164453.3394820934|-164452.68363451975|-164452.0530118528|-164451.37193937248|-164450.71609179885
251.0|1.0|0.88|0.0|-164437.23808456768|-164436.75881134078|-164436.29215056726|-164435.77503998033|-164435.27054184675
251.2|1.0|0.88|0.0|-164423.9924077389|-164423.2861103519|-164422.6050378716|-164421.84829067125|-164421.11676837757
251.4|1.0|0.88|0.0|-164209.4545764389|-164208.54647979848|-164207.63838315808|-164206.67983670428|-164205.7465151572
251.6|1.0|0.88|0.0|-164118.0559347474|-164117.32441245372|-164116.60550261335|-164115.82353050634|-164115.066783306
251.8|1.0|0.88|0.0|-164374.11374829573|-164373.2939388287|-164372.47412936165|-164371.60387008122|-164370.7588357075
252.0|1.0|0.88|0.0|-164222.28703532487|-164221.26542660443|-164220.24381788392|-164219.1717593501|-164218.09970081627
252.2|1.0|0.88|0.0|-164148.6681451839|-164148.20148441035|-164147.74743609014|-164147.2429379566|-164146.75105227635
252.4|1.0|0.88|0.0|-164013.5894798338|-164013.29939340704|-164013.04714434023|-164012.71922055344|-164012.4291341266
252.6|1.0|0.88|0.0|-164192.20580400978|-164191.6004062495|-164191.00762094255|-164190.36438582226|-164189.7463756086
252.8|1.0|0.88|0.0|-164562.84377124085|-164561.92306214705|-164561.02757796|-164560.08164395954|-164559.13570995908
253.0|1.0|0.88|0.0|-164246.83656765972|-164246.50864387292|-164246.18072008606|-164245.82757139258|-164245.46181024576
253.2|1.0|0.88|0.0|-164456.32864515312|-164455.6223477661|-164454.91605037914|-164454.18452808546|-164453.45300579176
253.4|1.0|0.88|0.0|-164569.23429904965|-164568.70457600942|-164568.16224051584|-164567.5694552089|-164567.01450726198
253.6|1.0|0.88|0.0|-164508.9349830953|-164508.2034608016|-164507.4845509613|-164506.7151913076|-164505.95844410724
253.8|1.0|0.88|0.0|-164386.53053761338|-164385.43325417285|-164384.36119563904|-164383.2260748385|-164382.11617894465
254.0|1.0|0.88|0.0|-164662.97081790006|-164662.61766920655|-164662.27713296638|-164661.87353445953|-164661.48254840603
254.2|1.0|0.88|0.0|-164723.0748918452|-164722.3307570982|-164721.5992348045|-164720.7920377908|-164720.03529059043
254.4|1.0|0.88|0.0|-164482.8919739379|-164482.23612636424|-164481.60550369727|-164480.89920631028|-164480.24335873662
254.6|1.0|0.88|0.0|-164609.75752113157|-164608.91248675785|-164608.10528974413|-164607.24764291706|-164606.40260854334
254.8|1.0|0.88|0.0|-164580.29049921985|-164579.43285239278|-164578.57520556572|-164577.67972137863|-164576.78423719155
255.0|1.0|0.88|0.0|-164377.4499095385|-164376.6553249781|-164375.88596532444|-164375.05354340404|-164374.2463463903
255.2|1.0|0.88|0.0|-164580.31125906954|-164579.5040620558|-164578.69686504212|-164577.83921821506|-164577.00679629465
255.4|1.0|0.88|0.0|-164228.7567450531|-164227.70991142595|-164226.7009151588|-164225.61624417166|-164224.5694105445
255.6|1.0|0.88|0.0|-164277.73811632235|-164277.2462306421|-164276.77956986858|-164276.24984682834|-164275.75796114808
255.8|1.0|0.88|0.0|-164440.98185615492|-164440.38907084797|-164439.83412290103|-164439.21611268743|-164438.61071492714
256.0|1.0|0.88|0.0|-164082.5359322545|-164081.69089788076|-164080.87108841375|-164080.00082913332|-164079.1557947596
256.2|1.0|0.88|0.0|-164202.492002579|-164201.83615500538|-164201.19291988507|-164200.49923495142|-164199.8181624711
256.4|1.0|0.88|0.0|-164024.81299232514|-164024.05624512478|-164023.29949792442|-164022.4923009107|-164021.69771635032
256.6|1.0|0.88|0.0|-164124.19748299278|-164123.23893653898|-164122.3056149919|-164121.30923117808|-164120.33807227097
256.8|1.0|0.88|0.0|-164250.68777753174|-164250.10760467814|-164249.54004427788|-164248.92203406425|-164248.30402385062
257.0|1.0|0.88|0.0|-164201.89486742023|-164201.28946966|-164200.6840718997|-164200.05344923274|-164199.42282656577
257.2|1.0|0.88|0.0|-164319.7456314219|-164319.3294204617|-164318.91320950148|-164318.44654872792|-164318.00511286108
257.4|1.0|0.88|0.0|-164205.58940650168|-164204.71914722124|-164203.89933775424|-164202.97862866044|-164202.10836938006
257.6|1.0|0.88|0.0|-164206.77497711554|-164206.37137860872|-164205.98039255518|-164205.526344235|-164205.09752082144
257.8|1.0|0.88|0.0|-164335.43852977385|-164334.80790710688|-164334.17728443994|-164333.50882441297|-164332.86558929266
258.0|1.0|0.88|0.0|-164138.3498901313|-164137.89584181109|-164137.46701839755|-164136.97513271734|-164136.5084719438
258.2|1.0|0.88|0.0|-164369.8726460871|-164369.44382267358|-164369.01499926005|-164368.56095093983|-164368.10690261965
258.4|1.0|0.88|0.0|-164166.11846239216|-164165.45000236516|-164164.79415479154|-164164.08785740455|-164163.39417247087
258.6|1.0|0.88|0.0|-164082.13213560634|-164081.40061331267|-164080.69431592568|-164079.93756872532|-164079.18082152496
258.8|1.0|0.88|0.0|-164193.83928712583|-164192.84290331203|-164191.84651949824|-164190.8375232311|-164189.82852696395
259.0|1.0|0.88|0.0|-164033.35284073907|-164032.40690673862|-164031.47358519156|-164030.47720137774|-164029.5060424706
259.2|1.0|0.88|0.0|-163716.61338074284|-163716.09627015595|-163715.59177202237|-163715.01159916876|-163714.49448858187
259.4|1.0|0.88|0.0|-164081.40336867288|-164080.62139656584|-164079.8646493655|-164079.05745235182|-164078.2628677914
259.6|1.0|0.88|0.0|-164330.44887230897|-164329.41465113516|-164328.39304241465|-164327.3083714275|-164326.26153780034
259.8|1.0|0.88|0.0|-164188.15493887162|-164187.59999092473|-164187.05765543113|-164186.46487012418|-164185.87208481724
260.0|1.0|0.88|0.0|-164357.9808275103|-164357.42587956335|-164356.88354406977|-164356.30337121617|-164355.7358108159
260.2|1.0|0.88|0.0|-164458.8553455706|-164458.0733734636|-164457.29140135655|-164456.45897943614|-164455.63916996913
260.4|1.0|0.88|0.0|-163969.3845776784|-163968.62783047804|-163967.88369573106|-163967.07649871733|-163966.29452661032
260.6|1.0|0.88|0.0|-163976.4334955661|-163975.77764799248|-163975.1722502322|-163974.50379020523|-163973.83533017823
260.8|1.0|0.88|0.0|-164262.1354821343|-164261.25261040055|-164260.3949635735|-164259.47425447972|-164258.57877029263
261.0|1.0|0.88|0.0|-164361.02972876703|-164359.90722041987|-164358.8225494327|-164357.64959127214|-164356.50185801828
261.2|1.0|0.88|0.0|-164334.7416858154|-164333.909263895|-164333.1020668813|-164332.24442005422|-164331.3993856805
261.4|1.0|0.88|0.0|-164410.23983150392|-164409.60920883698|-164408.99119862335|-164408.32273859635|-164407.67950347607
261.6|1.0|0.88|0.0|-164534.20763537503|-164533.3626010013|-164532.5301790809|-164531.6473073472|-164530.7896605201
261.8|1.0|0.88|0.0|-164201.01184305974|-164200.07852151262|-164199.15781241885|-164198.18665351174|-164197.2154946046
262.0|1.0|0.88|0.0|-164277.28859528006|-164276.2417616529|-164275.20754047908|-164274.1228694919|-164273.05081095806
262.2|1.0|0.88|0.0|-164066.66962619848|-164065.8876540915|-164065.1309068911|-164064.33632233075|-164063.54173777037
262.4|1.0|0.88|0.0|-164270.2064853159|-164269.18487659542|-164268.1506554216|-164267.07859688776|-164266.01915080726
262.6|1.0|0.88|0.0|-163861.51783692665|-163860.40794103278|-163859.29804513892|-163858.1376994317|-163857.00257863122
262.8|1.0|0.88|0.0|-164202.5613837727|-164202.1830101725|-164201.81724902568|-164201.38842561215|-164200.98482710528
263.0|1.0|0.88|0.0|-163929.09939480634|-163927.83814947243|-163926.58951659186|-163925.30304635124|-163924.01657611065
263.2|1.0|0.88|0.0|-163989.8288327657|-163989.18559764538|-163988.55497497844|-163987.84867759145|-163987.1928300178
263.4|1.0|0.88|0.0|-164035.58661345317|-164035.28391457302|-164035.00644059957|-164034.67851681277|-164034.35059302594
263.6|1.0|0.88|0.0|-163893.3424425012|-163892.66137002088|-163892.01813490057|-163891.31183751358|-163890.63076503325
263.8|1.0|0.88|0.0|-163969.1749382371|-163968.4055785834|-163967.64883138303|-163966.84163436934|-163966.03443735564
264.0|1.0|0.88|0.0|-163943.63738546954|-163942.83018845582|-163942.03560389543|-163941.20318197506|-163940.37076005468
264.2|1.0|0.88|0.0|-163877.72451222976|-163877.1317269228|-163876.55155406918|-163875.90831894887|-163875.29030873525
264.4|1.0|0.88|0.0|-163872.30504033106|-163871.6365803041|-163870.9933451838|-163870.2870477968|-163869.59336286315
264.6|1.0|0.88|0.0|-163904.92084466625|-163904.03797293254|-163903.16771365213|-163902.2470045584|-163901.33890791793
264.8|1.0|0.88|0.0|-164034.17466789266|-164033.24134634557|-164032.3458621585|-164031.39992815803|-164030.4539941576
265.0|1.0|0.88|0.0|-163948.59444454004|-163947.44671128615|-163946.28636557897|-163945.08818251174|-163943.90261189785
265.2|1.0|0.88|0.0|-163815.47068907996|-163814.9788033997|-163814.49953017282|-163813.95719467924|-163813.42747163898
265.4|1.0|0.88|0.0|-163918.5159713517|-163917.62048716462|-163916.73761543087|-163915.80429388376|-163914.88358479
265.6|1.0|0.88|0.0|-163886.35069503757|-163885.56872293053|-163884.78675082352|-163883.94171644977|-163883.1219069827
265.8|1.0|0.88|0.0|-163958.89421654606|-163957.65819611883|-163956.4474005983|-163955.16093035767|-163953.92490993044
266.0|1.0|0.88|0.0|-164070.58340795158|-164070.02846000463|-164069.4987369644|-164068.9185641108|-164068.3383912572
266.2|1.0|0.88|0.0|-163918.46030108313|-163917.95580294955|-163917.451304816|-163916.90896932242|-163916.36663382882
266.4|1.0|0.88|0.0|-164024.64334004134|-164024.3406411612|-164024.0505547344|-164023.71001849422|-164023.3694822541
266.6|1.0|0.88|0.0|-163974.3585316351|-163973.81619614153|-163973.28647310127|-163972.70630024766|-163972.12612739406
266.8|1.0|0.88|0.0|-164177.29762499413|-164176.69222723384|-164176.08682947358|-164175.44359435324|-164174.82558413965
267.0|1.0|0.88|0.0|-164267.0260209856|-164266.47107303864|-164265.9413499984|-164265.34856469146|-164264.7810042912
267.2|1.0|0.88|0.0|-164019.3840589043|-164018.702986424|-164018.02191394367|-164017.29039165|-164016.55886935632
267.4|1.0|0.88|0.0|-164371.0073525409|-164370.0235811805|-164369.05242227335|-164368.04342600622|-164367.03442973908
267.6|1.0|0.88|0.0|-164200.2987761102|-164200.28616365686|-164200.2987761102|-164200.23571384352|-164200.18526403015
267.8|1.0|0.88|0.0|-164319.7222626593|-164319.02857772566|-164318.334892792|-164317.590758045|-164316.87184820464
268.0|1.0|0.88|0.0|-164388.2664742963|-164387.47188973593|-164386.67730517557|-164385.83227080185|-164385.0124613348
268.2|1.0|0.88|0.0|-163945.21072168517|-163944.45397448484|-163943.72245219117|-163942.94048008413|-163942.1585079771
268.4|1.0|0.88|0.0|-164274.91430092597|-164274.6242144992|-164274.33412807237|-164273.99359183223|-164273.6656680454
268.6|1.0|0.88|0.0|-164210.24478812996|-164209.21056695617|-164208.17634578233|-164207.11689970185|-164206.05745362135
268.8|1.0|0.88|0.0|-164282.23033094004|-164281.46097128635|-164280.70422408602|-164279.8718021656|-164279.0646051519
269.0|1.0|0.88|0.0|-164079.67194522134|-164078.8899731143|-164078.1080010073|-164077.28819154022|-164076.48099452653
269.2|1.0|0.88|0.0|-164183.59856073646|-164183.11928750956|-164182.69046409603|-164182.18596596245|-164181.69408028224
269.4|1.0|0.88|0.0|-164321.92322405087|-164321.34305119727|-164320.77549079698|-164320.14486813004|-164319.53947036975
269.6|1.0|0.88|0.0|-164147.3408157306|-164146.48316890353|-164145.65074698313|-164144.75526279604|-164143.88500351564
269.8|1.0|0.88|0.0|-164213.17782216126|-164212.54719949432|-164211.941801734|-164211.26072925373|-164210.60488168008
270.0|1.0|0.88|0.0|-163971.73859096976|-163970.56563280922|-163969.41789955535|-163968.21971648812|-163967.04675832755
270.2|1.0|0.88|0.0|-164143.7234062739|-164142.9162092602|-164142.12162469982|-164141.25136541942|-164140.418943499
270.4|1.0|0.88|0.0|-163942.03751548368|-163941.0789690299|-163940.12042257615|-163939.12403876235|-163938.12765494853
270.6|1.0|0.88|0.0|-164182.31736404903|-164181.42187986194|-164180.55162058154|-164179.60568658108|-164178.69758994068
270.8|1.0|0.88|0.0|-164040.99482438315|-164040.57861342296|-164040.1750149161|-164039.73357904924|-164039.29214318236
271.0|1.0|0.88|0.0|-164000.26501380932|-163999.52087906233|-163998.78935676863|-163998.0073846616|-163997.23802500791
271.2|1.0|0.88|0.0|-164066.34709571215|-164066.09484664537|-164065.86782248528|-164065.5903485118|-164065.31287453833
271.4|1.0|0.88|0.0|-164390.89074503677|-164390.1339978364|-164389.40247554274|-164388.6205034357|-164387.851143782
271.6|1.0|0.88|0.0|-164311.64223625496|-164310.74675206788|-164309.8512678808|-164308.90533388034|-164307.98462478656
271.8|1.0|0.88|0.0|-164201.0595618397|-164200.7694754129|-164200.4793889861|-164200.1262402926|-164199.7983165058
272.0|1.0|0.88|0.0|-164132.14502152248|-164131.4891739488|-164130.88377618854|-164130.20270370823|-164129.53424368124
272.2|1.0|0.88|0.0|-163850.42118667095|-163849.72750173727|-163849.0590417103|-163848.31490696332|-163847.58338466962
272.4|1.0|0.88|0.0|-164049.92192521828|-164048.43365572428|-164046.9706111369|-164045.43189182953|-164043.91839742882
272.6|1.0|0.88|0.0|-164146.2566664856|-164145.5251441919|-164144.76839699157|-164143.98642488453|-164143.20445277749
272.8|1.0|0.88|0.0|-164244.6895310918|-164243.5670227446|-164242.48235175744|-164241.32200605024|-164240.18688524968
273.0|1.0|0.88|0.0|-164348.47740962016|-164348.12426092668|-164347.77111223317|-164347.392738633|-164347.00175257947
273.2|1.0|0.88|0.0|-164170.33884651773|-164170.04876009093|-164169.79651102415|-164169.46858723732|-164169.16588835718
273.4|1.0|0.88|0.0|-164721.47185915624|-164720.8412364893|-164720.235838729|-164719.5926036087|-164718.96198094173
273.6|1.0|0.88|0.0|-164560.0829062277|-164560.05768132102|-164560.00723150765|-164559.93155678763|-164559.85588206758
273.8|1.0|0.88|0.0|-164220.41947106898|-164219.83929821535|-164219.27173781508|-164218.6285026948|-164218.02310493452
274.0|1.0|0.88|0.0|-164400.60030903117|-164399.9696863642|-164399.3895135106|-164398.72105348363|-164398.10304327
274.2|1.0|0.88|0.0|-164092.6294233943|-164092.08708790073|-164091.54475240712|-164090.96457955352|-164090.4096316066
274.4|1.0|0.88|0.0|-164203.37767325848|-164202.69660077814|-164202.0029158445|-164201.25878109745|-164200.52725880378
274.6|1.0|0.88|0.0|-164310.80074157988|-164310.32146835298|-164309.85480757942|-164309.3250845392|-164308.83319885895
274.8|1.0|0.88|0.0|-164154.29115387404|-164153.77404328715|-164153.25693270026|-164152.7019847533|-164152.1470368064
275.0|1.0|0.88|0.0|-164413.25791841888|-164412.6272957519|-164412.00928553828|-164411.32821305798|-164410.67236548432
275.2|1.0|0.88|0.0|-164515.32962803202|-164515.4431401121|-164515.55665219214|-164515.6071020055|-164515.68277672553
275.4|1.0|0.88|0.0|-164103.5834763201|-164103.20510271995|-164102.85195402644|-164102.4231306129|-164102.01953210606
275.6|1.0|0.88|0.0|-164809.56058253904|-164808.6524858986|-164807.76961416486|-164806.8489050711|-164805.94080843066
275.8|1.0|0.88|0.0|-164549.12302835227|-164548.76987965876|-164548.44195587197|-164548.0635822718|-164547.69782112495
276.0|1.0|0.88|0.0|-164573.36416367025|-164573.0614647901|-164572.7713783633|-164572.43084212314|-164572.11553078966
276.2|1.0|0.88|0.0|-164047.36125957026|-164046.5036127432|-164045.65857836948|-164044.75048172905|-164043.88022244864
276.4|1.0|0.88|0.0|-164493.3628345515|-164492.70698697786|-164492.08897676424|-164491.42051673724|-164490.75205671025
276.6|1.0|0.88|0.0|-164426.11988833005|-164426.0946634234|-164426.05682606337|-164425.96853888998|-164425.90547662327
276.8|1.0|0.88|0.0|-164673.30617608005|-164672.39807943962|-164671.48998279922|-164670.53143634542|-164669.58550234497
277.0|1.0|0.88|0.0|-164701.17470182077|-164700.64497878053|-164700.15309310032|-164699.59814515337|-164699.0558096598
277.2|1.0|0.88|0.0|-164586.71048560488|-164586.25643728467|-164585.80238896445|-164585.2978908309|-164584.81861760397
277.4|1.0|0.88|0.0|-164615.76576085345|-164614.95856383975|-164614.17659173274|-164613.331557359|-164612.4991354386
277.6|1.0|0.88|0.0|-164570.4155544122|-164569.5831324918|-164568.75071057142|-164567.86783883764|-164567.0101920106
277.8|1.0|0.88|0.0|-164756.2978917255|-164755.28889545833|-164754.3051240979|-164753.2456780174|-164752.2114568436
278.0|1.0|0.88|0.0|-164767.04958692126|-164766.41896425432|-164765.78834158735|-164765.10726910704|-164764.4514215334
278.2|1.0|0.88|0.0|-164738.53282992129|-164737.77608272096|-164737.03194797394|-164736.19952605356|-164735.41755394652
278.4|1.0|0.88|0.0|-164567.49651939413|-164567.0676959806|-164566.6262601137|-164566.14698688683|-164565.68032611327
278.6|1.0|0.88|0.0|-164240.03532612292|-164238.84975550903|-164237.67679734848|-164236.4660018279|-164235.25520630737
278.8|1.0|0.88|0.0|-164633.7397486634|-164632.7181399429|-164631.72175612912|-164630.66231004862|-164629.6280888748
279.0|1.0|0.88|0.0|-164138.9268831558|-164138.24581067546|-164137.57735064853|-164136.84582835482|-164136.15214342118
279.2|1.0|0.88|0.0|-164533.33691556912|-164532.41620647535|-164531.5333347416|-164530.58740074115|-164529.6666916474
279.4|1.0|0.88|0.0|-164135.253098981|-164134.05491591376|-164132.89457020655|-164131.64593732596|-164130.4351418054
279.6|1.0|0.88|0.0|-164063.1920605458|-164062.49837561214|-164061.82991558517|-164061.11100574484|-164060.40470835785
279.8|1.0|0.88|0.0|-163954.23151489068|-163953.36125561027|-163952.51622123655|-163951.6081245961|-163950.72525286238
280.0|1.0|0.88|0.0|-164141.85083405388|-164140.4382392799|-164139.05086941255|-164137.58782482523|-164136.17523005125
280.2|1.0|0.88|0.0|-164282.42986199283|-164282.08932575266|-164281.77401441918|-164281.395640819|-164281.02987967216
280.4|1.0|0.88|0.0|-164228.54351368113|-164228.19036498762|-164227.84982874748|-164227.45884269394|-164227.08046909378
280.6|1.0|0.88|0.0|-164112.23711464275|-164111.56865461575|-164110.93803194878|-164110.23173456182|-164109.57588698814
280.8|1.0|0.88|0.0|-164116.47358489665|-164115.6790003363|-164114.88441577592|-164114.0393814022|-164113.21957193513
281.0|1.0|0.88|0.0|-164248.3367845581|-164247.7944490645|-164247.27733847764|-164246.68455317066|-164246.12960522374
281.2|1.0|0.88|0.0|-163929.40076515492|-163928.87104211465|-163928.37915643444|-163927.82420848752|-163927.3070979006
281.4|1.0|0.88|0.0|-163999.15157129275|-163998.31914937234|-163997.51195235862|-163996.6290806249|-163995.7714337978
281.6|1.0|0.88|0.0|-163811.9070890188|-163810.99899237836|-163810.1413455513|-163809.20802400418|-163808.29992736378
281.8|1.0|0.88|0.0|-164086.95947144035|-164086.26578650667|-164085.5973264797|-164084.84057927932|-164084.13428189236
282.0|1.0|0.88|0.0|-163881.96515202904|-163881.3723667221|-163880.80480632183|-163880.1867961082|-163879.59401080126
282.2|1.0|0.88|0.0|-163862.0612562226|-163861.2540592089|-163860.4846995552|-163859.6396651815|-163858.85769307445
282.4|1.0|0.88|0.0|-163682.73538833795|-163682.19305284438|-163681.66332980414|-163681.0705444972|-163680.50298409694
282.6|1.0|0.88|0.0|-163648.1646537352|-163647.3322318148|-163646.5250348011|-163645.667387974|-163644.8223536003
282.8|1.0|0.88|0.0|-163881.99591608974|-163881.32745606278|-163880.67160848912|-163879.96531110213|-163879.27162616848
283.0|1.0|0.88|0.0|-164224.29789971595|-164223.80601403574|-164223.33935326218|-164222.8222426753|-164222.29251963503
283.2|1.0|0.88|0.0|-164108.8386465089|-164108.10712421522|-164107.37560192155|-164106.60624226788|-164105.8494950675
283.4|1.0|0.88|0.0|-164145.30883259032|-164144.2367740565|-164143.17732797598|-164142.09265698885|-164140.99537354833
283.6|1.0|0.88|0.0|-164118.19664967398|-164117.5912519137|-164117.02369151346|-164116.3930688465|-164115.7876710862
283.8|1.0|0.88|0.0|-164129.42850847828|-164128.54563674453|-164127.68798991747|-164126.75466837035|-164125.84657172993
284.0|1.0|0.88|0.0|-164214.42905361598|-164213.77320604236|-164213.1425833754|-164212.46151089508|-164211.78043841475
284.2|1.0|0.88|0.0|-164039.7740340619|-164039.39566046174|-164039.0677366749|-164038.6515257147|-164038.28576456787
284.4|1.0|0.88|0.0|-164050.00724797408|-164049.17482605367|-164048.39285394663|-164047.52259466622|-164046.6775602925
284.6|1.0|0.88|0.0|-163880.14294366413|-163879.2222345704|-163878.30152547662|-163877.34297902283|-163876.3970450224
284.8|1.0|0.88|0.0|-164138.16851407776|-164137.1847427173|-164136.20097135683|-164135.16675018304|-164134.15775391588
285.0|1.0|0.88|0.0|-164349.5557491329|-164348.7107147592|-164347.87829283884|-164347.0080335584|-164346.1629991847
285.2|1.0|0.88|0.0|-164422.7162372581|-164422.1612893112|-164421.59372891093|-164420.98833115064|-164420.3955458437
285.4|1.0|0.88|0.0|-164580.0327765955|-164579.49044110192|-164578.96071806163|-164578.35532030137|-164577.77514744777
285.6|1.0|0.88|0.0|-164253.5667611229|-164252.74695165583|-164251.9271421888|-164251.08210781508|-164250.224460988
285.8|1.0|0.88|0.0|-164406.59194640917|-164405.92348638223|-164405.26763880855|-164404.54872896825|-164403.85504403457
286.0|1.0|0.88|0.0|-164259.3456430925|-164258.38709663873|-164257.42855018494|-164256.4447788245|-164255.4483950107
286.2|1.0|0.88|0.0|-164459.75920624624|-164458.52318581898|-164457.31239029844|-164456.02592005784|-164454.7898996306
286.4|1.0|0.88|0.0|-164425.2790169572|-164424.38353277012|-164423.5132734897|-164422.56733948927|-164421.65924284884
286.6|1.0|0.88|0.0|-164443.87833703664|-164443.24771436967|-164442.6170917027|-164441.96124412908|-164441.29278410212
286.8|1.0|0.88|0.0|-164555.0269179624|-164554.37107038873|-164553.74044772176|-164553.04676278812|-164552.37830276112
287.0|1.0|0.88|0.0|-164449.4102336998|-164448.40123743267|-164447.41746607222|-164446.37063244506|-164445.33641127124
287.2|1.0|0.88|0.0|-164621.27762880392|-164620.33169480346|-164619.39837325638|-164618.41460189593|-164617.45605544213
287.4|1.0|0.88|0.0|-164783.48833905766|-164782.7315918573|-164781.9496197503|-164781.14242273656|-164780.33522572287
287.6|1.0|0.88|0.0|-164636.598497531|-164635.3877020104|-164634.20213139654|-164632.96611096928|-164631.73009054206
287.8|1.0|0.88|0.0|-164464.18445290098|-164462.88537020702|-164461.5862875131|-164460.2367550058|-164458.9124474052
288.0|1.0|0.88|0.0|-164251.69043696162|-164251.05981429463|-164250.4670289877|-164249.8237938674|-164249.16794629378
288.2|1.0|0.88|0.0|-164062.06220100657|-164060.77573076595|-164059.5018729787|-164058.16495292474|-164056.8658702308
288.4|1.0|0.88|0.0|-164413.75930661184|-164412.91427223812|-164412.05662541103|-164411.1485287706|-164410.27826949023
288.6|1.0|0.88|0.0|-164374.02683030895|-164372.67729780165|-164371.34037774772|-164369.96562033374|-164368.5782504664
288.8|1.0|0.88|0.0|-164058.44476664346|-164057.3096458429|-164056.19974994907|-164055.03940424186|-164053.89167098797
289.0|1.0|0.88|0.0|-164001.03816338492|-163999.85259277103|-163998.66702215714|-163997.41838927657|-163996.22020620934
289.2|1.0|0.88|0.0|-164368.26292407603|-164367.55662668904|-164366.87555420873|-164366.14403191503|-164365.41250962135
289.4|1.0|0.88|0.0|-164069.72492961554|-164069.1952065753|-164068.67809598838|-164068.11053558812|-164067.5555876412
289.6|1.0|0.88|0.0|-164517.74671535994|-164517.25482967973|-164516.77555645283|-164516.25844586594|-164515.72872282568
289.8|1.0|0.88|0.0|-164332.21465719363|-164331.60925943335|-164331.02908657974|-164330.39846391277|-164329.76784124583
290.0|1.0|0.88|0.0|-164193.9840770499|-164192.71021926263|-164191.43636147538|-164190.1246663281|-164188.82558363414
290.2|1.0|0.88|0.0|-164538.55324713432|-164537.9982991874|-164537.4307387871|-164536.80011612017|-164536.20733081322
290.4|1.0|0.88|0.0|-164379.2556712981|-164378.5493739111|-164377.8683014308|-164377.11155423045|-164376.39264439011
290.6|1.0|0.88|0.0|-164543.74988223606|-164543.37150863587|-164542.99313503568|-164542.57692407552|-164542.14810066196
290.8|1.0|0.88|0.0|-164653.5975996797|-164652.7651777593|-164651.94536829228|-164651.06249655853|-164650.20484973147
291.0|1.0|0.88|0.0|-164612.29181499378|-164611.5855176068|-164610.8792202198|-164610.12247301944|-164609.37833827242
291.2|1.0|0.88|0.0|-164439.5582596616|-164438.81412491458|-164438.09521507425|-164437.3132429672|-164436.5312708602
291.4|1.0|0.88|0.0|-164283.76711422417|-164283.21216627726|-164282.70766814367|-164282.15272019673|-164281.59777224984
291.6|1.0|0.88|0.0|-164491.84736941446|-164490.96449768075|-164490.13207576037|-164489.21136666657|-164488.3158824795
291.8|1.0|0.88|0.0|-164731.78264286314|-164731.01328320944|-164730.24392355577|-164729.43672654204|-164728.62952952835
292.0|1.0|0.88|0.0|-164579.33501065895|-164578.5782634586|-164577.85935361826|-164577.07738151122|-164576.32063431086
292.2|1.0|0.88|0.0|-164327.45488046712|-164326.6729083601|-164325.9035487064|-164325.08373923934|-164324.27654222565
292.4|1.0|0.88|0.0|-164128.7330656545|-164128.0267682675|-164127.35830824054|-164126.62678594686|-164125.9078761065
292.6|1.0|0.88|0.0|-164311.8664705278|-164310.99621124737|-164310.13856442034|-164309.2304677799|-164308.33498359282
292.8|1.0|0.88|0.0|-164696.62205393278|-164695.71395729235|-164694.84369801194|-164693.92298891817|-164692.9896673711
293.0|1.0|0.88|0.0|-164280.76424243223|-164280.12100731197|-164279.50299709837|-164278.82192461804|-164278.15346459104
293.2|1.0|0.88|0.0|-164308.37017947668|-164307.95396851646|-164307.5755949163|-164307.14677150277|-164306.71794808924
293.4|1.0|0.88|0.0|-164234.6797487635|-164233.7968770298|-164232.92661774938|-164232.0059086556|-164231.09781201518
293.6|1.0|0.88|0.0|-164345.40741456585|-164344.66327981884|-164343.91914507182|-164343.12456051147|-164342.34258840443
293.8|1.0|0.88|0.0|-164328.7963146789|-164327.83776822514|-164326.89183422472|-164325.90806286424|-164324.92429150382
294.0|1.0|0.88|0.0|-164490.94425685352|-164490.42714626662|-164489.93526058638|-164489.38031263946|-164488.85058959923
294.2|1.0|0.88|0.0|-164567.61867143936|-164566.52138799886|-164565.449329465|-164564.30159621115|-164563.17908786394
294.4|1.0|0.88|0.0|-164632.88522821225|-164631.81316967838|-164630.7789485046|-164629.6816650641|-164628.60960653026
294.6|1.0|0.88|0.0|-165014.14708020329|-165013.36510809624|-165012.62097334923|-165011.8011638822|-165011.01919177515
294.8|1.0|0.88|0.0|-164965.39640469514|-164964.4126333347|-164963.45408688093|-164962.43247816042|-164961.4234818933
295.0|1.0|0.88|0.0|-164867.4031321677|-164866.65899742066|-164865.94008758035|-164865.17072792666|-164864.4139807263
295.2|1.0|0.88|0.0|-164823.6253066273|-164822.7928847069|-164821.97307523986|-164821.10281595946|-164820.25778158574
295.4|1.0|0.88|0.0|-165052.77972692723|-165051.66983103336|-165050.6103849529|-165049.47526415234|-165048.3653682585
295.6|1.0|0.88|0.0|-164739.8789080348|-164739.2987351812|-164738.74378723424|-164738.13838947398|-164737.55821662038
295.8|1.0|0.88|0.0|-164553.76004589754|-164553.2303228573|-164552.72582472375|-164552.1708767768|-164551.62854128322
296.0|1.0|0.88|0.0|-164522.48161987224|-164522.21675835212|-164521.98973419203|-164521.69964776523|-164521.43478624508
296.2|1.0|0.88|0.0|-164662.1068708138|-164661.18616172002|-164660.29067753293|-164659.33213107917|-164658.38619707874
296.4|1.0|0.88|0.0|-164331.42517480702|-164330.54230307328|-164329.7098811529|-164328.78917205913|-164327.90630032535
296.6|1.0|0.88|0.0|-164486.9021507046|-164485.79225481077|-164484.72019627693|-164483.57246302304|-164482.43734222255
296.8|1.0|0.88|0.0|-164405.7157885601|-164405.21129042652|-164404.7194047463|-164404.16445679936|-164403.63473375913
297.0|1.0|0.88|0.0|-164423.2272311073|-164422.87408241382|-164422.53354617362|-164422.12994766678|-164421.76418651993
297.2|1.0|0.88|0.0|-164269.38052527557|-164268.95170186204|-164268.54810335522|-164268.0688301283|-164267.64000671476
297.4|1.0|0.88|0.0|-164664.47823857973|-164663.75932873943|-164663.06564380578|-164662.29628415205|-164661.56476185838
297.6|1.0|0.88|0.0|-164403.55180389812|-164402.69415707106|-164401.83651024397|-164400.92841360357|-164400.05815432317
297.8|1.0|0.88|0.0|-164890.1777292662|-164889.44620697253|-164888.70207222554|-164887.9201001185|-164887.1633529181
298.0|1.0|0.88|0.0|-164575.69722278195|-164574.9404755816|-164574.19634083458|-164573.41436872756|-164572.65762152718
298.2|1.0|0.88|0.0|-164415.1785291338|-164414.0812456933|-164413.00918715945|-164411.87406635893|-164410.7641704651
298.4|1.0|0.88|0.0|-164456.6833962381|-164456.24196037123|-164455.81313695767|-164455.3338637308|-164454.8545905039
298.6|1.0|0.88|0.0|-164553.6221970703|-164552.43662645642|-164551.2762807492|-164550.0528727753|-164548.8546897081
298.8|1.0|0.88|0.0|-164670.8297259516|-164669.75766741778|-164668.69822133728|-164667.58832544344|-164666.49104200292
299.0|1.0|0.88|0.0|-164619.46887473483|-164618.4598784677|-164617.45088220056|-164616.37882366675|-164615.3446024929
299.2|1.0|0.88|0.0|-164898.50679241156|-164898.1410312647|-164897.80049502457|-164897.40950897103|-164897.03113537087
299.4|1.0|0.88|0.0|-164809.8331024041|-164809.0006804837|-164808.20609592335|-164807.33583664292|-164806.47818981585
299.6|1.0|0.88|0.0|-164729.76924860678|-164729.26475047323|-164728.78547724633|-164728.2557542061|-164727.75125607252
299.8|1.0|0.88|0.0|-164931.8368823645|-164931.24409705758|-164930.66392420398|-164930.04591399035|-164929.41529132338
300.0|1.0|0.88|0.0|-164715.60898231706|-164715.3315083436|-164715.07925927683|-164714.77656039668|-164714.4738615165
300.2|1.0|0.88|0.0|-164677.4725543368|-164676.98066865653|-164676.51400788297|-164676.00950974945|-164675.49239916253
300.4|1.0|0.88|0.0|-164620.79828271992|-164620.57125855976|-164620.356846853|-164620.0667604262|-164619.8018989061
300.6|1.0|0.88|0.0|-164692.45021751832|-164691.69347031796|-164690.98717293097|-164690.20520082396|-164689.43584117026
300.8|1.0|0.88|0.0|-164330.77581530224|-164329.9812307419|-164329.1866461815|-164328.35422426113|-164327.53441479406
301.0|1.0|0.88|0.0|-164295.14563461897|-164294.6411364854|-164294.1870881652|-164293.66997757828|-164293.16547944472
301.2|1.0|0.88|0.0|-164289.9114664832|-164289.36913098962|-164288.87724530938|-164288.30968490912|-164287.7547369622
301.4|1.0|0.88|0.0|-164663.57877448428|-164662.63284048383|-164661.71213139006|-164660.7157475763|-164659.74458866916
301.6|1.0|0.88|0.0|-164456.3600632554|-164455.93123984186|-164455.51502888164|-164455.06098056142|-164454.60693224124
301.8|1.0|0.88|0.0|-164194.55079529062|-164194.37422094384|-164194.21025905042|-164193.97062243702|-164193.76882318358
302.0|1.0|0.88|0.0|-164421.22494877683|-164420.36730194977|-164419.54749248273|-164418.65200829564|-164417.78174901524
302.2|1.0|0.88|0.0|-164369.28686592597|-164368.4670564589|-164367.68508435186|-164366.82743752483|-164365.99501560442
302.4|1.0|0.88|0.0|-164265.27885432958|-164264.3833701425|-164263.52572331543|-164262.60501422166|-164261.6843051279
302.6|1.0|0.88|0.0|-164205.53366286174|-164204.92826510148|-164204.3354797945|-164203.69224467422|-164203.0490095539
302.8|1.0|0.88|0.0|-164323.43487667668|-164322.62767966298|-164321.83309510263|-164320.9628358222|-164320.13041390185
303.0|1.0|0.88|0.0|-164382.55155825702|-164381.5425619899|-164380.57140308278|-164379.53718190896|-164378.50296073515
303.2|1.0|0.88|0.0|-164294.9468481393|-164294.20271339227|-164293.4711910986|-164292.6639940849|-164291.90724688457
303.4|1.0|0.88|0.0|-164043.64508715793|-164042.76221542418|-164041.90456859712|-164040.9964719567|-164040.1009877696
303.6|1.0|0.88|0.0|-164223.96311541583|-164222.85321952196|-164221.74332362812|-164220.59559037426|-164219.46046957374
303.8|1.0|0.88|0.0|-164573.75824966477|-164572.9006028377|-164572.0303435573|-164571.10963446353|-164570.22676272978
304.0|1.0|0.88|0.0|-164162.43526533613|-164161.3379818956|-164160.2659233618|-164159.14341501458|-164158.0209066674
304.2|1.0|0.88|0.0|-164278.46983605687|-164277.82660093656|-164277.1959782696|-164276.50229333594|-164275.8086084023
304.4|1.0|0.88|0.0|-164431.3854636451|-164431.44852591184|-164431.52420063186|-164431.57465044525|-164431.62510025856
304.6|1.0|0.88|0.0|-164447.63605366246|-164447.40902950233|-164447.23245515558|-164446.9802060888|-164446.76579438202
304.8|1.0|0.88|0.0|-164459.7440088681|-164459.30257300122|-164458.86113713434|-164458.38186390745|-164457.9152031339
305.0|1.0|0.88|0.0|-164161.6465756856|-164161.35648925876|-164161.0790152853|-164160.7258665918|-164160.41055525834
305.2|1.0|0.88|0.0|-164356.6448967583|-164356.07733635805|-164355.52238841113|-164354.9296031042|-164354.33681779724
305.4|1.0|0.88|0.0|-164523.20853986446|-164522.14909378396|-164521.08964770343|-164519.97975180962|-164518.89508082243
305.6|1.0|0.88|0.0|-164366.28981777548|-164365.45739585508|-164364.63758638804|-164363.76732710763|-164362.90968028054
305.8|1.0|0.88|0.0|-164467.79484224945|-164467.02548259578|-164466.28134784874|-164465.47415083504|-164464.692178728
306.0|1.0|0.88|0.0|-164288.94237465222|-164288.14779009187|-164287.36581798483|-164286.5207836111|-164285.70097414404
306.2|1.0|0.88|0.0|-164339.09323768006|-164338.07162895956|-164337.08785759914|-164336.04102397198|-164335.01941525147
306.4|1.0|0.88|0.0|-164046.67566927706|-164045.9567594367|-164045.28829940973|-164044.54416466272|-164043.81264236904
306.6|1.0|0.88|0.0|-164347.66929722126|-164346.8999375676|-164346.14319036723|-164345.34860580685|-164344.56663369984
306.8|1.0|0.88|0.0|-164373.09199115646|-164372.2974065961|-164371.50282203572|-164370.67040011534|-164369.8253657416
307.0|1.0|0.88|0.0|-164249.073737472|-164248.329602725|-164247.61069288466|-164246.82872077762|-164246.07197357726
307.2|1.0|0.88|0.0|-164274.90499653044|-164274.28698631682|-164273.68158855653|-164273.02574098288|-164272.3825058626
307.4|1.0|0.88|0.0|-164532.496569488|-164531.5632479409|-164530.64253884714|-164529.67137994003|-164528.73805839292
307.6|1.0|0.88|0.0|-164325.2242749997|-164324.7197768661|-164324.2531160926|-164323.71078059898|-164323.20628246543
307.8|1.0|0.88|0.0|-164351.35834209205|-164350.67726961174|-164350.02142203812|-164349.28989974444|-164348.59621481076
308.0|1.0|0.88|0.0|-164666.06035820104|-164665.5054102541|-164664.9504623072|-164664.34506454688|-164663.76489169328
308.2|1.0|0.88|0.0|-164161.01764565456|-164160.2861233609|-164159.5546010672|-164158.76001650686|-164158.0032693065
308.4|1.0|0.88|0.0|-164482.43340655105|-164481.52530991065|-164480.64243817687|-164479.7091166298|-164478.80101998936
308.6|1.0|0.88|0.0|-164432.88960937955|-164431.6283640456|-164430.41756852507|-164429.10587337782|-164427.83201559054
308.8|1.0|0.88|0.0|-164239.03620155586|-164238.07765510207|-164237.13172110164|-164236.13533728785|-164235.1263410207
309.0|1.0|0.88|0.0|-164103.6200009775|-164102.86325377715|-164102.13173148347|-164101.32453446978|-164100.55517481608
309.2|1.0|0.88|0.0|-164305.46348381267|-164304.4040377322|-164303.36981655835|-164302.27253311785|-164301.200474584
309.4|1.0|0.88|0.0|-164128.0046167432|-164127.5001186096|-164127.0082329294|-164126.4658974358|-164125.9235619422
309.6|1.0|0.88|0.0|-164564.59170661125|-164563.92324658428|-164563.25478655729|-164562.56110162364|-164561.86741669
309.8|1.0|0.88|0.0|-164259.25445169848|-164258.59860412485|-164257.9553690045|-164257.2364591642|-164256.55538668387
310.0|1.0|0.88|0.0|-164314.61026724527|-164313.8156826849|-164313.0463230312|-164312.22651356415|-164311.40670409708
310.2|1.0|0.88|0.0|-164321.43402916632|-164320.55115743255|-164319.6682856988|-164318.7349641517|-164317.81425505795
310.4|1.0|0.88|0.0|-164183.30337232034|-164182.11780170648|-164180.97006845262|-164179.75927293205|-164178.56108986482
310.6|1.0|0.88|0.0|-164398.92587460752|-164398.1691274072|-164397.42499266015|-164396.61779564645|-164395.82321108607
310.8|1.0|0.88|0.0|-164187.18622690483|-164186.4042547978|-164185.6348951441|-164184.8024732237|-164183.99527621
311.0|1.0|0.88|0.0|-164423.41496589492|-164423.0239798414|-164422.64560624125|-164422.21678282772|-164421.80057186753
311.2|1.0|0.88|0.0|-164464.97987074204|-164464.37447298176|-164463.79430012815|-164463.16367746118|-164462.5330547942
311.4|1.0|0.88|0.0|-164224.01350383082|-164223.57206796395|-164223.1684694571|-164222.70180868357|-164222.24776036333
311.6|1.0|0.88|0.0|-164287.8040193533|-164287.160784233|-164286.54277401938|-164285.84908908574|-164285.18062905874
311.8|1.0|0.88|0.0|-164514.55556818473|-164513.95017042448|-164513.36999757087|-164512.7393749039|-164512.10875223693
312.0|1.0|0.88|0.0|-164398.36913701476|-164397.83941397452|-164397.33491584094|-164396.77996789402|-164396.22501994707
312.2|1.0|0.88|0.0|-164480.8241251689|-164480.21872740862|-164479.62594210167|-164478.9827069814|-164478.33947186105
312.4|1.0|0.88|0.0|-164787.64653020812|-164787.31860642132|-164787.01590754115|-164786.66275884764|-164786.33483506084
312.6|1.0|0.88|0.0|-164722.28341940086|-164721.6527967339|-164721.04739897363|-164720.39155139998|-164719.73570382636
312.8|1.0|0.88|0.0|-164828.10672126483|-164826.98421291765|-164825.87431702382|-164824.72658376995|-164823.57885051606
313.0|1.0|0.88|0.0|-164602.0343703911|-164601.00014921732|-164600.04160276352|-164598.9947691364|-164597.96054796258
313.2|1.0|0.88|0.0|-164913.06833261452|-164912.3115854142|-164911.60528802717|-164910.81070346682|-164910.05395626646
313.4|1.0|0.88|0.0|-164550.71788305612|-164550.31428454927|-164549.96113585576|-164549.53231244223|-164549.12871393538
313.6|1.0|0.88|0.0|-164551.78974133197|-164550.69245789148|-164549.60778690432|-164548.46005365046|-164547.33754530325
313.8|1.0|0.88|0.0|-164617.943543522|-164617.0354468816|-164616.12735024118|-164615.16880378738|-164614.2354822403
314.0|1.0|0.88|0.0|-164611.09498135882|-164610.1616598117|-164609.24095071797|-164608.28240426417|-164607.3238578104
314.2|1.0|0.88|0.0|-164443.90262446454|-164443.25938934422|-164442.6413791306|-164441.9603066503|-164441.2918466233
314.4|1.0|0.88|0.0|-164515.35349004224|-164514.33188132176|-164513.33549750797|-164512.30127633415|-164511.27966761368
314.6|1.0|0.88|0.0|-164389.37688596445|-164388.5192391374|-164387.6742047637|-164386.77872057658|-164385.90846129617
314.8|1.0|0.88|0.0|-164495.89102005676|-164495.15949776312|-164494.4405879228|-164493.65861581574|-164492.91448106873
315.0|1.0|0.88|0.0|-164606.93642650926|-164606.54544045575|-164606.15445440222|-164605.71301853537|-164605.2968075752
315.2|1.0|0.88|0.0|-164582.3043051378|-164581.85025681756|-164581.42143340406|-164580.94216017716|-164580.46288695023
315.4|1.0|0.88|0.0|-164522.72782745323|-164522.09720478626|-164521.49180702597|-164520.83595945235|-164520.1801118787
315.6|1.0|0.88|0.0|-164174.78922646874|-164173.8811298283|-164172.99825809457|-164172.0397116408|-164171.09377764034
315.8|1.0|0.88|0.0|-164440.629382257|-164439.6708358032|-164438.71228934944|-164437.7032930823|-164436.7069092685
316.0|1.0|0.88|0.0|-164390.1348620666|-164389.25199033285|-164388.4069559591|-164387.48624686536|-164386.59076267827
316.2|1.0|0.88|0.0|-164301.22967847847|-164300.69995543823|-164300.1828448513|-164299.61528445108|-164299.06033650413
316.4|1.0|0.88|0.0|-164033.5292962776|-164032.89867361062|-164032.29327585033|-164031.61220337|-164030.9689682497
316.6|1.0|0.88|0.0|-164325.81416728278|-164324.9565204557|-164324.12409853534|-164323.22861434825|-164322.35835506782
316.8|1.0|0.88|0.0|-164173.4122170543|-164172.92033137407|-164172.46628305386|-164171.93656001362|-164171.43206188007
317.0|1.0|0.88|0.0|-164401.84897193412|-164400.99132510708|-164400.1462907333|-164399.25080654625|-164398.38054726584
317.2|1.0|0.88|0.0|-164405.0762769168|-164404.10511800967|-164403.1465715559|-164402.13757528877|-164401.14119147498
317.4|1.0|0.88|0.0|-164113.47635571423|-164112.5682590738|-164111.67277488674|-164110.7268408863|-164109.80613179252
317.6|1.0|0.88|0.0|-164427.71341048364|-164426.83053874993|-164425.9855043762|-164425.09002018912|-164424.18192354866
317.8|1.0|0.88|0.0|-164593.18879829414|-164592.39421373373|-164591.62485408006|-164590.77981970634|-164589.96001023927
318.0|1.0|0.88|0.0|-164181.85697110675|-164181.32724806652|-164180.82274993297|-164180.24257707933|-164179.70024158576
318.2|1.0|0.88|0.0|-164359.70119048166|-164359.41110405486|-164359.12101762806|-164358.79309384126|-164358.4651700544
318.4|1.0|0.88|0.0|-164564.67878215053|-164564.3130210037|-164563.95987231022|-164563.54366135004|-164563.1652877498
318.6|1.0|0.88|0.0|-164460.25932806954|-164459.74221748268|-164459.26294425575|-164458.69538385552|-164458.1782732686
318.8|1.0|0.88|0.0|-164582.49123900128|-164581.91106614767|-164581.35611820078|-164580.7633328938|-164580.15793513355
319.0|1.0|0.88|0.0|-164595.9453838893|-164595.21386159564|-164594.50756420864|-164593.7508170083|-164592.99406980793
319.2|1.0|0.88|0.0|-164445.5744367742|-164444.33841634696|-164443.1276208264|-164441.86637549248|-164440.60513015857
319.4|1.0|0.88|0.0|-164427.48921054503|-164426.95948750476|-164426.44237691787|-164425.88742897092|-164425.34509347734
319.6|1.0|0.88|0.0|-164124.22499925186|-164123.5691516782|-164122.9259165579|-164122.21961917088|-164121.55115914394
319.8|1.0|0.88|0.0|-164063.06201049563|-164062.25481348194|-164061.4728413749|-164060.65303190783|-164059.8458348941
320.0|1.0|0.88|0.0|-164033.92724328206|-164033.42274514848|-164032.94347192158|-164032.401136428|-164031.85880093442
320.2|1.0|0.88|0.0|-164103.42186118112|-164102.28674038057|-164101.15161958008|-164099.9786614195|-164098.83092816564
320.4|1.0|0.88|0.0|-164067.3628570843|-164066.73223441734|-164066.11422420372|-164065.4583766301|-164064.80252905644
320.6|1.0|0.88|0.0|-164277.0250727923|-164276.26832559195|-164275.54941575162|-164274.7674436446|-164273.98547153757
320.8|1.0|0.88|0.0|-163911.13089778752|-163909.995776987|-163908.8732686398|-163907.6876980259|-163906.5273523187
321.0|1.0|0.88|0.0|-164170.49168395268|-164169.84844883237|-164169.23043861878|-164168.53675368513|-164167.88090611147
321.2|1.0|0.88|0.0|-164002.26678131428|-164001.20733523378|-164000.14788915328|-163999.0253808061|-163997.95332227225
321.4|1.0|0.88|0.0|-164332.45680668348|-164331.70005948312|-164330.9937620961|-164330.22440244243|-164329.45504278873
321.6|1.0|0.88|0.0|-164179.57308980828|-164178.45058146107|-164177.3280731139|-164176.15511495335|-164175.00738169948
321.8|1.0|0.88|0.0|-164375.5801322475|-164375.1639212873|-164374.7729352338|-164374.3188869136|-164373.87745104672
322.0|1.0|0.88|0.0|-164156.10837365777|-164155.43991363078|-164154.78406605715|-164154.0651562168|-164153.37147128314
322.2|1.0|0.88|0.0|-164359.26048503089|-164358.30193857712|-164357.36861703|-164356.3722332162|-164355.4010743091
322.4|1.0|0.88|0.0|-164269.59931643726|-164268.7416696102|-164267.89663523648|-164266.98853859605|-164266.11827931565
322.6|1.0|0.88|0.0|-164145.32190459842|-164144.95614345156|-164144.61560721142|-164144.21200870455|-164143.83363510438
322.8|1.0|0.88|0.0|-164257.06824118382|-164256.4628434235|-164255.87005811662|-164255.22682299628|-164254.59620032934
323.0|1.0|0.88|0.0|-164348.85231018052|-164347.89376372675|-164346.96044217964|-164345.96405836585|-164345.00551191205
323.2|1.0|0.88|0.0|-164212.09958854574|-164211.72121494554|-164211.35545379872|-164210.9266303852|-164210.548256785
323.4|1.0|0.88|0.0|-164475.49591195956|-164474.28511643902|-164473.0995458251|-164471.8383004912|-164470.62750497062
323.6|1.0|0.88|0.0|-164513.41714304665|-164512.71084565966|-164512.017160726|-164511.26041352563|-164510.54150368532
323.8|1.0|0.88|0.0|-164389.43073385686|-164388.58569948314|-164387.74066510942|-164386.84518092233|-164385.97492164193
324.0|1.0|0.88|0.0|-164273.9791529065|-164273.49987967964|-164273.0710562661|-164272.56655813256|-164272.08728490563
324.2|1.0|0.88|0.0|-164367.81216836162|-164366.91668417453|-164366.0464248941|-164365.10049089367|-164364.17978179993
324.4|1.0|0.88|0.0|-164106.45028683875|-164105.70615209173|-164104.9998547047|-164104.23049505102|-164103.486360304
324.6|1.0|0.88|0.0|-164308.3630523462|-164307.4423432524|-164306.55947151865|-164305.61353751822|-164304.69282842448
324.8|1.0|0.88|0.0|-164385.12774796432|-164384.6989245508|-164384.27010113726|-164383.79082791033|-164383.31155468343
325.0|1.0|0.88|0.0|-164176.37908398855|-164175.81152358826|-164175.25657564134|-164174.65117788105|-164174.07100502745
325.2|1.0|0.88|0.0|-164063.53707377182|-164062.67942694476|-164061.8217801177|-164060.9136834773|-164060.00558683684
325.4|1.0|0.88|0.0|-164307.86551985904|-164307.41147153883|-164306.9826481253|-164306.5033748984|-164306.0241016715
325.6|1.0|0.88|0.0|-164167.30322723783|-164166.8491789176|-164166.3951305974|-164165.89063246382|-164165.41135923695
325.8|1.0|0.88|0.0|-164231.98225301833|-164231.51559224483|-164231.07415637793|-164230.56965824438|-164230.09038501748
326.0|1.0|0.88|0.0|-164353.9840192492|-164353.12637242215|-164352.2687255951|-164351.38585386134|-164350.51559458094
326.2|1.0|0.88|0.0|-164086.63784581792|-164085.61623709748|-164084.632465737|-164083.5730196565|-164082.53879848268
326.4|1.0|0.88|0.0|-164107.68603010528|-164106.75270855817|-164105.86983682442|-164104.8986779173|-164103.95274391686
326.6|1.0|0.88|0.0|-164395.81215509112|-164395.04279543742|-164394.2986606904|-164393.4914636767|-164392.7094915697
326.8|1.0|0.88|0.0|-164519.21239856197|-164518.34213928154|-164517.47188000116|-164516.5511709074|-164515.6556867203
327.0|1.0|0.88|0.0|-164479.43272073008|-164478.54984899634|-164477.69220216927|-164476.78410552884|-164475.9012337951
327.2|1.0|0.88|0.0|-164037.99685385765|-164037.35361873737|-164036.7229960704|-164036.05453604343|-164035.39868846978
327.4|1.0|0.88|0.0|-164547.35809003995|-164546.62656774628|-164545.8950454526|-164545.1256857989|-164544.36893859855
327.6|1.0|0.88|0.0|-164086.57054196185|-164086.23000572168|-164085.91469438822|-164085.51109588135|-164085.1453347345
327.8|1.0|0.88|0.0|-164263.57371212434|-164263.13227625747|-164262.71606529728|-164262.21156716373|-164261.7575188435
328.0|1.0|0.88|0.0|-163960.5958437744|-163960.31836980095|-163960.06612073415|-163959.75080940066|-163959.4607229739
328.2|1.0|0.88|0.0|-163935.23856476214|-163934.86019116195|-163934.50704246847|-163934.10344396162|-163933.69984545474
328.4|1.0|0.88|0.0|-164061.25099846788|-164061.18793620117|-164061.11226148115|-164060.98613694776|-164060.8978497744
328.6|1.0|0.88|0.0|-164102.2771237627|-164101.46992674895|-164100.6753421886|-164099.8050829082|-164098.98527344115
328.8|1.0|0.88|0.0|-164129.69659732212|-164129.10381201518|-164128.52363916158|-164127.90562894795|-164127.275006281
329.0|1.0|0.88|0.0|-164302.95318859603|-164302.0072545956|-164301.0865455018|-164300.1027741414|-164299.1442276876
329.2|1.0|0.88|0.0|-163990.95893034394|-163990.56794429044|-163990.18957069027|-163989.7607472767|-163989.33192386318
329.4|1.0|0.88|0.0|-164275.880567482|-164274.68238441477|-164273.4715888942|-164272.23556846695|-164270.99954803972
329.6|1.0|0.88|0.0|-164335.33780206906|-164334.3161933486|-164333.3198095348|-164332.27297590763|-164331.2387547338
329.8|1.0|0.88|0.0|-164200.56112568625|-164199.98095283264|-164199.4260048857|-164198.80799467207|-164198.2025969118
330.0|1.0|0.88|0.0|-164357.27583144707|-164356.39295971332|-164355.53531288626|-164354.6146037925|-164353.7065071521
330.2|1.0|0.88|0.0|-164308.3489383725|-164307.13814285197|-164305.95257223805|-164304.71655181082|-164303.48053138357
330.4|1.0|0.88|0.0|-164165.2732676925|-164164.71831974556|-164164.20120915864|-164163.60842385172|-164163.0534759048
330.6|1.0|0.88|0.0|-164272.44128371577|-164271.6088617954|-164270.814277235|-164269.95663040795|-164269.11159603423
330.8|1.0|0.88|0.0|-164654.03367823226|-164653.06251932515|-164652.10397287135|-164651.09497660422|-164650.08598033708
331.0|1.0|0.88|0.0|-164516.71677318288|-164515.96002598252|-164515.22850368885|-164514.42130667515|-164513.65194702146
331.2|1.0|0.88|0.0|-164999.52916437946|-164998.8985417125|-164998.26791904552|-164997.58684656522|-164996.93099899156
331.4|1.0|0.88|0.0|-164483.38973637886|-164482.59515181847|-164481.8257921648|-164480.99337024445|-164480.19878568404
331.6|1.0|0.88|0.0|-164441.62990337273|-164440.8731561724|-164440.14163387872|-164439.372274225|-164438.60291457133
331.8|1.0|0.88|0.0|-164487.4891283877|-164486.34139513384|-164485.19366187998|-164484.0080912661|-164482.83513310555
332.0|1.0|0.88|0.0|-164356.19527232062|-164355.81689872043|-164355.43852512026|-164355.00970170673|-164354.60610319988
332.2|1.0|0.88|0.0|-164410.23446484812|-164409.5533923678|-164408.8597074341|-164408.1407975938|-164407.40927530013
332.4|1.0|0.88|0.0|-164350.44267295176|-164349.82466273813|-164349.25710233787|-164348.6138672176|-164347.99585700396
332.6|1.0|0.88|0.0|-164303.78698073735|-164302.99239617697|-164302.21042406996|-164301.37800214955|-164300.57080513582
332.8|1.0|0.88|0.0|-164196.05398517524|-164195.51164968166|-164194.98192664143|-164194.40175378782|-164193.84680584088
333.0|1.0|0.88|0.0|-164073.49877607814|-164072.8807658645|-164072.26275565088|-164071.6195205306|-164070.9762854103
333.2|1.0|0.88|0.0|-164188.1552407522|-164187.70119243202|-164187.29759392518|-164186.81832069828|-164186.35165992472
333.4|1.0|0.88|0.0|-164323.14223291425|-164322.6755721407|-164322.20891136714|-164321.69180078025|-164321.1999151
333.6|1.0|0.88|0.0|-164305.77793753622|-164305.52568846944|-164305.28605185598|-164305.00857788252|-164304.73110390906
333.8|1.0|0.88|0.0|-164326.26244170716|-164325.9723552804|-164325.70749376027|-164325.4047948801|-164325.10209599996
334.0|1.0|0.88|0.0|-164211.36299178697|-164210.39183287983|-164209.42067397272|-164208.4116777056|-164207.39006898509
334.2|1.0|0.88|0.0|-164538.09621879036|-164537.4403712167|-164536.80974854977|-164536.12867606943|-164535.4728284958
334.4|1.0|0.88|0.0|-164526.94677377393|-164525.82426542672|-164524.72698198626|-164523.56663627902|-164522.44412793184
334.6|1.0|0.88|0.0|-164071.90206974852|-164071.72549540174|-164071.52369614833|-164071.2840595349|-164071.05703537478
334.8|1.0|0.88|0.0|-164363.3621879882|-164363.12255137475|-164362.90813966797|-164362.63066569454|-164362.3658041744
335.0|1.0|0.88|0.0|-164333.4885058303|-164332.7822084433|-164332.11374841633|-164331.394838576|-164330.688541189
335.2|1.0|0.88|0.0|-164066.3945814658|-164065.63783426545|-164064.89369951846|-164064.09911495808|-164063.31714285104
335.4|1.0|0.88|0.0|-164585.99269423034|-164585.1728847633|-164584.37830020295|-164583.52065337586|-164582.68823145548
335.6|1.0|0.88|0.0|-164457.18170598397|-164456.6519829437|-164456.14748481015|-164455.56731195655|-164455.0375889163
335.8|1.0|0.88|0.0|-164216.96579002196|-164216.7892156752|-164216.62525378182|-164216.42345452838|-164216.1964303683
336.0|1.0|0.88|0.0|-164282.54478233235|-164282.39343289228|-164282.26730835886|-164282.10334646545|-164281.93938457203
336.2|1.0|0.88|0.0|-164269.10646706077|-164268.51368175383|-164267.93350890023|-164267.30288623326|-164266.68487601963
336.4|1.0|0.88|0.0|-164285.40175677504|-164285.0359956282|-164284.7080718414|-164284.32969824117|-164283.93871218766
336.6|1.0|0.88|0.0|-164444.74749226263|-164443.99074506227|-164443.23399786194|-164442.43941330153|-164441.64482874118
336.8|1.0|0.88|0.0|-164054.98337350014|-164054.25185120647|-164053.54555381948|-164052.77619416578|-164052.03205941877
337.0|1.0|0.88|0.0|-164346.3367807367|-164346.0845316699|-164345.88273241647|-164345.605258443|-164345.35300937624
337.2|1.0|0.88|0.0|-164268.72102648413|-164268.36787779065|-164268.0399540038|-164267.64896795028|-164267.25798189675
337.4|1.0|0.88|0.0|-164267.76208874604|-164266.72786757222|-164265.73148375843|-164264.65942522458|-164263.6252040508
337.6|1.0|0.88|0.0|-164075.3790560005|-164074.78627069353|-164074.20609783992|-164073.5502502663|-164072.944852506
337.8|1.0|0.88|0.0|-164277.30438758316|-164276.57286528952|-164275.8539554492|-164275.07198334215|-164274.3152361418
338.0|1.0|0.88|0.0|-163968.148835467|-163967.5434377067|-163966.9506523998|-163966.30741727946|-163965.67679461252
338.2|1.0|0.88|0.0|-164123.44112697992|-164123.03752847307|-164122.65915487288|-164122.23033145934|-164121.8015080458
338.4|1.0|0.88|0.0|-164249.81790943883|-164249.35124866528|-164248.9098127984|-164248.40531466482|-164247.92604143795
338.6|1.0|0.88|0.0|-163863.08907936205|-163862.79899293525|-163862.54674386847|-163862.21882008165|-163861.91612120153
338.8|1.0|0.88|0.0|-164073.6132496068|-164072.8060525931|-164072.02408048607|-164071.166433659|-164070.34662419197
339.0|1.0|0.88|0.0|-164057.21706026586|-164056.61166250557|-164056.0062647453|-164055.36302962498|-164054.732406958
339.2|1.0|0.88|0.0|-164164.41726015997|-164163.47132615955|-164162.5506170658|-164161.56684570533|-164160.62091170487
339.4|1.0|0.88|0.0|-164210.37096584422|-164209.74034317725|-164209.14755787028|-164208.47909784334|-164207.84847517638
339.6|1.0|0.88|0.0|-164142.84270787126|-164141.6571372574|-164140.48417909682|-164139.26077112294|-164138.0625880557
339.8|1.0|0.88|0.0|-164015.94544846757|-164014.53285369356|-164013.14548382626|-164011.7076641456|-164010.28245691824
340.0|1.0|0.88|0.0|-164102.90903701462|-164102.31625170767|-164101.76130376075|-164101.14329354712|-164100.56312069352
340.2|1.0|0.88|0.0|-164176.5279306903|-164175.6198340499|-164174.7243498628|-164173.7910283157|-164172.84509431524
340.4|1.0|0.88|0.0|-164196.93480214546|-164196.05193041172|-164195.19428358463|-164194.26096203757|-164193.3654778505
340.6|1.0|0.88|0.0|-164306.93179154344|-164306.59125530327|-164306.26333151644|-164305.87234546294|-164305.5065843161
340.8|1.0|0.88|0.0|-164220.10979017935|-164219.26475580563|-164218.43233388523|-164217.57468705816|-164216.70442777776
341.0|1.0|0.88|0.0|-164217.16223281514|-164216.87214638837|-164216.61989732157|-164216.27936108143|-164215.98927465462
341.2|1.0|0.88|0.0|-163995.31816884998|-163994.687546183|-163994.05692351604|-163993.37585103573|-163992.69477855542
341.4|1.0|0.88|0.0|-164198.09405625192|-164197.41298377162|-164196.757136198|-164196.05083881097|-164195.34454142398
341.6|1.0|0.88|0.0|-164291.73845290198|-164291.00693060833|-164290.3006332213|-164289.5312735676|-164288.76191391394
341.8|1.0|0.88|0.0|-163906.10988765152|-163905.2017910111|-163904.31891927734|-163903.39821018357|-163902.4775010898
342.0|1.0|0.88|0.0|-164114.7955406021|-164113.96311868174|-164113.13069676133|-164112.2478250276|-164111.3775657472
342.2|1.0|0.88|0.0|-164250.93794139966|-164249.8280455058|-164248.71814961196|-164247.5704163581|-164246.43529555757
342.4|1.0|0.88|0.0|-164118.24725115692|-164117.74275302334|-164117.23825488976|-164116.68330694287|-164116.1535839026
342.6|1.0|0.88|0.0|-164348.82885647033|-164348.7531817503|-164348.67750703025|-164348.5639949502|-164348.4630953235
342.8|1.0|0.88|0.0|-164246.4063835278|-164245.49828688733|-164244.60280270025|-164243.65686869982|-164242.72354715274
343.0|1.0|0.88|0.0|-164277.02942023537|-164276.58798436853|-164276.17177340834|-164275.67988772807|-164275.23845186122
343.2|1.0|0.88|0.0|-164143.65272617323|-164143.2869650264|-164142.90859142618|-164142.492380466|-164142.1013944125
343.4|1.0|0.88|0.0|-164475.0148454545|-164473.90494956067|-164472.84550348017|-164471.71038267965|-164470.60048678578
343.6|1.0|0.88|0.0|-164510.53737536762|-164510.13377686075|-164509.74279080724|-164509.28874248703|-164508.8599190735
343.8|1.0|0.88|0.0|-164098.42860678263|-164097.8358214757|-164097.30609843545|-164096.67547576848|-164096.09530291485
344.0|1.0|0.88|0.0|-164371.68990861494|-164370.98361122794|-164370.27731384098|-164369.5205666406|-164368.78904434692
344.2|1.0|0.88|0.0|-164040.03580391084|-164039.60698049734|-164039.19076953712|-164038.72410876356|-164038.28267289672
344.4|1.0|0.88|0.0|-164149.9259995463|-164149.10619007924|-164148.29899306555|-164147.4287337851|-164146.5836994114
344.6|1.0|0.88|0.0|-164016.83939191094|-164016.00696999053|-164015.19977297683|-164014.3169012431|-164013.47186686937
344.8|1.0|0.88|0.0|-164016.41980858307|-164015.3981998626|-164014.4018160488|-164013.35498242165|-164012.33337370114
345.0|1.0|0.88|0.0|-164325.98424053466|-164325.00046917424|-164324.0293102671|-164323.00770154662|-164321.98609282615
345.2|1.0|0.88|0.0|-163885.78439408948|-163884.7501729157|-163883.7285641952|-163882.65650566138|-163881.60967203422
345.4|1.0|0.88|0.0|-163850.04243912705|-163849.42442891345|-163848.83164360648|-163848.18840848617|-163847.55778581923
345.6|1.0|0.88|0.0|-164057.16983681265|-164056.3878647056|-164055.63111750528|-164054.82392049153|-164054.01672347783
345.8|1.0|0.88|0.0|-164019.07359606877|-164018.3799111351|-164017.7114511081|-164016.97992881443|-164016.2610189741
346.0|1.0|0.88|0.0|-164044.32106686872|-164043.52648230834|-164042.74451020133|-164041.89947582758|-164041.09227881386
346.2|1.0|0.88|0.0|-164164.20243585794|-164163.63487545765|-164163.09253996407|-164162.49975465712|-164161.91958180352
346.4|1.0|0.88|0.0|-164300.2271218253|-164299.69739878504|-164299.14245083812|-164298.5622779845|-164298.01994249094
346.6|1.0|0.88|0.0|-164443.3655362778|-164442.5331143574|-164441.700692437|-164440.80520824992|-164439.93494896952
346.8|1.0|0.88|0.0|-164485.43281467|-164484.8526418164|-164484.2724689628|-164483.64184629582|-164483.03644853557
347.0|1.0|0.88|0.0|-164294.4054406707|-164294.07751688384|-164293.77481800373|-164293.42166931022|-164293.0685206167
347.2|1.0|0.88|0.0|-164480.31161720978|-164479.60531982282|-164478.92424734248|-164478.1801125955|-164477.46120275513
347.4|1.0|0.88|0.0|-164406.4311012882|-164405.87615334126|-164405.308592941|-164404.70319518074|-164404.09779742043
347.6|1.0|0.88|0.0|-164357.22761563736|-164356.36996881026|-164355.52493443654|-164354.62945024946|-164353.7718034224
347.8|1.0|0.88|0.0|-164648.59056132293|-164648.2500250828|-164647.9473262026|-164647.5815650558|-164647.24102881565
348.0|1.0|0.88|0.0|-164370.12435260296|-164369.73336654948|-164369.35499294926|-164368.9135570824|-164368.49734612225
348.2|1.0|0.88|0.0|-164897.67489867235|-164897.0442760054|-164896.41365333844|-164895.73258085814|-164895.0515083778
348.4|1.0|0.88|0.0|-164969.9947061194|-164969.28840873242|-164968.60733625208|-164967.85058905176|-164967.11906675808
348.6|1.0|0.88|0.0|-164520.39333110396|-164519.61135899692|-164518.8672242499|-164518.04741478284|-164517.26544267582
348.8|1.0|0.88|0.0|-164461.04846420838|-164460.45567890143|-164459.88811850117|-164459.27010828757|-164458.65209807394
349.0|1.0|0.88|0.0|-164783.77934310853|-164782.9721460948|-164782.1901739878|-164781.34513961407|-164780.5127176937
349.2|1.0|0.88|0.0|-164572.80435903196|-164572.12328655162|-164571.46743897797|-164570.761141591|-164570.08006911067
349.4|1.0|0.88|0.0|-164728.55927466205|-164727.94126444843|-164727.34847914145|-164726.69263156783|-164726.06200890086
349.6|1.0|0.88|0.0|-164545.0446314523|-164544.18698462524|-164543.34195025152|-164542.45907851777|-164541.58881923737
349.8|1.0|0.88|0.0|-164560.36876225946|-164559.77597695251|-164559.19580409888|-164558.5525689786|-164557.93455876497
350.0|1.0|0.88|0.0|-164409.39769578908|-164408.48959914866|-164407.6319523216|-164406.69863077448|-164405.79053413408
350.2|1.0|0.88|0.0|-164292.81896418773|-164291.75951810722|-164290.73790938675|-164289.62801349288|-164288.5685674124
350.4|1.0|0.88|0.0|-164267.09046701246|-164266.182370372|-164265.2742737316|-164264.32833973115|-164263.38240573072
350.6|1.0|0.88|0.0|-164437.4389972447|-164436.5309006043|-164435.62280396384|-164434.67686996338|-164433.74354841633
350.8|1.0|0.88|0.0|-164318.0747388424|-164316.95223049523|-164315.84233460133|-164314.68198889412|-164313.5342556403
351.0|1.0|0.88|0.0|-164376.6697948989|-164375.96349751187|-164375.28242503153|-164374.53829028454|-164373.8193804442
351.2|1.0|0.88|0.0|-164380.22650674052|-164379.68417124695|-164379.15444820668|-164378.57427535308|-164378.01932740616
351.4|1.0|0.88|0.0|-164543.89147471308|-164542.95815316596|-164542.05005652554|-164541.09151007174|-164540.12035116463
351.6|1.0|0.88|0.0|-164323.72512057112|-164323.09449790415|-164322.46387523718|-164321.78280275688|-164321.12695518325
351.8|1.0|0.88|0.0|-164321.2980358771|-164320.64218830346|-164320.0115656365|-164319.30526824947|-164318.62419576917
352.0|1.0|0.88|0.0|-164226.89437958857|-164226.21330710826|-164225.5448470813|-164224.82593724094|-164224.11963985398
352.2|1.0|0.88|0.0|-164086.12735857102|-164085.09313739723|-164084.0841411301|-164083.01208259625|-164081.9652489691
352.4|1.0|0.88|0.0|-164370.76520553036|-164370.17242022345|-164369.60485982316|-164368.99946206287|-164368.3940643026
352.6|1.0|0.88|0.0|-164261.87825625783|-164261.49988265763|-164261.13412151078|-164260.73052300396|-164260.33953695043
352.8|1.0|0.88|0.0|-164254.97924428125|-164254.3486216143|-164253.71799894734|-164253.03692646703|-164252.3810788934
353.0|1.0|0.88|0.0|-164273.68914585473|-164272.79366166767|-164271.92340238724|-164270.97746838682|-164270.0693717464
353.2|1.0|0.88|0.0|-163891.72160913888|-163890.80090004508|-163889.88019095134|-163888.9090320442|-163887.96309804378
353.4|1.0|0.88|0.0|-164407.82113160146|-164407.26618365452|-164406.7112357076|-164406.1058379473|-164405.5256650937
353.6|1.0|0.88|0.0|-164259.18823367194|-164258.0405004181|-164256.90537961756|-164255.70719655033|-164254.53423838978
353.8|1.0|0.88|0.0|-164592.91793649117|-164591.78281569068|-164590.6729197968|-164589.49996163626|-164588.3522283824
354.0|1.0|0.88|0.0|-164303.13420856945|-164302.80628478262|-164302.50358590248|-164302.150437209|-164301.80990096883
354.2|1.0|0.88|0.0|-164424.64258403942|-164423.75971230568|-164422.92729038527|-164422.01919374487|-164421.11109710444
354.4|1.0|0.88|0.0|-164341.57332289248|-164340.6778387054|-164339.807579425|-164338.8616454245|-164337.9535487841
354.6|1.0|0.88|0.0|-164075.7255376705|-164074.95617801682|-164074.18681836314|-164073.37962134942|-164072.5724243357
354.8|1.0|0.88|0.0|-164459.77221845463|-164459.14159578766|-164458.5488104807|-164457.88035045372|-164457.2623402401
355.0|1.0|0.88|0.0|-164495.09879042945|-164494.46816776248|-164493.8627700022|-164493.20692242857|-164492.5762997616
355.2|1.0|0.88|0.0|-164343.76196281225|-164343.05566542523|-164342.36198049158|-164341.60523329122|-164340.87371099755
355.4|1.0|0.88|0.0|-164193.19063435774|-164192.66091131748|-164192.13118827724|-164191.57624033032|-164191.0212923834
355.6|1.0|0.88|0.0|-164364.1364651227|-164363.21575602892|-164362.29504693518|-164361.3112755747|-164360.3779540276
355.8|1.0|0.88|0.0|-164135.9856412755|-164134.73700839494|-164133.50098796768|-164132.2145177271|-164130.95327239315
356.0|1.0|0.88|0.0|-164177.03086600403|-164176.42546824375|-164175.85790784349|-164175.2146727232|-164174.60927496292
356.2|1.0|0.88|0.0|-164215.16300263398|-164214.35580562026|-164213.53599615322|-164212.66573687282|-164211.80809004576
356.4|1.0|0.88|0.0|-164391.16500447143|-164390.47131953778|-164389.80285951082|-164389.09656212383|-164388.3902647368
356.6|1.0|0.88|0.0|-164272.36157994598|-164271.78140709238|-164271.20123423878|-164270.57061157183|-164269.96521381152
356.8|1.0|0.88|0.0|-164214.16772023885|-164213.36052322516|-164212.55332621143|-164211.72090429108|-164210.88848237068
357.0|1.0|0.88|0.0|-163891.58110332294|-163890.79913121593|-163890.04238401557|-163889.2225745485|-163888.42798998815
357.2|1.0|0.88|0.0|-164157.2470184152|-164156.59117084154|-164155.9605481746|-164155.30470060094|-164154.6236281206
357.4|1.0|0.88|0.0|-164166.87384032158|-164165.91529386782|-164164.99458477407|-164164.02342586694|-164163.07749186648
357.6|1.0|0.88|0.0|-164411.43472988604|-164410.55185815226|-164409.6815988719|-164408.73566487143|-164407.827568231
357.8|1.0|0.88|0.0|-164200.55943961767|-164200.09277884412|-164199.6639554306|-164199.1468448437|-164198.68018407014
358.0|1.0|0.88|0.0|-163803.37793810264|-163802.89866487574|-163802.41939164884|-163801.87705615527|-163801.35994556834
358.2|1.0|0.88|0.0|-163941.02260364333|-163940.27846889631|-163939.55955905598|-163938.7649744956|-163938.00822729524
358.4|1.0|0.88|0.0|-164292.5475804636|-164291.81605816993|-164291.09714832957|-164290.32778867587|-164289.5836539289
358.6|1.0|0.88|0.0|-164048.88096075165|-164048.08637619126|-164047.34224144425|-164046.50981952387|-164045.71523496349
358.8|1.0|0.88|0.0|-164178.07773572346|-164177.4723379632|-164176.91739001626|-164176.2867673493|-164175.68136958903
359.0|1.0|0.88|0.0|-164001.00744108646|-164000.23808143276|-163999.48133423243|-163998.66152476537|-163997.866940205
359.2|1.0|0.88|0.0|-163972.87535169368|-163972.32040374677|-163971.7906807065|-163971.18528294624|-163970.6303349993
359.4|1.0|0.88|0.0|-164048.87646084456|-164048.19538836423|-164047.53954079057|-164046.83324340358|-164046.15217092328
359.6|1.0|0.88|0.0|-164352.68115746326|-164351.97486007624|-164351.2811751426|-164350.53704039555|-164349.8055181019
359.8|1.0|0.88|0.0|-164115.84931505853|-164115.39526673834|-164114.95383087147|-164114.47455764457|-164113.99528441767
360.0|1.0|0.88|0.0|-164403.79711132005|-164403.41873771988|-164403.0403641197|-164402.6115407062|-164402.19532974597
360.2|1.0|0.88|0.0|-164139.74215564973|-164139.57819375634|-164139.41423186293|-164139.2124326095|-164139.03585826277
360.4|1.0|0.88|0.0|-164085.59116634468|-164084.55694517086|-164083.53533645038|-164082.47589036988|-164081.40383183604
360.6|1.0|0.88|0.0|-164294.54384907853|-164294.11502566497|-164293.6988147048|-164293.2447663846|-164292.80333051772
360.8|1.0|0.88|0.0|-164251.8159798098|-164250.9835578894|-164250.16374842238|-164249.29348914197|-164248.4358423149
361.0|1.0|0.88|0.0|-164054.49056852818|-164053.80949604788|-164053.1410360209|-164052.4347386339|-164051.72844124693
361.2|1.0|0.88|0.0|-164041.7605924685|-164041.2434818816|-164040.75159620136|-164040.20926070778|-164039.6795376675
361.4|1.0|0.88|0.0|-164316.0409282144|-164315.20850629403|-164314.3634719203|-164313.48060018657|-164312.63556581282
361.6|1.0|0.88|0.0|-163823.53723777152|-163822.37689206432|-163821.26699617045|-163820.0562006499|-163818.8958549427
361.8|1.0|0.88|0.0|-164238.48343548947|-164237.70146338243|-164236.9194912754|-164236.09968180832|-164235.27987234129
362.0|1.0|0.88|0.0|-164234.5483500476|-164233.6024160472|-164232.66909450007|-164231.6853231396|-164230.72677668583
362.2|1.0|0.88|0.0|-164288.44825529715|-164288.05726924367|-164287.6536707368|-164287.22484732326|-164286.80863636307
362.4|1.0|0.88|0.0|-164013.1952849177|-164012.24935091723|-164011.3286418235|-164010.35748291636|-164009.41154891593
362.6|1.0|0.88|0.0|-164318.382592831|-164317.84025733743|-164317.29792184386|-164316.70513653688|-164316.12496368328
362.8|1.0|0.88|0.0|-164200.91979043925|-164200.11259342555|-164199.2927839585|-164198.44774958477|-164197.60271521105
363.0|1.0|0.88|0.0|-164045.98841362036|-164045.06770452662|-164044.1596078862|-164043.18844897905|-164042.25512743197
363.2|1.0|0.88|0.0|-164220.58107851518|-164219.1937086479|-164217.83156368724|-164216.41896891323|-164215.0189865926
363.4|1.0|0.88|0.0|-164183.77883498764|-164182.97163797394|-164182.1896658669|-164181.36985639983|-164180.5500469328
363.6|1.0|0.88|0.0|-164315.62235420512|-164314.66380775135|-164313.7178737509|-164312.69626503042|-164311.71249366997
363.8|1.0|0.88|0.0|-164046.66597873677|-164045.80833190968|-164044.98852244264|-164044.11826316224|-164043.2353914285
364.0|1.0|0.88|0.0|-164343.66374495556|-164342.56646151506|-164341.49440298122|-164340.34666972735|-164339.23677383352
364.2|1.0|0.88|0.0|-164333.67229197617|-164332.68852061572|-164331.67952434858|-164330.63269072142|-164329.61108200095
364.4|1.0|0.88|0.0|-164184.8201176668|-164183.78589649298|-164182.77690022584|-164181.704841692|-164180.63278315816
364.6|1.0|0.88|0.0|-164122.50481730798|-164121.5967206676|-164120.68862402716|-164119.74269002673|-164118.79675602628
364.8|1.0|0.88|0.0|-164663.25623692977|-164662.29769047597|-164661.36436892886|-164660.35537266175|-164659.38421375462
365.0|1.0|0.88|0.0|-164453.00142552672|-164452.10594133963|-164451.22306960588|-164450.3023605121|-164449.38165141834
365.2|1.0|0.88|0.0|-164591.6330232023|-164590.78798882855|-164589.95556690815|-164589.07269517446|-164588.20243589405
365.4|1.0|0.88|0.0|-164240.4014226119|-164239.46810106482|-164238.5600044244|-164237.60145797062|-164236.6681364235
365.6|1.0|0.88|0.0|-164287.85229271968|-164287.00725834593|-164286.1622239722|-164285.2541273318|-164284.3838680514
365.8|1.0|0.88|0.0|-164548.32895531843|-164547.55959566476|-164546.80284846437|-164545.99565145068|-164545.21367934364
366.0|1.0|0.88|0.0|-164470.49968717556|-164469.8060022419|-164469.1249297616|-164468.38079501456|-164467.66188517422
366.2|1.0|0.88|0.0|-164604.7168125454|-164604.1366396918|-164603.56907929154|-164602.96368153126|-164602.35828377097
366.4|1.0|0.88|0.0|-164548.38205983775|-164547.499188104|-164546.62892882363|-164545.69560727652|-164544.7875106361
366.6|1.0|0.88|0.0|-164278.17719471728|-164277.1934233568|-164276.23487690304|-164275.2258806359|-164274.24210927542
366.8|1.0|0.88|0.0|-164483.14682947073|-164482.0117086702|-164480.88920032303|-164479.72885461582|-164478.56850890862
367.0|1.0|0.88|0.0|-164515.40202889428|-164514.7335688673|-164514.07772129367|-164513.37142390665|-164512.69035142637
367.2|1.0|0.88|0.0|-164352.73921817847|-164352.28516985825|-164351.88157135138|-164351.38968567117|-164350.94824980426
367.4|1.0|0.88|0.0|-164351.09606028034|-164350.6672368668|-164350.27625081327|-164349.8348149464|-164349.39337907956
367.6|1.0|0.88|0.0|-164304.63441382154|-164303.77676699447|-164302.93173262075|-164302.048860887|-164301.16598915326
367.8|1.0|0.88|0.0|-164643.9976958197|-164643.26617352606|-164642.55987613904|-164641.79051648537|-164641.04638173833
368.0|1.0|0.88|0.0|-164678.22523097869|-164677.25407207158|-164676.2955256178|-164675.2739168973|-164674.2775330835
368.2|1.0|0.88|0.0|-164382.53227963336|-164381.42238373947|-164380.325100299|-164379.1647545918|-164378.0422462446
368.4|1.0|0.88|0.0|-164384.8652044241|-164383.6417964502|-164382.43100092962|-164381.16975559568|-164379.90851026177
368.6|1.0|0.88|0.0|-164510.19515325583|-164509.22399434872|-164508.25283544158|-164507.2186142678|-164506.20961800063
368.8|1.0|0.88|0.0|-164428.50863592868|-164427.5753143816|-164426.62938038114|-164425.65822147403|-164424.67445011358
369.0|1.0|0.88|0.0|-164347.3563003172|-164346.76351501024|-164346.20856706332|-164345.57794439635|-164344.9725466361
369.2|1.0|0.88|0.0|-164697.3092721205|-164696.62819964017|-164695.97235206654|-164695.22821731953|-164694.53453238585
369.4|1.0|0.88|0.0|-164656.28143188584|-164655.60035940554|-164654.94451183188|-164654.22560199155|-164653.5319170579
369.6|1.0|0.88|0.0|-164605.05672536607|-164603.98466683226|-164602.9504456584|-164601.82793731123|-164600.74326632405
369.8|1.0|0.88|0.0|-164465.86805356774|-164465.2500433541|-164464.64464559383|-164463.98879802015|-164463.35817535323
370.0|1.0|0.88|0.0|-164468.14076580142|-164467.6110427612|-164467.08131972092|-164466.50114686732|-164465.9461989204
370.2|1.0|0.88|0.0|-164259.64375143187|-164258.65998007142|-164257.67620871097|-164256.6545999905|-164255.64560372333
370.4|1.0|0.88|0.0|-164632.48881965398|-164631.74468490697|-164631.02577506664|-164630.2438029596|-164629.48705575927
370.6|1.0|0.88|0.0|-164211.0733360169|-164210.3922635366|-164209.7238035096|-164209.0175061226|-164208.3112087356
370.8|1.0|0.88|0.0|-164404.32177665218|-164403.89295323865|-164403.51457963846|-164403.03530641156|-164402.59387054472
371.0|1.0|0.88|0.0|-164453.1448894798|-164452.76651587963|-164452.38814227947|-164451.9845437726|-164451.58094526574
371.2|1.0|0.88|0.0|-164176.67991228428|-164175.92316508392|-164175.19164279025|-164174.3970582299|-164173.6276985762
371.4|1.0|0.88|0.0|-164583.17928340708|-164582.61172300682|-164582.08199996655|-164581.4766022063|-164580.90904180604
371.6|1.0|0.88|0.0|-164484.06586143374|-164483.2838893267|-164482.53975457972|-164481.71994511265|-164480.9379730056
371.8|1.0|0.88|0.0|-164298.1709116671|-164297.18714030666|-164296.21598139952|-164295.1817602257|-164294.17276395854
372.0|1.0|0.88|0.0|-164278.73763690892|-164277.9935021619|-164277.2872047749|-164276.49262021456|-164275.74848546754
372.2|1.0|0.88|0.0|-164301.76588057756|-164301.1100330039|-164300.45418543028|-164299.77311294997|-164299.09204046964
372.4|1.0|0.88|0.0|-164308.299520464|-164307.70673515703|-164307.1391747568|-164306.50855208983|-164305.90315432954
372.6|1.0|0.88|0.0|-164264.52723444533|-164263.73264988494|-164262.9759026846|-164262.14348076424|-164261.33628375048
372.8|1.0|0.88|0.0|-164149.62155305294|-164148.66300659915|-164147.71707259872|-164146.7080763316|-164145.73691742448
373.0|1.0|0.88|0.0|-164159.21889250647|-164158.38647058606|-164157.57927357237|-164156.69640183862|-164155.83875501153
373.2|1.0|0.88|0.0|-164040.18679057003|-164039.6570675298|-164039.16518184953|-164038.5976214493|-164038.06789840903
373.4|1.0|0.88|0.0|-164659.57186364208|-164658.95385342845|-164658.33584321482|-164657.66738318786|-164657.02414806758
373.6|1.0|0.88|0.0|-164297.43793019102|-164297.18568112425|-164296.95865696413|-164296.65595808398|-164296.40370901724
373.8|1.0|0.88|0.0|-164396.00425303698|-164395.5880420768|-164395.2096684766|-164394.78084506307|-164394.35202164954
374.0|1.0|0.88|0.0|-164412.53148732174|-164411.95131446814|-164411.37114161454|-164410.74051894757|-164410.1098962806
374.2|1.0|0.88|0.0|-164204.26855667224|-164203.0577611517|-164201.88480299112|-164200.6487825639|-164199.42537459
374.4|1.0|0.88|0.0|-164007.83551883968|-164007.2048961727|-164006.59949841246|-164005.91842593212|-164005.28780326515
374.6|1.0|0.88|0.0|-164173.41547570776|-164172.89836512087|-164172.40647944063|-164171.86414394705|-164171.3344209068
374.8|1.0|0.88|0.0|-163669.82543877972|-163669.03085421934|-163668.27410701898|-163667.46691000529|-163666.65971299156
375.0|1.0|0.88|0.0|-163813.48756077143|-163812.70558866442|-163811.91100410404|-163811.06596973032|-163810.23354780994
375.2|1.0|0.88|0.0|-164216.92175821564|-164216.32897290873|-164215.76141250844|-164215.13078984147|-164214.5253920812
375.4|1.0|0.88|0.0|-164247.68811634305|-164246.830469516|-164245.9980475956|-164245.08995095518|-164244.23230412812
375.6|1.0|0.88|0.0|-163867.02042290737|-163866.25106325364|-163865.49431605331|-163864.68711903962|-163863.90514693258
375.8|1.0|0.88|0.0|-163882.762808907|-163881.91777453327|-163881.09796506623|-163880.2150933325|-163879.34483405206
376.0|1.0|0.88|0.0|-164001.1544828066|-164000.20854880614|-163999.2878397124|-163998.2914558986|-163997.3329094448
376.2|1.0|0.88|0.0|-164146.6702137849|-164146.12787829133|-164145.61076770443|-164145.04320730414|-164144.48825935723
376.4|1.0|0.88|0.0|-163854.45852588036|-163853.9918651068|-163853.57565414658|-163853.07115601306|-163852.59188278616
376.6|1.0|0.88|0.0|-164071.12903948684|-164070.52364172656|-164069.93085641964|-164069.275008846|-164068.65699863236
376.8|1.0|0.88|0.0|-163730.95868228655|-163730.55508377968|-163730.16409772617|-163729.7226618593|-163729.26861353908
377.0|1.0|0.88|0.0|-164182.20270177748|-164181.7108160972|-164181.23154287034|-164180.70181983008|-164180.19732169653
377.2|1.0|0.88|0.0|-163722.54183982988|-163721.40671902936|-163720.2968231355|-163719.13647742828|-163717.97613172108
377.4|1.0|0.88|0.0|-164036.69786050817|-164035.70147669435|-164034.70509288055|-164033.64564680005|-164032.61142562627
377.6|1.0|0.88|0.0|-164160.4240663064|-164159.7808311861|-164159.15020851916|-164158.4817484922|-164157.82590091854
377.8|1.0|0.88|0.0|-163881.81544651254|-163880.76861288538|-163879.75961661825|-163878.67494563106|-163877.6154995506
378.0|1.0|0.88|0.0|-163929.25948989752|-163928.60364232387|-163927.97301965693|-163927.2919471766|-163926.6108746963
378.2|1.0|0.88|0.0|-163963.23743919336|-163962.17799311288|-163961.14377193904|-163960.05910095185|-163958.9744299647
378.4|1.0|0.88|0.0|-163817.4301056239|-163816.2697599167|-163815.14725156952|-163813.96168095563|-163812.77611034177
378.6|1.0|0.88|0.0|-164029.92375434798|-164029.07871997423|-164028.22107314717|-164027.33820141343|-164026.45532967968
378.8|1.0|0.88|0.0|-163869.17929692444|-163868.25858783067|-163867.35049119024|-163866.40455718982|-163865.45862318936
379.0|1.0|0.88|0.0|-163735.80256244398|-163734.99536543028|-163734.21339332324|-163733.36835894952|-163732.53593702914
379.2|1.0|0.88|0.0|-163636.75696637118|-163636.17679351757|-163635.60923311728|-163634.99122290366|-163634.37321269003
379.4|1.0|0.88|0.0|-163898.695029659|-163898.35449341882|-163898.026569632|-163897.6355835785|-163897.26982243167
379.6|1.0|0.88|0.0|-164012.1923818957|-164011.66265885544|-164011.10771090852|-164010.5275380549|-164009.95997765462
379.8|1.0|0.88|0.0|-164024.20571418968|-164023.52464170937|-164022.86879413572|-164022.13727184208|-164021.43097445506
380.0|1.0|0.88|0.0|-163945.25175628622|-163944.3436596458|-163943.4355630054|-163942.50224145828|-163941.55630745782
380.2|1.0|0.88|0.0|-163764.7705085788|-163763.58493796492|-163762.4245922577|-163761.2011842838|-163759.99038876325
380.4|1.0|0.88|0.0|-163943.85983005617|-163943.5823560827|-163943.30488210925|-163942.97695832243|-163942.66164698894
380.6|1.0|0.88|0.0|-163762.94469301554|-163761.60777296158|-163760.28346536093|-163758.90870794698|-163757.54656298633
380.8|1.0|0.88|0.0|-163943.60517748373|-163942.6718559366|-163941.73853438953|-163940.7421505757|-163939.78360412194
381.0|1.0|0.88|0.0|-163971.15077557653|-163970.21745402948|-163969.28413248237|-163968.31297357523|-163967.34181466812
381.2|1.0|0.88|0.0|-164177.06039175234|-164176.0766203919|-164175.1180739381|-164174.13430257764|-164173.13791876385
381.4|1.0|0.88|0.0|-164259.92421019098|-164259.64673621752|-164259.3818746974|-164259.06656336391|-164258.76386448377
381.6|1.0|0.88|0.0|-164229.12459913662|-164228.6327134564|-164228.16605268285|-164227.64894209593|-164227.15705641572
381.8|1.0|0.88|0.0|-164399.51884374936|-164398.88822108242|-164398.23237350877|-164397.55130102843|-164396.87022854816
382.0|1.0|0.88|0.0|-164384.4881853881|-164384.36206085474|-164384.261161228|-164384.10981178793|-164383.98368725454
382.2|1.0|0.88|0.0|-164724.6442125186|-164724.2532264651|-164723.87485286492|-164723.44602945138|-164723.04243094454
382.4|1.0|0.88|0.0|-164442.66883048398|-164441.94992064362|-164441.25623570997|-164440.4994885096|-164439.76796621594
382.6|1.0|0.88|0.0|-164413.55496276455|-164412.91172764427|-164412.2811049773|-164411.60003249696|-164410.91896001666
382.8|1.0|0.88|0.0|-164290.96497538043|-164290.52353951358|-164290.06949119334|-164289.5649930598|-164289.08571983292
383.0|1.0|0.88|0.0|-164132.22977955654|-164132.0405927564|-164131.87663086303|-164131.6496067029|-164131.43519499613
383.2|1.0|0.88|0.0|-164039.1231314286|-164038.580795935|-164038.03846044143|-164037.45828758783|-164036.89072718757
383.4|1.0|0.88|0.0|-164249.3043215573|-164248.39622491688|-164247.5007407298|-164246.55480672937|-164245.62148518226
383.6|1.0|0.88|0.0|-164250.1768434949|-164249.3444215745|-164248.54983701414|-164247.67957773374|-164246.84715581336
383.8|1.0|0.88|0.0|-163810.70829386805|-163810.29208290786|-163809.90109685436|-163809.44704853414|-163809.00561266727
384.0|1.0|0.88|0.0|-164363.74508922067|-164363.08924164702|-164362.48384388673|-164361.79015895308|-164361.1216989261
384.2|1.0|0.88|0.0|-164118.75346380728|-164117.93365434025|-164117.12645732652|-164116.2814229528|-164115.43638857908
384.4|1.0|0.88|0.0|-164509.7934065033|-164509.0492717563|-164508.2925245559|-164507.4853275422|-164506.70335543517
384.6|1.0|0.88|0.0|-164183.62438327944|-164182.8424111724|-164182.08566397204|-164181.27846695832|-164180.47126994462
384.8|1.0|0.88|0.0|-164571.81677386787|-164570.84561496074|-164569.8996809603|-164568.87807223984|-164567.8943008794
385.0|1.0|0.88|0.0|-164472.15234661236|-164471.34514959867|-164470.57578994497|-164469.7433680246|-164468.91094610418
385.2|1.0|0.88|0.0|-164414.49135279175|-164413.69676823137|-164412.95263348435|-164412.14543647066|-164411.3508519103
385.4|1.0|0.88|0.0|-164575.53976948015|-164574.7956347331|-164574.08933734614|-164573.31997769244|-164572.56323049212
385.6|1.0|0.88|0.0|-164562.763563384|-164561.99420373034|-164561.25006898333|-164560.4428719696|-164559.66089986256
385.8|1.0|0.88|0.0|-164856.30103559195|-164856.04878652518|-164855.8091499117|-164855.51906348494|-164855.24158951145
386.0|1.0|0.88|0.0|-164505.78691061132|-164504.92926378426|-164504.0842294105|-164503.18874522345|-164502.29326103636
386.2|1.0|0.88|0.0|-164627.30022308207|-164626.45518870835|-164625.62276678794|-164624.7398950542|-164623.88224822714
386.4|1.0|0.88|0.0|-164661.0272012952|-164660.2578416415|-164659.51370689448|-164658.70650988078|-164657.92453777374
386.6|1.0|0.88|0.0|-164498.16112153252|-164497.39176187883|-164496.63501467847|-164495.82781766477|-164495.03323310442
386.8|1.0|0.88|0.0|-164189.16917289075|-164188.46287550378|-164187.7691905701|-164187.0250558231|-164186.30614598276
387.0|1.0|0.88|0.0|-164321.72329754574|-164321.19357450548|-164320.6764639186|-164320.10890351832|-164319.5539555714
387.2|1.0|0.88|0.0|-164278.6057527299|-164277.53369419608|-164276.48686056893|-164275.3895771284|-164274.30490614122
387.4|1.0|0.88|0.0|-164406.497995209|-164405.48899894187|-164404.50522758142|-164403.44578150092|-164402.4115603271
387.6|1.0|0.88|0.0|-164199.842947246|-164198.92223815224|-164198.01414151184|-164197.05559505807|-164196.10966105762
387.8|1.0|0.88|0.0|-164101.18188667603|-164100.74045080913|-164100.3116273956|-164099.84496662204|-164099.37830584848
388.0|1.0|0.88|0.0|-164574.88857999214|-164574.2201199652|-164573.57688484486|-164572.89581236456|-164572.21473988422
388.2|1.0|0.88|0.0|-164597.19204051557|-164596.47313067527|-164595.79205819496|-164595.03531099457|-164594.32901360758
388.4|1.0|0.88|0.0|-164342.5578700324|-164341.9020224588|-164341.27139979182|-164340.5903273115|-164339.92186728452
388.6|1.0|0.88|0.0|-164211.55203899837|-164210.9844785981|-164210.44214310453|-164209.86197025093|-164209.28179739733
388.8|1.0|0.88|0.0|-164138.6772836044|-164137.89531149738|-164137.1259518437|-164136.2935299233|-164135.48633290958
389.0|1.0|0.88|0.0|-164536.54973664318|-164535.69208981615|-164534.83444298906|-164533.93895880197|-164533.05608706825
389.2|1.0|0.88|0.0|-164341.14807140053|-164340.719247987|-164340.31564948015|-164339.8489887066|-164339.39494038638
389.4|1.0|0.88|0.0|-164317.7108963003|-164317.05504872664|-164316.41181360636|-164315.7181286727|-164315.04966864572
389.6|1.0|0.88|0.0|-164485.71906479876|-164485.0884421318|-164484.4830443715|-164483.82719679788|-164483.1965741309
389.8|1.0|0.88|0.0|-164564.39554872876|-164563.37394000828|-164562.3523312878|-164561.30549766065|-164560.2586640335
390.0|1.0|0.88|0.0|-164332.80631944883|-164332.01173488842|-164331.24237523475|-164330.39734086103|-164329.57753139397
390.2|1.0|0.88|0.0|-164323.16716752158|-164322.35997050785|-164321.57799840084|-164320.7329640271|-164319.91315456005
390.4|1.0|0.88|0.0|-164590.38223672373|-164589.25972837655|-164588.1498324827|-164586.9894867755|-164585.85436597496
390.6|1.0|0.88|0.0|-164517.43180660976|-164517.09127036956|-164516.76334658277|-164516.37236052926|-164516.0065993824
390.8|1.0|0.88|0.0|-164616.6634487684|-164615.9823762881|-164615.32652871445|-164614.62023132746|-164613.91393394046
391.0|1.0|0.88|0.0|-164556.63655997335|-164556.01854975976|-164555.43837690615|-164554.7825293325|-164554.16451911887
391.2|1.0|0.88|0.0|-164351.67296394397|-164351.05495373037|-164350.47478087677|-164349.83154575643|-164349.22614799617
391.4|1.0|0.88|0.0|-164543.36063156303|-164542.23812321585|-164541.11561486867|-164539.95526916147|-164538.80753590757
391.6|1.0|0.88|0.0|-164495.18154995915|-164494.24822841206|-164493.2896819583|-164492.28068569113|-164491.29691433068
391.8|1.0|0.88|0.0|-164657.74965395976|-164656.85416977268|-164655.97129803893|-164655.00013913182|-164654.0920424914
392.0|1.0|0.88|0.0|-164477.94961712576|-164477.25593219209|-164476.56224725844|-164475.83072496476|-164475.11181512446
392.2|1.0|0.88|0.0|-164618.49668563128|-164617.68948861756|-164616.90751651055|-164616.06248213683|-164615.21744776308
392.4|1.0|0.88|0.0|-164645.75219924585|-164644.90716487213|-164644.08735540506|-164643.20448367132|-164642.34683684426
392.6|1.0|0.88|0.0|-164631.66862803636|-164631.0380053694|-164630.45783251576|-164629.80198494214|-164629.14613736852
392.8|1.0|0.88|0.0|-164653.57645948653|-164652.78187492618|-164652.02512772582|-164651.19270580544|-164650.38550879172
393.0|1.0|0.88|0.0|-164462.93548981237|-164461.9391059986|-164460.98055954478|-164459.95895082434|-164458.93734210383
393.2|1.0|0.88|0.0|-164489.88494067013|-164489.05251874973|-164488.22009682938|-164487.34983754894|-164486.50480317522
393.4|1.0|0.88|0.0|-164395.22847835935|-164394.40866889228|-164393.56363451856|-164392.66815033148|-164391.82311595776
393.6|1.0|0.88|0.0|-164579.51729359056|-164578.5587471368|-164577.62542558968|-164576.6416542292|-164575.68310777543
393.8|1.0|0.88|0.0|-164578.1819789416|-164577.34955702125|-164576.54236000753|-164575.65948827378|-164574.80184144672
394.0|1.0|0.88|0.0|-164383.89538977033|-164383.42872899678|-164382.9494557699|-164382.41973272967|-164381.9278470494
394.2|1.0|0.88|0.0|-164396.09136035747|-164395.72559921062|-164395.37245051714|-164394.95623955695|-164394.56525350342
394.4|1.0|0.88|0.0|-164641.99240398224|-164641.2104318752|-164640.4662971282|-164639.6591001145|-164638.86451555413
394.6|1.0|0.88|0.0|-164610.21713659453|-164609.7000260076|-164609.19552787405|-164608.6405799271|-164608.09824443352
394.8|1.0|0.88|0.0|-164319.55492058158|-164318.82339828793|-164318.12971335422|-164317.3729661539|-164316.62883140688
395.0|1.0|0.88|0.0|-164352.84770313138|-164352.19185555773|-164351.5360079841|-164350.84232305046|-164350.16125057012
395.2|1.0|0.88|0.0|-164182.78252273693|-164182.10145025662|-164181.445602683|-164180.75191774935|-164180.04562036233
395.4|1.0|0.88|0.0|-164672.57142711405|-164671.8399048204|-164671.1083825267|-164670.30118551297|-164669.557050766
395.6|1.0|0.88|0.0|-164267.50443803638|-164266.58372894264|-164265.6756323022|-164264.71708584842|-164263.75853939465
395.8|1.0|0.88|0.0|-164540.05060228868|-164539.3821422617|-164538.7389071414|-164538.03260975442|-164537.3515372741
396.0|1.0|0.88|0.0|-164699.9005797067|-164698.89158343957|-164697.92042453244|-164696.87359090528|-164695.8393697315
396.2|1.0|0.88|0.0|-164675.2590029699|-164674.855404463|-164674.42658104948|-164673.95992027593|-164673.5058719557
396.4|1.0|0.88|0.0|-164523.57196958616|-164522.81522238578|-164522.05847518545|-164521.25127817172|-164520.4693060647
396.6|1.0|0.88|0.0|-164651.76716834155|-164651.08609586125|-164650.40502338097|-164649.6735010873|-164648.96720370027
396.8|1.0|0.88|0.0|-164668.02193393678|-164667.7066226033|-164667.39131126984|-164667.03816257633|-164666.68501388282
397.0|1.0|0.88|0.0|-164545.0558315788|-164544.52610853856|-164544.02161040498|-164543.4540500047|-164542.9117145111
397.2|1.0|0.88|0.0|-164569.1762399357|-164568.4699425487|-164567.78887006838|-164567.03212286803|-164566.325825481
397.4|1.0|0.88|0.0|-164173.40582595396|-164172.81304064702|-164172.25809270007|-164171.64008248644|-164171.04729717952
397.6|1.0|0.88|0.0|-164175.72716260882|-164174.95780295515|-164174.20105575476|-164173.39385874107|-164172.58666172734
397.8|1.0|0.88|0.0|-163825.1309072992|-163824.52550953891|-163823.95794913868|-163823.30210156503|-163822.6840913514
398.0|1.0|0.88|0.0|-164197.82689366533|-164197.09537137166|-164196.401686438|-164195.64493923765|-164194.90080449064
398.2|1.0|0.88|0.0|-164313.98561853296|-164313.34238341264|-164312.7117607457|-164312.0306882654|-164311.3622282384
398.4|1.0|0.88|0.0|-164190.74460834856|-164190.08876077493|-164189.48336301462|-164188.8022905343|-164188.15905541403
398.6|1.0|0.88|0.0|-164232.29803223704|-164231.36471068996|-164230.43138914285|-164229.46023023574|-164228.4890713286
398.8|1.0|0.88|0.0|-164724.15199491745|-164723.26912318368|-164722.3988639033|-164721.4781548095|-164720.5700581691
399.0|1.0|0.88|0.0|-164608.23035296425|-164607.0952321637|-164605.9601113632|-164604.7745407493|-164603.6141950421
399.2|1.0|0.88|0.0|-164669.38860478354|-164668.56879531647|-164667.77421075612|-164666.90395147572|-164666.07152955534
399.4|1.0|0.88|0.0|-164673.60375506326|-164672.69565842283|-164671.80017423574|-164670.84162778198|-164669.93353114155
399.6|1.0|0.88|0.0|-164728.62933748378|-164727.64556612333|-164726.68701966957|-164725.67802340243|-164724.69425204195
399.8|1.0|0.88|0.0|-164758.87400059123|-164758.34427755096|-164757.81455451073|-164757.23438165712|-164756.7046586169
400.0|1.0|0.88|0.0|-164854.08603691682|-164853.51847651653|-164852.9635285696|-164852.345518356|-164851.7653455024
400.2|1.0|0.88|0.0|-164426.27881191764|-164425.79953869074|-164425.32026546384|-164424.7905424236|-164424.2734318367
400.4|1.0|0.88|0.0|-164355.76428433083|-164354.90663750377|-164354.04899067667|-164353.14089403627|-164352.2832472092
400.6|1.0|0.88|0.0|-164011.0330820332|-164010.36462200622|-164009.7466117926|-164009.05292685897|-164008.3970792853
400.8|1.0|0.88|0.0|-163978.58123959138|-163977.6857554043|-163976.81549612392|-163975.8821745768|-163974.9740779364
401.0|1.0|0.88|0.0|-164111.59975680165|-164111.2087707481|-164110.83039714795|-164110.3763488277|-164109.97275032089
401.2|1.0|0.88|0.0|-163877.99512313932|-163877.13747631223|-163876.2798294852|-163875.37173284477|-163874.48886111102
401.4|1.0|0.88|0.0|-163799.05037074554|-163798.47019789193|-163797.91524994498|-163797.30985218473|-163796.72967933113
401.6|1.0|0.88|0.0|-163859.00997392013|-163858.1271021864|-163857.26945535932|-163856.36135871892|-163855.4532620785
401.8|1.0|0.88|0.0|-163830.98718873246|-163830.3565660655|-163829.75116830523|-163829.09532073158|-163828.43947315795
402.0|1.0|0.88|0.0|-163917.3148841569|-163916.65903658324|-163916.02841391627|-163915.3221165293|-163914.66626895565
402.2|1.0|0.88|0.0|-163783.06793081432|-163782.1346092672|-163781.2265126268|-163780.24274126632|-163779.28419481256
402.4|1.0|0.88|0.0|-163814.00699565874|-163813.59078469852|-163813.1871861917|-163812.7457503248|-163812.31692691127
402.6|1.0|0.88|0.0|-163906.06529258165|-163905.58601935476|-163905.10674612786|-163904.60224799428|-163904.09774986072
402.8|1.0|0.88|0.0|-164044.69178289664|-164043.85936097626|-164043.06477641588|-164042.19451713547|-164041.36209521507
403.0|1.0|0.88|0.0|-163868.7752615728|-163867.9680645591|-163867.1987049054|-163866.34105807834|-163865.5338610646
403.2|1.0|0.88|0.0|-164137.11781881787|-164136.19710972413|-164135.26378817702|-164134.30524172325|-164133.34669526946
403.4|1.0|0.88|0.0|-164022.0691515241|-164021.86735227067|-164021.67816547057|-164021.43852885714|-164021.22411715038
403.6|1.0|0.88|0.0|-164408.19504747182|-164407.60226216487|-164407.02208931127|-164406.40407909764|-164405.7986813374
403.8|1.0|0.88|0.0|-163791.4376609848|-163790.55478925104|-163789.68452997063|-163788.7638208769|-163787.85572423646
404.0|1.0|0.88|0.0|-163792.91310421412|-163792.0680698404|-163791.23564792002|-163790.34016373294|-163789.48251690587
404.2|1.0|0.88|0.0|-164004.46178407274|-164004.15908519257|-164003.8689987658|-164003.52846252563|-164003.21315119215
404.4|1.0|0.88|0.0|-164285.55553164374|-164285.06364596353|-164284.58437273666|-164284.06726214974|-164283.5501515628
404.6|1.0|0.88|0.0|-164008.50626441083|-164008.1278908107|-164007.74951721053|-164007.320693797|-164006.89187038346
404.8|1.0|0.88|0.0|-164397.61778684845|-164397.6051743951|-164397.61778684845|-164397.56733703509|-164397.54211212843
405.0|1.0|0.88|0.0|-164192.37533365947|-164191.85822307254|-164191.353724939|-164190.78616453873|-164190.24382904512
405.2|1.0|0.88|0.0|-164490.70217829585|-164490.34902960237|-164490.00849336217|-164489.6175073087|-164489.23913370847
405.4|1.0|0.88|0.0|-164368.57579261228|-164367.8568827719|-164367.1758102916|-164366.44428799793|-164365.71276570426
405.6|1.0|0.88|0.0|-164090.9415333018|-164090.15956119477|-164089.3902015411|-164088.58300452738|-164087.77580751368
405.8|1.0|0.88|0.0|-164237.55260305086|-164236.2535203569|-164234.97966256965|-164233.63013006237|-164232.30582246173
406.0|1.0|0.88|0.0|-164323.46863519758|-164323.03981178405|-164322.63621327718|-164322.15694005028|-164321.70289173006
406.2|1.0|0.88|0.0|-164280.24398046464|-164279.24759665082|-164278.2764377437|-164277.24221656987|-164276.23322030273
406.4|1.0|0.88|0.0|-164683.32103404272|-164682.47599966894|-164681.6183528419|-164680.73548110813|-164679.8526093744
406.6|1.0|0.88|0.0|-164501.96656747814|-164500.97018366435|-164499.9737998506|-164498.91435377006|-164497.88013259627
406.8|1.0|0.88|0.0|-164434.78002854018|-164434.1115685132|-164433.4683333929|-164432.77464845925|-164432.09357597894
407.0|1.0|0.88|0.0|-164371.14748205084|-164370.60514655724|-164370.075423517|-164369.52047557008|-164368.96552762314
407.2|1.0|0.88|0.0|-164219.82741577088|-164218.91931913045|-164218.01122249005|-164217.0400635829|-164216.09412958246
407.4|1.0|0.88|0.0|-164536.11522571344|-164535.25757888638|-164534.39993205934|-164533.47922296554|-164532.58373877846
407.6|1.0|0.88|0.0|-164410.6302931876|-164409.60868446715|-164408.58707574668|-164407.51501721283|-164406.48079603905
407.8|1.0|0.88|0.0|-164441.72413497398|-164440.87910060026|-164440.0592911332|-164439.17641939947|-164438.31877257238
408.0|1.0|0.88|0.0|-164514.05655487438|-164513.31242012736|-164512.56828538032|-164511.77370081996|-164511.0169536196
408.2|1.0|0.88|0.0|-164477.0569226295|-164476.2749505225|-164475.49297841545|-164474.66055649504|-164473.85335948135
408.4|1.0|0.88|0.0|-164177.29936032175|-164176.8453120015|-164176.40387613466|-164175.89937800108|-164175.43271722752
408.6|1.0|0.88|0.0|-164249.95970400894|-164249.34169379532|-164248.74890848837|-164248.10567336806|-164247.46243824778
408.8|1.0|0.88|0.0|-164243.61506519027|-164242.93399270996|-164242.25292022966|-164241.52139793598|-164240.78987564228
409.0|1.0|0.88|0.0|-164572.12294667083|-164571.3157496571|-164570.5085526434|-164569.6635182697|-164568.84370880263
409.2|1.0|0.88|0.0|-164555.77788812158|-164554.92024129452|-164554.08781937414|-164553.2049476404|-164552.33468835996
409.4|1.0|0.88|0.0|-164879.83696283298|-164878.86580392587|-164877.90725747205|-164876.89826120491|-164875.91448984446
409.6|1.0|0.88|0.0|-164715.40711743972|-164714.97829402616|-164714.54947061263|-164714.09542229245|-164713.64137397223
409.8|1.0|0.88|0.0|-164591.52122877823|-164590.5752947778|-164589.65458568407|-164588.65820187025|-164587.6744305098
410.0|1.0|0.88|0.0|-164291.889602077|-164291.10762996995|-164290.36349522296|-164289.56891066258|-164288.79955100888
410.2|1.0|0.88|0.0|-164469.99972488623|-164469.470001846|-164468.95289125908|-164468.37271840547|-164467.83038291187
410.4|1.0|0.88|0.0|-164223.45855627905|-164222.5126222786|-164221.59191318485|-164220.6081418244|-164219.66220782397
410.6|1.0|0.88|0.0|-164150.2031342298|-164149.49683684282|-164148.80315190915|-164148.03379225548|-164147.30226996177
410.8|1.0|0.88|0.0|-164361.99796192735|-164361.25382718034|-164360.52230488666|-164359.7277203263|-164358.9583606726
411.0|1.0|0.88|0.0|-164227.45318666747|-164226.7721141872|-164226.11626661354|-164225.38474431986|-164224.67844693287
411.2|1.0|0.88|0.0|-164182.74203958|-164182.09880445967|-164181.44295688602|-164180.7618844057|-164180.0681994721
411.4|1.0|0.88|0.0|-164187.41499753023|-164187.01139902335|-164186.6078005165|-164186.15375219632|-164185.75015368944
411.6|1.0|0.88|0.0|-164233.5017825431|-164232.80809760944|-164232.13963758247|-164231.4081152888|-164230.7018179018
411.8|1.0|0.88|0.0|-164203.4754967413|-164202.97099860775|-164202.4791129275|-164201.93677743393|-164201.4070543937
412.0|1.0|0.88|0.0|-163985.60635950216|-163985.17753608862|-163984.7487126751|-163984.28205190154|-163983.81539112798
412.2|1.0|0.88|0.0|-163915.4054442161|-163914.92617098923|-163914.45951021567|-163913.9297871754|-163913.42528904183
412.4|1.0|0.88|0.0|-164063.84424636842|-164062.92353727465|-164062.02805308756|-164061.08211908714|-164060.14879754002
412.6|1.0|0.88|0.0|-163996.27913400444|-163995.67373624412|-163995.10617584386|-163994.48816563026|-163993.8575429633
412.8|1.0|0.88|0.0|-163788.65460639878|-163788.16272071857|-163787.70867239835|-163787.2041742648|-163786.69967613122
413.0|1.0|0.88|0.0|-163936.2329229209|-163935.79148705406|-163935.3626636405|-163934.87077796028|-163934.41672964007
413.2|1.0|0.88|0.0|-164190.23216711724|-164189.52586973025|-164188.84479724994|-164188.1006625029|-164187.36914020925
413.4|1.0|0.88|0.0|-163935.585732907|-163934.7154736266|-163933.87043925285|-163932.96234261242|-163932.06685842536
413.6|1.0|0.88|0.0|-163975.623702899|-163975.08136740542|-163974.56425681853|-163973.98408396493|-163973.429136018
413.8|1.0|0.88|0.0|-163876.77616087566|-163875.69148988847|-163874.6446562613|-163873.5095354608|-163872.4122520203
414.0|1.0|0.88|0.0|-163947.56737741712|-163946.72234304337|-163945.889921123|-163944.9944369359|-163944.13679010884
414.2|1.0|0.88|0.0|-163831.78853466158|-163831.19574935464|-163830.6408014077|-163830.02279119406|-163829.43000588714
414.4|1.0|0.88|0.0|-163968.88256861246|-163968.08798405208|-163967.33123685175|-163966.51142738468|-163965.71684282433
414.6|1.0|0.88|0.0|-163826.91335733052|-163826.2953471169|-163825.70256180994|-163825.07193914297|-163824.45392892935
414.8|1.0|0.88|0.0|-163956.2173128831|-163955.70020229623|-163955.1830917093|-163954.61553130904|-163954.0605833621
415.0|1.0|0.88|0.0|-164065.55219653694|-164064.94679877663|-164064.34140101637|-164063.68555344272|-164063.05493077578
415.2|1.0|0.88|0.0|-164422.23946935518|-164421.7097463149|-164421.2178606347|-164420.65030023444|-164420.0953522875
415.4|1.0|0.88|0.0|-164244.90618842305|-164243.64494308914|-164242.40892266188|-164241.1350648746|-164239.86120708735
415.6|1.0|0.88|0.0|-164079.9686319869|-164078.6443243863|-164077.332629239|-164075.97048427837|-164074.6335642244
415.8|1.0|0.88|0.0|-164208.49819794952|-164207.3000148823|-164206.13966917509|-164204.9162612012|-164203.70546568063
416.0|1.0|0.88|0.0|-164225.7382192509|-164224.60309845034|-164223.46797764985|-164222.2824070359|-164221.10944887542
416.2|1.0|0.88|0.0|-164150.66299531344|-164149.90624811308|-164149.17472581938|-164148.39275371237|-164147.61078160536
416.4|1.0|0.88|0.0|-164178.66264172646|-164178.10769377957|-164177.56535828597|-164176.95996052568|-164176.39240012542
416.6|1.0|0.88|0.0|-164335.19580011943|-164334.30031593234|-164333.43005665197|-164332.49673510485|-164331.57602601108
416.8|1.0|0.88|0.0|-164236.62531222738|-164235.96946465375|-164235.33884198678|-164234.65776950648|-164233.98930947948
417.0|1.0|0.88|0.0|-164265.80883225406|-164265.2034344938|-164264.5980367335|-164263.9548016132|-164263.32417894626
417.2|1.0|0.88|0.0|-164201.72263020073|-164201.21813206718|-164200.7136339336|-164200.18391089333|-164199.62896294642
417.4|1.0|0.88|0.0|-164107.0312329715|-164106.21142350446|-164105.41683894407|-164104.559192117|-164103.73938264998
417.6|1.0|0.88|0.0|-164335.26757973855|-164334.78830651165|-164334.33425819146|-164333.82976005788|-164333.33787437767
417.8|1.0|0.88|0.0|-164110.8037476606|-164109.98393819356|-164109.17674117986|-164108.31909435277|-164107.4866724324
418.0|1.0|0.88|0.0|-164092.13792201047|-164091.45684953014|-164090.81361440985|-164090.1199294762|-164089.4136320892
418.2|1.0|0.88|0.0|-164224.085468582|-164222.67287380798|-164221.2855039407|-164219.86029671336|-164218.43508948604
418.4|1.0|0.88|0.0|-164267.01825974867|-164266.04710084153|-164265.1263917478|-164264.14262038734|-164263.15884902686
418.6|1.0|0.88|0.0|-164042.68034364225|-164041.87314662855|-164041.0911745215|-164040.2587526011|-164039.42633068076
418.8|1.0|0.88|0.0|-164059.77044322857|-164059.1398205616|-164058.50919789463|-164057.84073786766|-164057.17227784067
419.0|1.0|0.88|0.0|-164004.3557837095|-164004.04047237604|-164003.7756108559|-164003.43507461576|-164003.1323757356
419.2|1.0|0.88|0.0|-163852.59156575263|-163851.35554532538|-163850.14474980484|-163848.87089201758|-163847.60964668365
419.4|1.0|0.88|0.0|-164292.4389276631|-164291.3416442226|-164290.29481059546|-164289.17230224825|-164288.0624063544
419.6|1.0|0.88|0.0|-163983.1306812223|-163982.22258458185|-163981.32710039476|-163980.368553941|-163979.42261994054
419.8|1.0|0.88|0.0|-164223.95804032337|-164223.54182936318|-164223.1382308563|-164222.6841825361|-164222.25535912256
420.0|1.0|0.88|0.0|-164321.28834274207|-164320.93519404856|-164320.5568204484|-164320.14060948818|-164319.74962343465
420.2|1.0|0.88|0.0|-164230.84624169022|-164230.15255675654|-164229.49670918292|-164228.76518688924|-164228.03366459557
420.4|1.0|0.88|0.0|-164050.67734573956|-164049.7187992858|-164048.798090192|-164047.81431883157|-164046.84315992444
420.6|1.0|0.88|0.0|-163856.5872621443|-163856.03231419736|-163855.50259115713|-163854.92241830353|-163854.36747035658
420.8|1.0|0.88|0.0|-163773.19372066544|-163772.5378730918|-163771.8694130648|-163771.17572813114|-163770.4946556508
421.0|1.0|0.88|0.0|-164082.90852495923|-164082.10132794554|-164081.3193558385|-164080.4617090114|-164079.62928709103
421.2|1.0|0.88|0.0|-163965.9927271246|-163965.4251667243|-163964.87021877742|-163964.2648210171|-163963.6720357102
421.4|1.0|0.88|0.0|-164084.8242033985|-164084.38276753158|-164083.9665565714|-164083.4872833445|-164083.02062257097
421.6|1.0|0.88|0.0|-164243.6589953666|-164242.73828627283|-164241.84280208577|-164240.8968680853|-164239.95093408486
421.8|1.0|0.88|0.0|-164146.7211797944|-164145.83830806066|-164144.9554363269|-164144.02211477983|-164143.08879323272
422.0|1.0|0.88|0.0|-164547.8854831547|-164546.9143242476|-164545.95577779383|-164544.9467815267|-164543.9503977129
422.2|1.0|0.88|0.0|-164309.41818191524|-164308.86323396832|-164308.28306111472|-164307.67766335444|-164307.0848780475
422.4|1.0|0.88|0.0|-164620.44988708533|-164620.09673839182|-164619.76881460502|-164619.37782855149|-164619.01206740463
422.6|1.0|0.88|0.0|-164507.26689924576|-164506.6110516721|-164505.98042900514|-164505.2867440715|-164504.61828404453
422.8|1.0|0.88|0.0|-164327.96410827895|-164327.4722225987|-164326.9803369185|-164326.4380014249|-164325.90827838465
423.0|1.0|0.88|0.0|-164248.1251362849|-164247.20442719117|-164246.3089430041|-164245.35039655032|-164244.4170750032
423.2|1.0|0.88|0.0|-164389.20597614965|-164388.4240040426|-164387.6420319356|-164386.80961001522|-164386.00241300146
423.4|1.0|0.88|0.0|-164206.09837857098|-164205.1398321172|-164204.21912302342|-164203.22273920962|-164202.25158030252
423.6|1.0|0.88|0.0|-164226.19596737582|-164225.85543113563|-164225.55273225548|-164225.16174620198|-164224.8085975085
423.8|1.0|0.88|0.0|-164140.97460632733|-164139.81426062013|-164138.67913981964|-164137.46834429906|-164136.2953861385
424.0|1.0|0.88|0.0|-164107.12278156492|-164106.3155845512|-164105.53361244415|-164104.68857807043|-164103.8687686034
424.2|1.0|0.88|0.0|-164180.82995887927|-164180.46419773242|-164180.1362739456|-164179.74528789212|-164179.36691429192
424.4|1.0|0.88|0.0|-163849.16862358703|-163848.81547489352|-163848.47493865338|-163848.09656505316|-163847.73080390634
424.6|1.0|0.88|0.0|-164061.64272011834|-164060.64633630452|-164059.68778985075|-164058.69140603696|-164057.68240976983
424.8|1.0|0.88|0.0|-164058.66257824443|-164058.08240539083|-164057.50223253723|-164056.87160987026|-164056.25359965663
425.0|1.0|0.88|0.0|-164021.93511412063|-164021.22881673364|-164020.54774425333|-164019.79099705294|-164019.08469966595
425.2|1.0|0.88|0.0|-163994.05984785894|-163993.37877537863|-163992.71031535164|-163991.99140551133|-163991.2851081243
425.4|1.0|0.88|0.0|-164318.28565170497|-164317.55412941132|-164316.82260711765|-164316.05324746395|-164315.2965002636
425.6|1.0|0.88|0.0|-163939.90852217394|-163939.51753612043|-163939.1265500669|-163938.69772665336|-163938.26890323983
425.8|1.0|0.88|0.0|-164201.32102799744|-164200.81652986386|-164200.3120317303|-164199.74447133002|-164199.2147482898
426.0|1.0|0.88|0.0|-164159.62495783498|-164158.8682106346|-164158.1493007943|-164157.36732868725|-164156.5853565802
426.2|1.0|0.88|0.0|-164338.52106444826|-164337.42378100773|-164336.33911002058|-164335.1913767667|-164334.05625596616
426.4|1.0|0.88|0.0|-164492.68234259935|-164491.66073387885|-164490.6769625184|-164489.6175164379|-164488.5832952641
426.6|1.0|0.88|0.0|-164471.40611577046|-164470.53585649008|-164469.69082211633|-164468.7827254759|-164467.89985374216
426.8|1.0|0.88|0.0|-164420.82251366266|-164419.99009174228|-164419.20811963524|-164418.35047280818|-164417.50543843443
427.0|1.0|0.88|0.0|-164469.75254003264|-164468.85705584555|-164467.98679656515|-164467.06608747138|-164466.15799083095
427.2|1.0|0.88|0.0|-164298.54487687658|-164297.0061575692|-164295.4926631685|-164293.9287189544|-164292.38999964704
427.4|1.0|0.88|0.0|-164474.18550334073|-164473.4792059537|-164472.77290856672|-164472.0161613664|-164471.259414166
427.6|1.0|0.88|0.0|-164141.67078350572|-164141.01493593206|-164140.38431326512|-164139.67801587813|-164138.99694339783
427.8|1.0|0.88|0.0|-164173.56896138267|-164172.95095116904|-164172.34555340878|-164171.68970583513|-164171.04647071482
428.0|1.0|0.88|0.0|-164668.5715850328|-164667.5121389523|-164666.42746796514|-164665.33018452465|-164664.22028863078
428.2|1.0|0.88|0.0|-164262.4629480395|-164261.44133931896|-164260.45756795854|-164259.39812187804|-164258.36390070422
428.4|1.0|0.88|0.0|-164533.6944589855|-164532.81158725178|-164531.9791653314|-164531.08368114432|-164530.21342186388
428.6|1.0|0.88|0.0|-164295.33051285992|-164294.72511509966|-164294.14494224606|-164293.5143195791|-164292.88369691212
428.8|1.0|0.88|0.0|-164377.7358252642|-164377.1430399572|-164376.58809201032|-164375.95746934335|-164375.35207158304
429.0|1.0|0.88|0.0|-164250.33037318385|-164249.2835395567|-164248.26193083622|-164247.17725984906|-164246.1178137685
429.2|1.0|0.88|0.0|-164308.3456709565|-164307.6015362095|-164306.88262636916|-164306.10065426215|-164305.33129460845
429.4|1.0|0.88|0.0|-164353.91301035666|-164353.0553635296|-164352.1977167025|-164351.2896200621|-164350.40674832833
429.6|1.0|0.88|0.0|-164403.64987205237|-164402.893124852|-164402.18682746502|-164401.41746781132|-164400.66072061096
429.8|1.0|0.88|0.0|-164342.18261124316|-164341.40063913612|-164340.64389193576|-164339.82408246872|-164339.02949790834
430.0|1.0|0.88|0.0|-164309.0838789065|-164308.3145192528|-164307.5703845058|-164306.77579994543|-164305.98121538505
430.2|1.0|0.88|0.0|-164500.29423334217|-164499.34829934174|-164498.42759024794|-164497.46904379418|-164496.5104973404
430.4|1.0|0.88|0.0|-164564.31604795757|-164563.35750150375|-164562.43679240998|-164561.42779614285|-164560.46924968908
430.6|1.0|0.88|0.0|-164323.30467709852|-164322.3713555514|-164321.46325891098|-164320.50471245722|-164319.54616600345
430.8|1.0|0.88|0.0|-164470.3285026431|-164469.24383165594|-164468.19699802878|-164467.08710213494|-164465.98981869442
431.0|1.0|0.88|0.0|-164394.56946139465|-164393.59830248752|-164392.65236848706|-164391.64337221993|-164390.65960085948
431.2|1.0|0.88|0.0|-164162.14717125965|-164161.44087387263|-164160.73457648564|-164159.9778292853|-164159.2463069916
431.4|1.0|0.88|0.0|-164078.62750524736|-164077.7698584203|-164076.91221159324|-164075.99150249947|-164075.10863076572
431.6|1.0|0.88|0.0|-163807.96533778345|-163807.18336567646|-163806.41400602274|-163805.58158410236|-163804.7617746353
431.8|1.0|0.88|0.0|-164039.07006400477|-164038.4016039778|-164037.74575640415|-164037.03945901716|-164036.34577408351
432.0|1.0|0.88|0.0|-164006.28043788494|-164005.34711633789|-164004.43901969743|-164003.48047324366|-164002.5219267899
432.2|1.0|0.88|0.0|-163988.66084057008|-163988.0932801698|-163987.55094467622|-163986.94554691596|-163986.36537406236
432.4|1.0|0.88|0.0|-163983.78345898955|-163983.05193669588|-163982.35825176223|-163981.58889210853|-163980.8447573615
432.6|1.0|0.88|0.0|-164046.15707845506|-164044.97150784117|-164043.79854968062|-164042.54991680002|-164041.33912127945
432.8|1.0|0.88|0.0|-164039.15158304214|-164038.31916112176|-164037.49935165473|-164036.62909237432|-164035.7588330939
433.0|1.0|0.88|0.0|-163957.2358859718|-163956.3025644247|-163955.4070802376|-163954.46114623718|-163953.50259978342
433.2|1.0|0.88|0.0|-163957.3267900665|-163956.6457175862|-163955.97725755922|-163955.24573526555|-163954.53943787853
433.4|1.0|0.88|0.0|-164236.0274328706|-164235.25807321694|-164234.5013260166|-164233.7067414562|-164232.9247693492
433.6|1.0|0.88|0.0|-163817.56594056013|-163816.69568127973|-163815.82542199933|-163814.91732535893|-163814.0218411718
433.8|1.0|0.88|0.0|-163873.83134020775|-163872.948468474|-163872.06559674026|-163871.1448876465|-163870.2367910061
434.0|1.0|0.88|0.0|-163927.48471671273|-163926.74058196574|-163926.00905967204|-163925.22708756503|-163924.45772791136
434.2|1.0|0.88|0.0|-163939.46551842967|-163938.53219688256|-163937.61148778882|-163936.65294133505|-163935.69439488123
434.4|1.0|0.88|0.0|-164092.65704913193|-164091.47147851804|-164090.2985203575|-164089.0751123836|-164087.86431686304
434.6|1.0|0.88|0.0|-164114.11287224054|-164112.93991408002|-164111.76695591945|-164110.55616039888|-164109.332752425
434.8|1.0|0.88|0.0|-164534.61138714422|-164533.61500333043|-164532.64384442332|-164531.62223570285|-164530.61323943568
435.0|1.0|0.88|0.0|-164191.94918810434|-164191.01586655725|-164190.1329948235|-164189.18706082305|-164188.24112682263
435.2|1.0|0.88|0.0|-164285.34685258757|-164283.8207457335|-164282.3324762395|-164280.7811444788|-164279.2424251714
435.4|1.0|0.88|0.0|-164288.90325035667|-164288.4744269431|-164288.04560352958|-164287.56633030268|-164287.09966952915
435.6|1.0|0.88|0.0|-164327.72438173476|-164326.63971074758|-164325.58026466708|-164324.47036877324|-164323.3730853327
435.8|1.0|0.88|0.0|-164100.24404978575|-164099.05847917186|-164097.89813346465|-164096.6621130374|-164095.4765424235
436.0|1.0|0.88|0.0|-164125.22912322066|-164124.7876873538|-164124.3714763936|-164123.87959071336|-164123.42554239318
436.2|1.0|0.88|0.0|-164114.54423080242|-164113.63613416196|-164112.75326242825|-164111.81994088113|-164110.89923178736
436.4|1.0|0.88|0.0|-164088.5607632164|-164087.82924092273|-164087.1229435357|-164086.3409714287|-164085.59683668168
436.6|1.0|0.88|0.0|-163837.65326985563|-163837.24967134878|-163836.84607284193|-163836.40463697506|-163835.96320110818
436.8|1.0|0.88|0.0|-164070.19210903827|-164069.53626146464|-164068.91825125102|-164068.22456631737|-164067.56871874374
437.0|1.0|0.88|0.0|-164264.98715276012|-164264.30608027978|-164263.62500779948|-164262.8934855058|-164262.21241302547
437.2|1.0|0.88|0.0|-164133.03451894008|-164132.2273219264|-164131.43273736603|-164130.5877029923|-164129.7552810719
437.4|1.0|0.88|0.0|-163780.46599829575|-163779.7975382688|-163779.15430314848|-163778.44800576151|-163777.77954573452
437.6|1.0|0.88|0.0|-163966.48776157576|-163965.93281362887|-163965.4030905886|-163964.81030528166|-163964.2427448814
437.8|1.0|0.88|0.0|-164225.15222270778|-164224.91258609432|-164224.66033702757|-164224.3576381474|-164224.09277662728
438.0|1.0|0.88|0.0|-164251.26844379454|-164250.52430904753|-164249.8053992072|-164249.02342710015|-164248.25406744648
438.2|1.0|0.88|0.0|-164664.26403501834|-164663.69647461807|-164663.12891421778|-164662.52351645753|-164661.93073115055
438.4|1.0|0.88|0.0|-164382.13316644396|-164381.60344340373|-164381.0863328168|-164380.51877241654|-164379.95121201628
438.6|1.0|0.88|0.0|-164313.02838335134|-164312.42298559105|-164311.84281273745|-164311.18696516383|-164310.55634249686
438.8|1.0|0.88|0.0|-164287.04317251616|-164286.3494875825|-164285.68102755552|-164284.94950526184|-164284.2305954215
439.0|1.0|0.88|0.0|-164287.77772779937|-164287.37412929253|-164286.99575569233|-164286.56693227883|-164286.1381088653
439.2|1.0|0.88|0.0|-164101.149149239|-164100.6320386521|-164100.1527654252|-164099.61042993164|-164099.08070689137
439.4|1.0|0.88|0.0|-164149.1647591014|-164148.57197379446|-164148.00441339417|-164147.37379072723|-164146.7557805136
439.6|1.0|0.88|0.0|-164450.62761881526|-164449.8078093482|-164449.0132247878|-164448.15557796077|-164447.32315604037
439.8|1.0|0.88|0.0|-164147.9547905729|-164147.00885657244|-164146.06292257202|-164145.06653875823|-164144.09537985112
440.0|1.0|0.88|0.0|-164251.98230571472|-164250.98592190092|-164250.0147629938|-164248.98054181997|-164247.95893309952
440.2|1.0|0.88|0.0|-164365.87333687078|-164365.1418145771|-164364.4355171901|-164363.6661575364|-164362.9220227894
440.4|1.0|0.88|0.0|-164152.82192425427|-164151.80031553376|-164150.80393171997|-164149.7570980928|-164148.722876919
440.6|1.0|0.88|0.0|-164057.81049306356|-164057.02852095655|-164056.2465488495|-164055.42673938244|-164054.6321548221
440.8|1.0|0.88|0.0|-164264.80303529778|-164263.9075511107|-164263.02467937698|-164262.09135782986|-164261.18326118944
441.0|1.0|0.88|0.0|-163730.69129320176|-163730.22463242823|-163729.74535920133|-163729.24086106775|-163728.72375048086
441.2|1.0|0.88|0.0|-164147.52181358763|-164146.52542977384|-164145.52904596005|-164144.49482478626|-164143.46060361242
441.4|1.0|0.88|0.0|-163863.5333871008|-163863.07933878058|-163862.65051536704|-163862.17124214018|-163861.70458136662
441.6|1.0|0.88|0.0|-164053.9659355315|-164053.31008795789|-164052.65424038423|-164051.96055545058|-164051.25425806362
441.8|1.0|0.88|0.0|-164150.70180965573|-164149.73065074865|-164148.7847167482|-164147.77572048103|-164146.79194912058
442.0|1.0|0.88|0.0|-164123.3955839122|-164122.48748727178|-164121.60461553806|-164120.67129399095|-164119.73797244384
442.2|1.0|0.88|0.0|-164292.60693630014|-164291.52226531296|-164290.4754316858|-164289.36553579193|-164288.26825235144
442.4|1.0|0.88|0.0|-164103.2233125161|-164102.40350304902|-164101.60891848867|-164100.76388411495|-164099.90623728788
442.6|1.0|0.88|0.0|-164070.44729596146|-164070.01847254793|-164069.60226158774|-164069.12298836085|-164068.6563275873
442.8|1.0|0.88|0.0|-163929.98240312267|-163929.2256559223|-163928.50674608198|-163927.72477397494|-163926.9680267746
443.0|1.0|0.88|0.0|-164060.3783712599|-164060.01261011307|-164059.65946141956|-164059.24325045937|-164058.85226440587
443.2|1.0|0.88|0.0|-164372.09529868278|-164371.65386281593|-164371.18720204238|-164370.69531636214|-164370.21604313527
443.4|1.0|0.88|0.0|-164216.11548978224|-164215.39657994194|-164214.70289500826|-164213.9461478079|-164213.21462551423
443.6|1.0|0.88|0.0|-164080.6583071189|-164079.81327274512|-164078.98085082474|-164078.11059154433|-164077.25294471727
443.8|1.0|0.88|0.0|-164506.06704642647|-164505.1337248794|-164504.22562823893|-164503.26708178516|-164502.33376023805
444.0|1.0|0.88|0.0|-164553.47925105412|-164552.0666562801|-164550.6792864128|-164549.21624182546|-164547.7784221448
444.2|1.0|0.88|0.0|-164318.64798233134|-164317.7777230509|-164316.9326886772|-164316.0372044901|-164315.15433275636
444.4|1.0|0.88|0.0|-164119.29677367545|-164118.41390194173|-164117.53103020796|-164116.59770866088|-164115.6769995671
444.6|1.0|0.88|0.0|-164470.8700623309|-164470.07547777053|-164469.28089321015|-164468.44847128977|-164467.64127427604
444.8|1.0|0.88|0.0|-163965.40076985527|-163964.83320945504|-163964.30348641478|-163963.6980886545|-163963.10530334755
445.0|1.0|0.88|0.0|-163972.1610448451|-163971.4169100981|-163970.66016289772|-163969.86557833737|-163969.08360623033
445.2|1.0|0.88|0.0|-164618.69918486947|-164617.41271462888|-164616.1262443883|-164614.814549241|-164613.51546654705
445.4|1.0|0.88|0.0|-164345.82875687562|-164345.3116462887|-164344.80714815517|-164344.22697530154|-164343.67202735462
445.6|1.0|0.88|0.0|-164299.8990080044|-164298.6503751238|-164297.4269671499|-164296.1404969093|-164294.87925157536
445.8|1.0|0.88|0.0|-164498.65613282408|-164497.78587354365|-164496.9534516233|-164496.0579674362|-164495.16248324912
446.0|1.0|0.88|0.0|-164354.97506438376|-164354.14264246338|-164353.33544544966|-164352.4525737159|-164351.59492688885
446.2|1.0|0.88|0.0|-164486.4182633102|-164485.38404213637|-164484.34982096252|-164483.29037488205|-164482.2183163482
446.4|1.0|0.88|0.0|-164232.15120399167|-164231.34400697795|-164230.54942241756|-164229.72961295053|-164228.89719103015
446.6|1.0|0.88|0.0|-164419.34434401468|-164418.65065908103|-164417.98219905407|-164417.26328921373|-164416.5569918267
446.8|1.0|0.88|0.0|-164422.2812905747|-164421.17139468083|-164420.061498787|-164418.9011530798|-164417.77864473258
447.0|1.0|0.88|0.0|-164181.75873753292|-164181.19117713266|-164180.64884163905|-164180.01821897208|-164179.43804611848
447.2|1.0|0.88|0.0|-164456.27533282878|-164455.78344714854|-164455.34201128167|-164454.7996757881|-164454.30779010785
447.4|1.0|0.88|0.0|-164599.96360994352|-164598.9798385831|-164598.0212921293|-164597.01229586217|-164596.003299595
447.6|1.0|0.88|0.0|-164539.4909623858|-164539.0999763323|-164538.7216027321|-164538.2927793186|-164537.88918081173
447.8|1.0|0.88|0.0|-164631.24956415582|-164630.5306543155|-164629.8369693818|-164629.08022218148|-164628.3486998878
448.0|1.0|0.88|0.0|-164477.47853304414|-164476.25512507022|-164475.04432954965|-164473.7704717624|-164472.52183888183
448.2|1.0|0.88|0.0|-164341.11780059471|-164340.61330246116|-164340.10880432758|-164339.55385638063|-164339.03674579374
448.4|1.0|0.88|0.0|-164195.3422217725|-164194.4467375854|-164193.56386585167|-164192.63054430456|-164191.72244766416
448.6|1.0|0.88|0.0|-164168.84690590482|-164168.15322097117|-164167.45953603752|-164166.7154012905|-164166.0091039035
448.8|1.0|0.88|0.0|-163949.0759747148|-163948.13004071434|-163947.20933162057|-163946.22556026012|-163945.26701380635
449.0|1.0|0.88|0.0|-163949.6843761986|-163949.07897843834|-163948.4861931314|-163947.83034555774|-163947.1997228908
449.2|1.0|0.88|0.0|-163781.45552810773|-163780.534819014|-163779.6141099202|-163778.66817591977|-163777.7222419193
449.4|1.0|0.88|0.0|-164002.0252150879|-164001.14234335415|-164000.2594716204|-163999.33876252663|-163998.4180534329
449.6|1.0|0.88|0.0|-164103.4679078314|-164102.2823372175|-164101.09676660364|-164099.8607461764|-164098.63733820248
449.8|1.0|0.88|0.0|-164071.51195963367|-164071.38583510031|-164071.2723230202|-164071.09574867348|-164070.95701168675
450.0|1.0|0.88|0.0|-163836.36013264707|-163835.67906016673|-163834.98537523308|-163834.24124048607|-163833.5349430991
450.2|1.0|0.88|0.0|-163738.8454482273|-163738.6184240672|-163738.44184972046|-163738.18960065366|-163737.94996404022
450.4|1.0|0.88|0.0|-163821.59575458587|-163821.0534190923|-163820.5110835987|-163819.9309107451|-163819.37596279816
450.6|1.0|0.88|0.0|-164206.99827022685|-164206.4307098266|-164205.90098678632|-164205.3082014794|-164204.7280286258
450.8|1.0|0.88|0.0|-164175.434468778|-164174.51375968425|-164173.60566304385|-164172.63450413672|-164171.68857013626
451.0|1.0|0.88|0.0|-164245.43358481064|-164244.70206251697|-164243.98315267664|-164243.2011805696|-164242.45704582258
451.2|1.0|0.88|0.0|-164238.44612809582|-164238.042529589|-164237.66415598884|-164237.24794502862|-164236.81912161506
451.4|1.0|0.88|0.0|-164111.29998598323|-164110.80810030302|-164110.34143952947|-164109.82432894254|-164109.30721835565
451.6|1.0|0.88|0.0|-164273.94249632067|-164273.38754837372|-164272.85782533349|-164272.27765247988|-164271.69747962628
451.8|1.0|0.88|0.0|-164247.58246884172|-164246.49779785454|-164245.43835177406|-164244.3032309735|-164243.19333507968
452.0|1.0|0.88|0.0|-164507.7208116349|-164507.241538408|-164506.78749008782|-164506.2703795009|-164505.76588136732
452.2|1.0|0.88|0.0|-164516.6128515815|-164515.93177910117|-164515.25070662086|-164514.53179678053|-164513.8128869402
452.4|1.0|0.88|0.0|-164530.50413737228|-164529.88612715865|-164529.28072939836|-164528.59965691803|-164527.96903425106
452.6|1.0|0.88|0.0|-164510.33274412778|-164509.43725994072|-164508.55438820695|-164507.60845420652|-164506.6751326594
452.8|1.0|0.88|0.0|-164461.16940101155|-164460.07211757102|-164459.00005903718|-164457.86493823666|-164456.75504234282
453.0|1.0|0.88|0.0|-164389.4672113381|-164388.68523923107|-164387.92849203074|-164387.12129501704|-164386.31409800332
453.2|1.0|0.88|0.0|-164321.75094935988|-164321.06987687957|-164320.42664175926|-164319.7203443723|-164319.02665943862
453.4|1.0|0.88|0.0|-164205.9307903459|-164205.02269370548|-164204.15243442508|-164203.20650042465|-164202.27317887754
453.6|1.0|0.88|0.0|-164069.82771128078|-164069.34843805392|-164068.869164827|-164068.3520542401|-164067.84755610654
453.8|1.0|0.88|0.0|-164340.12065380276|-164339.32606924238|-164338.56932204202|-164337.73690012164|-164336.92970310792
454.0|1.0|0.88|0.0|-164405.3648749265|-164404.29281639264|-164403.22075785883|-164402.110861965|-164401.01357852446
454.2|1.0|0.88|0.0|-164320.43261414027|-164319.6128046732|-164318.8056076595|-164317.94796083242|-164317.09031400536
454.4|1.0|0.88|0.0|-164519.28276441095|-164518.85394099742|-164518.43773003723|-164517.97106926367|-164517.51702094346
454.6|1.0|0.88|0.0|-164453.79694391918|-164453.0906465322|-164452.40957405188|-164451.66543930487|-164450.9465294645
454.8|1.0|0.88|0.0|-164307.19728941735|-164306.8567531772|-164306.51621693705|-164306.12523088354|-164305.74685728335
455.0|1.0|0.88|0.0|-164562.44082243508|-164562.20118582164|-164562.01199902155|-164561.78497486142|-164561.53272579465
455.2|1.0|0.88|0.0|-164550.94712551785|-164550.56875191763|-164550.2282156775|-164549.82461717064|-164549.43363111714
455.4|1.0|0.88|0.0|-164464.95541865108|-164464.2491212641|-164463.56804878378|-164462.82391403677|-164462.0923917431
455.6|1.0|0.88|0.0|-164232.40700398266|-164231.62503187568|-164230.8682846753|-164230.04847520826|-164229.24127819453
455.8|1.0|0.88|0.0|-164394.7546891451|-164393.9096547714|-164393.07723285104|-164392.18174866395|-164391.31148938354
456.0|1.0|0.88|0.0|-164382.962045273|-164382.30619769936|-164381.6755750324|-164380.9692776454|-164380.28820516507
456.2|1.0|0.88|0.0|-164445.29278967538|-164444.460367755|-164443.65317074128|-164442.77029900756|-164441.92526463378
456.4|1.0|0.88|0.0|-164409.69194569738|-164408.78384905696|-164407.9009773232|-164406.9676557761|-164406.04694668236
456.6|1.0|0.88|0.0|-164292.66447982308|-164292.07169451614|-164291.49152166254|-164290.8608989956|-164290.2555012353
456.8|1.0|0.88|0.0|-164806.31210457327|-164805.36617057282|-164804.40762411905|-164803.41124030526|-164802.4274689448
457.0|1.0|0.88|0.0|-164297.49720707268|-164297.1566708325|-164296.84135949903|-164296.46298589886|-164296.10983720535
457.2|1.0|0.88|0.0|-164358.38762336393|-164357.80745051033|-164357.23989011007|-164356.62187989647|-164356.00386968284
457.4|1.0|0.88|0.0|-164206.11747419962|-164205.39856435932|-164204.65442961227|-164203.87245750526|-164203.09048539822
457.6|1.0|0.88|0.0|-164207.98310885578|-164207.76869714903|-164207.5668978956|-164207.3146488288|-164207.07501221535
457.8|1.0|0.88|0.0|-164130.07598457945|-164129.71022343263|-164129.35707473912|-164128.9282513256|-164128.54987772545
458.0|1.0|0.88|0.0|-164317.4748971161|-164316.71814991577|-164315.96140271542|-164315.128980795|-164314.3217837813
458.2|1.0|0.88|0.0|-164188.8804675566|-164187.83363392946|-164186.79941275564|-164185.7273542218|-164184.68052059467
458.4|1.0|0.88|0.0|-164246.95932033611|-164246.20257313576|-164245.47105084208|-164244.6764662817|-164243.90710662803
458.6|1.0|0.88|0.0|-164385.7883432324|-164385.00637112535|-164384.2243990183|-164383.39197709793|-164382.5847800842
458.8|1.0|0.88|0.0|-164517.2680039621|-164516.20855788162|-164515.1743367078|-164514.0770532673|-164512.99238228012
459.0|1.0|0.88|0.0|-164243.83582221606|-164243.16736218907|-164242.52412706878|-164241.8178296818|-164241.12414474814
459.2|1.0|0.88|0.0|-164250.57290026124|-164249.41255455403|-164248.23959639348|-164247.0540257796|-164245.84323025902
459.4|1.0|0.88|0.0|-164255.19314498472|-164254.04541173085|-164252.9102909303|-164251.72472031644|-164250.53914970256
459.6|1.0|0.88|0.0|-164310.51920105476|-164309.6489417744|-164308.81651985398|-164307.90842321358|-164307.02555147983
459.8|1.0|0.88|0.0|-164387.1933051341|-164386.65096964053|-164386.09602169358|-164385.50323638666|-164384.93567598637
460.0|1.0|0.88|0.0|-164310.57522061912|-164309.8310858721|-164309.11217603175|-164308.35542883142|-164307.58606917772
460.2|1.0|0.88|0.0|-164222.87071881766|-164222.36622068408|-164221.86172255053|-164221.30677460358|-164220.77705156335
460.4|1.0|0.88|0.0|-164080.32748527304|-164079.96172412622|-164079.62118788602|-164079.21758937917|-164078.85182823232
460.6|1.0|0.88|0.0|-164137.4139578351|-164136.8716223415|-164136.36712420796|-164135.78695135436|-164135.24461586075
460.8|1.0|0.88|0.0|-164258.5728940547|-164257.62696005427|-164256.68102605382|-164255.67202978669|-164254.68825842623
461.0|1.0|0.88|0.0|-164232.2002541224|-164231.3552197487|-164230.548022735|-164229.69037590793|-164228.8201166275
461.2|1.0|0.88|0.0|-164611.49117445163|-164611.20108802486|-164610.9362265047|-164610.60830271788|-164610.28037893106
461.4|1.0|0.88|0.0|-164522.88931836287|-164521.85509718908|-164520.8713258286|-164519.81187974813|-164518.76504612097
461.6|1.0|0.88|0.0|-164180.31191822735|-164179.39120913358|-164178.48311249315|-164177.52456603938|-164176.59124449227
461.8|1.0|0.88|0.0|-164349.64633339344|-164348.82652392637|-164348.01932691268|-164347.1616800856|-164346.3292581652
462.0|1.0|0.88|0.0|-164768.55076541402|-164767.46609442684|-164766.40664834637|-164765.27152754582|-164764.18685655866
462.2|1.0|0.88|0.0|-164585.87577606965|-164584.9929043359|-164584.13525750884|-164583.20193596173|-164582.29383932133
462.4|1.0|0.88|0.0|-164846.7185071611|-164846.0374346808|-164845.3563622005|-164844.6248399068|-164843.90593006648
462.6|1.0|0.88|0.0|-164468.2313949047|-164467.37374807763|-164466.52871370388|-164465.62061706348|-164464.73774532974
462.8|1.0|0.88|0.0|-164351.47727680852|-164350.6953047015|-164349.93855750115|-164349.13136048746|-164348.32416347374
463.0|1.0|0.88|0.0|-164171.68194113587|-164170.87474412218|-164170.06754710845|-164169.2099002814|-164168.377478361
463.2|1.0|0.88|0.0|-164044.25205985465|-164043.3944130276|-164042.54937865387|-164041.65389446678|-164040.77102273304
463.4|1.0|0.88|0.0|-164042.69970606058|-164041.7789969668|-164040.88351277972|-164039.93757877927|-164038.99164477884
463.6|1.0|0.88|0.0|-163957.2737814102|-163956.45397194315|-163955.6719998361|-163954.81435300905|-163953.994543542
463.8|1.0|0.88|0.0|-164184.2967649597|-164183.50218039934|-164182.7202082923|-164181.87517391858|-164181.05536445155
464.0|1.0|0.88|0.0|-164195.3578865382|-164194.7777136846|-164194.22276573765|-164193.6173679774|-164193.0119702171
464.2|1.0|0.88|0.0|-164196.91551505073|-164196.03264331698|-164195.20022139658|-164194.29212475618|-164193.40925302243
464.4|1.0|0.88|0.0|-164126.94018579405|-164125.88073971355|-164124.82129363305|-164123.7113977392|-164122.62672675203
464.6|1.0|0.88|0.0|-164008.7797475804|-164007.7455264066|-164006.72391768612|-164005.67708405896|-164004.61763797846
464.8|1.0|0.88|0.0|-164224.8916024396|-164224.13485523927|-164223.37810803892|-164222.5709110252|-164221.78893891818
465.0|1.0|0.88|0.0|-164116.298379189|-164115.01190894842|-164113.73805116114|-164112.41374356052|-164111.10204841325
465.2|1.0|0.88|0.0|-164160.57688002777|-164159.98409472083|-164159.4291467739|-164158.82374901362|-164158.23096370668
465.4|1.0|0.88|0.0|-164108.82722220858|-164107.66687650135|-164106.4813058875|-164105.2705103669|-164104.05971484637
465.6|1.0|0.88|0.0|-164320.2414530886|-164319.23245682145|-164318.24868546097|-164317.20185183382|-164316.18024311337
465.8|1.0|0.88|0.0|-164191.54219735955|-164190.9367995993|-164190.3566267457|-164189.72600407872|-164189.09538141175
466.0|1.0|0.88|0.0|-164056.10482679983|-164055.2850173328|-164054.4904327724|-164053.6453983987|-164052.80036402497
466.2|1.0|0.88|0.0|-164133.05340462236|-164132.30926987535|-164131.590360035|-164130.82100038134|-164130.0390282743
466.4|1.0|0.88|0.0|-164413.9958027533|-164413.31473027298|-164412.63365779267|-164411.90213549903|-164411.18322565866
466.6|1.0|0.88|0.0|-163727.20998818395|-163726.44062853025|-163725.67126887655|-163724.86407186283|-163724.06948730248
466.8|1.0|0.88|0.0|-163995.80468375492|-163995.0857739146|-163994.3794765276|-163993.59750442056|-163992.86598212688
467.0|1.0|0.88|0.0|-164095.84162466525|-164095.52631333176|-164095.22361445162|-164094.88307821145|-164094.52992951797
467.2|1.0|0.88|0.0|-164151.5229705118|-164150.74099840483|-164149.98425120444|-164149.1644417374|-164148.36985717702
467.4|1.0|0.88|0.0|-164167.0696232086|-164166.5146752617|-164165.97233976808|-164165.3795544611|-164164.81199406087
467.6|1.0|0.88|0.0|-164051.36896990595|-164050.76357214566|-164050.19601174537|-164049.54016417175|-164048.92215395812
467.8|1.0|0.88|0.0|-164052.86768332357|-164052.35057273664|-164051.8586870564|-164051.2785142028|-164050.76140361594
468.0|1.0|0.88|0.0|-164047.2555762132|-164046.33486711944|-164045.43938293235|-164044.4808364786|-164043.56012738482
468.2|1.0|0.88|0.0|-164247.59178505326|-164246.82242539956|-164246.05306574586|-164245.24586873216|-164244.43867171847
468.4|1.0|0.88|0.0|-164221.15366896044|-164220.53565874678|-164219.93026098653|-164219.27441341287|-164218.6437907459
468.6|1.0|0.88|0.0|-164186.5324845443|-164185.90186187733|-164185.3090765704|-164184.66584145007|-164184.00999387645
468.8|1.0|0.88|0.0|-163894.66036878203|-163893.96668384838|-163893.2603864614|-163892.5288641677|-163891.8099543274
469.0|1.0|0.88|0.0|-164481.6323631597|-164480.79994123933|-164479.9801317723|-164479.10987249188|-164478.25222566482
469.2|1.0|0.88|0.0|-164232.4481225369|-164231.98146176335|-164231.55263834982|-164231.04814021624|-164230.56886698937
469.4|1.0|0.88|0.0|-164527.5330739053|-164526.889838785|-164526.25921611802|-164525.56553118437|-164524.90968361075
469.6|1.0|0.88|0.0|-164230.14004252214|-164229.76166892194|-164229.38329532178|-164228.9670843616|-164228.5634858547
469.8|1.0|0.88|0.0|-164489.79127318933|-164489.148038069|-164488.5300278554|-164487.84895537508|-164487.19310780143
470.0|1.0|0.88|0.0|-164231.4630038956|-164230.59274461516|-164229.76032269478|-164228.877450961|-164227.9945792273
470.2|1.0|0.88|0.0|-164357.05946598348|-164356.27749387643|-164355.53335912942|-164354.7261621157|-164353.93157755534
470.4|1.0|0.88|0.0|-164511.44672891614|-164510.39989528898|-164509.3782865685|-164508.30622803466|-164507.24678195416
470.6|1.0|0.88|0.0|-164384.18707472348|-164383.66996413658|-164383.1906909097|-164382.63574296274|-164382.1312448292
470.8|1.0|0.88|0.0|-164081.86147928494|-164080.9786075512|-164080.12096072413|-164079.21286408373|-164078.31737989665
471.0|1.0|0.88|0.0|-164378.81541646447|-164378.15956889084|-164377.5289462239|-164376.82264883688|-164376.16680126326
471.2|1.0|0.88|0.0|-164289.02908247587|-164288.4993594356|-164287.96963639537|-164287.38946354177|-164286.80929068816
471.4|1.0|0.88|0.0|-164481.33113727707|-164480.9527636769|-164480.58700253005|-164480.1581791165|-164479.75458060968
471.6|1.0|0.88|0.0|-164232.68620477495|-164231.90423266793|-164231.1474854676|-164230.34028845388|-164229.5457038935
471.8|1.0|0.88|0.0|-164178.80893701912|-164178.60713776568|-164178.43056341895|-164178.17831435215|-164177.95129019205
472.0|1.0|0.88|0.0|-164347.604022041|-164346.897724654|-164346.20403972032|-164345.43468006665|-164344.70315777298
472.2|1.0|0.88|0.0|-164297.16539253027|-164296.37080796988|-164295.62667322287|-164294.80686375583|-164294.0248916488
472.4|1.0|0.88|0.0|-164290.53434439347|-164289.5757979397|-164288.6677012993|-164287.68392993882|-164286.72538348506
472.6|1.0|0.88|0.0|-164056.8668962776|-164055.94618718384|-164055.05070299676|-164054.092156543|-164053.15883499588
472.8|1.0|0.88|0.0|-164031.75694010648|-164031.03803026612|-164030.34434533247|-164029.58759813212|-164028.8434633851
473.0|1.0|0.88|0.0|-164090.61834686258|-164089.76070003552|-164088.92827811514|-164088.0201814747|-164087.13730974097
473.2|1.0|0.88|0.0|-164075.06313710092|-164074.5334140607|-164074.00369102045|-164073.43613062016|-164072.86857021993
473.4|1.0|0.88|0.0|-164308.87279710325|-164308.39352387635|-164307.93947555614|-164307.4223649692|-164306.930479289
473.6|1.0|0.88|0.0|-164380.73882410844|-164380.0829765348|-164379.45235386785|-164378.7712813875|-164378.1154338139
473.8|1.0|0.88|0.0|-164623.99675792042|-164623.65622168028|-164623.31568544012|-164622.93731183992|-164622.55893823976
474.0|1.0|0.88|0.0|-164469.75946702214|-164469.1540692619|-164468.5486715016|-164467.88021147464|-164467.24958880767
474.2|1.0|0.88|0.0|-164323.69660684076|-164322.6749981203|-164321.6533893998|-164320.5939433193|-164319.5597221455
474.4|1.0|0.88|0.0|-164303.4913636021|-164302.79767866846|-164302.1292186415|-164301.38508389448|-164300.69139896083
474.6|1.0|0.88|0.0|-164337.15400156446|-164335.8675313239|-164334.60628598995|-164333.269365936|-164331.95767078875
474.8|1.0|0.88|0.0|-164255.55523934777|-164254.64714270734|-164253.7390460669|-164252.78049961317|-164251.84717806603
475.0|1.0|0.88|0.0|-164196.58098409555|-164195.8872991619|-164195.23145158828|-164194.4999292946|-164193.79363190758
475.2|1.0|0.88|0.0|-164486.35618113747|-164485.96519508396|-164485.59943393714|-164485.18322297692|-164484.7922369234
475.4|1.0|0.88|0.0|-164521.43141387386|-164520.91430328693|-164520.40980515335|-164519.85485720643|-164519.31252171285
475.6|1.0|0.88|0.0|-164450.06315373437|-164449.19289445397|-164448.34786008025|-164447.43976343982|-164446.55689170607
475.8|1.0|0.88|0.0|-164818.24589161266|-164817.52698177233|-164816.82068438534|-164816.08916209167|-164815.357639798
476.0|1.0|0.88|0.0|-164532.55528342768|-164531.823761134|-164531.11746374698|-164530.33549163997|-164529.5787444396
476.2|1.0|0.88|0.0|-164449.10628784035|-164448.31170328|-164447.52973117295|-164446.69730925257|-164445.87749978554
476.4|1.0|0.88|0.0|-164474.747405479|-164474.25551979875|-164473.77624657188|-164473.23391107828|-164472.704188038
476.6|1.0|0.88|0.0|-164260.0960347343|-164259.23838790727|-164258.4059659869|-164257.52309425312|-164256.66544742606
476.8|1.0|0.88|0.0|-164369.62257953204|-164368.7397077983|-164367.89467342457|-164366.9739643308|-164366.09109259705
477.0|1.0|0.88|0.0|-164360.34211084456|-164359.3961768441|-164358.4880802037|-164357.50430884323|-164356.5331499361
477.2|1.0|0.88|0.0|-164053.23889983093|-164052.15422884375|-164051.09478276328|-164049.98488686944|-164048.87499097557
477.4|1.0|0.88|0.0|-164293.96473148078|-164292.8422231336|-164291.75755214642|-164290.60981889252|-164289.474698092
477.6|1.0|0.88|0.0|-164210.14236658838|-164209.65048090814|-164209.17120768124|-164208.641484641|-164208.11176160074
477.8|1.0|0.88|0.0|-164323.7477692874|-164323.07930926044|-164322.43607414013|-164321.74238920645|-164321.0487042728
478.0|1.0|0.88|0.0|-164180.1297631138|-164179.44869063346|-164178.75500569982|-164178.01087095283|-164177.3045735658
478.2|1.0|0.88|0.0|-164171.6847473695|-164171.10457451586|-164170.51178920892|-164169.8937789953|-164169.26315632832
478.4|1.0|0.88|0.0|-164279.36987397965|-164278.78970112605|-164278.2347531791|-164277.62935541885|-164277.04918256524
478.6|1.0|0.88|0.0|-164189.2203587523|-164188.65279835204|-164188.11046285846|-164187.5176775515|-164186.92489224454
478.8|1.0|0.88|0.0|-164182.29714023054|-164181.75480473696|-164181.23769415004|-164180.65752129644|-164180.08996089618
479.0|1.0|0.88|0.0|-164102.8867712408|-164102.5336225473|-164102.2056987605|-164101.82732516032|-164101.4489515601
479.2|1.0|0.88|0.0|-164159.40365210114|-164158.59645508742|-164157.80187052704|-164156.95683615332|-164156.1118017796
479.4|1.0|0.88|0.0|-164342.63664450808|-164341.2366621874|-164339.83667986677|-164338.38624773276|-164336.96104050544
479.6|1.0|0.88|0.0|-164323.80644503632|-164322.9614106626|-164322.12898874222|-164321.23350455513|-164320.3632452747
479.8|1.0|0.88|0.0|-164341.13576382765|-164340.16460492052|-164339.1934460134|-164338.17183729293|-164337.1754534791
480.0|1.0|0.88|0.0|-164343.46115220056|-164342.88097934696|-164342.30080649335|-164341.69540873304|-164341.09001097278
480.2|1.0|0.88|0.0|-164204.9509062429|-164204.4968579227|-164204.05542205583|-164203.56353637562|-164203.0842631487
480.4|1.0|0.88|0.0|-164025.96687296493|-164024.84436461772|-164023.72185627054|-164022.56151056333|-164021.40116485613
480.6|1.0|0.88|0.0|-164290.37053815232|-164289.62640340533|-164288.92010601834|-164288.1381339113|-164287.38138671097
480.8|1.0|0.88|0.0|-164170.48095084817|-164170.00167762127|-164169.5224043944|-164169.00529380748|-164168.51340812727
481.0|1.0|0.88|0.0|-164257.2458027182|-164256.85481666468|-164256.48905551786|-164256.06023210433|-164255.6440211441
481.2|1.0|0.88|0.0|-164151.3532679771|-164151.3532679771|-164151.3532679771|-164151.3028181637|-164151.2523683504
481.4|1.0|0.88|0.0|-164238.15793443663|-164237.3507374229|-164236.5687653159|-164235.7363433955|-164234.91653392845
481.6|1.0|0.88|0.0|-164452.83703355608|-164452.1685735291|-164451.53795086217|-164450.83165347515|-164450.15058099484
481.8|1.0|0.88|0.0|-164523.32460845105|-164522.5678612507|-164521.82372650367|-164521.01652948998|-164520.2219449296
482.0|1.0|0.88|0.0|-164171.41193538034|-164170.84437498008|-164170.27681457982|-164169.64619191285|-164169.0534066059
482.2|1.0|0.88|0.0|-164385.83193845296|-164385.42833994608|-164385.04996634592|-164384.6211429324|-164384.2049319722
482.4|1.0|0.88|0.0|-164385.60368286504|-164384.7208111313|-164383.86316430423|-164382.92984275715|-164382.02174611672
482.6|1.0|0.88|0.0|-164462.009925194|-164461.22795308696|-164460.44598097992|-164459.62617151288|-164458.80636204584
482.8|1.0|0.88|0.0|-164372.54048189343|-164371.48103581293|-164370.44681463912|-164369.36214365196|-164368.30269757146
483.0|1.0|0.88|0.0|-164137.84848366966|-164137.21786100272|-164136.61246324243|-164135.95661566878|-164135.3133805485
483.2|1.0|0.88|0.0|-164646.7301751596|-164645.91036569257|-164645.11578113222|-164644.27074675847|-164643.42571238475
483.4|1.0|0.88|0.0|-164435.28239492772|-164434.60132244742|-164433.9454748738|-164433.1887276734|-164432.49504273976
483.6|1.0|0.88|0.0|-164389.83972554654|-164389.17126551957|-164388.5406428526|-164387.8343454656|-164387.17849789196
483.8|1.0|0.88|0.0|-164148.05343376586|-164147.75073488575|-164147.44803600555|-164147.0948873121|-164146.75435107193
484.0|1.0|0.88|0.0|-164004.04444153875|-164003.77958001863|-164003.52733095185|-164003.21201961837|-164002.93454564488
484.2|1.0|0.88|0.0|-163738.2874372282|-163737.6442021079|-163737.02619189429|-163736.35773186732|-163735.70188429367
484.4|1.0|0.88|0.0|-164074.58865222326|-164073.49136878276|-164072.4193102489|-164071.2841894484|-164070.18690600788
484.6|1.0|0.88|0.0|-164038.43169334985|-164037.58665897613|-164036.7794619624|-164035.92181513534|-164035.07678076162
484.8|1.0|0.88|0.0|-164072.85107851255|-164071.9934316855|-164071.13578485843|-164070.22768821797|-164069.34481648426
485.0|1.0|0.88|0.0|-164521.19856981485|-164520.58055960122|-164519.96254938762|-164519.30670181397|-164518.676079147
485.2|1.0|0.88|0.0|-164529.9985906205|-164529.1913936068|-164528.38419659308|-164527.5517746727|-164526.70674029898
485.4|1.0|0.88|0.0|-164403.38217154815|-164402.57497453445|-164401.78038997407|-164400.93535560035|-164400.10293367997
485.6|1.0|0.88|0.0|-164330.92887455705|-164330.43698887684|-164329.95771564994|-164329.4279926097|-164328.92349447613
485.8|1.0|0.88|0.0|-164274.41247114405|-164273.58004922367|-164272.77285220995|-164271.90259292955|-164271.05755855585
486.0|1.0|0.88|0.0|-164329.32729868754|-164328.6336137539|-164327.95254127355|-164327.22101897988|-164326.4894966862
486.2|1.0|0.88|0.0|-164357.36538048869|-164356.48250875494|-164355.63747438122|-164354.7041528341|-164353.8212811004
486.4|1.0|0.88|0.0|-163919.41830246913|-163918.48498092202|-163917.5516593749|-163916.59311292114|-163915.60934156066
486.6|1.0|0.88|0.0|-164166.52516393663|-164165.84409145633|-164165.18824388267|-164164.4819464957|-164163.7756491087
486.8|1.0|0.88|0.0|-164143.94887245944|-164143.5452739526|-164143.1542878991|-164142.73807693887|-164142.29664107203
487.0|1.0|0.88|0.0|-164603.06753087856|-164602.1215968781|-164601.17566287768|-164600.1918915172|-164599.2207326101
487.2|1.0|0.88|0.0|-164392.69611862447|-164392.0907208642|-164391.52316046393|-164390.89253779696|-164390.27452758336
487.4|1.0|0.88|0.0|-164242.99308980527|-164242.2615675116|-164241.5552701246|-164240.7859104709|-164240.05438817723
487.6|1.0|0.88|0.0|-164239.9439001627|-164239.55291410917|-164239.174540509|-164238.7583295488|-164238.32950613528
487.8|1.0|0.88|0.0|-164118.8767519026|-164118.3848662224|-164117.9055929955|-164117.35064504857|-164116.83353446165
488.0|1.0|0.88|0.0|-164372.74021271427|-164371.75644135382|-164370.77266999337|-164369.73844881952|-164368.71684009908
488.2|1.0|0.88|0.0|-164323.40244656985|-164323.23848467643|-164323.09974768973|-164322.91056088964|-164322.73398654288
488.4|1.0|0.88|0.0|-164242.76251943732|-164242.2075714904|-164241.6904609035|-164241.1102880499|-164240.54272764962
488.6|1.0|0.88|0.0|-164370.37532232347|-164370.06001098998|-164369.7446996565|-164369.3789385097|-164369.03840226954
488.8|1.0|0.88|0.0|-164352.55308360566|-164352.2377722722|-164351.93507339203|-164351.58192469855|-164351.24138845838
489.0|1.0|0.88|0.0|-164056.96495455268|-164056.3217194324|-164055.69109676543|-164054.99741183178|-164054.34156425812
489.2|1.0|0.88|0.0|-164008.88391191437|-164008.24067679408|-164007.62266658046|-164006.91636919347|-164006.2479091665
489.4|1.0|0.88|0.0|-164294.15238154068|-164293.57220868708|-164293.00464828682|-164292.3866380732|-164291.8064652196
489.6|1.0|0.88|0.0|-164563.32761094513|-164562.8987875316|-164562.5204139314|-164562.07897806453|-164561.63754219768
489.8|1.0|0.88|0.0|-164283.2050222812|-164282.42305017417|-164281.66630297384|-164280.85910596015|-164280.0519089464
490.0|1.0|0.88|0.0|-164383.71787298986|-164383.2512122163|-164382.82238880277|-164382.3178906692|-164381.85122989563
490.2|1.0|0.88|0.0|-164114.83596453452|-164114.0035426141|-164113.18373314705|-164112.31347386667|-164111.46843949295
490.4|1.0|0.88|0.0|-164173.4712601085|-164172.03344042783|-164170.6082332005|-164169.1578010665|-164167.70736893246
490.6|1.0|0.88|0.0|-164141.93006093826|-164140.95890203113|-164140.00035557733|-164138.9661344035|-164137.96975058972
490.8|1.0|0.88|0.0|-164030.9404715532|-164029.96931264605|-164029.03599109894|-164028.05221973849|-164027.06844837804
491.0|1.0|0.88|0.0|-163918.7629335965|-163917.7917746894|-163916.85845314228|-163915.8620693285|-163914.89091042138
491.2|1.0|0.88|0.0|-163907.7648742847|-163907.05857689772|-163906.39011687075|-163905.65859457705|-163904.92707228338
491.4|1.0|0.88|0.0|-164176.93985345017|-164176.1074315298|-164175.30023451606|-164174.442587689|-164173.62277822196
491.6|1.0|0.88|0.0|-164029.6390109015|-164028.61740218106|-164027.62101836727|-164026.5741847401|-164025.51473865958
491.8|1.0|0.88|0.0|-164040.13273871565|-164039.1237424485|-164038.17780844803|-164037.1561997276|-164036.14720346045
492.0|1.0|0.88|0.0|-164081.70164485625|-164080.83138557588|-164079.9863512021|-164079.0782545617|-164078.19538282795
492.2|1.0|0.88|0.0|-164066.14908946402|-164065.37972981032|-164064.6103701566|-164063.8031731429|-164062.9959761292
492.4|1.0|0.88|0.0|-164230.785310071|-164230.06640023066|-164229.372715297|-164228.62858055|-164227.88444580298
492.6|1.0|0.88|0.0|-164274.55052315808|-164273.8190008644|-164273.11270347738|-164272.3433438237|-164271.58659662333
492.8|1.0|0.88|0.0|-164279.02728233242|-164278.52278419884|-164278.04351097194|-164277.5137879317|-164276.98406489144
493.0|1.0|0.88|0.0|-164321.87304407207|-164321.02800969835|-164320.22081268465|-164319.35055340425|-164318.4929065772
493.2|1.0|0.88|0.0|-164187.47259498088|-164186.60233570045|-164185.7446888734|-164184.83659223298|-164183.9411080459
493.4|1.0|0.88|0.0|-164240.51885245915|-164240.00174187226|-164239.52246864536|-164238.99274560512|-164238.46302256486
493.6|1.0|0.88|0.0|-164386.80324694325|-164385.95821256953|-164385.10056574247|-164384.20508155538|-164383.33482227498
493.8|1.0|0.88|0.0|-164037.73707724494|-164036.91726777787|-164036.11007076417|-164035.2524239371|-164034.4073895634
494.0|1.0|0.88|0.0|-164378.4498917504|-164377.6679196434|-164376.88594753636|-164376.05352561595|-164375.24632860225
494.2|1.0|0.88|0.0|-164386.01751342556|-164385.39950321193|-164384.80671790498|-164384.15087033136|-164383.5202476644
494.4|1.0|0.88|0.0|-164450.05434133607|-164449.37326885576|-164448.71742128214|-164448.01112389512|-164447.3300514148
494.6|1.0|0.88|0.0|-164219.30575012878|-164218.2463040483|-164217.2120828745|-164216.11479943397|-164215.03012844682
494.8|1.0|0.88|0.0|-164060.50235013478|-164059.80866520113|-164059.12759272082|-164058.39607042714|-164057.68977304013
495.0|1.0|0.88|0.0|-164174.3390065181|-164174.14981971803|-164173.98585782462|-164173.74622121116|-164173.54442195772
495.2|1.0|0.88|0.0|-163879.58351619216|-163878.67541955173|-163877.79254781798|-163876.83400136422|-163875.91329227044
495.4|1.0|0.88|0.0|-164149.2730562649|-164148.55414642458|-164147.8352365842|-164147.05326447723|-164146.3091297302
495.6|1.0|0.88|0.0|-164324.4980556882|-164323.61518395445|-164322.77014958073|-164321.8620529403|-164320.97918120655
495.8|1.0|0.88|0.0|-164270.5924301164|-164269.98703235612|-164269.40685950252|-164268.7636243822|-164268.13300171526
496.0|1.0|0.88|0.0|-164523.98742078486|-164523.45769774463|-164522.92797470436|-164522.34780185076|-164521.7802414505
496.2|1.0|0.88|0.0|-164266.1866855712|-164265.1903017574|-164264.20653039694|-164263.17230922313|-164262.15070050265
496.4|1.0|0.88|0.0|-164482.7479932122|-164482.49574414545|-164482.24349507864|-164481.92818374516|-164481.63809731835
496.6|1.0|0.88|0.0|-164344.96376667565|-164344.1439572086|-164343.36198510157|-164342.49172582116|-164341.67191635413
496.8|1.0|0.88|0.0|-164323.51583395075|-164322.99872336382|-164322.5320625903|-164321.96450219|-164321.43477914977
497.0|1.0|0.88|0.0|-164308.99145275043|-164308.60046669692|-164308.2347055501|-164307.81849458988|-164307.41489608304
497.2|1.0|0.88|0.0|-164506.7294962026|-164505.7331123888|-164504.77456593505|-164503.76556966788|-164502.76918585406
497.4|1.0|0.88|0.0|-164643.52665859275|-164642.82036120578|-164642.11406381882|-164641.35731661844|-164640.62579432476
497.6|1.0|0.88|0.0|-164596.7746100807|-164596.3205617605|-164595.8665134403|-164595.37462776006|-164594.88274207982
497.8|1.0|0.88|0.0|-164675.36280683734|-164674.88353361047|-164674.4168728369|-164673.91237470333|-164673.39526411644
498.0|1.0|0.88|0.0|-164335.11371850452|-164334.57138301097|-164334.06688487736|-164333.51193693044|-164332.96960143684
498.2|1.0|0.88|0.0|-164042.61754933794|-164042.13827611104|-164041.6716153375|-164041.1545047506|-164040.66261907035
498.4|1.0|0.88|0.0|-163917.105466644|-163916.7018681371|-163916.32349453695|-163915.89467112342|-163915.49107261657
498.6|1.0|0.88|0.0|-164263.26533066394|-164262.69777026365|-164262.14282231673|-164261.56264946313|-164260.99508906287
498.8|1.0|0.88|0.0|-164392.27854724|-164391.83711137314|-164391.4082879596|-164390.90378982603|-164390.44974150584
499.0|1.0|0.88|0.0|-164332.48369630487|-164332.05487289134|-164331.66388683784|-164331.22245097096|-164330.76840265075
499.2|1.0|0.88|0.0|-164496.9880899758|-164496.71061600235|-164496.42052957558|-164496.1052182421|-164495.7899069086
499.4|1.0|0.88|0.0|-164326.04012983464|-164325.59869396777|-164325.19509546092|-164324.72843468736|-164324.27438636718
499.6|1.0|0.88|0.0|-164581.91499597987|-164581.32221067292|-164580.74203781932|-164580.11141515238|-164579.49340493875
499.8|1.0|0.88|0.0|-164427.5598115053|-164426.72738958494|-164425.92019257124|-164425.03732083747|-164424.1796740104
500.0|1.0|0.88|0.0|-164351.2107053416|-164350.3026087012|-164349.39451206074|-164348.43596560697|-164347.49003160652
500.2|1.0|0.88|0.0|-164625.81842424194|-164624.7085283481|-164623.59863245426|-164622.4635116537|-164621.34100330653
500.4|1.0|0.88|0.0|-164681.07164785216|-164680.37796291852|-164679.6968904382|-164678.96536814453|-164678.24645830417
500.6|1.0|0.88|0.0|-164712.75076880335|-164712.17059594975|-164711.6156480028|-164711.01025024254|-164710.40485248223
500.8|1.0|0.88|0.0|-164607.61859208485|-164606.508696191|-164605.39880029715|-164604.23845458997|-164603.10333378942
501.0|1.0|0.88|0.0|-164427.69779509652|-164427.11762224292|-164426.562674296|-164425.94466408237|-164425.3392663221
501.2|1.0|0.88|0.0|-164345.5185443422|-164345.34196999544|-164345.16539564868|-164344.97620884862|-164344.78702204852
501.4|1.0|0.88|0.0|-164346.55884475837|-164345.86515982472|-164345.1840873444|-164344.42734014403|-164343.7084303037
501.6|1.0|0.88|0.0|-164476.39143943222|-164475.89955375198|-164475.4202805251|-164474.9031699382|-164474.3860593513
501.8|1.0|0.88|0.0|-164296.55601992918|-164295.6983731021|-164294.8659511817|-164293.98307944796|-164293.11282016756
502.0|1.0|0.88|0.0|-164579.21371171423|-164578.29300262048|-164577.3975184334|-164576.43897197963|-164575.48042552584
502.2|1.0|0.88|0.0|-164341.543489112|-164340.71106719162|-164339.92909508458|-164339.05883580417|-164338.23902633713
502.4|1.0|0.88|0.0|-164540.95900323908|-164540.32838057214|-164539.72298281183|-164539.05452278486|-164538.39867521124
502.6|1.0|0.88|0.0|-164378.31161042792|-164377.97107418778|-164377.64315040092|-164377.26477680076|-164376.8990156539
502.8|1.0|0.88|0.0|-164734.27434760443|-164732.98787736386|-164731.72663202992|-164730.38971197596|-164729.09062928203
503.0|1.0|0.88|0.0|-164513.85869300825|-164513.17762052795|-164512.5217729543|-164511.80286311396|-164511.1091781803
503.2|1.0|0.88|0.0|-164621.68667562932|-164620.95515333564|-164620.223631042|-164619.4542713883|-164618.71013664128
503.4|1.0|0.88|0.0|-164464.32984685927|-164463.74967400567|-164463.19472605875|-164462.58932829846|-164461.99654299152
503.6|1.0|0.88|0.0|-164352.70963480728|-164352.02856232694|-164351.34748984664|-164350.62858000628|-164349.90967016594
503.8|1.0|0.88|0.0|-164325.34733214075|-164324.56536003374|-164323.8338377401|-164323.014028273|-164322.21944371265
504.0|1.0|0.88|0.0|-164319.8718480121|-164318.85023929164|-164317.8412430245|-164316.781796944|-164315.73496331685
504.2|1.0|0.88|0.0|-164131.64107475462|-164131.22486379443|-164130.79604038087|-164130.34199206065|-164129.90055619378
504.4|1.0|0.88|0.0|-164089.16021204664|-164088.56742673967|-164088.01247879275|-164087.40708103246|-164086.81429572552
504.6|1.0|0.88|0.0|-163888.66555171175|-163888.2115033915|-163887.80790488468|-163887.31601920445|-163886.86197088423
504.8|1.0|0.88|0.0|-163888.79128924297|-163887.93364241594|-163887.07599558888|-163886.19312385513|-163885.31025212136
505.0|1.0|0.88|0.0|-163771.78555961512|-163771.0666497748|-163770.37296484114|-163769.62883009412|-163768.89730780045
505.2|1.0|0.88|0.0|-163900.43141117462|-163899.813400961|-163899.1953907474|-163898.5269307204|-163897.88369560012
505.4|1.0|0.88|0.0|-164077.69832475294|-164076.5001416857|-164075.32718352517|-164074.10377555125|-164072.867755124
505.6|1.0|0.88|0.0|-163869.80846325753|-163868.87514171045|-163867.94182016334|-163866.9328238962|-163865.9742774424
505.8|1.0|0.88|0.0|-163881.36147051625|-163880.70562294262|-163880.07500027565|-163879.35609043532|-163878.675017955
506.0|1.0|0.88|0.0|-163919.73999606757|-163919.23549793402|-163918.7562247071|-163918.2138892135|-163917.69677862662
506.2|1.0|0.88|0.0|-163935.01969979677|-163934.3386273165|-163933.68277974284|-163932.9890948092|-163932.29540987554
506.4|1.0|0.88|0.0|-163985.8242334698|-163984.79001229597|-163983.78101602884|-163982.72156994836|-163981.6747363212
506.6|1.0|0.88|0.0|-163909.0611284398|-163908.21609406607|-163907.38367214566|-163906.50080041192|-163905.64315358485
506.8|1.0|0.88|0.0|-163961.45325961086|-163960.28030145032|-163959.1199557431|-163957.90916022257|-163956.698364702
507.0|1.0|0.88|0.0|-164308.44635108163|-164307.62654161456|-164306.80673214752|-164305.94908532046|-164305.09143849337
507.2|1.0|0.88|0.0|-163808.98058639548|-163808.3121263685|-163807.6688912482|-163806.97520631456|-163806.2815213809
507.4|1.0|0.88|0.0|-164147.8350396653|-164146.87649321154|-164145.90533430444|-164144.90895049064|-164143.91256667685
507.6|1.0|0.88|0.0|-164214.10776734678|-164213.38885750642|-164212.68256011946|-164211.92581291907|-164211.1942906254
507.8|1.0|0.88|0.0|-164155.19367277433|-164154.62611237404|-164154.07116442712|-164153.46576666684|-164152.8729813599
508.0|1.0|0.88|0.0|-164461.14656587693|-164460.78080473008|-164460.40243112989|-164459.98622016973|-164459.5952341162
508.2|1.0|0.88|0.0|-164098.85384370803|-164097.84484744092|-164096.88630098713|-164095.8520798133|-164094.84308354618
508.4|1.0|0.88|0.0|-164327.98637171023|-164327.01521280312|-164326.06927880266|-164325.0476700822|-164324.0512862684
508.6|1.0|0.88|0.0|-164289.55700561305|-164288.3714349992|-164287.211089292|-164285.98768131807|-164284.7768857975
508.8|1.0|0.88|0.0|-164346.13911532343|-164345.43281793647|-164344.75174545613|-164344.0328356158|-164343.31392577547
509.0|1.0|0.88|0.0|-164525.65948493508|-164525.01624981477|-164524.39823960117|-164523.7045546675|-164523.06131954718
509.2|1.0|0.88|0.0|-164434.05763331734|-164433.2504363036|-164432.46846419657|-164431.63604227622|-164430.8036203558
509.4|1.0|0.88|0.0|-164458.5257927954|-164457.49157162156|-164456.45735044777|-164455.3726794606|-164454.31323338012
509.6|1.0|0.88|0.0|-164220.19348885375|-164219.05836805323|-164217.93585970605|-164216.76290154547|-164215.60255583827
509.8|1.0|0.88|0.0|-164695.20370651514|-164694.43434686147|-164693.66498720777|-164692.87040264742|-164692.0632056337
510.0|1.0|0.88|0.0|-164487.63444199707|-164486.8020200767|-164485.96959815628|-164485.11195132922|-164484.25430450216
510.2|1.0|0.88|0.0|-164328.011232536|-164326.77521210877|-164325.5644165882|-164324.29055880097|-164323.0545383737
510.4|1.0|0.88|0.0|-164433.11502126075|-164432.42133632707|-164431.72765139342|-164431.02135400643|-164430.30244416607
510.6|1.0|0.88|0.0|-164508.06494039996|-164507.1820686662|-164506.3496467458|-164505.46677501206|-164504.58390327834
510.8|1.0|0.88|0.0|-164648.20279754786|-164647.3199258141|-164646.4118291737|-164645.4785076266|-164644.55779853286
511.0|1.0|0.88|0.0|-164549.24214596837|-164548.18269988787|-164547.14847871405|-164546.06380772687|-164545.0043616464
511.2|1.0|0.88|0.0|-164469.01955468868|-164468.01055842155|-164467.05201196775|-164466.00517834062|-164464.98356962012
511.4|1.0|0.88|0.0|-164441.50334972166|-164440.40606628117|-164439.30878284064|-164438.16104958678|-164437.0385412396
511.6|1.0|0.88|0.0|-164554.8388554278|-164553.95598369406|-164553.11094932034|-164552.20285267994|-164551.30736849285
511.8|1.0|0.88|0.0|-164747.48146773095|-164746.90129487737|-164746.3463469304|-164745.74094917014|-164745.16077631654
512.0|1.0|0.88|0.0|-164650.44498003606|-164649.6503954757|-164648.85581091532|-164648.02338899494|-164647.2035795279
512.2|1.0|0.88|0.0|-164499.82534941516|-164498.84157805468|-164497.85780669423|-164496.83619797375|-164495.83981415996
512.4|1.0|0.88|0.0|-164230.01974758273|-164229.1116509423|-164228.22877920856|-164227.29545766144|-164226.34952366102
512.6|1.0|0.88|0.0|-164248.34564228458|-164247.6141199909|-164246.9330475106|-164246.15107540358|-164245.4195531099
512.8|1.0|0.88|0.0|-164369.2230029426|-164368.73111726236|-164368.27706894214|-164367.7473459019|-164367.24284776836
513.0|1.0|0.88|0.0|-164496.5339346631|-164495.96637426285|-164495.38620140924|-164494.780803649|-164494.17540588867
513.2|1.0|0.88|0.0|-164250.50883509894|-164250.04217432538|-164249.57551355186|-164249.08362787162|-164248.5917421914
513.4|1.0|0.88|0.0|-164319.96644981738|-164319.08357808364|-164318.2007063499|-164317.26738480278|-164316.37190061572
513.6|1.0|0.88|0.0|-164439.67124445984|-164438.9775595262|-164438.32171195254|-164437.57757720552|-164436.8586673652
513.8|1.0|0.88|0.0|-164528.38271794523|-164527.44939639815|-164526.56652466438|-164525.63320311732|-164524.6746566635
514.0|1.0|0.88|0.0|-164613.94728427997|-164613.26621179964|-164612.62297667933|-164611.92929174568|-164611.26083171868
514.2|1.0|0.88|0.0|-164341.37955516623|-164341.17775591282|-164340.9885691127|-164340.7615449526|-164340.52190833914
514.4|1.0|0.88|0.0|-164429.57065371316|-164428.68778197945|-164427.81752269904|-164426.89681360524|-164426.00132941818
514.6|1.0|0.88|0.0|-164542.7483411319|-164541.6636701447|-164540.5916116109|-164539.45649081035|-164538.32137000983
514.8|1.0|0.88|0.0|-164437.82534180296|-164436.96769497593|-164436.11004814887|-164435.22717641512|-164434.34430468135
515.0|1.0|0.88|0.0|-164472.99200819922|-164472.23526099886|-164471.47851379853|-164470.6713167848|-164469.88934467777
515.2|1.0|0.88|0.0|-164568.4900772511|-164567.6828802374|-164566.9135205837|-164566.06848621|-164565.23606428958
515.4|1.0|0.88|0.0|-164606.68386177436|-164605.87666476067|-164605.09469265363|-164604.26227073325|-164603.45507371955
515.6|1.0|0.88|0.0|-164627.19171090392|-164626.35928898357|-164625.52686706316|-164624.66922023607|-164623.81157340904
515.8|1.0|0.88|0.0|-164292.24950520208|-164291.41708328167|-164290.60988626795|-164289.7522394409|-164288.9198175205
516.0|1.0|0.88|0.0|-164600.86062286317|-164600.38134963627|-164599.9020764094|-164599.37235336914|-164598.86785523556
516.2|1.0|0.88|0.0|-164665.68863302673|-164665.41115905327|-164665.13368507978|-164664.80576129296|-164664.5030624128
516.4|1.0|0.88|0.0|-164591.1763652797|-164590.5961924261|-164590.0412444792|-164589.4358467189|-164588.84306141196
516.6|1.0|0.88|0.0|-164484.5983244881|-164483.81635238108|-164483.07221763406|-164482.26502062034|-164481.4830485133
516.8|1.0|0.88|0.0|-164445.6378849796|-164444.98203740598|-164444.36402719232|-164443.67034225867|-164443.01449468505
517.0|1.0|0.88|0.0|-164544.13195592302|-164543.57700797607|-164543.04728493583|-164542.44188717552|-164541.86171432192
517.2|1.0|0.88|0.0|-164217.0532034772|-164216.61176761033|-164216.1829441968|-164215.7036709699|-164215.224397743
517.4|1.0|0.88|0.0|-164379.08539152608|-164378.17729488562|-164377.30703560525|-164376.3611016048|-164375.4530049644
517.6|1.0|0.88|0.0|-164031.65013939078|-164031.0069042705|-164030.4015065102|-164029.7456589366|-164029.0898113629
517.8|1.0|0.88|0.0|-163975.05806125776|-163973.96077781724|-163972.8634943767|-163971.7031486695|-163970.58064032233
518.0|1.0|0.88|0.0|-163881.3287324891|-163880.37018603535|-163879.41163958158|-163878.40264331445|-163877.41887195397
518.2|1.0|0.88|0.0|-164098.6777898698|-164098.52644042973|-164098.40031589635|-164098.22374154962|-164098.04716720284
518.4|1.0|0.88|0.0|-164017.40529895198|-164016.79990119173|-164016.23234079144|-164015.6143305778|-164014.99632036418
518.6|1.0|0.88|0.0|-163823.92261743988|-163823.48118157298|-163823.0649706128|-163822.5856973859|-163822.10642415902
518.8|1.0|0.88|0.0|-164054.74914630852|-164054.1689734549|-164053.61402550802|-164052.98340284106|-164052.37800508074
519.0|1.0|0.88|0.0|-163795.29154641993|-163794.5852490329|-163793.9041765526|-163793.1600418056|-163792.4537444186
519.2|1.0|0.88|0.0|-163761.35185347524|-163760.36808211482|-163759.40953566102|-163758.4005393939|-163757.40415558006
519.4|1.0|0.88|0.0|-163791.28743459348|-163790.44240021973|-163789.60997829938|-163788.73971901895|-163787.8568472852
519.6|1.0|0.88|0.0|-163589.4971145717|-163588.45028094458|-163587.41605977077|-163586.33138878358|-163585.27194270308
519.8|1.0|0.88|0.0|-163551.47013025396|-163551.0034694804|-163550.5620336135|-163550.08276038663|-163549.60348715974
520.0|1.0|0.88|0.0|-163973.2053450105|-163972.28463591676|-163971.37653927636|-163970.4179928225|-163969.4720588221
520.2|1.0|0.88|0.0|-163788.7550260052|-163787.34243123123|-163785.92983645722|-163784.4794043232|-163783.04158464255
520.4|1.0|0.88|0.0|-164183.22981861897|-164182.2460472585|-164181.28750080473|-164180.2785045376|-164179.2821207238
520.6|1.0|0.88|0.0|-164031.9082158407|-164030.83615730685|-164029.80193613304|-164028.71726514588|-164027.6325941587
520.8|1.0|0.88|0.0|-163700.62780546627|-163699.65664655913|-163698.68548765202|-163697.6764913849|-163696.66749511773
521.0|1.0|0.88|0.0|-164125.25628201285|-164124.23467329238|-164123.20045211856|-164122.12839358472|-164121.06894750422
521.2|1.0|0.88|0.0|-164211.9346258912|-164210.5724809306|-164209.21033596998|-164207.79774119597|-164206.43559623533
521.4|1.0|0.88|0.0|-164132.3495059007|-164131.44140926027|-164130.55853752652|-164129.59999107276|-164128.67928197898
521.6|1.0|0.88|0.0|-164124.19825853448|-164123.1135875473|-164122.02891656014|-164120.8937957596|-164119.78389986575
521.8|1.0|0.88|0.0|-164125.25468386064|-164124.37181212692|-164123.50155284652|-164122.58084375274|-164121.6853595657
522.0|1.0|0.88|0.0|-164201.17719103108|-164200.59701817748|-164200.01684532387|-164199.3862226569|-164198.7808248966
522.2|1.0|0.88|0.0|-164637.45300818555|-164637.12508439875|-164636.8476104253|-164636.50707418515|-164636.19176285167
522.4|1.0|0.88|0.0|-164410.10241325255|-164409.1312543454|-164408.17270789164|-164407.1637116245|-164406.16732781072
522.6|1.0|0.88|0.0|-164394.01162242144|-164393.28010012774|-164392.57380274075|-164391.80444308708|-164391.06030834006
522.8|1.0|0.88|0.0|-164581.205654882|-164580.23449597487|-164579.2759495211|-164578.25434080063|-164577.27056944018
523.0|1.0|0.88|0.0|-164460.08976089695|-164459.57265031003|-164459.06815217645|-164458.50059177622|-164457.94564382927
523.2|1.0|0.88|0.0|-164642.3374100162|-164641.94642396265|-164641.5680503625|-164641.13922694896|-164640.73562844208
523.4|1.0|0.88|0.0|-164570.43026849357|-164569.93838281333|-164569.45910958643|-164568.91677409285|-164568.41227595927
523.6|1.0|0.88|0.0|-164580.65018790515|-164580.00695278487|-164579.36371766453|-164578.69525763756|-164578.0267976106
523.8|1.0|0.88|0.0|-164667.2625397353|-164666.74542914843|-164666.24093101485|-164665.69859552127|-164665.168872481
524.0|1.0|0.88|0.0|-164341.51913780757|-164340.90112759394|-164340.28311738034|-164339.61465735338|-164338.95880977972
524.2|1.0|0.88|0.0|-164217.33184129337|-164217.0795922266|-164216.85256806645|-164216.54986918633|-164216.27239521284
524.4|1.0|0.88|0.0|-164515.09320323967|-164514.12204433256|-164513.16349787876|-164512.16711406497|-164511.17073025118
524.6|1.0|0.88|0.0|-164402.6367893226|-164402.10706628236|-164401.58995569547|-164401.0223952952|-164400.4800598016
524.8|1.0|0.88|0.0|-164415.76470075842|-164415.0079535581|-164414.28904371773|-164413.48184670403|-164412.71248705033
525.0|1.0|0.88|0.0|-164309.51641668746|-164308.91101892717|-164308.30562116692|-164307.66238604658|-164307.0191509263
525.2|1.0|0.88|0.0|-164509.07050557554|-164508.20024629516|-164507.3552119214|-164506.447115281|-164505.5516310939
525.4|1.0|0.88|0.0|-164589.53390117877|-164588.6762543517|-164587.81860752465|-164586.92312333756|-164586.04025160384
525.6|1.0|0.88|0.0|-164382.58906619973|-164381.46655785255|-164380.36927441202|-164379.22154115816|-164378.09903281098
525.8|1.0|0.88|0.0|-164261.1563654498|-164260.50051787618|-164259.83205784918|-164259.1257604622|-164258.43207552854
526.0|1.0|0.88|0.0|-164175.88771565558|-164174.23548426814|-164172.59586533403|-164170.9057965866|-164169.2409527458
526.2|1.0|0.88|0.0|-164416.5316012836|-164415.6865669099|-164414.84153253617|-164413.94604834908|-164413.07578906868
526.4|1.0|0.88|0.0|-164243.2592645481|-164242.06108148088|-164240.875510867|-164239.66471534644|-164238.45391982587
526.6|1.0|0.88|0.0|-163970.4771237276|-163970.03568786077|-163969.59425199387|-163969.10236631366|-163968.6357055401
526.8|1.0|0.88|0.0|-164342.19778542995|-164341.0878895361|-164340.00321854895|-164338.84287284175|-164337.7077520412
527.0|1.0|0.88|0.0|-163979.1063291498|-163978.37480685613|-163977.64328456245|-163976.8613124554|-163976.10456525505
527.2|1.0|0.88|0.0|-164249.98305495598|-164249.15063303558|-164248.31821111523|-164247.4479518348|-164246.57769255442
527.4|1.0|0.88|0.0|-164285.19158678022|-164284.67447619332|-164284.1573656064|-164283.60241765948|-164283.07269461922
527.6|1.0|0.88|0.0|-163995.43308376515|-163994.70156147148|-163994.00787653783|-163993.25112933747|-163992.5196070438
527.8|1.0|0.88|0.0|-164069.07119442712|-164068.1252604267|-164067.19193887958|-164066.20816751913|-164065.237008612
528.0|1.0|0.88|0.0|-164126.2771060351|-164125.35639694135|-164124.43568784758|-164123.45191648713|-164122.4933700333
528.2|1.0|0.88|0.0|-164019.22260209188|-164018.2640556381|-164017.31812163765|-164016.32173782386|-164015.3379664634
528.4|1.0|0.88|0.0|-163992.65187932286|-163991.46630870897|-163990.30596300177|-163989.0951674812|-163987.88437196062
528.6|1.0|0.88|0.0|-163729.1020543467|-163727.91648373278|-163726.75613802558|-163725.52011759835|-163724.29670962444
528.8|1.0|0.88|0.0|-164050.35001005564|-164049.61848776197|-164048.8995779216|-164048.13021826794|-164047.37347106758
529.0|1.0|0.88|0.0|-164108.73956263778|-164107.94497807743|-164107.18823087707|-164106.36842141004|-164105.57383684965
529.2|1.0|0.88|0.0|-164099.26740653868|-164098.34669744488|-164097.45121325782|-164096.49266680403|-164095.55934525694
529.4|1.0|0.88|0.0|-163855.02921695157|-163854.13373276446|-163853.2508610307|-163852.3175394836|-163851.4094428432
529.6|1.0|0.88|0.0|-164017.78815833115|-164016.9052865974|-164016.0602522237|-164015.12693067658|-164014.23144648952
529.8|1.0|0.88|0.0|-163865.11957506606|-163864.4889523991|-163863.90877954545|-163863.2403195185|-163862.60969685155
530.0|1.0|0.88|0.0|-163962.15140780108|-163961.43249796078|-163960.75142548044|-163959.99467828008|-163959.23793107976
530.2|1.0|0.88|0.0|-163985.40877175858|-163984.5385124782|-163983.7060905578|-163982.7979939174|-163981.91512218362
530.4|1.0|0.88|0.0|-164168.65083955627|-164168.19679123606|-164167.75535536918|-164167.2508572356|-164166.77158400873
530.6|1.0|0.88|0.0|-164097.07610575616|-164096.16800911576|-164095.2599124753|-164094.2887535682|-164093.34281956777
530.8|1.0|0.88|0.0|-163842.34034318922|-163841.60882089555|-163840.91513596187|-163840.1583887615|-163839.41425401453
531.0|1.0|0.88|0.0|-164280.44652238008|-164279.87896197982|-164279.3366264862|-164278.73122872596|-164278.138443419
531.2|1.0|0.88|0.0|-164139.90595482124|-164139.1239827142|-164138.36723551384|-164137.5474260468|-164136.7402290331
531.4|1.0|0.88|0.0|-164026.14162570154|-164025.78847700803|-164025.46055322123|-164025.08217962107|-164024.70380602087
531.6|1.0|0.88|0.0|-164270.76581540678|-164270.23609236654|-164269.73159423296|-164269.15142137936|-164268.59647343244
531.8|1.0|0.88|0.0|-164276.2345445267|-164275.49040977968|-164274.7841123927|-164274.014752739|-164273.24539308532
532.0|1.0|0.88|0.0|-164395.33438862427|-164394.7037659573|-164394.098368197|-164393.4425206234|-164392.79928550308
532.2|1.0|0.88|0.0|-164591.89927349292|-164591.34432554597|-164590.78937759905|-164590.17136738542|-164589.56596962514
532.4|1.0|0.88|0.0|-164467.32668822593|-164466.55732857223|-164465.8005813719|-164464.98077190484|-164464.18618734446
532.6|1.0|0.88|0.0|-164297.43557607874|-164296.45180471832|-164295.4428084512|-164294.40858727737|-164293.38697855687
532.8|1.0|0.88|0.0|-164185.39217368112|-164184.3579525073|-164183.3615686935|-164182.31473506635|-164181.2679014392
533.0|1.0|0.88|0.0|-164233.09957919468|-164232.26715727433|-164231.4599602606|-164230.60231343354|-164229.76989151313
533.2|1.0|0.88|0.0|-164427.55456442985|-164426.58340552275|-164425.61224661564|-164424.61586280182|-164423.61947898802
533.4|1.0|0.88|0.0|-164588.55719762578|-164587.8130628788|-164587.06892813178|-164586.27434357136|-164585.5049839177
533.6|1.0|0.88|0.0|-164429.501548565|-164428.98443797807|-164428.5051647512|-164427.95021680425|-164427.43310621736
533.8|1.0|0.88|0.0|-164292.6816547412|-164291.66004602073|-164290.67627466028|-164289.62944103312|-164288.5952198593
534.0|1.0|0.88|0.0|-164571.81715663263|-164570.8712226322|-164569.95051353844|-164568.97935463133|-164568.0081957242
534.2|1.0|0.88|0.0|-164635.00858572777|-164633.99958946064|-164633.0158181002|-164631.98159692634|-164630.94737575256
534.4|1.0|0.88|0.0|-164387.17387761228|-164386.24055606517|-164385.33245942474|-164384.3486880643|-164383.3901416105
534.6|1.0|0.88|0.0|-164393.48425991024|-164392.3743640164|-164391.27708057588|-164390.14195977538|-164389.01945142818
534.8|1.0|0.88|0.0|-164485.76419099988|-164485.1335683329|-164484.54078302596|-164483.872322999|-164483.21647542538
535.0|1.0|0.88|0.0|-164369.38834941565|-164368.5307025886|-164367.6982806682|-164366.7901840278|-164365.90731229403
535.2|1.0|0.88|0.0|-164535.67093423984|-164534.96463685285|-164534.25833946586|-164533.50159226547|-164532.77006997183
535.4|1.0|0.88|0.0|-164635.49850241968|-164634.91832956608|-164634.3633816192|-164633.75798385887|-164633.16519855196
535.6|1.0|0.88|0.0|-164456.0863536694|-164455.40528118907|-164454.77465852213|-164454.0557486818|-164453.36206374812
535.8|1.0|0.88|0.0|-164492.1956542856|-164491.21188292516|-164490.20288665802|-164489.16866548418|-164488.14705676373
536.0|1.0|0.88|0.0|-164888.5798378304|-164887.6591287366|-164886.76364454953|-164885.80509809573|-164884.87177654862
536.2|1.0|0.88|0.0|-164376.12264798523|-164375.70643702504|-164375.30283851817|-164374.8361777446|-164374.40735433108
536.4|1.0|0.88|0.0|-164609.53471581527|-164608.6770689882|-164607.8320346145|-164606.92393797406|-164606.028453787
536.6|1.0|0.88|0.0|-164601.5179273463|-164600.5846057992|-164599.65128425212|-164598.680125345|-164597.7215788912
536.8|1.0|0.88|0.0|-164323.58029274462|-164322.40733458407|-164321.24698887687|-164320.01096844964|-164318.82539783575
537.0|1.0|0.88|0.0|-164414.33174454255|-164413.65067206224|-164413.02004939527|-164412.31375200825|-164411.6200670746
537.2|1.0|0.88|0.0|-164644.53735121476|-164643.4022304142|-164642.27972206703|-164641.1067639065|-164639.94641819928
537.4|1.0|0.88|0.0|-164406.30072009037|-164405.58181025003|-164404.87551286304|-164404.10615320934|-164403.37463091567
537.6|1.0|0.88|0.0|-164259.49970324963|-164258.49070698253|-164257.4943231687|-164256.4348770882|-164255.38804346105
537.8|1.0|0.88|0.0|-164288.59627987852|-164287.83953267813|-164287.12062283783|-164286.32603827745|-164285.55667862375
538.0|1.0|0.88|0.0|-164355.34977834843|-164354.41645680135|-164353.48313525424|-164352.5119763471|-164351.54081744
538.2|1.0|0.88|0.0|-164316.4066742872|-164315.64992708684|-164314.9184047932|-164314.12382023278|-164313.3544605791
538.4|1.0|0.88|0.0|-164147.91414227194|-164147.15739507158|-164146.40064787125|-164145.60606331084|-164144.8114787505
538.6|1.0|0.88|0.0|-164292.5285322593|-164291.78439751233|-164291.05287521865|-164290.28351556495|-164289.50154345794
538.8|1.0|0.88|0.0|-164520.47340145893|-164519.80494143194|-164519.16170631166|-164518.45540892464|-164517.77433644433
539.0|1.0|0.88|0.0|-164527.21194432146|-164526.7326710946|-164526.27862277438|-164525.74889973414|-164525.24440160056
539.2|1.0|0.88|0.0|-164406.08425429603|-164405.22660746894|-164404.36896064188|-164403.46086400145|-164402.5779922677
539.4|1.0|0.88|0.0|-164234.36234972114|-164233.9083014009|-164233.47947798736|-164233.0002047605|-164232.5209315336
539.6|1.0|0.88|0.0|-164209.69437226537|-164209.1268118651|-164208.58447637153|-164207.97907861124|-164207.39890575764
539.8|1.0|0.88|0.0|-164122.68685389322|-164122.06884367962|-164121.450833466|-164120.79498589234|-164120.13913831871
540.0|1.0|0.88|0.0|-164358.8265210427|-164358.32202290912|-164357.86797458894|-164357.32563909533|-164356.80852850844
540.2|1.0|0.88|0.0|-164173.19252109216|-164172.32226181173|-164171.477227438|-164170.58174325092|-164169.6736466105
540.4|1.0|0.88|0.0|-164502.03246339955|-164500.9225675057|-164499.82528406518|-164498.67755081132|-164497.54243001077
540.6|1.0|0.88|0.0|-163953.87618862206|-163952.9554795283|-163952.0599953412|-163951.10144888744|-163950.155514887
540.8|1.0|0.88|0.0|-164587.71838588765|-164586.88596396727|-164586.05354204687|-164585.15805785978|-164584.2877985794
541.0|1.0|0.88|0.0|-164641.05780017807|-164640.3262778844|-164639.59475559072|-164638.80017103034|-164638.03081137664
541.2|1.0|0.88|0.0|-164524.9677009154|-164524.40014051518|-164523.83258011492|-164523.2145699013|-164522.62178459435
541.4|1.0|0.88|0.0|-164328.64405668664|-164327.68551023287|-164326.73957623242|-164325.73057996528|-164324.74680860483
541.6|1.0|0.88|0.0|-164491.39188764858|-164490.73604007493|-164490.09280495462|-164489.4117324743|-164488.74327244735
541.8|1.0|0.88|0.0|-164621.98738910345|-164621.30631662314|-164620.6252441428|-164619.89372184913|-164619.20003691548
542.0|1.0|0.88|0.0|-164568.39587762338|-164567.4121062629|-164566.42833490248|-164565.4193386353|-164564.41034236818
542.2|1.0|0.88|0.0|-164510.62770380717|-164509.71960716674|-164508.836735433|-164507.9034138859|-164506.99531724546
542.4|1.0|0.88|0.0|-164401.8729033391|-164400.6242704585|-164399.3756375779|-164398.07655488397|-164396.80269709672
542.6|1.0|0.88|0.0|-164525.78360872617|-164524.49713848557|-164523.21066824495|-164521.89897309768|-164520.5872779504
542.8|1.0|0.88|0.0|-164193.97544508753|-164193.1304107138|-164192.2853763401|-164191.40250460635|-164190.5196328726
543.0|1.0|0.88|0.0|-164254.64228858225|-164253.91076628858|-164253.2044689016|-164252.42249679458|-164251.6657495942
543.2|1.0|0.88|0.0|-164327.1891201894|-164326.4071480824|-164325.5999510687|-164324.78014160163|-164323.96033213456
543.4|1.0|0.88|0.0|-164464.24959988633|-164463.53069004603|-164462.83700511232|-164462.06764545865|-164461.33612316498
543.6|1.0|0.88|0.0|-164458.0075772313|-164457.20038021755|-164456.4057956572|-164455.56076128347|-164454.72833936306
543.8|1.0|0.88|0.0|-164182.15535183522|-164181.75175332834|-164181.3229299148|-164180.8688815946|-164180.4148332744
544.0|1.0|0.88|0.0|-163959.12884877023|-163958.51083855663|-163957.90544079637|-163957.26220567606|-163956.6063581024
544.2|1.0|0.88|0.0|-163900.22432605576|-163899.99730189567|-163899.79550264223|-163899.54325357548|-163899.29100450868
544.4|1.0|0.88|0.0|-164273.28893579013|-164272.82227501657|-164272.36822669636|-164271.85111610944|-164271.34661797588
544.6|1.0|0.88|0.0|-164188.75435781403|-164188.14896005375|-164187.56878720014|-164186.95077698652|-164186.3327667729
544.8|1.0|0.88|0.0|-164115.06994356198|-164114.48977070837|-164113.92221030808|-164113.30420009448|-164112.68618988086
545.0|1.0|0.88|0.0|-164260.8143472732|-164260.01976271282|-164259.22517815247|-164258.39275623206|-164257.57294676502
545.2|1.0|0.88|0.0|-163967.84298608522|-163967.4772249384|-163967.13668869823|-163966.73309019135|-163966.34210413785
545.4|1.0|0.88|0.0|-164076.83846539378|-164076.2961299002|-164075.75379440663|-164075.17362155305|-164074.60606115276
545.6|1.0|0.88|0.0|-164425.428432652|-164424.4698861982|-164423.53656465112|-164422.55279329067|-164421.58163438353
545.8|1.0|0.88|0.0|-164335.1429198441|-164334.7519337906|-164334.38617264375|-164333.95734923022|-164333.52852581668
546.0|1.0|0.88|0.0|-164251.23155934428|-164250.84057329077|-164250.46219969058|-164250.0459887304|-164249.6297777702
546.2|1.0|0.88|0.0|-164065.13522973945|-164064.5424444325|-164063.98749648556|-164063.3820987253|-164062.78931341833
546.4|1.0|0.88|0.0|-164334.11947039072|-164333.5014601771|-164332.90867487018|-164332.25282729653|-164331.62220462956
546.6|1.0|0.88|0.0|-164040.98633420217|-164039.88905076165|-164038.81699222783|-164037.68187142728|-164036.5593630801
546.8|1.0|0.88|0.0|-164176.15399663852|-164175.20806263806|-164174.23690373093|-164173.24051991713|-164172.25674855665
547.0|1.0|0.88|0.0|-164113.45228716583|-164112.59464033876|-164111.7369935117|-164110.81628441793|-164109.92080023084
547.2|1.0|0.88|0.0|-164199.80030784156|-164199.1318478146|-164198.47600024095|-164197.76970285396|-164197.0760179203
547.4|1.0|0.88|0.0|-164140.51822685765|-164139.77409211063|-164139.08040717695|-164138.31104752328|-164137.5543003229
547.6|1.0|0.88|0.0|-164316.71420000642|-164316.56285056635|-164316.42411357962|-164316.24753923286|-164316.07096488614
547.8|1.0|0.88|0.0|-164454.8220295798|-164454.06528237948|-164453.32114763246|-164452.5265630721|-164451.74459096507
548.0|1.0|0.88|0.0|-164262.1415799167|-164261.2082583696|-164260.30016172916|-164259.32900282202|-164258.37045636823
548.2|1.0|0.88|0.0|-164341.8270601138|-164341.15860008687|-164340.50275251322|-164339.79645512623|-164339.1153826459
548.4|1.0|0.88|0.0|-164293.93714790884|-164293.50832449528|-164293.1047259885|-164292.6380652149|-164292.18401689467
548.6|1.0|0.88|0.0|-164219.09004625006|-164218.44681112972|-164217.80357600944|-164217.1225035291|-164216.45404350216
548.8|1.0|0.88|0.0|-164014.19763956516|-164013.60485425824|-164013.0120689513|-164012.35622137765|-164011.72559871068
549.0|1.0|0.88|0.0|-164006.6202825063|-164005.66173605254|-164004.7158020521|-164003.70680578495|-164002.7230344245
549.2|1.0|0.88|0.0|-163782.43290851044|-163781.86534811015|-163781.2977877099|-163780.66716504292|-163780.06176728266
549.4|1.0|0.88|0.0|-164079.14173856608|-164077.85526832548|-164076.6066354449|-164075.2823278443|-164073.99585760367
549.6|1.0|0.88|0.0|-164050.39987234483|-164049.15123946423|-164047.91521903698|-164046.61613634307|-164045.3422785558
549.8|1.0|0.88|0.0|-164344.61261325632|-164343.6792917092|-164342.74597016213|-164341.7495863483|-164340.79103989454
550.0|1.0|0.88|0.0|-164530.64477539313|-164529.53487949926|-164528.42498360542|-164527.26463789822|-164526.1295170977
550.2|1.0|0.88|0.0|-164103.71440585688|-164103.31080735006|-164102.93243374987|-164102.47838542963|-164102.04956201612
550.4|1.0|0.88|0.0|-164025.12250933246|-164024.03783834528|-164022.97839226478|-164021.8558839176|-164020.74598802373
550.6|1.0|0.88|0.0|-164032.26077093193|-164031.39051165152|-164030.5454772778|-164029.63738063734|-164028.74189645026
550.8|1.0|0.88|0.0|-164484.5040240823|-164483.53286517516|-164482.59954362808|-164481.59054736092|-164480.6193884538
551.0|1.0|0.88|0.0|-164223.22605542868|-164222.1666093482|-164221.09455081436|-164219.99726737387|-164218.89998393334
551.2|1.0|0.88|0.0|-164305.77456253383|-164305.1187149602|-164304.48809229324|-164303.80701981293|-164303.1259473326
551.4|1.0|0.88|0.0|-164273.85502786635|-164273.1613429327|-164272.4802704524|-164271.7487481587|-164271.02983831835
551.6|1.0|0.88|0.0|-164447.64298275777|-164446.96191027746|-164446.30606270384|-164445.59976531682|-164444.9186928365
551.8|1.0|0.88|0.0|-163944.47814768716|-163943.5574385934|-163942.6619544063|-163941.70340795253|-163940.77008640542
552.0|1.0|0.88|0.0|-164364.9027168639|-164364.3351564636|-164363.79282097003|-164363.2000356631|-164362.63247526283
552.2|1.0|0.88|0.0|-164334.30987697715|-164334.08285281705|-164333.88105356364|-164333.6161920435|-164333.36394297672
552.4|1.0|0.88|0.0|-164334.69947998872|-164333.96795769504|-164333.2490478547|-164332.47968820104|-164331.73555345403
552.6|1.0|0.88|0.0|-164325.846225985|-164325.37956521145|-164324.93812934458|-164324.4084063043|-164323.9291330774
552.8|1.0|0.88|0.0|-164231.57416456658|-164230.9687668063|-164230.363369046|-164229.70752147236|-164229.0768988054
553.0|1.0|0.88|0.0|-164494.40104770678|-164493.66952541313|-164492.9632280261|-164492.2064808258|-164491.44973362543
553.2|1.0|0.88|0.0|-164774.62453599743|-164773.9182386104|-164773.22455367676|-164772.48041892974|-164771.7615090894
553.4|1.0|0.88|0.0|-164396.706567047|-164395.96243229997|-164395.21829755296|-164394.43632544592|-164393.66696579222
553.6|1.0|0.88|0.0|-164528.8256532727|-164528.25809287245|-164527.71575737884|-164527.1229720719|-164526.5427992183
553.8|1.0|0.88|0.0|-164550.17869299056|-164549.66158240364|-164549.16969672343|-164548.62736122982|-164548.09763818956
554.0|1.0|0.88|0.0|-164744.9410376046|-164743.89420397746|-164742.87259525698|-164741.7879242698|-164740.74109064264
554.2|1.0|0.88|0.0|-164318.18606641903|-164317.00049580514|-164315.84015009794|-164314.62935457737|-164313.43117151014
554.4|1.0|0.88|0.0|-164579.74114430643|-164578.88349747934|-164578.03846310562|-164577.1555913719|-164576.27271963816
554.6|1.0|0.88|0.0|-164251.62498123266|-164250.46463552545|-164249.34212717824|-164248.15655656435|-164246.99621085715
554.8|1.0|0.88|0.0|-164335.6168168259|-164334.82223226555|-164334.0402601585|-164333.2078382381|-164332.4006412244
555.0|1.0|0.88|0.0|-164465.90725265333|-164464.94870619953|-164464.00277219908|-164463.00638838529|-164462.02261702484
555.2|1.0|0.88|0.0|-164610.9165569503|-164610.4625086301|-164610.03368521656|-164609.55441198967|-164609.0877512161
555.4|1.0|0.88|0.0|-164347.42979424083|-164346.78655912055|-164346.18116136026|-164345.5127013333|-164344.86946621296
555.6|1.0|0.88|0.0|-164096.6988089458|-164095.664587772|-164094.64297905148|-164093.57092051767|-164092.51147443717
555.8|1.0|0.88|0.0|-164446.3851589016|-164445.45183735449|-164444.54374071406|-164443.57258180692|-164442.65187271318
556.0|1.0|0.88|0.0|-164384.98773604629|-164384.0544144992|-164383.14631785877|-164382.17515895164|-164381.20400004453
556.2|1.0|0.88|0.0|-164309.94333947788|-164309.43884134432|-164308.95956811745|-164308.42984507716|-164307.9253469436
556.4|1.0|0.88|0.0|-164343.7015557726|-164343.04570819897|-164342.42769798535|-164341.7340130517|-164341.07816547807
556.6|1.0|0.88|0.0|-164640.70970861128|-164639.80161197085|-164638.89351533045|-164637.9223564233|-164636.97642242286
556.8|1.0|0.88|0.0|-164831.02316002286|-164830.72046114274|-164830.3925373559|-164830.02677620907|-164829.6862399689
557.0|1.0|0.88|0.0|-164736.2585732305|-164735.53966339017|-164734.84597845652|-164734.11445616285|-164733.39554632248
557.2|1.0|0.88|0.0|-164574.945295022|-164574.4407968884|-164573.97413611485|-164573.40657571462|-164572.8894651277
557.4|1.0|0.88|0.0|-164309.76161813212|-164308.8787463984|-164308.0210995713|-164307.10039047757|-164306.1922938371
557.6|1.0|0.88|0.0|-164299.72550368923|-164298.21200928857|-164296.72373979448|-164295.15979558043|-164293.62107627303
557.8|1.0|0.88|0.0|-164357.49053998283|-164356.418481449|-164355.35903536848|-164354.2365270213|-164353.12663112744
558.0|1.0|0.88|0.0|-164500.12400934112|-164499.84653536766|-164499.59428630085|-164499.2915874207|-164498.9888885406
558.2|1.0|0.88|0.0|-164558.18927328783|-164557.8865744077|-164557.58387552758|-164557.2433392874|-164556.91541550058
558.4|1.0|0.88|0.0|-164311.5913141716|-164310.67060507782|-164309.77512089073|-164308.81657443693|-164307.88325288985
558.6|1.0|0.88|0.0|-164381.6208834075|-164380.91458602052|-164380.23351354018|-164379.4893787932|-164378.77046895286
558.8|1.0|0.88|0.0|-163968.29581785225|-163967.77870726536|-163967.29943403846|-163966.75709854483|-163966.22737550462
559.0|1.0|0.88|0.0|-164117.89245901135|-164117.11048690436|-164116.353739704|-164115.54654269028|-164114.7393456766
559.2|1.0|0.88|0.0|-164186.04696609805|-164185.21454417767|-164184.40734716394|-164183.56231279022|-164182.7172784165
559.4|1.0|0.88|0.0|-164270.55040347076|-164269.57924456365|-164268.63331056322|-164267.63692674943|-164266.6405429356
559.6|1.0|0.88|0.0|-164127.80265657755|-164127.04590937722|-164126.28916217686|-164125.48196516314|-164124.6999930561
559.8|1.0|0.88|0.0|-164092.6428170037|-164091.8986822567|-164091.16715996302|-164090.35996294933|-164089.57799084228
560.0|1.0|0.88|0.0|-164002.8613178758|-164002.18024539546|-164001.49917291515|-164000.78026307482|-164000.0613532345
560.2|1.0|0.88|0.0|-163977.2542537894|-163976.421831869|-163975.57679749528|-163974.69392576153|-163973.8236664811
560.4|1.0|0.88|0.0|-164144.1224607884|-164143.26481396132|-164142.44500449428|-164141.56213276053|-164140.6918734801
560.6|1.0|0.88|0.0|-164158.4309351477|-164157.661575494|-164156.917440747|-164156.09763127996|-164155.30304671958
560.8|1.0|0.88|0.0|-164264.7037921345|-164263.78308304073|-164262.88759885365|-164261.92905239988|-164261.00834330608
561.0|1.0|0.88|0.0|-163980.7631914876|-163979.88031975384|-163979.02267292677|-163978.07673892635|-163977.15602983258
561.2|1.0|0.88|0.0|-163881.27101403347|-163880.46381701977|-163879.69445736607|-163878.8620354457|-163878.04222597866
561.4|1.0|0.88|0.0|-164005.39016734468|-164004.78476958437|-164004.20459673076|-164003.54874915714|-164002.9307389435
561.6|1.0|0.88|0.0|-164350.62546853785|-164349.94439605757|-164349.27593603058|-164348.55702619025|-164347.85072880326
561.8|1.0|0.88|0.0|-164035.42381423395|-164035.02021572713|-164034.61661722025|-164034.16256890004|-164033.7337454865
562.0|1.0|0.88|0.0|-164127.64438004344|-164126.6479962296|-164125.65161241582|-164124.60477878866|-164123.5831700682
562.2|1.0|0.88|0.0|-164030.608124319|-164029.58651559855|-164028.59013178473|-164027.50546079755|-164026.47123962376
562.4|1.0|0.88|0.0|-164273.91356451964|-164273.63609054618|-164273.3838414794|-164273.05591769257|-164272.75321881243
562.6|1.0|0.88|0.0|-164130.09331550155|-164128.99603206103|-164127.9239735272|-164126.80146518003|-164125.69156928614
562.8|1.0|0.88|0.0|-164277.15932709764|-164276.42780480397|-164275.73411987032|-164274.9899851233|-164274.25846282963
563.0|1.0|0.88|0.0|-164383.4483280759|-164382.22492010202|-164381.0015121281|-164379.7402667942|-164378.47902146025
563.2|1.0|0.88|0.0|-164435.64632897178|-164434.5868828913|-164433.5274368108|-164432.41754091697|-164431.3076450231
563.4|1.0|0.88|0.0|-164267.92180123387|-164267.20289139354|-164266.49659400654|-164265.72723435285|-164264.97048715252
563.6|1.0|0.88|0.0|-164235.25554708534|-164234.66276177837|-164234.08258892476|-164233.46457871114|-164232.85918095088
563.8|1.0|0.88|0.0|-164463.85463554584|-164463.04743853214|-164462.24024151842|-164461.38259469136|-164460.5375603176
564.0|1.0|0.88|0.0|-164312.4591503509|-164311.51321635046|-164310.55466989666|-164309.54567362953|-164308.56190226908
564.2|1.0|0.88|0.0|-164213.2515365867|-164212.48217693303|-164211.738042186|-164210.9308451723|-164210.13626061194
564.4|1.0|0.88|0.0|-164086.63511751435|-164085.53783407385|-164084.4531630867|-164083.3306547395|-164082.19553393897
564.6|1.0|0.88|0.0|-164537.58710959298|-164536.72946276588|-164535.88442839216|-164534.98894420508|-164534.10607247133
564.8|1.0|0.88|0.0|-164469.24022494777|-164468.44564038742|-164467.6384433737|-164466.8060214533|-164465.97359953294
565.0|1.0|0.88|0.0|-164363.41608358713|-164362.24312542658|-164361.09539217272|-164359.88459665218|-164358.69902603826
565.2|1.0|0.88|0.0|-164145.34190668372|-164144.4338100433|-164143.55093830955|-164142.61761676244|-164141.6969076687
565.4|1.0|0.88|0.0|-164260.6624397093|-164259.81740533558|-164258.97237096186|-164258.07688677477|-164257.2192399477
565.6|1.0|0.88|0.0|-164570.59007898442|-164569.46757063724|-164568.34506229006|-164567.18471658285|-164566.02437087565
565.8|1.0|0.88|0.0|-164356.97230149046|-164356.0894297567|-164355.23178292965|-164354.29846138254|-164353.39036474214
566.0|1.0|0.88|0.0|-164418.56307535776|-164417.8693904241|-164417.18831794377|-164416.46940810347|-164415.76311071645
566.2|1.0|0.88|0.0|-164448.71945129184|-164448.5302644917|-164448.37891505164|-164448.1645033449|-164447.96270409145
566.4|1.0|0.88|0.0|-164253.6516344232|-164252.8696623162|-164252.12552756918|-164251.3309430088|-164250.5363584484
566.6|1.0|0.88|0.0|-164344.42431478176|-164343.84414192816|-164343.2891939812|-164342.68379622092|-164342.07839846064
566.8|1.0|0.88|0.0|-164510.47180631108|-164509.36191041724|-164508.2646269767|-164507.11689372285|-164505.9817729223
567.0|1.0|0.88|0.0|-164452.57908882023|-164451.51964273976|-164450.46019665926|-164449.36291321876|-164448.26562977824
567.2|1.0|0.88|0.0|-164264.85533331943|-164264.66614651933|-164264.51479707926|-164264.31299782585|-164264.12381102575
567.4|1.0|0.88|0.0|-164154.11329154938|-164153.2178073623|-164152.3475480819|-164151.41422653478|-164150.50612989435
567.6|1.0|0.88|0.0|-163950.98973052137|-163950.01857161423|-163949.0726376138|-163948.06364134667|-163947.0798699862
567.8|1.0|0.88|0.0|-163899.43851414538|-163898.1520439048|-163896.87818611754|-163895.5538785169|-163894.2421833696
568.0|1.0|0.88|0.0|-164013.39203006515|-164012.6983451315|-164012.0551100112|-164011.33620017086|-164010.6425152372
568.2|1.0|0.88|0.0|-164018.1417316924|-164017.4354343054|-164016.7543618251|-164016.02283953142|-164015.31654214443
568.4|1.0|0.88|0.0|-164249.242145609|-164248.3844987819|-164247.5646893149|-164246.68181758112|-164245.79894584735
568.6|1.0|0.88|0.0|-163974.25282545417|-163973.21860428032|-163972.22222046653|-163971.15016193272|-163970.1159407589
568.8|1.0|0.88|0.0|-164214.31767319894|-164213.4095765585|-164212.55192973145|-164211.61860818436|-164210.7105115439
569.0|1.0|0.88|0.0|-164110.72476066803|-164109.72837685424|-164108.73199304045|-164107.6977718666|-164106.6635506928
569.2|1.0|0.88|0.0|-164316.34169553034|-164315.58494833|-164314.82820112965|-164314.00839166262|-164313.21380710223
569.4|1.0|0.88|0.0|-164295.90906327902|-164295.4802398655|-164295.07664135864|-164294.6099805851|-164294.1685447182
569.6|1.0|0.88|0.0|-164332.67025157344|-164331.71170511967|-164330.76577111922|-164329.76938730542|-164328.81084085166
569.8|1.0|0.88|0.0|-164096.11107674317|-164095.21559255608|-164094.35794572902|-164093.4246241819|-164092.50391508816
570.0|1.0|0.88|0.0|-164210.93782247117|-164210.63512359103|-164210.34503716422|-164209.99188847074|-164209.6639646839
570.2|1.0|0.88|0.0|-164156.1434509294|-164155.48760335575|-164154.8569806888|-164154.15068330182|-164153.4696108215
570.4|1.0|0.88|0.0|-164316.54969277483|-164315.79294557447|-164315.03619837412|-164314.25422626708|-164313.47225416006
570.6|1.0|0.88|0.0|-164404.58461708252|-164403.42427137532|-164402.2639256681|-164401.07835505423|-164399.89278444034
570.8|1.0|0.88|0.0|-164271.0241953457|-164270.17916097195|-164269.30890169158|-164268.4134175045|-164267.53054577074
571.0|1.0|0.88|0.0|-164261.62243633575|-164261.24406273558|-164260.85307668205|-164260.4368657219|-164260.00804230833
571.2|1.0|0.88|0.0|-164243.3945221682|-164242.99092366136|-164242.5873251545|-164242.15850174095|-164241.72967832742
571.4|1.0|0.88|0.0|-164211.6225044821|-164210.67657048168|-164209.7558613879|-164208.7973149341|-164207.83876848035
571.6|1.0|0.88|0.0|-164201.9374318901|-164200.68879900954|-164199.4527785823|-164198.17892079504|-164196.89245055447
571.8|1.0|0.88|0.0|-164119.464599505|-164118.37992851785|-164117.28264507733|-164116.1475242768|-164115.03762838297
572.0|1.0|0.88|0.0|-164353.89793185794|-164352.88893559077|-164351.87993932364|-164350.82049324317|-164349.7988845227
572.2|1.0|0.88|0.0|-164257.44315957715|-164256.6107376568|-164255.7783157364|-164254.89544400264|-164254.03779717558
572.4|1.0|0.88|0.0|-164260.8982894509|-164260.24244187726|-164259.57398185032|-164258.85507200996|-164258.1613870763
572.6|1.0|0.88|0.0|-164146.65566055154|-164145.7727888178|-164144.88991708407|-164143.95659553696|-164143.04849889656
572.8|1.0|0.88|0.0|-164302.61056850728|-164302.24480736043|-164301.86643376027|-164301.4628352534|-164301.0718491999
573.0|1.0|0.88|0.0|-164456.5639560562|-164455.75675904247|-164454.97478693546|-164454.1171401084|-164453.30994309467
573.2|1.0|0.88|0.0|-164441.15743128725|-164440.41329654024|-164439.70699915325|-164438.93763949955|-164438.18089229922
573.4|1.0|0.88|0.0|-164281.18776389732|-164280.59497859038|-164280.01480573678|-164279.39679552315|-164278.77878530952
573.6|1.0|0.88|0.0|-164589.00730009412|-164588.0613660937|-164587.11543209324|-164586.1316607328|-164585.16050182568
573.8|1.0|0.88|0.0|-164290.61902714602|-164289.91272975903|-164289.20643237204|-164288.43707271834|-164287.69293797135
574.0|1.0|0.88|0.0|-164489.9552846259|-164489.0850253455|-164488.25260342512|-164487.3445067847|-164486.46163505095
574.2|1.0|0.88|0.0|-164570.3833887998|-164569.41222989265|-164568.4536834389|-164567.44468717175|-164566.4609158113
574.4|1.0|0.88|0.0|-164220.6571949149|-164220.00134734123|-164219.38333712763|-164218.71487710066|-164218.03380462035
574.6|1.0|0.88|0.0|-164317.34426221327|-164316.23436631943|-164315.1244704256|-164313.9767371717|-164312.8416163712
574.8|1.0|0.88|0.0|-164160.17134883176|-164159.26325219136|-164158.36776800427|-164157.40922155048|-164156.4885124567
575.0|1.0|0.88|0.0|-164477.79076127312|-164476.76915255268|-164475.76015628554|-164474.70071020504|-164473.65387657788
575.2|1.0|0.88|0.0|-164306.8161265754|-164306.42514052187|-164306.05937937502|-164305.6305559615|-164305.22695745467
575.4|1.0|0.88|0.0|-164140.0542685243|-164139.13355943057|-164138.25068769683|-164137.30475369637|-164136.3714321493
575.6|1.0|0.88|0.0|-164195.178412497|-164194.7622015368|-164194.38382793663|-164193.92977961642|-164193.5009562029
575.8|1.0|0.88|0.0|-164337.47525916863|-164337.18517274185|-164336.90769876837|-164336.59238743488|-164336.2770761014
576.0|1.0|0.88|0.0|-164208.5702389733|-164207.48556798615|-164206.42612190565|-164205.3162260118|-164204.20633011792
576.2|1.0|0.88|0.0|-164023.97296382606|-164023.30450379907|-164022.64865622544|-164021.9297463851|-164021.23606145143
576.4|1.0|0.88|0.0|-164413.54534152086|-164412.5994075204|-164411.66608597332|-164410.66970215953|-164409.67331834574
576.6|1.0|0.88|0.0|-164097.16201842588|-164096.644907839|-164096.1656346121|-164095.6232991185|-164095.09357607824
576.8|1.0|0.88|0.0|-164146.90566608318|-164146.3128807762|-164145.74532037598|-164145.12731016232|-164144.52191240204
577.0|1.0|0.88|0.0|-164005.51874070746|-164004.93856785385|-164004.3331700936|-164003.70254742663|-164003.084537213
577.2|1.0|0.88|0.0|-164616.19576825018|-164615.2750591564|-164614.37957496932|-164613.42102851556|-164612.48770696844
577.4|1.0|0.88|0.0|-164660.32674248406|-164659.7591820838|-164659.22945904356|-164658.62406128325|-164658.04388842965
577.6|1.0|0.88|0.0|-164451.86396074522|-164451.39729997166|-164450.94325165145|-164450.42614106453|-164449.92164293097
577.8|1.0|0.88|0.0|-164689.38130179053|-164688.7632915769|-164688.19573117665|-164687.55249605636|-164686.94709829605
578.0|1.0|0.88|0.0|-164499.09768055353|-164498.3283208998|-164497.59679860613|-164496.80221404578|-164496.04546684542
578.2|1.0|0.88|0.0|-164457.52278128016|-164456.4128853863|-164455.36605175913|-164454.2309309586|-164453.10842261143
578.4|1.0|0.88|0.0|-164610.24780215364|-164609.2261934332|-164608.25503452605|-164607.19558844555|-164606.18659217842
578.6|1.0|0.88|0.0|-164249.67122767476|-164248.44781970084|-164247.2117992736|-164245.95055393968|-164244.68930860577
578.8|1.0|0.88|0.0|-164532.89958193852|-164532.25634681823|-164531.6383366046|-164530.95726412427|-164530.30141655065
579.0|1.0|0.88|0.0|-164573.927892651|-164573.3855571574|-164572.8684465705|-164572.30088617024|-164571.75855067663
579.2|1.0|0.88|0.0|-164489.26278764362|-164488.59432761665|-164487.96370494968|-164487.24479510935|-164486.56372262904
579.4|1.0|0.88|0.0|-164414.73777604566|-164414.39723980552|-164414.0693160187|-164413.6909424185|-164413.32518127165
579.6|1.0|0.88|0.0|-164268.0605159685|-164267.3542185815|-164266.66053364784|-164265.92901135416|-164265.1974890605
579.8|1.0|0.88|0.0|-164514.72226592345|-164514.3186674166|-164513.9276813631|-164513.4862454962|-164513.05742208267
580.0|1.0|0.88|0.0|-164284.28013096272|-164283.30897205562|-164282.33781314848|-164281.3414293347|-164280.33243306755
580.2|1.0|0.88|0.0|-164417.0321327936|-164415.90962444642|-164414.77450364587|-164413.61415793866|-164412.4285873248
580.4|1.0|0.88|0.0|-164527.44150207564|-164527.07574092882|-164526.747817142|-164526.34421863512|-164525.96584503495
580.6|1.0|0.88|0.0|-164430.51451179478|-164429.93433894118|-164429.36677854092|-164428.76138078063|-164428.15598302035
580.8|1.0|0.88|0.0|-164582.51628330705|-164582.45322104034|-164582.41538368037|-164582.3144840536|-164582.22619688025
581.0|1.0|0.88|0.0|-164411.24840363083|-164410.66823077723|-164410.10067037697|-164409.49527261668|-164408.88987485642
581.2|1.0|0.88|0.0|-164442.72693566958|-164441.91973865585|-164441.15037900218|-164440.30534462846|-164439.4855351614
581.4|1.0|0.88|0.0|-164159.6845905252|-164159.15486748493|-164158.66298180472|-164158.10803385777|-164157.5909232709
581.6|1.0|0.88|0.0|-164029.15357875926|-164028.42205646558|-164027.74098398528|-164026.9716243316|-164026.25271449125
581.8|1.0|0.88|0.0|-164248.91467932943|-164248.20838194244|-164247.53992191545|-164246.79578716846|-164246.0768773281
582.0|1.0|0.88|0.0|-164350.63919872156|-164349.75632698782|-164348.91129261407|-164347.99058352032|-164347.10771178658
582.2|1.0|0.88|0.0|-164235.13191932286|-164234.5265215626|-164233.9211238023|-164233.277888682|-164232.64726601506
582.4|1.0|0.88|0.0|-164083.5124265804|-164082.69261711332|-164081.88542009963|-164081.01516081922|-164080.1701264455
582.6|1.0|0.88|0.0|-164330.30030106875|-164329.13995536155|-164328.00483456103|-164326.81926394714|-164325.6463057866
582.8|1.0|0.88|0.0|-164115.56574355013|-164114.68287181636|-164113.8000000826|-164112.8666785355|-164111.9333569884
583.0|1.0|0.88|0.0|-164213.62682953596|-164212.87008233563|-164212.13856004196|-164211.35658793492|-164210.58722828122
583.2|1.0|0.88|0.0|-163995.3714277431|-163994.41288128935|-163993.46694728892|-163992.4705634751|-163991.48679211465
583.4|1.0|0.88|0.0|-164240.7710319386|-164239.9764473782|-164239.18186281784|-164238.34944089747|-164237.5170189771
583.6|1.0|0.88|0.0|-164357.06906716237|-164356.03484598856|-164355.0006248147|-164353.91595382756|-164352.83128284037
583.8|1.0|0.88|0.0|-164119.21198678025|-164118.4552395799|-164117.6858799262|-164116.8786829125|-164116.08409835212
584.0|1.0|0.88|0.0|-164195.09769492468|-164194.328335271|-164193.57158807066|-164192.76439105696|-164191.9571940433
584.2|1.0|0.88|0.0|-164372.04670174565|-164370.96203075847|-164369.9151971313|-164368.79268878413|-164367.6827928903
584.4|1.0|0.88|0.0|-164553.02968945666|-164552.2855547096|-164551.57925732262|-164550.80989766892|-164550.0531504686
584.6|1.0|0.88|0.0|-164244.83177965964|-164244.57953059286|-164244.3272815261|-164244.03719509928|-164243.75972112585
584.8|1.0|0.88|0.0|-164297.93232297542|-164297.1881882284|-164296.48189084142|-164295.71253118772|-164294.9557839874
585.0|1.0|0.88|0.0|-164451.514167287|-164450.97183179343|-164450.4547212065|-164449.89977325956|-164449.34482531267
585.2|1.0|0.88|0.0|-164516.50861807328|-164515.72664596626|-164514.9698987659|-164514.16270175218|-164513.3555047385
585.4|1.0|0.88|0.0|-164452.94427121937|-164452.09923684565|-164451.25420247193|-164450.37133073815|-164449.5136839111
585.6|1.0|0.88|0.0|-164584.39405173127|-164583.4355052775|-164582.5021837304|-164581.51841236991|-164580.53464100946
585.8|1.0|0.88|0.0|-164200.1603448859|-164199.60539693895|-164199.0756738987|-164198.4955010451|-164197.92794064482
586.0|1.0|0.88|0.0|-164358.32050975962|-164357.6142123726|-164356.9457523456|-164356.2016175986|-164355.47009530492
586.2|1.0|0.88|0.0|-164263.30005574465|-164262.4171840109|-164261.55953718384|-164260.63882809007|-164259.74334390298
586.4|1.0|0.88|0.0|-164183.7536203923|-164183.22389735203|-164182.71939921848|-164182.16445127156|-164181.60950332464
586.6|1.0|0.88|0.0|-164403.09282575487|-164402.8405766881|-164402.60094007466|-164402.31085364782|-164402.03337967437
586.8|1.0|0.88|0.0|-164559.03492176655|-164558.3790741929|-164557.74845152593|-164557.0673790456|-164556.38630656528
587.0|1.0|0.88|0.0|-164656.11297511845|-164655.34361546475|-164654.63731807776|-164653.8427335174|-164653.07337386368
587.2|1.0|0.88|0.0|-164317.66040434194|-164317.05500658168|-164316.4496088214|-164315.79376124777|-164315.1631385808
587.4|1.0|0.88|0.0|-164493.6545782373|-164493.0996302904|-164492.56990725014|-164491.98973439654|-164491.42217399628
587.6|1.0|0.88|0.0|-164609.23687921048|-164608.49274446344|-164607.7738346231|-164606.97925006275|-164606.2225028624
587.8|1.0|0.88|0.0|-164424.90238095348|-164423.95644695303|-164423.0357378593|-164422.0393540455|-164421.06819513836
588.0|1.0|0.88|0.0|-164463.00887644553|-164462.7061775654|-164462.4160911386|-164462.07555489845|-164461.74763111162
588.2|1.0|0.88|0.0|-164583.75650612585|-164583.06282119217|-164582.3943611652|-164581.67545132487|-164580.95654148454
588.4|1.0|0.88|0.0|-164458.401253115|-164457.8210802614|-164457.25351986114|-164456.61028474083|-164456.00488698058
588.6|1.0|0.88|0.0|-164365.3976037604|-164364.9813928002|-164364.59040674666|-164364.13635842648|-164363.68231010623
588.8|1.0|0.88|0.0|-164276.27732178205|-164275.2683255149|-164274.28455415447|-164273.22510807394|-164272.2034993535
589.0|1.0|0.88|0.0|-164382.93157571516|-164382.08654134144|-164381.24150696772|-164380.35863523395|-164379.50098840691
589.2|1.0|0.88|0.0|-164218.09126234386|-164217.08226607673|-164216.09849471628|-164215.03904863578|-164214.03005236862
589.4|1.0|0.88|0.0|-164415.90954058903|-164414.9636065886|-164414.05550994817|-164413.08435104106|-164412.12580458727
589.6|1.0|0.88|0.0|-164371.94946822152|-164371.6215444347|-164371.3314580079|-164370.96569686104|-164370.5999357142
589.8|1.0|0.88|0.0|-164675.4075311657|-164674.46159716524|-164673.52827561813|-164672.53189180433|-164671.57334535057
590.0|1.0|0.88|0.0|-164374.79238608896|-164374.46446230213|-164374.17437587536|-164373.82122718185|-164373.50591584836
590.2|1.0|0.88|0.0|-164462.29758735644|-164462.095788103|-164461.91921375622|-164461.67957714282|-164461.46516543604
590.4|1.0|0.88|0.0|-164500.33661711938|-164499.65554463907|-164498.99969706542|-164498.29339967843|-164497.59971474475
590.6|1.0|0.88|0.0|-164710.18261577716|-164709.56460556356|-164708.9718202566|-164708.315972683|-164707.68535001602
590.8|1.0|0.88|0.0|-164531.56505158724|-164530.8335292936|-164530.12723190658|-164529.37048470625|-164528.62634995923
591.0|1.0|0.88|0.0|-164264.75320094608|-164263.80726694563|-164262.8865578519|-164261.9027864914|-164260.94424003764
591.2|1.0|0.88|0.0|-164552.21613236802|-164551.73685914112|-164551.29542327425|-164550.7909251407|-164550.29903946043
591.4|1.0|0.88|0.0|-164419.80556069643|-164419.3136750162|-164418.84701424264|-164418.29206629572|-164417.78756816214
591.6|1.0|0.88|0.0|-164568.31582805296|-164567.77349255938|-164567.2689944258|-164566.70143402557|-164566.13387362528
591.8|1.0|0.88|0.0|-164541.59195777483|-164541.31448380137|-164541.04962228122|-164540.73431094777|-164540.43161206762
592.0|1.0|0.88|0.0|-164420.40891632377|-164419.72784384346|-164419.04677136312|-164418.34047397613|-164417.64678904245
592.2|1.0|0.88|0.0|-164319.33271526333|-164318.42461862287|-164317.5291344358|-164316.58320043536|-164315.64987888827
592.4|1.0|0.88|0.0|-164415.49122744516|-164414.74709269815|-164413.99034549782|-164413.18314848407|-164412.3885639237
592.6|1.0|0.88|0.0|-164479.44486156825|-164478.30974076773|-164477.19984487386|-164476.03949916665|-164474.87915345945
592.8|1.0|0.88|0.0|-164375.7704951199|-164374.83717357283|-164373.90385202577|-164372.92008066527|-164371.9741466648
593.0|1.0|0.88|0.0|-164703.05433441565|-164702.65073590877|-164702.28497476195|-164701.84353889507|-164701.4399403882
593.2|1.0|0.88|0.0|-164599.77464598324|-164598.79087462282|-164597.81971571568|-164596.78549454187|-164595.7764982747
593.4|1.0|0.88|0.0|-164740.32006286134|-164739.61376547432|-164738.93269299404|-164738.188558247|-164737.4696484067
593.6|1.0|0.88|0.0|-164611.39361219885|-164610.321553665|-164609.24949513117|-164608.13959923733|-164607.0423157968
593.8|1.0|0.88|0.0|-164534.35048649524|-164533.08924116133|-164531.86583318742|-164530.5793629468|-164529.30550515954
594.0|1.0|0.88|0.0|-164675.88202300106|-164674.69645238717|-164673.51088177328|-164672.27486134603|-164671.06406582549
594.2|1.0|0.88|0.0|-164567.93961031278|-164566.88016423225|-164565.84594305846|-164564.72343471125|-164563.65137617744
594.4|1.0|0.88|0.0|-164501.8900454346|-164501.07023596755|-164500.27565140717|-164499.41800458013|-164498.57297020638
594.6|1.0|0.88|0.0|-164811.011599593|-164810.0152157792|-164809.0440568721|-164808.02244815163|-164807.01345188447
594.8|1.0|0.88|0.0|-164521.10912517298|-164520.06229154585|-164519.0532952787|-164517.98123674488|-164516.92179066438
595.0|1.0|0.88|0.0|-164703.3590759246|-164702.6780034443|-164701.996930964|-164701.2654086703|-164700.54649882996
595.2|1.0|0.88|0.0|-164679.00389874322|-164678.7390372231|-164678.49940060967|-164678.19670172952|-164677.9192277561
595.4|1.0|0.88|0.0|-164889.61925705473|-164889.22827100122|-164888.82467249435|-164888.38323662747|-164887.9670256673
595.6|1.0|0.88|0.0|-164840.6214044916|-164839.6250206778|-164838.6538617707|-164837.61964059688|-164836.61064432975
595.8|1.0|0.88|0.0|-164783.41131614495|-164782.6924063046|-164781.9861089176|-164781.2167492639|-164780.48522697022
596.0|1.0|0.88|0.0|-164775.96996867482|-164775.47808299458|-164774.98619731434|-164774.44386182074|-164773.9141387805
596.2|1.0|0.88|0.0|-164852.2870541446|-164851.40418241086|-164850.52131067708|-164849.60060158334|-164848.65466758292
596.4|1.0|0.88|0.0|-164369.30715651982|-164368.0206862792|-164366.7594409453|-164365.409908438|-164364.08560083737
596.6|1.0|0.88|0.0|-164548.07799478018|-164547.1194483264|-164546.1861267793|-164545.17713051217|-164544.19335915172
596.8|1.0|0.88|0.0|-164468.07557426163|-164467.419726688|-164466.76387911435|-164466.0701941807|-164465.37650924706
597.0|1.0|0.88|0.0|-164409.14042220337|-164408.4845746297|-164407.85395196272|-164407.17287948242|-164406.49180700208
597.2|1.0|0.88|0.0|-164249.38865514746|-164248.43010869366|-164247.49678714658|-164246.48779087942|-164245.51663197234
597.4|1.0|0.88|0.0|-164327.23926982188|-164326.797833955|-164326.4068479015|-164325.9275746746|-164325.49875126107
597.6|1.0|0.88|0.0|-164467.36849965635|-164466.62436490934|-164465.88023016232|-164465.09825805528|-164464.34151085495
597.8|1.0|0.88|0.0|-164533.00896680824|-164532.2017697945|-164531.40718523416|-164530.5495384071|-164529.7171164867
598.0|1.0|0.88|0.0|-164327.30174908097|-164326.75941358737|-164326.2296905471|-164325.66213014687|-164325.0945697466
598.2|1.0|0.88|0.0|-164074.88260650876|-164074.2267589351|-164073.59613626814|-164072.88983888118|-164072.22137885418
598.4|1.0|0.88|0.0|-164344.4451539506|-164343.39832032344|-164342.35148669628|-164341.25420325578|-164340.16953226863
598.6|1.0|0.88|0.0|-164260.08323768937|-164259.5409021958|-164259.0364040622|-164258.4562312086|-164257.90128326172
598.8|1.0|0.88|0.0|-164084.2663624368|-164083.34565334307|-164082.4375567026|-164081.4663977955|-164080.50785134174
599.0|1.0|0.88|0.0|-164301.65963378278|-164300.94072394245|-164300.25965146214|-164299.50290426178|-164298.7713819681
599.2|1.0|0.88|0.0|-164198.35294090785|-164197.5709688008|-164196.77638424045|-164195.94396232005|-164195.124152853
599.4|1.0|0.88|0.0|-164280.17988953763|-164279.27179289723|-164278.38892116348|-164277.45559961637|-164276.5222780693
599.6|1.0|0.88|0.0|-164153.67698254532|-164152.90762289165|-164152.1508756913|-164151.3436786776|-164150.54909411722
599.8|1.0|0.88|0.0|-164149.22863881104|-164148.8628776642|-164148.5097289707|-164148.10613046386|-164147.72775686366
600.0|1.0|0.88|0.0|-164025.10260775726|-164024.11883639678|-164023.17290239633|-164022.15129367588|-164021.1675223154
600.2|1.0|0.88|0.0|-164432.17521016367|-164431.67071203009|-164431.19143880322|-164430.66171576295|-164430.13199272272
600.4|1.0|0.88|0.0|-164081.3705208627|-164080.8660227291|-164080.36152459553|-164079.8065766486|-164079.27685360835
600.6|1.0|0.88|0.0|-164257.33946985137|-164256.92325889115|-164256.53227283765|-164256.09083697078|-164255.6494011039
600.8|1.0|0.88|0.0|-164124.15194542398|-164123.30691105023|-164122.47448912988|-164121.5790049428|-164120.7213581157
601.0|1.0|0.88|0.0|-164119.81268846057|-164119.10639107355|-164118.4127061399|-164117.68118384623|-164116.9622740059
601.2|1.0|0.88|0.0|-164524.67599262777|-164524.43635601434|-164524.23455676093|-164523.95708278747|-164523.7048337207
601.4|1.0|0.88|0.0|-164202.1737592869|-164201.54313661993|-164200.93773885968|-164200.26927883268|-164199.61343125903
601.6|1.0|0.88|0.0|-164413.86920264954|-164413.28902979594|-164412.73408184905|-164412.10345918208|-164411.4980614218
601.8|1.0|0.88|0.0|-164298.59710720976|-164297.8403600094|-164297.09622526242|-164296.27641579535|-164295.50705614168
602.0|1.0|0.88|0.0|-164467.4040290916|-164466.5085449045|-164465.62567317075|-164464.69235162364|-164463.78425498324
602.2|1.0|0.88|0.0|-164560.85409644822|-164560.34959831467|-164559.87032508777|-164559.3406020475|-164558.83610391396
602.4|1.0|0.88|0.0|-164745.10942728075|-164744.39051744045|-164743.70944496014|-164742.95269775976|-164742.2211754661
602.6|1.0|0.88|0.0|-164450.20542920494|-164449.4612944579|-164448.7549970709|-164447.9730249639|-164447.2036653102
602.8|1.0|0.88|0.0|-164575.76326612913|-164575.574079329|-164575.3848925289|-164575.1578683688|-164574.91823175538
603.0|1.0|0.88|0.0|-164577.36931688426|-164576.70085685726|-164576.04500928364|-164575.33871189665|-164574.63241450963
603.2|1.0|0.88|0.0|-164809.41737752897|-164808.74891750197|-164808.11829483503|-164807.411997448|-164806.7309249677
603.4|1.0|0.88|0.0|-164521.08408174122|-164520.50390888762|-164519.93634848736|-164519.31833827373|-164518.7255529668
603.6|1.0|0.88|0.0|-164626.116201901|-164625.37206715398|-164624.66576976702|-164623.89641011332|-164623.13966291296
603.8|1.0|0.88|0.0|-164381.0183961601|-164380.48867311986|-164379.98417498628|-164379.40400213268|-164378.87427909242
604.0|1.0|0.88|0.0|-164120.1884400191|-164119.44430527207|-164118.72539543174|-164117.95603577807|-164117.19928857769
604.2|1.0|0.88|0.0|-164105.94898019911|-164105.06610846537|-164104.22107409165|-164103.31297745122|-164102.44271817085
604.4|1.0|0.88|0.0|-164172.59318364353|-164171.54635001638|-164170.52474129587|-164169.44007030872|-164168.38062422824
604.6|1.0|0.88|0.0|-164053.70592735492|-164052.92395524788|-164052.16720804753|-164051.3600110338|-164050.5528140201
604.8|1.0|0.88|0.0|-164219.67168041167|-164219.02844529136|-164218.38521017108|-164217.70413769077|-164217.04829011712
605.0|1.0|0.88|0.0|-164636.46189343574|-164635.9321703955|-164635.42767226193|-164634.84749940832|-164634.3177763681
605.2|1.0|0.88|0.0|-164348.69243597303|-164347.60776498585|-164346.535706452|-164345.40058565149|-164344.30330221096
605.4|1.0|0.88|0.0|-164246.0229154804|-164244.7616701465|-164243.52564971926|-164242.21395457198|-164240.95270923804
605.6|1.0|0.88|0.0|-164257.63898500582|-164256.64260119203|-164255.65882983158|-164254.64983356444|-164253.61561239063
605.8|1.0|0.88|0.0|-164268.39740770418|-164267.7920099439|-164267.2118370903|-164266.56860196998|-164265.95059175635
606.0|1.0|0.88|0.0|-164340.09726649724|-164339.8071800704|-164339.5044811903|-164339.16394495012|-164338.8360211633
606.2|1.0|0.88|0.0|-164497.09945318036|-164496.64540486014|-164496.19135653993|-164495.68685840638|-164495.20758517948
606.4|1.0|0.88|0.0|-164224.76771600204|-164223.74610728156|-164222.7623359211|-164221.71550229396|-164220.70650602682
606.6|1.0|0.88|0.0|-164412.36534696948|-164412.012198276|-164411.68427448918|-164411.29328843564|-164410.92752728882
606.8|1.0|0.88|0.0|-164305.4034397727|-164304.74759219904|-164304.1169695321|-164303.4106721451|-164302.72959966477
607.0|1.0|0.88|0.0|-164593.52232385366|-164592.46287777316|-164591.378206786|-164590.24308598545|-164589.15841499827
607.2|1.0|0.88|0.0|-164406.5805404599|-164405.68505627278|-164404.80218453903|-164403.86886299195|-164402.94815389818
607.4|1.0|0.88|0.0|-164273.31672458717|-164272.6861019202|-164272.06809170658|-164271.4248565863|-164270.76900901264
607.6|1.0|0.88|0.0|-164196.11815728174|-164195.29834781468|-164194.50376325432|-164193.62089152058|-164192.77585714683
607.8|1.0|0.88|0.0|-164528.75143126503|-164528.09558369138|-164527.4649610244|-164526.77127609076|-164526.10281606377
608.0|1.0|0.88|0.0|-164367.20984044453|-164366.73056721763|-164366.2639064441|-164365.75940831052|-164365.24229772363
608.2|1.0|0.88|0.0|-164589.81964188162|-164589.23946902802|-164588.67190862776|-164588.05389841413|-164587.4611131072
608.4|1.0|0.88|0.0|-164751.2108341725|-164750.68111113226|-164750.16400054534|-164749.5838276917|-164749.02887974482
608.6|1.0|0.88|0.0|-164497.68647405625|-164496.87927704255|-164496.07208002885|-164495.21443320176|-164494.38201128138
608.8|1.0|0.88|0.0|-164243.9239128713|-164242.75095471076|-164241.59060900356|-164240.3545885763|-164239.15640550907
609.0|1.0|0.88|0.0|-164484.1416647436|-164483.58671679668|-164483.05699375644|-164482.47682090284|-164481.9218729559
609.2|1.0|0.88|0.0|-164576.6190277983|-164575.5343568111|-164574.47491073064|-164573.36501483677|-164572.25511894294
609.4|1.0|0.88|0.0|-164392.59341474433|-164391.9627920774|-164391.3573943171|-164390.6763218368|-164390.02047426318
609.6|1.0|0.88|0.0|-164552.0049388937|-164551.4878283068|-164550.99594262656|-164550.4283822263|-164549.89865918606
609.8|1.0|0.88|0.0|-164184.22579952228|-164183.58256440196|-164182.9267168283|-164182.23303189466|-164181.5645718677
610.0|1.0|0.88|0.0|-164459.6061057306|-164459.3034068505|-164459.0133204237|-164458.67278418352|-164458.35747285007
610.2|1.0|0.88|0.0|-163843.7021718169|-163843.26073595005|-163842.85713744315|-163842.3904766696|-163841.9616532561
610.4|1.0|0.88|0.0|-164026.12589166203|-164025.6087810751|-164025.1168953949|-164024.57455990132|-164024.04483686105
610.6|1.0|0.88|0.0|-164264.77416581853|-164263.81561936476|-164262.8696853643|-164261.8733015505|-164260.88953019003
610.8|1.0|0.88|0.0|-164055.1551913208|-164054.10835769365|-164053.08674897318|-164052.01469043936|-164050.9678568122
611.0|1.0|0.88|0.0|-164094.1888193767|-164093.65909633643|-164093.16721065622|-164092.62487516264|-164092.0951521224
611.2|1.0|0.88|0.0|-163946.38626708844|-163945.91960631488|-163945.49078290135|-163944.99889722108|-163944.51962399422
611.4|1.0|0.88|0.0|-164427.55649128396|-164426.57271992348|-164425.62678592306|-164424.61778965592|-164423.63401829544
611.6|1.0|0.88|0.0|-164592.02526272697|-164591.3568027|-164590.70095512635|-164589.982045286|-164589.27574789902
611.8|1.0|0.88|0.0|-164394.25133758507|-164393.05315451787|-164391.8423589973|-164390.60633857004|-164389.3703181428
612.0|1.0|0.88|0.0|-164642.94992295597|-164642.11750103562|-164641.3229164752|-164640.45265719484|-164639.59501036778
612.2|1.0|0.88|0.0|-164406.20549971316|-164405.3478528861|-164404.51543096572|-164403.63255923198|-164402.76229995157
612.4|1.0|0.88|0.0|-164346.3846335253|-164345.37563725814|-164344.3918658977|-164343.34503227056|-164342.32342355006
612.6|1.0|0.88|0.0|-164325.43590791404|-164324.578261087|-164323.69538935323|-164322.7872927128|-164321.87919607238
612.8|1.0|0.88|0.0|-164511.81013090757|-164510.86419690715|-164509.95610026672|-164508.97232890627|-164508.0263949058
613.0|1.0|0.88|0.0|-164486.16894188532|-164484.95814636475|-164483.75996329755|-164482.49871796364|-164481.26269753638
613.2|1.0|0.88|0.0|-164323.57228420913|-164322.84076191543|-164322.13446452847|-164321.36510487477|-164320.62097012775
613.4|1.0|0.88|0.0|-164714.87364905817|-164714.3313135646|-164713.80159052435|-164713.22141767075|-164712.64124481715
613.6|1.0|0.88|0.0|-164569.80124905438|-164569.43548790753|-164569.0949516674|-164568.6913531605|-164568.300367107
613.8|1.0|0.88|0.0|-164464.1467274318|-164463.42781759147|-164462.72152020448|-164461.96477300412|-164461.2206382571
614.0|1.0|0.88|0.0|-164373.04301266873|-164372.16014093495|-164371.30249410792|-164370.3943974675|-164369.4863008271
614.2|1.0|0.88|0.0|-164419.6701647481|-164419.17827906783|-164418.69900584096|-164418.14405789404|-164417.62694730712
614.4|1.0|0.88|0.0|-164145.77449246755|-164145.03035772053|-164144.3114478802|-164143.54208822653|-164142.78534102617
614.6|1.0|0.88|0.0|-164313.84804566592|-164313.19219809226|-164312.57418787864|-164311.8931153983|-164311.23726782468
614.8|1.0|0.88|0.0|-164591.25895686186|-164590.61572174155|-164589.99771152792|-164589.31663904764|-164588.660791474
615.0|1.0|0.88|0.0|-164423.47409721967|-164422.70473756595|-164421.96060281896|-164421.15340580526|-164420.35882124488
615.2|1.0|0.88|0.0|-164522.66845429086|-164521.77297010378|-164520.8774859167|-164519.95677682292|-164519.02345527583
615.4|1.0|0.88|0.0|-164426.10751152586|-164425.2877020588|-164424.4805050451|-164423.622858218|-164422.77782384428
615.6|1.0|0.88|0.0|-164291.27099338453|-164290.3628967441|-164289.4926374637|-164288.5593159166|-164287.6638317295
615.8|1.0|0.88|0.0|-164278.4062909785|-164277.20810791128|-164276.06037465745|-164274.83696668354|-164273.63878361633
616.0|1.0|0.88|0.0|-164104.33763743454|-164103.99710119434|-164103.66917740754|-164103.29080380738|-164102.92504266053
616.2|1.0|0.88|0.0|-164189.15566285732|-164188.97908851056|-164188.84035152386|-164188.62593981705|-164188.44936547033
616.4|1.0|0.88|0.0|-163893.12439924537|-163892.3928769517|-163891.6739671114|-163890.92983236437|-163890.17308516402
616.6|1.0|0.88|0.0|-163796.69609869912|-163796.21682547225|-163795.76277715203|-163795.23305411177|-163794.74116843156
616.8|1.0|0.88|0.0|-164302.02877424812|-164301.10806515437|-164300.1873560606|-164299.2161971535|-164298.2576506997
617.0|1.0|0.88|0.0|-164114.8396123815|-164114.2594395279|-164113.69187912764|-164113.06125646067|-164112.4558587004
617.2|1.0|0.88|0.0|-163843.8034676396|-163843.05933289262|-163842.3404230523|-163841.5710633986|-163840.81431619826
617.4|1.0|0.88|0.0|-164108.075926554|-164107.4831412471|-164106.9155808468|-164106.27234572652|-164105.6543355129
617.6|1.0|0.88|0.0|-164126.66668277603|-164126.56578314933|-164126.4648835226|-164126.32614653587|-164126.18740954914
617.8|1.0|0.88|0.0|-164291.20146589883|-164290.5456183252|-164289.91499565824|-164289.20869827128|-164288.55285069763
618.0|1.0|0.88|0.0|-163799.62592847552|-163798.9448559952|-163798.26378351488|-163797.54487367452|-163796.82596383418
618.2|1.0|0.88|0.0|-164217.71614421703|-164217.2368709901|-164216.78282266992|-164216.26571208303|-164215.76121394947
618.4|1.0|0.88|0.0|-164308.81935795245|-164307.97432357873|-164307.12928920498|-164306.25902992458|-164305.38877064415
618.6|1.0|0.88|0.0|-164276.6842317085|-164276.12928376155|-164275.62478562797|-164275.06983768105|-164274.51488973413
618.8|1.0|0.88|0.0|-164474.83259339075|-164474.5298945106|-164474.25242053714|-164473.911884297|-164473.59657296352
619.0|1.0|0.88|0.0|-164268.76539666258|-164268.47531023578|-164268.18522380898|-164267.8446875688|-164267.516763782
619.2|1.0|0.88|0.0|-164366.24941244695|-164365.82058903342|-164365.40437807323|-164364.95032975302|-164364.50889388614
619.4|1.0|0.88|0.0|-164203.88721420476|-164203.68541495132|-164203.48361569794|-164203.24397908448|-164203.0295673777
619.6|1.0|0.88|0.0|-164121.27564483293|-164120.64502216596|-164120.06484931236|-164119.40900173874|-164118.7783790718
619.8|1.0|0.88|0.0|-163978.99554232374|-163978.31446984343|-163977.65862226978|-163976.93971242945|-163976.2460274958
620.0|1.0|0.88|0.0|-164193.77079012035|-164193.48070369355|-164193.2032297201|-164192.85008102658|-164192.54738214647
620.2|1.0|0.88|0.0|-164316.36473052218|-164315.6332082285|-164314.91429838818|-164314.15755118785|-164313.41341644083
620.4|1.0|0.88|0.0|-164378.7693378926|-164378.27745221235|-164377.7855665321|-164377.25584349188|-164376.7261204516
620.6|1.0|0.88|0.0|-164048.50875993044|-164047.9538119835|-164047.3736391299|-164046.76824136963|-164046.18806851603
620.8|1.0|0.88|0.0|-164445.0975236657|-164443.9371779585|-164442.802057158|-164441.62909899745|-164440.45614083688
621.0|1.0|0.88|0.0|-164060.42689394573|-164060.0611327989|-164059.72059655873|-164059.34222295854|-164058.95123690504
621.2|1.0|0.88|0.0|-164068.31152891327|-164068.13495456649|-164067.99621757978|-164067.78180587298|-164067.58000661957
621.4|1.0|0.88|0.0|-164177.56367059037|-164176.98349773674|-164176.42854978985|-164175.79792712288|-164175.20514181594
621.6|1.0|0.88|0.0|-163967.47382694352|-163966.7170797432|-163965.9855574495|-163965.17836043576|-163964.4090007821
621.8|1.0|0.88|0.0|-164312.9407068262|-164312.2722467992|-164311.62901167892|-164310.92271429193|-164310.24164181162
622.0|1.0|0.88|0.0|-164087.4048162144|-164086.7237437341|-164086.0426712538|-164085.29853650677|-164084.5796266664
622.2|1.0|0.88|0.0|-163915.8200306706|-163915.0506710169|-163914.29392381656|-163913.48672680286|-163912.69214224248
622.4|1.0|0.88|0.0|-163954.49227763907|-163953.50850627862|-163952.53734737152|-163951.5031261977|-163950.5067423839
622.6|1.0|0.88|0.0|-164001.25876712825|-164000.40112030122|-163999.54347347416|-163998.64798928707|-163997.75250509998
622.8|1.0|0.88|0.0|-164020.43458214705|-164020.16972062693|-164019.95530892018|-164019.66522249338|-164019.3877485199
623.0|1.0|0.88|0.0|-164166.6122648191|-164165.72939308535|-164164.8465213516|-164163.91319980452|-164163.00510316406
623.2|1.0|0.88|0.0|-164246.8570541322|-164246.16336919856|-164245.4696842649|-164244.7129370646|-164243.9814147709
623.4|1.0|0.88|0.0|-164039.12881325325|-164038.1450418928|-164037.19910789235|-164036.1901116252|-164035.2063402648
623.6|1.0|0.88|0.0|-164340.94906744873|-164340.0409708083|-164339.14548662122|-164338.1995526208|-164337.26623107368
623.8|1.0|0.88|0.0|-164251.74427201928|-164251.214548979|-164250.72266329877|-164250.16771535185|-164249.63799231162
624.0|1.0|0.88|0.0|-164091.67836193557|-164090.54324113505|-164089.45857014786|-164088.28561198732|-164087.13787873345
624.2|1.0|0.88|0.0|-164079.74859721304|-164079.3449987062|-164078.966625106|-164078.51257678578|-164078.0963658256
624.4|1.0|0.88|0.0|-164117.9138810175|-164117.22019608383|-164116.55173605686|-164115.83282621653|-164115.11391637617
624.6|1.0|0.88|0.0|-164266.01376049992|-164265.28223820624|-164264.57594081928|-164263.8191936189|-164263.06244641857
624.8|1.0|0.88|0.0|-164342.8740511491|-164341.66325562852|-164340.4650725613|-164339.21643968072|-164338.00564416015
625.0|1.0|0.88|0.0|-164499.33637174606|-164498.44088755897|-164497.57062827857|-164496.63730673149|-164495.71659763771
625.2|1.0|0.88|0.0|-164668.1705998569|-164667.51475228326|-164666.909354523|-164666.21566958935|-164665.54720956236
625.4|1.0|0.88|0.0|-164208.61063753607|-164207.9169526024|-164207.26110502874|-164206.52958273506|-164205.8358978014
625.6|1.0|0.88|0.0|-164495.88923490976|-164495.20816242942|-164494.57753976248|-164493.8712423755|-164493.16494498847
625.8|1.0|0.88|0.0|-164412.03766870376|-164411.3061464101|-164410.59984902307|-164409.8304893694|-164409.08635462236
626.0|1.0|0.88|0.0|-164088.58488341863|-164087.97948565838|-164087.37408789806|-164086.71824032444|-164086.0876176575
626.2|1.0|0.88|0.0|-164274.92337182365|-164273.8765381965|-164272.86754192936|-164271.78287094223|-164270.72342486173
626.4|1.0|0.88|0.0|-164309.52478101617|-164308.33921040228|-164307.1536397884|-164305.9176193611|-164304.70682384056
626.6|1.0|0.88|0.0|-163923.9116326231|-163923.12966051605|-163922.37291331572|-163921.565716302|-163920.7711317416
626.8|1.0|0.88|0.0|-163873.30102227154|-163872.7712992313|-163872.26680109775|-163871.72446560414|-163871.18213011057
627.0|1.0|0.88|0.0|-163910.97915099992|-163910.2097913462|-163909.4656565992|-163908.64584713217|-163907.85126257178
627.2|1.0|0.88|0.0|-164038.94510257957|-164038.30186745923|-164037.68385724563|-164036.99017231198|-164036.321712285
627.4|1.0|0.88|0.0|-163809.37598147916|-163808.50572219875|-163807.63546291835|-163806.72736627792|-163805.8192696375
627.6|1.0|0.88|0.0|-163920.45732749192|-163919.8140923716|-163919.196082158|-163918.52762213102|-163917.87177455737
627.8|1.0|0.88|0.0|-163831.83803118172|-163831.06867152802|-163830.29931187435|-163829.47950240728|-163828.6723053936
628.0|1.0|0.88|0.0|-163741.3220382253|-163740.65357819837|-163740.01034307806|-163739.32927059775|-163738.64819811744
628.2|1.0|0.88|0.0|-163789.08271051597|-163788.489925209|-163787.89713990208|-163787.25390478177|-163786.62328211483
628.4|1.0|0.88|0.0|-164008.13991494008|-164006.8912820595|-164005.6678740856|-164004.381403845|-164003.12015851107
628.6|1.0|0.88|0.0|-163889.04116147602|-163888.41053880908|-163887.7799161421|-163887.09884366178|-163886.44299608815
628.8|1.0|0.88|0.0|-163848.883110044|-163848.10113793696|-163847.35700318994|-163846.5624186296|-163845.7678340692
629.0|1.0|0.88|0.0|-164018.85701044198|-164017.99936361494|-164017.14171678785|-164016.25884505414|-164015.36336086705
629.2|1.0|0.88|0.0|-163986.27304482242|-163985.2388236486|-163984.21721492813|-163983.1451563943|-163982.08571031378
629.4|1.0|0.88|0.0|-164298.80841001752|-164298.0516628172|-164297.30752807017|-164296.51294350982|-164295.73097140278
629.6|1.0|0.88|0.0|-164077.9434258605|-164077.0353292201|-164076.12723257966|-164075.18129857923|-164074.26058948544
629.8|1.0|0.88|0.0|-163923.3411027405|-163922.25643175334|-163921.1843732195|-163920.04925241898|-163918.95196897845
630.0|1.0|0.88|0.0|-164005.3179491862|-164004.61165179923|-164003.9179668656|-164003.1612196652|-164002.42969737152
630.2|1.0|0.88|0.0|-164114.9342029755|-164114.12700596178|-164113.30719649474|-164112.44954966768|-164111.60451529396
630.4|1.0|0.88|0.0|-164127.02954572783|-164126.5376600476|-164126.03316191403|-164125.4782139671|-164124.94849092685
630.6|1.0|0.88|0.0|-164417.6109911041|-164416.84163145037|-164416.09749670338|-164415.302912143|-164414.50832758265
630.8|1.0|0.88|0.0|-164104.63296149156|-164103.87621429117|-164103.13207954416|-164102.3374949838|-164101.54291042342
631.0|1.0|0.88|0.0|-164467.6918063581|-164466.64497273095|-164465.5981391038|-164464.51346811664|-164463.40357222277
631.2|1.0|0.88|0.0|-164616.8110089304|-164616.19299871678|-164615.58760095647|-164614.9191409295|-164614.26329335585
631.4|1.0|0.88|0.0|-164455.94781328551|-164454.9135921117|-164453.90459584456|-164452.8577622174|-164451.81092859025
631.6|1.0|0.88|0.0|-164243.1687269789|-164242.31108015185|-164241.4912706848|-164240.59578649772|-164239.73813967063
631.8|1.0|0.88|0.0|-164255.3271319979|-164254.89830858438|-164254.4820976242|-164254.02804930398|-164253.56138853042
632.0|1.0|0.88|0.0|-164568.1975844097|-164567.57957419608|-164566.99940134247|-164566.36877867553|-164565.73815600856
632.2|1.0|0.88|0.0|-164204.43349834817|-164203.76503832123|-164203.15964056092|-164202.45334317395|-164201.78488314696
632.4|1.0|0.88|0.0|-164269.7660066453|-164269.04709680498|-164268.340799418|-164267.5840522176|-164266.82730501727
632.6|1.0|0.88|0.0|-163934.77563621756|-163934.23330072398|-163933.6909652304|-163933.1107923768|-163932.5432319765
632.8|1.0|0.88|0.0|-164227.48737900748|-164226.79369407383|-164226.1126215935|-164225.38109929982|-164224.64957700614
633.0|1.0|0.88|0.0|-163993.22287001414|-163992.68053452054|-163992.1634239336|-163991.59586353338|-163991.04091558643
633.2|1.0|0.88|0.0|-164130.6562264411|-164130.22740302756|-164129.79857961403|-164129.31930638716|-164128.84003316026
633.4|1.0|0.88|0.0|-164408.71037275734|-164408.0923625437|-164407.52480214348|-164406.8941794765|-164406.26355680957
633.6|1.0|0.88|0.0|-164569.544377739|-164568.91375507202|-164568.30835731173|-164567.63989728477|-164566.99666216449
633.8|1.0|0.88|0.0|-164492.94571437527|-164491.94933056145|-164490.99078410768|-164489.9565629339|-164488.9727915734
634.0|1.0|0.88|0.0|-164316.70609158266|-164315.82321984894|-164314.96557302185|-164314.05747638142|-164313.14937974102
634.2|1.0|0.88|0.0|-164441.55057128434|-164440.94517352406|-164440.3523882171|-164439.69654064346|-164439.06591797652
634.4|1.0|0.88|0.0|-164336.20464271223|-164335.4226706052|-164334.6785358582|-164333.84611393782|-164333.0389169241
634.6|1.0|0.88|0.0|-164317.2304245096|-164316.12052861572|-164315.01063272188|-164313.85028701468|-164312.71516621413
634.8|1.0|0.88|0.0|-164105.93748884866|-164104.84020540814|-164103.75553442098|-164102.6330260738|-164101.49790527325
635.0|1.0|0.88|0.0|-164466.85545360355|-164466.27528074995|-164465.7455577097|-164465.14015994943|-164464.53476218914
635.2|1.0|0.88|0.0|-164055.99917543906|-164055.31810295876|-164054.63703047842|-164053.93073309143|-164053.2118232511
635.4|1.0|0.88|0.0|-164158.7900057889|-164157.7557846151|-164156.72156344127|-164155.66211736077|-164154.6026712803
635.6|1.0|0.88|0.0|-164135.58309164474|-164134.95246897778|-164134.32184631084|-164133.65338628384|-164132.99753871022
635.8|1.0|0.88|0.0|-164279.50339450082|-164278.46917332697|-164277.48540196655|-164276.42595588605|-164275.39173471223
636.0|1.0|0.88|0.0|-163948.6156811466|-163947.7454218662|-163946.8877750391|-163945.9796783987|-163945.0841942116
636.2|1.0|0.88|0.0|-164243.7344768308|-164242.54890621692|-164241.38856050972|-164240.17776498914|-164238.9795819219
636.4|1.0|0.88|0.0|-164351.01600493415|-164349.6790848802|-164348.35477727957|-164346.9800198656|-164345.61787490497
636.6|1.0|0.88|0.0|-164499.35643117674|-164498.41049717632|-164497.47717562923|-164496.48079181544|-164495.5096329083
636.8|1.0|0.88|0.0|-164430.7572974648|-164430.00055026443|-164429.26902797076|-164428.46183095704|-164427.66724639668
637.0|1.0|0.88|0.0|-164331.06846627165|-164330.29910661795|-164329.52974696428|-164328.72254995056|-164327.91535293686
637.2|1.0|0.88|0.0|-164226.5522774056|-164225.94687964534|-164225.34148188503|-164224.6856343114|-164224.05501164446
637.4|1.0|0.88|0.0|-164299.06127165272|-164298.00182557225|-164296.9676043984|-164295.87032095794|-164294.78564997076
637.6|1.0|0.88|0.0|-164488.13033830142|-164487.17179184762|-164486.2258578472|-164485.21686158003|-164484.23309021958
637.8|1.0|0.88|0.0|-164584.8275733948|-164583.74290240763|-164582.68345632715|-164581.5735604333|-164580.4510520861
638.0|1.0|0.88|0.0|-164298.6154991657|-164298.08577612546|-164297.5560530852|-164296.98849268496|-164296.4209322847
638.2|1.0|0.88|0.0|-164467.77372335122|-164467.35751239103|-164466.94130143084|-164466.49986556394|-164466.0584296971
638.4|1.0|0.88|0.0|-164941.64675847514|-164940.46118786125|-164939.2882297007|-164938.06482172682|-164936.85402620625
638.6|1.0|0.88|0.0|-164916.6488759568|-164915.77861667643|-164914.9335823027|-164914.03809811562|-164913.15522638187
638.8|1.0|0.88|0.0|-164711.90117713183|-164710.791281238|-164709.7066102508|-164708.5462645436|-164707.41114374308
639.0|1.0|0.88|0.0|-164627.62476391922|-164626.9689163456|-164626.33829367862|-164625.6319962916|-164624.9509238113
639.2|1.0|0.88|0.0|-164543.15916390653|-164542.5663785996|-164541.9735932926|-164541.33035817233|-164540.7123479587
639.4|1.0|0.88|0.0|-164292.7392167475|-164292.20949370725|-164291.70499557367|-164291.15004762675|-164290.62032458652
639.6|1.0|0.88|0.0|-164534.14697325783|-164533.75598720432|-164533.35238869747|-164532.89834037726|-164532.46951696376
639.8|1.0|0.88|0.0|-164405.80738837828|-164405.0506411779|-164404.31911888422|-164403.51192187052|-164402.72994976348
640.0|1.0|0.88|0.0|-164539.75164284068|-164539.19669489373|-164538.6669718535|-164538.09941145327|-164537.53185105298
640.2|1.0|0.88|0.0|-164785.1395350084|-164783.9791893012|-164782.818843594|-164781.63327298008|-164780.44770236622
640.4|1.0|0.88|0.0|-164783.80712868614|-164782.47020863215|-164781.15851348487|-164779.74591871092|-164778.39638620362
640.6|1.0|0.88|0.0|-164560.23903869238|-164559.62102847875|-164559.01563071847|-164558.3597831448|-164557.7039355712
640.8|1.0|0.88|0.0|-164370.85043935076|-164370.32071631053|-164369.8288306303|-164369.24865777665|-164368.70632228308
641.0|1.0|0.88|0.0|-164392.90962024103|-164392.70782098762|-164392.51863418752|-164392.27899757406|-164392.05197341397
641.2|1.0|0.88|0.0|-164393.92651862884|-164393.6238197487|-164393.33373332187|-164392.9805846284|-164392.6526608416
641.4|1.0|0.88|0.0|-164149.14954322294|-164148.31712130253|-164147.52253674218|-164146.65227746175|-164145.81985554137
641.6|1.0|0.88|0.0|-164233.61901095105|-164233.0262256441|-164232.4334403372|-164231.7902052169|-164231.15958254994
641.8|1.0|0.88|0.0|-164266.55012661975|-164265.70509224603|-164264.88528277897|-164264.0276359519|-164263.16998912487
642.0|1.0|0.88|0.0|-164601.7286435131|-164601.0854083928|-164600.4800106325|-164599.8241630589|-164599.16831548524
642.2|1.0|0.88|0.0|-164395.0246954565|-164393.99047428268|-164392.95625310886|-164391.89680702836|-164390.8121360412
642.4|1.0|0.88|0.0|-164400.7712744544|-164399.96407744067|-164399.18210533363|-164398.32445850657|-164397.4920365862
642.6|1.0|0.88|0.0|-164199.3796784883|-164198.76166827467|-164198.1562705144|-164197.51303539408|-164196.85718782045
642.8|1.0|0.88|0.0|-164213.9154587199|-164212.61637602595|-164211.355130692|-164210.01821063808|-164208.71912794415
643.0|1.0|0.88|0.0|-164197.24828912131|-164196.16361813413|-164195.10417205366|-164193.98166370648|-164192.88438026595
643.2|1.0|0.88|0.0|-164366.82272426703|-164365.19571778626|-164363.58132375884|-164361.9164799181|-164360.27686098395
643.4|1.0|0.88|0.0|-164373.76016910974|-164373.09170908277|-164372.4358615091|-164371.74217657544|-164371.0484916418
643.6|1.0|0.88|0.0|-164105.54373639807|-164105.430224318|-164105.34193714464|-164105.16536279785|-164105.0392382645
643.8|1.0|0.88|0.0|-164247.6668425757|-164247.06144481545|-164246.43082214848|-164245.74974966818|-164245.10651454786
644.0|1.0|0.88|0.0|-163989.5796221033|-163988.72197527628|-163987.87694090253|-163986.99406916878|-163986.11119743504
644.2|1.0|0.88|0.0|-163795.61356769333|-163795.00816993305|-163794.42799707945|-163793.7721495058|-163793.14152683885
644.4|1.0|0.88|0.0|-163983.38225378277|-163982.8146933825|-163982.28497034224|-163981.67957258198|-163981.086787275
644.6|1.0|0.88|0.0|-164137.75847827672|-164137.11524315644|-164136.48462048947|-164135.79093555582|-164135.12247552886
644.8|1.0|0.88|0.0|-164321.65468980183|-164320.83488033476|-164320.02768332107|-164319.14481158732|-164318.28716476026
645.0|1.0|0.88|0.0|-164280.35491262126|-164279.96392656775|-164279.5981654209|-164279.16934200737|-164278.76574350052
645.2|1.0|0.88|0.0|-164343.19022209634|-164342.01726393576|-164340.85691822856|-164339.65873516133|-164338.47316454744
645.4|1.0|0.88|0.0|-164194.80276983493|-164194.3487215147|-164193.91989810116|-164193.40278751426|-164192.93612674074
645.6|1.0|0.88|0.0|-164512.84285795502|-164511.7329620612|-164510.6356786207|-164509.48794536685|-164508.36543701962
645.8|1.0|0.88|0.0|-164220.56195134143|-164219.76736678107|-164218.99800712735|-164218.16558520697|-164217.34577573993
646.0|1.0|0.88|0.0|-164453.69565193262|-164453.01457945228|-164452.35873187863|-164451.62720958496|-164450.92091219797
646.2|1.0|0.88|0.0|-164059.13411834626|-164058.453045866|-164057.79719829233|-164057.09090090534|-164056.409828425
646.4|1.0|0.88|0.0|-164068.89785160255|-164068.27984138895|-164067.68705608198|-164067.0438209617|-164066.4005858414
646.6|1.0|0.88|0.0|-164066.81769470894|-164065.73302372178|-164064.67357764125|-164063.53845684073|-164062.44117340024
646.8|1.0|0.88|0.0|-164215.4311206397|-164214.7122107993|-164214.0185258657|-164213.26177866536|-164212.51764391834
647.0|1.0|0.88|0.0|-163889.3102242288|-163888.08681625492|-163886.91385809434|-163885.6400003071|-163884.42920478652
647.2|1.0|0.88|0.0|-164200.26202894657|-164199.80798062636|-164199.3665447595|-164198.87465907927|-164198.38277339903
647.4|1.0|0.88|0.0|-164194.3105023601|-164193.22583137295|-164192.1537728391|-164191.04387694524|-164189.9339810514
647.6|1.0|0.88|0.0|-164285.6387375131|-164284.8063155927|-164283.999118579|-164283.11624684525|-164282.2586000182
647.8|1.0|0.88|0.0|-164367.27726240465|-164366.52051520432|-164365.76376800396|-164364.98179589695|-164364.22504869656
648.0|1.0|0.88|0.0|-164565.06000970444|-164564.21497533072|-164563.3825534103|-164562.49968167656|-164561.6294223962
648.2|1.0|0.88|0.0|-164317.1792889187|-164315.6910194247|-164314.22797483733|-164312.71448043664|-164311.20098603592
648.4|1.0|0.88|0.0|-164374.51550179877|-164373.8470417718|-164373.1785817448|-164372.45967190448|-164371.74076206415
648.6|1.0|0.88|0.0|-164200.9985218108|-164200.56969839727|-164200.16609989043|-164199.68682666353|-164199.25800325
648.8|1.0|0.88|0.0|-164300.3681756697|-164299.61142846936|-164298.86729372235|-164298.07270916193|-164297.29073705495
649.0|1.0|0.88|0.0|-164247.8515754433|-164246.88041653615|-164245.9597074424|-164244.98854853527|-164244.01738962816
649.2|1.0|0.88|0.0|-164665.09288960346|-164664.4244295765|-164663.79380690953|-164663.0875095225|-164662.40643704223
649.4|1.0|0.88|0.0|-164466.37728769786|-164465.49441596412|-164464.63676913705|-164463.72867249665|-164462.8205758562
649.6|1.0|0.88|0.0|-164419.87193328937|-164418.8629370222|-164417.87916566175|-164416.8323320346|-164415.81072331412
649.8|1.0|0.88|0.0|-164262.10275446915|-164261.56041897557|-164261.04330838865|-164260.47574798838|-164259.89557513478
650.0|1.0|0.88|0.0|-164133.11468813653|-164132.81198925636|-164132.5092903762|-164132.16875413607|-164131.81560544256
650.2|1.0|0.88|0.0|-164378.75897123935|-164377.69952515885|-164376.67791643838|-164375.58063299788|-164374.50857446404
650.4|1.0|0.88|0.0|-164387.9710383261|-164387.3656405658|-164386.76024280553|-164386.10439523187|-164385.47377256493
650.6|1.0|0.88|0.0|-164299.75308731693|-164298.7440910498|-164297.76031968932|-164296.70087360885|-164295.66665243503
650.8|1.0|0.88|0.0|-164285.15234950802|-164284.42082721434|-164283.73975473404|-164282.99561998702|-164282.25148524
651.0|1.0|0.88|0.0|-164197.82229533838|-164197.07816059137|-164196.37186320435|-164195.5898910973|-164194.85836880366
651.2|1.0|0.88|0.0|-164155.2544933585|-164154.57342087818|-164153.9049608512|-164153.18605101082|-164152.47975362386
651.4|1.0|0.88|0.0|-164175.2454264562|-164174.38777962912|-164173.5553577087|-164172.65987352162|-164171.78961424125
651.6|1.0|0.88|0.0|-163987.96661736144|-163987.23509506776|-163986.5287976808|-163985.74682557376|-163984.9900783734
651.8|1.0|0.88|0.0|-164341.3410387845|-164340.71041611757|-164340.10501835728|-164339.43655833032|-164338.78071075666
652.0|1.0|0.88|0.0|-164032.57000204513|-164031.88892956483|-164031.25830689786|-164030.55200951087|-164029.87093703056
652.2|1.0|0.88|0.0|-164233.30980939203|-164232.6917991784|-164232.09901387148|-164231.44316629783|-164230.81254363086
652.4|1.0|0.88|0.0|-164051.99079297352|-164050.61603555956|-164049.27911550555|-164047.87913318494|-164046.4791508643
652.6|1.0|0.88|0.0|-164050.50446380128|-164049.76032905426|-164049.05403166727|-164048.28467201357|-164047.54053726658
652.8|1.0|0.88|0.0|-163814.10057855194|-163813.02852001812|-163811.9942988443|-163810.88440295044|-163809.81234441663
653.0|1.0|0.88|0.0|-163794.75341063048|-163793.97143852344|-163793.1768539631|-163792.34443204268|-163791.53723502898
653.2|1.0|0.88|0.0|-164045.32831321572|-164044.5841784687|-164043.85265617503|-164043.05807161468|-164042.27609950764
653.4|1.0|0.88|0.0|-163962.2283078182|-163961.47156061788|-163960.74003832418|-163959.95806621716|-163959.2013190168
653.6|1.0|0.88|0.0|-164241.90824750668|-164241.29023729303|-164240.65961462609|-164239.9911545991|-164239.3479194788
653.8|1.0|0.88|0.0|-164143.78744542965|-164142.84151142923|-164141.90818988212|-164140.92441852167|-164139.9658720679
654.0|1.0|0.88|0.0|-163955.06512951304|-163954.283157406|-163953.4759603923|-163952.6435384719|-163951.81111655151
654.2|1.0|0.88|0.0|-163797.24948982813|-163796.26571846765|-163795.30717201388|-163794.28556329338|-163793.2891794796
654.4|1.0|0.88|0.0|-163981.79050870356|-163981.00853659652|-163980.23917694285|-163979.40675502247|-163978.5869455554
654.6|1.0|0.88|0.0|-163993.49538312602|-163992.91521027242|-163992.33503741882|-163991.6918022985|-163991.08640453825
654.8|1.0|0.88|0.0|-164060.94308700276|-164060.14850244235|-164059.37914278868|-164058.5467208683|-164057.7395238546
655.0|1.0|0.88|0.0|-164032.60552736968|-164031.55869374253|-164030.54969747542|-164029.47763894158|-164028.43080531442
655.2|1.0|0.88|0.0|-164321.4954239082|-164320.76390161453|-164320.03237932085|-164319.26301966715|-164318.49366001348
655.4|1.0|0.88|0.0|-164104.55439746947|-164103.63368837573|-164102.73820418864|-164101.77965773488|-164100.8589486411
655.6|1.0|0.88|0.0|-164055.389110394|-164054.63236319364|-164053.90084089997|-164053.11886879295|-164052.34950913925
655.8|1.0|0.88|0.0|-164050.2180045249|-164049.0828837244|-164047.97298783055|-164046.81264212335|-164045.66490886948
656.0|1.0|0.88|0.0|-163932.4127450111|-163931.10104986382|-163929.82719207657|-163928.50288447592|-163927.17857687533
656.2|1.0|0.88|0.0|-163522.10441297985|-163521.5368525796|-163521.00712953933|-163520.41434423238|-163519.83417137878
656.4|1.0|0.88|0.0|-163622.92871154493|-163622.08367717118|-163621.2512552508|-163620.3557710637|-163619.48551178334
656.6|1.0|0.88|0.0|-163841.81300779493|-163840.98058587455|-163840.17338886086|-163839.30312958042|-163838.4580952067
656.8|1.0|0.88|0.0|-163918.88169508614|-163918.2006226058|-163917.54477503218|-163916.8132527385|-163916.11956780485
657.0|1.0|0.88|0.0|-163901.43295946057|-163900.48702546014|-163899.55370391303|-163898.58254500592|-163897.61138609878
657.2|1.0|0.88|0.0|-164054.77079467868|-164054.08972219838|-164053.42126217138|-164052.7149647844|-164051.99605494406
657.4|1.0|0.88|0.0|-164055.0987184655|-164054.32935881184|-164053.57261161145|-164052.76541459776|-164051.9708300374
657.6|1.0|0.88|0.0|-164288.95481134794|-164288.31157622763|-164287.6809535607|-164286.98726862704|-164286.3061961467
657.8|1.0|0.88|0.0|-164155.94056066134|-164154.9315643942|-164153.92256812708|-164152.8631220466|-164151.82890087276
658.0|1.0|0.88|0.0|-163846.48140553045|-163845.7624956901|-163845.04358584978|-163844.28683864942|-163843.5300914491
658.2|1.0|0.88|0.0|-164011.58305614386|-164010.57405987673|-164009.5776760629|-164008.53084243578|-164007.49662126196
658.4|1.0|0.88|0.0|-163991.93476837353|-163991.43027023994|-163990.9383845597|-163990.39604906613|-163989.87893847923
658.6|1.0|0.88|0.0|-163770.0346548366|-163769.69411859647|-163769.3535823563|-163768.97520875614|-163768.60944760928
658.8|1.0|0.88|0.0|-163809.34269343628|-163808.63639604932|-163807.9300986623|-163807.17335146194|-163806.42921671495
659.0|1.0|0.88|0.0|-163867.76859286637|-163867.36499435952|-163866.99923321267|-163866.55779734583|-163866.1415863856
659.2|1.0|0.88|0.0|-163772.19717399357|-163771.38997697984|-163770.62061732617|-163769.78819540577|-163768.98099839204
659.4|1.0|0.88|0.0|-163771.34011678712|-163770.23022089328|-163769.10771254607|-163767.93475438553|-163766.78702113166
659.6|1.0|0.88|0.0|-163970.33791494925|-163969.1649567887|-163968.0046110815|-163966.80642801427|-163965.62085740038
659.8|1.0|0.88|0.0|-164295.259937874|-164294.33922878027|-164293.44374459318|-164292.48519813942|-164291.5518765923
660.0|1.0|0.88|0.0|-164030.5103882597|-164029.47616708587|-164028.4545583654|-164027.38249983155|-164026.32305375108
660.2|1.0|0.88|0.0|-164229.94414846442|-164228.80902766393|-164227.6486819567|-164226.47572379615|-164225.27754072892
660.4|1.0|0.88|0.0|-164305.41076591134|-164304.62879380432|-164303.89727151062|-164303.06484959024|-164302.2702650299
660.6|1.0|0.88|0.0|-163962.047254322|-163961.61843090848|-163961.18960749495|-163960.71033426808|-163960.24367349452
660.8|1.0|0.88|0.0|-164664.76270456956|-164663.75370830242|-164662.7825493953|-164661.73571576815|-164660.72671950102
661.0|1.0|0.88|0.0|-164296.45178735125|-164295.4932408975|-164294.55991935037|-164293.57614798995|-164292.61760153616
661.2|1.0|0.88|0.0|-164354.03916446574|-164352.87881875853|-164351.743697958|-164350.54551489078|-164349.38516918357
661.4|1.0|0.88|0.0|-164523.21018593255|-164522.25163947878|-164521.31831793167|-164520.30932166454|-164519.3381627574
661.6|1.0|0.88|0.0|-164719.2923772612|-164718.64914214093|-164718.04374438064|-164717.37528435368|-164716.71943678
661.8|1.0|0.88|0.0|-164502.19791496135|-164501.69341682777|-164501.23936850758|-164500.70964546734|-164500.20514733376
662.0|1.0|0.88|0.0|-164273.74782891947|-164272.92801945243|-164272.13343489205|-164271.28840051833|-164270.4685910513
662.2|1.0|0.88|0.0|-164606.61909501225|-164605.62271119846|-164604.62632738467|-164603.59210621085|-164602.58310994372
662.4|1.0|0.88|0.0|-164111.36399926068|-164110.32977808686|-164109.295556913|-164108.23611083254|-164107.17666475204
662.6|1.0|0.88|0.0|-164258.2980015401|-164257.85656567322|-164257.44035471304|-164256.96108148614|-164256.51964561926
662.8|1.0|0.88|0.0|-164208.32746141014|-164207.33107759635|-164206.33469378253|-164205.3004726087|-164204.26625143492
663.0|1.0|0.88|0.0|-164535.58485372688|-164534.9163936999|-164534.28577103297|-164533.59208609926|-164532.91101361896
663.2|1.0|0.88|0.0|-164425.09374187217|-164424.08474560504|-164423.12619915124|-164422.09197797743|-164421.07036925698
663.4|1.0|0.88|0.0|-164340.6100302793|-164340.00463251903|-164339.42445966543|-164338.79383699846|-164338.1632143315
663.6|1.0|0.88|0.0|-164172.35429955777|-164171.24440366394|-164170.1345077701|-164168.9867745162|-164167.83904126234
663.8|1.0|0.88|0.0|-163870.08972813722|-163869.38343075023|-163868.68974581658|-163867.94561106956|-163867.23931368257
664.0|1.0|0.88|0.0|-164142.93773096162|-164142.0926965879|-164141.2602746675|-164140.37740293378|-164139.5197561067
664.2|1.0|0.88|0.0|-164303.73389858322|-164302.80057703616|-164301.8924803957|-164300.90870903526|-164299.95016258146
664.4|1.0|0.88|0.0|-163953.31934505308|-163952.461698226|-163951.60405139893|-163950.70856721184|-163949.8256954781
664.6|1.0|0.88|0.0|-163938.28149423402|-163937.1463734335|-163936.03647753966|-163934.87613183245|-163933.7410110319
664.8|1.0|0.88|0.0|-164064.28539544716|-164062.89802557984|-164061.53588061922|-164060.11067339187|-164058.69807861792
665.0|1.0|0.88|0.0|-164247.9108634913|-164247.09105402423|-164246.2712445572|-164245.40098527676|-164244.55595090304
665.2|1.0|0.88|0.0|-164303.30289424615|-164302.4452474191|-164301.61282549868|-164300.70472885828|-164299.83446957785
665.4|1.0|0.88|0.0|-164261.86295419166|-164260.74044584448|-164259.6179374973|-164258.44497933672|-164257.28463362952
665.6|1.0|0.88|0.0|-164414.64089904065|-164413.31659144003|-164412.0301211994|-164410.68058869214|-164409.35628109155
665.8|1.0|0.88|0.0|-164196.1851087135|-164195.2896245264|-164194.43197769934|-164193.52388105894|-164192.59055951182
666.0|1.0|0.88|0.0|-164180.72355115024|-164180.25689037668|-164179.8154545098|-164179.31095637626|-164178.83168314936
666.2|1.0|0.88|0.0|-164139.205872549|-164138.19687628187|-164137.1878800147|-164136.14104638755|-164135.09421276042
666.4|1.0|0.88|0.0|-164190.61239881377|-164189.80520180002|-164189.02322969303|-164188.19080777263|-164187.35838585225
666.6|1.0|0.88|0.0|-163975.92983010234|-163975.32443234205|-163974.7316470351|-163974.07579946148|-163973.45778924786
666.8|1.0|0.88|0.0|-164333.41387042633|-164332.2787496258|-164331.16885373194|-164329.99589557142|-164328.83554986422
667.0|1.0|0.88|0.0|-164160.5455013542|-164159.6374047138|-164158.72930807335|-164157.77076161958|-164156.83744007247
667.2|1.0|0.88|0.0|-164302.35095761326|-164301.84645947968|-164301.35457379947|-164300.79962585255|-164300.26990281232
667.4|1.0|0.88|0.0|-164602.12786562563|-164601.2449938919|-164600.38734706485|-164599.45402551774|-164598.53331642397
667.6|1.0|0.88|0.0|-164388.4460342068|-164388.04243569993|-164387.66406209976|-164387.21001377955|-164386.79380281933
667.8|1.0|0.88|0.0|-164327.27766815|-164326.06687262945|-164324.88130201556|-164323.63266913497|-164322.40926116108
668.0|1.0|0.88|0.0|-164094.63486727877|-164093.75199554503|-164092.8691238113|-164091.94841471754|-164091.0403180771
668.2|1.0|0.88|0.0|-164274.45057300714|-164273.44157674|-164272.45780537956|-164271.42358420574|-164270.38936303192
668.4|1.0|0.88|0.0|-164360.72600574273|-164360.2341200625|-164359.75484683565|-164359.1998988887|-164358.68278830178
668.6|1.0|0.88|0.0|-164612.797061464|-164611.3214044233|-164609.88358474264|-164608.37009034192|-164606.88182084792
668.8|1.0|0.88|0.0|-164757.14658993128|-164756.23849329085|-164755.34300910376|-164754.39707510333|-164753.4763660096
669.0|1.0|0.88|0.0|-164427.65692383837|-164427.1524257048|-164426.64792757123|-164426.09297962429|-164425.56325658405
669.2|1.0|0.88|0.0|-164584.39115624854|-164583.5335094215|-164582.67586259445|-164581.7929908607|-164580.91011912693
669.4|1.0|0.88|0.0|-164691.93547278893|-164691.25440030862|-164690.598552735|-164689.89225534798|-164689.19857041433
669.6|1.0|0.88|0.0|-164808.61327863|-164807.84391897632|-164807.07455932262|-164806.25474985558|-164805.44755284186
669.8|1.0|0.88|0.0|-164587.71196110448|-164587.11917579753|-164586.55161539727|-164585.9209927303|-164585.31559497002
670.0|1.0|0.88|0.0|-164680.1300208658|-164679.2345366787|-164678.33905249162|-164677.4057309445|-164676.48502185076
670.2|1.0|0.88|0.0|-164888.47513757623|-164887.70577792256|-164886.96164317554|-164886.15444616182|-164885.37247405478
670.4|1.0|0.88|0.0|-164375.82935915064|-164374.92126251018|-164374.0510032298|-164373.10506922935|-164372.19697258895
670.6|1.0|0.88|0.0|-164480.2489674824|-164479.68140708213|-164479.13907158855|-164478.53367382826|-164477.95350097466
670.8|1.0|0.88|0.0|-164543.8980233735|-164543.2674007066|-164542.66200294628|-164542.00615537266|-164541.350307799
671.0|1.0|0.88|0.0|-164169.77139679933|-164168.87591261225|-164168.0056533318|-164167.0975566914|-164166.18946005095
671.2|1.0|0.88|0.0|-164123.0296447242|-164121.89452392366|-164120.7594031231|-164119.5990574159|-164118.42609925536
671.4|1.0|0.88|0.0|-163732.32704288576|-163731.65858285877|-163731.0153477385|-163730.32166280484|-163729.64059032453
671.6|1.0|0.88|0.0|-164045.0556658142|-164044.6646797607|-164044.29891861387|-164043.8700952003|-164043.44127178678
671.8|1.0|0.88|0.0|-163916.11737848388|-163915.5119807236|-163914.93180787|-163914.30118520302|-163913.67056253605
672.0|1.0|0.88|0.0|-164150.73313593338|-164149.95116382634|-164149.19441662598|-164148.3619947056|-164147.58002259856
672.2|1.0|0.88|0.0|-164009.23402192074|-164008.59078680043|-164007.94755168015|-164007.25386674647|-164006.57279426616
672.4|1.0|0.88|0.0|-164032.8571470251|-164031.88598811798|-164030.9652790242|-164029.95628275708|-164028.9977363033
672.6|1.0|0.88|0.0|-164229.79612634596|-164228.69884290543|-164227.62678437162|-164226.49166357107|-164225.38176767723
672.8|1.0|0.88|0.0|-163869.13023649866|-163868.15907759155|-163867.20053113776|-163866.19153487062|-163865.19515105683
673.0|1.0|0.88|0.0|-164233.66212229378|-164233.0188871735|-164232.40087695987|-164231.7198044796|-164231.0513444526
673.2|1.0|0.88|0.0|-163968.3592472813|-163967.6529498943|-163966.95926496066|-163966.21513021365|-163965.47099546663
673.4|1.0|0.88|0.0|-163808.5297241674|-163807.64685243362|-163806.75136824657|-163805.8306591528|-163804.90995005902
673.6|1.0|0.88|0.0|-163722.15941132672|-163721.49095129973|-163720.80987881942|-163720.10358143243|-163719.3972840454
673.8|1.0|0.88|0.0|-164151.92935430104|-164151.7275550476|-164151.53836824754|-164151.29873163407|-164151.07170747398
674.0|1.0|0.88|0.0|-164033.03401549134|-164032.2142060243|-164031.40700901058|-164030.53674973018|-164029.69171535646
674.2|1.0|0.88|0.0|-164045.4408457722|-164044.20482534496|-164043.00664227773|-164041.73278449045|-164040.49676406322
674.4|1.0|0.88|0.0|-164061.1639716415|-164060.40722444118|-164059.6757021475|-164058.8937300405|-164058.11175793342
674.6|1.0|0.88|0.0|-163951.86832321304|-163951.06112619935|-163950.2791540923|-163949.47195707858|-163948.65214761154
674.8|1.0|0.88|0.0|-163886.853054563|-163886.3107190694|-163885.80622093583|-163885.23866053554|-163884.67110013528
675.0|1.0|0.88|0.0|-164124.44999579916|-164123.97072257227|-164123.51667425205|-164122.99956366513|-164122.49506553158
675.2|1.0|0.88|0.0|-164025.68140362998|-164025.00033114967|-164024.3697084827|-164023.66341109574|-164022.9823386154
675.4|1.0|0.88|0.0|-163980.62972030236|-163979.36847496842|-163978.1072296345|-163976.80814694054|-163975.52167669995
675.6|1.0|0.88|0.0|-164170.79591196892|-164170.17790175532|-164169.58511644835|-164168.92926887472|-164168.27342130107
675.8|1.0|0.88|0.0|-164108.29706288886|-164107.56554059518|-164106.85924320816|-164106.11510846115|-164105.34574880745
676.0|1.0|0.88|0.0|-163786.24934506294|-163785.69439711602|-163785.2025114358|-163784.63495103555|-163784.0800030886
676.2|1.0|0.88|0.0|-164081.37069519993|-164080.84097215967|-164080.32386157278|-164079.7563011725|-164079.2013532256
676.4|1.0|0.88|0.0|-164134.63992420587|-164134.07236380558|-164133.5174158587|-164132.91201809837|-164132.30662033812
676.6|1.0|0.88|0.0|-164029.13675202336|-164028.80882823654|-164028.5061293564|-164028.15298066288|-164027.7998319694
676.8|1.0|0.88|0.0|-163925.256951467|-163924.7398408801|-163924.2353427465|-163923.6803947996|-163923.15067175936
677.0|1.0|0.88|0.0|-163930.81645273848|-163930.0849304448|-163929.32818324445|-163928.5335986841|-163927.75162657705
677.2|1.0|0.88|0.0|-164206.44900801362|-164205.51568646653|-164204.60758982608|-164203.63643091897|-164202.69049691854
677.4|1.0|0.88|0.0|-164166.12116758438|-164164.92298451718|-164163.77525126332|-164162.53923083603|-164161.34104776883
677.6|1.0|0.88|0.0|-164106.1363395031|-164105.15256814263|-164104.16879678218|-164103.1345756084|-164102.1129668879
677.8|1.0|0.88|0.0|-164189.7947425021|-164188.77313378162|-164187.7641375145|-164186.69207898065|-164185.65785780683
678.0|1.0|0.88|0.0|-163948.8234571616|-163947.83968580115|-163946.88113934736|-163945.8595306269|-163944.8379219064
678.2|1.0|0.88|0.0|-164455.34347457957|-164454.4732152991|-164453.6281809254|-164452.73269673833|-164451.84982500458
678.4|1.0|0.88|0.0|-164445.2831656117|-164444.36245651796|-164443.45435987753|-164442.50842587708|-164441.56249187666
678.6|1.0|0.88|0.0|-164459.96963909053|-164458.79668092995|-164457.66156012946|-164456.4507646089|-164455.265193995
678.8|1.0|0.88|0.0|-164562.1271958099|-164561.42089842292|-164560.71460103593|-164559.98307874225|-164559.25155644858
679.0|1.0|0.88|0.0|-164719.60628820333|-164718.7990911896|-164717.9918941759|-164717.1594722555|-164716.32705033512
679.2|1.0|0.88|0.0|-164522.0403922514|-164521.132295611|-164520.2368114239|-164519.29087742345|-164518.34494342303
679.4|1.0|0.88|0.0|-164564.95745428346|-164563.9989078297|-164563.05297382927|-164562.05659001545|-164561.072818655
679.6|1.0|0.88|0.0|-164393.57943831026|-164392.5704420431|-164391.61189558933|-164390.57767441554|-164389.56867814838
679.8|1.0|0.88|0.0|-164356.27164984925|-164355.19959131544|-164354.1653701416|-164353.06808670113|-164351.98341571394
680.0|1.0|0.88|0.0|-164805.64870060392|-164804.69015415013|-164803.75683260302|-164802.7730612426|-164801.78928988212
680.2|1.0|0.88|0.0|-164703.3474030522|-164702.36363169173|-164701.40508523796|-164700.3708640641|-164699.38709270366
680.4|1.0|0.88|0.0|-164811.0796052976|-164810.47420753734|-164809.90664713708|-164809.26341201676|-164808.65801425648
680.6|1.0|0.88|0.0|-164499.57214414154|-164499.0550335546|-164498.5379229677|-164497.9955874741|-164497.4532519805
680.8|1.0|0.88|0.0|-164745.48198193804|-164744.62433511097|-164743.80452564394|-164742.90904145685|-164742.03878217645
681.0|1.0|0.88|0.0|-164713.90070597103|-164713.20702103732|-164712.5511734637|-164711.84487607674|-164711.13857868972
681.2|1.0|0.88|0.0|-164896.28939370933|-164895.91102010917|-164895.58309632234|-164895.1794978155|-164894.77589930865
681.4|1.0|0.88|0.0|-164612.30665076818|-164611.97872698135|-164611.7012530079|-164611.33549186107|-164610.9949556209
681.6|1.0|0.88|0.0|-164691.00835960486|-164690.01197579107|-164689.0282044306|-164687.98137080343|-164686.9723745363
681.8|1.0|0.88|0.0|-164953.19005128293|-164952.43330408257|-164951.67655688224|-164950.8693598685|-164950.08738776148
682.0|1.0|0.88|0.0|-164736.12173190602|-164734.54517523863|-164732.99384347792|-164731.36683699716|-164729.76505542308
682.2|1.0|0.88|0.0|-164713.35393735216|-164712.67286487186|-164711.99179239152|-164711.26027009785|-164710.54136025754
682.4|1.0|0.88|0.0|-164746.87410095858|-164745.89032959813|-164744.91917069102|-164743.8849495172|-164742.87595325007
682.6|1.0|0.88|0.0|-164703.5177201851|-164702.30692466456|-164701.096129144|-164699.86010871673|-164698.6240882895
682.8|1.0|0.88|0.0|-164583.27150643087|-164582.70394603058|-164582.18683544372|-164581.5814376834|-164581.01387728314
683.0|1.0|0.88|0.0|-164452.6463008364|-164452.2174774229|-164451.8391038227|-164451.3850555025|-164450.95623208897
683.2|1.0|0.88|0.0|-164682.6217750236|-164681.9407025433|-164681.2722425163|-164680.553332676|-164679.83442283564
683.4|1.0|0.88|0.0|-164360.60061636686|-164359.9447687932|-164359.2889212196|-164358.5573989259|-164357.86371399226
683.6|1.0|0.88|0.0|-164638.1030151341|-164637.32104302707|-164636.53907092006|-164635.719261453|-164634.9120644393
683.8|1.0|0.88|0.0|-164551.8462259256|-164551.16515344527|-164550.50930587162|-164549.8282333913|-164549.13454845766
684.0|1.0|0.88|0.0|-164288.00159613902|-164287.27007384534|-164286.55116400504|-164285.78180435134|-164285.01244469764
684.2|1.0|0.88|0.0|-164499.55618568748|-164498.73637622045|-164497.9544041134|-164497.12198219303|-164496.28956027262
684.4|1.0|0.88|0.0|-164700.8636368469|-164700.18256436658|-164699.5141043396|-164698.79519449925|-164698.06367220558
684.6|1.0|0.88|0.0|-164636.48967500357|-164635.95995196328|-164635.45545382972|-164634.88789342946|-164634.34555793589
684.8|1.0|0.88|0.0|-164495.48213997646|-164494.5235935227|-164493.59027197558|-164492.58127570845|-164491.62272925468
685.0|1.0|0.88|0.0|-164380.3537503134|-164379.89970199318|-164379.44565367297|-164378.94115553942|-164378.46188231252
685.2|1.0|0.88|0.0|-164400.45513562433|-164399.72361333066|-164399.0047034903|-164398.2353438366|-164397.47859663627
685.4|1.0|0.88|0.0|-164279.77396186703|-164278.79019050655|-164277.8316440528|-164276.82264778565|-164275.81365151852
685.6|1.0|0.88|0.0|-164768.5999310121|-164767.7548966384|-164766.922474718|-164766.02699053093|-164765.1567312505
685.8|1.0|0.88|0.0|-164323.3758232301|-164322.77042546982|-164322.19025261622|-164321.52179258925|-164320.89116992228
686.0|1.0|0.88|0.0|-164273.1892533068|-164272.7352049866|-164272.2811566664|-164271.77665853282|-164271.29738530592
686.2|1.0|0.88|0.0|-164465.2903491068|-164464.40747737305|-164463.53721809265|-164462.62912145222|-164461.7210248118
686.4|1.0|0.88|0.0|-164413.92393716093|-164412.61224201362|-164411.33838422634|-164410.01407662575|-164408.70238147848
686.6|1.0|0.88|0.0|-164210.82572248668|-164210.05636283298|-164209.28700317928|-164208.49241861893|-164207.6852216052
686.8|1.0|0.88|0.0|-164450.35502563973|-164449.48476635932|-164448.65234443895|-164447.75686025186|-164446.8613760648
687.0|1.0|0.88|0.0|-164397.45839633507|-164397.01696046823|-164396.58813705467|-164396.09625137443|-164395.6295906009
687.2|1.0|0.88|0.0|-164660.190638459|-164659.25731691188|-164658.3366078181|-164657.37806136435|-164656.41951491058
687.4|1.0|0.88|0.0|-164743.5715674845|-164743.2436436977|-164742.91571991087|-164742.5373463107|-164742.1841976172
687.6|1.0|0.88|0.0|-164508.86535843214|-164507.79329989827|-164506.7338538178|-164505.62395792393|-164504.53928693675
687.8|1.0|0.88|0.0|-164666.63605702648|-164666.08110907956|-164665.5261611326|-164664.945988279|-164664.35320297207
688.0|1.0|0.88|0.0|-164559.03921758966|-164558.54733190945|-164558.06805868255|-164557.5131107356|-164556.9960001487
688.2|1.0|0.88|0.0|-164310.45939728487|-164309.98012405797|-164309.5134632844|-164308.99635269752|-164308.4792421106
688.4|1.0|0.88|0.0|-164725.21992534483|-164724.34966606443|-164723.5046316907|-164722.58392259694|-164721.68843840988
688.6|1.0|0.88|0.0|-164658.3568613456|-164657.37308998514|-164656.41454353137|-164655.38032235752|-164654.38393854373
688.8|1.0|0.88|0.0|-164271.4824676186|-164270.6752706049|-164269.88068604452|-164269.0356516708|-164268.21584220373
689.0|1.0|0.88|0.0|-164165.31021907448|-164164.2759979007|-164163.26700163356|-164162.19494309972|-164161.16072192587
689.2|1.0|0.88|0.0|-164188.6319342042|-164187.92563681724|-164187.21933943024|-164186.4625922299|-164185.73106993618
689.4|1.0|0.88|0.0|-164113.032888889|-164112.27614168864|-164111.50678203496|-164110.6869725679|-164109.90500046086
689.6|1.0|0.88|0.0|-164564.38214408603|-164563.72629651238|-164563.12089875212|-164562.4398262718|-164561.7839786981
689.8|1.0|0.88|0.0|-164385.8286540964|-164385.42505558953|-164385.034069536|-164384.6052461225|-164384.17642270896
690.0|1.0|0.88|0.0|-164582.82146440167|-164582.3926409881|-164581.98904248126|-164581.5097692544|-164581.0683333875
690.2|1.0|0.88|0.0|-164698.93361671633|-164698.35344386272|-164697.82372082246|-164697.21832306217|-164696.63815020857
690.4|1.0|0.88|0.0|-164658.4728664041|-164657.86746864385|-164657.3125206969|-164656.68189802996|-164656.07650026967
690.6|1.0|0.88|0.0|-164553.5209107932|-164552.99118775292|-164552.4993020727|-164551.93174167242|-164551.4020186322
690.8|1.0|0.88|0.0|-164433.15277305464|-164432.9005239879|-164432.67349982777|-164432.3960258543|-164432.11855188085
691.0|1.0|0.88|0.0|-164550.20746771098|-164549.6651322174|-164549.13540917716|-164548.58046123022|-164548.0255132833
691.2|1.0|0.88|0.0|-164611.0274208597|-164610.6364348062|-164610.28328611268|-164609.8670751525|-164609.476089099
691.4|1.0|0.88|0.0|-164752.36257297892|-164751.6184382319|-164750.8743034849|-164750.05449401782|-164749.28513436415
691.6|1.0|0.88|0.0|-164718.39673298813|-164717.95529712128|-164717.5516986144|-164717.09765029422|-164716.65621442732
691.8|1.0|0.88|0.0|-164387.3289939604|-164386.71098374677|-164386.09297353317|-164385.43712595952|-164384.79389083924
692.0|1.0|0.88|0.0|-164422.34116443008|-164421.9375659232|-164421.53396741636|-164421.07991909614|-164420.6510956826
692.2|1.0|0.88|0.0|-164512.42333787028|-164512.17108880347|-164511.9188397367|-164511.6287533099|-164511.35127933644
692.4|1.0|0.88|0.0|-164174.99289947105|-164174.7911002176|-164174.6271383242|-164174.37488925742|-164174.17309000398
692.6|1.0|0.88|0.0|-164253.35895979503|-164252.6652748614|-164251.9589774744|-164251.21484272738|-164250.47070798036
692.8|1.0|0.88|0.0|-164293.79091051372|-164293.3620871002|-164292.95848859334|-164292.50444027313|-164292.0503919529
693.0|1.0|0.88|0.0|-164290.4738352855|-164289.7549254452|-164289.07385296485|-164288.34233067118|-164287.6108083775
693.2|1.0|0.88|0.0|-164533.9644241044|-164533.39686370414|-164532.85452821056|-164532.24913045028|-164531.66895759664
693.4|1.0|0.88|0.0|-164509.27356774212|-164508.70600734185|-164508.1510593949|-164507.53304918128|-164506.94026387436
693.6|1.0|0.88|0.0|-164159.097434243|-164158.42897421605|-164157.79835154908|-164157.10466661543|-164156.4235941351
693.8|1.0|0.88|0.0|-164124.9628411611|-164124.72320454766|-164124.4835679342|-164124.21870641407|-164123.92861998727
694.0|1.0|0.88|0.0|-164145.55056815868|-164145.37399381193|-164145.24786927854|-164145.0460700251|-164144.856883225
694.2|1.0|0.88|0.0|-163844.3482631936|-163843.9951145001|-163843.6419658066|-163843.26359220644|-163842.88521860624
694.4|1.0|0.88|0.0|-164119.17756904644|-164119.08928187305|-164118.98838224632|-164118.86225771296|-164118.73613317954
694.6|1.0|0.88|0.0|-164256.95600932397|-164256.21187457695|-164255.50557718996|-164254.7488299896|-164253.99208278928
694.8|1.0|0.88|0.0|-164108.68379734273|-164108.12884939578|-164107.6117388089|-164107.04417840863|-164106.4892304617
695.0|1.0|0.88|0.0|-164141.05173106733|-164140.82470690724|-164140.59768274712|-164140.32020877366|-164140.06795970688
695.2|1.0|0.88|0.0|-164384.34595598074|-164383.7910080338|-164383.2360600869|-164382.64327477996|-164382.0757143797
695.4|1.0|0.88|0.0|-163924.47068232638|-163923.56258568598|-163922.6797139522|-163921.74639240513|-163920.813070858
695.6|1.0|0.88|0.0|-164406.4934240444|-164405.97631345748|-164405.45920287055|-164404.90425492366|-164404.36191943008
695.8|1.0|0.88|0.0|-164376.44374012644|-164375.25816951253|-164374.09782380532|-164372.86180337807|-164371.66362031086
696.0|1.0|0.88|0.0|-164374.80463226876|-164374.24968432184|-164373.7451861883|-164373.16501333468|-164372.59745293442
696.2|1.0|0.88|0.0|-164455.440658892|-164454.62084942497|-164453.83887731793|-164452.9938429442|-164452.1614210238
696.4|1.0|0.88|0.0|-164299.94321316984|-164299.35042786293|-164298.75764255598|-164298.127019889|-164297.52162212873
696.6|1.0|0.88|0.0|-164607.6727596656|-164606.85295019855|-164606.04575318485|-164605.18810635776|-164604.35568443738
696.8|1.0|0.88|0.0|-164322.9538603106|-164322.23495047027|-164321.55387798994|-164320.78451833627|-164320.06560849593
697.0|1.0|0.88|0.0|-164481.9842270239|-164481.4040541703|-164480.84910622338|-164480.23109600975|-164479.63831070284
697.2|1.0|0.88|0.0|-164150.80636934325|-164150.35232102303|-164149.94872251616|-164149.48206174263|-164149.0154009691
697.4|1.0|0.88|0.0|-164111.78971027987|-164111.03296307952|-164110.27621587916|-164109.46901886546|-164108.68704675842
697.6|1.0|0.88|0.0|-164514.99723108113|-164513.8873351873|-164512.8026642001|-164511.66754339958|-164510.53242259906
697.8|1.0|0.88|0.0|-164271.7027338926|-164271.04688631897|-164270.416263652|-164269.7351911717|-164269.05411869136
698.0|1.0|0.88|0.0|-164497.71155019812|-164496.94219054442|-164496.18544334406|-164495.36563387702|-164494.55843686333
698.2|1.0|0.88|0.0|-164279.14842264625|-164278.41690035255|-164277.72321541893|-164276.96646821857|-164276.22233347155
698.4|1.0|0.88|0.0|-164529.56420572576|-164528.20206076512|-164526.85252825782|-164525.45254593718|-164524.06517606985
698.6|1.0|0.88|0.0|-164481.76832234478|-164481.12508722444|-164480.51968946418|-164479.83861698388|-164479.15754450354
698.8|1.0|0.88|0.0|-164314.93519692213|-164313.72440140156|-164312.53883078767|-164311.3154228138|-164310.09201483987
699.0|1.0|0.88|0.0|-164429.99860873577|-164429.1661868154|-164428.3589898017|-164427.48873052126|-164426.64369614754
699.2|1.0|0.88|0.0|-164380.30202676848|-164379.81014108827|-164379.30564295469|-164378.75069500777|-164378.23358442084
699.4|1.0|0.88|0.0|-164197.7367646834|-164197.05569220305|-164196.37461972274|-164195.63048497573|-164194.89896268203
699.6|1.0|0.88|0.0|-164502.16670166884|-164501.68742844195|-164501.23338012176|-164500.70365708153|-164500.1865464946
699.8|1.0|0.88|0.0|-164483.5972191764|-164482.87830933605|-164482.17201194903|-164481.42787720205|-164480.6711300017
700.0|1.0|0.88|0.0|-164492.45312390843|-164492.07475030827|-164491.72160161476|-164491.30539065457|-164490.91440460106
700.2|1.0|0.88|0.0|-164373.87033578908|-164373.13881349537|-164372.41990365507|-164371.65054400137|-164370.90640925436
700.4|1.0|0.88|0.0|-164561.4848687691|-164560.9929830889|-164560.50109740865|-164559.97137436838|-164559.45426378152
700.6|1.0|0.88|0.0|-164571.00404174303|-164570.14639491597|-164569.27613563556|-164568.36803899513|-164567.45994235473
700.8|1.0|0.88|0.0|-164286.55404892677|-164285.97387607317|-164285.38109076623|-164284.7630805526|-164284.14507033897
701.0|1.0|0.88|0.0|-164431.3702381676|-164430.44952907384|-164429.51620752676|-164428.5702735263|-164427.59911461917
701.2|1.0|0.88|0.0|-164071.91047483688|-164070.71229176965|-164069.5267211558|-164068.29070072854|-164067.07990520797
701.4|1.0|0.88|0.0|-164170.77027913393|-164169.74867041348|-164168.764899053|-164167.7054529725|-164166.67123179868
701.6|1.0|0.88|0.0|-164063.67015589864|-164063.00169587167|-164062.3710732047|-164061.67738827103|-164060.99631579072
701.8|1.0|0.88|0.0|-164247.715087073|-164247.29887611282|-164246.89527760597|-164246.44122928573|-164246.0124058722
702.0|1.0|0.88|0.0|-163759.1969318853|-163758.16271071148|-163757.141101991|-163756.06904345716|-163755.00959737666
702.2|1.0|0.88|0.0|-164017.0730321438|-164016.26583513006|-164015.45863811637|-164014.6009912893|-164013.75595691556
702.4|1.0|0.88|0.0|-164020.32411217238|-164019.32772835856|-164018.35656945143|-164017.30973582432|-164016.28812710382
702.6|1.0|0.88|0.0|-163994.97308096057|-163994.67038208045|-163994.41813301362|-163994.07759677348|-163993.77489789334
702.8|1.0|0.88|0.0|-163979.5858878867|-163978.778690873|-163978.0093312193|-163977.1642968456|-163976.3570998319
703.0|1.0|0.88|0.0|-164130.12813094354|-164129.42183355655|-164128.77859843624|-164128.0470761426|-164127.34077875558
703.2|1.0|0.88|0.0|-164296.7792902899|-164295.79551892946|-164294.8369724757|-164293.80275130185|-164292.81897994142
703.4|1.0|0.88|0.0|-164460.38620157682|-164459.276305683|-164458.14118488244|-164456.98083917523|-164455.84571837468
703.6|1.0|0.88|0.0|-164584.99824638103|-164584.60726032752|-164584.254111634|-164583.82528822048|-164583.4216897136
703.8|1.0|0.88|0.0|-164456.10831033706|-164455.35156313673|-164454.6452657497|-164453.86329364267|-164453.10654644234
704.0|1.0|0.88|0.0|-164065.85971537794|-164065.03990591087|-164064.24532135052|-164063.37506207012|-164062.54264014974
704.2|1.0|0.88|0.0|-164498.61736703388|-164497.6588205801|-164496.70027412634|-164495.6912778592|-164494.70750649873
704.4|1.0|0.88|0.0|-164434.5912932912|-164433.78409627746|-164432.97689926377|-164432.1192524367|-164431.2868305163
704.6|1.0|0.88|0.0|-164300.68988516132|-164299.8574632409|-164299.03765377388|-164298.16739449347|-164297.30974766638
704.8|1.0|0.88|0.0|-164936.35662981996|-164935.46114563287|-164934.56566144578|-164933.6323398987|-164932.71163080493
705.0|1.0|0.88|0.0|-164501.02115200367|-164500.02476818985|-164499.05360928274|-164498.01938810892|-164497.01039184176
705.2|1.0|0.88|0.0|-164415.6160658311|-164414.4557201239|-164413.32059932334|-164412.13502870948|-164410.96207054894
705.4|1.0|0.88|0.0|-164191.6139457501|-164190.28963814946|-164188.96533054885|-164187.5905731349|-164186.22842817425
705.6|1.0|0.88|0.0|-164360.1895701138|-164359.35714819343|-164358.53733872637|-164357.65446699262|-164356.79682016556
705.8|1.0|0.88|0.0|-164482.41258367398|-164481.95853535374|-164481.54232439355|-164481.05043871334|-164480.58377793978
706.0|1.0|0.88|0.0|-164241.76419121647|-164240.704745136|-164239.6452990555|-164238.53540316163|-164237.45073217447
706.2|1.0|0.88|0.0|-164409.25527433676|-164408.29672788296|-164407.35079388254|-164406.35441006874|-164405.37063870826
706.4|1.0|0.88|0.0|-164443.7469329807|-164443.1036978604|-164442.48568764678|-164441.77939025976|-164441.09831777948
706.6|1.0|0.88|0.0|-164388.2647507415|-164387.4953910878|-164386.73864388748|-164385.91883442042|-164385.13686231335
706.8|1.0|0.88|0.0|-164097.4086128275|-164096.80321506725|-164096.22304221365|-164095.59241954668|-164094.97440933305
707.0|1.0|0.88|0.0|-164125.4033711406|-164124.36914996678|-164123.34754124633|-164122.2880951658|-164121.2286490853
707.2|1.0|0.88|0.0|-164266.00218908236|-164265.01841772188|-164264.0598712681|-164263.07609990766|-164262.0923285472
707.4|1.0|0.88|0.0|-164287.97020342216|-164287.23868112848|-164286.5071588348|-164285.7377991811|-164284.98105198075
707.6|1.0|0.88|0.0|-164241.49331286715|-164240.7870154802|-164240.0933305465|-164239.33658334616|-164238.63028595917
707.8|1.0|0.88|0.0|-164208.18382359832|-164207.502751118|-164206.85951599767|-164206.1532186107|-164205.45953367703
708.0|1.0|0.88|0.0|-164362.68637700364|-164362.00530452334|-164361.32423204303|-164360.60532220267|-164359.88641236236
708.2|1.0|0.88|0.0|-164323.85813351037|-164323.40408519012|-164322.9752617766|-164322.49598854972|-164322.01671532282
708.4|1.0|0.88|0.0|-163979.06549978367|-163978.22046540995|-163977.4006559429|-163976.4925593025|-163975.63491247542
708.6|1.0|0.88|0.0|-164035.45205737688|-164034.30432412302|-164033.15659086913|-164031.9836327086|-164030.81067454806
708.8|1.0|0.88|0.0|-164059.46000307935|-164058.40055699885|-164057.34111091838|-164056.23121502448|-164055.14654403733
709.0|1.0|0.88|0.0|-164144.90937445252|-164144.0012778121|-164143.105793625|-164142.15985962455|-164141.2391505308
709.2|1.0|0.88|0.0|-164107.88680978224|-164107.15528748854|-164106.44899010155|-164105.6670179945|-164104.91027079418
709.4|1.0|0.88|0.0|-164069.14521532305|-164068.23711868265|-164067.3542469489|-164066.4209254018|-164065.50021630805
709.6|1.0|0.88|0.0|-163936.99143288223|-163936.04549888178|-163935.13740224138|-163934.14101842756|-163933.18247197376
709.8|1.0|0.88|0.0|-164154.2283291968|-164153.63554388986|-164153.05537103626|-164152.4247483693|-164151.79412570235
710.0|1.0|0.88|0.0|-163848.1745364675|-163847.45562662714|-163846.74932924018|-163845.96735713314|-163845.22322238612
710.2|1.0|0.88|0.0|-164024.0021766982|-164023.2328170445|-164022.4886822975|-164021.70671019048|-164020.92473808344
710.4|1.0|0.88|0.0|-163878.63036119944|-163878.12586306586|-163877.63397738565|-163877.1042543454|-163876.57453130514
710.6|1.0|0.88|0.0|-164075.10604626738|-164074.53848586712|-164073.9835379202|-164073.3781401599|-164072.79796730628
710.8|1.0|0.88|0.0|-163998.2490813895|-163997.44188437582|-163996.6346873621|-163995.80226544171|-163994.9698435213
711.0|1.0|0.88|0.0|-163987.11886275315|-163986.18554120607|-163985.3026694723|-163984.34412301853|-163983.4108014714
711.2|1.0|0.88|0.0|-164052.15189220285|-164051.57171934925|-164051.01677140236|-164050.39876118873|-164049.7933634284
711.4|1.0|0.88|0.0|-163846.32454218046|-163845.8831063136|-163845.47950780674|-163845.00023457984|-163844.55879871297
711.6|1.0|0.88|0.0|-164105.49740315386|-164104.40011971333|-164103.34067363286|-164102.23077773902|-164101.12088184516
711.8|1.0|0.88|0.0|-164054.22118733282|-164053.2121910657|-164052.2284197052|-164051.18158607805|-164050.14736490426
712.0|1.0|0.88|0.0|-164562.58576557276|-164562.0308176258|-164561.50109458558|-164560.92092173197|-164560.34074887837
712.2|1.0|0.88|0.0|-164283.92222069323|-164283.22853575958|-164282.53485082593|-164281.81594098557|-164281.0844186919
712.4|1.0|0.88|0.0|-164327.03290153618|-164326.02390526902|-164325.04013390857|-164324.00591273475|-164322.98430401427
712.6|1.0|0.88|0.0|-163973.9472703049|-163972.9130491311|-163971.90405286397|-163970.83199433013|-163969.77254824963
712.8|1.0|0.88|0.0|-164205.8398373997|-164205.34795171942|-164204.88129094586|-164204.364180359|-164203.85968222542
713.0|1.0|0.88|0.0|-164257.57080748607|-164256.70054820567|-164255.8429013786|-164254.92219228484|-164254.02670809775
713.2|1.0|0.88|0.0|-164731.64538146098|-164731.07782106072|-164730.5228731138|-164729.93008780686|-164729.32469004655
713.4|1.0|0.88|0.0|-164673.73049801847|-164673.02420063145|-164672.3557406045|-164671.6242183108|-164670.90530847048
713.6|1.0|0.88|0.0|-164439.75887443966|-164438.95167742594|-164438.1318679589|-164437.26160867847|-164436.4291867581
713.8|1.0|0.88|0.0|-164008.15630158648|-164007.53829137282|-164006.97073097256|-164006.3401083056|-164005.73471054534
714.0|1.0|0.88|0.0|-164097.7749406987|-164096.89206896495|-164096.0091972312|-164095.1011005908|-164094.19300395038
714.2|1.0|0.88|0.0|-164312.62775859676|-164311.32867590286|-164310.04220566223|-164308.6800607016|-164307.34314064766
714.4|1.0|0.88|0.0|-164361.7529146122|-164360.9204926918|-164360.1132956781|-164359.2682613044|-164358.42322693064
714.6|1.0|0.88|0.0|-164118.25964482792|-164117.43983536088|-164116.62002589385|-164115.74976661344|-164114.90473223972
714.8|1.0|0.88|0.0|-164433.87535818358|-164433.13122343656|-164432.41231359623|-164431.61772903585|-164430.84836938215
715.0|1.0|0.88|0.0|-164494.2637847717|-164493.43136285132|-164492.64939074428|-164491.79174391722|-164490.95932199684
715.2|1.0|0.88|0.0|-164828.79583878512|-164828.06431649142|-164827.3454066511|-164826.57604699742|-164825.81929979703
715.4|1.0|0.88|0.0|-164384.89598358166|-164384.32842318137|-164383.77347523448|-164383.16807747417|-164382.58790462057
715.6|1.0|0.88|0.0|-164442.131296835|-164441.68986096812|-164441.24842510125|-164440.756539421|-164440.28987864745
715.8|1.0|0.88|0.0|-164198.50067656804|-164197.7439293677|-164196.99979462067|-164196.19259760698|-164195.42323795328
716.0|1.0|0.88|0.0|-164479.6070365924|-164479.55658677904|-164479.51874941902|-164479.45568715234|-164479.3800124323
716.2|1.0|0.88|0.0|-164159.8561195367|-164159.0236976163|-164158.19127569592|-164157.30840396218|-164156.43814468177
716.4|1.0|0.88|0.0|-164264.87899569096|-164263.84477451714|-164262.81055334336|-164261.75110726283|-164260.69166118233
716.6|1.0|0.88|0.0|-164123.2313047597|-164122.4871700127|-164121.76826017236|-164121.011512972|-164120.25476577165
716.8|1.0|0.88|0.0|-164513.7128601417|-164512.98133784803|-164512.27504046104|-164511.50568080734|-164510.76154606033
717.0|1.0|0.88|0.0|-164292.99500805754|-164292.4652850173|-164291.96078688372|-164291.4058389368|-164290.85089098988
717.2|1.0|0.88|0.0|-164288.55225515977|-164288.24955627965|-164287.9468573995|-164287.61893361268|-164287.27839737252
717.4|1.0|0.88|0.0|-164378.15112368154|-164377.7475251747|-164377.35653912116|-164376.92771570763|-164376.4988922941
717.6|1.0|0.88|0.0|-164457.1831224447|-164456.42637524434|-164455.68224049735|-164454.9002683903|-164454.10568382993
717.8|1.0|0.88|0.0|-164608.45120630672|-164607.4422100396|-164606.43321377246|-164605.37376769196|-164604.31432161143
718.0|1.0|0.88|0.0|-164588.07015225492|-164587.4521420413|-164586.82151937432|-164586.14044689405|-164585.4845993204
718.2|1.0|0.88|0.0|-164263.4703422454|-164262.65053277835|-164261.84333576463|-164260.96046403088|-164260.12804211053
718.4|1.0|0.88|0.0|-164313.09589286405|-164312.3769830237|-164311.67068563672|-164310.90132598302|-164310.157191236
718.6|1.0|0.88|0.0|-164127.4930507886|-164126.77414094826|-164126.06784356126|-164125.28587145422|-164124.55434916055
718.8|1.0|0.88|0.0|-163787.7177017913|-163787.45284027114|-163787.2384285644|-163786.9231172309|-163786.64564325745
719.0|1.0|0.88|0.0|-163723.86130186368|-163723.33157882345|-163722.85230559655|-163722.2847451963|-163721.75502215602
719.2|1.0|0.88|0.0|-163833.36571611717|-163832.74770590354|-163832.1423081433|-163831.48646056963|-163830.84322544935
719.4|1.0|0.88|0.0|-163975.62157733014|-163974.71348068974|-163973.81799650265|-163972.8720625022|-163971.92612850177
719.6|1.0|0.88|0.0|-163765.5118374145|-163764.56590341404|-163763.63258186696|-163762.63619805314|-163761.66503914603
719.8|1.0|0.88|0.0|-163629.95498613405|-163629.08472685365|-163628.23969247992|-163627.3315958395|-163626.44872410575
720.0|1.0|0.88|0.0|-164024.69955074473|-164023.77884165093|-164022.8581325572|-164021.87436119674|-164020.89058983626
720.2|1.0|0.88|0.0|-163722.91632545853|-163722.73975111177|-163722.56317676502|-163722.33615260493|-163722.12174089815
720.4|1.0|0.88|0.0|-164353.72349547266|-164353.11809771234|-164352.53792485874|-164351.9073021918|-164351.27667952483
720.6|1.0|0.88|0.0|-163942.0538234832|-163941.15833929612|-163940.26285510903|-163939.32953356192|-163938.39621201486
720.8|1.0|0.88|0.0|-164022.54650069406|-164021.53750442693|-164020.5285081598|-164019.46906207927|-164018.43484090548
721.0|1.0|0.88|0.0|-164203.2140575123|-164202.45731031196|-164201.7257880183|-164200.94381591125|-164200.1618438042
721.2|1.0|0.88|0.0|-163857.39165341406|-163856.95021754716|-163856.5087816803|-163856.02950845342|-163855.5754601332
721.4|1.0|0.88|0.0|-164161.7606369533|-164161.5336127932|-164161.33181353976|-164161.07956447298|-164160.83992785955
721.6|1.0|0.88|0.0|-164132.71701382753|-164132.0611662539|-164131.4179311336|-164130.7116337466|-164130.01794881292
721.8|1.0|0.88|0.0|-164165.82943455747|-164165.37538623728|-164164.92133791707|-164164.44206469017|-164163.95017900996
722.0|1.0|0.88|0.0|-164565.1299974983|-164564.1966759512|-164563.2885793108|-164562.35525776367|-164561.40932376322
722.2|1.0|0.88|0.0|-164241.6902999914|-164241.14796449782|-164240.6182414576|-164240.02545615062|-164239.4705082037
722.4|1.0|0.88|0.0|-164627.6628979014|-164626.76741371432|-164625.89715443391|-164624.93860798015|-164624.03051133972
722.6|1.0|0.88|0.0|-164281.8838611596|-164281.45503774608|-164281.0514392392|-164280.5721660123|-164280.1181176921
722.8|1.0|0.88|0.0|-164523.2879112373|-164522.43026441024|-164521.57261758318|-164520.66452094275|-164519.78164920904
723.0|1.0|0.88|0.0|-164571.21436734573|-164569.8900597451|-164568.57836459784|-164567.2162196372|-164565.87929958326
723.2|1.0|0.88|0.0|-164805.091973998|-164804.23432717094|-164803.40190525056|-164802.51903351682|-164801.63616178304
723.4|1.0|0.88|0.0|-164663.6415696187|-164662.67041071158|-164661.71186425778|-164660.70286799065|-164659.70648417686
723.6|1.0|0.88|0.0|-164946.40016103047|-164946.0596247903|-164945.7317010035|-164945.34071495|-164944.9875662565
723.8|1.0|0.88|0.0|-164659.7190966302|-164658.91189961648|-164658.12992750946|-164657.29750558906|-164656.46508366868
724.0|1.0|0.88|0.0|-164584.81036406508|-164584.1797413981|-164583.56173118448|-164582.89327115752|-164582.2374235839
724.2|1.0|0.88|0.0|-164649.22232528037|-164648.32684109328|-164647.45658181285|-164646.51064781242|-164645.602551172
724.4|1.0|0.88|0.0|-164635.1879948122|-164634.75917139868|-164634.31773553183|-164633.83846230494|-164633.37180153138
724.6|1.0|0.88|0.0|-164328.32700506918|-164327.9738563757|-164327.6459325889|-164327.2675589887|-164326.8891853885
724.8|1.0|0.88|0.0|-164756.29937321856|-164755.164252418|-164754.04174407083|-164752.8687859103|-164751.70844020307
725.0|1.0|0.88|0.0|-164758.81402019566|-164758.38519678212|-164757.9689858219|-164757.50232504835|-164757.04827672816
725.2|1.0|0.88|0.0|-164680.37277104653|-164679.4520619528|-164678.54396531236|-164677.58541885857|-164676.6268724048
725.4|1.0|0.88|0.0|-164441.1842971008|-164440.22575064702|-164439.27981664657|-164438.28343283277|-164437.31227392564
725.6|1.0|0.88|0.0|-164535.06123789973|-164534.12791635262|-164533.20720725885|-164532.23604835174|-164531.2901143513
725.8|1.0|0.88|0.0|-164323.53458178067|-164322.51297306022|-164321.51658924643|-164320.45714316593|-164319.41030953877
726.0|1.0|0.88|0.0|-164378.9663142065|-164378.3483039929|-164377.74290623263|-164377.09967111232|-164376.44382353866
726.2|1.0|0.88|0.0|-164455.95421749636|-164454.94522122922|-164453.94883741543|-164452.90200378827|-164451.8551701611
726.4|1.0|0.88|0.0|-164376.0629394151|-164375.50799146816|-164374.95304352127|-164374.34764576095|-164373.76747290735
726.6|1.0|0.88|0.0|-164535.43704106766|-164534.90731802743|-164534.40281989385|-164533.82264704024|-164533.2676990933
726.8|1.0|0.88|0.0|-164199.10076033924|-164198.50797503226|-164197.96563953868|-164197.3602417784|-164196.75484401814
727.0|1.0|0.88|0.0|-164662.39478992767|-164661.65065518062|-164660.91913288698|-164660.14977323328|-164659.39302603295
727.2|1.0|0.88|0.0|-164760.37267094574|-164759.16187542517|-164757.9763048113|-164756.7150594774|-164755.50426395683
727.4|1.0|0.88|0.0|-164431.54186264123|-164430.62115354746|-164429.70044445372|-164428.71667309324|-164427.7707390928
727.6|1.0|0.88|0.0|-164816.36168409573|-164815.30223801525|-164814.24279193472|-164813.14550849423|-164812.06083750707
727.8|1.0|0.88|0.0|-164799.96549475475|-164799.13307283435|-164798.32587582068|-164797.4682289936|-164796.61058216653
728.0|1.0|0.88|0.0|-164853.26518825916|-164852.35709161876|-164851.43638252502|-164850.49044852456|-164849.53190207077
728.2|1.0|0.88|0.0|-164682.2070779954|-164681.53861796844|-164680.8827703948|-164680.1764730078|-164679.47017562078
728.4|1.0|0.88|0.0|-164368.08131512898|-164367.58942944877|-164367.13538112855|-164366.60565808832|-164366.0885475014
728.6|1.0|0.88|0.0|-164593.8463936018|-164593.0518090414|-164592.2446120277|-164591.39957765397|-164590.56715573356
728.8|1.0|0.88|0.0|-164197.94086666184|-164197.09583228812|-164196.2886352744|-164195.418375994|-164194.56072916693
729.0|1.0|0.88|0.0|-164240.67563218213|-164239.96933479514|-164239.26303740815|-164238.5062902078|-164237.77476791412
729.2|1.0|0.88|0.0|-164193.45827495868|-164192.67630285164|-164191.90694319797|-164191.09974618425|-164190.2799367172
729.4|1.0|0.88|0.0|-164299.919993595|-164299.213696208|-164298.50739882098|-164297.7758765273|-164297.04435423363
729.6|1.0|0.88|0.0|-164387.62330300498|-164387.13141732474|-164386.66475655118|-164386.1476459643|-164385.65576028405
729.8|1.0|0.88|0.0|-164272.10400036463|-164271.12022900418|-164270.1616825504|-164269.14007382994|-164268.14369001612
730.0|1.0|0.88|0.0|-164389.50825272486|-164389.05420440462|-164388.60015608443|-164388.1082704042|-164387.6289971773
730.2|1.0|0.88|0.0|-164271.70847227558|-164271.34271112873|-164271.00217488856|-164270.59857638172|-164270.22020278152
730.4|1.0|0.88|0.0|-164328.84288590218|-164328.27532550195|-164327.7077651017|-164327.10236734137|-164326.52219448777
730.6|1.0|0.88|0.0|-164378.32757952582|-164377.94920592563|-164377.6086696855|-164377.1924587253|-164376.8140851251
730.8|1.0|0.88|0.0|-164552.1818571255|-164551.63952163194|-164551.09718613833|-164550.5044008314|-164549.92422797778
731.0|1.0|0.88|0.0|-164351.65520570666|-164350.81017133294|-164349.97774941256|-164349.08226522547|-164348.2246183984
731.2|1.0|0.88|0.0|-164764.92746427262|-164764.33467896568|-164763.75450611208|-164763.11127099177|-164762.49326077814
731.4|1.0|0.88|0.0|-164601.78072839306|-164601.22578044614|-164600.68344495256|-164600.07804719225|-164599.51048679202
731.6|1.0|0.88|0.0|-164489.3352785229|-164488.52808150917|-164487.72088449547|-164486.8506252151|-164486.00559084132
731.8|1.0|0.88|0.0|-164608.76916555793|-164608.10070553096|-164607.432245504|-164606.725948117|-164606.01965072998
732.0|1.0|0.88|0.0|-164546.41397966148|-164545.74551963448|-164545.08967206086|-164544.3833746739|-164543.70230219356
732.2|1.0|0.88|0.0|-164503.02734810364|-164502.38411298336|-164501.76610276973|-164501.09764274274|-164500.45440762246
732.4|1.0|0.88|0.0|-164692.76626657014|-164692.38789296994|-164691.99690691644|-164691.58069595625|-164691.16448499606
732.6|1.0|0.88|0.0|-164715.42455030972|-164714.4912287626|-164713.60835702883|-164712.6498105751|-164711.71648902795
732.8|1.0|0.88|0.0|-164330.85620413558|-164330.26341882866|-164329.68324597506|-164329.04001085472|-164328.42200064112
733.0|1.0|0.88|0.0|-164542.2657726272|-164541.6855997736|-164541.13065182665|-164540.5000291597|-164539.89463139942
733.2|1.0|0.88|0.0|-164601.74720608076|-164600.9526215204|-164600.17064941337|-164599.338227493|-164598.53103047927
733.4|1.0|0.88|0.0|-164316.96311830037|-164315.87844731318|-164314.8442261394|-164313.72171779218|-164312.6244343517
733.6|1.0|0.88|0.0|-164254.07822941837|-164252.94310861785|-164251.82060027067|-164250.66025456347|-164249.49990885626
733.8|1.0|0.88|0.0|-164356.73098714623|-164355.89856522583|-164355.09136821213|-164354.2463338384|-164353.38868701132
734.0|1.0|0.88|0.0|-164800.1873841198|-164799.45586182614|-164798.74956443915|-164797.99281723882|-164797.24868249177
734.2|1.0|0.88|0.0|-164457.0772789525|-164456.14395740538|-164455.26108567163|-164454.28992676453|-164453.34399276407
734.4|1.0|0.88|0.0|-164343.67260213528|-164342.66360586815|-164341.70505941438|-164340.67083824056|-164339.66184197343
734.6|1.0|0.88|0.0|-164346.76502240452|-164345.85692576412|-164344.99927893703|-164344.06595738995|-164343.1578607495
734.8|1.0|0.88|0.0|-164273.75253101182|-164273.05884607814|-164272.40299850452|-164271.6840886642|-164270.9777912772
735.0|1.0|0.88|0.0|-164573.9947352896|-164573.414562436|-164572.82177712902|-164572.20376691542|-164571.57314424848
735.2|1.0|0.88|0.0|-164536.7123232189|-164536.00602583188|-164535.32495335155|-164534.58081860456|-164533.8619087642
735.4|1.0|0.88|0.0|-164675.49212895747|-164674.82366893048|-164674.19304626354|-164673.4993613299|-164672.81828884955
735.6|1.0|0.88|0.0|-164318.96329796463|-164318.32006284432|-164317.7020526307|-164317.02098015038|-164316.36513257676
735.8|1.0|0.88|0.0|-164480.99716362395|-164480.05122962352|-164479.14313298307|-164478.15936162262|-164477.20081516882
736.0|1.0|0.88|0.0|-164090.21004029212|-164089.50374290513|-164088.78483306477|-164088.02808586444|-164087.28395111742
736.2|1.0|0.88|0.0|-163915.69991377235|-163914.82965449197|-163913.99723257156|-163913.11436083782|-163912.23148910407
736.4|1.0|0.88|0.0|-164060.78561797654|-164060.52075645642|-164060.28111984298|-164059.97842096284|-164059.70094698938
736.6|1.0|0.88|0.0|-164253.245671702|-164252.69072375505|-164252.14838826147|-164251.54299050118|-164250.97543010092
736.8|1.0|0.88|0.0|-164285.37371064222|-164284.64218834855|-164283.9232785082|-164283.15391885454|-164282.39717165416
737.0|1.0|0.88|0.0|-164036.96970122558|-164037.0075385856|-164037.05798839897|-164037.05798839897|-164037.04537594563
737.2|1.0|0.88|0.0|-164412.1464313797|-164411.61670833942|-164411.0869852992|-164410.51942489893|-164409.96447695198
737.4|1.0|0.88|0.0|-164531.92524703065|-164531.30723681705|-164530.71445151008|-164530.0712163898|-164529.44059372283
737.6|1.0|0.88|0.0|-164512.8039687792|-164511.5174985386|-164510.24364075132|-164508.91933315073|-164507.63286291013
737.8|1.0|0.88|0.0|-164588.4375048238|-164587.36544629|-164586.28077530282|-164585.17087940895|-164584.0609835151
738.0|1.0|0.88|0.0|-164770.70378815604|-164769.65695452888|-164768.62273335503|-164767.52544991454|-164766.46600383404
738.2|1.0|0.88|0.0|-164573.14875862995|-164572.1019250028|-164571.1181536423|-164570.05870756184|-164569.024486388
738.4|1.0|0.88|0.0|-164515.07370650594|-164513.8629109854|-164512.6773403715|-164511.4539323976|-164510.21791197037
738.6|1.0|0.88|0.0|-164580.85501407873|-164579.9469174383|-164579.06404570458|-164578.14333661078|-164577.22262751704
738.8|1.0|0.88|0.0|-164783.23444035972|-164782.98219129295|-164782.76777958617|-164782.49030561274|-164782.23805654593
739.0|1.0|0.88|0.0|-164806.1316822095|-164805.61457162257|-164805.11007348902|-164804.5551255421|-164804.00017759515
739.2|1.0|0.88|0.0|-164804.3284131106|-164803.48337873688|-164802.6383443631|-164801.7302477227|-164800.8599884423
739.4|1.0|0.88|0.0|-164785.23972670973|-164784.09199345586|-164782.95687265534|-164781.77130204145|-164780.5983438809
739.6|1.0|0.88|0.0|-164781.35509108126|-164780.71185596095|-164780.11907065404|-164779.4379981737|-164778.79476305342
739.8|1.0|0.88|0.0|-164658.74634110366|-164658.06526862335|-164657.40942104973|-164656.7031236627|-164656.00943872906
740.0|1.0|0.88|0.0|-164435.44285473292|-164434.62304526588|-164433.7906233455|-164432.90775161172|-164432.0501047847
740.2|1.0|0.88|0.0|-164695.05907162838|-164694.45367386812|-164693.8482761078|-164693.19242853418|-164692.5491934139
740.4|1.0|0.88|0.0|-164623.24731245253|-164622.49056525217|-164621.7590429585|-164620.97707085146|-164620.19509874444
740.6|1.0|0.88|0.0|-164449.78061475698|-164449.16260454335|-164448.53198187638|-164447.8635218494|-164447.2202867291
740.8|1.0|0.88|0.0|-164943.87347432057|-164943.15456448027|-164942.46087954662|-164941.70413234623|-164940.97261005256
741.0|1.0|0.88|0.0|-164788.45198518332|-164787.6700130763|-164786.91326587595|-164786.0934564089|-164785.29887184853
741.2|1.0|0.88|0.0|-164427.28408170593|-164426.9057081057|-164426.55255941223|-164426.1237359987|-164425.7453623985
741.4|1.0|0.88|0.0|-164510.15856029218|-164509.47748781188|-164508.82164023822|-164508.09011794455|-164507.3838205576
741.6|1.0|0.88|0.0|-164173.54195208463|-164173.08790376445|-164172.64646789755|-164172.141969764|-164171.66269653713
741.8|1.0|0.88|0.0|-164387.37725872907|-164386.93582286217|-164386.519611902|-164386.06556358177|-164385.59890280824
742.0|1.0|0.88|0.0|-164083.66938232083|-164082.81173549377|-164081.9793135734|-164081.09644183965|-164080.21357010587
742.2|1.0|0.88|0.0|-164358.85883516597|-164358.16515023232|-164357.49669020533|-164356.76516791165|-164356.05887052466
742.4|1.0|0.88|0.0|-164570.47057729127|-164570.06697878442|-164569.66338027755|-164569.22194441067|-164568.80573345048
742.6|1.0|0.88|0.0|-164534.71217330292|-164534.06893818264|-164533.42570306233|-164532.73201812865|-164532.06355810168
742.8|1.0|0.88|0.0|-164412.2565519007|-164411.27278054022|-164410.31423408646|-164409.29262536598|-164408.2962415522
743.0|1.0|0.88|0.0|-164505.26470905516|-164504.45751204144|-164503.68815238774|-164502.85573046736|-164502.0359210003
743.2|1.0|0.88|0.0|-164265.1228016297|-164264.4165042427|-164263.72281930904|-164262.97868456203|-164262.234549815
743.4|1.0|0.88|0.0|-164313.80047153725|-164312.79147527012|-164311.820316363|-164310.7860951892|-164309.76448646872
743.6|1.0|0.88|0.0|-164099.4130379507|-164098.68151565705|-164097.94999336338|-164097.19324616302|-164096.43649896266
743.8|1.0|0.88|0.0|-164090.5858975545|-164089.47600166063|-164088.39133067345|-164087.25620987295|-164086.1463139791
744.0|1.0|0.88|0.0|-164008.59539605887|-164007.8260364052|-164007.08190165815|-164006.2873170978|-164005.50534499076
744.2|1.0|0.88|0.0|-163753.19609639852|-163752.4771865582|-163751.7708891712|-163751.00152951747|-163750.25739477048
744.4|1.0|0.88|0.0|-164148.51912726447|-164147.459681184|-164146.4002351035|-164145.29033920966|-164144.19305576914
744.6|1.0|0.88|0.0|-164027.72571818114|-164027.14554532754|-164026.5905973806|-164025.97258716697|-164025.39241431336
744.8|1.0|0.88|0.0|-163986.51969714102|-163986.0908737275|-163985.66205031396|-163985.18277708706|-163984.72872876684
745.0|1.0|0.88|0.0|-163916.53720723858|-163915.9065845716|-163915.27596190464|-163914.59488942433|-163913.9390418507
745.2|1.0|0.88|0.0|-164200.44353190422|-164199.6993971572|-164198.9804873169|-164198.17329030318|-164197.41654310282
745.4|1.0|0.88|0.0|-164254.47489250163|-164253.819044928|-164253.16319735436|-164252.45689996736|-164251.76321503372
745.6|1.0|0.88|0.0|-164121.42510016123|-164121.008889201|-164120.60529069416|-164120.15124237395|-164119.72241896042
745.8|1.0|0.88|0.0|-164143.2059096378|-164142.27258809068|-164141.3392665436|-164140.35549518315|-164139.39694872938
746.0|1.0|0.88|0.0|-164349.40102457843|-164348.5812151114|-164347.77401809767|-164346.89114636392|-164346.03349953686
746.2|1.0|0.88|0.0|-163962.33744405134|-163961.9086206378|-163961.49240967762|-163961.05097381075|-163960.5843130372
746.4|1.0|0.88|0.0|-164286.9722572105|-164286.2533473702|-164285.57227488986|-164284.8155276895|-164284.07139294248
746.6|1.0|0.88|0.0|-164142.62554242555|-164141.9318574919|-164141.2633974649|-164140.53187517123|-164139.82557778424
746.8|1.0|0.88|0.0|-164173.27958897816|-164172.57329159114|-164171.86699420417|-164171.13547191047|-164170.4039496168
747.0|1.0|0.88|0.0|-164106.78406279586|-164106.1534401289|-164105.52281746196|-164104.84174498165|-164104.185897408
747.2|1.0|0.88|0.0|-164385.70925397592|-164384.77593242883|-164383.82999842838|-164382.8462270679|-164381.87506816082
747.4|1.0|0.88|0.0|-163991.58303244802|-163990.4479116475|-163989.32540330032|-163988.1272202331|-163986.96687452588
747.6|1.0|0.88|0.0|-164240.11938078745|-164239.86713172068|-164239.66533246724|-164239.38785849378|-164239.12299697366
747.8|1.0|0.88|0.0|-164097.7765151755|-164096.99454306846|-164096.25040832144|-164095.43059885438|-164094.63601429402
748.0|1.0|0.88|0.0|-163891.4306078392|-163890.39638666538|-163889.36216549156|-163888.2774945044|-163887.2180484239
748.2|1.0|0.88|0.0|-164048.7094777006|-164047.53651954007|-164046.40139873954|-164045.19060321897|-164043.99242015177
748.4|1.0|0.88|0.0|-164025.83326402356|-164025.0134545565|-164024.21886999614|-164023.34861071574|-164022.50357634202
748.6|1.0|0.88|0.0|-164009.10510630408|-164008.29790929038|-164007.52854963669|-164006.6961277163|-164005.87631824924
748.8|1.0|0.88|0.0|-164256.34276702936|-164255.7121443624|-164255.10674660213|-164254.45089902848|-164253.79505145486
749.0|1.0|0.88|0.0|-164316.75002621207|-164316.2076907185|-164315.67796767826|-164315.09779482466|-164314.51762197106
749.2|1.0|0.88|0.0|-164479.53723880963|-164478.89400368935|-164478.26338102238|-164477.5696960887|-164476.90123606173
749.4|1.0|0.88|0.0|-164463.1661960063|-164462.42206125928|-164461.70315141894|-164460.9211793119|-164460.16443211155
749.6|1.0|0.88|0.0|-164173.9358877486|-164173.4818394284|-164173.0656284682|-164172.57374278796|-164172.09446956107
749.8|1.0|0.88|0.0|-164322.15612955057|-164321.56334424362|-164320.95794648334|-164320.3020989097|-164319.68408869609
750.0|1.0|0.88|0.0|-164545.97553428056|-164545.16833726683|-164544.3863651598|-164543.52871833273|-164542.70890886566
750.2|1.0|0.88|0.0|-164677.39729807514|-164676.4892014347|-164675.59371724763|-164674.6225583405|-164673.6892367934
750.4|1.0|0.88|0.0|-164580.2561824565|-164579.9534835764|-164579.65078469625|-164579.29763600274|-164578.9697122159
750.6|1.0|0.88|0.0|-164743.97820273234|-164743.37280497205|-164742.7800196651|-164742.13678454483|-164741.50616187786
750.8|1.0|0.88|0.0|-164780.32729325595|-164779.4696464289|-164778.63722450848|-164777.7417403214|-164776.85886858765
751.0|1.0|0.88|0.0|-164462.484270834|-164461.79058590037|-164461.12212587337|-164460.37799112636|-164459.65908128602
751.2|1.0|0.88|0.0|-164523.12494648894|-164522.1411751285|-164521.1447913147|-164520.09795768754|-164519.06373651372
751.4|1.0|0.88|0.0|-164312.9106544407|-164311.91427062688|-164310.94311171977|-164309.90889054595|-164308.87466937216
751.6|1.0|0.88|0.0|-164356.94547195165|-164356.10043757793|-164355.30585301758|-164354.42298128383|-164353.56533445677
751.8|1.0|0.88|0.0|-164420.4225630128|-164419.59014109243|-164418.77033162536|-164417.90007234496|-164417.0424255179
752.0|1.0|0.88|0.0|-164384.96543227747|-164384.12039790372|-164383.31320089003|-164382.45555406297|-164381.59790723588
752.2|1.0|0.88|0.0|-164333.62182440446|-164332.61282813732|-164331.62905677684|-164330.58222314971|-164329.5480019759
752.4|1.0|0.88|0.0|-164635.0885878685|-164634.57147728157|-164634.0922040547|-164633.53725610775|-164633.00753306752
752.6|1.0|0.88|0.0|-164690.9637309464|-164690.15653393266|-164689.37456182565|-164688.51691499856|-164687.70971798486
752.8|1.0|0.88|0.0|-164719.47903604349|-164718.69706393647|-164717.9655416428|-164717.14573217573|-164716.3637600687
753.0|1.0|0.88|0.0|-164479.18657502485|-164478.20280366438|-164477.20641985058|-164476.15958622342|-164475.13797750292
753.2|1.0|0.88|0.0|-164503.6925718629|-164502.51961370237|-164501.37188044848|-164500.1484724746|-164498.9629018607
753.4|1.0|0.88|0.0|-164364.25761745963|-164363.6648321527|-164363.07204684574|-164362.4414241788|-164361.81080151183
753.6|1.0|0.88|0.0|-164632.48603869442|-164631.64100432067|-164630.79596994695|-164629.91309821323|-164629.05545138614
753.8|1.0|0.88|0.0|-164004.57343818535|-164003.72840381163|-164002.93381925128|-164002.0509475175|-164001.2059131438
754.0|1.0|0.88|0.0|-164297.53699197518|-164296.59105797476|-164295.6451239743|-164294.63612770717|-164293.65235634672
754.2|1.0|0.88|0.0|-164371.3985922646|-164370.52833298422|-164369.6580737038|-164368.73736461005|-164367.8292679696
754.4|1.0|0.88|0.0|-164381.73119971942|-164381.2140891325|-164380.70959099891|-164380.14203059865|-164379.59969510508
754.6|1.0|0.88|0.0|-164222.5364231204|-164221.50220194657|-164220.48059322612|-164219.39592223894|-164218.3238637051
754.8|1.0|0.88|0.0|-164221.2976075618|-164220.9444588683|-164220.56608526813|-164220.16248676128|-164219.77150070778
755.0|1.0|0.88|0.0|-164443.39173842088|-164442.9376901007|-164442.48364178045|-164441.99175610024|-164441.49987042
755.2|1.0|0.88|0.0|-164434.18405958114|-164433.54082446083|-164432.89758934051|-164432.20390440687|-164431.53544437987
755.4|1.0|0.88|0.0|-164583.52811957072|-164583.12452106387|-164582.73353501037|-164582.30471159684|-164581.8758881833
755.6|1.0|0.88|0.0|-164576.4652733214|-164575.80942574775|-164575.16619062744|-164574.4725056938|-164573.79143321348
755.8|1.0|0.88|0.0|-164425.68055721716|-164425.26434625697|-164424.86074775012|-164424.39408697656|-164423.9526511097
756.0|1.0|0.88|0.0|-164820.75787874617|-164820.01374399918|-164819.30744661216|-164818.5506994118|-164817.81917711813
756.2|1.0|0.88|0.0|-164673.3700924703|-164672.6007328166|-164671.8313731629|-164670.99895124254|-164670.20436668216
756.4|1.0|0.88|0.0|-164490.1130240823|-164489.33105197526|-164488.54907986824|-164487.74188285452|-164486.93468584082
756.6|1.0|0.88|0.0|-164224.56955705746|-164223.3209241769|-164222.09751620298|-164220.82365841573|-164219.56241308182
756.8|1.0|0.88|0.0|-164496.83074114128|-164496.43975508775|-164496.07399394092|-164495.6451705274|-164495.24157202052
757.0|1.0|0.88|0.0|-164469.1485524866|-164468.87107851316|-164468.63144189972|-164468.32874301958|-164468.0512690461
757.2|1.0|0.88|0.0|-164288.36164632236|-164287.4030998686|-164286.46977832148|-164285.486006961|-164284.52746050723
757.4|1.0|0.88|0.0|-164545.44145583955|-164544.76038335924|-164544.10453578562|-164543.37301349192|-164542.66671610493
757.6|1.0|0.88|0.0|-164134.73478977956|-164134.31857881934|-164133.94020521917|-164133.4987693523|-164133.08255839208
757.8|1.0|0.88|0.0|-164200.77412402222|-164200.39575042206|-164200.01737682184|-164199.5885534083|-164199.1849549015
758.0|1.0|0.88|0.0|-164213.4434814146|-164212.52277232084|-164211.62728813375|-164210.6813541333|-164209.73542013287
758.2|1.0|0.88|0.0|-164215.66327320228|-164214.75517656188|-164213.8596923748|-164212.90114592103|-164211.96782437392
758.4|1.0|0.88|0.0|-164106.22385889338|-164105.79503547985|-164105.37882451963|-164104.93738865276|-164104.48334033258
758.6|1.0|0.88|0.0|-164157.89677664332|-164157.215704163|-164156.54724413602|-164155.82833429571|-164155.10942445535
758.8|1.0|0.88|0.0|-164335.61283034142|-164335.2218442879|-164334.84347068772|-164334.3894223675|-164333.98582386065
759.0|1.0|0.88|0.0|-164281.82644233995|-164281.33455665974|-164280.8678958862|-164280.35078529926|-164279.83367471237
759.2|1.0|0.88|0.0|-164258.41891853002|-164257.54865924962|-164256.7036248759|-164255.78291578213|-164254.88743159504
759.4|1.0|0.88|0.0|-164030.78936066394|-164030.25963762368|-164029.7551394901|-164029.18757908983|-164028.64524359626
759.6|1.0|0.88|0.0|-164304.17891985437|-164303.56090964074|-164302.9681243338|-164302.31227676017|-164301.66904163986
759.8|1.0|0.88|0.0|-164160.47787069218|-164160.4148084255|-164160.36435861213|-164160.23823407872|-164160.13733445204
760.0|1.0|0.88|0.0|-164473.54340830856|-164472.81188601488|-164472.0803637212|-164471.32361652082|-164470.5668693205
760.2|1.0|0.88|0.0|-164284.22241003823|-164283.83142398472|-164283.4656628379|-164283.0494518777|-164282.64585337084
760.4|1.0|0.88|0.0|-164245.44913688535|-164244.7554519517|-164244.0869919247|-164243.34285717772|-164242.62394733736
760.6|1.0|0.88|0.0|-164321.39773208238|-164320.74188450872|-164320.09864938844|-164319.4175769081|-164318.7491168811
760.8|1.0|0.88|0.0|-164165.92855168923|-164165.2727041156|-164164.64208144863|-164163.96100896833|-164163.30516139467
761.0|1.0|0.88|0.0|-164389.2446505133|-164388.86627691315|-164388.48790331298|-164388.0843048061|-164387.6807062993
761.2|1.0|0.88|0.0|-164587.42748992436|-164586.56984309727|-164585.72480872355|-164584.82932453646|-164583.94645280272
761.4|1.0|0.88|0.0|-164306.79655912318|-164306.39296061633|-164306.01458701617|-164305.56053869595|-164305.13171528242
761.6|1.0|0.88|0.0|-164137.08282357265|-164136.60355034578|-164136.14950202557|-164135.63239143867|-164135.1405057584
761.8|1.0|0.88|0.0|-164601.49858042915|-164601.17065664232|-164600.8427328555|-164600.47697170865|-164600.12382301516
762.0|1.0|0.88|0.0|-164543.53174488212|-164542.93895957517|-164542.3713991749|-164541.74077650794|-164541.13537874763
762.2|1.0|0.88|0.0|-164469.79407986742|-164469.34003154724|-164468.92382058705|-164468.44454736012|-164467.9778865866
762.4|1.0|0.88|0.0|-164442.42497776577|-164441.78174264546|-164441.16373243186|-164440.49527240486|-164439.83942483124
762.6|1.0|0.88|0.0|-164186.68607635534|-164185.97977896832|-164185.28609403467|-164184.554571741|-164183.82304944732
762.8|1.0|0.88|0.0|-164123.07532607098|-164122.36902868398|-164121.68795620365|-164120.94382145666|-164120.19968670965
763.0|1.0|0.88|0.0|-164195.5931544967|-164194.823794843|-164194.05443518932|-164193.23462572225|-164192.4526536152
763.2|1.0|0.88|0.0|-164097.83402866445|-164097.39259279758|-164096.97638183742|-164096.4971086105|-164096.0430602903
763.4|1.0|0.88|0.0|-164159.84725845422|-164158.83826218708|-164157.85449082663|-164156.80765719948|-164155.786048479
763.6|1.0|0.88|0.0|-164199.00141065824|-164198.0554766578|-164197.13476756404|-164196.13838375025|-164195.17983729648
763.8|1.0|0.88|0.0|-164470.63218167663|-164469.9511091963|-164469.29526162264|-164468.57635178234|-164467.87005439532
764.0|1.0|0.88|0.0|-164393.57009177402|-164392.8133445737|-164392.10704718667|-164391.32507507963|-164390.5683278793
764.2|1.0|0.88|0.0|-164323.8534481816|-164322.98318890115|-164322.11292962075|-164321.21744543366|-164320.32196124658
764.4|1.0|0.88|0.0|-164063.5792147555|-164063.01165435524|-164062.45670640832|-164061.86392110138|-164061.27113579444
764.6|1.0|0.88|0.0|-164165.2554295887|-164164.62480692173|-164163.99418425476|-164163.31311177445|-164162.6320392941
764.8|1.0|0.88|0.0|-164106.50940289948|-164106.35805345944|-164106.20670401937|-164106.0301296726|-164105.85355532586
765.0|1.0|0.88|0.0|-163964.00129261974|-163962.84094691253|-163961.69321365867|-163960.49503059144|-163959.3220724309
765.2|1.0|0.88|0.0|-164071.1366692135|-164070.3042472931|-164069.4970502794|-164068.626790999|-164067.78175662528
765.4|1.0|0.88|0.0|-163743.73536633898|-163743.07951876533|-163742.42367119167|-163741.71737380468|-163741.03630132435
765.6|1.0|0.88|0.0|-163813.3731415697|-163813.46142874306|-163813.5623283698|-163813.58755327645|-163813.66322799647
765.8|1.0|0.88|0.0|-164104.44736770922|-164103.64017069552|-164102.8329736818|-164101.97532685474|-164101.11768002767
766.0|1.0|0.88|0.0|-164198.0793541219|-164196.818108788|-164195.5694759074|-164194.2703932135|-164192.98392297287
766.2|1.0|0.88|0.0|-164296.18877763665|-164295.79779158314|-164295.4320304363|-164295.00320702276|-164294.5996085159
766.4|1.0|0.88|0.0|-164020.61690253927|-164020.21330403243|-164019.82231797892|-164019.38088211205|-164018.92683379183
766.6|1.0|0.88|0.0|-164111.00858331664|-164110.390573103|-164109.75995043607|-164109.09149040908|-164108.44825528876
766.8|1.0|0.88|0.0|-164232.49173387993|-164231.63408705287|-164230.8142775858|-164229.93140585208|-164229.08637147833
767.0|1.0|0.88|0.0|-164367.5869589859|-164367.0067861323|-164366.45183818537|-164365.82121551843|-164365.21581775812
767.2|1.0|0.88|0.0|-164099.88060637523|-164099.59051994843|-164099.30043352162|-164098.9725097348|-164098.644585948
767.4|1.0|0.88|0.0|-164386.57640262964|-164385.5674063625|-164384.55841009534|-164383.51157646818|-164382.4773552944
767.6|1.0|0.88|0.0|-164016.8580962553|-164016.22747358834|-164015.62207582808|-164014.9536158011|-164014.3103806808
767.8|1.0|0.88|0.0|-164211.20338975923|-164210.5853795456|-164209.97998178532|-164209.3241342117|-164208.6808990914
768.0|1.0|0.88|0.0|-164338.74181443197|-164337.83371779154|-164336.97607096448|-164336.04274941736|-164335.1220403236
768.2|1.0|0.88|0.0|-164345.30807165735|-164344.43781237697|-164343.59277800322|-164342.68468136282|-164341.80180962905
768.4|1.0|0.88|0.0|-164222.95466181368|-164222.1474648|-164221.34026778623|-164220.50784586588|-164219.66281149213
768.6|1.0|0.88|0.0|-164402.984524447|-164402.22777724665|-164401.52147985963|-164400.73950775262|-164399.97014809892
768.8|1.0|0.88|0.0|-164327.54368093485|-164326.69864656113|-164325.87883709406|-164324.99596536034|-164324.1257060799
769.0|1.0|0.88|0.0|-164384.60424957355|-164383.80966501322|-164383.02769290618|-164382.1952709858|-164381.38807397208
769.2|1.0|0.88|0.0|-164345.41543377392|-164345.02444772038|-164344.63346166688|-164344.2172507067|-164343.8010397465
769.4|1.0|0.88|0.0|-164483.65644253438|-164482.93753269405|-164482.23123530703|-164481.48710056004|-164480.75557826634
769.6|1.0|0.88|0.0|-164191.0249101667|-164190.255550513|-164189.473578406|-164188.66638139228|-164187.84657192524
769.8|1.0|0.88|0.0|-164306.94182928503|-164305.95805792455|-164304.9995114708|-164303.96529029697|-164302.95629402983
770.0|1.0|0.88|0.0|-164334.28562812443|-164333.62978055078|-164332.9991578838|-164332.3180854035|-164331.6117880165
770.2|1.0|0.88|0.0|-164473.42871975887|-164472.8863842653|-164472.36927367837|-164471.8017132781|-164471.23415287782
770.4|1.0|0.88|0.0|-164421.54132364702|-164420.72151417998|-164419.9269296196|-164419.0692827925|-164418.2242484188
770.6|1.0|0.88|0.0|-164279.47170547952|-164278.5636088391|-164277.668124652|-164276.72219065155|-164275.76364419778
770.8|1.0|0.88|0.0|-164477.79535948447|-164476.92510020407|-164476.08006583032|-164475.18458164326|-164474.3017099095
771.0|1.0|0.88|0.0|-164262.14546267618|-164261.17430376908|-164260.22836976865|-164259.23198595483|-164258.23560214104
771.2|1.0|0.88|0.0|-164503.87151666835|-164503.53098042822|-164503.21566909473|-164502.83729549457|-164502.48414680106
771.4|1.0|0.88|0.0|-164314.94015935765|-164314.23386197066|-164313.52756458367|-164312.7708173833|-164312.0266826363
771.6|1.0|0.88|0.0|-164457.75014743392|-164456.84205079352|-164455.94656660644|-164455.01324505932|-164454.09253596555
771.8|1.0|0.88|0.0|-164290.83693994282|-164289.92884330236|-164289.04597156862|-164288.11265002153|-164287.19194092776
772.0|1.0|0.88|0.0|-164264.44377026352|-164263.4726113564|-164262.5392898093|-164261.53029354216|-164260.54652218168
772.2|1.0|0.88|0.0|-164289.64345203526|-164289.0128293683|-164288.3948191547|-164287.7263591277|-164287.07051155405
772.4|1.0|0.88|0.0|-164208.69572262475|-164208.0903248645|-164207.52276446423|-164206.87952934392|-164206.27413158363
772.6|1.0|0.88|0.0|-164194.94036898573|-164194.2845214121|-164193.62867383845|-164192.92237645146|-164192.24130397115
772.8|1.0|0.88|0.0|-164087.27436114245|-164086.79508791555|-164086.328427142|-164085.8113165551|-164085.30681842152
773.0|1.0|0.88|0.0|-164240.56286506992|-164239.57909370947|-164238.6205472557|-164237.5989385352|-164236.6025547214
773.2|1.0|0.88|0.0|-163927.82651712626|-163927.7130050462|-163927.63733032614|-163927.49859333943|-163927.37246880602
773.4|1.0|0.88|0.0|-164249.0404787693|-164248.30895647564|-164247.57743418193|-164246.79546207492|-164246.03871487456
773.6|1.0|0.88|0.0|-164179.34598138815|-164178.90454552128|-164178.46310965437|-164177.9838364275|-164177.5045632006
773.8|1.0|0.88|0.0|-164232.57830216945|-164232.03596667587|-164231.5062436356|-164230.93868323538|-164230.38373528843
774.0|1.0|0.88|0.0|-164323.9050767987|-164323.21139186504|-164322.53031938474|-164321.7861846377|-164321.06727479736
774.2|1.0|0.88|0.0|-164600.54049872747|-164599.98555078055|-164599.4558277403|-164598.8756548867|-164598.30809448645
774.4|1.0|0.88|0.0|-164226.97131594206|-164226.1388940217|-164225.33169700796|-164224.4740501809|-164223.64162826052
774.6|1.0|0.88|0.0|-164313.0891473422|-164312.5089744886|-164311.928801635|-164311.29817896802|-164310.6801687544
774.8|1.0|0.88|0.0|-164401.69005947697|-164400.98376208998|-164400.30268960964|-164399.5459424093|-164398.81442011564
775.0|1.0|0.88|0.0|-164163.2781885104|-164162.5592786701|-164161.87820618975|-164161.10884653605|-164160.36471178904
775.2|1.0|0.88|0.0|-163961.08009518427|-163960.72694649076|-163960.3864102506|-163959.99542419708|-163959.62966305023
775.4|1.0|0.88|0.0|-164480.371850973|-164479.57726641264|-164478.78268185226|-164477.95025993188|-164477.11783801147
775.6|1.0|0.88|0.0|-164310.91291543364|-164310.1183308733|-164309.33635876625|-164308.5165492992|-164307.69673983214
775.8|1.0|0.88|0.0|-164176.54509331737|-164175.96492046377|-164175.38474761017|-164174.7289000365|-164174.13611472957
776.0|1.0|0.88|0.0|-164387.77087678303|-164387.07719184938|-164386.39611936908|-164385.65198462206|-164384.9204623284
776.2|1.0|0.88|0.0|-164485.7192380441|-164485.08861537714|-164484.4832176169|-164483.77692022987|-164483.12107265624
776.4|1.0|0.88|0.0|-164443.4400117225|-164442.7589392422|-164442.09047921523|-164441.3715693749|-164440.67788444125
776.6|1.0|0.88|0.0|-164311.85428603453|-164311.31195054096|-164310.76961504735|-164310.18944219375|-164309.60926934014
776.8|1.0|0.88|0.0|-164168.72737954583|-164168.73999199917|-164168.76521690583|-164168.73999199917|-164168.72737954583
777.0|1.0|0.88|0.0|-163772.1672541916|-163771.57446888468|-163770.99429603107|-163770.37628581745|-163769.75827560382
777.2|1.0|0.88|0.0|-164355.79598316835|-164354.86266162124|-164353.94195252747|-164352.9834060737|-164352.0248596199
777.4|1.0|0.88|0.0|-164338.25255605808|-164337.4958088577|-164336.76428656405|-164335.98231445704|-164335.20034235
777.6|1.0|0.88|0.0|-164335.27352797313|-164334.71858002618|-164334.16363207926|-164333.57084677232|-164332.97806146537
777.8|1.0|0.88|0.0|-164412.23502682158|-164411.38999244786|-164410.55757052745|-164409.6746987937|-164408.8044395133
778.0|1.0|0.88|0.0|-164289.71937686863|-164289.27794100175|-164288.86173004156|-164288.36984436135|-164287.9031835878
778.2|1.0|0.88|0.0|-164368.67369047654|-164368.2322546097|-164367.80343119614|-164367.31154551593|-164366.83227228903
778.4|1.0|0.88|0.0|-164205.60728125388|-164205.34241973376|-164205.11539557364|-164204.8253091469|-164204.56044762675
778.6|1.0|0.88|0.0|-163979.01512098653|-163978.4980103996|-163978.01873717274|-163977.47640167916|-163976.94667863892
778.8|1.0|0.88|0.0|-164447.36680895853|-164446.7487987449|-164446.15601343795|-164445.5001658643|-164444.85693074402
779.0|1.0|0.88|0.0|-164588.1513505851|-164587.41982829143|-164586.70091845107|-164585.93155879737|-164585.17481159704
779.2|1.0|0.88|0.0|-164517.80237433035|-164516.8312154232|-164515.87266896944|-164514.87628515565|-164513.90512624854
779.4|1.0|0.88|0.0|-164462.69856569133|-164461.96704339766|-164461.26074601064|-164460.51661126365|-164459.79770142332
779.6|1.0|0.88|0.0|-164338.3409801427|-164337.49594576895|-164336.67613630192|-164335.79326456817|-164334.9356177411
779.8|1.0|0.88|0.0|-164602.04625624776|-164601.36518376746|-164600.72194864717|-164600.01565126018|-164599.32196632653
780.0|1.0|0.88|0.0|-164516.39844870873|-164516.1209747353|-164515.85611321515|-164515.553414335|-164515.23810300152
780.2|1.0|0.88|0.0|-164424.16426458326|-164423.36968002288|-164422.56248300915|-164421.71744863543|-164420.88502671506
780.4|1.0|0.88|0.0|-164297.2955964441|-164297.11902209738|-164296.95506020397|-164296.74064849722|-164296.5262367904
780.6|1.0|0.88|0.0|-164204.74757654237|-164204.4070403022|-164204.06650406207|-164203.67551800853|-164203.3097568617
780.8|1.0|0.88|0.0|-164018.97767566217|-164018.7002016887|-164018.44795262194|-164018.1452537418|-164017.84255486165
781.0|1.0|0.88|0.0|-164097.94424601895|-164096.97308711187|-164096.0145406581|-164095.03076929765|-164094.02177303052
781.2|1.0|0.88|0.0|-163891.42793504274|-163890.83514973577|-163890.28020178888|-163889.6495791219|-163889.04418136162
781.4|1.0|0.88|0.0|-164303.46297979643|-164302.90803184948|-164302.3656963559|-164301.77291104896|-164301.18012574202
781.6|1.0|0.88|0.0|-164111.6366712346|-164110.94298630088|-164110.27452627395|-164109.54300398027|-164108.84931904665
781.8|1.0|0.88|0.0|-163872.96189635718|-163871.9024502767|-163870.8430041962|-163869.73310830235|-163868.6484373152
782.0|1.0|0.88|0.0|-163858.0318428698|-163857.4516700162|-163856.8714971626|-163856.24087449562|-163855.63547673533
782.2|1.0|0.88|0.0|-164103.44928814252|-164102.95740246229|-164102.46551678207|-164101.92318128847|-164101.40607070157
782.4|1.0|0.88|0.0|-163966.02675939203|-163965.37091181838|-163964.71506424475|-163964.00876685773|-163963.30246947077
782.6|1.0|0.88|0.0|-164117.3257496492|-164116.79602660896|-164116.2915284754|-164115.73658052846|-164115.18163258157
782.8|1.0|0.88|0.0|-164205.08319998346|-164204.17510334303|-164203.3048440626|-164202.35891006218|-164201.43820096843
783.0|1.0|0.88|0.0|-164183.4276176|-164182.56997077295|-164181.73754885257|-164180.82945221214|-164179.95919293174
783.2|1.0|0.88|0.0|-164166.15274145536|-164165.37076934832|-164164.65185950798|-164163.8446624943|-164163.06269038725
783.4|1.0|0.88|0.0|-163915.79669917878|-163915.03995197843|-163914.28320477807|-163913.47600776437|-163912.69403565733
783.6|1.0|0.88|0.0|-164062.65610586054|-164061.6344971401|-164060.6381133263|-164059.59127969915|-164058.5570585253
783.8|1.0|0.88|0.0|-164215.37422011048|-164214.27693666995|-164213.17965322945|-164212.01930752225|-164210.90941162838
784.0|1.0|0.88|0.0|-164368.01013042164|-164366.8750096211|-164365.7903386339|-164364.60476802004|-164363.4696472195
784.2|1.0|0.88|0.0|-164185.79118090725|-164184.89569672017|-164183.98760007974|-164183.02905362594|-164182.09573207886
784.4|1.0|0.88|0.0|-164002.72310901104|-164001.9663618107|-164001.23483951698|-164000.45286740997|-163999.6835077563
784.6|1.0|0.88|0.0|-164313.35687800456|-164312.20914475067|-164311.0614114968|-164309.87584088297|-164308.69027026903
784.8|1.0|0.88|0.0|-164163.9149106466|-164163.46086232635|-164163.0194264595|-164162.5275407793|-164162.04826755237
785.0|1.0|0.88|0.0|-164502.91113436728|-164502.3687988737|-164501.85168828678|-164501.28412788652|-164500.71656748626
785.2|1.0|0.88|0.0|-164272.2545876998|-164271.7248646595|-164271.19514161928|-164270.61496876567|-164270.06002081875
785.4|1.0|0.88|0.0|-164362.11341158013|-164361.50801381984|-164360.92784096624|-164360.29721829927|-164359.67920808564
785.6|1.0|0.88|0.0|-164025.09604590305|-164024.46542323608|-164023.84741302245|-164023.19156544883|-164022.53571787517
785.8|1.0|0.88|0.0|-164404.97442625283|-164404.24290395915|-164403.53660657216|-164402.77985937183|-164402.02311217148
786.0|1.0|0.88|0.0|-164267.92477649244|-164267.29415382547|-164266.6887560652|-164266.02029603822|-164265.37706091793
786.2|1.0|0.88|0.0|-164471.6596357022|-164470.95333831522|-164470.27226583488|-164469.5407435412|-164468.80922124753
786.4|1.0|0.88|0.0|-164271.2972134039|-164270.86838999036|-164270.45217903017|-164269.9855182566|-164269.55669484308
786.6|1.0|0.88|0.0|-164516.58587632043|-164515.57688005327|-164514.60572114616|-164513.57149997234|-164512.5625037052
786.8|1.0|0.88|0.0|-164398.18747181116|-164397.21631290406|-164396.24515399692|-164395.21093282313|-164394.2145490093
787.0|1.0|0.88|0.0|-164518.49818337566|-164517.60269918857|-164516.69460254814|-164515.76128100106|-164514.82795945395
787.2|1.0|0.88|0.0|-164298.26632361425|-164297.53480132058|-164296.79066657356|-164295.9960820132|-164295.23933481282
787.4|1.0|0.88|0.0|-164427.4356445363|-164426.65367242927|-164425.8843127756|-164425.06450330853|-164424.26991874818
787.6|1.0|0.88|0.0|-164164.4448679598|-164163.92775737288|-164163.41064678595|-164162.8430863857|-164162.30075089211
787.8|1.0|0.88|0.0|-164187.16015187855|-164186.47907939824|-164185.7980069179|-164185.0917095309|-164184.39802459726
788.0|1.0|0.88|0.0|-164728.46812619717|-164727.98885297027|-164727.5348046501|-164727.0303065165|-164726.52580838292
788.2|1.0|0.88|0.0|-164235.87327312212|-164235.0282387484|-164234.19581682805|-164233.30033264094|-164232.44268581388
788.4|1.0|0.88|0.0|-164476.4432081143|-164475.9639348874|-164475.48466166048|-164474.9297137136|-164474.42521558
788.6|1.0|0.88|0.0|-164666.5726093407|-164665.66451270028|-164664.75641605988|-164663.82309451277|-164662.88977296566
788.8|1.0|0.88|0.0|-164246.40322163966|-164245.65908689264|-164244.9023396923|-164244.0951426786|-164243.31317057155
789.0|1.0|0.88|0.0|-164237.17090579536|-164235.96011027478|-164234.76192720755|-164233.50068187364|-164232.26466144642
789.2|1.0|0.88|0.0|-164243.2490611445|-164242.89591245103|-164242.54276375752|-164242.13916525064|-164241.76079165048
789.4|1.0|0.88|0.0|-163916.6117445656|-163915.60274829846|-163914.618976938|-163913.55953085748|-163912.55053459038
789.6|1.0|0.88|0.0|-164103.82380574907|-164102.7012974019|-164101.6040139614|-164100.4436682542|-164099.30854745363
789.8|1.0|0.88|0.0|-164052.80492118184|-164052.07339888814|-164051.35448904784|-164050.58512939414|-164049.8031572871
790.0|1.0|0.88|0.0|-164015.8370649791|-164015.4839162856|-164015.1559924988|-164014.75239399192|-164014.3992452984
790.2|1.0|0.88|0.0|-164265.68618113478|-164265.10600828115|-164264.5384478809|-164263.9204376673|-164263.34026481368
790.4|1.0|0.88|0.0|-164283.04091692957|-164282.3598444492|-164281.70399687556|-164280.9976994886|-164280.29140210155
790.6|1.0|0.88|0.0|-164103.47366999745|-164102.90610959718|-164102.35116165024|-164101.72053898327|-164101.14036612966
790.8|1.0|0.88|0.0|-164612.67624866145|-164612.44922450135|-164612.22220034123|-164611.96995127443|-164611.7050897543
791.0|1.0|0.88|0.0|-164465.21144421937|-164464.5429841924|-164463.8997490721|-164463.21867659176|-164462.53760411145
791.2|1.0|0.88|0.0|-164416.09172361056|-164415.25930169015|-164414.42687976977|-164413.544008036|-164412.68636120897
791.4|1.0|0.88|0.0|-164485.064159088|-164483.9038133808|-164482.73085522026|-164481.53267215303|-164480.34710153914
791.6|1.0|0.88|0.0|-164427.50092204785|-164427.05948618098|-164426.6432752208|-164426.18922690055|-164425.73517858036
791.8|1.0|0.88|0.0|-164656.73822287229|-164655.9688632186|-164655.22472847157|-164654.44275636456|-164653.64817180418
792.0|1.0|0.88|0.0|-164452.28985645072|-164451.78535831717|-164451.29347263693|-164450.75113714335|-164450.2214141031
792.2|1.0|0.88|0.0|-164690.56432493514|-164690.2742385083|-164690.0093769882|-164689.6814532014|-164689.37875432125
792.4|1.0|0.88|0.0|-164482.07319026196|-164481.42995514165|-164480.79933247468|-164480.1308724477|-164479.4497999674
792.6|1.0|0.88|0.0|-164400.57259874314|-164400.11855042295|-164399.67711455605|-164399.1726164225|-164398.70595564894
792.8|1.0|0.88|0.0|-164849.48765044572|-164848.88225268543|-164848.30207983183|-164847.65884471152|-164847.0408344979
793.0|1.0|0.88|0.0|-164708.75874249524|-164708.21640700166|-164707.69929641474|-164707.14434846785|-164706.56417561424
793.2|1.0|0.88|0.0|-164623.68637414713|-164622.7782775067|-164621.89540577296|-164620.94947177253|-164620.02876267876
793.4|1.0|0.88|0.0|-164764.66837757287|-164763.6593813057|-164762.65038503858|-164761.59093895808|-164760.55671778426
793.6|1.0|0.88|0.0|-164942.6916451763|-164942.26282176276|-164941.82138589592|-164941.35472512236|-164940.8880643488
793.8|1.0|0.88|0.0|-164689.69080221298|-164688.84576783923|-164688.0007334655|-164687.11786173176|-164686.24760245136
794.0|1.0|0.88|0.0|-164499.29597298763|-164498.7031876807|-164498.12301482708|-164497.49239216011|-164496.8743819465
794.2|1.0|0.88|0.0|-164637.3392747853|-164636.7969392917|-164636.2419913448|-164635.64920603787|-164635.06903318423
794.4|1.0|0.88|0.0|-164573.49167967532|-164573.01240644843|-164572.5457456749|-164572.04124754132|-164571.54936186108
794.6|1.0|0.88|0.0|-164393.778622943|-164393.00926328934|-164392.25251608898|-164391.44531907528|-164390.66334696824
794.8|1.0|0.88|0.0|-164574.94390270748|-164574.0484185204|-164573.17815923996|-164572.24483769285|-164571.3493535058
795.0|1.0|0.88|0.0|-164643.7925498948|-164643.28805176122|-164642.78355362764|-164642.22860568075|-164641.69888264048
795.2|1.0|0.88|0.0|-164395.67574105648|-164395.22169273626|-164394.76764441605|-164394.2631462825|-164393.78387305565
795.4|1.0|0.88|0.0|-164554.3807370101|-164553.97713850325|-164553.5735399964|-164553.11949167616|-164552.70328071597
795.6|1.0|0.88|0.0|-164558.8833828522|-164557.76087450498|-164556.67620351785|-164555.5410827173|-164554.41857437012
795.8|1.0|0.88|0.0|-164322.57819355768|-164321.60703465057|-164320.6863255568|-164319.70255419635|-164318.73139528924
796.0|1.0|0.88|0.0|-164251.25157736053|-164250.41915544015|-164249.58673351974|-164248.71647423937|-164247.87143986564
796.2|1.0|0.88|0.0|-164523.69625167208|-164522.66203049826|-164521.62780932445|-164520.54313833726|-164519.4836922568
796.4|1.0|0.88|0.0|-164526.6414556956|-164525.8720960419|-164525.11534884156|-164524.33337673452|-164523.53879217416
796.6|1.0|0.88|0.0|-164483.89137765107|-164482.40310815704|-164480.9400635697|-164479.38873180895|-164477.8878498616
796.8|1.0|0.88|0.0|-164560.92747842974|-164560.10766896268|-164559.30047194898|-164558.44282512192|-164557.5977907482
797.0|1.0|0.88|0.0|-164283.04301934774|-164282.3871717741|-164281.73132420046|-164281.02502681347|-164280.34395433316
797.2|1.0|0.88|0.0|-164154.83285571783|-164153.6220601973|-164152.42387713006|-164151.16263179612|-164149.9266113689
797.4|1.0|0.88|0.0|-164386.82271343743|-164385.5866930102|-164384.38850994298|-164383.11465215572|-164381.86601927513
797.6|1.0|0.88|0.0|-164412.6404054228|-164411.4800597156|-164410.34493891508|-164409.1593683012|-164407.9737976873
797.8|1.0|0.88|0.0|-164433.93022665937|-164432.7068186855|-164431.4834107116|-164430.20955292432|-164428.96092004376
798.0|1.0|0.88|0.0|-164811.18707987585|-164810.30420814213|-164809.4339488617|-164808.5006273146|-164807.57991822084
798.2|1.0|0.88|0.0|-164439.598979596|-164439.03141919573|-164438.48908370212|-164437.87107348852|-164437.2909006349
798.4|1.0|0.88|0.0|-164573.71980840518|-164573.16486045826|-164572.597300058|-164571.97928984437|-164571.37389208408
798.6|1.0|0.88|0.0|-164710.35838844546|-164709.84127785853|-164709.34939217832|-164708.78183177806|-164708.2521087378
798.8|1.0|0.88|0.0|-164572.44897418589|-164571.35169074536|-164570.2670197582|-164569.11928650434|-164567.99677815716
799.0|1.0|0.88|0.0|-164347.70766813445|-164346.95092093412|-164346.20678618707|-164345.41220162672|-164344.63022951968
799.2|1.0|0.88|0.0|-164133.95003814675|-164133.16806603974|-164132.37348147936|-164131.5536720123|-164130.73386254525
799.4|1.0|0.88|0.0|-163873.1314390141|-163871.8701936802|-163870.6215607996|-163869.32247810566|-163868.03600786507
799.6|1.0|0.88|0.0|-164016.9724559335|-164015.9760721197|-164014.97968830587|-164013.93285467871|-164012.9238584116
799.8|1.0|0.88|0.0|-164343.57111728308|-164342.4864462959|-164341.42700021542|-164340.30449186824|-164339.18198352103
800.0|1.0|0.88|0.0|-164042.11205625016|-164041.21657206307|-164040.34631278267|-164039.40037878224|-164038.50489459516
800.2|1.0|0.88|0.0|-163763.45340677572|-163763.07503317553|-163762.69665957533|-163762.2678361618|-163761.8768501083
800.4|1.0|0.88|0.0|-164010.8953939142|-164010.4539580473|-164010.02513463376|-164009.53324895355|-164009.07920063334
800.6|1.0|0.88|0.0|-164041.5671518773|-164040.5455431568|-164039.52393443635|-164038.46448835585|-164037.40504227538
800.8|1.0|0.88|0.0|-164155.3421441359|-164154.787196189|-164154.25747314873|-164153.6646878418|-164153.09712744152
801.0|1.0|0.88|0.0|-164262.92880803254|-164262.44953480567|-164261.97026157874|-164261.4657634452|-164260.9612653116
801.2|1.0|0.88|0.0|-163883.13866379595|-163882.26840451558|-163881.42337014186|-163880.52788595477|-163879.64501422102
801.4|1.0|0.88|0.0|-164206.46939048945|-164206.05317952926|-164205.6495810224|-164205.2081451555|-164204.77932174198
801.6|1.0|0.88|0.0|-164152.4880901976|-164152.18539131747|-164151.907917344|-164151.57999355718|-164151.2646822237
801.8|1.0|0.88|0.0|-163975.9553132288|-163975.45081509525|-163974.97154186838|-163974.41659392143|-163973.8868708812
802.0|1.0|0.88|0.0|-163917.3886585951|-163916.93461027488|-163916.50578686132|-163916.02651363445|-163915.54724040756
802.2|1.0|0.88|0.0|-163742.98365382047|-163742.58005531362|-163742.20168171346|-163741.74763339324|-163741.33142243302
802.4|1.0|0.88|0.0|-163894.70695811804|-163893.96282337102|-163893.23130107735|-163892.42410406366|-163891.66735686327
802.6|1.0|0.88|0.0|-163950.71599274402|-163950.12320743708|-163949.55564703682|-163948.92502436985|-163948.3196266096
802.8|1.0|0.88|0.0|-163662.38758784995|-163662.18578859654|-163661.99660179645|-163661.756965183|-163661.52994102292
803.0|1.0|0.88|0.0|-163794.4651992182|-163794.26339996475|-163794.08682561803|-163793.8598014579|-163793.6327772978
803.2|1.0|0.88|0.0|-163869.63454259356|-163869.07959464664|-163868.5498716064|-163867.94447384612|-163867.3895258992
803.4|1.0|0.88|0.0|-163693.27114492582|-163692.9179962323|-163692.56484753883|-163692.16124903198|-163691.7576505251
803.6|1.0|0.88|0.0|-163944.37247845618|-163943.48960672246|-163942.64457234874|-163941.71125080163|-163940.81576661454
803.8|1.0|0.88|0.0|-163989.7142482107|-163988.93227610365|-163988.17552890326|-163987.36833188956|-163986.5737473292
804.0|1.0|0.88|0.0|-164132.61191415376|-164132.00651639348|-164131.4011186332|-164130.77049596622|-164130.13987329928
804.2|1.0|0.88|0.0|-164241.14051685712|-164240.72430589693|-164240.30809493674|-164239.86665906987|-164239.425223203
804.4|1.0|0.88|0.0|-163992.86172162654|-163992.59686010642|-163992.35722349296|-163992.05452461285|-163991.78966309273
804.6|1.0|0.88|0.0|-164075.4419640755|-164074.67260442176|-164073.92846967478|-164073.0960477544|-164072.30146319402
804.8|1.0|0.88|0.0|-163941.6079571454|-163940.68724805163|-163939.79176386454|-163938.83321741078|-163937.89989586367
805.0|1.0|0.88|0.0|-163896.3122497833|-163896.03477580985|-163895.75730183636|-163895.45460295625|-163895.1519040761
805.2|1.0|0.88|0.0|-163988.25703462618|-163987.48767497248|-163986.74354022546|-163985.93634321174|-163985.15437110473
805.4|1.0|0.88|0.0|-163638.26515607323|-163637.63453340626|-163637.01652319264|-163636.33545071233|-163635.64176577868
805.6|1.0|0.88|0.0|-163689.1059554836|-163688.89154377684|-163688.70235697675|-163688.4374954566|-163688.2104712965
805.8|1.0|0.88|0.0|-164286.20962511766|-164285.3898156506|-164284.57000618358|-164283.69974690315|-164282.85471252943
806.0|1.0|0.88|0.0|-164288.37540715598|-164287.95919619576|-164287.56821014223|-164287.12677427538|-164286.6853384085
806.2|1.0|0.88|0.0|-163978.84782557702|-163978.11630328334|-163977.4226183497|-163976.67848360268|-163975.946961309
806.4|1.0|0.88|0.0|-164372.15379114638|-164371.63668055952|-164371.13218242594|-164370.56462202565|-164370.02228653207
806.6|1.0|0.88|0.0|-164147.5969534535|-164147.0798428666|-164146.6257945464|-164146.07084659947|-164145.5411235592
806.8|1.0|0.88|0.0|-164322.733720498|-164321.8256238576|-164320.96797703052|-164320.05988039012|-164319.15178374966
807.0|1.0|0.88|0.0|-164277.30680514054|-164276.9788813537|-164276.66357002023|-164276.2978088734|-164275.93204772656
807.2|1.0|0.88|0.0|-164941.2824191304|-164940.60134665007|-164939.9328866231|-164939.21397678278|-164938.50767939576
807.4|1.0|0.88|0.0|-164213.34616562948|-164212.85427994924|-164212.3876191757|-164211.85789613545|-164211.35339800187
807.6|1.0|0.88|0.0|-164341.1747117808|-164340.0522034336|-164338.96753244643|-164337.81979919257|-164336.6972908454
807.8|1.0|0.88|0.0|-164459.96877287867|-164459.32553775836|-164458.72013999807|-164458.03906751773|-164457.39583239745
808.0|1.0|0.88|0.0|-164443.66439450148|-164442.32747444752|-164441.01577930024|-164439.62840943292|-164438.29148937896
808.2|1.0|0.88|0.0|-164596.7780780324|-164595.85736893865|-164594.94927229822|-164593.97811339112|-164593.03217939066
808.4|1.0|0.88|0.0|-164170.27407940282|-164169.29030804234|-164168.33176158858|-164167.3101528681|-164166.3137690543
808.6|1.0|0.88|0.0|-164453.0578957213|-164452.78042174783|-164452.5155602277|-164452.21286134757|-164451.91016246742
808.8|1.0|0.88|0.0|-164945.87689749766|-164945.15798765732|-164944.47691517702|-164943.74539288334|-164943.01387058964
809.0|1.0|0.88|0.0|-164443.2201821167|-164442.7661337965|-164442.3246979296|-164441.84542470274|-164441.3535390225
809.2|1.0|0.88|0.0|-164576.21438812945|-164575.44502847575|-164574.71350618207|-164573.89369671504|-164573.12433706134
809.4|1.0|0.88|0.0|-164594.07522677662|-164593.25541730956|-164592.4608327492|-164591.60318592214|-164590.77076400173
809.6|1.0|0.88|0.0|-164548.24157134193|-164547.61094867496|-164547.01816336802|-164546.36231579437|-164545.7316931274
809.8|1.0|0.88|0.0|-164823.11605707143|-164822.3340849644|-164821.577337764|-164820.7701407503|-164819.9629437366
810.0|1.0|0.88|0.0|-164485.10182254977|-164484.57209950953|-164484.06760137598|-164483.51265342903|-164482.9829303888
810.2|1.0|0.88|0.0|-164349.79315473637|-164348.62019657582|-164347.4472384153|-164346.22383044136|-164345.02564737413
810.4|1.0|0.88|0.0|-164505.93400665282|-164505.1268096391|-164504.35744998543|-164503.5124156117|-164502.70521859798
810.6|1.0|0.88|0.0|-164320.97007273565|-164320.23855044198|-164319.55747796167|-164318.80073076132|-164318.0565960143
810.8|1.0|0.88|0.0|-164022.73600107664|-164022.18105312972|-164021.65133008946|-164021.07115723586|-164020.51620928897
811.0|1.0|0.88|0.0|-164336.004117116|-164334.9446710355|-164333.89783740835|-164332.8257788745|-164331.728495434
811.2|1.0|0.88|0.0|-163967.96225503026|-163967.38208217666|-163966.80190932305|-163966.1712866561|-163965.54066398914
811.4|1.0|0.88|0.0|-164417.49658196172|-164416.9416340148|-164416.42452342788|-164415.85696302765|-164415.3020150807
811.6|1.0|0.88|0.0|-164144.5209165218|-164144.31911726837|-164144.14254292162|-164143.90290630818|-164143.6884946014
811.8|1.0|0.88|0.0|-164245.06739454198|-164244.12146054156|-164243.2007514478|-164242.21698008734|-164241.25843363357
812.0|1.0|0.88|0.0|-164422.7116099463|-164422.030537466|-164421.34946498566|-164420.61794269198|-164419.911645305
812.2|1.0|0.88|0.0|-164426.26978695183|-164425.53826465816|-164424.81935481782|-164424.04999516412|-164423.29324796377
812.4|1.0|0.88|0.0|-164168.409802093|-164167.703504706|-164167.00981977236|-164166.26568502534|-164165.54677518498
812.6|1.0|0.88|0.0|-164233.07737182113|-164232.4467491542|-164231.8413513939|-164231.17289136694|-164230.5170437933
812.8|1.0|0.88|0.0|-164282.9975602392|-164282.4173873856|-164281.837214532|-164281.20659186502|-164280.60119410473
813.0|1.0|0.88|0.0|-164132.23854132908|-164132.087191889|-164131.97367980896|-164131.80971791554|-164131.63314356882
813.2|1.0|0.88|0.0|-163957.61373952974|-163957.57590216972|-163957.55067726303|-163957.47500254298|-163957.4119402763
813.4|1.0|0.88|0.0|-164039.67746987517|-164039.38738344834|-164039.12252192822|-164038.78198568808|-164038.47928680794
813.6|1.0|0.88|0.0|-163998.586096896|-163997.6275504422|-163996.68161644178|-163995.67262017465|-163994.68884881417
813.8|1.0|0.88|0.0|-164145.59893260873|-164144.80434804835|-164144.0223759413|-164143.16472911424|-164142.33230719386
814.0|1.0|0.88|0.0|-164193.1031852729|-164192.72481167273|-164192.3338256192|-164191.90500220566|-164191.5014036988
814.2|1.0|0.88|0.0|-164278.10746606355|-164277.36333131653|-164276.61919656952|-164275.84983691582|-164275.06786480878
814.4|1.0|0.88|0.0|-164414.214760223|-164413.36972584928|-164412.5499163822|-164411.66704464846|-164410.79678536806
814.6|1.0|0.88|0.0|-164445.01156284235|-164444.30526545536|-164443.5989680684|-164442.85483332135|-164442.13592348102
814.8|1.0|0.88|0.0|-164351.49007580822|-164350.94774031462|-164350.44324218106|-164349.8504568741|-164349.3081213805
815.0|1.0|0.88|0.0|-164516.13304169828|-164515.69160583138|-164515.2753948712|-164514.80873409766|-164514.35468577745
815.2|1.0|0.88|0.0|-164462.1670743401|-164461.18330297965|-164460.2121440725|-164459.19053535204|-164458.19415153825
815.4|1.0|0.88|0.0|-164680.40035446847|-164679.7318944415|-164679.06343441454|-164678.35713702752|-164677.65083964053
815.6|1.0|0.88|0.0|-164595.3026446551|-164594.60895972146|-164593.9531121478|-164593.22158985413|-164592.51529246714
815.8|1.0|0.88|0.0|-164163.60153093687|-164162.63037202976|-164161.671825576|-164160.66282930883|-164159.67905794838
816.0|1.0|0.88|0.0|-164105.7562197875|-164105.01208504048|-164104.2805627468|-164103.52381554642|-164102.74184343938
816.2|1.0|0.88|0.0|-164291.3914504634|-164290.42029155628|-164289.44913264914|-164288.45274883535|-164287.45636502156
816.4|1.0|0.88|0.0|-164414.40070788073|-164414.04755918722|-164413.70702294708|-164413.31603689355|-164412.96288820004
816.6|1.0|0.88|0.0|-164679.4943175549|-164678.51054619445|-164677.57722464734|-164676.5682283802|-164675.5718445664
816.8|1.0|0.88|0.0|-164461.44740121387|-164460.31228041332|-164459.1519347061|-164457.95375163888|-164456.79340593168
817.0|1.0|0.88|0.0|-164456.32040791432|-164455.43753618057|-164454.6051142602|-164453.69701761976|-164452.81414588605
817.2|1.0|0.88|0.0|-164561.20556988323|-164560.76413401635|-164560.3353106028|-164559.86864982927|-164559.4019890557
817.4|1.0|0.88|0.0|-164247.87396903767|-164247.2685712774|-164246.6883984238|-164246.03255085016|-164245.41454063653
817.6|1.0|0.88|0.0|-164209.45315422333|-164208.51983267625|-164207.6369609425|-164206.69102694205|-164205.75770539494
817.8|1.0|0.88|0.0|-163991.43857357444|-163990.66921392074|-163989.93769162707|-163989.1431070667|-163988.36113495965
818.0|1.0|0.88|0.0|-164471.6829593716|-164471.1658487847|-164470.6487381978|-164470.08117779755|-164469.5262298506
818.2|1.0|0.88|0.0|-164691.02646199276|-164690.09314044568|-164689.17243135188|-164688.2138848981|-164687.2679508977
818.4|1.0|0.88|0.0|-164452.46190708157|-164451.3772360944|-164450.31779001388|-164449.18266921336|-164448.0853857729
818.6|1.0|0.88|0.0|-164224.80988987233|-164223.7126064318|-164222.62793544465|-164221.48020219078|-164220.3703062969
818.8|1.0|0.88|0.0|-164093.04618351176|-164092.92005897837|-164092.83177180498|-164092.66780991157|-164092.52907292487
819.0|1.0|0.88|0.0|-164301.0489389582|-164300.2417419445|-164299.42193247745|-164298.5642856504|-164297.71925127666
819.2|1.0|0.88|0.0|-164098.87636688046|-164097.69079626657|-164096.53045055937|-164095.3196550388|-164094.10885951822
819.4|1.0|0.88|0.0|-164173.77890005618|-164172.87080341572|-164171.93748186863|-164170.97893541484|-164170.02038896107
819.6|1.0|0.88|0.0|-164028.43298777507|-164027.72669038808|-164027.02039300106|-164026.27625825405|-164025.55734841374
819.8|1.0|0.88|0.0|-164288.7540246964|-164287.90899032267|-164287.11440576232|-164286.25675893523|-164285.39911210816
820.0|1.0|0.88|0.0|-164101.26770873173|-164100.54879889142|-164099.8425015044|-164099.06052939736|-164098.30378219704
820.2|1.0|0.88|0.0|-164367.77443379356|-164367.05552395323|-164366.3744514729|-164365.61770427256|-164364.8987944322
820.4|1.0|0.88|0.0|-164334.57979047118|-164334.18880441764|-164333.79781836414|-164333.35638249724|-164332.9275590837
820.6|1.0|0.88|0.0|-164150.65520917936|-164149.84801216566|-164149.06604005862|-164148.2336181382|-164147.41380867115
820.8|1.0|0.88|0.0|-164246.5762551954|-164245.61770874163|-164244.69699964786|-164243.72584074075|-164242.7546818336
821.0|1.0|0.88|0.0|-164484.8536423918|-164484.0842827381|-164483.3149230844|-164482.52033852405|-164481.71314151032
821.2|1.0|0.88|0.0|-164243.36936370877|-164242.20901800157|-164241.0865096544|-164239.91355149384|-164238.72798087995
821.4|1.0|0.88|0.0|-164227.78140724427|-164227.10033476393|-164226.43187473697|-164225.7129648966|-164225.00666750965
821.6|1.0|0.88|0.0|-164133.71773024043|-164132.80963359997|-164131.92676186626|-164130.9808278658|-164130.07273122537
821.8|1.0|0.88|0.0|-164168.70518065934|-164167.9232085523|-164167.15384889863|-164166.3466518849|-164165.55206732455
822.0|1.0|0.88|0.0|-164209.77228567455|-164208.87680148747|-164208.00654220706|-164207.07322065998|-164206.16512401955
822.2|1.0|0.88|0.0|-164017.93687038514|-164017.07922355804|-164016.2468016377|-164015.33870499724|-164014.44322081018
822.4|1.0|0.88|0.0|-164092.53663391224|-164091.67898708518|-164090.83395271146|-164089.93846852437|-164089.06820924394
822.6|1.0|0.88|0.0|-164196.4143440448|-164195.43057268433|-164194.47202623056|-164193.46302996343|-164192.46664614964
822.8|1.0|0.88|0.0|-164254.6082037519|-164254.16676788504|-164253.75055692485|-164253.25867124464|-164252.79201047108
823.0|1.0|0.88|0.0|-163940.444918811|-163939.92780822414|-163939.42331009055|-163938.85574969026|-163938.3134141967
823.2|1.0|0.88|0.0|-164171.74618917552|-164171.1281789619|-164170.5227812016|-164169.87954608133|-164169.23631096102
823.4|1.0|0.88|0.0|-164553.68443580755|-164553.10426295394|-164552.53670255368|-164551.9060798867|-164551.3132945798
823.6|1.0|0.88|0.0|-164014.90602006303|-164014.26278494272|-164013.63216227578|-164012.95108979545|-164012.2952422218
823.8|1.0|0.88|0.0|-164258.46510649656|-164257.65790948283|-164256.8885498291|-164256.0687403621|-164255.24893089506
824.0|1.0|0.88|0.0|-164265.93945226877|-164265.33405450848|-164264.75388165488|-164264.11064653457|-164263.4800238676
824.2|1.0|0.88|0.0|-164213.4716463776|-164213.1058852308|-164212.76534899065|-164212.34913803043|-164211.9455395236
824.4|1.0|0.88|0.0|-164496.0158890919|-164495.18346717153|-164494.37627015784|-164493.51862333075|-164492.66097650368
824.6|1.0|0.88|0.0|-164220.47069986822|-164220.06710136138|-164219.68872776118|-164219.25990434768|-164218.8563058408
824.8|1.0|0.88|0.0|-164315.47155250286|-164314.75264266253|-164314.05895772885|-164313.30221052852|-164312.54546332816
825.0|1.0|0.88|0.0|-164116.57751979053|-164115.9216722169|-164115.26582464323|-164114.5721397096|-164113.87845477596
825.2|1.0|0.88|0.0|-164252.66589132065|-164251.95959393363|-164251.26590899998|-164250.52177425296|-164249.7902519593
825.4|1.0|0.88|0.0|-164324.45597572744|-164323.74967834042|-164323.04338095343|-164322.2992462064|-164321.55511145943
825.6|1.0|0.88|0.0|-164162.36072541188|-164161.57875330484|-164160.77155629115|-164159.93913437074|-164159.10671245036
825.8|1.0|0.88|0.0|-164359.92943701183|-164359.0465652781|-164358.16369354437|-164357.2555969039|-164356.3475002635
826.0|1.0|0.88|0.0|-164214.0137971078|-164213.2570499074|-164212.52552761373|-164211.75616796006|-164210.98680830636
826.2|1.0|0.88|0.0|-163684.43745212056|-163683.8698917203|-163683.31494377335|-163682.7095460131|-163682.10414825278
826.4|1.0|0.88|0.0|-164201.47368203072|-164200.61603520365|-164199.78361328327|-164198.90074154953|-164198.01786981578
826.6|1.0|0.88|0.0|-164442.85115188564|-164442.1322420453|-164441.46378201834|-164440.70703481795|-164440.00073743096
826.8|1.0|0.88|0.0|-164287.14505743768|-164286.3252479706|-164285.54327586357|-164284.6856290365|-164283.85320711613
827.0|1.0|0.88|0.0|-164039.7608307468|-164039.3824571466|-164039.02930845311|-164038.60048503955|-164038.20949898605
827.2|1.0|0.88|0.0|-164329.58684985765|-164329.14541399077|-164328.72920303058|-164328.2499298037|-164327.79588148347
827.4|1.0|0.88|0.0|-164293.76877500906|-164293.2138270621|-164292.68410402187|-164292.09131871493|-164291.52375831467
827.6|1.0|0.88|0.0|-164571.36696724873|-164570.98859364857|-164570.63544495506|-164570.20662154153|-164569.81563548802
827.8|1.0|0.88|0.0|-164358.9489625664|-164358.2931149928|-164357.63726741917|-164356.93097003215|-164356.24989755184
828.0|1.0|0.88|0.0|-164147.03790159128|-164145.86494343076|-164144.71721017687|-164143.50641465632|-164142.3082315891
828.2|1.0|0.88|0.0|-164604.78215117735|-164604.18936587038|-164603.59658056343|-164602.95334544315|-164602.32272277618
828.4|1.0|0.88|0.0|-164262.0013649868|-164261.26984269312|-164260.56354530613|-164259.79418565243|-164259.03743845207
828.6|1.0|0.88|0.0|-164499.067881307|-164498.51293336006|-164497.98321031983|-164497.37781255957|-164496.79763970597
828.8|1.0|0.88|0.0|-164395.9193224084|-164394.88510123457|-164393.8634925141|-164392.79143398025|-164391.73198789975
829.0|1.0|0.88|0.0|-164563.67756427324|-164562.6685680061|-164561.6721841923|-164560.6379630185|-164559.60374184468
829.2|1.0|0.88|0.0|-163833.13904195942|-163832.42013211906|-163831.7264471854|-163830.9823124384|-163830.25079014472
829.4|1.0|0.88|0.0|-164528.4188201197|-164527.67468537268|-164526.93055062566|-164526.12335361194|-164525.34138150493
829.6|1.0|0.88|0.0|-164550.54210523565|-164549.9871572887|-164549.4322093418|-164548.85203648818|-164548.27186363458
829.8|1.0|0.88|0.0|-163938.58210434578|-163937.57310807865|-163936.5893367182|-163935.55511554435|-163934.52089437057
830.0|1.0|0.88|0.0|-164621.80550180032|-164621.21271649338|-164620.61993118643|-164619.9893085195|-164619.37129830586
830.2|1.0|0.88|0.0|-164486.1964034971|-164485.55316837682|-164484.9351581632|-164484.25408568286|-164483.5856256559
830.4|1.0|0.88|0.0|-164559.52900783822|-164558.79748554455|-164558.09118815756|-164557.30921605052|-164556.55246885016
830.6|1.0|0.88|0.0|-164296.2566568355|-164295.43684736846|-164294.62965035476|-164293.75939107433|-164292.92696915398
830.8|1.0|0.88|0.0|-164453.22608530006|-164452.70897471314|-164452.22970148627|-164451.67475353932|-164451.1450304991
831.0|1.0|0.88|0.0|-164314.61073022385|-164313.89182038352|-164313.18552299653|-164312.42877579617|-164311.68464104916
831.2|1.0|0.88|0.0|-164236.4891942408|-164235.69460968042|-164234.92525002672|-164234.09282810634|-164233.2730186393
831.4|1.0|0.88|0.0|-164554.18401117166|-164553.09934018448|-164552.0146691973|-164550.8921608501|-164549.78226495627
831.6|1.0|0.88|0.0|-164760.3306267391|-164759.40991764533|-164758.53965836493|-164757.6189492712|-164756.68562772407
831.8|1.0|0.88|0.0|-164353.8872890596|-164352.94135505916|-164352.0206459654|-164351.02426215162|-164350.06571569783
832.0|1.0|0.88|0.0|-164377.63554834356|-164376.76528906316|-164375.89502978273|-164375.012158049|-164374.11667386192
832.2|1.0|0.88|0.0|-164492.5562490659|-164492.21571282577|-164491.9130139456|-164491.53464034543|-164491.18149165192
832.4|1.0|0.88|0.0|-164306.8123653149|-164306.06823056788|-164305.3367082742|-164304.54212371385|-164303.77276406015
832.6|1.0|0.88|0.0|-164323.8845935345|-164323.32964558754|-164322.78731009396|-164322.18191233368|-164321.6143519334
832.8|1.0|0.88|0.0|-164321.89972591682|-164321.31955306322|-164320.76460511633|-164320.15920735602|-164319.5790345024
833.0|1.0|0.88|0.0|-164332.82148145573|-164332.1908587888|-164331.5728485752|-164330.89177609485|-164330.2359285212
833.2|1.0|0.88|0.0|-164170.76342034864|-164170.1706350417|-164169.5904621881|-164168.94722706778|-164168.3418293075
833.4|1.0|0.88|0.0|-164332.77066624575|-164332.4049050989|-164332.07698131207|-164331.67338280522|-164331.29500920506
833.6|1.0|0.88|0.0|-164563.13712648646|-164562.29209211274|-164561.47228264567|-164560.58941091193|-164559.73176408486
833.8|1.0|0.88|0.0|-164740.19421203487|-164739.63926408795|-164739.1347659544|-164738.5545931008|-164737.99964515385
834.0|1.0|0.88|0.0|-164435.44581983224|-164434.6512352719|-164433.86926316484|-164433.03684124444|-164432.2170317774
834.2|1.0|0.88|0.0|-164550.82454297933|-164550.00473351232|-164549.21014895194|-164548.33988967154|-164547.50746775113
834.4|1.0|0.88|0.0|-164436.89625196627|-164436.366528926|-164435.86203079243|-164435.29447039217|-164434.7521348986
834.6|1.0|0.88|0.0|-164088.03837972347|-164087.07983326967|-164086.13389926925|-164085.13751545546|-164084.15374409498
834.8|1.0|0.88|0.0|-164111.38298520254|-164110.6010130955|-164109.81904098848|-164108.99923152145|-164108.17942205438
835.0|1.0|0.88|0.0|-164302.46542530807|-164301.77174037442|-164301.0906678941|-164300.3465331471|-164299.61501085342
835.2|1.0|0.88|0.0|-164190.50005335978|-164189.71808125274|-164188.97394650575|-164188.15413703868|-164187.346940025
835.4|1.0|0.88|0.0|-164108.5569440149|-164107.86325908126|-164107.18218660093|-164106.43805185394|-164105.71914201358
835.6|1.0|0.88|0.0|-164475.66096226734|-164475.3582633872|-164475.0681769604|-164474.72764072023|-164474.39971693343
835.8|1.0|0.88|0.0|-164346.1184540203|-164345.2481947399|-164344.40316036617|-164343.50767617908|-164342.62480444534
836.0|1.0|0.88|0.0|-164218.8209624676|-164218.40475150742|-164217.98854054726|-164217.53449222705|-164217.0804439068
836.2|1.0|0.88|0.0|-164059.09839869483|-164058.3164265878|-164057.54706693412|-164056.72725746705|-164055.92006045335
836.4|1.0|0.88|0.0|-164238.58690149325|-164237.9436663729|-164237.3256561593|-164236.65719613232|-164236.013961012
836.6|1.0|0.88|0.0|-164244.37903085793|-164243.47093421753|-164242.6006749371|-164241.65474093668|-164240.7340318429
836.8|1.0|0.88|0.0|-164001.7165660072|-164001.1237807003|-164000.5436078467|-163999.91298517972|-163999.30758741943
837.0|1.0|0.88|0.0|-163893.86358982028|-163893.23296715334|-163892.65279429973|-163891.99694672605|-163891.35371160577
837.2|1.0|0.88|0.0|-164272.7669130369|-164272.1236779166|-164271.49305524962|-164270.81198276932|-164270.15613519566
837.4|1.0|0.88|0.0|-164239.27474506572|-164238.74502202548|-164238.2279114386|-164237.66035103833|-164237.11801554472
837.6|1.0|0.88|0.0|-164195.11173223803|-164194.29192277096|-164193.49733821058|-164192.63969138352|-164191.81988191648
837.8|1.0|0.88|0.0|-164127.05801666295|-164126.2382071959|-164125.4310101822|-164124.57336335513|-164123.71571652804
838.0|1.0|0.88|0.0|-164290.9471312154|-164290.19038401506|-164289.4588617214|-164288.65166470766|-164287.8949175073
838.2|1.0|0.88|0.0|-164269.2477569153|-164268.69280896842|-164268.16308592816|-164267.58291307456|-164267.00274022095
838.4|1.0|0.88|0.0|-164503.59975241122|-164502.80516785086|-164502.02319574382|-164501.1907738234|-164500.37096435638
838.6|1.0|0.88|0.0|-164545.27700916163|-164544.36891252123|-164543.47342833414|-164542.5274943337|-164541.60678523994
838.8|1.0|0.88|0.0|-164590.48821486728|-164589.83236729362|-164589.17651971997|-164588.470222333|-164587.78914985267
839.0|1.0|0.88|0.0|-164137.5753822589|-164136.88169732524|-164136.21323729825|-164135.48171500457|-164134.76280516424
839.2|1.0|0.88|0.0|-164312.464203557|-164311.54349446323|-164310.6227853695|-164309.639014009|-164308.68046755524
839.4|1.0|0.88|0.0|-164252.7883070687|-164252.22074666846|-164251.69102362817|-164251.09823832125|-164250.51806546765
839.6|1.0|0.88|0.0|-164122.32881896448|-164121.72342120422|-164121.13063589725|-164120.5000132303|-164119.86939056334
839.8|1.0|0.88|0.0|-164569.28793581948|-164568.29155200568|-164567.33300555192|-164566.32400928478|-164565.31501301762
840.0|1.0|0.88|0.0|-164453.91721307277|-164453.03434133902|-164452.16408205862|-164451.24337296485|-164450.33527632445
840.2|1.0|0.88|0.0|-164130.32104343016|-164129.22375998966|-164128.12647654914|-164127.00396820196|-164125.86884740143
840.4|1.0|0.88|0.0|-164336.43589865466|-164335.4773522009|-164334.53141820044|-164333.52242193327|-164332.55126302617
840.6|1.0|0.88|0.0|-164060.36050200087|-164059.6037548005|-164058.84700760015|-164058.03981058646|-164057.25783847942
840.8|1.0|0.88|0.0|-164483.31040110017|-164482.88157768664|-164482.4527542731|-164481.96086859287|-164481.519432726
841.0|1.0|0.88|0.0|-164368.453944455|-164367.67197234795|-164366.90261269425|-164366.09541568055|-164365.28821866686
841.2|1.0|0.88|0.0|-164211.83043590072|-164211.1745883271|-164210.55657811346|-164209.87550563313|-164209.20704560616
841.4|1.0|0.88|0.0|-164451.56244642253|-164450.8813739422|-164450.22552636854|-164449.5066165282|-164448.81293159456
841.6|1.0|0.88|0.0|-164698.89265640444|-164697.8836601373|-164696.8872763235|-164695.84044269635|-164694.7936090692
841.8|1.0|0.88|0.0|-164558.97009905922|-164558.25118921892|-164557.53227937856|-164556.76291972486|-164556.00617252453
842.0|1.0|0.88|0.0|-164680.85649943972|-164680.44028847953|-164680.03668997268|-164679.60786655915|-164679.17904314562
842.2|1.0|0.88|0.0|-164454.04675104067|-164453.61792762714|-164453.22694157364|-164452.78550570674|-164452.3566822932
842.4|1.0|0.88|0.0|-164294.67802962795|-164293.76993298755|-164292.8870612538|-164291.92851480003|-164290.99519325292
842.6|1.0|0.88|0.0|-164491.94118527943|-164491.29795015912|-164490.6799399455|-164490.01147991852|-164489.34301989156
842.8|1.0|0.88|0.0|-164404.0752556618|-164403.4320205415|-164402.78878542123|-164402.0824880342|-164401.4014155539
843.0|1.0|0.88|0.0|-164296.13787998483|-164295.2297833444|-164294.35952406403|-164293.41359006357|-164292.48026851646
843.2|1.0|0.88|0.0|-164145.39986735318|-164144.30258391265|-164143.2179129255|-164142.08279212497|-164140.94767132445
843.4|1.0|0.88|0.0|-164307.31565529245|-164306.2057593986|-164305.12108841143|-164303.9859676109|-164302.8634592637
843.6|1.0|0.88|0.0|-164334.58913243574|-164334.00895958213|-164333.44139918187|-164332.82338896825|-164332.21799120796
843.8|1.0|0.88|0.0|-164546.90932075112|-164546.1525735508|-164545.42105125712|-164544.63907915007|-164543.85710704303
844.0|1.0|0.88|0.0|-164659.20500669067|-164658.3473598636|-164657.5149379432|-164656.63206620945|-164655.76180692908
844.2|1.0|0.88|0.0|-164482.11354935478|-164481.16761535432|-164480.20906890056|-164479.2252975401|-164478.254138633
844.4|1.0|0.88|0.0|-164392.05176684694|-164391.49681890005|-164390.9670958598|-164390.33647319285|-164389.7563003392
844.6|1.0|0.88|0.0|-164561.80058335187|-164561.34653503168|-164560.9303240715|-164560.43843839123|-164559.97177761767
844.8|1.0|0.88|0.0|-164625.215870701|-164624.58524803404|-164623.97985027375|-164623.33661515344|-164622.69338003316
845.0|1.0|0.88|0.0|-164430.18339077072|-164429.2122318636|-164428.26629786316|-164427.26991404936|-164426.29875514223
845.2|1.0|0.88|0.0|-164260.39523721862|-164259.2727288714|-164258.2006703376|-164257.0403246304|-164255.9178162832
845.4|1.0|0.88|0.0|-164030.11706415127|-164029.12068033748|-164028.14952143037|-164027.1279127099|-164026.11891644276
845.6|1.0|0.88|0.0|-164149.40564783357|-164149.50654746027|-164149.63267199366|-164149.73357162037|-164149.8344712471
845.8|1.0|0.88|0.0|-164214.10092897614|-164213.25589460242|-164212.43608513536|-164211.52798849493|-164210.67034166786
846.0|1.0|0.88|0.0|-163938.22460205955|-163937.41740504582|-163936.6354329388|-163935.79039856506|-163934.97058909803
846.2|1.0|0.88|0.0|-163960.17027086977|-163959.90540934965|-163959.6405478295|-163959.32523649605|-163959.03515006925
846.4|1.0|0.88|0.0|-164239.88363395422|-164239.56832262073|-164239.2782361939|-164238.91247504708|-164238.57193880694
846.6|1.0|0.88|0.0|-164452.3025730932|-164451.50798853286|-164450.72601642582|-164449.89359450544|-164449.07378503837
846.8|1.0|0.88|0.0|-164348.6890712772|-164348.14673578358|-164347.61701274334|-164347.0242274364|-164346.45666703614
847.0|1.0|0.88|0.0|-164336.25516600712|-164335.70021806017|-164335.1704950199|-164334.577709713|-164334.01014931273
847.2|1.0|0.88|0.0|-164313.45961211418|-164312.87943926058|-164312.32449131363|-164311.71909355337|-164311.11369579306
847.4|1.0|0.88|0.0|-164268.1052299064|-164267.5376695061|-164266.9953340125|-164266.38993625224|-164265.80976339863
847.6|1.0|0.88|0.0|-164219.06082431728|-164218.3419144769|-164217.63561708992|-164216.87886988957|-164216.1473475959
847.8|1.0|0.88|0.0|-164363.18332862444|-164362.71666785088|-164362.25000707732|-164361.7202840371|-164361.2410108102
848.0|1.0|0.88|0.0|-163967.6376882487|-163966.99445312843|-163966.35121800812|-163965.65753307447|-163964.9890730475
848.2|1.0|0.88|0.0|-164448.12086522777|-164447.11186896064|-164446.1407100535|-164445.081263973|-164444.05965525255
848.4|1.0|0.88|0.0|-164392.14862899453|-164391.40449424752|-164390.66035950053|-164389.8531624868|-164389.0838028331
848.6|1.0|0.88|0.0|-164145.55988139863|-164145.16889534512|-164144.77790929162|-164144.33647342474|-164143.93287491787
848.8|1.0|0.88|0.0|-164160.2263582595|-164159.4822235125|-164158.7507012188|-164157.99395401846|-164157.2245943648
849.0|1.0|0.88|0.0|-164065.42037199886|-164064.73929951855|-164064.05822703824|-164063.32670474454|-164062.62040735758
849.2|1.0|0.88|0.0|-164305.2303635994|-164304.5619035724|-164303.91866845213|-164303.2123710651|-164302.54391103817
849.4|1.0|0.88|0.0|-164061.3559658324|-164060.95236732555|-164060.57399372538|-164060.14517031185|-164059.72895935163
849.6|1.0|0.88|0.0|-164854.26306990863|-164853.74595932174|-164853.24146118815|-164852.68651324123|-164852.13156529432
849.8|1.0|0.88|0.0|-164401.9258122851|-164401.05555300467|-164400.21051863095|-164399.30242199055|-164398.40693780346
850.0|1.0|0.88|0.0|-164417.75313135178|-164416.70629772465|-164415.64685164415|-164414.53695575029|-164413.45228476313
850.2|1.0|0.88|0.0|-164493.00336552257|-164491.7799575487|-164490.54393712146|-164489.24485442752|-164487.99622154693
850.4|1.0|0.88|0.0|-164537.69924952145|-164536.63980344095|-164535.58035736045|-164534.4704614666|-164533.38579047943
850.6|1.0|0.88|0.0|-164196.2032216992|-164195.66088620562|-164195.10593825867|-164194.5005404984|-164193.9203676448
850.8|1.0|0.88|0.0|-164216.0658571954|-164215.58658396854|-164215.1325356483|-164214.60281260806|-164214.09831447448
851.0|1.0|0.88|0.0|-164319.7688401045|-164318.88596837074|-164318.02832154365|-164317.1328373566|-164316.2373531695
851.2|1.0|0.88|0.0|-164276.51790401363|-164275.7359319066|-164274.9791847062|-164274.1719876925|-164273.39001558546
851.4|1.0|0.88|0.0|-164166.50039937135|-164165.95806387774|-164165.4283408375|-164164.86078043724|-164164.29322003698
851.6|1.0|0.88|0.0|-164401.46947577604|-164400.87669046913|-164400.29651761553|-164399.6785074019|-164399.06049718827
851.8|1.0|0.88|0.0|-164396.17544593583|-164395.51959836218|-164394.86375078856|-164394.15745340154|-164393.45115601455
852.0|1.0|0.88|0.0|-163935.84137783464|-163935.4125544211|-163934.98373100758|-163934.51707023403|-163934.05040946047
852.2|1.0|0.88|0.0|-164023.77540251563|-164022.8673058752|-164021.95920923477|-164021.000662781|-164020.0673412339
852.4|1.0|0.88|0.0|-163912.7389744913|-163912.18402654436|-163911.64169105078|-163911.04890574384|-163910.46873289024
852.6|1.0|0.88|0.0|-163549.534754715|-163549.10593130146|-163548.70233279458|-163548.26089692774|-163547.81946106086
852.8|1.0|0.88|0.0|-163740.9407827791|-163740.28493520548|-163739.6543125385|-163738.9732400582|-163738.3047800312
853.0|1.0|0.88|0.0|-163905.74390387858|-163905.08805630493|-163904.45743363796|-163903.75113625097|-163903.09528867732
853.2|1.0|0.88|0.0|-163963.60983979885|-163963.21885374535|-163962.82786769184|-163962.41165673162|-163961.99544577143
853.4|1.0|0.88|0.0|-163764.8695169549|-163764.11276975457|-163763.38124746087|-163762.59927535383|-163761.82991570013
853.6|1.0|0.88|0.0|-163959.57689154203|-163958.84536924836|-163958.16429676805|-163957.39493711438|-163956.67602727402
853.8|1.0|0.88|0.0|-163919.3626325553|-163918.6563351683|-163917.95003778132|-163917.2059030343|-163916.4617682873
854.0|1.0|0.88|0.0|-164128.18394385514|-164127.62899590822|-164127.09927286798|-164126.50648756104|-164125.95153961412
854.2|1.0|0.88|0.0|-164069.86043713495|-164069.154139748|-164068.47306726765|-164067.74154497398|-164067.035247587
854.4|1.0|0.88|0.0|-164270.67591920192|-164270.0326840816|-164269.3894489613|-164268.69576402765|-164268.02730400066
854.6|1.0|0.88|0.0|-164286.25229907583|-164285.8234756623|-164285.4324896088|-164284.97844128858|-164284.5370054217
854.8|1.0|0.88|0.0|-164268.84966173032|-164268.09291452996|-164267.31094242295|-164266.49113295588|-164265.6965483955
855.0|1.0|0.88|0.0|-163824.87677388918|-163823.84255271536|-163822.82094399488|-163821.7362730077|-163820.68943938054
855.2|1.0|0.88|0.0|-164083.06630619618|-164082.1077597424|-164081.16182574196|-164080.17805438148|-164079.19428302106
855.4|1.0|0.88|0.0|-163951.97977699083|-163951.3869916839|-163950.81943128363|-163950.1888086167|-163949.58341085637
855.6|1.0|0.88|0.0|-163990.83049845346|-163990.17465087984|-163989.5566406662|-163988.86295573256|-163988.2071081589
855.8|1.0|0.88|0.0|-163983.42357666558|-163982.74250418527|-163982.06143170496|-163981.32990941126|-163980.61099957096
856.0|1.0|0.88|0.0|-163862.709785756|-163861.43592796873|-163860.1746826348|-163858.86298748752|-163857.5639047936
856.2|1.0|0.88|0.0|-164100.26741027576|-164099.59895024876|-164098.95571512848|-164098.27464264818|-164097.59357016784
856.4|1.0|0.88|0.0|-164241.5306597423|-164240.50905102183|-164239.5000547547|-164238.45322112754|-164237.40638750038
856.6|1.0|0.88|0.0|-164260.96579093367|-164260.28471845336|-164259.64148333308|-164258.93518594606|-164258.2415010124
856.8|1.0|0.88|0.0|-164009.22199918746|-164008.3643523604|-164007.5067055333|-164006.6238337996|-164005.7409620658
857.0|1.0|0.88|0.0|-163907.90979286938|-163907.11520830903|-163906.34584865536|-163905.53865164163|-163904.7188421746
857.2|1.0|0.88|0.0|-164106.2239055323|-164105.05094737172|-164103.87798921118|-164102.6545812373|-164101.44378571672
857.4|1.0|0.88|0.0|-164510.7405092875|-164510.2233987006|-164509.75673792703|-164509.20178998008|-164508.6846793932
857.6|1.0|0.88|0.0|-164135.4443477259|-164134.66237561885|-164133.90562841852|-164133.08581895143|-164132.2912343911
857.8|1.0|0.88|0.0|-164192.41711822478|-164191.7108208378|-164191.01713590414|-164190.28561361047|-164189.5667037701
858.0|1.0|0.88|0.0|-163928.8519974352|-163927.84300116808|-163926.84661735428|-163925.78717127378|-163924.75295009997
858.2|1.0|0.88|0.0|-164070.4054308365|-164069.43427192938|-164068.48833792892|-164067.47934166176|-164066.47034539463
858.4|1.0|0.88|0.0|-164202.3245853393|-164201.45432605885|-164200.59667923182|-164199.6885825914|-164198.80571085765
858.6|1.0|0.88|0.0|-164156.57941552333|-164155.82266832297|-164155.11637093598|-164154.33439882894|-164153.5776516286
858.8|1.0|0.88|0.0|-164293.6515584139|-164292.69301196013|-164291.75969041302|-164290.77591905254|-164289.7921476921
859.0|1.0|0.88|0.0|-164224.35873976827|-164223.48848048784|-164222.64344611412|-164221.72273702038|-164220.8272528333
859.2|1.0|0.88|0.0|-164599.80394899813|-164598.69405310426|-164597.6093821171|-164596.47426131656|-164595.33914051604
859.4|1.0|0.88|0.0|-164358.48614043018|-164357.37624453634|-164356.2663486425|-164355.1060029353|-164353.97088213474
859.6|1.0|0.88|0.0|-164491.812384679|-164490.72771369183|-164489.64304270467|-164488.50792190412|-164487.38541355694
859.8|1.0|0.88|0.0|-164617.00436870364|-164616.34852113|-164615.71789846307|-164615.06205088942|-164614.38097840908
860.0|1.0|0.88|0.0|-164242.8383995128|-164241.82940324568|-164240.83301943188|-164239.78618580473|-164238.72673972422
860.2|1.0|0.88|0.0|-164512.26562774504|-164511.55933035805|-164510.87825787775|-164510.1593480374|-164509.44043819708
860.4|1.0|0.88|0.0|-164079.96294821167|-164078.92872703783|-164077.89450586404|-164076.80983487685|-164075.75038879635
860.6|1.0|0.88|0.0|-164237.5712067792|-164236.3225738986|-164235.0991659247|-164233.8126956841|-164232.56406280355
860.8|1.0|0.88|0.0|-164288.37416882953|-164286.7849997088|-164285.19583058805|-164283.5688241073|-164281.95443007987
861.0|1.0|0.88|0.0|-164323.4115642059|-164322.1377064186|-164320.88907353804|-164319.5899908441|-164318.30352060348
861.2|1.0|0.88|0.0|-164650.04792306473|-164648.98847698423|-164647.92903090376|-164646.8191350099|-164645.7344640227
861.4|1.0|0.88|0.0|-164388.3248623719|-164387.25280383806|-164386.16813285087|-164385.05823695703|-164383.9483410632
861.6|1.0|0.88|0.0|-164383.26584279272|-164382.5469329524|-164381.86586047203|-164381.12172572504|-164380.39020343137
861.8|1.0|0.88|0.0|-164386.99360499755|-164386.2116328905|-164385.4674981435|-164384.64768867643|-164383.86571656942
862.0|1.0|0.88|0.0|-164547.621466011|-164547.0412931574|-164546.49895766383|-164545.8809474502|-164545.3007745966
862.2|1.0|0.88|0.0|-164365.58768493737|-164364.88138755038|-164364.1877026167|-164363.43095541635|-164362.6994331227
862.4|1.0|0.88|0.0|-164207.51647570205|-164206.99936511513|-164206.50747943492|-164205.93991903466|-164205.39758354108
862.6|1.0|0.88|0.0|-164204.6607437196|-164204.32020747947|-164204.00489614598|-164203.61391009245|-164203.24814894563
862.8|1.0|0.88|0.0|-164271.6596235901|-164270.801976763|-164269.95694238928|-164269.0614582022|-164268.17858646845
863.0|1.0|0.88|0.0|-164624.3794936745|-164623.64797138082|-164622.95428644717|-164622.18492679347|-164621.4534044998
863.2|1.0|0.88|0.0|-164258.56206460908|-164258.07017892887|-164257.60351815532|-164257.07379511508|-164256.5692969815
863.4|1.0|0.88|0.0|-164261.16351866248|-164260.52028354217|-164259.91488578188|-164259.24642575489|-164258.59057818126
863.6|1.0|0.88|0.0|-164517.625144862|-164516.84317275495|-164516.08642555462|-164515.27922854092|-164514.4720315272
863.8|1.0|0.88|0.0|-164413.6909424689|-164413.4260809488|-164413.22428169535|-164412.9215828152|-164412.6567212951
864.0|1.0|0.88|0.0|-164474.59647964395|-164474.0919815104|-164473.61270828353|-164473.04514788327|-164472.52803729635
864.2|1.0|0.88|0.0|-164078.76085445823|-164077.86537027112|-164076.96988608403|-164076.03656453695|-164075.10324298986
864.4|1.0|0.88|0.0|-164117.16577487614|-164116.49731484914|-164115.84146727552|-164115.14778234187|-164114.46670986153
864.6|1.0|0.88|0.0|-163674.9080977519|-163674.20180036488|-163673.50811543124|-163672.76398068425|-163672.05768329723
864.8|1.0|0.88|0.0|-164115.62996599302|-164115.37771692622|-164115.13808031278|-164114.84799388598|-164114.57051991252
865.0|1.0|0.88|0.0|-163740.43556002757|-163740.14547360077|-163739.85538717397|-163739.52746338717|-163739.2121520537
865.2|1.0|0.88|0.0|-164211.24449710362|-164210.67693670336|-164210.1093763031|-164209.5039785428|-164208.91119323584
865.4|1.0|0.88|0.0|-163890.47113180015|-163889.4873604397|-163888.5162015326|-163887.49459281212|-163886.48559654495
865.6|1.0|0.88|0.0|-163850.55733600102|-163849.95193824073|-163849.3591529338|-163848.72853026685|-163848.11052005322
865.8|1.0|0.88|0.0|-164513.07518999945|-164512.5706918659|-164512.11664354568|-164511.58692050545|-164511.08242237187
866.0|1.0|0.88|0.0|-164263.71612413187|-164263.00982674488|-164262.32875426457|-164261.59723197087|-164260.89093458388
866.2|1.0|0.88|0.0|-164298.80396932154|-164298.48865798803|-164298.19857156128|-164297.8580353211|-164297.51749908095
866.4|1.0|0.88|0.0|-164671.67853984202|-164671.19926661512|-164670.7452182949|-164670.24072016132|-164669.73622202777
866.6|1.0|0.88|0.0|-164561.37002293728|-164560.49976365684|-164559.65472928312|-164558.7466326427|-164557.8763733623
866.8|1.0|0.88|0.0|-164573.62932758298|-164573.09960454275|-164572.6077188625|-164572.0527709156|-164571.510435422
867.0|1.0|0.88|0.0|-165079.85900095635|-165079.1653160227|-165078.50946844905|-165077.79055860874|-165077.08426122172
867.2|1.0|0.88|0.0|-164986.676035632|-164985.73010163155|-164984.79678008446|-164983.813008724|-164982.85446227025
867.4|1.0|0.88|0.0|-164704.28299032815|-164703.5010182211|-164702.74427102078|-164701.92446155372|-164701.1298769933
867.6|1.0|0.88|0.0|-164621.8606077564|-164621.09124810272|-164620.30927599568|-164619.50207898198|-164618.70749442157
867.8|1.0|0.88|0.0|-164717.87445559038|-164717.26905783013|-164716.68888497652|-164716.0456498562|-164715.42763964258
868.0|1.0|0.88|0.0|-164703.43201171485|-164702.47346526108|-164701.50230635397|-164700.49331008684|-164699.48431381967
868.2|1.0|0.88|0.0|-164587.671498005|-164587.1543874181|-164586.66250173785|-164586.1075537909|-164585.57783075067
868.4|1.0|0.88|0.0|-164360.35633331767|-164359.80138537072|-164359.23382497046|-164358.6284272102|-164358.0482543566
868.6|1.0|0.88|0.0|-164309.0362606804|-164308.50653764018|-164308.01465195994|-164307.45970401302|-164306.9173685194
868.8|1.0|0.88|0.0|-164425.474429908|-164424.95731932108|-164424.45282118753|-164423.88526078727|-164423.3429252937
869.0|1.0|0.88|0.0|-164756.63499984864|-164755.8530277416|-164755.08366808793|-164754.25124616755|-164753.44404915383
869.2|1.0|0.88|0.0|-164628.40418674887|-164627.69788936188|-164626.9915919749|-164626.26006968122|-164625.5159349342
869.4|1.0|0.88|0.0|-164692.43761235205|-164691.80698968508|-164691.18897947145|-164690.53313189783|-164689.8772843242
869.6|1.0|0.88|0.0|-164538.61613142703|-164538.09902084013|-164537.59452270655|-164537.03957475963|-164536.49723926606
869.8|1.0|0.88|0.0|-164421.66178194268|-164420.77891020893|-164419.8960384752|-164418.9753293814|-164418.05462028764
870.0|1.0|0.88|0.0|-164137.25855712008|-164136.45136010635|-164135.68200045268|-164134.83696607896|-164134.0297690652
870.2|1.0|0.88|0.0|-164512.15727820405|-164511.75367969723|-164511.37530609706|-164510.9464826835|-164510.51765926997
870.4|1.0|0.88|0.0|-164390.48835929987|-164390.03431097965|-164389.58026265944|-164389.0883769792|-164388.596491299
870.6|1.0|0.88|0.0|-164492.67011479658|-164492.32957855638|-164492.02687967627|-164491.66111852945|-164491.3331947426
870.8|1.0|0.88|0.0|-164348.50798476086|-164348.07916134733|-164347.67556284048|-164347.18367716024|-164346.74224129337
871.0|1.0|0.88|0.0|-164592.21275384206|-164591.70825570848|-164591.19114512156|-164590.63619717467|-164590.11908658774
871.2|1.0|0.88|0.0|-164311.71158817655|-164311.05574060287|-164310.4125054826|-164309.73143300228|-164309.03774806863
871.4|1.0|0.88|0.0|-164656.33652626138|-164656.00860247458|-164655.68067868776|-164655.31491754093|-164654.96176884742
871.6|1.0|0.88|0.0|-164579.52424608657|-164578.99452304633|-164578.4648000061|-164577.8846271525|-164577.35490411223
871.8|1.0|0.88|0.0|-164629.18570448554|-164628.32805765845|-164627.49563573807|-164626.62537645767|-164625.75511717724
872.0|1.0|0.88|0.0|-164465.22944185365|-164464.78800598675|-164464.34657011987|-164463.89252179966|-164463.4258610261
872.2|1.0|0.88|0.0|-164467.08498811265|-164466.27779109895|-164465.48320653857|-164464.6255597115|-164463.79313779113
872.4|1.0|0.88|0.0|-164589.85264805573|-164589.15896312208|-164588.46527818844|-164587.73375589476|-164587.02745850774
872.6|1.0|0.88|0.0|-164309.2156078625|-164308.26967386206|-164307.36157722163|-164306.37780586118|-164305.43187186075
872.8|1.0|0.88|0.0|-164533.4235325685|-164532.74246008816|-164532.06138760786|-164531.31725286084|-164530.61095547382
873.0|1.0|0.88|0.0|-164415.97636707374|-164415.1943949667|-164414.42503531303|-164413.6178382993|-164412.79802883227
873.2|1.0|0.88|0.0|-164405.22345534616|-164405.05949345278|-164404.9081440127|-164404.68111985258|-164404.50454550583
873.4|1.0|0.88|0.0|-164533.98660045434|-164533.53255213416|-164533.07850381391|-164532.5866181337|-164532.1073449068
873.6|1.0|0.88|0.0|-164355.6428527581|-164355.3275414246|-164355.01223009112|-164354.63385649095|-164354.30593270413
873.8|1.0|0.88|0.0|-164534.30498998283|-164533.16986918234|-164532.0347483818|-164530.8491777679|-164529.663607154
874.0|1.0|0.88|0.0|-164296.6053271959|-164296.06299170232|-164295.53326866208|-164294.95309580848|-164294.41076031487
874.2|1.0|0.88|0.0|-164286.4437188763|-164285.8887709294|-164285.33382298247|-164284.71581276887|-164284.1230274619
874.4|1.0|0.88|0.0|-164275.6348463646|-164275.13034823103|-164274.63846255082|-164274.09612705724|-164273.57901647035
874.6|1.0|0.88|0.0|-164253.07116734076|-164252.74324355394|-164252.4153197671|-164252.06217107366|-164251.6964099268
874.8|1.0|0.88|0.0|-164333.5133947383|-164333.18547095143|-164332.89538452466|-164332.5296233778|-164332.201699591
875.0|1.0|0.88|0.0|-164074.78152693767|-164074.10045445734|-164073.4067695237|-164072.67524723|-164071.95633738968
875.2|1.0|0.88|0.0|-164393.6598206317|-164392.9409107914|-164392.23461340438|-164391.4652537507|-164390.72111900366
875.4|1.0|0.88|0.0|-164254.18107187477|-164253.68918619456|-164253.26036278103|-164252.7432521941|-164252.25136651387
875.6|1.0|0.88|0.0|-164175.6298802715|-164175.30195648468|-164175.01187005788|-164174.6587213644|-164174.31818512423
875.8|1.0|0.88|0.0|-164096.29612030624|-164095.29973649248|-164094.315965132|-164093.26913150484|-164092.24752278437
876.0|1.0|0.88|0.0|-164393.99513868484|-164393.38974092453|-164392.80956807092|-164392.16633295064|-164391.548322737
876.2|1.0|0.88|0.0|-164523.98709409375|-164523.48259596017|-164523.00332273328|-164522.44837478636|-164521.94387665275
876.4|1.0|0.88|0.0|-165042.9970016298|-165042.3033166961|-165041.6474691225|-165040.9159468288|-165040.19703698848
876.6|1.0|0.88|0.0|-164720.37044521276|-164719.95423425257|-164719.5506357457|-164719.10919987882|-164718.66776401197
876.8|1.0|0.88|0.0|-164867.75690947595|-164867.3785358758|-164867.02538718228|-164866.59656376875|-164866.1929652619
877.0|1.0|0.88|0.0|-164607.69391489218|-164607.17680430526|-164606.67230617168|-164606.10474577142|-164605.56241027784
877.2|1.0|0.88|0.0|-164564.23914429077|-164563.83554578395|-164563.4571721838|-164563.01573631688|-164562.5995253567
877.4|1.0|0.88|0.0|-164401.41134155143|-164401.0455804046|-164400.67981925776|-164400.27622075094|-164399.8852346974
877.6|1.0|0.88|0.0|-164381.6113817513|-164381.0312088977|-164380.47626095076|-164379.8456382838|-164379.24024052353
877.8|1.0|0.88|0.0|-164305.02216797817|-164304.53028229796|-164304.03839661772|-164303.4960611241|-164302.96633808388
878.0|1.0|0.88|0.0|-164338.55868140713|-164338.06679572692|-164337.60013495336|-164337.08302436644|-164336.59113868623
878.2|1.0|0.88|0.0|-164329.5378652711|-164328.88201769747|-164328.25139503053|-164327.5703225502|-164326.8892500699
878.4|1.0|0.88|0.0|-164311.71874727696|-164310.5457891164|-164309.39805586255|-164308.19987279532|-164307.01430218143
878.6|1.0|0.88|0.0|-164246.02627354284|-164245.58483767594|-164245.16862671575|-164244.68935348885|-164244.22269271532
878.8|1.0|0.88|0.0|-164446.3595284479|-164445.76674314096|-164445.17395783405|-164444.54333516708|-164443.92532495345
879.0|1.0|0.88|0.0|-164348.68417508088|-164347.9274278805|-164347.20851804016|-164346.4139334798|-164345.65718627945
879.2|1.0|0.88|0.0|-164733.84685283358|-164733.06488072654|-164732.2829086195|-164731.4630991525|-164730.64328968542
879.4|1.0|0.88|0.0|-164494.19637175518|-164493.33872492812|-164492.5315279144|-164491.64865618068|-164490.7910093536
879.6|1.0|0.88|0.0|-164599.06535175396|-164598.23292983355|-164597.42573281983|-164596.5428610861|-164595.7104391657
879.8|1.0|0.88|0.0|-164622.60746526087|-164621.8128807005|-164621.01829614013|-164620.1732617664|-164619.36606475268
880.0|1.0|0.88|0.0|-164411.16870069076|-164409.93268026353|-164408.74710964962|-164407.46063940905|-164406.22461898177
880.2|1.0|0.88|0.0|-164762.9927150929|-164762.437767146|-164761.8954316524|-164761.29003389212|-164760.70986103851
880.4|1.0|0.88|0.0|-164463.686872452|-164463.22021167845|-164462.7535509049|-164462.26166522468|-164461.76977954444
880.6|1.0|0.88|0.0|-164452.84828729054|-164452.2428895303|-164451.66271667668|-164451.01948155634|-164450.40147134275
880.8|1.0|0.88|0.0|-164413.36323860328|-164413.02270236312|-164412.70739102963|-164412.32901742947|-164411.9506438293
881.0|1.0|0.88|0.0|-164311.2312272797|-164310.12133138586|-164309.04927285202|-164307.9141520515|-164306.81686861097
881.2|1.0|0.88|0.0|-164024.89069911957|-164024.17178927924|-164023.4907167989|-164022.72135714523|-164021.98983485156
881.4|1.0|0.88|0.0|-164222.97555586483|-164221.9665595977|-164220.98278823722|-164219.91072970338|-164218.86389607625
881.6|1.0|0.88|0.0|-164150.0816548961|-164148.92130918885|-164147.76096348165|-164146.5501679611|-164145.33937244053
881.8|1.0|0.88|0.0|-164365.95306558383|-164365.13325611677|-164364.35128400975|-164363.49363718266|-164362.6359903556
882.0|1.0|0.88|0.0|-164699.38176680377|-164698.8772686702|-164698.38538298997|-164697.84304749637|-164697.31332445613
882.2|1.0|0.88|0.0|-164158.22924873582|-164157.83826268231|-164157.47250153546|-164157.04367812193|-164156.62746716174
882.4|1.0|0.88|0.0|-164286.5609614623|-164286.01862596872|-164285.51412783514|-164284.94656743488|-164284.3790070346
882.6|1.0|0.88|0.0|-164267.15039577326|-164266.70895990636|-164266.26752403952|-164265.76302590594|-164265.28375267904
882.8|1.0|0.88|0.0|-164288.6319372694|-164287.86257761568|-164287.10583041536|-164286.29863340163|-164285.50404884125
883.0|1.0|0.88|0.0|-164294.86140786807|-164294.30645992112|-164293.76412442754|-164293.14611421392|-164292.5659413603
883.2|1.0|0.88|0.0|-164291.72562425997|-164291.20851367307|-164290.7040155395|-164290.14906759257|-164289.60673209897
883.4|1.0|0.88|0.0|-164251.26567383544|-164250.60982626182|-164249.96659114148|-164249.29813111454|-164248.6170586342
883.6|1.0|0.88|0.0|-164273.18611773898|-164272.37892072528|-164271.6095610716|-164270.78975160452|-164269.95732968417
883.8|1.0|0.88|0.0|-164312.8268643644|-164312.5746152976|-164312.32236623083|-164312.03227980406|-164311.74219337723
884.0|1.0|0.88|0.0|-164339.4139811038|-164338.98515769027|-164338.55633427674|-164338.0896735032|-164337.62301272963
884.2|1.0|0.88|0.0|-164406.62574494843|-164405.30143734784|-164404.00235465393|-164402.65282214663|-164401.31590209264
884.4|1.0|0.88|0.0|-164252.18729644723|-164251.55667378026|-164250.92605111332|-164250.25759108635|-164249.58913105936
884.6|1.0|0.88|0.0|-164051.36126374846|-164050.54145428145|-164049.7216448144|-164048.8639979873|-164047.98112625358
884.8|1.0|0.88|0.0|-164345.21047283098|-164344.65552488406|-164344.13841429714|-164343.55824144353|-164342.99068104327
885.0|1.0|0.88|0.0|-164426.8375888419|-164426.28264089502|-164425.75291785476|-164425.13490764113|-164424.5421223342
885.2|1.0|0.88|0.0|-164408.59998131343|-164407.76755939302|-164406.985587286|-164406.10271555226|-164405.25768117854
885.4|1.0|0.88|0.0|-164269.30804663515|-164268.4251749014|-164267.52969071432|-164266.60898162058|-164265.67566007347
885.6|1.0|0.88|0.0|-164551.2468285799|-164550.64143081964|-164550.03603305935|-164549.39279793904|-164548.7621752721
885.8|1.0|0.88|0.0|-164448.1673798369|-164447.61243188998|-164447.1079337564|-164446.5277609028|-164445.97281295585
886.0|1.0|0.88|0.0|-164848.861120406|-164848.41968453914|-164847.9908611256|-164847.51158789874|-164847.0449271252
886.2|1.0|0.88|0.0|-164697.44219052527|-164697.00075465837|-164696.57193124483|-164696.09265801797|-164695.63860969778
886.4|1.0|0.88|0.0|-164570.38630451134|-164569.97009355118|-164569.591719951|-164569.12505917746|-164568.6962357639
886.6|1.0|0.88|0.0|-164751.0092487822|-164750.07592723513|-164749.12999323467|-164748.13360942088|-164747.16245051374
886.8|1.0|0.88|0.0|-164797.78620758333|-164797.42044643653|-164797.0799101963|-164796.6763116895|-164796.29793808932
887.0|1.0|0.88|0.0|-164955.97150485014|-164955.4165569032|-164954.86160895627|-164954.26882364933|-164953.70126324907
887.2|1.0|0.88|0.0|-164740.95516393392|-164740.02184238684|-164739.10113329306|-164738.14258683927|-164737.1840403855
887.4|1.0|0.88|0.0|-164666.01196619234|-164665.24260653864|-164664.51108424496|-164663.72911213792|-164662.95975248425
887.6|1.0|0.88|0.0|-164489.9094781685|-164488.90048190136|-164487.8914856342|-164486.83203955373|-164485.7978183799
887.8|1.0|0.88|0.0|-164604.67370666686|-164604.1187587199|-164603.56381077302|-164602.97102546605|-164602.4034650658
888.0|1.0|0.88|0.0|-164809.99286240657|-164809.488364273|-164809.0343159528|-164808.49198045922|-164807.9748698723
888.2|1.0|0.88|0.0|-164828.88631750873|-164828.12957030837|-164827.3980480147|-164826.61607590766|-164825.8593287073
888.4|1.0|0.88|0.0|-164860.88569800818|-164860.49471195467|-164860.11633835448|-164859.7001273943|-164859.29652888747
888.6|1.0|0.88|0.0|-164791.28840954945|-164790.85958613592|-164790.4686000824|-164790.0145517622|-164789.57311589533
888.8|1.0|0.88|0.0|-164798.3747465497|-164797.31530046923|-164796.26846684207|-164795.17118340154|-164794.07389996105
889.0|1.0|0.88|0.0|-164721.82043449642|-164721.18981182945|-164720.57180161582|-164719.92856649554|-164719.28533137523
889.2|1.0|0.88|0.0|-164737.59361914042|-164737.06389610018|-164736.5593979666|-164735.979225113|-164735.42427716605
889.4|1.0|0.88|0.0|-164420.94319330886|-164420.16122120182|-164419.4044740015|-164418.58466453443|-164417.8026924274
889.6|1.0|0.88|0.0|-164744.42739655296|-164744.0616354061|-164743.70848671265|-164743.30488820575|-164742.92651460558
889.8|1.0|0.88|0.0|-164516.14402869486|-164515.3746690412|-164514.63053429418|-164513.84856218714|-164513.09181498678
890.0|1.0|0.88|0.0|-164370.91215296515|-164370.74819107176|-164370.5968416317|-164370.39504237825|-164370.20585557816
890.2|1.0|0.88|0.0|-164337.24080581008|-164336.76153258322|-164336.29487180966|-164335.76514876942|-164335.27326308918
890.4|1.0|0.88|0.0|-164335.22206825495|-164334.64189540135|-164334.04911009438|-164333.41848742744|-164332.8004772138
890.6|1.0|0.88|0.0|-164622.8370787523|-164622.4587051521|-164622.1055564586|-164621.70195795177|-164621.32358435157
890.8|1.0|0.88|0.0|-164363.12870654|-164362.40979669968|-164361.7034993127|-164360.94675211233|-164360.21522981866
891.0|1.0|0.88|0.0|-164422.26134926063|-164421.51721451362|-164420.78569221994|-164419.99110765956|-164419.23436045923
891.2|1.0|0.88|0.0|-164525.1944372341|-164524.45030248712|-164523.75661755347|-164522.97464544643|-164522.21789824608
891.4|1.0|0.88|0.0|-164425.54513659794|-164425.3685622512|-164425.21721281114|-164425.0154135577|-164424.81361430426
891.6|1.0|0.88|0.0|-164310.55739950435|-164310.0907387308|-164309.6366904106|-164309.1195798237|-164308.6403065968
891.8|1.0|0.88|0.0|-164640.77395590942|-164640.49648193596|-164640.24423286918|-164639.94153398904|-164639.65144756224
892.0|1.0|0.88|0.0|-164302.7392796335|-164301.9320826198|-164301.13749805943|-164300.2924636857|-164299.47265421864
892.2|1.0|0.88|0.0|-164570.35125459745|-164570.17468025073|-164570.02333081065|-164569.82153155722|-164569.63234475715
892.4|1.0|0.88|0.0|-164532.55905490773|-164532.38248056098|-164532.19329376088|-164531.97888205413|-164531.76447034735
892.6|1.0|0.88|0.0|-164552.38312855666|-164551.5002568229|-164550.64260999582|-164549.72190090208|-164548.83902916833
892.8|1.0|0.88|0.0|-164652.87360041725|-164652.16730303026|-164651.46100564327|-164650.71687089626|-164649.98534860258
893.0|1.0|0.88|0.0|-164397.8290909432|-164396.93360675612|-164396.06334747575|-164395.13002592864|-164394.23454174155
893.2|1.0|0.88|0.0|-164500.09068230333|-164498.7663747027|-164497.45467955543|-164496.07992214145|-164494.73038963415
893.4|1.0|0.88|0.0|-164327.2285778107|-164326.59795514375|-164325.97994493012|-164325.31148490313|-164324.6556373295
893.6|1.0|0.88|0.0|-164295.25746107768|-164294.68990067742|-164294.13495273047|-164293.5043300635|-164292.89893230324
893.8|1.0|0.88|0.0|-164510.3520614065|-164509.79711345962|-164509.26739041938|-164508.68721756578|-164508.10704471215
894.0|1.0|0.88|0.0|-164093.46002873222|-164092.62760681185|-164091.80779734478|-164090.9375380644|-164090.09250369066
894.2|1.0|0.88|0.0|-164349.02664269786|-164347.41224867044|-164345.8483044564|-164344.2465228823|-164342.61951640155
894.4|1.0|0.88|0.0|-163982.70387987755|-163981.95974513053|-163981.21561038352|-163980.42102582316|-163979.6642786228
894.6|1.0|0.88|0.0|-164172.35537993978|-164171.39683348598|-164170.4761243922|-164169.47974057842|-164168.49596921797
894.8|1.0|0.88|0.0|-164136.20315988618|-164135.67343684591|-164135.16893871236|-164134.6139907654|-164134.0590428185
895.0|1.0|0.88|0.0|-164022.6228314198|-164021.61383515268|-164020.64267624554|-164019.6084550717|-164018.5742338979
895.2|1.0|0.88|0.0|-164087.3055386606|-164086.13258050007|-164084.97223479286|-164083.76143927232|-164082.5632562051
895.4|1.0|0.88|0.0|-163589.6390853096|-163588.7562135759|-163587.92379165548|-163587.01569501508|-163586.13282328134
895.6|1.0|0.88|0.0|-163839.72890905352|-163839.12351129326|-163838.53072598632|-163837.887490866|-163837.25686819904
895.8|1.0|0.88|0.0|-164018.6409783829|-164017.65720702245|-164016.72388547534|-164015.7148892082|-164014.70589294107
896.0|1.0|0.88|0.0|-163847.15053449693|-163846.67126127004|-163846.19198804317|-163845.6622650029|-163845.15776686932
896.2|1.0|0.88|0.0|-163917.2631626096|-163916.59470258263|-163915.93885500898|-163915.23255762202|-163914.526260235
896.4|1.0|0.88|0.0|-164271.73749308044|-164271.30866966688|-164270.85462134666|-164270.3753481198|-164269.8960748929
896.6|1.0|0.88|0.0|-163743.6326457469|-163743.0524728933|-163742.49752494638|-163741.8921271861|-163741.29934187914
896.8|1.0|0.88|0.0|-163987.53367031467|-163986.8147604743|-163986.10846308732|-163985.36432834034|-163984.62019359332
897.0|1.0|0.88|0.0|-164059.6643582694|-164059.09679786916|-164058.55446237556|-164057.9490646153|-164057.3688917617
897.2|1.0|0.88|0.0|-164243.08512060074|-164242.24008622702|-164241.43288921332|-164240.55001747957|-164239.6923706525
897.4|1.0|0.88|0.0|-163923.47255286065|-163922.67796830027|-163921.9086086466|-163921.0761867262|-163920.25637725912
897.6|1.0|0.88|0.0|-163880.6810329174|-163879.83599854368|-163879.02880153|-163878.15854224956|-163877.31350787584
897.8|1.0|0.88|0.0|-163795.6014020086|-163794.78159254158|-163793.9870079812|-163793.14197360747|-163792.3095516871
898.0|1.0|0.88|0.0|-163772.83592373136|-163772.21791351773|-163771.5999033041|-163770.91883082376|-163770.26298325014
898.2|1.0|0.88|0.0|-164034.6492359746|-164034.031225761|-164033.41321554736|-164032.76998042708|-164032.11413285343
898.4|1.0|0.88|0.0|-164304.61690818903|-164304.30159685554|-164303.9988979754|-164303.67097418857|-164303.3304379484
898.6|1.0|0.88|0.0|-164273.8722653646|-164273.3929921377|-164272.9389438175|-164272.43444568393|-164271.94256000372
898.8|1.0|0.88|0.0|-164235.0858901084|-164234.51832970814|-164233.9886066679|-164233.39582136093|-164232.82826096067
899.0|1.0|0.88|0.0|-163851.41137905844|-163850.22580844455|-163849.052850284|-163847.81682985675|-163846.6060343362
899.2|1.0|0.88|0.0|-163876.1742389636|-163875.9472148035|-163875.74541555007|-163875.4931664833|-163875.2409174165
899.4|1.0|0.88|0.0|-163921.22357892402|-163920.7695306038|-163920.3407071903|-163919.8614339634|-163919.4073856432
899.6|1.0|0.88|0.0|-163809.614833078|-163808.908535691|-163808.20223830402|-163807.47071601037|-163806.73919371667
899.8|1.0|0.88|0.0|-163875.3170826885|-163874.44682340807|-163873.5765641277|-163872.66846748724|-163871.77298330015
900.0|1.0|0.88|0.0|-163932.3116227961|-163931.84496202256|-163931.39091370237|-163930.8864155688|-163930.39452988855
900.2|1.0|0.88|0.0|-164093.2969772178|-164092.7041919109|-164092.1366315106|-164091.49339639032|-164090.8753861767
900.4|1.0|0.88|0.0|-164063.82071381042|-164063.17747869014|-164062.5846933832|-164061.91623335623|-164061.26038578257
900.6|1.0|0.88|0.0|-164052.17688888335|-164051.25617978955|-164050.38592050917|-164049.45259896206|-164048.5318898683
900.8|1.0|0.88|0.0|-164164.7051975758|-164164.37727378897|-164164.07457490882|-164163.7214262153|-164163.3556650685
901.0|1.0|0.88|0.0|-164001.80881953784|-164001.443058391|-164001.0899096975|-164000.68631119066|-164000.2827126838
901.2|1.0|0.88|0.0|-163728.38003091142|-163727.61067125775|-163726.85392405736|-163726.04672704366|-163725.23953002997
901.4|1.0|0.88|0.0|-163943.92655695011|-163943.14458484307|-163942.4004500961|-163941.58064062902|-163940.79866852198
901.6|1.0|0.88|0.0|-163991.34663490937|-163990.41331336228|-163989.50521672185|-163988.53405781474|-163987.61334872097
901.8|1.0|0.88|0.0|-164179.54466697437|-164178.97710657414|-164178.4473835339|-164177.8419857736|-164177.26181291998
902.0|1.0|0.88|0.0|-164138.0244705817|-164137.35601055474|-164136.72538788777|-164136.01909050078|-164135.35063047378
902.2|1.0|0.88|0.0|-163958.66277164477|-163958.20872332455|-163957.75467500434|-163957.2501768708|-163956.7709036439
902.4|1.0|0.88|0.0|-164086.99448437124|-164086.1746749042|-164085.36747789048|-164084.50983106342|-164083.67740914304
902.6|1.0|0.88|0.0|-164061.6056157994|-164061.03805539917|-164060.49571990556|-164059.8903221453|-164059.31014929168
902.8|1.0|0.88|0.0|-163980.87504082097|-163980.38315514068|-163979.89126946047|-163979.33632151352|-163978.80659847328
903.0|1.0|0.88|0.0|-164132.59722928674|-164131.99183152648|-164131.39904621954|-164130.75581109922|-164130.12518843226
903.2|1.0|0.88|0.0|-164100.38908526147|-164099.89719958123|-164099.41792635433|-164098.9008157674|-164098.37109272715
903.4|1.0|0.88|0.0|-163886.55079935057|-163885.66792761686|-163884.7850558831|-163883.87695924268|-163882.9562501489
903.6|1.0|0.88|0.0|-163888.38196022122|-163887.4486386741|-163886.54054203368|-163885.5819955799|-163884.63606157948
903.8|1.0|0.88|0.0|-164003.10666739897|-164002.55171945208|-164002.0219964118|-164001.41659865153|-164000.82381334458
904.0|1.0|0.88|0.0|-163935.04726012374|-163934.2905129234|-163933.55899062974|-163932.7770185227|-163931.99504641566
904.2|1.0|0.88|0.0|-164063.38259737796|-164062.60062527095|-164061.85649052393|-164061.0366810569|-164060.2294840432
904.4|1.0|0.88|0.0|-164126.57303892268|-164125.84151662904|-164125.13521924202|-164124.3784720417|-164123.63433729467
904.6|1.0|0.88|0.0|-164020.77978031337|-164020.1113202864|-164019.44286025944|-164018.73656287245|-164018.05549039211
904.8|1.0|0.88|0.0|-164012.2504202208|-164011.291873767|-164010.3459397666|-164009.33694349945|-164008.36578459232
905.0|1.0|0.88|0.0|-164078.85678630517|-164078.39012553162|-164077.94868966477|-164077.4568039845|-164076.9649183043
905.2|1.0|0.88|0.0|-164231.15835112426|-164230.3889914706|-164229.60701936355|-164228.79982234983|-164227.99262533613
905.4|1.0|0.88|0.0|-164125.25303730406|-164124.62241463712|-164124.02962933015|-164123.3611693032|-164122.71793418287
905.6|1.0|0.88|0.0|-164209.90899774776|-164209.1522505474|-164208.40811580038|-164207.6009187867|-164206.81894667965
905.8|1.0|0.88|0.0|-163977.95177544293|-163977.30854032264|-163976.70314256236|-163976.05990744205|-163975.41667232176
906.0|1.0|0.88|0.0|-164376.90205092364|-164376.57412713682|-164376.27142825667|-164375.90566710982|-164375.56513086968
906.2|1.0|0.88|0.0|-164158.30574705885|-164158.30574705885|-164158.31835951217|-164158.28052215214|-164158.2552972455
906.4|1.0|0.88|0.0|-164481.7395004896|-164481.34851443607|-164480.97014083588|-164480.54131742235|-164480.11249400885
906.6|1.0|0.88|0.0|-164429.1654180679|-164428.3077712408|-164427.45012441376|-164426.52941532|-164425.63393113294
906.8|1.0|0.88|0.0|-164423.0306759481|-164422.40005328113|-164421.7820430675|-164421.12619549388|-164420.4577354669
907.0|1.0|0.88|0.0|-164218.21635697823|-164217.73708375133|-164217.27042297777|-164216.75331239085|-164216.2488142573
907.2|1.0|0.88|0.0|-164549.39415675923|-164548.6374095589|-164547.90588726522|-164547.09869025153|-164546.3293305978
907.4|1.0|0.88|0.0|-164138.74278198488|-164138.21305894465|-164137.6833359044|-164137.1283879575|-164136.5482151039
907.6|1.0|0.88|0.0|-164316.0360385742|-164315.2666789205|-164314.50993172015|-164313.7153471598|-164312.92076259942
907.8|1.0|0.88|0.0|-164217.17962930145|-164216.3598198344|-164215.5904601807|-164214.745425807|-164213.9130038866
908.0|1.0|0.88|0.0|-164175.62846488948|-164175.01045467585|-164174.4176693689|-164173.76182179528|-164173.13119912834
908.2|1.0|0.88|0.0|-164266.15012319956|-164265.56995034596|-164264.98977749236|-164264.3591548254|-164263.7537570651
908.4|1.0|0.88|0.0|-163930.37068803867|-163929.28601705152|-163928.22657097102|-163927.11667507715|-163926.00677918328
908.6|1.0|0.88|0.0|-164560.02245026344|-164559.4044400498|-164558.7990422895|-164558.13058226256|-164557.48734714222
908.8|1.0|0.88|0.0|-164474.65770437513|-164473.47213376124|-164472.28656314735|-164471.05054272013|-164469.83974719953
909.0|1.0|0.88|0.0|-164455.55793996027|-164454.70029313318|-164453.8678712128|-164452.97238702571|-164452.089515292
909.2|1.0|0.88|0.0|-164471.43410454743|-164471.53500417413|-164471.66112870755|-164471.72419097423|-164471.81247814762
909.4|1.0|0.88|0.0|-164563.2461921354|-164562.74169400186|-164562.26242077496|-164561.72008528135|-164561.2155871478
909.6|1.0|0.88|0.0|-164241.8910940024|-164241.3109211488|-164240.7811981085|-164240.1631878949|-164239.55779013463
909.8|1.0|0.88|0.0|-164226.84001985472|-164225.83102358758|-164224.8472522271|-164223.8130310533|-164222.80403478615
910.0|1.0|0.88|0.0|-164308.25340615932|-164307.3705344256|-164306.52550005185|-164305.61740341142|-164304.73453167768
910.2|1.0|0.88|0.0|-164366.4598783198|-164366.03105490626|-164365.6274563994|-164365.1734080792|-164364.73197221232
910.4|1.0|0.88|0.0|-164498.7014515814|-164498.03299155444|-164497.3771439808|-164496.67084659383|-164495.97716166015
910.6|1.0|0.88|0.0|-164698.77279890134|-164698.24307586107|-164697.73857772755|-164697.19624223394|-164696.65390674036
910.8|1.0|0.88|0.0|-164659.56395041753|-164658.76936585715|-164657.9873937501|-164657.15497182973|-164656.34777481604
911.0|1.0|0.88|0.0|-164439.47088066692|-164438.51233421316|-164437.5537877594|-164436.5574039456|-164435.56102013178
911.2|1.0|0.88|0.0|-164181.8236838535|-164181.1426113732|-164180.48676379956|-164179.7552415059|-164179.0615565722
911.4|1.0|0.88|0.0|-164338.1471135248|-164337.25162933776|-164336.36875760398|-164335.4480485102|-164334.51472696313
911.6|1.0|0.88|0.0|-164450.67542221726|-164450.44839805717|-164450.22137389705|-164449.9438999236|-164449.6916508568
911.8|1.0|0.88|0.0|-164481.5803569099|-164480.94973424292|-164480.35694893598|-164479.7137138157|-164479.05786624204
912.0|1.0|0.88|0.0|-164252.75261597655|-164252.07154349625|-164251.41569592262|-164250.69678608226|-164249.9904886953
912.2|1.0|0.88|0.0|-164241.26267098455|-164240.10232527734|-164238.94197957014|-164237.71857159623|-164236.53300098234
912.4|1.0|0.88|0.0|-164258.2783464211|-164257.54682412744|-164256.86575164713|-164256.10900444674|-164255.3522572464
912.6|1.0|0.88|0.0|-164117.3256280593|-164116.61933067229|-164115.92564573864|-164115.19412344496|-164114.47521360463
912.8|1.0|0.88|0.0|-164069.3047171712|-164068.98940583772|-164068.68670695758|-164068.3461707174|-164068.00563447725
913.0|1.0|0.88|0.0|-164554.67101737048|-164553.3214848632|-164551.99717726256|-164550.63503230194|-164549.26027488796
913.2|1.0|0.88|0.0|-164343.2289740456|-164342.62357628532|-164342.04340343171|-164341.41278076475|-164340.7821580978
913.4|1.0|0.88|0.0|-164416.36578442252|-164415.73516175555|-164415.12976399527|-164414.44869151496|-164413.818068848
913.6|1.0|0.88|0.0|-164436.43456572646|-164435.7030434328|-164434.97152113912|-164434.18954903207|-164433.4454142851
913.8|1.0|0.88|0.0|-164169.6055028821|-164169.378478722|-164169.17667946857|-164168.91181794845|-164168.672181335
914.0|1.0|0.88|0.0|-164179.8947538761|-164179.49115536924|-164179.10016931576|-164178.64612099552|-164178.21729758198
914.2|1.0|0.88|0.0|-164361.93487158723|-164361.5438855337|-164361.14028702688|-164360.71146361335|-164360.30786510647
914.4|1.0|0.88|0.0|-164116.35528448276|-164116.25438485603|-164116.178710136|-164116.02736069594|-164115.9138486159
914.6|1.0|0.88|0.0|-164529.65388430463|-164529.43947259782|-164529.25028579775|-164528.99803673098|-164528.77101257088
914.8|1.0|0.88|0.0|-164030.4529811386|-164029.88542073834|-164029.3556976981|-164028.76291239113|-164028.18273953753
915.0|1.0|0.88|0.0|-164155.56337680074|-164154.95797904042|-164154.37780618682|-164153.74718351988|-164153.12917330625
915.2|1.0|0.88|0.0|-164391.21575003595|-164390.7112519024|-164390.2067537688|-164389.67703072858|-164389.1473076883
915.4|1.0|0.88|0.0|-164350.5684346228|-164350.6314968895|-164350.70717160954|-164350.71978406288|-164350.77023387625
915.6|1.0|0.88|0.0|-164368.3528166174|-164367.6465192304|-164366.9780592034|-164366.24653690972|-164365.51501461607
915.8|1.0|0.88|0.0|-164349.73062575876|-164349.20090271847|-164348.69640458492|-164348.141456638|-164347.61173359773
916.0|1.0|0.88|0.0|-164349.07962735256|-164348.29765524552|-164347.52829559185|-164346.7084861248|-164345.9012891111
916.2|1.0|0.88|0.0|-164010.93507411375|-164010.48102579353|-164010.0269774733|-164009.52247933976|-164009.04320611287
916.4|1.0|0.88|0.0|-164400.1807918485|-164399.55016918157|-164398.94477142126|-164398.28892384763|-164397.64568872735
916.6|1.0|0.88|0.0|-164173.2449818346|-164172.5639093543|-164171.90806178065|-164171.16392703363|-164170.47024209998
916.8|1.0|0.88|0.0|-164653.23447213398|-164652.38943776026|-164651.55701583988|-164650.6993690128|-164649.84172218572
917.0|1.0|0.88|0.0|-164654.57139218794|-164653.62545818748|-164652.71736154708|-164651.74620263994|-164650.78765618618
917.2|1.0|0.88|0.0|-164489.85172890546|-164489.39768058524|-164488.95624471837|-164488.46435903816|-164487.9724733579
917.4|1.0|0.88|0.0|-164460.275525825|-164459.3926540913|-164458.5350072642|-164457.61429817043|-164456.7314264367
917.6|1.0|0.88|0.0|-164301.77746955838|-164301.3738710515|-164300.99549745134|-164300.5666740378|-164300.15046307762
917.8|1.0|0.88|0.0|-164072.6826421596|-164072.32949346612|-164072.0015696793|-164071.6231960791|-164071.24482247894
918.0|1.0|0.88|0.0|-164119.2401766343|-164118.98792756753|-164118.76090340744|-164118.4708169806|-164118.23118036718
918.2|1.0|0.88|0.0|-164334.2825060679|-164333.096935454|-164331.98703956016|-164330.7888564929|-164329.61589833238
918.4|1.0|0.88|0.0|-164354.95446940113|-164354.96708185444|-164354.96708185444|-164354.9292444944|-164354.9166320411
918.6|1.0|0.88|0.0|-164349.29907134836|-164348.87024793483|-164348.4792618813|-164348.01260110777|-164347.55855278755
918.8|1.0|0.88|0.0|-164434.32630524845|-164433.30469652798|-164432.2830878075|-164431.23625418034|-164430.20203300653
919.0|1.0|0.88|0.0|-164165.66815849123|-164164.24295126388|-164162.81774403655|-164161.3799243559|-164159.91687976854
919.2|1.0|0.88|0.0|-163888.86264505552|-163888.52210881538|-163888.19418502855|-163887.81581142836|-163887.4374378282
919.4|1.0|0.88|0.0|-164224.92590175784|-164224.42140362426|-164223.92951794405|-164223.38718245045|-164222.83223450353
919.6|1.0|0.88|0.0|-163934.72383276137|-163934.1814972678|-163933.65177422753|-163933.07160137393|-163932.50404097367
919.8|1.0|0.88|0.0|-164021.55513954005|-164021.01280404642|-164020.5209183662|-164019.95335796592|-164019.41102247234
920.0|1.0|0.88|0.0|-163911.64707416695|-163911.16780094005|-163910.71375261986|-163910.20925448628|-163909.70475635273
920.2|1.0|0.88|0.0|-164185.91748448147|-164184.73191386758|-164183.57156816038|-164182.3607726398|-164181.16258957257
920.4|1.0|0.88|0.0|-164376.31692720132|-164375.56018000096|-164374.81604525397|-164374.02146069356|-164373.23948858655
920.6|1.0|0.88|0.0|-164116.11050861672|-164115.40421122973|-164114.71052629608|-164113.96639154904|-164113.26009416205
920.8|1.0|0.88|0.0|-164490.0906986286|-164489.472688415|-164488.87990310803|-164488.21144308106|-164487.56820796078
921.0|1.0|0.88|0.0|-164088.85705380773|-164088.2012062341|-164087.54535866046|-164086.83906127347|-164086.15798879316
921.2|1.0|0.88|0.0|-164160.90154234253|-164159.67813436865|-164158.46733884807|-164157.18086860748|-164155.9322357269
921.4|1.0|0.88|0.0|-164159.48894756855|-164158.82048754158|-164158.18986487464|-164157.47095503428|-164156.78988255397
921.6|1.0|0.88|0.0|-164267.838872315|-164267.4352738082|-164267.06951266134|-164266.6406892478|-164266.21186583428
921.8|1.0|0.88|0.0|-164421.96949066976|-164421.3640929095|-164420.7839200559|-164420.14068493558|-164419.51006226862
922.0|1.0|0.88|0.0|-164199.28182503348|-164198.5755276465|-164197.8692302595|-164197.12509551249|-164196.38096076544
922.2|1.0|0.88|0.0|-164479.40486223678|-164478.68595239642|-164477.99226746277|-164477.23552026245|-164476.4787730621
922.4|1.0|0.88|0.0|-164510.90468669566|-164510.28667648206|-164509.68127872175|-164509.02543114813|-164508.39480848116
922.6|1.0|0.88|0.0|-164484.44375958998|-164483.35908860285|-164482.28703006898|-164481.13929681512|-164480.02940092128
922.8|1.0|0.88|0.0|-164675.78249235908|-164675.31583158553|-164674.8617832653|-164674.3825100384|-164673.8906243582
923.0|1.0|0.88|0.0|-164542.55069519364|-164541.97052234|-164541.41557439312|-164540.7723392728|-164540.16694151252
923.2|1.0|0.88|0.0|-164419.86054972632|-164419.59568820617|-164419.35605159274|-164419.0533527126|-164418.77587873914
923.4|1.0|0.88|0.0|-164643.45412252384|-164642.6973753235|-164641.96585302983|-164641.15865601614|-164640.3766839091
923.6|1.0|0.88|0.0|-164323.91257056163|-164323.08014864122|-164322.2351142675|-164321.37746744044|-164320.4945957067
923.8|1.0|0.88|0.0|-164440.8804628295|-164440.19939034915|-164439.5309303222|-164438.8246329352|-164438.1435604549
924.0|1.0|0.88|0.0|-164609.48845056165|-164608.80737808134|-164608.13891805438|-164607.43262066736|-164606.7263232804
924.2|1.0|0.88|0.0|-164520.4483163564|-164519.77985632946|-164519.11139630247|-164518.3924864621|-164517.69880152846
924.4|1.0|0.88|0.0|-164489.87572946216|-164489.29555660856|-164488.7279962083|-164488.10998599467|-164487.5045882344
924.6|1.0|0.88|0.0|-164548.14526388934|-164547.19932988888|-164546.29123324846|-164545.34529924803|-164544.3741403409
924.8|1.0|0.88|0.0|-164667.3429875197|-164666.77542711943|-164666.2457040792|-164665.64030631888|-164665.04752101196
925.0|1.0|0.88|0.0|-164801.64534664524|-164801.2543605917|-164800.8633745382|-164800.447163578|-164800.03095261782
925.2|1.0|0.88|0.0|-164460.58373802315|-164460.3062640497|-164460.02879007626|-164459.70086628944|-164459.38555495595
925.4|1.0|0.88|0.0|-164492.79342020507|-164492.60423340497|-164492.44027151156|-164492.22585980478|-164492.01144809803
925.6|1.0|0.88|0.0|-164671.06848792674|-164670.32435317972|-164669.59283088605|-164668.810858779|-164668.05411157868
925.8|1.0|0.88|0.0|-164624.9951958786|-164624.1879988649|-164623.38080185116|-164622.53576747744|-164621.69073310372
926.0|1.0|0.88|0.0|-164659.11188216117|-164658.43080968084|-164657.7749621072|-164657.0434398135|-164656.33714242655
926.2|1.0|0.88|0.0|-164250.52831085474|-164249.63282666766|-164248.77517984057|-164247.82924584014|-164246.89592429306
926.4|1.0|0.88|0.0|-164640.66876811886|-164640.21471979865|-164639.81112129177|-164639.3318480649|-164638.87779974472
926.6|1.0|0.88|0.0|-164630.263494114|-164629.36800992693|-164628.51036309986|-164627.57704155278|-164626.66894491232
926.8|1.0|0.88|0.0|-164619.5309232469|-164619.10209983337|-164618.67327641987|-164618.19400319297|-164617.73995487276
927.0|1.0|0.88|0.0|-164570.28760812347|-164569.61914809648|-164568.96330052285|-164568.24439068252|-164567.57593065556
927.2|1.0|0.88|0.0|-164622.02389172092|-164621.44371886732|-164620.87615846703|-164620.25814825343|-164619.65275049314
927.4|1.0|0.88|0.0|-164754.32852724925|-164753.88709138238|-164753.45826796885|-164752.9916071953|-164752.52494642173
927.6|1.0|0.88|0.0|-164617.54838274702|-164617.11955933349|-164616.72857327998|-164616.24930005308|-164615.82047663952
927.8|1.0|0.88|0.0|-164355.02680735552|-164354.69888356872|-164354.39618468858|-164354.0430359951|-164353.70249975493
928.0|1.0|0.88|0.0|-164201.27277014655|-164200.28899878607|-164199.34306478564|-164198.3088436118|-164197.2998473447
928.2|1.0|0.88|0.0|-164425.3632621498|-164424.4551655094|-164423.58490622896|-164422.65158468188|-164421.7308755881
928.4|1.0|0.88|0.0|-164624.63760087572|-164624.12049028883|-164623.6286046086|-164623.07365666167|-164622.5439336214
928.6|1.0|0.88|0.0|-164614.45251147283|-164613.6831518191|-164612.95162952543|-164612.14443251173|-164611.3624604047
928.8|1.0|0.88|0.0|-164698.6055412721|-164697.68483217835|-164696.78934799126|-164695.83080153746|-164694.9100924437
929.0|1.0|0.88|0.0|-164627.91375702227|-164626.85431094177|-164625.82008976798|-164624.7354187808|-164623.6507477936
929.2|1.0|0.88|0.0|-164433.07657783813|-164432.39550535782|-164431.70182042418|-164430.95768567716|-164430.2387758368
929.4|1.0|0.88|0.0|-164613.45988549557|-164612.79142546855|-164612.13557789492|-164611.4166680546|-164610.73559557428
929.6|1.0|0.88|0.0|-164461.45459785138|-164460.19335251744|-164458.94471963687|-164457.6456369429|-164456.3591667023
929.8|1.0|0.88|0.0|-164300.62542050227|-164299.95696047528|-164299.3263378083|-164298.6200404213|-164297.93896794098
930.0|1.0|0.88|0.0|-164610.76564811348|-164609.98367600644|-164609.21431635274|-164608.40711933904|-164607.61253477866
930.2|1.0|0.88|0.0|-164676.38092967743|-164675.86381909053|-164675.37193341026|-164674.8295979167|-164674.29987487645
930.4|1.0|0.88|0.0|-164331.95840745475|-164331.47913422788|-164331.02508590766|-164330.5205877741|-164330.01608964053
930.6|1.0|0.88|0.0|-164620.03274114613|-164619.46518074587|-164618.89762034558|-164618.29222258533|-164617.68682482504
930.8|1.0|0.88|0.0|-164919.49138150192|-164918.88598374164|-164918.33103579472|-164917.70041312775|-164917.09501536746
931.0|1.0|0.88|0.0|-164640.8599651803|-164639.9518685399|-164639.05638435282|-164638.08522544568|-164637.13929144523
931.2|1.0|0.88|0.0|-164783.0475144371|-164782.51779139685|-164782.01329326327|-164781.445732863|-164780.90339736943
931.4|1.0|0.88|0.0|-165034.91482085263|-165034.1328487456|-165033.3887139986|-165032.56890453154|-165031.77431997115
931.6|1.0|0.88|0.0|-164562.65411801916|-164562.2505195123|-164561.87214591214|-164561.4180975919|-164561.01449908508
931.8|1.0|0.88|0.0|-164403.50220573187|-164402.53104682476|-164401.59772527768|-164400.6139539172|-164399.63018255675
932.0|1.0|0.88|0.0|-164341.0760117891|-164340.11746533532|-164339.1841437882|-164338.20037242773|-164337.24182597396
932.2|1.0|0.88|0.0|-164415.03543817025|-164414.3543656899|-164413.69851811626|-164412.99222072927|-164412.29853579562
932.4|1.0|0.88|0.0|-164420.27184068912|-164419.46464367537|-164418.68267156836|-164417.86286210132|-164417.04305263425
932.6|1.0|0.88|0.0|-164351.6390956706|-164351.2481096171|-164350.86973601693|-164350.45352505674|-164350.03731409655
932.8|1.0|0.88|0.0|-164445.7114384395|-164444.58893009232|-164443.49164665182|-164442.3313009446|-164441.18356769072
933.0|1.0|0.88|0.0|-164465.1389540166|-164464.20563246953|-164463.2975358291|-164462.31376446865|-164461.38044292154
933.2|1.0|0.88|0.0|-164782.5276174152|-164781.44294642803|-164780.38350034755|-164779.2736044537|-164778.1889334665
933.4|1.0|0.88|0.0|-164631.90631030523|-164631.42703707833|-164630.9477638515|-164630.4180408112|-164629.91354267765
933.6|1.0|0.88|0.0|-164535.68337972643|-164535.0527570595|-164534.42213439252|-164533.75367436552|-164533.0726018852
933.8|1.0|0.88|0.0|-164560.35333845794|-164559.43262936416|-164558.52453272374|-164557.5785987233|-164556.6452771762
934.0|1.0|0.88|0.0|-164586.54598751277|-164585.33519199223|-164584.14962137834|-164582.92621340443|-164581.7028054305
934.2|1.0|0.88|0.0|-164534.3631324312|-164533.13972445726|-164531.94154139006|-164530.66768360278|-164529.43166317555
934.4|1.0|0.88|0.0|-164589.8750095683|-164588.72727631446|-164587.61738042056|-164586.4318098067|-164585.2714640995
934.6|1.0|0.88|0.0|-164483.2871663986|-164482.24033277144|-164481.19349914428|-164480.09621570382|-164479.02415716997
934.8|1.0|0.88|0.0|-164503.2905173946|-164502.24368376745|-164501.22207504697|-164500.13740405982|-164499.07795797932
935.0|1.0|0.88|0.0|-164824.94052000914|-164823.76756184857|-164822.60721614136|-164821.3964206208|-164820.22346246027
935.2|1.0|0.88|0.0|-164586.0732662178|-164585.51831827086|-164584.96337032394|-164584.35797256365|-164583.7651872567
935.4|1.0|0.88|0.0|-164703.69092343427|-164702.75760188716|-164701.82428034005|-164700.85312143294|-164699.9071874325
935.6|1.0|0.88|0.0|-164638.39625249716|-164637.28635660332|-164636.20168561614|-164635.05395236224|-164633.91883156175
935.8|1.0|0.88|0.0|-164822.72725804974|-164822.1470851961|-164821.59213724922|-164820.98673948893|-164820.393954182
936.0|1.0|0.88|0.0|-164499.62128534153|-164499.04111248793|-164498.46093963433|-164497.8429294207|-164497.2249192071
936.2|1.0|0.88|0.0|-164534.88776770575|-164534.20669522544|-164533.57607255847|-164532.86977517148|-164532.18870269117
936.4|1.0|0.88|0.0|-164622.7017337358|-164622.43687221568|-164622.18462314887|-164621.88192426876|-164621.60445029527
936.6|1.0|0.88|0.0|-164159.91662384864|-164158.89501512813|-164157.86079395434|-164156.77612296716|-164155.71667688666
936.8|1.0|0.88|0.0|-164260.31661319744|-164259.16887994355|-164258.04637159637|-164256.84818852914|-164255.68784282194
937.0|1.0|0.88|0.0|-164235.64665446593|-164234.88990726558|-164234.17099742524|-164233.3764128649|-164232.6196656645
937.2|1.0|0.88|0.0|-164241.10352879463|-164240.37200650095|-164239.665709114|-164238.9089619136|-164238.13960225994
937.4|1.0|0.88|0.0|-164206.3185763498|-164205.322192536|-164204.33842117552|-164203.30420000173|-164202.29520373457
937.6|1.0|0.88|0.0|-164186.4409298173|-164185.31842147012|-164184.1833006696|-164183.0229549624|-164181.84999680184
937.8|1.0|0.88|0.0|-164166.74377687706|-164165.86090514332|-164165.00325831625|-164164.09516167582|-164163.1870650354
938.0|1.0|0.88|0.0|-164434.44340459432|-164434.00196872748|-164433.5983702206|-164433.09387208705|-164432.63982376683
938.2|1.0|0.88|0.0|-164292.43226604364|-164291.99083017677|-164291.61245657658|-164291.14579580305|-164290.70435993618
938.4|1.0|0.88|0.0|-164321.5550129827|-164320.67214124894|-164319.81449442188|-164318.9190102348|-164318.01091359436
938.6|1.0|0.88|0.0|-164402.30403798603|-164401.3833288923|-164400.4878447052|-164399.54191070475|-164398.60858915764
938.8|1.0|0.88|0.0|-164270.4204147063|-164269.4744807059|-164268.56638406546|-164267.59522515835|-164266.6240662512
939.0|1.0|0.88|0.0|-164369.74639960536|-164368.56082899147|-164367.40048328426|-164366.17707531035|-164364.97889224312
939.2|1.0|0.88|0.0|-164303.4048950411|-164302.72382256077|-164302.06797498712|-164301.36167760013|-164300.66799266648
939.4|1.0|0.88|0.0|-164166.91292500414|-164166.1561778038|-164165.4246555101|-164164.6426834031|-164163.8859362027
939.6|1.0|0.88|0.0|-164016.73395665383|-164015.8889222801|-164015.05650035973|-164014.17362862598|-164013.31598179892
939.8|1.0|0.88|0.0|-164294.87545026702|-164294.34572722678|-164293.82861663986|-164293.2610562396|-164292.70610829268
940.0|1.0|0.88|0.0|-164477.65968198274|-164476.6885230756|-164475.7173641685|-164474.7209803547|-164473.7245965409
940.2|1.0|0.88|0.0|-164498.08567037602|-164497.22802354896|-164496.39560162855|-164495.48750498815|-164494.6046332544
940.4|1.0|0.88|0.0|-164341.39810343017|-164340.84315548325|-164340.30081998967|-164339.72064713607|-164339.12786182913
940.6|1.0|0.88|0.0|-164594.2444243169|-164593.42461484982|-164592.61741783613|-164591.75977100906|-164590.92734908868
940.8|1.0|0.88|0.0|-164345.60420745722|-164344.54476137675|-164343.4979277496|-164342.38803185572|-164341.30336086854
941.0|1.0|0.88|0.0|-164447.07986345844|-164445.95735511126|-164444.84745921742|-164443.68711351018|-164442.55199270966
941.2|1.0|0.88|0.0|-164477.18578957915|-164476.80741597895|-164476.47949219213|-164476.07589368528|-164475.69752008512
941.4|1.0|0.88|0.0|-164527.83437983083|-164527.2794318839|-164526.7749337503|-164526.1947608967|-164525.6145880431
941.6|1.0|0.88|0.0|-164688.38630602142|-164688.02054487457|-164687.6800086344|-164687.25118522087|-164686.8728116207
941.8|1.0|0.88|0.0|-164410.23330817933|-164409.86754703248|-164409.56484815234|-164409.17386209883|-164408.808100952
942.0|1.0|0.88|0.0|-164325.51252560125|-164324.74316594756|-164323.99903120054|-164323.19183418684|-164322.4098620798
942.2|1.0|0.88|0.0|-164377.01819541655|-164376.66504672304|-164376.3245104829|-164375.93352442936|-164375.5551508292
942.4|1.0|0.88|0.0|-164351.2194219682|-164350.94194799475|-164350.67708647464|-164350.3743875945|-164350.0843011677
942.6|1.0|0.88|0.0|-164567.53626076935|-164566.79212602234|-164566.06060372866|-164565.27863162162|-164564.50927196795
942.8|1.0|0.88|0.0|-164353.7941027165|-164352.68420682265|-164351.5743109288|-164350.4391901283|-164349.30406932774
943.0|1.0|0.88|0.0|-164489.43329323144|-164488.8152830178|-164488.18466035085|-164487.52881277722|-164486.87296520357
943.2|1.0|0.88|0.0|-164385.2895487168|-164384.44451434305|-164383.59947996933|-164382.6913833289|-164381.82112404853
943.4|1.0|0.88|0.0|-164331.86603676013|-164331.08406465309|-164330.33992990607|-164329.52012043903|-164328.73814833202
943.6|1.0|0.88|0.0|-164139.02698076254|-164138.0179844954|-164137.03421313493|-164135.98737950777|-164134.95315833396
943.8|1.0|0.88|0.0|-164660.29497987428|-164659.56345758057|-164658.8319352869|-164658.0499631799|-164657.30582843287
944.0|1.0|0.88|0.0|-164111.62965631683|-164111.08732082325|-164110.595435143|-164110.0152622894|-164109.47292679583
944.2|1.0|0.88|0.0|-164015.83807320552|-164015.1822256319|-164014.53899051156|-164013.8453055779|-164013.17684555094
944.4|1.0|0.88|0.0|-164461.20777900916|-164460.2492325554|-164459.29068610162|-164458.2816898345|-164457.28530602067
944.6|1.0|0.88|0.0|-164540.85265246793|-164540.0706803609|-164539.30132070722|-164538.48151124016|-164537.67431422646
944.8|1.0|0.88|0.0|-164048.91652242528|-164048.73994807855|-164048.55076127846|-164048.31112466502|-164048.0841005049
945.0|1.0|0.88|0.0|-164393.45091029257|-164392.44191402543|-164391.43291775827|-164390.37347167777|-164389.3266380506
945.2|1.0|0.88|0.0|-164675.63537562487|-164674.94169069122|-164674.27323066423|-164673.54170837055|-164672.83541098356
945.4|1.0|0.88|0.0|-164287.1942107043|-164286.3239514239|-164285.46630459683|-164284.5582079564|-164283.65011131598
945.6|1.0|0.88|0.0|-164457.0037848515|-164456.28487501113|-164455.59119007748|-164454.83444287715|-164454.10292058348
945.8|1.0|0.88|0.0|-164212.2636441033|-164211.59518407634|-164210.95194895603|-164210.2708764757|-164209.5898039954
946.0|1.0|0.88|0.0|-164236.2377838611|-164235.09005060725|-164233.95492980673|-164232.7567467395|-164231.58378857898
946.2|1.0|0.88|0.0|-163897.0259080321|-163896.5087974452|-163896.01691176495|-163895.46196381803|-163894.9322407778
946.4|1.0|0.88|0.0|-164289.5759057617|-164288.83177101472|-164288.0876362677|-164287.30566416067|-164286.53630450697
946.6|1.0|0.88|0.0|-164357.9273707133|-164357.246298233|-164356.59045065937|-164355.871540819|-164355.17785588535
946.8|1.0|0.88|0.0|-164319.6825803394|-164319.2033071125|-164318.77448369897|-164318.2699855654|-164317.7654874318
947.0|1.0|0.88|0.0|-164278.33895829343|-164277.55698618642|-164276.80023898606|-164276.00565442568|-164275.21106986533
947.2|1.0|0.88|0.0|-164226.73273649183|-164225.87508966477|-164225.0426677444|-164224.1471835573|-164223.27692427693
947.4|1.0|0.88|0.0|-164086.69677965838|-164085.83913283132|-164085.00671091094|-164084.09861427048|-164083.21574253676
947.6|1.0|0.88|0.0|-164235.8138154879|-164235.09490564754|-164234.38860826055|-164233.6318610602|-164232.9003387665
947.8|1.0|0.88|0.0|-164340.68428781818|-164339.33475531085|-164337.99783525692|-164336.61046538962|-164335.2357079756
948.0|1.0|0.88|0.0|-164170.59971959575|-164169.77991012868|-164168.98532556833|-164168.12767874126|-164167.29525682086
948.2|1.0|0.88|0.0|-164241.40603264206|-164240.49793600166|-164239.66551408125|-164238.73219253417|-164237.82409589374
948.4|1.0|0.88|0.0|-164112.53198442198|-164111.77523722165|-164111.04371492798|-164110.26174282093|-164109.4797707139
948.6|1.0|0.88|0.0|-164021.06202792798|-164020.48185507438|-164019.91429467412|-164019.29628446052|-164018.6782742469
948.8|1.0|0.88|0.0|-164191.17879856727|-164190.71213779374|-164190.28331438018|-164189.79142869997|-164189.32476792642
949.0|1.0|0.88|0.0|-163864.33171807558|-163863.97856938207|-163863.61280823525|-163863.22182218175|-163862.84344858155
949.2|1.0|0.88|0.0|-163928.3024485585|-163927.59615117148|-163926.8898537845|-163926.13310658414|-163925.40158429046
949.4|1.0|0.88|0.0|-164128.39276365994|-164127.76214099297|-164127.14413077937|-164126.4756707524|-164125.81982317875
949.6|1.0|0.88|0.0|-164127.54663390556|-164126.8907863319|-164126.2475512116|-164125.55386627794|-164124.87279379764
949.8|1.0|0.88|0.0|-163973.4886756483|-163972.70670354128|-163971.93734388758|-163971.1049219672|-163970.29772495347
950.0|1.0|0.88|0.0|-164359.37395392812|-164358.51630710103|-164357.6712727273|-164356.7631760869|-164355.8929168065
950.2|1.0|0.88|0.0|-164172.8055895849|-164171.5191193443|-164170.27048646373|-164168.94617886312|-164167.6597086225
950.4|1.0|0.88|0.0|-164271.64407223114|-164270.74858804405|-164269.8657163103|-164268.94500721656|-164268.0242981228
950.6|1.0|0.88|0.0|-164174.21012851622|-164173.73085528932|-164173.30203187582|-164172.7849212889|-164172.305648062
950.8|1.0|0.88|0.0|-164293.90231070537|-164292.84286462484|-164291.80864345105|-164290.72397246386|-164289.6393014767
951.0|1.0|0.88|0.0|-164339.47113019432|-164338.865732434|-164338.2855595804|-164337.64232446012|-164336.99908933984
951.2|1.0|0.88|0.0|-164347.93981954065|-164347.29658442034|-164346.67857420671|-164346.01011417972|-164345.37949151278
951.4|1.0|0.88|0.0|-164056.6225425675|-164056.13065688725|-164055.6639961137|-164055.13427307346|-164054.61716248654
951.6|1.0|0.88|0.0|-163837.27936654526|-163836.63613142495|-163836.00550875798|-163835.33704873102|-163834.66858870402
951.8|1.0|0.88|0.0|-164008.30360186694|-164007.5216297599|-164006.75227010623|-164005.9072357325|-164005.10003871878
952.0|1.0|0.88|0.0|-164122.30628332964|-164121.32251196916|-164120.37657796874|-164119.3675817016|-164118.37119788778
952.2|1.0|0.88|0.0|-164354.7523065519|-164353.6928604714|-164352.6586392976|-164351.5613558571|-164350.4766848699
952.4|1.0|0.88|0.0|-164399.32735262922|-164398.30574390874|-164397.2967476416|-164396.2373015611|-164395.2030803873
952.6|1.0|0.88|0.0|-164467.24681700286|-164466.40178262914|-164465.56936070873|-164464.686488975|-164463.80361724127
952.8|1.0|0.88|0.0|-164327.77542588147|-164327.1700281212|-164326.60246772092|-164325.9466201473|-164325.31599748036
953.0|1.0|0.88|0.0|-164494.2316378964|-164493.87848920288|-164493.55056541605|-164493.15957936252|-164492.78120576235
953.2|1.0|0.88|0.0|-164489.34308634378|-164488.7503010368|-164488.19535308992|-164487.5773428763|-164486.95933266266
953.4|1.0|0.88|0.0|-164251.30225089408|-164250.5959535071|-164249.94010593343|-164249.19597118642|-164248.47706134612
953.6|1.0|0.88|0.0|-164286.55303814544|-164285.68277886504|-164284.83774449132|-164283.9296478509|-164283.04677611715
953.8|1.0|0.88|0.0|-164601.2543901699|-164600.34629352947|-164599.45080934238|-164598.4922628886|-164597.5589413415
954.0|1.0|0.88|0.0|-164185.79348596244|-164185.28898782888|-164184.82232705536|-164184.30521646843|-164183.7754934282
954.2|1.0|0.88|0.0|-164589.98398980562|-164589.40381695202|-164588.84886900513|-164588.24347124482|-164587.63807348456
954.4|1.0|0.88|0.0|-164258.51705542722|-164258.17651918702|-164257.83598294688|-164257.44499689335|-164257.06662329318
954.6|1.0|0.88|0.0|-164184.02790600582|-164183.30899616546|-164182.6153112318|-164181.85856403149|-164181.1018168311
954.8|1.0|0.88|0.0|-164042.39207004834|-164041.8623470081|-164041.35784887456|-164040.7902884743|-164040.23534052735
955.0|1.0|0.88|0.0|-164124.1695640519|-164123.4254293049|-164122.70651946455|-164121.9245473575|-164121.16780015716
955.2|1.0|0.88|0.0|-164160.07721870864|-164159.43398358833|-164158.8411982814|-164158.17273825442|-164157.51689068077
955.4|1.0|0.88|0.0|-164263.5214000512|-164262.9412271976|-164262.37366679736|-164261.76826903704|-164261.17548373013
955.6|1.0|0.88|0.0|-164077.9225038545|-164077.00179476073|-164076.10631057364|-164075.14776411987|-164074.22705502607
955.8|1.0|0.88|0.0|-164241.62538832467|-164240.65422941756|-164239.69568296376|-164238.68668669663|-164237.69030288284
956.0|1.0|0.88|0.0|-164082.7084762506|-164081.88866678355|-164081.0940822232|-164080.23643539613|-164079.3914010224
956.2|1.0|0.88|0.0|-164161.3110622591|-164160.8317890322|-164160.36512825865|-164159.8354052184|-164159.3182946315
956.4|1.0|0.88|0.0|-163833.3283851775|-163832.71037496388|-163832.09236475028|-163831.42390472328|-163830.79328205634
956.6|1.0|0.88|0.0|-164119.2332421574|-164118.5900070371|-164117.95938437016|-164117.29092434316|-164116.6224643162
956.8|1.0|0.88|0.0|-164231.11570361498|-164230.49769340135|-164229.8922956411|-164229.26167297413|-164228.63105030716
957.0|1.0|0.88|0.0|-164232.33267791427|-164231.6011556206|-164230.9074706869|-164230.15072348656|-164229.40658873954
957.2|1.0|0.88|0.0|-164201.01365449515|-164200.37041937484|-164199.70195934788|-164199.0082744142|-164198.3272019339
957.4|1.0|0.88|0.0|-164095.85101855278|-164094.91769700567|-164093.9969879119|-164093.0384414581|-164092.10511991102
957.6|1.0|0.88|0.0|-163936.833206852|-163936.2151966384|-163935.62241133142|-163934.95395130446|-163934.34855354417
957.8|1.0|0.88|0.0|-164462.03818250852|-164461.05441114807|-164460.09586469427|-164459.06164352046|-164458.05264725335
958.0|1.0|0.88|0.0|-164363.65192572898|-164362.945628342|-164362.239330955|-164361.48258375464|-164360.75106146096
958.2|1.0|0.88|0.0|-163999.2234292073|-163998.49190691364|-163997.78560952662|-163997.0288623263|-163996.29734003262
958.4|1.0|0.88|0.0|-164226.16996155286|-164225.03484075234|-164223.91233240516|-164222.7393742446|-164221.55380363073
958.6|1.0|0.88|0.0|-163914.749018276|-163913.33642350198|-163911.93644118131|-163910.4860090473|-163909.04818936664
958.8|1.0|0.88|0.0|-164054.61398923188|-164054.05904128496|-164053.5293182447|-164052.92392048443|-164052.34374763083
959.0|1.0|0.88|0.0|-163986.2726793347|-163985.41503250765|-163984.58261058727|-163983.69973885355|-163982.8168671198
959.2|1.0|0.88|0.0|-163938.52611319517|-163937.8954905282|-163937.26486786123|-163936.58379538092|-163935.92794780727
959.4|1.0|0.88|0.0|-163904.4314742408|-163903.73778930714|-163903.05671682683|-163902.31258207982|-163901.59367223948
959.6|1.0|0.88|0.0|-164034.34148642098|-164033.5090645006|-164032.70186748687|-164031.81899575313|-164030.98657383275
959.8|1.0|0.88|0.0|-164070.28622352504|-164069.61776349807|-164068.96191592442|-164068.23039363074|-164067.54932115044
960.0|1.0|0.88|0.0|-164079.90952542287|-164078.91314160905|-164077.94198270192|-164076.8951490748|-164075.8735403543
960.2|1.0|0.88|0.0|-164068.34390571082|-164067.8267951239|-164067.3222969903|-164066.7673490434|-164066.2502384565
960.4|1.0|0.88|0.0|-164162.666618751|-164162.06122099076|-164161.48104813715|-164160.8252005635|-164160.19457789653
960.6|1.0|0.88|0.0|-164182.39732396737|-164181.86760092713|-164181.3504903402|-164180.78292993995|-164180.24059444637
960.8|1.0|0.88|0.0|-164141.23579854693|-164140.71868796|-164140.2268022798|-164139.68446678622|-164139.12951883927
961.0|1.0|0.88|0.0|-164020.49702878317|-164019.76550648946|-164019.04659664913|-164018.27723699546|-164017.52048979508
961.2|1.0|0.88|0.0|-164219.38384688945|-164218.51358760905|-164217.68116568864|-164216.77306904824|-164215.87758486115
961.4|1.0|0.88|0.0|-164091.31304561195|-164091.16169617188|-164091.03557163852|-164090.8337723851|-164090.644585585
961.6|1.0|0.88|0.0|-164041.74838030303|-164041.43306896955|-164041.14298254278|-164040.77722139593|-164040.43668515576
961.8|1.0|0.88|0.0|-163880.0255694763|-163879.49584643607|-163878.9913483025|-163878.4364003556|-163877.8688399553
962.0|1.0|0.88|0.0|-163937.2220000668|-163936.4148030531|-163935.62021849272|-163934.775184119|-163933.94276219865
962.2|1.0|0.88|0.0|-164075.03959691917|-164073.96753838533|-164072.93331721151|-164071.82342131765|-164070.7387503305
962.4|1.0|0.88|0.0|-164046.30536916642|-164045.397272526|-164044.5017883389|-164043.55585433848|-164042.62253279137
962.6|1.0|0.88|0.0|-163952.8849272829|-163952.62006576278|-163952.3425917893|-163952.01466800246|-163951.71196912232
962.8|1.0|0.88|0.0|-164176.5289498938|-164175.93616458686|-164175.36860418657|-164174.75059397297|-164174.1451962127
963.0|1.0|0.88|0.0|-164154.4603485471|-164153.7918885201|-164153.1234284931|-164152.4171311061|-164151.71083371912
963.2|1.0|0.88|0.0|-164439.99597191846|-164439.76894775836|-164439.56714850492|-164439.31489943812|-164439.06265037134
963.4|1.0|0.88|0.0|-164191.63063817285|-164191.17658985264|-164190.7477664391|-164190.24326830555|-164189.78921998534
963.6|1.0|0.88|0.0|-163892.58353982723|-163892.12949150702|-163891.7006680935|-163891.19616995993|-163890.7421216397
963.8|1.0|0.88|0.0|-163840.50671998964|-163840.0526716694|-163839.61123580256|-163839.10673766898|-163838.64007689542
964.0|1.0|0.88|0.0|-163861.74014797097|-163860.98340077064|-163860.21404111694|-163859.40684410324|-163858.61225954286
964.2|1.0|0.88|0.0|-164386.34395889536|-164385.78901094844|-164385.25928790818|-164384.6538901479|-164384.0737172943
964.4|1.0|0.88|0.0|-164325.59388033606|-164324.82452068236|-164324.06777348203|-164323.285801375|-164322.49121681464
964.6|1.0|0.88|0.0|-164103.0209376043|-164102.23896549726|-164101.45699339022|-164100.62457146985|-164099.81737445615
964.8|1.0|0.88|0.0|-164065.91249022953|-164065.38276718926|-164064.89088150905|-164064.3359335621|-164063.79359806853
965.0|1.0|0.88|0.0|-163975.60528523914|-163975.28997390566|-163974.9998874789|-163974.6593512387|-163974.31881499855
965.2|1.0|0.88|0.0|-164092.29091436364|-164091.53416716328|-164090.79003241626|-164089.98283540257|-164089.21347574887
965.4|1.0|0.88|0.0|-164200.91777583284|-164200.08535391244|-164199.27815689874|-164198.40789761834|-164197.5628632446
965.6|1.0|0.88|0.0|-164055.6745962779|-164054.6151501974|-164053.5557041169|-164052.44580822307|-164051.3611372359
965.8|1.0|0.88|0.0|-163987.13133767244|-163986.62683953886|-163986.10972895197|-163985.55478100505|-163985.01244551147
966.0|1.0|0.88|0.0|-163959.95150072646|-163959.4974524062|-163959.05601653937|-163958.5515184058|-163958.0722451789
966.2|1.0|0.88|0.0|-164027.6890859984|-164027.02062597143|-164026.37739085112|-164025.67109346413|-164024.9900209838
966.4|1.0|0.88|0.0|-164488.52290610655|-164487.5139098394|-164486.50491357225|-164485.44546749175|-164484.41124631796
966.6|1.0|0.88|0.0|-164073.94184252172|-164072.9959085213|-164072.0751994275|-164071.10404052038|-164070.14549406662
966.8|1.0|0.88|0.0|-164082.5181364022|-164081.74877674849|-164081.0046420015|-164080.19744498777|-164079.41547288076
967.0|1.0|0.88|0.0|-164077.1493137816|-164076.1277050611|-164075.13132124732|-164074.08448762016|-164073.06287889968
967.2|1.0|0.88|0.0|-163933.9743654128|-163932.940144239|-163931.94376042517|-163930.87170189136|-163929.8248682642
967.4|1.0|0.88|0.0|-164203.37268772456|-164202.161892204|-164200.97632159013|-164199.71507625622|-164198.4916682823
967.6|1.0|0.88|0.0|-164269.73679699103|-164268.87915016396|-164268.0467282436|-164267.1638565098|-164266.30620968278
967.8|1.0|0.88|0.0|-164165.66662907455|-164164.7206950741|-164163.81259843367|-164162.82882707322|-164161.87028061945
968.0|1.0|0.88|0.0|-164413.38782511|-164413.0346764165|-164412.70675262966|-164412.3031541228|-164411.92478052265
968.2|1.0|0.88|0.0|-164423.71901086|-164422.79830176622|-164421.89020512582|-164420.91904621868|-164419.97311221823
968.4|1.0|0.88|0.0|-164338.14401013168|-164337.1476263179|-164336.18907986413|-164335.1548586903|-164334.15847487652
968.6|1.0|0.88|0.0|-164085.3250673004|-164084.69444463344|-164084.10165932646|-164083.44581175284|-164082.8151890859
968.8|1.0|0.88|0.0|-164001.81311527957|-164001.13204279923|-164000.46358277227|-163999.75728538528|-163999.05098799826
969.0|1.0|0.88|0.0|-164027.18892678025|-164026.62136637996|-164026.06641843307|-164025.44840821944|-164024.85562291247
969.2|1.0|0.88|0.0|-164092.83627318838|-164092.15520070808|-164091.4867406811|-164090.74260593412|-164090.0615334538
969.4|1.0|0.88|0.0|-164584.68411605764|-164584.2805175508|-164583.92736885732|-164583.49854544378|-164583.08233448357
969.6|1.0|0.88|0.0|-164239.16798909305|-164238.13376791924|-164237.13738410544|-164236.0905504783|-164235.0311043978
969.8|1.0|0.88|0.0|-164178.6296230823|-164177.78458870857|-164176.95216678816|-164176.05668260108|-164175.17381086736
970.0|1.0|0.88|0.0|-164131.2666360787|-164130.3585394383|-164129.45044279785|-164128.4918963441|-164127.55857479697
970.2|1.0|0.88|0.0|-164054.4567952429|-164053.44779897577|-164052.47664006863|-164051.42980644148|-164050.42081017437
970.4|1.0|0.88|0.0|-164333.2557648138|-164332.2846059067|-164331.3386719062|-164330.3296756391|-164329.34590427866
970.6|1.0|0.88|0.0|-164477.01202536473|-164476.15437853767|-164475.34718152395|-164474.43908488352|-164473.5940505098
970.8|1.0|0.88|0.0|-164296.1374369807|-164295.70861356717|-164295.3050150603|-164294.8509667401|-164294.3969184199
971.0|1.0|0.88|0.0|-164115.4441717581|-164114.72526191777|-164114.00635207744|-164113.23699242374|-164112.49285767673
971.2|1.0|0.88|0.0|-163865.0252167581|-163864.760355238|-163864.4828812645|-163864.1801823844|-163863.8648710509
971.4|1.0|0.88|0.0|-163975.32807778113|-163974.94970418097|-163974.59655548746|-163974.16773207393|-163973.76413356708
971.6|1.0|0.88|0.0|-164194.9070478173|-164194.18813797698|-164193.49445304333|-164192.7250933896|-164191.9809586426
971.8|1.0|0.88|0.0|-164499.10246571767|-164498.05563209052|-164497.04663582338|-164495.9619648362|-164494.9025187557
972.0|1.0|0.88|0.0|-163954.10707769514|-163953.4133927615|-163952.7449327345|-163952.02602289416|-163951.31972550717
972.2|1.0|0.88|0.0|-164026.11157380868|-164025.20347716828|-164024.32060543454|-164023.38728388742|-164022.45396234034
972.4|1.0|0.88|0.0|-164278.46957996816|-164277.6371580478|-164276.8299610341|-164275.97231420703|-164275.13989228662
972.6|1.0|0.88|0.0|-164535.37371060695|-164534.46561396655|-164533.5827422328|-164532.6494206857|-164531.71609913858
972.8|1.0|0.88|0.0|-164230.84153263888|-164230.43793413203|-164230.05956053187|-164229.60551221162|-164229.2019137048
973.0|1.0|0.88|0.0|-164447.4478062865|-164447.09465759303|-164446.74150889952|-164446.33791039267|-164445.97214924582
973.2|1.0|0.88|0.0|-164198.36828944596|-164197.3845180855|-164196.45119653843|-164195.4422002713|-164194.47104136416
973.4|1.0|0.88|0.0|-164049.97673711015|-164049.43440161657|-164048.91729102965|-164048.33711817604|-164047.76955777578
973.6|1.0|0.88|0.0|-164390.15343170747|-164389.92640754738|-164389.69938338723|-164389.43452186714|-164389.16966034702
973.8|1.0|0.88|0.0|-164242.63872244337|-164242.27296129652|-164241.89458769636|-164241.49098918948|-164241.0747782293
974.0|1.0|0.88|0.0|-164516.23688739826|-164515.84590134476|-164515.4675277446|-164515.03870433106|-164514.6351058242
974.2|1.0|0.88|0.0|-164282.90455752978|-164282.18564768942|-164281.4667378491|-164280.70999064876|-164279.9532434484
974.4|1.0|0.88|0.0|-164435.55808684783|-164434.9653015409|-164434.3599037806|-164433.71666866032|-164433.08604599335
974.6|1.0|0.88|0.0|-164099.0452193043|-164098.2632471973|-164097.51911245027|-164096.71191543658|-164095.9173308762
974.8|1.0|0.88|0.0|-164445.8044830366|-164444.82071167612|-164443.86216522235|-164442.8405565019|-164441.84417268808
975.0|1.0|0.88|0.0|-164237.56026595287|-164237.118830086|-164236.69000667246|-164236.1855085389|-164235.70623531198
975.2|1.0|0.88|0.0|-164213.82318749328|-164213.44481389312|-164213.07905274627|-164212.66284178608|-164212.23401837255
975.4|1.0|0.88|0.0|-164061.25036117772|-164060.2539773639|-164059.2449810968|-164058.19814746964|-164057.17653874916
975.6|1.0|0.88|0.0|-164013.1168692459|-164012.43579676558|-164011.77994919196|-164011.0610393516|-164010.36735441795
975.8|1.0|0.88|0.0|-164312.35993717203|-164311.64102733173|-164310.94734239802|-164310.17798274435|-164309.421235544
976.0|1.0|0.88|0.0|-164291.90461707837|-164291.12264497133|-164290.36589777094|-164289.5334758506|-164288.72627883687
976.2|1.0|0.88|0.0|-164482.5283947139|-164481.8473222336|-164481.19147465998|-164480.45995236628|-164479.75365497931
976.4|1.0|0.88|0.0|-164378.43341112102|-164377.79017600074|-164377.14694088043|-164376.45325594678|-164375.77218346647
976.6|1.0|0.88|0.0|-164238.80470308368|-164238.18669287008|-164237.60652001644|-164236.95067244282|-164236.3074373225
976.8|1.0|0.88|0.0|-164120.59846819143|-164119.690371551|-164118.7948873639|-164117.8489533635|-164116.91563181637
977.0|1.0|0.88|0.0|-164280.94782801525|-164280.19108081493|-164279.45955852125|-164278.6523615075|-164277.8703894005
977.2|1.0|0.88|0.0|-164292.1128194639|-164291.26778509017|-164290.42275071642|-164289.52726652936|-164288.6696197023
977.4|1.0|0.88|0.0|-164080.83500644413|-164080.09087169715|-164079.34673695013|-164078.55215238975|-164077.7954051894
977.6|1.0|0.88|0.0|-164255.80757161905|-164255.17694895208|-164254.55893873845|-164253.89047871146|-164253.23463113784
977.8|1.0|0.88|0.0|-164007.60288717478|-164006.72001544104|-164005.84975616063|-164004.91643461352|-164003.99572551978
978.0|1.0|0.88|0.0|-164283.62240150585|-164282.6134052387|-164281.62963387824|-164280.60802515777|-164279.5864164373
978.2|1.0|0.88|0.0|-164705.22051353363|-164704.62772822668|-164704.04755537308|-164703.4169327061|-164702.78631003917
978.4|1.0|0.88|0.0|-164547.46132460886|-164546.72980231518|-164546.01089247485|-164545.21630791447|-164544.45956071414
978.6|1.0|0.88|0.0|-164329.8550781994|-164329.6280540393|-164329.4010298792|-164329.12355590574|-164328.84608193225
978.8|1.0|0.88|0.0|-164475.65821320776|-164475.0528154475|-164474.46003014053|-164473.81679502025|-164473.19878480662
979.0|1.0|0.88|0.0|-164573.3134250427|-164572.72063973575|-164572.1278544288|-164571.4846193085|-164570.85399664156
979.2|1.0|0.88|0.0|-164611.79863149935|-164611.34458317913|-164610.94098467228|-164610.46171144536|-164609.99505067183
979.4|1.0|0.88|0.0|-164568.56794754596|-164567.93732487902|-164567.34453957205|-164566.68869199842|-164566.03284442477
979.6|1.0|0.88|0.0|-164055.89379119908|-164055.6037047723|-164055.31361834548|-164054.998307012|-164054.6703832252
979.8|1.0|0.88|0.0|-163929.17639446526|-163928.47009707827|-163927.78902459797|-163927.0575023043|-163926.32598001062
980.0|1.0|0.88|0.0|-164201.32791261878|-164200.4324284317|-164199.5369442446|-164198.57839779084|-164197.64507624373
980.2|1.0|0.88|0.0|-164140.5358875238|-164139.93048976347|-164139.36292936324|-164138.73230669627|-164138.11429648264
980.4|1.0|0.88|0.0|-164269.23336139708|-164268.65318854348|-164268.09824059656|-164267.49284283628|-164266.88744507602
980.6|1.0|0.88|0.0|-164269.11274231816|-164268.3812200245|-164267.6749226375|-164266.89295053043|-164266.1362033301
980.8|1.0|0.88|0.0|-164350.26939138665|-164349.50003173295|-164348.74328453263|-164347.92347506556|-164347.14150295852
981.0|1.0|0.88|0.0|-164184.09575952846|-164183.03631344796|-164181.9894798208|-164180.87958392696|-164179.8075253931
981.2|1.0|0.88|0.0|-164027.01175604318|-164026.2171714828|-164025.4351993758|-164024.60277745538|-164023.78296798834
981.4|1.0|0.88|0.0|-164366.52638748143|-164365.94621462782|-164365.39126668088|-164364.78586892062|-164364.20569606702
981.6|1.0|0.88|0.0|-164043.9520921072|-164043.32146944027|-164042.71607167998|-164042.06022410633|-164041.41698898605
981.8|1.0|0.88|0.0|-164318.17974746772|-164317.7887614142|-164317.4230002674|-164317.0067893072|-164316.59057834698
982.0|1.0|0.88|0.0|-164249.6952042315|-164248.92584457784|-164248.16909737745|-164247.3745128171|-164246.55470335003
982.2|1.0|0.88|0.0|-164181.19697014624|-164180.67985955934|-164180.17536142576|-164179.62041347884|-164179.09069043858
982.4|1.0|0.88|0.0|-163912.79135063448|-163912.00937852744|-163911.2526313271|-163910.43282186004|-163909.62562484635
982.6|1.0|0.88|0.0|-164072.4519796876|-164071.10244718028|-164069.7781395797|-164068.39076971236|-164067.02862475172
982.8|1.0|0.88|0.0|-164190.53469689912|-164189.82839951213|-164189.1473270318|-164188.4031922848|-164187.68428244448
983.0|1.0|0.88|0.0|-164482.6281141042|-164481.77046727715|-164480.92543290343|-164480.0047238097|-164479.1470769826
983.2|1.0|0.88|0.0|-164462.67813158655|-164462.0853462796|-164461.51778587935|-164460.88716321238|-164460.2817654521
983.4|1.0|0.88|0.0|-164470.16335585667|-164469.431833563|-164468.7507610827|-164467.981401429|-164467.23726668197
983.6|1.0|0.88|0.0|-164623.83836191584|-164623.25818906224|-164622.7032411153|-164622.0852309017|-164621.49244559472
983.8|1.0|0.88|0.0|-164393.6846868531|-164393.28108834627|-164392.91532719944|-164392.47389133254|-164392.0702928257
984.0|1.0|0.88|0.0|-163981.68628607443|-163980.92953887407|-163980.1980165804|-163979.44126938004|-163978.67190972637
984.2|1.0|0.88|0.0|-163976.51578735583|-163975.65814052874|-163974.82571860836|-163973.94284687462|-163973.07258759422
984.4|1.0|0.88|0.0|-164227.13713219282|-164226.38038499243|-164225.64886269876|-164224.8542781384|-164224.08491848473
984.6|1.0|0.88|0.0|-164216.38535424662|-164215.57815723293|-164214.78357267252|-164213.9385382988|-164213.10611637845
984.8|1.0|0.88|0.0|-164239.96445150318|-164239.2959914762|-164238.65275635588|-164237.95907142223|-164237.26538648858
985.0|1.0|0.88|0.0|-163994.3738771857|-163993.78109187877|-163993.20091902517|-163992.5702963582|-163991.93967369123
985.2|1.0|0.88|0.0|-164153.4636727616|-164152.92133726802|-164152.3916142278|-164151.8114413742|-164151.2438809739
985.4|1.0|0.88|0.0|-163876.2476055334|-163875.85661947986|-163875.46563342636|-163875.04942246617|-163874.62059905264
985.6|1.0|0.88|0.0|-163764.35353126295|-163763.43282216915|-163762.52472552875|-163761.55356662162|-163760.59502016785
985.8|1.0|0.88|0.0|-163924.87307458845|-163924.20461456146|-163923.5739918945|-163922.88030696084|-163922.1866220272
986.0|1.0|0.88|0.0|-163881.14248037955|-163880.07042184574|-163879.01097576527|-163877.91369232474|-163876.81640888422
986.2|1.0|0.88|0.0|-163665.30556638562|-163664.49836937193|-163663.66594745155|-163662.80830062449|-163661.9506537974
986.4|1.0|0.88|0.0|-163800.29264664734|-163799.39716246026|-163798.50167827317|-163797.59358163274|-163796.68548499234
986.6|1.0|0.88|0.0|-163816.22828264587|-163815.749009419|-163815.32018600547|-163814.80307541855|-163814.31118973834
986.8|1.0|0.88|0.0|-164045.7370960595|-164045.01818621918|-164044.34972619222|-164043.59297899186|-164042.87406915153
987.0|1.0|0.88|0.0|-164323.99718067306|-164323.139533846|-164322.28188701894|-164321.3737903785|-164320.5035310981
987.2|1.0|0.88|0.0|-164133.09234006613|-164132.0581188923|-164131.04912262518|-164130.00228899802|-164128.95545537086
987.4|1.0|0.88|0.0|-164287.3467509443|-164286.98098979745|-164286.64045355728|-164286.23685505043|-164285.85848145024
987.6|1.0|0.88|0.0|-164045.5029581649|-164044.62008643112|-164043.7624396041|-164042.85434296366|-164041.95885877658
987.8|1.0|0.88|0.0|-164298.98804537638|-164297.9664366559|-164296.9700528421|-164295.91060676164|-164294.8763855878
988.0|1.0|0.88|0.0|-164624.5659158748|-164624.52807851476|-164624.49024115477|-164624.41456643472|-164624.36411662138
988.2|1.0|0.88|0.0|-164344.91484496172|-164343.8175615212|-164342.732890534|-164341.59776973352|-164340.4752613863
988.4|1.0|0.88|0.0|-164231.72021478618|-164230.9256302258|-164230.16888302544|-164229.36168601175|-164228.55448899805
988.6|1.0|0.88|0.0|-164333.41442606025|-164332.79641584662|-164332.20363053968|-164331.53517051268|-164330.8919353924
988.8|1.0|0.88|0.0|-164239.67983422056|-164239.0870489136|-164238.5321009667|-164237.88886584638|-164237.2834680861
989.0|1.0|0.88|0.0|-164515.03491552224|-164514.26555586854|-164513.52142112155|-164512.7142241078|-164511.91963954744
989.2|1.0|0.88|0.0|-164532.6859092625|-164531.72736280874|-164530.79404126163|-164529.79765744784|-164528.82649854073
989.4|1.0|0.88|0.0|-164301.63917688126|-164300.85720477422|-164300.12568248055|-164299.31848546685|-164298.52390090647
989.6|1.0|0.88|0.0|-164214.7757523778|-164213.94333045743|-164213.14874589705|-164212.27848661668|-164211.44606469627
989.8|1.0|0.88|0.0|-164039.5903819472|-164039.07327136028|-164038.59399813338|-164038.0516626398|-164037.5345520529
990.0|1.0|0.88|0.0|-164282.18347889892|-164281.84294265875|-164281.48979396527|-164281.11142036508|-164280.7582716716
990.2|1.0|0.88|0.0|-164038.294172207|-164037.96624842018|-164037.66354954004|-164037.29778839322|-164036.94463969974
990.4|1.0|0.88|0.0|-164236.04102432347|-164235.3095020298|-164234.6032046428|-164233.82123253576|-164233.06448533543
990.6|1.0|0.88|0.0|-164092.88977681767|-164092.0573548973|-164091.23754543022|-164090.36728614982|-164089.50963932276
990.8|1.0|0.88|0.0|-164024.61521350176|-164024.11071536818|-164023.60621723463|-164023.05126928768|-164022.52154624744
991.0|1.0|0.88|0.0|-164036.16770101088|-164035.3605039972|-164034.57853189018|-164033.72088506309|-164032.88846314268
991.2|1.0|0.88|0.0|-164241.8840358686|-164241.0768388549|-164240.28225429452|-164239.4372199208|-164238.6174104537
991.4|1.0|0.88|0.0|-164237.22709934902|-164236.6217015887|-164236.01630382845|-164235.3604562548|-164234.72983358783
991.6|1.0|0.88|0.0|-164061.4725620671|-164060.47617825327|-164059.50501934616|-164058.47079817235|-164057.4618019052
991.8|1.0|0.88|0.0|-164252.286368636|-164251.6683584224|-164251.07557311546|-164250.41972554184|-164249.7638779682
992.0|1.0|0.88|0.0|-164215.75374901682|-164215.4006003233|-164215.07267653648|-164214.69430293632|-164214.3285417895
992.2|1.0|0.88|0.0|-164255.4867375588|-164254.94440206522|-164254.43990393166|-164253.85973107806|-164253.3047831311
992.4|1.0|0.88|0.0|-163933.9170268387|-163932.87019321154|-163931.84858449106|-163930.76391350388|-163929.69185497006
992.6|1.0|0.88|0.0|-164264.47516993465|-164263.84454726768|-164263.25176196077|-164262.59591438714|-164261.96529172015
992.8|1.0|0.88|0.0|-163993.51217457265|-163992.60407793222|-163991.7212061985|-163990.7878846514|-163989.85456310428
993.0|1.0|0.88|0.0|-164128.9550664635|-164127.84517056966|-164126.7604995825|-164125.62537878196|-164124.51548288812
993.2|1.0|0.88|0.0|-164061.67647829527|-164061.02063072164|-164060.41523296133|-164059.70893557434|-164059.02786309403
993.4|1.0|0.88|0.0|-163594.77376618455|-163594.23143069097|-163593.72693255742|-163593.1467597038|-163592.5918117569
993.6|1.0|0.88|0.0|-163893.57095559497|-163893.21780690146|-163892.8898831147|-163892.49889706116|-163892.1331359143
993.8|1.0|0.88|0.0|-164011.59356793045|-164011.1269071569|-164010.6728588367|-164010.1557482498|-164009.6764750229
994.0|1.0|0.88|0.0|-163851.36916220837|-163850.65025236807|-163849.9565674344|-163849.21243268737|-163848.46829794036
994.2|1.0|0.88|0.0|-163851.09124189368|-163850.3849445067|-163849.72909693304|-163848.9975746394|-163848.29127725237
994.4|1.0|0.88|0.0|-164386.26547535846|-164385.76097722488|-164385.26909154467|-164384.7015311444|-164384.15919565083
994.6|1.0|0.88|0.0|-164074.78832769327|-164073.75410651948|-164072.74511025232|-164071.66043926516|-164070.613605638
994.8|1.0|0.88|0.0|-164042.38169001843|-164041.48620583134|-164040.6033340976|-164039.65740009717|-164038.72407855003
995.0|1.0|0.88|0.0|-164117.39178158966|-164116.66025929598|-164115.92873700228|-164115.1467648953|-164114.3900176949
995.2|1.0|0.88|0.0|-163683.75537732|-163683.22565427973|-163682.72115614614|-163682.16620819925|-163681.62387270565
995.4|1.0|0.88|0.0|-164099.31048994034|-164098.37716839323|-164097.44384684612|-164096.472687939|-164095.51414148524
995.6|1.0|0.88|0.0|-164191.48983854748|-164190.4051675603|-164189.3204965731|-164188.1853757726|-164187.07547987875
995.8|1.0|0.88|0.0|-164290.19445641967|-164289.50077148603|-164288.8196990057|-164288.0755642587|-164287.35665441834
996.0|1.0|0.88|0.0|-164286.51162004462|-164285.64136076422|-164284.78371393715|-164283.87561729673|-164282.99274556298
996.2|1.0|0.88|0.0|-164214.62063601112|-164213.69992691735|-164212.81705518358|-164211.8585087298|-164210.9251871827
996.4|1.0|0.88|0.0|-164317.78697566653|-164316.72752958603|-164315.66808350553|-164314.5581876117|-164313.4735166245
996.6|1.0|0.88|0.0|-164221.28272123123|-164220.67732347094|-164220.09715061734|-164219.46652795037|-164218.84851773674
996.8|1.0|0.88|0.0|-164337.30137698885|-164336.70859168188|-164336.12841882827|-164335.49779616133|-164334.89239840105
997.0|1.0|0.88|0.0|-164472.66001160612|-164472.0798387525|-164471.5248908056|-164470.9194930453|-164470.32670773836
997.2|1.0|0.88|0.0|-164281.4293732548|-164281.03838720132|-164280.6474011478|-164280.21857773425|-164279.78975432072
997.4|1.0|0.88|0.0|-164455.29286662475|-164454.91449302458|-164454.52350697105|-164454.09468355752|-164453.67847259733
997.6|1.0|0.88|0.0|-164623.85830550332|-164623.31597000972|-164622.79885942282|-164622.23129902256|-164621.6763510756
997.8|1.0|0.88|0.0|-164635.69284833324|-164634.65862715943|-164633.6496308923|-164632.5649599051|-164631.50551382464
998.0|1.0|0.88|0.0|-164288.69972703976|-164287.23668245244|-164285.8114752251|-164284.3105932777|-164282.84754869036
998.2|1.0|0.88|0.0|-164509.85909634287|-164509.07712423583|-164508.33298948882|-164507.53840492843|-164506.74382036805
998.4|1.0|0.88|0.0|-164403.79604431448|-164403.50595788765|-164403.24109636754|-164402.91317258074|-164402.61047370057
998.6|1.0|0.88|0.0|-164332.01857236103|-164331.6906485742|-164331.3374998807|-164330.95912628053|-164330.58075268037
998.8|1.0|0.88|0.0|-164417.58145581422|-164416.74903389384|-164415.94183688014|-164415.0589651464|-164414.21393077265
999.0|1.0|0.88|0.0|-164324.92023353904|-164324.41573540546|-164323.9112372719|-164323.356289325|-164322.82656628473
999.2|1.0|0.88|0.0|-164330.49493791498|-164329.91476506137|-164329.33459220777|-164328.7039695408|-164328.09857178052
999.4|1.0|0.88|0.0|-164167.7088318065|-164167.16649631292|-164166.649385726|-164166.05660041908|-164165.50165247213
999.6|1.0|0.88|0.0|-163967.33710887565|-163966.44162468857|-163965.5713654082|-163964.6506563144|-163963.75517212733
999.8|1.0|0.88|0.0|-164329.697808558|-164328.991511171|-164328.28521378402|-164327.54107903698|-164326.8095567433
