times(ps)|lambda_restraints|lambda_electrostatics|lambda_sterics|(1.0, 0.72, 0.0)|(1.0, 0.74, 0.0)|(1.0, 0.76, 0.0)|(1.0, 0.78, 0.0)|(1.0, 0.8, 0.0)
0.0|1.0|0.76|0.0|-164050.6274615027|-164049.25270408872|-164047.90317158142|-164046.5662515275|-164045.16626920682
0.2|1.0|0.76|0.0|-164076.57914243132|-164075.3935718174|-164074.2332261102|-164073.072880403|-164071.86208488245
0.4|1.0|0.76|0.0|-164266.91655931756|-164265.97062531713|-164265.03730377002|-164264.11659467628|-164263.14543576914
0.6|1.0|0.76|0.0|-164319.09897262516|-164317.73682766454|-164316.38729515724|-164315.05037510328|-164313.66300523595
0.8|1.0|0.76|0.0|-164088.4026046258|-164086.76298569172|-164085.12336675762|-164083.53419763685|-164081.8693537961
1.0|1.0|0.76|0.0|-164098.45544021585|-164097.55995602877|-164096.67708429502|-164095.81943746796|-164094.92395328084
1.2|1.0|0.76|0.0|-164217.403092697|-164215.9652730163|-164214.55267824233|-164213.165308375|-164211.68965133434
1.4|1.0|0.76|0.0|-164219.67333429804|-164218.33641424408|-164217.0247190968|-164215.7382488562|-164214.37610389557
1.6|1.0|0.76|0.0|-164422.12829367878|-164421.09407250496|-164420.07246378448|-164419.06346751735|-164417.9914089835
1.8|1.0|0.76|0.0|-164059.09912682933|-164057.68653205532|-164056.27393728134|-164054.8739549607|-164053.42352282666
2.0|1.0|0.76|0.0|-164372.55831551048|-164371.37274489657|-164370.21239918936|-164369.07727838884|-164367.86648286827
2.2|1.0|0.76|0.0|-164279.42693564677|-164278.0269533261|-164276.65219591215|-164275.2900509515|-164273.86484372418
2.4|1.0|0.76|0.0|-164209.83141812097|-164208.5197229737|-164207.23325273313|-164205.95939494585|-164204.63508734523
2.6|1.0|0.76|0.0|-164329.05609400274|-164327.55521205536|-164326.04171765468|-164324.566060614|-164323.01472885325
2.8|1.0|0.76|0.0|-164045.55097914155|-164044.55459532776|-164043.58343642065|-164042.61227751352|-164041.59066879304
3.0|1.0|0.76|0.0|-164003.57257481443|-164002.3996166539|-164001.25188340002|-164000.10415014613|-163998.9311919856
3.2|1.0|0.76|0.0|-164149.00453702966|-164147.9577034025|-164146.93609468205|-164145.92709841492|-164144.88026478776
3.4|1.0|0.76|0.0|-164079.35973803425|-164078.48947875382|-164077.63183192673|-164076.786797553|-164075.89131336592
3.6|1.0|0.76|0.0|-164495.84757161685|-164494.85118780303|-164493.86741644258|-164492.9088699888|-164491.87464881502
3.8|1.0|0.76|0.0|-164507.0926609131|-164506.04582728594|-164505.03683101878|-164504.02783475164|-164502.96838867114
4.0|1.0|0.76|0.0|-164539.55711580822|-164538.63640671445|-164537.7535349807|-164536.8580507936|-164535.93734169984
4.2|1.0|0.76|0.0|-164170.03745787597|-164169.35638539566|-164168.6879253687|-164168.04469024835|-164167.3383928614
4.4|1.0|0.76|0.0|-164365.89624578058|-164364.98814914018|-164364.10527740643|-164363.23501812603|-164362.31430903226
4.6|1.0|0.76|0.0|-164348.20068658868|-164347.09079069484|-164346.00611970766|-164344.9214487205|-164343.78632791995
4.8|1.0|0.76|0.0|-164342.0962591725|-164340.60798967845|-164339.14494509113|-164337.68190050378|-164336.16840610307
5.0|1.0|0.76|0.0|-164570.79119471565|-164569.88309807522|-164568.98761388814|-164568.10474215442|-164567.1714206073
5.2|1.0|0.76|0.0|-164388.09980809718|-164386.6367635098|-164385.19894382916|-164383.7611241485|-164382.27285465444
5.4|1.0|0.76|0.0|-164708.15090694992|-164707.26803521617|-164706.42300084245|-164705.59057892207|-164704.7077071883
5.6|1.0|0.76|0.0|-164672.71262780117|-164671.35048284053|-164670.00095033323|-164668.68925518595|-164667.30188531862
5.8|1.0|0.76|0.0|-164410.2704038832|-164409.07222081596|-164407.88665020207|-164406.72630449486|-164405.50289652095
6.0|1.0|0.76|0.0|-164423.2144091833|-164422.0919008361|-164420.98200494226|-164419.88472150176|-164418.72437579453
6.2|1.0|0.76|0.0|-164512.53333555744|-164511.24686531682|-164509.9477826229|-164508.67392483563|-164507.36222968833
6.4|1.0|0.76|0.0|-164563.46175643304|-164562.51582243262|-164561.56988843216|-164560.6491793384|-164559.67802043128
6.6|1.0|0.76|0.0|-164757.1885676881|-164756.1543465143|-164755.1327377938|-164754.13635398002|-164753.07690789952
6.8|1.0|0.76|0.0|-164589.29158883652|-164587.9672812359|-164586.65558608863|-164585.3565033947|-164583.99435843405
7.0|1.0|0.76|0.0|-164663.4724677241|-164661.90852351004|-164660.38241665598|-164658.85630980192|-164657.2671406812
7.2|1.0|0.76|0.0|-164742.19940146746|-164741.16518029364|-164740.14357157316|-164739.14718775934|-164738.07512922553
7.4|1.0|0.76|0.0|-164337.11462067786|-164336.1308493174|-164335.18491531696|-164334.25159376988|-164333.25520995606
7.6|1.0|0.76|0.0|-164463.68058993685|-164462.46979441628|-164461.27161134908|-164460.0860407352|-164458.86263276127
7.8|1.0|0.76|0.0|-164377.7298453535|-164376.61994945965|-164375.51005356578|-164374.4127701253|-164373.2902617781
8.0|1.0|0.76|0.0|-164588.93798897194|-164587.37404475786|-164585.8353254505|-164584.32183104978|-164582.74527438238
8.2|1.0|0.76|0.0|-164353.58514429058|-164352.5130857567|-164351.46625212958|-164350.43203095577|-164349.33474751527
8.4|1.0|0.76|0.0|-164206.02200571995|-164204.6598607593|-164203.29771579866|-164201.97340819807|-164200.57342587743
8.6|1.0|0.76|0.0|-164480.6826940639|-164479.63586043674|-164478.58902680958|-164477.58003054245|-164476.4953595553
8.8|1.0|0.76|0.0|-164531.87664216774|-164530.65323419383|-164529.44243867326|-164528.2568680594|-164527.02084763214
9.0|1.0|0.76|0.0|-164511.1543813314|-164510.4480839444|-164509.7670114641|-164509.0859389838|-164508.3796415968
9.2|1.0|0.76|0.0|-164671.78969226437|-164669.7338623701|-164667.7032573825|-164665.6726523949|-164663.60421004726
9.4|1.0|0.76|0.0|-164347.79241242367|-164346.59422935644|-164345.40865874258|-164344.235700582|-164342.99968015478
9.6|1.0|0.76|0.0|-164439.927569063|-164438.96902260924|-164438.02308860878|-164437.10237951504|-164436.10599570125
9.8|1.0|0.76|0.0|-164542.51726452415|-164541.30646900358|-164540.095673483|-164538.9227153225|-164537.6740824419
10.0|1.0|0.76|0.0|-164223.2582331487|-164222.24923688153|-164221.25285306774|-164220.28169416063|-164219.26008544018
10.2|1.0|0.76|0.0|-164498.1718785835|-164496.48180983606|-164494.7917410886|-164493.1268972478|-164491.39899114033
10.4|1.0|0.76|0.0|-164306.4729432199|-164305.14863561926|-164303.836940472|-164302.53785777808|-164301.18832527078
10.6|1.0|0.76|0.0|-164284.19734199112|-164282.84780948382|-164281.5235018832|-164280.21180673593|-164278.86227422862
10.8|1.0|0.76|0.0|-163966.07455540917|-163964.81331007523|-163963.57728964798|-163962.34126922075|-163961.05479898016
11.0|1.0|0.76|0.0|-164148.54431793687|-164147.22001033626|-164145.92092764232|-164144.64706985504|-164143.3101498011
11.2|1.0|0.76|0.0|-163912.07343027997|-163911.25362081293|-163910.4338113459|-163909.65183923885|-163908.80680486513
11.4|1.0|0.76|0.0|-164249.6108046515|-164248.53874611767|-164247.47930003714|-164246.4576913167|-164245.36040787617
11.6|1.0|0.76|0.0|-164597.54732818322|-164596.55094436943|-164595.56717300895|-164594.6086265552|-164593.59963028805
11.8|1.0|0.76|0.0|-164485.9262031603|-164484.96765670655|-164484.03433515943|-164483.126238519|-164482.1550796119
12.0|1.0|0.76|0.0|-164545.48066446857|-164544.32031876137|-164543.21042286753|-164542.113139427|-164540.9527937198
12.2|1.0|0.76|0.0|-164412.85813660643|-164411.9752648727|-164411.11761804562|-164410.25997121856|-164409.38971193816
12.4|1.0|0.76|0.0|-164496.28267185707|-164495.7151114568|-164495.14755105652|-164494.6178280163|-164494.02504270934
12.6|1.0|0.76|0.0|-164724.20395188878|-164723.39675487505|-164722.58955786133|-164721.82019820763|-164721.00038874062
12.8|1.0|0.76|0.0|-164486.7750649685|-164485.81651851474|-164484.8579720609|-164483.92465051383|-164482.9156542467
13.0|1.0|0.76|0.0|-164086.80372357342|-164086.09742618643|-164085.4163537061|-164084.74789367913|-164084.01637138546
13.2|1.0|0.76|0.0|-164101.47090096513|-164100.42406733797|-164099.38984616415|-164098.38084989702|-164097.32140381652
13.4|1.0|0.76|0.0|-164167.4970941959|-164166.48809792876|-164165.51693902165|-164164.5710050212|-164163.56200875406
13.6|1.0|0.76|0.0|-164256.3392155173|-164255.07797018337|-164253.81672484946|-164252.58070442223|-164251.2942341816
13.8|1.0|0.76|0.0|-164246.29281542264|-164244.27482288837|-164242.25683035408|-164240.27667517983|-164238.24607019222
14.0|1.0|0.76|0.0|-164321.97908390922|-164320.44036460185|-164318.92687020113|-164317.4259882538|-164315.87465649305
14.2|1.0|0.76|0.0|-164265.30758064718|-164264.00849795324|-164262.72202771265|-164261.44816992537|-164260.13647477812
14.4|1.0|0.76|0.0|-164201.754462462|-164200.4049299547|-164199.0553974474|-164197.73108984678|-164196.3437199795
14.6|1.0|0.76|0.0|-164077.89633865352|-164076.97562955978|-164076.06753291935|-164075.19727363894|-164074.2513396385
14.8|1.0|0.76|0.0|-164189.9409726338|-164188.4274782331|-164186.9265962857|-164185.4383267917|-164183.89960748432
15.0|1.0|0.76|0.0|-164209.54072512293|-164208.2542548823|-164207.00562200174|-164205.75698912118|-164204.4452939739
15.2|1.0|0.76|0.0|-164296.15364447693|-164294.89239914302|-164293.65637871576|-164292.43297074185|-164291.14650050123
15.4|1.0|0.76|0.0|-164239.39150544588|-164238.02936048523|-164236.70505288462|-164235.39335773734|-164234.01860032335
15.6|1.0|0.76|0.0|-164287.6623157952|-164286.91818104818|-164286.17404630117|-164285.4425240075|-164284.66055190045
15.8|1.0|0.76|0.0|-164261.30897449458|-164260.47655257417|-164259.6441306538|-164258.8369336401|-164257.979286813
16.0|1.0|0.76|0.0|-164548.5342461487|-164547.26038836144|-164545.9739181208|-164544.7378976936|-164543.43881499962
16.2|1.0|0.76|0.0|-164254.34497031596|-164252.81886346193|-164251.31798151458|-164249.8423244739|-164248.3036051665
16.4|1.0|0.76|0.0|-164194.4479858353|-164193.3885397548|-164192.37954348765|-164191.35793476718|-164190.28587623333
16.6|1.0|0.76|0.0|-163980.3152535638|-163979.02878332324|-163977.7675379893|-163976.53151756205|-163975.21982241477
16.8|1.0|0.76|0.0|-163885.6112067305|-163884.52653574332|-163883.44186475617|-163882.38241867567|-163881.2725227818
17.0|1.0|0.76|0.0|-164053.76709736534|-164052.25360296463|-164050.75272101726|-164049.2518390699|-164047.71311976254
17.2|1.0|0.76|0.0|-164204.62465175567|-164203.5778181285|-164202.518372048|-164201.49676332754|-164200.4247047937
17.4|1.0|0.76|0.0|-164432.56489487243|-164430.74870159157|-164428.9577332174|-164427.17937729656|-164425.3505715624
17.6|1.0|0.76|0.0|-164499.0703613301|-164497.68299146276|-164496.29562159546|-164494.94608908816|-164493.52088186084
17.8|1.0|0.76|0.0|-164120.37321041015|-164119.55340094308|-164118.73359147602|-164117.913782009|-164117.06874763526
18.0|1.0|0.76|0.0|-164029.12701970126|-164027.9162241807|-164026.70542866015|-164025.54508295294|-164024.3090625257
18.2|1.0|0.76|0.0|-164415.69702012074|-164414.3979374268|-164413.1114671862|-164411.85022185225|-164410.53852670497
18.4|1.0|0.76|0.0|-164426.12751903228|-164425.0176231384|-164423.90772724457|-164422.8230562574|-164421.67532300352
18.6|1.0|0.76|0.0|-164270.2375957596|-164269.21598703912|-164268.19437831864|-164267.2232194115|-164266.17638578438
18.8|1.0|0.76|0.0|-164342.39028660327|-164341.58308958952|-164340.78850502917|-164339.9939204688|-164339.17411100175
19.0|1.0|0.76|0.0|-164315.96198633977|-164315.003439886|-164314.04489343223|-164313.11157188512|-164312.11518807133
19.2|1.0|0.76|0.0|-164400.92233534454|-164399.88811417075|-164398.85389299694|-164397.87012163646|-164396.81067555596
19.4|1.0|0.76|0.0|-164353.02360787912|-164352.3677603055|-164351.7245251852|-164351.1065149716|-164350.42544249125
19.6|1.0|0.76|0.0|-164330.34278421797|-164329.3337879508|-164328.35001659038|-164327.39147013662|-164326.3698614161
19.8|1.0|0.76|0.0|-164399.05543001|-164397.8698593961|-164396.7095136889|-164395.56178043503|-164394.37620982114
20.0|1.0|0.76|0.0|-164359.72895120297|-164358.73256738915|-164357.73618357535|-164356.7776371216|-164355.7560284011
20.2|1.0|0.76|0.0|-164230.09815578253|-164229.24050895547|-164228.37024967506|-164227.52521530134|-164226.6423435676
20.4|1.0|0.76|0.0|-164114.84068220254|-164114.15960972224|-164113.50376214858|-164112.8605270283|-164112.16684209465
20.6|1.0|0.76|0.0|-163858.37530629974|-163857.4041473926|-163856.44560093884|-163855.49966693838|-163854.5032831246
20.8|1.0|0.76|0.0|-164286.47980999263|-164285.2185646587|-164283.98254423143|-164282.77174871086|-164281.4852784703
21.0|1.0|0.76|0.0|-164641.82307037158|-164640.5113752243|-164639.22490498368|-164637.96365964974|-164636.65196450247
21.2|1.0|0.76|0.0|-164401.3536406146|-164400.26896962748|-164399.1969110936|-164398.15007746645|-164397.02756911927
21.4|1.0|0.76|0.0|-164503.1027644068|-164501.84151907288|-164500.5928861923|-164499.3694782184|-164498.09562043115
21.6|1.0|0.76|0.0|-164693.33481642467|-164692.13663335747|-164690.93845029024|-164689.77810458303|-164688.5673090625
21.8|1.0|0.76|0.0|-164578.61653638177|-164577.41835331454|-164576.25800760734|-164575.08504944676|-164573.86164147285
22.0|1.0|0.76|0.0|-164842.8095964782|-164841.8636624778|-164840.95556583736|-164840.06008165027|-164839.1015351965
22.2|1.0|0.76|0.0|-164740.11312516857|-164739.10412890144|-164738.12035754096|-164737.14919863385|-164736.1023650067
22.4|1.0|0.76|0.0|-164705.2270792323|-164704.3315950452|-164703.46133576482|-164702.5910764844|-164701.67036739064
22.6|1.0|0.76|0.0|-164623.88638564973|-164623.11702599603|-164622.3602787957|-164621.6161440487|-164620.8215594883
22.8|1.0|0.76|0.0|-164629.18023629786|-164628.43610155085|-164627.70457925717|-164626.9730569635|-164626.20369730983
23.0|1.0|0.76|0.0|-164306.96166955715|-164306.00312310335|-164305.06980155627|-164304.13648000915|-164303.1527086487
23.2|1.0|0.76|0.0|-164272.86684012422|-164271.8956812171|-164270.9371347633|-164269.97858830952|-164268.96959204238
23.4|1.0|0.76|0.0|-164243.31962148886|-164242.76467354197|-164242.23495050168|-164241.70522746144|-164241.15027951452
23.6|1.0|0.76|0.0|-164301.08673153957|-164300.1281850858|-164299.169638632|-164298.26154199158|-164297.2651581778
23.8|1.0|0.76|0.0|-164206.07157521023|-164204.873392143|-164203.6878215291|-164202.54008827524|-164201.30406784802
24.0|1.0|0.76|0.0|-164105.8656334302|-164104.79357489635|-164103.75935372253|-164102.7503574554|-164101.65307401487
24.2|1.0|0.76|0.0|-163995.18909272118|-163994.15487154736|-163993.15848773354|-163992.1747163731|-163991.1404951993
24.4|1.0|0.76|0.0|-164028.81440635247|-164027.88108480535|-164026.94776325824|-164026.05227907115|-164025.0937326174
24.6|1.0|0.76|0.0|-164147.4497875773|-164146.4155664035|-164145.3813452297|-164144.37234896256|-164143.30029042868
24.8|1.0|0.76|0.0|-164497.8504577895|-164496.96758605575|-164496.07210186866|-164495.2144550416|-164494.29374594783
25.0|1.0|0.76|0.0|-164578.87173422557|-164577.38346473157|-164575.90780769088|-164574.45737555684|-164572.9312687028
25.2|1.0|0.76|0.0|-164574.58350009023|-164573.4736041964|-164572.36370830252|-164571.27903731537|-164570.15652896816
25.4|1.0|0.76|0.0|-164354.32350918988|-164353.2010008427|-164352.10371740218|-164351.00643396165|-164349.87131316113
25.6|1.0|0.76|0.0|-164332.61514795723|-164331.80795094353|-164331.01336638315|-164330.24400672945|-164329.41158480907
25.8|1.0|0.76|0.0|-164106.2872193905|-164105.17732349667|-164104.08004005614|-164103.00798152233|-164101.87286072178
26.0|1.0|0.76|0.0|-164504.8185500465|-164504.04919039283|-164503.2672182858|-164502.53569599212|-164501.7284989784
26.2|1.0|0.76|0.0|-164583.6842207766|-164582.99053584295|-164582.32207581596|-164581.6662282423|-164580.95993085532
26.4|1.0|0.76|0.0|-164205.34845796027|-164204.27639942642|-164203.21695334592|-164202.18273217214|-164201.09806118495
26.6|1.0|0.76|0.0|-164750.31710385517|-164749.8882804416|-164749.47206948145|-164749.0810834279|-164748.6270351077
26.8|1.0|0.76|0.0|-164712.01308306397|-164710.73922527672|-164709.47797994278|-164708.24195951552|-164706.94287682162
27.0|1.0|0.76|0.0|-164598.18569167756|-164597.06318333038|-164595.96589988988|-164594.86861644936|-164593.7208831955
27.2|1.0|0.76|0.0|-164082.25950780333|-164080.94781265606|-164079.63611750878|-164078.36225972153|-164077.01272721426
27.4|1.0|0.76|0.0|-164346.20902806957|-164345.98200390945|-164345.75497974936|-164345.55318049592|-164345.2883189758
27.6|1.0|0.76|0.0|-164151.80252872815|-164151.0205566211|-164150.26380942078|-164149.5322871271|-164148.7250901134
27.8|1.0|0.76|0.0|-163897.2191224543|-163896.0966141071|-163894.98671821327|-163893.9020472261|-163892.7543139722
28.0|1.0|0.76|0.0|-164345.77127204608|-164345.11542447243|-164344.47218935212|-164343.8541791385|-164343.1731066582
28.2|1.0|0.76|0.0|-164259.53992856588|-164258.41742021867|-164257.30752432483|-164256.22285333768|-164255.06250763047
28.4|1.0|0.76|0.0|-164068.34291732177|-164067.46004558806|-164066.60239876097|-164065.7699768406|-164064.8744926535
28.6|1.0|0.76|0.0|-164297.2858175677|-164296.47862055397|-164295.6461986336|-164294.8390016199|-164293.9813547928
28.8|1.0|0.76|0.0|-164113.07392008844|-164112.03969891465|-164111.01809019418|-164109.9964814737|-164108.9370353932
29.0|1.0|0.76|0.0|-164410.31735058833|-164409.23267960115|-164408.18584597402|-164407.16423725354|-164406.07956626636
29.2|1.0|0.76|0.0|-164112.33338180743|-164111.22348591356|-164110.1388149264|-164109.07936884594|-164107.9442480454
29.4|1.0|0.76|0.0|-164109.26164258388|-164108.25264631677|-164107.25626250295|-164106.27249114247|-164105.250882422
29.6|1.0|0.76|0.0|-164244.60587936695|-164243.79868235326|-164242.99148533953|-164242.2347381392|-164241.38970376545
29.8|1.0|0.76|0.0|-164248.75537651556|-164247.85989232847|-164247.00224550138|-164246.14459867432|-164245.23650203392
30.0|1.0|0.76|0.0|-164237.10706209976|-164235.32870617893|-164233.56296271144|-164231.82244415063|-164230.01886332312
30.2|1.0|0.76|0.0|-164597.3602031685|-164596.38904426136|-164595.44311026094|-164594.49717626048|-164593.52601735338
30.4|1.0|0.76|0.0|-164541.39874770242|-164540.35191407526|-164539.31769290144|-164538.32130908765|-164537.26186300715
30.6|1.0|0.76|0.0|-164388.3100489884|-164387.40195234798|-164386.53169306758|-164385.67404624049|-164384.75333714674
30.8|1.0|0.76|0.0|-164345.15872361272|-164343.82180355876|-164342.53533331814|-164341.2614755309|-164339.91194302362
31.0|1.0|0.76|0.0|-164239.93182125254|-164238.54445138518|-164237.18230642457|-164235.82016146393|-164234.43279159663
31.2|1.0|0.76|0.0|-164097.98989520423|-164097.1448608305|-164096.29982645676|-164095.48001698975|-164094.60975770932
31.4|1.0|0.76|0.0|-164050.66918195182|-164049.672798138|-164048.68902677757|-164047.70525541707|-164046.68364669662
31.6|1.0|0.76|0.0|-164018.48199424005|-164016.918050026|-164015.4045556253|-164013.87844877123|-164012.3145045572
31.8|1.0|0.76|0.0|-164068.52957886073|-164067.3566207002|-164066.19627499295|-164065.06115419246|-164063.8881960319
32.0|1.0|0.76|0.0|-164101.1293307171|-164099.84286047655|-164098.55639023593|-164097.29514490202|-164095.98344975474
32.2|1.0|0.76|0.0|-164181.2412803129|-164179.8917478056|-164178.55482775168|-164177.2431326044|-164175.85576273705
32.4|1.0|0.76|0.0|-164318.48245948635|-164317.0698647124|-164315.66988239172|-164314.29512497774|-164312.84469284373
32.6|1.0|0.76|0.0|-164418.23880152343|-164417.2298052563|-164416.20819653582|-164415.2370376287|-164414.19020400156
32.8|1.0|0.76|0.0|-164511.7533707345|-164510.02546462705|-164508.32278342624|-164506.6074897721|-164504.8669712113
33.0|1.0|0.76|0.0|-164614.30536149463|-164613.19546560076|-164612.1107946136|-164611.03873607976|-164609.90361527924
33.2|1.0|0.76|0.0|-164597.0515253266|-164595.79027999265|-164594.52903465874|-164593.29301423152|-164592.0065439909
33.4|1.0|0.76|0.0|-164607.62458097417|-164605.94712468007|-164604.28228083928|-164602.61743699852|-164600.92736825105
33.6|1.0|0.76|0.0|-164470.38847619022|-164469.2029055763|-164468.01733496244|-164466.8822141619|-164465.67141864134
33.8|1.0|0.76|0.0|-164519.77564623358|-164518.5017884463|-164517.2405431124|-164516.0171351385|-164514.71805244454
34.0|1.0|0.76|0.0|-164537.0890287343|-164535.6512090536|-164534.2386142796|-164532.838631959|-164531.3755873716
34.2|1.0|0.76|0.0|-164463.17066218276|-164462.36346516907|-164461.60671796868|-164460.84997076835|-164460.04277375463
34.4|1.0|0.76|0.0|-164388.2824603533|-164387.68967504636|-164387.1221146461|-164386.57977915253|-164385.98699384558
34.6|1.0|0.76|0.0|-164498.90736676514|-164498.16323201812|-164497.44432217782|-164496.7380247908|-164495.98127759047
34.8|1.0|0.76|0.0|-164430.6878871397|-164429.88069012604|-164429.098718019|-164428.32935836533|-164427.50954889826
35.0|1.0|0.76|0.0|-164648.55678065127|-164647.56039683745|-164646.60185038368|-164645.63069147654|-164644.6216952094
35.2|1.0|0.76|0.0|-164468.06034197332|-164466.98828343948|-164465.91622490564|-164464.89461618516|-164463.79733274467
35.4|1.0|0.76|0.0|-163958.01372018977|-163956.79031221583|-163955.5795166953|-163954.41917098808|-163953.15792565414
35.6|1.0|0.76|0.0|-164030.22673637167|-164028.92765367773|-164027.65379589048|-164026.39255055654|-164025.06824295595
35.8|1.0|0.76|0.0|-164293.8789792084|-164293.0339448347|-164292.20152291429|-164291.38171344728|-164290.51145416684
36.0|1.0|0.76|0.0|-164202.6263257535|-164201.64255439304|-164200.6335581259|-164199.6750116721|-164198.66601540498
36.2|1.0|0.76|0.0|-164322.90150234863|-164321.95556834817|-164321.0348592544|-164320.11415016066|-164319.1682161602
36.4|1.0|0.76|0.0|-164235.1647348895|-164233.6260155821|-164232.07468382138|-164230.54857696735|-164228.98463275327
36.6|1.0|0.76|0.0|-164302.43956100085|-164301.12786585357|-164299.8161707063|-164298.5297004657|-164297.19278041174
36.8|1.0|0.76|0.0|-164274.62360258625|-164273.5767689591|-164272.5551602386|-164271.54616397148|-164270.49933034432
37.0|1.0|0.76|0.0|-164049.36751193527|-164047.95491716126|-164046.60538465396|-164045.2432396933|-164043.83064491936
37.2|1.0|0.76|0.0|-163939.65178033744|-163938.2896353768|-163936.91487796284|-163935.57795790888|-163934.17797558822
37.4|1.0|0.76|0.0|-164475.22699893374|-164474.23061511994|-164473.27206866618|-164472.3513595724|-164471.34236330527
37.6|1.0|0.76|0.0|-163786.2563215892|-163784.9950762553|-163783.73383092135|-163782.5230354008|-163781.2365651602
37.8|1.0|0.76|0.0|-164070.74100962118|-164069.71940090068|-164068.73562954023|-164067.75185817978|-164066.7428619126
38.0|1.0|0.76|0.0|-164117.09342865724|-164115.9078580434|-164114.7222874295|-164113.58716662895|-164112.3763711084
38.2|1.0|0.76|0.0|-164427.77621626976|-164426.71677018923|-164425.70777392213|-164424.698777655|-164423.6393315745
38.4|1.0|0.76|0.0|-164099.41417126375|-164098.5565244367|-164097.7241025163|-164096.9169055026|-164096.05925867555
38.6|1.0|0.76|0.0|-164337.99445241204|-164336.7332070781|-164335.5097991042|-164334.2863911303|-164332.9999208897
38.8|1.0|0.76|0.0|-164522.8936351817|-164521.68283966114|-164520.49726904728|-164519.33692334004|-164518.10090291282
39.0|1.0|0.76|0.0|-164043.72232119564|-164043.1169234354|-164042.51152567507|-164041.93135282147|-164041.27550524785
39.2|1.0|0.76|0.0|-164531.09526538302|-164530.2250061026|-164529.34213436887|-164528.5097124485|-164527.62684071477
39.4|1.0|0.76|0.0|-164369.58573926258|-164368.37494374203|-164367.16414822146|-164365.97857760757|-164364.72994472698
39.6|1.0|0.76|0.0|-164147.9374020093|-164146.85273102214|-164145.76806003496|-164144.73383886114|-164143.62394296727
39.8|1.0|0.76|0.0|-164441.1160501349|-164439.94309197433|-164438.78274626713|-164437.6476254666|-164436.46205485272
40.0|1.0|0.76|0.0|-164212.00215774254|-164211.29586035557|-164210.61478787524|-164209.93371539493|-164209.20219310126
40.2|1.0|0.76|0.0|-164121.56447539985|-164120.18971798586|-164118.84018547856|-164117.5032654246|-164116.1158955573
40.4|1.0|0.76|0.0|-164390.31687080156|-164389.2700371744|-164388.23581600058|-164387.22681973345|-164386.16737365298
40.6|1.0|0.76|0.0|-164492.75397011207|-164491.42966251145|-164490.13057981752|-164488.84410957692|-164487.50718952293
40.8|1.0|0.76|0.0|-164690.97599182688|-164690.06789518648|-164689.1850234527|-164688.32737662568|-164687.39405507856
41.0|1.0|0.76|0.0|-164597.15853063148|-164595.54413660406|-164593.94235502998|-164592.3657983626|-164590.7261794285
41.2|1.0|0.76|0.0|-164674.60451180654|-164673.57029063272|-164672.54868191225|-164671.5396856451|-164670.49285201795
41.4|1.0|0.76|0.0|-165029.8229763639|-165028.4986687633|-165027.18697361602|-165025.88789092205|-165024.55097086812
41.6|1.0|0.76|0.0|-164909.42089422717|-164908.2100987066|-164906.99930318605|-164905.81373257213|-164904.55248723822
41.8|1.0|0.76|0.0|-164684.7128852094|-164683.50208968882|-164682.3291315283|-164681.19401072775|-164679.95799030052
42.0|1.0|0.76|0.0|-164833.42444828106|-164832.30193993388|-164831.20465649336|-164830.1199855062|-164828.97225225234
42.2|1.0|0.76|0.0|-164666.69193638067|-164665.75861483355|-164664.82529328647|-164663.917196646|-164662.95865019225
42.4|1.0|0.76|0.0|-164579.11262120213|-164578.29281173507|-164577.4982271747|-164576.71625506767|-164575.88383314732
42.6|1.0|0.76|0.0|-164431.90524192434|-164431.09804491064|-164430.29084789695|-164429.48365088322|-164428.62600405616
42.8|1.0|0.76|0.0|-164380.30794916028|-164379.5764268666|-164378.8322921196|-164378.12599473257|-164377.3566350789
43.0|1.0|0.76|0.0|-164131.0480338174|-164129.82462584352|-164128.61383032295|-164127.4282597091|-164126.16701437518
43.2|1.0|0.76|0.0|-164380.16707905775|-164378.77970919045|-164377.4049517765|-164376.0680317225|-164374.66804940187
43.4|1.0|0.76|0.0|-164173.07506423947|-164172.07868042568|-164171.12013397188|-164170.16158751812|-164169.15259125095
43.6|1.0|0.76|0.0|-163933.32934601032|-163932.3960244632|-163931.48792782277|-163930.59244363572|-163929.64650963526
43.8|1.0|0.76|0.0|-164145.88980878898|-164144.4141517483|-164142.9637196143|-164141.51328748028|-164140.0376304396
44.0|1.0|0.76|0.0|-163848.14990667714|-163847.39315947678|-163846.64902472973|-163845.93011488943|-163845.1481427824
44.2|1.0|0.76|0.0|-163807.83821289637|-163806.84182908258|-163805.84544526876|-163804.886898815|-163803.85267764117
44.4|1.0|0.76|0.0|-163802.55179225633|-163801.66892052258|-163800.78604878884|-163799.91578950844|-163799.007692868
44.6|1.0|0.76|0.0|-163941.9446265613|-163941.21310426763|-163940.4941944273|-163939.80050949362|-163939.06898719995
44.8|1.0|0.76|0.0|-164124.44356931245|-164123.18232397854|-164121.9463035513|-164120.72289557738|-164119.44903779012
45.0|1.0|0.76|0.0|-164119.45331263987|-164118.4443163727|-164117.4605450123|-164116.48938610515|-164115.46777738468
45.2|1.0|0.76|0.0|-164018.12717953097|-164017.1686330772|-164016.2100866234|-164015.26415262296|-164014.25515635582
45.4|1.0|0.76|0.0|-164201.53310526934|-164200.68807089562|-164199.83042406855|-164199.02322705486|-164198.1403553211
45.6|1.0|0.76|0.0|-164305.8254819313|-164304.3119875306|-164302.79849312987|-164301.31022363584|-164299.77150432847
45.8|1.0|0.76|0.0|-164580.28507844123|-164579.49049388085|-164578.7085217738|-164577.95177457348|-164577.1319651064
46.0|1.0|0.76|0.0|-164149.58936953824|-164148.7064978045|-164147.84885097743|-164146.99120415037|-164146.10833241662
46.2|1.0|0.76|0.0|-164331.18347271622|-164330.2501511691|-164329.3420545287|-164328.43395788825|-164327.4880238878
46.4|1.0|0.76|0.0|-164544.05275123165|-164543.28339157798|-164542.56448173762|-164541.83295944394|-164541.05098733693
46.6|1.0|0.76|0.0|-164449.2154989522|-164447.90380380492|-164446.61733356433|-164445.3560882304|-164444.01916817643
46.8|1.0|0.76|0.0|-164395.82878004815|-164394.9206834077|-164394.0251992206|-164393.15493994023|-164392.22161839312
47.0|1.0|0.76|0.0|-164239.93885677546|-164238.917248055|-164237.90825178786|-164236.9244804274|-164235.87764680025
47.2|1.0|0.76|0.0|-164362.74631493937|-164361.3715575254|-164360.00941256477|-164358.64726760413|-164357.2598977368
47.4|1.0|0.76|0.0|-164690.27239892204|-164688.55710526792|-164686.86703652045|-164685.16435531966|-164683.4364492122
47.6|1.0|0.76|0.0|-164489.78484064192|-164488.9398062682|-164488.10738434782|-164487.28757488076|-164486.41731560035
47.8|1.0|0.76|0.0|-164786.9401428311|-164785.84285939057|-164784.7834133101|-164783.72396722957|-164782.61407133573
48.0|1.0|0.76|0.0|-164904.4197403277|-164903.2720070738|-164902.1494987266|-164901.0522152861|-164899.90448203223
48.2|1.0|0.76|0.0|-164486.43468538774|-164485.38785176058|-164484.4040804001|-164483.42030903965|-164482.36086295915
48.4|1.0|0.76|0.0|-164520.68075731082|-164519.7726606704|-164518.86456402997|-164517.98169229622|-164517.03575829577
48.6|1.0|0.76|0.0|-164242.12012990142|-164241.174195901|-164240.2030369939|-164239.2823279001|-164238.31116899298
48.8|1.0|0.76|0.0|-164226.4687673304|-164225.96426919682|-164225.48499596995|-164225.0183351964|-164224.5012246095
49.0|1.0|0.76|0.0|-164527.15665413623|-164525.80712162895|-164524.470201575|-164523.15850642772|-164521.7711365604
49.2|1.0|0.76|0.0|-164559.97911211316|-164558.8061539526|-164557.6331957921|-164556.4728500849|-164555.27466701763
49.4|1.0|0.76|0.0|-164771.80427705156|-164770.9970800379|-164770.21510793082|-164769.42052337047|-164768.6007139034
49.6|1.0|0.76|0.0|-164351.6667017496|-164350.25410697563|-164348.85412465496|-164347.46675478766|-164346.02893510697
49.8|1.0|0.76|0.0|-164144.55348533677|-164143.53187661627|-164142.52288034913|-164141.513884082|-164140.46705045484
50.0|1.0|0.76|0.0|-164269.37111463657|-164268.5134678095|-164267.70627079578|-164266.9116862354|-164266.05403940834
50.2|1.0|0.76|0.0|-163991.64260611538|-163991.04982080843|-163990.4570355015|-163989.90208755457|-163989.2840773409
50.4|1.0|0.76|0.0|-164275.49669422713|-164274.05887454646|-164272.67150467914|-164271.25890990513|-164269.7958653178
50.6|1.0|0.76|0.0|-164368.24105184598|-164366.96719405873|-164365.71856117813|-164364.4825407509|-164363.1960705103
50.8|1.0|0.76|0.0|-164481.69983141572|-164480.72867250862|-164479.7953509615|-164478.86202941442|-164477.89087050728
51.0|1.0|0.76|0.0|-164390.43211024776|-164389.41050152728|-164388.40150526015|-164387.43034635304|-164386.38351272588
51.2|1.0|0.76|0.0|-164060.8479934072|-164059.59936052663|-164058.3759525527|-164057.16515703217|-164055.90391169823
51.4|1.0|0.76|0.0|-164345.02567770908|-164343.75181992183|-164342.52841194795|-164341.31761642738|-164340.0437586401
51.6|1.0|0.76|0.0|-164321.43197778898|-164320.1833449084|-164318.9599369345|-164317.74914141395|-164316.48789608
51.8|1.0|0.76|0.0|-164385.44834520167|-164383.84656362757|-164382.28261941354|-164380.70606274612|-164379.11689362535
52.0|1.0|0.76|0.0|-164497.06967265418|-164496.18680092046|-164495.31654164006|-164494.47150726634|-164493.5634106259
52.2|1.0|0.76|0.0|-164139.06790254873|-164137.7814323081|-164136.50757452086|-164135.25894164026|-164133.95985894633
52.4|1.0|0.76|0.0|-164234.07751355303|-164233.09374219255|-164232.13519573878|-164231.176649285|-164230.19287792454
52.6|1.0|0.76|0.0|-164424.86450975007|-164423.79245121623|-164422.74561758907|-164421.71139641528|-164420.6267254281
52.8|1.0|0.76|0.0|-164329.19949895798|-164328.1400528775|-164327.09321925035|-164326.0589980765|-164324.97432708935
53.0|1.0|0.76|0.0|-164131.0287754033|-164130.3603153763|-164129.71708025603|-164129.07384513575|-164128.38016020207
53.2|1.0|0.76|0.0|-164192.8173643788|-164191.89665528503|-164191.00117109797|-164190.11829936423|-164189.18497781712
53.4|1.0|0.76|0.0|-164233.8582875446|-164232.6348795707|-164231.42408405014|-164230.23851343626|-164228.98988055566
53.6|1.0|0.76|0.0|-164389.05768382465|-164388.20003699762|-164387.35500262384|-164386.50996825012|-164385.6270965164
53.8|1.0|0.76|0.0|-164199.699057028|-164198.3747494274|-164197.03782937344|-164195.7387466795|-164194.36398926552
54.0|1.0|0.76|0.0|-164278.91352418548|-164277.85407810498|-164276.7694071178|-164275.73518594398|-164274.6252900501
54.2|1.0|0.76|0.0|-164012.90904121942|-164011.9378823123|-164010.99194831186|-164010.05862676477|-164009.06224295095
54.4|1.0|0.76|0.0|-164009.24387967493|-164007.76822263424|-164006.3051780469|-164004.8673583662|-164003.35386396552
54.6|1.0|0.76|0.0|-163936.32374349725|-163935.59222120352|-163934.86069890985|-163934.17962642957|-163933.4228792292
54.8|1.0|0.76|0.0|-163844.09874609992|-163843.14019964615|-163842.1942656457|-163841.26094409858|-163840.28978519145
55.0|1.0|0.76|0.0|-163873.68602287272|-163872.76531377895|-163871.86982959186|-163870.97434540477|-163870.0410238577
55.2|1.0|0.76|0.0|-163947.44776931425|-163946.21174888697|-163945.00095336643|-163943.79015784583|-163942.55413741863
55.4|1.0|0.76|0.0|-163799.6894851113|-163798.76877601756|-163797.86067937713|-163796.9778076434|-163796.0444860963
55.6|1.0|0.76|0.0|-163991.3943729883|-163990.36015181447|-163989.35115554734|-163988.35477173352|-163987.29532565305
55.8|1.0|0.76|0.0|-164014.76524902583|-164013.64274067865|-164012.55806969147|-164011.47339870431|-164010.33827790376
56.0|1.0|0.76|0.0|-164162.34356554796|-164161.24628210743|-164160.16161112027|-164159.08955258643|-164157.9544317859
56.2|1.0|0.76|0.0|-164275.9313203209|-164274.58178781363|-164273.27009266632|-164271.9710099724|-164270.60886501177
56.4|1.0|0.76|0.0|-163973.09008347447|-163971.7783883272|-163970.4919180866|-163969.23067275266|-163967.8937526987
56.6|1.0|0.76|0.0|-164240.3353409807|-164239.30111980686|-164238.26689863304|-164237.27051481925|-164236.21106873875
56.8|1.0|0.76|0.0|-164460.73516430368|-164459.70094312986|-164458.6793344094|-164457.6829505956|-164456.63611696844
57.0|1.0|0.76|0.0|-164239.60202975606|-164238.41645914217|-164237.25611343497|-164236.1083801811|-164234.91019711387
57.2|1.0|0.76|0.0|-164267.8235556307|-164266.8397842702|-164265.8560129098|-164264.92269136268|-164263.90108264217
57.4|1.0|0.76|0.0|-164192.55243410225|-164191.42992575507|-164190.33264231455|-164189.2479713274|-164188.11285052687
57.6|1.0|0.76|0.0|-164411.35327463094|-164410.4830153505|-164409.63798097678|-164408.8055590564|-164407.92268732263
57.8|1.0|0.76|0.0|-164417.88335333462|-164416.559045734|-164415.25996304007|-164413.9861052528|-164412.67441010554
58.0|1.0|0.76|0.0|-164562.08714700874|-164560.90157639486|-164559.7286182343|-164558.5682725271|-164557.35747700656
58.2|1.0|0.76|0.0|-164220.89021379076|-164220.0956292304|-164219.31365712336|-164218.53168501632|-164217.72448800263
58.4|1.0|0.76|0.0|-164105.91904513733|-164105.40193455043|-164104.9100488702|-164104.41816318996|-164103.88844014972
58.6|1.0|0.76|0.0|-163922.02563113748|-163921.5841952706|-163921.15537185708|-163920.7391608969|-163920.29772503
58.8|1.0|0.76|0.0|-164148.5566297705|-164148.19086862367|-164147.8755572902|-164147.58547086336|-164147.23232216985
59.0|1.0|0.76|0.0|-164273.9809217375|-164273.07282509707|-164272.17734090998|-164271.29446917624|-164270.37376008247
59.2|1.0|0.76|0.0|-164071.210509403|-164070.50421201598|-164069.82313953567|-164069.129454602|-164068.41054476166
59.4|1.0|0.76|0.0|-164202.78097634637|-164201.50711855906|-164200.24587322518|-164198.9972403446|-164197.710770104
59.6|1.0|0.76|0.0|-164126.85645096347|-164125.97357922973|-164125.11593240267|-164124.2582855756|-164123.35018893518
59.8|1.0|0.76|0.0|-164063.61760992068|-164063.15094914712|-164062.70951328025|-164062.28068986672|-164061.8266415465
60.0|1.0|0.76|0.0|-164162.1162004312|-164161.43512795088|-164160.75405547055|-164160.07298299024|-164159.35407314994
60.2|1.0|0.76|0.0|-164221.27603330053|-164220.31748684676|-164219.358940393|-164218.42561884588|-164217.4292350321
60.4|1.0|0.76|0.0|-164146.11888844665|-164145.29907897965|-164144.4918819659|-164143.73513476556|-164142.8774879385
60.6|1.0|0.76|0.0|-163795.1155676631|-163794.2831457427|-163793.475948729|-163792.7065890753|-163791.8741671549
60.8|1.0|0.76|0.0|-164041.59638568247|-164040.94053810884|-164040.32252789522|-164039.7045176816|-164039.02344520128
61.0|1.0|0.76|0.0|-164089.73812007823|-164088.91831061122|-164088.09850114418|-164087.3039165838|-164086.45888221008
61.2|1.0|0.76|0.0|-163853.26723242138|-163852.88885882118|-163852.5230976744|-163852.19517388754|-163851.7915753807
61.4|1.0|0.76|0.0|-163993.14107137118|-163992.34648681083|-163991.55190225044|-163990.78254259675|-163989.96273312968
61.6|1.0|0.76|0.0|-164338.9409580239|-164338.1715983702|-164337.40223871652|-164336.6581039695|-164335.86351940915
61.8|1.0|0.76|0.0|-164344.34105489033|-164343.38250843654|-164342.4744117961|-164341.56631515568|-164340.6077687019
62.0|1.0|0.76|0.0|-164321.06880420816|-164319.83278378093|-164318.609375807|-164317.41119273976|-164316.17517231253
62.2|1.0|0.76|0.0|-164430.99894751274|-164430.04040105894|-164429.0944670585|-164428.17375796477|-164427.18998660427
62.4|1.0|0.76|0.0|-164411.31118376914|-164410.28957504864|-164409.2805787815|-164408.29680742105|-164407.24997379392
62.6|1.0|0.76|0.0|-164248.73135677955|-164247.73497296576|-164246.75120160528|-164245.78004269817|-164244.7584339777
62.8|1.0|0.76|0.0|-164344.64906442427|-164343.7535802372|-164342.9085458635|-164342.07612394306|-164341.16802730266
63.0|1.0|0.76|0.0|-164549.5943962892|-164548.434050582|-164547.2863173281|-164546.16380898093|-164544.97823836704
63.2|1.0|0.76|0.0|-164294.49715578527|-164293.4377097048|-164292.40348853095|-164291.39449226385|-164290.33504618335
63.4|1.0|0.76|0.0|-164544.47598096845|-164543.44175979463|-164542.42015107416|-164541.42376726036|-164540.3769336332
63.6|1.0|0.76|0.0|-164937.324657406|-164936.54268529895|-164935.7607131919|-164934.97874108487|-164934.17154407117
63.8|1.0|0.76|0.0|-164793.50485197894|-164792.58414288517|-164791.67604624477|-164790.793174511|-164789.84724051057
64.0|1.0|0.76|0.0|-164761.8097567375|-164761.07823444382|-164760.37193705686|-164759.6530272165|-164758.90889246948
64.2|1.0|0.76|0.0|-164505.97901230425|-164504.86911641035|-164503.77183296988|-164502.6871619827|-164501.55204118215
64.4|1.0|0.76|0.0|-164589.78201245077|-164588.94959053036|-164588.14239351667|-164587.33519650297|-164586.5027745826
64.6|1.0|0.76|0.0|-164435.68738624005|-164434.5774903462|-164433.4802069057|-164432.40814837185|-164431.27302757133
64.8|1.0|0.76|0.0|-164991.53081735247|-164990.67317052538|-164989.84074860503|-164989.00832668462|-164988.12545495087
65.0|1.0|0.76|0.0|-165075.33340863147|-165074.29918745768|-165073.26496628387|-165072.2433575634|-165071.17129902955
65.2|1.0|0.76|0.0|-164631.822029549|-164630.83825818854|-164629.87971173477|-164628.92116528095|-164627.9121690138
65.4|1.0|0.76|0.0|-164775.7081779502|-164774.42170770958|-164773.17307482904|-164771.92444194845|-164770.61274680117
65.6|1.0|0.76|0.0|-164682.98555101786|-164681.68646832393|-164680.38738563|-164679.1387527494|-164677.80183269546
65.8|1.0|0.76|0.0|-164496.16660662246|-164494.69094958177|-164493.22790499442|-164491.76486040707|-164490.27659091307
66.0|1.0|0.76|0.0|-164584.62583983183|-164583.41504431126|-164582.20424879072|-164581.04390308348|-164579.82049510957
66.2|1.0|0.76|0.0|-164779.63978862518|-164778.42899310464|-164777.26864739743|-164776.09568923686|-164774.88489371628
66.4|1.0|0.76|0.0|-164617.9443125593|-164616.96054119885|-164615.96415738502|-164615.0182233846|-164613.99661466412
66.6|1.0|0.76|0.0|-164532.57061590618|-164531.32198302558|-164530.14902486504|-164528.9382293445|-164527.70220891724
66.8|1.0|0.76|0.0|-164233.07529891323|-164232.1293649128|-164231.1960433657|-164230.28794672526|-164229.3294002715
67.0|1.0|0.76|0.0|-164514.96616469932|-164513.98239333887|-164513.01123443176|-164512.04007552465|-164511.04369171086
67.2|1.0|0.76|0.0|-164172.90277693525|-164171.67936896134|-164170.4811858941|-164169.30822773356|-164168.059594853
67.4|1.0|0.76|0.0|-164449.75782750902|-164448.87495577527|-164448.02992140155|-164447.1848870278|-164446.28940284075
67.6|1.0|0.76|0.0|-164367.38568454143|-164366.3136260076|-164365.26679238043|-164364.23257120664|-164363.1352877661
67.8|1.0|0.76|0.0|-164703.82775753902|-164702.61696201845|-164701.4440038579|-164700.2836581507|-164699.04763772344
68.0|1.0|0.76|0.0|-164410.9123809693|-164409.8150975288|-164408.73042654165|-164407.67098046115|-164406.5358596606
68.2|1.0|0.76|0.0|-164183.64858425004|-164183.08102384978|-164182.51346344952|-164181.98374040925|-164181.378342649
68.4|1.0|0.76|0.0|-164520.9333340435|-164520.0000124964|-164519.06669094932|-164518.13336940223|-164517.1748229484
68.6|1.0|0.76|0.0|-164494.71500917827|-164493.1510649642|-164491.61234565682|-164490.0862388028|-164488.50968213537
68.8|1.0|0.76|0.0|-164070.53850547466|-164069.41599712745|-164068.3313261403|-164067.2466551531|-164066.1115343526
69.0|1.0|0.76|0.0|-164284.2084685419|-164283.09857264807|-164282.01390166092|-164280.94184312708|-164279.8319472332
69.2|1.0|0.76|0.0|-164186.6926722829|-164185.86025036252|-164185.0152159888|-164184.19540652176|-164183.32514724132
69.4|1.0|0.76|0.0|-164205.61135229171|-164204.42578167783|-164203.2906608773|-164202.14292762344|-164200.9447445562
69.6|1.0|0.76|0.0|-164272.17707444006|-164270.97889137283|-164269.8059332123|-164268.63297505176|-164267.3969546245
69.8|1.0|0.76|0.0|-164434.26705930504|-164433.4724747447|-164432.71572754436|-164431.95898034397|-164431.15178333028
70.0|1.0|0.76|0.0|-164447.8885089114|-164447.1695990711|-164446.47591413744|-164445.80745411044|-164445.07593181677
70.2|1.0|0.76|0.0|-164356.5069773018|-164355.88896708816|-164355.29618178122|-164354.7160089276|-164354.08538626067
70.4|1.0|0.76|0.0|-164221.3136571069|-164220.17853630634|-164219.0686404125|-164217.95874451866|-164216.8236237181
70.6|1.0|0.76|0.0|-164463.1700623396|-164462.2871906059|-164461.45476868548|-164460.6223467651|-164459.726862578
70.8|1.0|0.76|0.0|-164078.60993104937|-164077.34868571546|-164076.11266528824|-164074.86403240764|-164073.5901746204
71.0|1.0|0.76|0.0|-164291.7306796144|-164290.24241012038|-164288.79197798637|-164287.36677075905|-164285.85327635836
71.2|1.0|0.76|0.0|-164318.2960686246|-164317.33752217083|-164316.4042006237|-164315.49610398329|-164314.51233262283
71.4|1.0|0.76|0.0|-164419.54123224196|-164418.35566162807|-164417.17009101415|-164415.9971328536|-164414.77372487972
71.6|1.0|0.76|0.0|-164785.2771541724|-164784.09158355853|-164782.93123785133|-164781.78350459746|-164780.56009662355
71.8|1.0|0.76|0.0|-164560.8889968145|-164559.90522545404|-164558.93406654694|-164557.9755200931|-164556.9917487327
72.0|1.0|0.76|0.0|-164693.37928082008|-164691.99191095273|-164690.60454108543|-164689.25500857813|-164687.8298013508
72.2|1.0|0.76|0.0|-164691.47480036586|-164690.02436823185|-164688.58654855116|-164687.17395377718|-164685.6982967365
72.4|1.0|0.76|0.0|-164669.21084783177|-164668.0252772179|-164666.85231905736|-164665.7045858035|-164664.49379028293
72.6|1.0|0.76|0.0|-164607.0062279628|-164605.34138412203|-164603.67654028125|-164602.06214625383|-164600.35946505304
72.8|1.0|0.76|0.0|-164361.76931511212|-164360.9242807384|-164360.10447127136|-164359.27204935098|-164358.38917761724
73.0|1.0|0.76|0.0|-164148.57705593022|-164147.7320215565|-164146.92482454277|-164146.1302399824|-164145.28520560867
73.2|1.0|0.76|0.0|-164502.01441724505|-164501.49730665813|-164500.98019607126|-164500.50092284434|-164499.95858735076
73.4|1.0|0.76|0.0|-164400.11840671755|-164399.13463535713|-164398.16347645|-164397.21754244954|-164396.19593372906
73.6|1.0|0.76|0.0|-164375.18358646595|-164374.45206417225|-164373.7457667853|-164373.03946939827|-164372.29533465125
73.8|1.0|0.76|0.0|-164519.12779696786|-164517.77826446056|-164516.47918176666|-164515.1800990727|-164513.81795411205
74.0|1.0|0.76|0.0|-164436.11166812546|-164435.1909590317|-164434.2828623913|-164433.37476575084|-164432.4288317504
74.2|1.0|0.76|0.0|-164415.0916045689|-164414.23395774185|-164413.40153582147|-164412.59433880777|-164411.7366919807
74.4|1.0|0.76|0.0|-164086.88436933642|-164086.06455986938|-164085.269975309|-164084.4627782953|-164083.6303563749
74.6|1.0|0.76|0.0|-164058.4994554437|-164057.2760474698|-164056.06525194924|-164054.87968133533|-164053.63104845476
74.8|1.0|0.76|0.0|-164342.62019181612|-164341.611195549|-164340.61481173517|-164339.63104037475|-164338.60943165424
75.0|1.0|0.76|0.0|-164442.08199884914|-164441.27480183545|-164440.4928297284|-164439.71085762136|-164438.89104815433
75.2|1.0|0.76|0.0|-164475.54283755808|-164474.40771675756|-164473.2978208637|-164472.2005374232|-164471.040191716
75.4|1.0|0.76|0.0|-164187.62705159368|-164186.05049492625|-164184.4865507122|-164182.9352189515|-164181.33343737738
75.6|1.0|0.76|0.0|-164115.1432822532|-164114.1721233461|-164113.21357689233|-164112.26764289188|-164111.2838715314
75.8|1.0|0.76|0.0|-163961.6959913423|-163960.52303318176|-163959.36268747455|-163958.2149542207|-163957.0293836068
76.0|1.0|0.76|0.0|-163765.21577632564|-163764.03020571175|-163762.81941019118|-163761.67167693732|-163760.42304405675
76.2|1.0|0.76|0.0|-163932.7455103229|-163931.3581404556|-163930.0086079483|-163928.67168789433|-163927.2717055737
76.4|1.0|0.76|0.0|-164052.01092953104|-164050.69923438376|-164049.42537659648|-164048.15151880923|-164046.81459875527
76.6|1.0|0.76|0.0|-164100.00235656655|-164098.6402116059|-164097.2906790986|-164095.96637149798|-164094.56638917734
76.8|1.0|0.76|0.0|-164205.7451653625|-164204.53436984192|-164203.32357432137|-164202.13800370746|-164200.8893708269
77.0|1.0|0.76|0.0|-164420.27038420914|-164419.1352634086|-164418.0127550614|-164416.91547162092|-164415.74251346037
77.2|1.0|0.76|0.0|-164266.71361265652|-164265.8055160161|-164264.94786918905|-164264.07760990862|-164263.1695132682
77.4|1.0|0.76|0.0|-164391.04717767445|-164389.92466932727|-164388.82738588678|-164387.7174899929|-164386.5823691924
77.6|1.0|0.76|0.0|-164201.9886278348|-164200.94179420764|-164199.92018548716|-164198.92380167337|-164197.85174313953
77.8|1.0|0.76|0.0|-164018.72204541336|-164017.30945063938|-164015.92208077208|-164014.53471090473|-164013.1095036774
78.0|1.0|0.76|0.0|-164140.924105817|-164139.8015974698|-164138.71692648262|-164137.63225549544|-164136.49713469495
78.2|1.0|0.76|0.0|-164279.96170871292|-164279.1923490592|-164278.43560185886|-164277.71669201853|-164276.94733236483
78.4|1.0|0.76|0.0|-163895.44445717844|-163893.96880013775|-163892.48053064372|-163891.04271096303|-163889.52921656234
78.6|1.0|0.76|0.0|-164153.7903968631|-164152.68050096923|-164151.59582998205|-164150.53638390158|-164149.4138755544
78.8|1.0|0.76|0.0|-164298.59814846618|-164297.2990657722|-164295.99998307828|-164294.75135019768|-164293.41443014375
79.0|1.0|0.76|0.0|-164143.47337580993|-164141.9977187692|-164140.53467418186|-164139.08424204786|-164137.59597255383
79.2|1.0|0.76|0.0|-164465.89813297353|-164464.81346198634|-164463.75401590587|-164462.69456982537|-164461.6098988382
79.4|1.0|0.76|0.0|-164432.07116945187|-164430.83514902464|-164429.62435350407|-164428.4135579835|-164427.1649251029
79.6|1.0|0.76|0.0|-164321.32311044066|-164320.30150172015|-164319.29250545302|-164318.30873409257|-164317.27451291878
79.8|1.0|0.76|0.0|-164130.922260007|-164130.29163734004|-164129.66101467307|-164129.06822936615|-164128.39976933916
80.0|1.0|0.76|0.0|-164090.83284887046|-164089.6851156166|-164088.5626072694|-164087.44009892223|-164086.26714076166
80.2|1.0|0.76|0.0|-164082.40688538738|-164081.3852766669|-164080.37628039977|-164079.37989658598|-164078.34567541216
80.4|1.0|0.76|0.0|-164103.3940077438|-164102.8138348902|-164102.27149939662|-164101.7417763564|-164101.14899104944
80.6|1.0|0.76|0.0|-164056.71630450187|-164055.73253314142|-164054.786599141|-164053.84066514054|-164052.8568937801
80.8|1.0|0.76|0.0|-164189.21506336963|-164188.4078663559|-164187.6006693422|-164186.81869723517|-164185.98627531476
81.0|1.0|0.76|0.0|-164083.9341994513|-164083.0261028109|-164082.1306186238|-164081.27297179674|-164080.33965024963
81.2|1.0|0.76|0.0|-164312.58062377726|-164311.64730223015|-164310.73920558972|-164309.85633385598|-164308.9230123089
81.4|1.0|0.76|0.0|-164152.8819761245|-164151.88559231072|-164150.88920849693|-164149.94327449647|-164148.90905332266
81.6|1.0|0.76|0.0|-164329.7022005454|-164328.46618011815|-164327.23015969092|-164326.01936417035|-164324.75811883644
81.8|1.0|0.76|0.0|-164626.5976871086|-164625.48779121475|-164624.4031202276|-164623.33106169372|-164622.20855334654
82.0|1.0|0.76|0.0|-164054.49061953882|-164053.3554987383|-164052.24560284443|-164051.16093185724|-164050.01319860338
82.2|1.0|0.76|0.0|-164321.56760202142|-164320.4072563142|-164319.27213551366|-164318.16223961982|-164316.98928145927
82.4|1.0|0.76|0.0|-163950.45673596006|-163949.34684006622|-163948.2495566257|-163947.17749809189|-163946.0423772913
82.6|1.0|0.76|0.0|-164014.4903045687|-164013.70833246165|-164012.91374790127|-164012.16961315428|-164011.33719123388
82.8|1.0|0.76|0.0|-163928.79090637848|-163927.5801108579|-163926.36931533736|-163925.18374472347|-163923.94772429622
83.0|1.0|0.76|0.0|-164222.75356545043|-164221.70673182327|-164220.6598981961|-164219.65090192898|-164218.57884339514
83.2|1.0|0.76|0.0|-164135.635707675|-164134.48797442115|-164133.3780785273|-164132.26818263344|-164131.10783692624
83.4|1.0|0.76|0.0|-164306.34526362125|-164305.19753036738|-164304.03718466018|-164302.91467631297|-164301.74171815245
83.6|1.0|0.76|0.0|-164176.57644846055|-164175.7061891801|-164174.83592989974|-164173.97828307265|-164173.07018643222
83.8|1.0|0.76|0.0|-164122.09360968563|-164121.27380021857|-164120.49182811155|-164119.7098560045|-164118.8648216308
84.0|1.0|0.76|0.0|-164235.71920181857|-164234.89939235154|-164234.13003269784|-164233.3480605908|-164232.51563867045
84.2|1.0|0.76|0.0|-163995.5901451344|-163994.2027752671|-163992.8280178531|-163991.46587289247|-163990.0532781185
84.4|1.0|0.76|0.0|-164453.7731123262|-164452.38574245886|-164451.0362099516|-164449.6866774443|-164448.29930757693
84.6|1.0|0.76|0.0|-164602.68691268592|-164601.9427779389|-164601.2238680986|-164600.50495825824|-164599.74821105791
84.8|1.0|0.76|0.0|-164436.06379162162|-164434.6511968476|-164433.23860207363|-164431.876457113|-164430.42602497898
85.0|1.0|0.76|0.0|-164762.79576032684|-164761.6606395263|-164760.5381311791|-164759.44084773862|-164758.28050203138
85.2|1.0|0.76|0.0|-164505.7845390814|-164504.57374356082|-164503.38817294696|-164502.2404396931|-164501.01703171918
85.4|1.0|0.76|0.0|-164360.41045260194|-164358.97263292127|-164357.5348132406|-164356.14744337328|-164354.68439878593
85.6|1.0|0.76|0.0|-164180.68299251818|-164179.4974219043|-164178.3370761971|-164177.20195539657|-164175.991159876
85.8|1.0|0.76|0.0|-164090.4334422008|-164089.22264668025|-164088.03707606634|-164086.86411790582|-164085.62809747853
86.0|1.0|0.76|0.0|-164060.70253684305|-164059.66831566923|-164058.6593194021|-164057.67554804165|-164056.64132686783
86.2|1.0|0.76|0.0|-164449.16287422765|-164448.17910286717|-164447.19533150672|-164446.2241725996|-164445.2025638791
86.4|1.0|0.76|0.0|-164142.62980827145|-164141.64603691097|-164140.70010291052|-164139.7541689101|-164138.7703975496
86.6|1.0|0.76|0.0|-164329.69517105966|-164328.14383929892|-164326.60511999155|-164325.0790131375|-164323.5024564701
86.8|1.0|0.76|0.0|-164319.66652236725|-164318.26654004658|-164316.9170075393|-164315.567475032|-164314.16749271133
87.0|1.0|0.76|0.0|-164151.89200700988|-164151.00913527614|-164150.13887599573|-164149.28122916867|-164148.37313252824
87.2|1.0|0.76|0.0|-163948.36038161538|-163947.565797055|-163946.77121249464|-163946.00185284097|-163945.16943092056
87.4|1.0|0.76|0.0|-164264.33555953452|-164262.99863948056|-164261.68694433328|-164260.4004740927|-164259.0509415854
87.6|1.0|0.76|0.0|-164225.9790099726|-164224.90695143878|-164223.86011781162|-164222.81328418446|-164221.72861319728
87.8|1.0|0.76|0.0|-164263.69351778083|-164262.0034490334|-164260.3386051926|-164258.68637380516|-164256.98369260438
88.0|1.0|0.76|0.0|-164094.23897262927|-164093.30565108216|-164092.42277934842|-164091.53990761467|-164090.60658606756
88.2|1.0|0.76|0.0|-164271.06079809112|-164270.70764939766|-164270.3797256108|-164270.0770267307|-164269.6986531305
88.4|1.0|0.76|0.0|-164048.13568532057|-164047.42938793355|-164046.72309054658|-164046.01679315956|-164045.2852708659
88.6|1.0|0.76|0.0|-164343.4688927115|-164342.58602097782|-164341.72837415073|-164340.8707273237|-164339.9752431366
88.8|1.0|0.76|0.0|-164221.01196018|-164220.20476316632|-164219.41017860593|-164218.64081895226|-164217.80839703183
89.0|1.0|0.76|0.0|-164416.0060307856|-164414.8582975317|-164413.6979518245|-164412.57544347728|-164411.40248531676
89.2|1.0|0.76|0.0|-164242.21903622456|-164241.4496765709|-164240.71815427722|-164239.99924443685|-164239.2172723298
89.4|1.0|0.76|0.0|-164335.068560411|-164333.9838894238|-164332.91183089|-164331.8523848095|-164330.74248891562
89.6|1.0|0.76|0.0|-164521.10224716438|-164520.1437007106|-164519.2103791635|-164518.28967006973|-164517.31851116262
89.8|1.0|0.76|0.0|-164413.1122882905|-164412.38076599682|-164411.66185615645|-164410.9681712228|-164410.21142402245
90.0|1.0|0.76|0.0|-164811.3896514931|-164810.53200466605|-164809.72480765232|-164808.93022309194|-164808.07257626488
90.2|1.0|0.76|0.0|-164667.15254740635|-164665.70211527232|-164664.28952049834|-164662.8895381777|-164661.43910604366
90.4|1.0|0.76|0.0|-164874.7770436331|-164873.83110963268|-164872.9104005389|-164872.00230389848|-164871.06898235137
90.6|1.0|0.76|0.0|-164542.100846368|-164540.91527575417|-164539.76754250028|-164538.6198092464|-164537.42162617916
90.8|1.0|0.76|0.0|-164605.46763342878|-164604.2190005482|-164602.9955925743|-164601.79740950707|-164600.52355171982
91.0|1.0|0.76|0.0|-164622.61421298725|-164621.61782917345|-164620.64667026635|-164619.71334871923|-164618.6917399988
91.2|1.0|0.76|0.0|-164668.83995199247|-164667.51564439188|-164666.2291741513|-164664.94270391067|-164663.58055895002
91.4|1.0|0.76|0.0|-164989.51595360017|-164988.1033588262|-164986.71598895887|-164985.35384399825|-164983.9286367709
91.6|1.0|0.76|0.0|-165200.89102794684|-165200.0964433865|-165199.3018588261|-165198.54511162575|-165197.7253021587
91.8|1.0|0.76|0.0|-164952.18673109173|-164951.51827106474|-164950.84981103777|-164950.20657591746|-164949.52550343715
92.0|1.0|0.76|0.0|-164993.71953993777|-164992.72315612395|-164991.7141598568|-164990.71777604302|-164989.7087797759
92.2|1.0|0.76|0.0|-164910.11158675211|-164909.00169085828|-164907.92963232443|-164906.87018624393|-164905.7602903501
92.4|1.0|0.76|0.0|-164865.70313854475|-164864.66891737093|-164863.6346961971|-164862.62569992998|-164861.56625384948
92.6|1.0|0.76|0.0|-164813.31100737368|-164812.64254734668|-164811.98669977306|-164811.3560771061|-164810.6623921724
92.8|1.0|0.76|0.0|-164713.18350549947|-164711.7709107255|-164710.3583159515|-164708.99617099087|-164707.55835131017
93.0|1.0|0.76|0.0|-164771.17556595316|-164770.06567005932|-164768.9683866188|-164767.896328085|-164766.76120728443
93.2|1.0|0.76|0.0|-164688.05949844778|-164686.86131538055|-164685.68835722|-164684.52801151277|-164683.31721599225
93.4|1.0|0.76|0.0|-164617.77029598836|-164616.60995028116|-164615.46221702726|-164614.32709622674|-164613.14152561285
93.6|1.0|0.76|0.0|-164605.19993081532|-164604.02697265477|-164602.86662694754|-164601.71889369367|-164600.50809817313
93.8|1.0|0.76|0.0|-164579.20279891926|-164578.37037699885|-164577.56317998515|-164576.7812078781|-164575.92356105105
94.0|1.0|0.76|0.0|-164748.19438379467|-164747.43763659432|-164746.70611430064|-164745.9872044603|-164745.21784480664
94.2|1.0|0.76|0.0|-164775.81565660756|-164774.8066603404|-164773.8102765266|-164772.8391176195|-164771.80489644568
94.4|1.0|0.76|0.0|-164357.98576269168|-164356.76235471776|-164355.56417165053|-164354.40382594333|-164353.14258060942
94.6|1.0|0.76|0.0|-164845.15787312796|-164843.6948285406|-164842.24439640658|-164840.8065767259|-164839.34353213856
94.8|1.0|0.76|0.0|-164637.6841963725|-164636.3725012252|-164635.08603098462|-164633.799560744|-164632.46264069006
95.0|1.0|0.76|0.0|-164434.50854789035|-164433.44910180985|-164432.4022681827|-164431.3806594622|-164430.2833760217
95.2|1.0|0.76|0.0|-164531.1451653754|-164530.11094420156|-164529.10194793442|-164528.0929516673|-164527.04611804013
95.4|1.0|0.76|0.0|-164636.79419751232|-164635.91132577858|-164635.0158415915|-164634.17080721777|-164633.23748567066
95.6|1.0|0.76|0.0|-164164.60818829833|-164163.46045504446|-164162.3505591506|-164161.2154383501|-164160.0550926429
95.8|1.0|0.76|0.0|-164471.98521869164|-164471.19063413126|-164470.40866202422|-164469.63930237052|-164468.83210535682
96.0|1.0|0.76|0.0|-164565.45479299407|-164564.63498352704|-164563.84039896668|-164563.05842685964|-164562.22600493924
96.2|1.0|0.76|0.0|-164649.42670257593|-164648.5438308422|-164647.68618401513|-164646.82853718803|-164645.93305300095
96.4|1.0|0.76|0.0|-164690.89644915523|-164689.90006534144|-164688.90368152768|-164687.9199101672|-164686.88568899338
96.6|1.0|0.76|0.0|-164580.38311280948|-164579.3488916357|-164578.33989536855|-164577.3308991014|-164576.28406547423
96.8|1.0|0.76|0.0|-164446.43604773012|-164445.0234529561|-164443.62347063544|-164442.23610076815|-164440.79828108748
97.0|1.0|0.76|0.0|-164590.721409286|-164589.5610635788|-164588.43855523158|-164587.3160468844|-164586.14308872388
97.2|1.0|0.76|0.0|-164690.7354646656|-164689.4742193317|-164688.21297399775|-164686.97695357053|-164685.69048332993
97.4|1.0|0.76|0.0|-164458.03570055717|-164456.59788087648|-164455.1852861025|-164453.78530378186|-164452.3600965545
97.6|1.0|0.76|0.0|-164583.0629505088|-164582.19269122835|-164581.36026930797|-164580.52784738757|-164579.64497565385
97.8|1.0|0.76|0.0|-164585.55246227645|-164584.90922715614|-164584.2912169425|-164583.67320672888|-164583.01735915526
98.0|1.0|0.76|0.0|-164380.84280086204|-164379.65723024818|-164378.49688454095|-164377.36176374042|-164376.15096821985
98.2|1.0|0.76|0.0|-164503.2959501024|-164502.3626285553|-164501.45453191485|-164500.57166018113|-164499.62572618067
98.4|1.0|0.76|0.0|-164166.92148558388|-164165.64762779663|-164164.37377000938|-164163.13774958212|-164161.8386668882
98.6|1.0|0.76|0.0|-164388.79969446152|-164387.91682272777|-164387.0591759007|-164386.214141527|-164385.31865733987
98.8|1.0|0.76|0.0|-164415.38509501825|-164414.55267309785|-164413.74547608415|-164412.9508915238|-164412.0932446967
99.0|1.0|0.76|0.0|-164470.60220617513|-164469.35357329456|-164468.1175528673|-164466.89414489342|-164465.63289955948
99.2|1.0|0.76|0.0|-164629.8984383921|-164628.49845607145|-164627.12369865747|-164625.77416615016|-164624.38679628287
99.4|1.0|0.76|0.0|-164195.65160573187|-164194.5669347447|-164193.50748866418|-164192.46065503705|-164191.37598404987
99.6|1.0|0.76|0.0|-164350.02772255678|-164348.6529651428|-164347.29082018216|-164345.9539001282|-164344.55391780756
99.8|1.0|0.76|0.0|-164358.1115777027|-164356.85033236878|-164355.60169948818|-164354.37829151427|-164353.07920882033
100.0|1.0|0.76|0.0|-164374.79731503804|-164373.5612946108|-164372.37572399693|-164371.19015338304|-164369.95413295578
100.2|1.0|0.76|0.0|-164143.35125329794|-164142.25396985744|-164141.1819113236|-164140.1476901498|-164139.0377942559
100.4|1.0|0.76|0.0|-164203.85881097533|-164202.86242716154|-164201.86604334775|-164200.89488444064|-164199.8606632668
100.6|1.0|0.76|0.0|-164220.46145160755|-164219.49029270042|-164218.54435869996|-164217.61103715288|-164216.62726579243
100.8|1.0|0.76|0.0|-164246.84406559324|-164245.53237044593|-164244.22067529865|-164242.9468175114|-164241.62250991078
101.0|1.0|0.76|0.0|-164371.42987967795|-164369.9668350906|-164368.5164029566|-164367.09119572927|-164365.62815114192
101.2|1.0|0.76|0.0|-164191.56368260743|-164189.98712594004|-164188.423181726|-164186.87184996525|-164185.2700683912
101.4|1.0|0.76|0.0|-164114.06015683798|-164112.63494961066|-164111.22235483665|-164109.82237251604|-164108.371940382
101.6|1.0|0.76|0.0|-164231.843195662|-164230.70807486144|-164229.58556651426|-164228.47567062042|-164227.31532491322
101.8|1.0|0.76|0.0|-164239.20538199323|-164237.9189117526|-164236.63244151202|-164235.3711961781|-164234.05950103083
102.0|1.0|0.76|0.0|-164093.43105158658|-164092.23286851935|-164091.0472979055|-164089.88695219826|-164088.6761566777
102.2|1.0|0.76|0.0|-163874.0756241127|-163873.1675274723|-163872.29726819188|-163871.4270089115|-163870.4936873644
102.4|1.0|0.76|0.0|-164035.90664382093|-164035.26340870064|-164034.62017358036|-164033.97693846002|-164033.29586597972
102.6|1.0|0.76|0.0|-164092.84029026545|-164092.1844426918|-164091.52859511817|-164090.8979724512|-164090.2168999709
102.8|1.0|0.76|0.0|-163754.95279268164|-163753.88073414782|-163752.82128806732|-163751.7870668935|-163750.67717099967
103.0|1.0|0.76|0.0|-164274.829561684|-164273.6439910701|-164272.4962578162|-164271.34852456237|-164270.15034149514
103.2|1.0|0.76|0.0|-163907.0205920666|-163905.59538483928|-163904.17017761193|-163902.7828077446|-163901.34498806397
103.4|1.0|0.76|0.0|-163954.19116755523|-163953.1191090214|-163952.07227539425|-163951.03805422044|-163949.9281583266
103.6|1.0|0.76|0.0|-163807.0591871919|-163805.55830524454|-163804.07003575054|-163802.59437870982|-163801.06827185577
103.8|1.0|0.76|0.0|-163784.97478139494|-163783.637861341|-163782.3261661937|-163781.02708349976|-163779.6775509925
104.0|1.0|0.76|0.0|-164117.52165756046|-164116.46221147996|-164115.42799030614|-164114.418994039|-164113.33432305185
104.2|1.0|0.76|0.0|-163941.2371171616|-163940.3416329745|-163939.4587612408|-163938.6011144137|-163937.68040531996
104.4|1.0|0.76|0.0|-163886.0972521579|-163885.1387057041|-163884.23060906367|-163883.29728751656|-163882.35135351613
104.6|1.0|0.76|0.0|-163971.63661392243|-163970.51410557525|-163969.40420968138|-163968.3195386942|-163967.159192987
104.8|1.0|0.76|0.0|-163910.9328760008|-163909.8482050136|-163908.73830911977|-163907.67886303927|-163906.5563546921
105.0|1.0|0.76|0.0|-163729.03607394267|-163727.71176634205|-163726.40007119477|-163725.12621340752|-163723.77668090022
105.2|1.0|0.76|0.0|-164121.4832280407|-164120.4237819602|-164119.37694833308|-164118.3553396126|-164117.28328107877
105.4|1.0|0.76|0.0|-163883.03092958633|-163882.4381442794|-163881.87058387912|-163881.32824838554|-163880.71023817192
105.6|1.0|0.76|0.0|-163860.13667782315|-163858.91326984923|-163857.72769923534|-163856.54212862148|-163855.31872064754
105.8|1.0|0.76|0.0|-163781.4780556631|-163780.582571476|-163779.72492464894|-163778.86727782185|-163777.9465687281
106.0|1.0|0.76|0.0|-163813.7103568632|-163812.66352323603|-163811.60407715556|-163810.58246843508|-163809.51040990124
106.2|1.0|0.76|0.0|-163956.97126196485|-163955.81091625764|-163954.65057055044|-163953.51544974992|-163952.32987913603
106.4|1.0|0.76|0.0|-164225.10205578976|-164223.7020734691|-164222.32731605513|-164220.9651710945|-164219.5525763205
106.6|1.0|0.76|0.0|-164428.99328551622|-164427.93383943572|-164426.87439335522|-164425.8401721814|-164424.75550119422
106.8|1.0|0.76|0.0|-164361.4409854314|-164359.6121796972|-164357.80859886968|-164356.01763049554|-164354.176212308
107.0|1.0|0.76|0.0|-164334.90970525803|-164334.12773315102|-164333.34576104398|-164332.60162629696|-164331.78181682993
107.2|1.0|0.76|0.0|-164291.8101501426|-164290.85160368885|-164289.88044478174|-164288.9345107813|-164287.95073942083
107.4|1.0|0.76|0.0|-164363.2975356693|-164362.2380895888|-164361.20386841497|-164360.19487214784|-164359.11020116066
107.6|1.0|0.76|0.0|-164397.83043291207|-164396.934948725|-164396.0394645379|-164395.1818177108|-164394.24849616372
107.8|1.0|0.76|0.0|-164439.4723112755|-164438.5768270884|-164437.706567808|-164436.84892098093|-164435.92821188716
108.0|1.0|0.76|0.0|-164513.03820235754|-164511.5751577702|-164510.1373380895|-164508.71213086217|-164507.23647382148
108.2|1.0|0.76|0.0|-164212.17884900575|-164211.09417801857|-164210.02211948473|-164208.97528585757|-164207.86538996373
108.4|1.0|0.76|0.0|-164245.52617563462|-164244.3658299274|-164243.2054842202|-164242.07036341965|-164240.8847928058
108.6|1.0|0.76|0.0|-164608.6188980799|-164608.07656258633|-164607.52161463938|-164606.99189159914|-164606.42433119885
108.8|1.0|0.76|0.0|-164556.47848232408|-164555.36858643024|-164554.30914034974|-164553.24969426924|-164552.12718592206
109.0|1.0|0.76|0.0|-164426.65136791725|-164425.89462071692|-164425.13787351653|-164424.4189636762|-164423.62437911585
109.2|1.0|0.76|0.0|-164381.019511736|-164379.90961584213|-164378.81233240163|-164377.72766141445|-164376.59254061393
109.4|1.0|0.76|0.0|-164945.94879672004|-164944.73800119947|-164943.57765549226|-164942.41730978506|-164941.20651426452
109.6|1.0|0.76|0.0|-164754.00808246923|-164752.94863638873|-164751.90180276157|-164750.8801940411|-164749.80813550728
109.8|1.0|0.76|0.0|-164718.4437926763|-164716.9050733689|-164715.36635406152|-164713.8528596608|-164712.28891544676
110.0|1.0|0.76|0.0|-164372.3103393466|-164371.13738118607|-164369.98964793218|-164368.8419146783|-164367.64373161108
110.2|1.0|0.76|0.0|-164494.48717484353|-164493.40250385637|-164492.33044532253|-164491.27099924203|-164490.17371580153
110.4|1.0|0.76|0.0|-164707.47020693545|-164706.48643557497|-164705.55311402792|-164704.63240493412|-164703.63602112033
110.6|1.0|0.76|0.0|-164470.3426915249|-164469.08144619095|-164467.84542576372|-164466.63463024318|-164465.37338490924
110.8|1.0|0.76|0.0|-164258.2484177824|-164256.69708602165|-164255.18359162094|-164253.67009722022|-164252.13137791285
111.0|1.0|0.76|0.0|-164491.669403689|-164490.925268942|-164490.20635910163|-164489.512674168|-164488.7433145143
111.2|1.0|0.76|0.0|-164221.90921037784|-164220.84976429737|-164219.81554312352|-164218.79393440307|-164217.72187586923
111.4|1.0|0.76|0.0|-164363.0479071343|-164361.69837462698|-164360.3740670264|-164359.03714697243|-164357.6750020118
111.6|1.0|0.76|0.0|-164466.84630687255|-164465.54722417862|-164464.260753938|-164462.9995086041|-164461.66258855013
111.8|1.0|0.76|0.0|-164344.49289702886|-164343.10552716153|-164341.71815729424|-164340.3560123336|-164338.94341755958
112.0|1.0|0.76|0.0|-164804.662364856|-164803.69120594885|-164802.74527194843|-164801.81195040134|-164800.82817904087
112.2|1.0|0.76|0.0|-164547.43541738333|-164546.716507543|-164546.010210156|-164545.32913767567|-164544.597615382
112.4|1.0|0.76|0.0|-164768.77469813311|-164767.79092677264|-164766.83238031887|-164765.88644631844|-164764.89006250462
112.6|1.0|0.76|0.0|-164550.402681018|-164549.1792730441|-164547.98108997688|-164546.82074426967|-164545.58472384242
112.8|1.0|0.76|0.0|-164495.1430395478|-164493.94485648058|-164492.75928586666|-164491.6115526128|-164490.37553218557
113.0|1.0|0.76|0.0|-164359.4023347848|-164358.22937662425|-164357.0816433704|-164355.94652256984|-164354.7735644093
113.2|1.0|0.76|0.0|-164302.54323519507|-164301.23154004777|-164299.97029471386|-164298.6964369266|-164297.372129326
113.4|1.0|0.76|0.0|-164600.71730053078|-164599.720916717|-164598.7371453565|-164597.7659864494|-164596.75699018227
113.6|1.0|0.76|0.0|-164238.9633285321|-164237.7399205582|-164236.54173749097|-164235.3309419704|-164234.09492154318
113.8|1.0|0.76|0.0|-164201.3794386078|-164200.11819327387|-164198.8821728466|-164197.67137732607|-164196.38490708548
114.0|1.0|0.76|0.0|-164576.74789442547|-164575.99114722508|-164575.23440002475|-164574.50287773108|-164573.72090562404
114.2|1.0|0.76|0.0|-164206.03274576645|-164204.73366307252|-164203.45980528527|-164202.21117240467|-164200.91208971076
114.4|1.0|0.76|0.0|-164252.32295538866|-164251.16260968146|-164250.04010133428|-164248.91759298707|-164247.75724727986
114.6|1.0|0.76|0.0|-164421.2037056007|-164420.51002066705|-164419.84156064005|-164419.19832551977|-164418.47941567944
114.8|1.0|0.76|0.0|-164104.4797773464|-164103.34465654587|-164102.20953574535|-164101.11225230485|-164099.93929414428
115.0|1.0|0.76|0.0|-164291.93322708932|-164290.68459420875|-164289.43596132816|-164288.2251658076|-164286.938695567
115.2|1.0|0.76|0.0|-164254.96481265943|-164253.7287922322|-164252.53060916497|-164251.33242609774|-164250.0964056705
115.4|1.0|0.76|0.0|-164280.0135488373|-164279.1432895569|-164278.28564272984|-164277.4658332628|-164276.57034907572
115.6|1.0|0.76|0.0|-164252.49813225184|-164251.35039899798|-164250.21527819746|-164249.1053823036|-164247.93242414304
115.8|1.0|0.76|0.0|-164081.9020883857|-164080.96876683857|-164080.06067019817|-164079.16518601106|-164078.21925201063
116.0|1.0|0.76|0.0|-164314.55140268075|-164313.00007092007|-164311.473964066|-164309.9604696653|-164308.3965254512
116.2|1.0|0.76|0.0|-163961.27163742512|-163960.300478518|-163959.34193206424|-163958.3959980638|-163957.41222670334
116.4|1.0|0.76|0.0|-164315.3032026568|-164313.8906078828|-164312.5284629222|-164311.14109305484|-164309.74111073423
116.6|1.0|0.76|0.0|-164288.19904043083|-164287.089144537|-164285.99186109647|-164284.932415016|-164283.79729421544
116.8|1.0|0.76|0.0|-164346.78423523554|-164344.7788551546|-164342.786087527|-164340.80593235276|-164338.7627149118
117.0|1.0|0.76|0.0|-164281.2048970826|-164279.55266569517|-164277.93827166775|-164276.33649009367|-164274.64642134623
117.2|1.0|0.76|0.0|-164237.6809425382|-164236.3440224842|-164235.03232733693|-164233.73324464302|-164232.38371213572
117.4|1.0|0.76|0.0|-164130.62643859495|-164129.31474344767|-164128.02827320708|-164126.76702787314|-164125.4301078192
117.6|1.0|0.76|0.0|-164196.551732199|-164195.73192273197|-164194.92472571824|-164194.14275361123|-164193.28510678414
117.8|1.0|0.76|0.0|-164286.67884879906|-164285.59417781187|-164284.52211927806|-164283.46267319753|-164282.3527773037
118.0|1.0|0.76|0.0|-164116.1472359464|-164114.83554079913|-164113.52384565186|-164112.23737541123|-164110.91306781062
118.2|1.0|0.76|0.0|-163946.0153692206|-163945.04421031347|-163944.11088876642|-163943.1775672193|-163942.2064083122
118.4|1.0|0.76|0.0|-163958.55214783977|-163957.8458504528|-163957.15216551916|-163956.49631794548|-163955.7647956518
118.6|1.0|0.76|0.0|-164015.1694508795|-164014.28657914576|-164013.44154477204|-164012.59651039832|-164011.71363866457
118.8|1.0|0.76|0.0|-164426.13641439157|-164424.45895809747|-164422.80672671003|-164421.16710777595|-164419.46442657514
119.0|1.0|0.76|0.0|-164233.8545189801|-164232.8202978063|-164231.79868908582|-164230.81491772537|-164229.74285919152
119.2|1.0|0.76|0.0|-164197.12705485633|-164195.48743592223|-164193.8730418948|-164192.27126032073|-164190.6190289333
119.4|1.0|0.76|0.0|-164429.80673533384|-164428.52026509325|-164427.25901975934|-164426.02299933208|-164424.71130418484
119.6|1.0|0.76|0.0|-164432.34612820792|-164430.9965957006|-164429.63445074|-164428.31014313936|-164426.92277327206
119.8|1.0|0.76|0.0|-164113.91660161075|-164112.6175189168|-164111.33104867622|-164110.05719088894|-164108.74549574166
120.0|1.0|0.76|0.0|-164236.30784881444|-164235.00876612053|-164233.7222958799|-164232.44843809266|-164231.13674294538
120.2|1.0|0.76|0.0|-164471.94631455097|-164470.4202076969|-164468.9319382029|-164467.44366870885|-164465.90494940148
120.4|1.0|0.76|0.0|-164052.46456486726|-164050.92584555983|-164049.41235115915|-164047.91146921177|-164046.36013745103
120.6|1.0|0.76|0.0|-164449.91025324972|-164448.40937130235|-164446.93371426166|-164445.4706696743|-164443.95717527362
120.8|1.0|0.76|0.0|-164273.5817112856|-164272.24479123167|-164270.93309608437|-164269.6466258438|-164268.3097057898
121.0|1.0|0.76|0.0|-164254.04478075483|-164253.0357844877|-164252.05201312725|-164251.08085422014|-164250.04663304632
121.2|1.0|0.76|0.0|-164351.7786816804|-164350.4922114398|-164349.21835365254|-164347.96972077194|-164346.6580256247
121.4|1.0|0.76|0.0|-164301.76055574685|-164301.05425835983|-164300.34796097287|-164299.66688849253|-164298.93536619886
121.6|1.0|0.76|0.0|-164184.5656393189|-164183.80889211854|-164183.06475737153|-164182.33323507785|-164181.55126297084
121.8|1.0|0.76|0.0|-164337.38693343956|-164336.6932485059|-164335.9869511189|-164335.31849109192|-164334.57435634488
122.0|1.0|0.76|0.0|-163930.6086434131|-163929.52397242593|-163928.4771387988|-163927.43030517164|-163926.3204092778
122.2|1.0|0.76|0.0|-163978.7163257485|-163977.51814268128|-163976.35779697407|-163975.19745126687|-163974.01188065298
122.4|1.0|0.76|0.0|-164093.88063718885|-164092.85902846837|-164091.86264465455|-164090.89148574744|-164089.86987702697
122.6|1.0|0.76|0.0|-164088.4581590423|-164087.5878997619|-164086.7554778415|-164085.93566837444|-164085.06540909404
122.8|1.0|0.76|0.0|-164021.2637994154|-164020.2674156016|-164019.30886914785|-164018.3629351474|-164017.35393888023
123.0|1.0|0.76|0.0|-164092.50077548315|-164091.80709054944|-164091.12601806913|-164090.44494558885|-164089.73864820183
123.2|1.0|0.76|0.0|-163880.00616162407|-163879.148514797|-163878.31609287663|-163877.48367095622|-163876.61341167585
123.4|1.0|0.76|0.0|-163998.47493583927|-163997.68035127892|-163996.89837917188|-163996.11640706487|-163995.2839851445
123.6|1.0|0.76|0.0|-164212.59166636138|-164211.73401953428|-164210.88898516056|-164210.08178814684|-164209.21152886644
123.8|1.0|0.76|0.0|-164144.5629738713|-164143.47830288415|-164142.41885680365|-164141.35941072318|-164140.26212728265
124.0|1.0|0.76|0.0|-164015.48724485716|-164014.6043731234|-164013.734113843|-164012.90169192263|-164011.9935952822
124.2|1.0|0.76|0.0|-163823.6023315476|-163822.8960341606|-163822.20234922695|-163821.52127674664|-163820.78975445297
124.4|1.0|0.76|0.0|-163604.00151865356|-163602.72766086628|-163601.45380307903|-163600.21778265177|-163598.89347505118
124.6|1.0|0.76|0.0|-163878.8394893683|-163877.3133825143|-163875.8377254736|-163874.3620684329|-163872.83596157885
124.8|1.0|0.76|0.0|-163870.46197417742|-163869.5664899903|-163868.67100580328|-163867.7881340695|-163866.86742497576
125.0|1.0|0.76|0.0|-163863.1264365234|-163861.7769040161|-163860.45259641547|-163859.1409012682|-163857.77875630755
125.2|1.0|0.76|0.0|-163942.8373166186|-163941.51300901797|-163940.22653877738|-163938.94006853676|-163937.5905360295
125.4|1.0|0.76|0.0|-164226.68727737034|-164225.24945768967|-164223.83686291566|-164222.42426814168|-164220.98644846102
125.6|1.0|0.76|0.0|-164205.39904126394|-164204.3774325435|-164203.36843627636|-164202.37205246254|-164201.33783128872
125.8|1.0|0.76|0.0|-163961.52464349693|-163960.40213514975|-163959.2922392559|-163958.22018072207|-163957.0724474682
126.0|1.0|0.76|0.0|-164083.07085632693|-164081.98618533977|-164080.91412680593|-164079.85468072543|-164078.74478483156
126.2|1.0|0.76|0.0|-164404.67959186828|-164403.40573408105|-164402.13187629377|-164400.90846831986|-164399.60938562592
126.4|1.0|0.76|0.0|-164351.11455106034|-164350.05510497984|-164349.00827135268|-164347.99927508557|-164346.92721655173
126.6|1.0|0.76|0.0|-164135.59454436175|-164133.9927627877|-164132.4162061203|-164130.8648743596|-164129.25048033215
126.8|1.0|0.76|0.0|-164032.33257862803|-164031.37403217424|-164030.41548572044|-164029.50738908004|-164028.52361771956
127.0|1.0|0.76|0.0|-164373.0347140172|-164371.58428188323|-164370.17168710922|-164368.77170478858|-164367.2960477479
127.2|1.0|0.76|0.0|-164148.89878114645|-164147.83933506592|-164146.77988898545|-164145.74566781163|-164144.66099682444
127.4|1.0|0.76|0.0|-164115.90878020498|-164114.86194657785|-164113.85295031068|-164112.84395404355|-164111.78450796305
127.6|1.0|0.76|0.0|-164365.59751896135|-164364.62636005424|-164363.6804260538|-164362.75971696002|-164361.76333314623
127.8|1.0|0.76|0.0|-164029.1915331948|-164028.195149381|-164027.23660292718|-164026.2780564734|-164025.26906020628
128.0|1.0|0.76|0.0|-164039.41510575713|-164038.27998495664|-164037.15747660943|-164036.0475807156|-164034.91245991507
128.2|1.0|0.76|0.0|-164011.0891753019|-164010.47116508827|-164009.86576732798|-164009.28559447438|-164008.62974690073
128.4|1.0|0.76|0.0|-163976.17790445895|-163975.55989424532|-163974.92927157835|-163974.3238738181|-163973.69325115113
128.6|1.0|0.76|0.0|-164321.0971435999|-164320.1638220528|-164319.25572541237|-164318.34762877197|-164317.38908231817
128.8|1.0|0.76|0.0|-164288.0065061823|-164286.88399783513|-164285.8119393013|-164284.7272683141|-164283.59214751358
129.0|1.0|0.76|0.0|-164569.54527286984|-164568.91465020287|-164568.30925244262|-164567.70385468233|-164567.06061956202
129.2|1.0|0.76|0.0|-164626.55682048132|-164625.49737440082|-164624.48837813365|-164623.4667694132|-164622.39471087937
129.4|1.0|0.76|0.0|-164148.6310248468|-164147.9247274598|-164147.24365497945|-164146.58780740583|-164145.88151001884
129.6|1.0|0.76|0.0|-164220.41661957218|-164219.1932115983|-164217.96980362435|-164216.7590081038|-164215.5103752232
129.8|1.0|0.76|0.0|-164013.17264744782|-164012.20148854068|-164011.25555454023|-164010.3348454465|-164009.35107408604
130.0|1.0|0.76|0.0|-164225.51305823764|-164224.79414839734|-164224.07523855698|-164223.38155362333|-164222.62480642297
130.2|1.0|0.76|0.0|-164272.92327033976|-164271.76292463255|-164270.627803832|-164269.4926830315|-164268.3071124176
130.4|1.0|0.76|0.0|-164119.62675805236|-164118.794336132|-164117.98713911828|-164117.17994210456|-164116.34752018418
130.6|1.0|0.76|0.0|-164112.63945890247|-164111.49172564858|-164110.36921730137|-164109.25932140753|-164108.08636324698
130.8|1.0|0.76|0.0|-163917.34527539546|-163916.18492968826|-163915.03719643442|-163913.90207563387|-163912.71650501998
131.0|1.0|0.76|0.0|-164164.66551180245|-164163.4042664685|-164162.1430211346|-164160.9196131607|-164159.62053046675
131.2|1.0|0.76|0.0|-163614.91053639757|-163613.48532917025|-163612.04750948958|-163610.6475271689|-163609.19709503488
131.4|1.0|0.76|0.0|-163807.8942608418|-163807.01138910803|-163806.1285173743|-163805.2834830006|-163804.3879988135
131.6|1.0|0.76|0.0|-164150.89690146054|-164150.00141727345|-164149.1185455397|-164148.26089871264|-164147.32757716553
131.8|1.0|0.76|0.0|-163845.93464868193|-163845.05177694818|-163844.1562927611|-163843.2860334807|-163842.37793684026
132.0|1.0|0.76|0.0|-163949.18019171673|-163947.96939619616|-163946.78382558227|-163945.59825496835|-163944.36223454113
132.2|1.0|0.76|0.0|-163730.4192009374|-163729.22101787018|-163728.02283480298|-163726.86248909574|-163725.62646866852
132.4|1.0|0.76|0.0|-163976.04159656682|-163974.75512632626|-163973.49388099232|-163972.24524811172|-163970.93355296444
132.6|1.0|0.76|0.0|-163716.02920434673|-163715.04543298628|-163714.0868865325|-163713.12834007872|-163712.1193438116
132.8|1.0|0.76|0.0|-163622.11687678297|-163620.75473182232|-163619.39258686168|-163618.05566680775|-163616.6935218471
133.0|1.0|0.76|0.0|-163860.0508090272|-163859.2183871068|-163858.3733527331|-163857.5787681727|-163856.70850889233
133.2|1.0|0.76|0.0|-163884.85950474543|-163884.02708282505|-163883.19466090464|-163882.38746389095|-163881.52981706389
133.4|1.0|0.76|0.0|-163578.8788211294|-163577.69325051553|-163576.53290480832|-163575.38517155446|-163574.1869884872
133.6|1.0|0.76|0.0|-164085.76330653206|-164084.7543102649|-164083.78315135778|-164082.81199245065|-164081.77777127686
133.8|1.0|0.76|0.0|-163882.1102058195|-163881.23994653914|-163880.3696872587|-163879.52465288498|-163878.60394379124
134.0|1.0|0.76|0.0|-164143.8150629277|-164142.86912892727|-164141.94841983347|-164141.04032319307|-164140.0817767393
134.2|1.0|0.76|0.0|-164065.41757736524|-164064.33290637808|-164063.26084784424|-164062.21401421708|-164061.1167307766
134.4|1.0|0.76|0.0|-164208.15615352977|-164206.61743422237|-164205.078714915|-164203.56522051428|-164202.00127630023
134.6|1.0|0.76|0.0|-164451.4251535365|-164450.1765206559|-164448.94050022867|-164447.7297047081|-164446.4558469208
134.8|1.0|0.76|0.0|-164227.80777201566|-164226.49607686838|-164225.2096066278|-164223.93574884054|-164222.59882878658
135.0|1.0|0.76|0.0|-164141.50075381546|-164140.01248432143|-164138.54943973408|-164137.08639514673|-164135.5981256527
135.2|1.0|0.76|0.0|-164775.64229525768|-164774.19186312368|-164772.754043443|-164771.32883621566|-164769.853179175
135.4|1.0|0.76|0.0|-164386.3568082697|-164384.83070141563|-164383.26675720158|-164381.75326280086|-164380.17670613347
135.6|1.0|0.76|0.0|-164638.9432327021|-164637.66937491484|-164636.40812958093|-164635.15949670033|-164633.87302645974
135.8|1.0|0.76|0.0|-164625.49835744253|-164624.2118872019|-164622.950641868|-164621.71462144077|-164620.42815120015
136.0|1.0|0.76|0.0|-164286.10985053764|-164285.07562936383|-164284.05402064338|-164283.04502437625|-164282.0108032024
136.2|1.0|0.76|0.0|-164626.10839476096|-164624.9354366004|-164623.7750908932|-164622.63997009268|-164621.4543994788
136.4|1.0|0.76|0.0|-164150.8651495521|-164150.12101480507|-164149.40210496474|-164148.69580757775|-164147.95167283074
136.6|1.0|0.76|0.0|-164368.02923056646|-164367.18419619274|-164366.37699917902|-164365.58241461864|-164364.73738024491
136.8|1.0|0.76|0.0|-164591.96613113093|-164591.2598337439|-164590.59137371695|-164589.92291368998|-164589.20400384962
137.0|1.0|0.76|0.0|-164444.09866291613|-164443.07705419566|-164442.06805792853|-164441.08428656808|-164440.03745294092
137.2|1.0|0.76|0.0|-164424.68287127608|-164423.79999954233|-164422.9171278086|-164422.07209343484|-164421.17660924778
137.4|1.0|0.76|0.0|-164288.41234039524|-164287.64298074157|-164286.89884599455|-164286.1547112475|-164285.38535159384
137.6|1.0|0.76|0.0|-164438.71782160815|-164437.70882534102|-164436.73766643388|-164435.76650752677|-164434.7448988063
137.8|1.0|0.76|0.0|-164332.53492004206|-164331.5763735883|-164330.6178271345|-164329.69711804073|-164328.70073422694
138.0|1.0|0.76|0.0|-164423.71034523123|-164422.39865008395|-164421.09956739|-164419.82570960274|-164418.4887895488
138.2|1.0|0.76|0.0|-164451.36794628293|-164450.52291190918|-164449.69048998883|-164448.87068052177|-164448.00042124133
138.4|1.0|0.76|0.0|-164734.8817528028|-164733.46915802878|-164732.06917570814|-164730.6691933875|-164729.2565986135
138.6|1.0|0.76|0.0|-164418.02388884942|-164417.077954849|-164416.15724575522|-164415.23653666145|-164414.2779902077
138.8|1.0|0.76|0.0|-164353.59653029844|-164352.63798384464|-164351.67943739085|-164350.74611584377|-164349.76234448332
139.0|1.0|0.76|0.0|-164340.8500774596|-164340.1816174326|-164339.5005449523|-164338.86992228532|-164338.16362489833
139.2|1.0|0.76|0.0|-164303.67905010475|-164303.09887725115|-164302.5313168509|-164301.9889813573|-164301.38358359705
139.4|1.0|0.76|0.0|-164259.67991636615|-164259.09974351255|-164258.55740801894|-164258.01507252536|-164257.43489967176
139.6|1.0|0.76|0.0|-164346.0626092864|-164344.4229903523|-164342.82120877822|-164341.24465211082|-164339.5924207234
139.8|1.0|0.76|0.0|-164377.6708966741|-164376.8636996604|-164376.05650264665|-164375.28714299298|-164374.44210861926
140.0|1.0|0.76|0.0|-164618.1303503332|-164617.5627899329|-164616.99522953265|-164616.44028158573|-164615.8474962788
140.2|1.0|0.76|0.0|-164749.75410305645|-164748.54330753587|-164747.31989956196|-164746.1343289481|-164744.8856960675
140.4|1.0|0.76|0.0|-164398.9321948887|-164397.7970740882|-164396.68717819432|-164395.60250720716|-164394.4547739533
140.6|1.0|0.76|0.0|-164594.58780288705|-164593.49051944652|-164592.41846091268|-164591.35901483218|-164590.24911893834
140.8|1.0|0.76|0.0|-164179.78943746703|-164178.96962799996|-164178.1750434396|-164177.38045887926|-164176.5354245055
141.0|1.0|0.76|0.0|-164521.40368280667|-164519.85235104593|-164518.32624419188|-164516.8127497912|-164515.24880557714
141.2|1.0|0.76|0.0|-164314.8243095637|-164313.67657630984|-164312.54145550932|-164311.43155961548|-164310.27121390827
141.4|1.0|0.76|0.0|-164495.74512357585|-164494.4082035219|-164493.08389592127|-164491.772200774|-164490.41005581335
141.6|1.0|0.76|0.0|-164265.83324271356|-164264.97559588647|-164264.11794905944|-164263.28552713903|-164262.40265540528
141.8|1.0|0.76|0.0|-164129.8901880657|-164128.65416763848|-164127.43075966454|-164126.24518905068|-164124.98394371677
142.0|1.0|0.76|0.0|-164038.43728890308|-164036.7724450623|-164035.15805103487|-164033.5310445541|-164031.85358826
142.2|1.0|0.76|0.0|-164178.58807825667|-164177.13764612266|-164175.68721398865|-164174.26200676133|-164172.7737372673
142.4|1.0|0.76|0.0|-164571.52787885332|-164570.1909587994|-164568.87926365208|-164567.5927934115|-164566.2180359975
142.6|1.0|0.76|0.0|-164315.30819545634|-164314.16046220248|-164313.02534140195|-164311.90283305474|-164310.71726244088
142.8|1.0|0.76|0.0|-164078.09317989423|-164076.5670730402|-164075.0535786395|-164073.56530914546|-164072.0265898381
143.0|1.0|0.76|0.0|-164369.02464106985|-164367.82645800262|-164366.64088738873|-164365.48054168152|-164364.26974616095
143.2|1.0|0.76|0.0|-164253.26190461713|-164251.78624757644|-164250.34842789575|-164248.91060821508|-164247.4475636277
143.4|1.0|0.76|0.0|-164429.67835563264|-164428.58107219212|-164427.5090136583|-164426.46218003114|-164425.35228413728
143.6|1.0|0.76|0.0|-164289.14059064034|-164287.75322077304|-164286.36585090568|-164285.0037059451|-164283.5911111711
143.8|1.0|0.76|0.0|-164782.52025788926|-164781.27162500873|-164780.03560458147|-164778.81219660756|-164777.5383388203
144.0|1.0|0.76|0.0|-164438.34218697727|-164436.7151804965|-164435.11339892243|-164433.536842255|-164431.89722332094
144.2|1.0|0.76|0.0|-164255.759520176|-164254.46043748208|-164253.17396724148|-164251.91272190757|-164250.58841430693
144.4|1.0|0.76|0.0|-164502.16902106418|-164500.39066514335|-164498.63753412923|-164496.88440311505|-164495.06820983422
144.6|1.0|0.76|0.0|-164233.9877963657|-164232.37340233827|-164230.7716207642|-164229.1950640968|-164227.5554451627
144.8|1.0|0.76|0.0|-164587.15788160637|-164585.85879891244|-164584.58494112518|-164583.34892069796|-164582.03722555065
145.0|1.0|0.76|0.0|-164691.422828655|-164690.23725804113|-164689.0642998806|-164687.92917908003|-164686.7309960128
145.2|1.0|0.76|0.0|-164627.59637545442|-164626.95314033414|-164626.32251766717|-164625.70450745354|-164625.04865987992
145.4|1.0|0.76|0.0|-164826.60963309716|-164825.37361266988|-164824.150204696|-164822.93940917542|-164821.69077629485
145.6|1.0|0.76|0.0|-164980.7085879956|-164979.19509359493|-164977.69421164755|-164976.21855460686|-164974.6798352995
145.8|1.0|0.76|0.0|-164449.13086619688|-164447.59214688948|-164446.07865248877|-164444.59038299476|-164443.02643878068
146.0|1.0|0.76|0.0|-164460.77383576342|-164458.95764248256|-164457.1918990151|-164455.4261555476|-164453.60996226675
146.2|1.0|0.76|0.0|-164344.36859681632|-164342.5019537221|-164340.6353106279|-164338.8065048937|-164336.9020244395
146.4|1.0|0.76|0.0|-164330.49367183592|-164329.0558521553|-164327.66848228796|-164326.26849996732|-164324.83068028663
146.6|1.0|0.76|0.0|-164247.74788929042|-164246.27223224973|-164244.796575209|-164243.35875552837|-164241.83264867432
146.8|1.0|0.76|0.0|-164523.19582997623|-164521.7453978422|-164520.33280306822|-164518.93282074758|-164517.46977616023
147.0|1.0|0.76|0.0|-164534.4461383548|-164533.38669227433|-164532.3524711005|-164531.31824992667|-164530.23357893951
147.2|1.0|0.76|0.0|-164103.11232132363|-164101.63666428294|-164100.16100724228|-164098.71057510824|-164097.2096931609
147.4|1.0|0.76|0.0|-164280.72321685374|-164279.1592726397|-164277.60794087895|-164276.09444647827|-164274.51788981084
147.6|1.0|0.76|0.0|-164197.88462332182|-164196.44680364113|-164195.0215964138|-164193.62161409316|-164192.15856950582
147.8|1.0|0.76|0.0|-164271.52994467242|-164270.4200487786|-164269.33537779143|-164268.2633192576|-164267.1408109104
148.0|1.0|0.76|0.0|-163950.71258064598|-163949.95583344562|-163949.2116986986|-163948.49278885828|-163947.71081675126
148.2|1.0|0.76|0.0|-163960.789930864|-163959.78093459687|-163958.7593258764|-163957.77555451597|-163956.7413333421
148.4|1.0|0.76|0.0|-164048.8879174384|-164047.77802154457|-164046.7059630107|-164045.6717418369|-164044.5492334897
148.6|1.0|0.76|0.0|-164198.39042022303|-164197.26791187585|-164196.18324088867|-164195.0985699015|-164193.9760615543
148.8|1.0|0.76|0.0|-163772.3899589865|-163771.406187626|-163770.4224162656|-163769.46386981176|-163768.44226109132
149.0|1.0|0.76|0.0|-164006.64246670628|-164005.6208579858|-164004.61186171867|-164003.64070281156|-164002.61909409106
149.2|1.0|0.76|0.0|-163939.80772362795|-163939.214938321|-163938.64737792074|-163938.09242997385|-163937.48703221354
149.4|1.0|0.76|0.0|-163997.06656909222|-163995.88099847836|-163994.72065277115|-163993.56030706392|-163992.33689909003
149.6|1.0|0.76|0.0|-164116.97172332293|-164115.59696590898|-164114.24743340164|-164112.9105133477|-164111.5231434804
149.8|1.0|0.76|0.0|-164011.9982741807|-164010.4343299666|-164008.90822311258|-164007.36950380518|-164005.80555959113
150.0|1.0|0.76|0.0|-163797.36387570208|-163795.9891182881|-163794.63958578082|-163793.30266572686|-163791.91529585957
150.2|1.0|0.76|0.0|-164328.49491022623|-164327.3597894257|-164326.27511843853|-164325.19044745134|-164324.05532665082
150.4|1.0|0.76|0.0|-164387.79317134753|-164386.72111281368|-164385.68689163987|-164384.67789537273|-164383.59322438558
150.6|1.0|0.76|0.0|-164249.35888349634|-164248.46339930926|-164247.56791512217|-164246.69765584177|-164245.776946748
150.8|1.0|0.76|0.0|-164165.27562095204|-164164.10266279153|-164162.92970463098|-164161.78197137712|-164160.57117585654
151.0|1.0|0.76|0.0|-164232.40249422262|-164231.36827304878|-164230.38450168836|-164229.40073032788|-164228.3412842474
151.2|1.0|0.76|0.0|-164206.81048356916|-164206.0158990088|-164205.23392690177|-164204.4645672481|-164203.64475778103
151.4|1.0|0.76|0.0|-164144.9591795257|-164143.64748437842|-164142.37362659114|-164141.0997688039|-164139.76284874993
151.6|1.0|0.76|0.0|-164271.07545619766|-164269.71331123702|-164268.35116627638|-164267.05208358244|-164265.67732616846
151.8|1.0|0.76|0.0|-164243.67055187366|-164243.2291160068|-164242.8381299533|-164242.44714389977|-164242.0057080329
152.0|1.0|0.76|0.0|-164182.21892412152|-164181.2099278544|-164180.20093158726|-164179.21716022678|-164178.17032659962
152.2|1.0|0.76|0.0|-164441.92594768564|-164440.8538891518|-164439.80705552464|-164438.77283435082|-164437.68816336364
152.4|1.0|0.76|0.0|-164163.4064595487|-164162.7632244284|-164162.13260176143|-164161.52720400118|-164160.84613152087
152.6|1.0|0.76|0.0|-164399.32629924122|-164398.69567657425|-164398.090278814|-164397.5101059604|-164396.85425838674
152.8|1.0|0.76|0.0|-164569.84666838736|-164569.2412706271|-164568.6737102268|-164568.13137473323|-164567.5133645196
153.0|1.0|0.76|0.0|-164099.549263456|-164098.66639172225|-164097.78351998853|-164096.92587316144|-164096.017776521
153.2|1.0|0.76|0.0|-164338.2937536445|-164337.28475737738|-164336.28837356358|-164335.31721465648|-164334.28299348266
153.4|1.0|0.76|0.0|-164370.54059883318|-164369.5568274727|-164368.5604436589|-164367.60189720514|-164366.58028848466
153.6|1.0|0.76|0.0|-163979.58992131942|-163978.83317411906|-163978.11426427873|-163977.3953544384|-163976.63860723804
153.8|1.0|0.76|0.0|-164272.27451350915|-164271.4420915888|-164270.6096696684|-164269.80247265467|-164268.9448258276
154.0|1.0|0.76|0.0|-164414.41427159097|-164413.27915079042|-164412.16925489658|-164411.08458390945|-164409.9242382022
154.2|1.0|0.76|0.0|-164063.56104460076|-164062.09800001342|-164060.6475678794|-164059.20974819871|-164057.7214787047
154.4|1.0|0.76|0.0|-164081.47072834245|-164080.65091887538|-164079.85633431503|-164079.074362208|-164078.22932783427
154.6|1.0|0.76|0.0|-164376.598993779|-164375.6530597786|-164374.73235068485|-164373.84947895107|-164372.8909324973
154.8|1.0|0.76|0.0|-164365.19593327804|-164363.93468794413|-164362.72389242356|-164361.48787199633|-164360.22662666242
155.0|1.0|0.76|0.0|-163965.40638733172|-163964.0190174644|-163962.61903514375|-163961.24427772977|-163959.80645804908
155.2|1.0|0.76|0.0|-164023.01659311808|-164021.62922325075|-164020.27969074348|-164018.91754578284|-164017.51756346217
155.4|1.0|0.76|0.0|-164025.54283213775|-164024.1050124571|-164022.7302550431|-164021.35549762912|-164019.9302904018
155.6|1.0|0.76|0.0|-164199.71549718824|-164198.56776393438|-164197.43264313383|-164196.32274724|-164195.14978907944
155.8|1.0|0.76|0.0|-163993.82254186738|-163992.58652144016|-163991.37572591958|-163990.16493039904|-163988.9036850651
156.0|1.0|0.76|0.0|-164409.07595552775|-164407.78948528715|-164406.5408524066|-164405.27960707265|-164403.9805243787
156.2|1.0|0.76|0.0|-164261.83005470163|-164260.53097200766|-164259.2571142204|-164257.97064397982|-164256.6589488325
156.4|1.0|0.76|0.0|-164016.40210624726|-164014.9138367532|-164013.45079216588|-164011.98774757853|-164010.47425317782
156.6|1.0|0.76|0.0|-164132.6169080148|-164131.53223702763|-164130.46017849378|-164129.41334486665|-164128.3034489728
156.8|1.0|0.76|0.0|-164048.3783321622|-164046.95312493484|-164045.56575506754|-164044.19099765358|-164042.75317797292
157.0|1.0|0.76|0.0|-163830.18288939382|-163829.13605576666|-163828.10183459285|-163827.08022587237|-163826.0207797919
157.2|1.0|0.76|0.0|-164078.88785678975|-164077.80318580256|-164076.74373972206|-164075.6969060949|-164074.5996226544
157.4|1.0|0.76|0.0|-164226.91778580393|-164226.41328767038|-164225.93401444348|-164225.44212876324|-164224.91240572298
157.6|1.0|0.76|0.0|-164207.0201453231|-164205.93547433594|-164204.88864070878|-164203.85441953497|-164202.74452364113
157.8|1.0|0.76|0.0|-164346.7661283216|-164345.89586904118|-164345.0382222141|-164344.21841274708|-164343.32292856
158.0|1.0|0.76|0.0|-164314.71231585255|-164313.52674523866|-164312.35378707811|-164311.20605382425|-164309.98264585034
158.2|1.0|0.76|0.0|-164333.17049544363|-164331.61916368292|-164330.09305682886|-164328.5669499748|-164327.00300576075
158.4|1.0|0.76|0.0|-164747.24026243665|-164746.33216579622|-164745.4492940625|-164744.5916472354|-164743.683550595
158.6|1.0|0.76|0.0|-164520.23188310623|-164518.89496305227|-164517.583267905|-164516.27157275772|-164514.90942779707
158.8|1.0|0.76|0.0|-164499.03287220947|-164498.22567519575|-164497.4058657287|-164496.6238936217|-164495.75363434126
159.0|1.0|0.76|0.0|-164630.78891935037|-164630.01955969664|-164629.2628124963|-164628.53129020263|-164627.7493180956
159.2|1.0|0.76|0.0|-164208.13299550003|-164206.85913771277|-164205.5852799255|-164204.32403459155|-164203.01233944428
159.4|1.0|0.76|0.0|-164409.2133390871|-164407.88903148647|-164406.5899487925|-164405.29086609857|-164403.9539460446
159.6|1.0|0.76|0.0|-164456.0181534289|-164454.5424963882|-164453.0668393475|-164451.62901966684|-164450.11552526616
159.8|1.0|0.76|0.0|-164502.06759735048|-164500.7937395632|-164499.54510668264|-164498.32169870872|-164497.03522846813
160.0|1.0|0.76|0.0|-164481.46121833328|-164479.88466166586|-164478.29549254512|-164476.75677323772|-164475.12976675696
160.2|1.0|0.76|0.0|-164463.2638838779|-164462.4692993175|-164461.68732721047|-164460.91796755677|-164460.11077054308
160.4|1.0|0.76|0.0|-164634.36442587763|-164633.60767867728|-164632.8761563836|-164632.1446340899|-164631.37527443623
160.6|1.0|0.76|0.0|-164389.5352922796|-164388.57674582582|-164387.65603673208|-164386.73532763828|-164385.75155627783
160.8|1.0|0.76|0.0|-164785.8463532547|-164785.1400558677|-164784.4337584807|-164783.77791090705|-164783.0463886134
161.0|1.0|0.76|0.0|-164620.5624627866|-164619.3768921727|-164618.1913215588|-164617.0562007583|-164615.84540523775
161.2|1.0|0.76|0.0|-164581.52691970172|-164580.5179234346|-164579.5215396208|-164578.55038071366|-164577.51615953987
161.4|1.0|0.76|0.0|-164276.1029796797|-164275.09398341255|-164274.12282450544|-164273.15166559833|-164272.1174444245
161.6|1.0|0.76|0.0|-164180.96282858693|-164180.00428213313|-164179.03312322602|-164178.07457677223|-164177.09080541178
161.8|1.0|0.76|0.0|-164155.68747209513|-164155.00639961482|-164154.33793958783|-164153.69470446755|-164152.98840708056
162.0|1.0|0.76|0.0|-164412.6337171044|-164411.39769667716|-164410.1869011566|-164409.0013305427|-164407.76531011544
162.2|1.0|0.76|0.0|-164342.58415125843|-164341.85262896476|-164341.17155648442|-164340.4904840041|-164339.7463492571
162.4|1.0|0.76|0.0|-164409.92769641816|-164409.01959977773|-164408.12411559065|-164407.25385631024|-164406.32053476316
162.6|1.0|0.76|0.0|-164240.7466947943|-164239.76292343385|-164238.82960188674|-164237.88366788632|-164236.91250897918
162.8|1.0|0.76|0.0|-164236.8219474267|-164235.15710358592|-164233.49225974517|-164231.85264081106|-164230.13734715694
163.0|1.0|0.76|0.0|-164143.54396868683|-164142.20704863287|-164140.8953534856|-164139.59627079166|-164138.23412583102
163.2|1.0|0.76|0.0|-164400.71189227336|-164399.61460883284|-164398.52993784568|-164397.45787931184|-164396.33537096466
163.4|1.0|0.76|0.0|-164443.25757242646|-164441.95848973255|-164440.69724439862|-164439.42338661134|-164438.1116914641
163.6|1.0|0.76|0.0|-164526.14333736035|-164525.14695354653|-164524.16318218608|-164523.2046357323|-164522.17041455847
163.8|1.0|0.76|0.0|-164635.14111191186|-164634.16995300472|-164633.22401900426|-164632.29069745718|-164631.31953855007
164.0|1.0|0.76|0.0|-164514.22284286618|-164513.2012341457|-164512.19223787857|-164511.18324161143|-164510.13640798428
164.2|1.0|0.76|0.0|-164594.2582081956|-164593.35011155516|-164592.4924647281|-164591.66004280772|-164590.7519461673
164.4|1.0|0.76|0.0|-164614.45074599166|-164613.55526180458|-164612.67239007086|-164611.82735569714|-164610.93187151002
164.6|1.0|0.76|0.0|-164364.9631976011|-164363.71456472052|-164362.47854429326|-164361.25513631935|-164359.96866607878
164.8|1.0|0.76|0.0|-164655.99081612204|-164655.00704476156|-164654.02327340114|-164653.07733940068|-164652.06834313355
165.0|1.0|0.76|0.0|-164666.25545939134|-164665.34736275094|-164664.4392661105|-164663.54378192345|-164662.597847923
165.2|1.0|0.76|0.0|-164658.87690626987|-164657.89313490942|-164656.94720090897|-164656.00126690854|-164655.00488309472
165.4|1.0|0.76|0.0|-164686.6112780472|-164685.47615724665|-164684.3410364461|-164683.25636545895|-164682.10863220508
165.6|1.0|0.76|0.0|-164590.94740463563|-164589.68615930172|-164588.42491396778|-164587.18889354056|-164585.92764820665
165.8|1.0|0.76|0.0|-164598.571995366|-164597.60083645885|-164596.64229000505|-164595.69635600463|-164594.69997219084
166.0|1.0|0.76|0.0|-164674.70490248283|-164673.9986050958|-164673.30492016216|-164672.62384768185|-164671.89232538818
166.2|1.0|0.76|0.0|-164826.8428543292|-164825.54377163528|-164824.26991384802|-164823.02128096743|-164821.70958582015
166.4|1.0|0.76|0.0|-164676.01524895936|-164674.9305779722|-164673.8711318917|-164672.8369107179|-164671.7522397307
166.6|1.0|0.76|0.0|-165167.90092918862|-165166.58923404134|-165165.3153762541|-165164.04151846684|-165162.72982331956
166.8|1.0|0.76|0.0|-164787.52194893133|-164786.4246654908|-164785.33999450365|-164784.28054842318|-164783.17065252928
167.0|1.0|0.76|0.0|-164735.8899168606|-164734.9313704068|-164733.97282395302|-164733.05211485928|-164732.0683434988
167.2|1.0|0.76|0.0|-164788.28978987175|-164786.9150324578|-164785.5654999505|-164784.22857989653|-164782.8412100292
167.4|1.0|0.76|0.0|-164850.14054831263|-164849.18200185886|-164848.24868031175|-164847.34058367132|-164846.38203721755
167.6|1.0|0.76|0.0|-164802.09595244078|-164801.27614297374|-164800.49417086673|-164799.7121987597|-164798.86716438597
167.8|1.0|0.76|0.0|-164730.53737725355|-164729.41486890637|-164728.31758546585|-164727.24552693203|-164726.11040613148
168.0|1.0|0.76|0.0|-164750.9084041779|-164750.0129199908|-164749.14266071038|-164748.28501388335|-164747.37691724292
168.2|1.0|0.76|0.0|-164767.36164043908|-164766.61750569206|-164765.8859833984|-164765.16707355806|-164764.385101451
168.4|1.0|0.76|0.0|-164511.83333578662|-164510.74866479947|-164509.67660626562|-164508.61716018515|-164507.51987674463
168.6|1.0|0.76|0.0|-164809.42272670427|-164808.59030478387|-164807.7578828635|-164806.9632983031|-164806.10565147607
168.8|1.0|0.76|0.0|-164669.3322022627|-164668.6763546891|-164668.04573202215|-164667.44033426183|-164666.75926178152
169.0|1.0|0.76|0.0|-164382.29798916893|-164381.27638044846|-164380.26738418132|-164379.27100036753|-164378.22416674037
169.2|1.0|0.76|0.0|-164543.20766887063|-164542.3626344969|-164541.54282502984|-164540.73562801615|-164539.85275628237
169.4|1.0|0.76|0.0|-164674.19885544042|-164672.9754474665|-164671.76465194594|-164670.57908133208|-164669.35567335816
169.6|1.0|0.76|0.0|-164522.8389024059|-164521.5145948053|-164520.202899658|-164518.91642941744|-164517.54167200343
169.8|1.0|0.76|0.0|-164459.06626380808|-164457.93114300756|-164456.80863466035|-164455.7239636732|-164454.57623041933
170.0|1.0|0.76|0.0|-164476.45910115668|-164475.70235395632|-164474.983444116|-164474.277146729|-164473.52039952864
170.2|1.0|0.76|0.0|-164159.41986156892|-164158.05771660828|-164156.69557164764|-164155.37126404705|-164153.99650663303
170.4|1.0|0.76|0.0|-164289.5053524442|-164287.89095841677|-164286.30178929603|-164284.72523262864|-164283.09822614788
170.6|1.0|0.76|0.0|-164599.99585903843|-164598.4697521844|-164596.95625778372|-164595.48060074303|-164593.94188143563
170.8|1.0|0.76|0.0|-164672.23819756176|-164671.06523940124|-164669.93011860072|-164668.8076102535|-164667.62203963965
171.0|1.0|0.76|0.0|-164654.87272061288|-164653.86372434572|-164652.8547280786|-164651.89618162482|-164650.86196045097
171.2|1.0|0.76|0.0|-164512.1481842403|-164511.3914370399|-164510.6346898396|-164509.9031675459|-164509.12119543887
171.4|1.0|0.76|0.0|-164308.2939095772|-164307.20923859|-164306.12456760282|-164305.06512152232|-164303.94261317514
171.6|1.0|0.76|0.0|-164443.91123867792|-164442.77611787737|-164441.64099707687|-164440.5563260897|-164439.39598038248
171.8|1.0|0.76|0.0|-164333.60950739746|-164332.44916169025|-164331.3140408897|-164330.19153254252|-164329.00596192866
172.0|1.0|0.76|0.0|-164347.18050719044|-164346.13367356328|-164345.11206484283|-164344.115681029|-164343.0436224952
172.2|1.0|0.76|0.0|-164301.86845940384|-164301.41441108365|-164300.98558767012|-164300.59460161658|-164300.1531657497
172.4|1.0|0.76|0.0|-164341.2193138222|-164340.47517907518|-164339.75626923484|-164339.04997184785|-164338.2932246475
172.6|1.0|0.76|0.0|-164472.70413988346|-164472.36360364332|-164472.0356798565|-164471.7455934297|-164471.37983228284
172.8|1.0|0.76|0.0|-164456.11693598097|-164455.1331646205|-164454.17461816673|-164453.21607171293|-164452.21968789914
173.0|1.0|0.76|0.0|-163809.11069213273|-163808.36655738569|-163807.64764754535|-163806.94135015836|-163806.184602958
173.2|1.0|0.76|0.0|-163993.7586954734|-163992.80014901955|-163991.85421501915|-163990.92089347207|-163989.92450965827
173.4|1.0|0.76|0.0|-164246.7134264786|-164245.78010493147|-164244.84678338436|-164243.93868674393|-164242.9927527435
173.6|1.0|0.76|0.0|-164322.3755340605|-164321.27825062|-164320.19357963282|-164319.10890864563|-164317.98640029845
173.8|1.0|0.76|0.0|-164472.2790094552|-164471.156501108|-164470.05921766747|-164468.97454668034|-164467.8394258798
174.0|1.0|0.76|0.0|-164567.36429517952|-164566.267011739|-164565.1697282985|-164564.110282218|-164563.00038632416
174.2|1.0|0.76|0.0|-164716.92766992064|-164715.3763381599|-164713.85023130584|-164712.3241244518|-164710.74756778442
174.4|1.0|0.76|0.0|-164446.67249888508|-164445.9409765914|-164445.2346792044|-164444.54099427073|-164443.79685952372
174.6|1.0|0.76|0.0|-164252.5372918145|-164251.66703253408|-164250.80938570702|-164249.9769637866|-164249.08147959952
174.8|1.0|0.76|0.0|-164410.56177419258|-164409.77980208554|-164408.97260507185|-164408.2158578715|-164407.38343595108
175.0|1.0|0.76|0.0|-164300.74581339225|-164299.45934315166|-164298.19809781777|-164296.9368524838|-164295.62515733653
175.2|1.0|0.76|0.0|-164158.6496336876|-164157.56496270042|-164156.50551661992|-164155.44607053942|-164154.36139955226
175.4|1.0|0.76|0.0|-164182.00093050263|-164181.1180587689|-164180.2351870351|-164179.3901526614|-164178.45683111428
175.6|1.0|0.76|0.0|-164182.12101187746|-164181.51561411718|-164180.94805371691|-164180.38049331665|-164179.77509555637
175.8|1.0|0.76|0.0|-164012.7208029332|-164011.76225647944|-164010.8415473857|-164009.93345074524|-164008.96229183814
176.0|1.0|0.76|0.0|-164277.43181449056|-164276.20840651667|-164275.01022344944|-164273.8372652889|-164272.57601995498
176.2|1.0|0.76|0.0|-164326.79522493362|-164325.78622866646|-164324.78984485267|-164323.81868594556|-164322.7718523184
176.4|1.0|0.76|0.0|-164054.33625928938|-164053.76869888912|-164053.21375094217|-164052.68402790194|-164052.07863014165
176.6|1.0|0.76|0.0|-164283.62570899754|-164282.70499990377|-164281.79690326334|-164280.9140315296|-164279.96809752914
176.8|1.0|0.76|0.0|-164422.35008327552|-164421.51766135512|-164420.69785188808|-164419.89065487435|-164419.02039559398
177.0|1.0|0.76|0.0|-164199.14367361166|-164198.23557697126|-164197.34009278417|-164196.4698335038|-164195.53651195668
177.2|1.0|0.76|0.0|-164241.95292374288|-164240.69167840894|-164239.43043307503|-164238.1944126478|-164236.89532995384
177.4|1.0|0.76|0.0|-164288.90751562707|-164287.5327582131|-164286.19583815915|-164284.8589181052|-164283.4841606912
177.6|1.0|0.76|0.0|-164318.43569527543|-164316.79607634136|-164315.1690698606|-164313.55467583315|-164311.90244444573
177.8|1.0|0.76|0.0|-164294.90708091029|-164293.7215102964|-164292.5611645892|-164291.400818882|-164290.20263581476
178.0|1.0|0.76|0.0|-164819.1583767369|-164818.27550500314|-164817.3926332694|-164816.57282380236|-164815.67733961527
178.2|1.0|0.76|0.0|-164960.22688190136|-164959.3440101676|-164958.48636334055|-164957.64132896683|-164956.74584477974
178.4|1.0|0.76|0.0|-164669.3206456324|-164668.21074973856|-164667.10085384472|-164666.0287953109|-164664.9062869637
178.6|1.0|0.76|0.0|-164874.9401411164|-164873.9059199426|-164872.87169876878|-164871.86270250162|-164870.7906439678
178.8|1.0|0.76|0.0|-164457.06709029063|-164455.98241930344|-164454.92297322294|-164453.87613959578|-164452.7788561553
179.0|1.0|0.76|0.0|-164741.96482815986|-164741.56122965302|-164741.15763114617|-164740.779257546|-164740.35043413247
179.2|1.0|0.76|0.0|-164980.53805765402|-164979.756085547|-164978.96150098662|-164978.2173662396|-164977.38494431923
179.4|1.0|0.76|0.0|-164942.24122911552|-164941.43403210182|-164940.6268350881|-164939.8196380744|-164938.987216154
179.6|1.0|0.76|0.0|-164609.82163669652|-164608.8126404294|-164607.82886906894|-164606.85771016183|-164605.82348898798
179.8|1.0|0.76|0.0|-165197.2834994133|-165195.75739255926|-165194.2565106119|-165192.7556286645|-165191.2042969038
180.0|1.0|0.76|0.0|-164876.24013232565|-164875.02933680508|-164873.83115373788|-164872.645583124|-164871.40956269673
180.2|1.0|0.76|0.0|-164977.26475557074|-164975.73864871668|-164974.21254186265|-164972.7242723686|-164971.1477157012
180.4|1.0|0.76|0.0|-165138.18704772572|-165137.01408956517|-165135.8663563113|-165134.7312355108|-165133.53305244356
180.6|1.0|0.76|0.0|-165094.98939503892|-165094.00562367847|-165093.0470772247|-165092.0885307709|-165091.09214695712
180.8|1.0|0.76|0.0|-165007.28239451806|-165006.2860107043|-165005.28962689047|-165004.33108043668|-165003.32208416951
181.0|1.0|0.76|0.0|-164879.71991654584|-164878.74875763874|-164877.80282363828|-164876.86950209117|-164875.86050582406
181.2|1.0|0.76|0.0|-164591.08888310165|-164590.2060113679|-164589.3231396342|-164588.47810526047|-164587.57000862
181.4|1.0|0.76|0.0|-164595.5284666771|-164594.56992022326|-164593.6113737695|-164592.6780522224|-164591.69428086196
181.6|1.0|0.76|0.0|-164787.96596824945|-164787.13354632907|-164786.30112440867|-164785.49392739497|-164784.62366811457
181.8|1.0|0.76|0.0|-164858.45442996142|-164857.2184095342|-164856.00761401362|-164854.79681849305|-164853.53557315914
182.0|1.0|0.76|0.0|-164729.8458548636|-164728.92514576984|-164728.0170491294|-164727.13417739567|-164726.20085584855
182.2|1.0|0.76|0.0|-164931.30781022806|-164930.29881396092|-164929.30243014713|-164928.31865878665|-164927.28443761283
182.4|1.0|0.76|0.0|-164872.49807051854|-164871.74132331816|-164871.0098010245|-164870.3035036375|-164869.5341439838
182.6|1.0|0.76|0.0|-164819.48097594612|-164818.45936722565|-164817.4755958652|-164816.49182450474|-164815.4576033309
182.8|1.0|0.76|0.0|-164898.69017230687|-164897.85775038652|-164897.0505533728|-164896.25596881242|-164895.4109344387
183.0|1.0|0.76|0.0|-164847.36551774602|-164846.2934592122|-164845.24662558504|-164844.21240441123|-164843.12773342407
183.2|1.0|0.76|0.0|-164686.1830576839|-164684.82091272323|-164683.4839926693|-164682.14707261536|-164680.78492765472
183.4|1.0|0.76|0.0|-164879.66687258988|-164878.79661330947|-164877.95157893575|-164877.1317694687|-164876.2362852816
183.6|1.0|0.76|0.0|-164720.2381322379|-164719.02733671732|-164717.85437855677|-164716.68142039623|-164715.47062487566
183.8|1.0|0.76|0.0|-164472.0243050586|-164471.0405336982|-164470.06937479106|-164469.1108283373|-164468.10183207016
184.0|1.0|0.76|0.0|-164224.6407155943|-164223.13983364694|-164221.66417660625|-164220.2011320189|-164218.6876376182
184.2|1.0|0.76|0.0|-164266.40367936197|-164265.6090948016|-164264.8397351479|-164264.10821285422|-164263.28840338715
184.4|1.0|0.76|0.0|-164367.52853163204|-164366.53214781824|-164365.53576400445|-164364.55199264397|-164363.51777147016
184.6|1.0|0.76|0.0|-164435.71503087273|-164434.869996499|-164434.05018703194|-164433.24299001825|-164432.38534319116
184.8|1.0|0.76|0.0|-164502.78805773065|-164501.89257354356|-164501.02231426316|-164500.17727988944|-164499.28179570235
185.0|1.0|0.76|0.0|-164497.6564807035|-164496.31956064957|-164494.9826405956|-164493.658332995|-164492.29618803435
185.2|1.0|0.76|0.0|-164577.43024807406|-164576.4212518069|-164575.41225553976|-164574.453709086|-164573.40687545884
185.4|1.0|0.76|0.0|-164490.8540561867|-164489.8198350129|-164488.81083874576|-164487.81445493197|-164486.78023375815
185.6|1.0|0.76|0.0|-164393.53142170326|-164392.0053148492|-164390.50443290183|-164389.0161634078|-164387.50266900708
185.8|1.0|0.76|0.0|-164699.1714634251|-164697.99850526455|-164696.83815955734|-164695.6778138501|-164694.47963078288
186.0|1.0|0.76|0.0|-164406.53735714988|-164405.60403560277|-164404.69593896237|-164403.78784232194|-164402.85452077482
186.2|1.0|0.76|0.0|-164374.39022649545|-164373.09114380152|-164371.80467356092|-164370.543428227|-164369.20650817305
186.4|1.0|0.76|0.0|-164421.77410722218|-164420.73988604837|-164419.73088978123|-164418.7218935141|-164417.68767234025
186.6|1.0|0.76|0.0|-164136.87983746297|-164135.8960661025|-164134.93751964872|-164134.0041981016|-164133.00781428782
186.8|1.0|0.76|0.0|-164156.14956145125|-164155.0018281974|-164153.86670739687|-164152.75681150303|-164151.5712408891
187.0|1.0|0.76|0.0|-164309.0549284785|-164307.99548239802|-164306.94864877086|-164305.91442759702|-164304.82975660986
187.2|1.0|0.76|0.0|-164414.50765084766|-164413.09505607368|-164411.68246129967|-164410.30770388572|-164408.85727175168
187.4|1.0|0.76|0.0|-164517.41236274064|-164516.37814156682|-164515.36914529972|-164514.3727614859|-164513.32592785874
187.6|1.0|0.76|0.0|-163952.64701228694|-163951.54972884647|-163950.45244540594|-163949.3929993254|-163948.28310343158
187.8|1.0|0.76|0.0|-164446.58936868305|-164445.769559216|-164444.9371372956|-164444.14255273523|-164443.28490590816
188.0|1.0|0.76|0.0|-164476.1046570667|-164474.5407128526|-164472.98938109187|-164471.48849914453|-164469.91194247713
188.2|1.0|0.76|0.0|-164365.3731140422|-164364.2379932417|-164363.12809734783|-164362.03081390733|-164360.87046820013
188.4|1.0|0.76|0.0|-164249.52773012154|-164248.49350894775|-164247.47190022725|-164246.50074132014|-164245.44129523964
188.6|1.0|0.76|0.0|-164408.79313856788|-164407.80936720743|-164406.8382083003|-164405.89227429984|-164404.90850293942
188.8|1.0|0.76|0.0|-164503.5825096268|-164502.3591016529|-164501.173531039|-164499.9753479718|-164498.7267150912
189.0|1.0|0.76|0.0|-164303.86545071303|-164302.23844423227|-164300.6366626582|-164299.06010599076|-164297.4204870567
189.2|1.0|0.76|0.0|-164334.82173834177|-164333.88841679465|-164332.96770770088|-164332.08483596717|-164331.1389019667
189.4|1.0|0.76|0.0|-164435.82927298744|-164434.8202767203|-164433.83650535982|-164432.85273399937|-164431.80590037222
189.6|1.0|0.76|0.0|-164163.36982906662|-164162.37344525283|-164161.38967389238|-164160.40590253193|-164159.38429381145
189.8|1.0|0.76|0.0|-164237.85821915825|-164236.69787345105|-164235.57536510387|-164234.45285675666|-164233.2798985961
190.0|1.0|0.76|0.0|-164300.22017836475|-164298.668846604|-164297.14273974998|-164295.65447025595|-164294.07791358855
190.2|1.0|0.76|0.0|-164216.98138351832|-164215.87148762448|-164214.7868166373|-164213.7273705568|-164212.6048622096
190.4|1.0|0.76|0.0|-164229.18912634827|-164227.92788101436|-164226.67924813376|-164225.45584015988|-164224.16936991923
190.6|1.0|0.76|0.0|-164185.26459778703|-164184.49523813336|-164183.75110338637|-164183.01958109267|-164182.23760898566
190.8|1.0|0.76|0.0|-164000.90357213962|-164000.0207004059|-163999.1504411255|-163998.3180192051|-163997.4099225647
191.0|1.0|0.76|0.0|-164119.60918714898|-164118.31010445504|-164117.02363421442|-164115.74977642717|-164114.4380812799
191.2|1.0|0.76|0.0|-163832.24362272027|-163831.03282719973|-163829.8094192258|-163828.61123615858|-163827.34999082467
191.4|1.0|0.76|0.0|-164050.4732629015|-164049.2120175676|-164047.98860959368|-164046.7778140731|-164045.5165687392
191.6|1.0|0.76|0.0|-164244.3473395631|-164242.88429497572|-164241.4464752951|-164240.02126806774|-164238.5329985737
191.8|1.0|0.76|0.0|-164083.73514839285|-164082.61264004567|-164081.51535660517|-164080.4432980713|-164079.3081772708
192.0|1.0|0.76|0.0|-164060.70480859547|-164059.70842478165|-164058.69942851452|-164057.72826960738|-164056.70666088694
192.2|1.0|0.76|0.0|-164275.20229753526|-164274.1933012681|-164273.20952990765|-164272.25098345385|-164271.21676228006
192.4|1.0|0.76|0.0|-164755.3079603324|-164753.89536555842|-164752.49538323778|-164751.1206258238|-164749.6828061431
192.6|1.0|0.76|0.0|-164504.3416405418|-164503.43354390137|-164502.55067216762|-164501.6804128872|-164500.75970379345
192.8|1.0|0.76|0.0|-164465.37063161383|-164464.0715489199|-164462.77246622596|-164461.52383334536|-164460.19952574474
193.0|1.0|0.76|0.0|-164259.23269423773|-164258.19847306394|-164257.16425189012|-164256.155255623|-164255.08319708914
193.2|1.0|0.76|0.0|-164170.74097959357|-164169.35360972627|-164167.99146476563|-164166.61670735167|-164165.216725031
193.4|1.0|0.76|0.0|-164242.3166522936|-164240.9671197863|-164239.65542463903|-164238.36895439844|-164237.0068094378
193.6|1.0|0.76|0.0|-164250.54103435285|-164249.34285128562|-164248.16989312507|-164247.0221598712|-164245.81136435067
193.8|1.0|0.76|0.0|-164186.52606321545|-164185.0504061748|-164183.59997404076|-164182.17476681343|-164180.67388486606
194.0|1.0|0.76|0.0|-164322.89827648594|-164321.91450512552|-164320.90550885838|-164319.94696240456|-164318.91274123077
194.2|1.0|0.76|0.0|-164451.27341830824|-164450.1761348677|-164449.09146388053|-164448.03201780003|-164446.89689699953
194.4|1.0|0.76|0.0|-164463.14173690043|-164461.95616628657|-164460.79582057934|-164459.63547487214|-164458.4372918049
194.6|1.0|0.76|0.0|-164530.51225152815|-164529.50325526102|-164528.50687144723|-164527.53571254012|-164526.5014913663
194.8|1.0|0.76|0.0|-164480.21894623825|-164479.12166279773|-164478.0496042639|-164476.9901581834|-164475.88026228955
195.0|1.0|0.76|0.0|-164501.50876747482|-164500.474546301|-164499.46555003387|-164498.48177867345|-164497.4349450463
195.2|1.0|0.76|0.0|-164381.76862515285|-164380.1668435788|-164378.57767445804|-164377.01373024398|-164375.38672376322
195.4|1.0|0.76|0.0|-164485.9150892689|-164484.60339412163|-164483.31692388104|-164482.05567854713|-164480.71875849314
195.6|1.0|0.76|0.0|-164473.21510101453|-164472.117817574|-164471.03314658685|-164469.961088053|-164468.83857970583
195.8|1.0|0.76|0.0|-164394.14825214722|-164392.84916945331|-164391.57531166603|-164390.3140663321|-164388.97714627816
196.0|1.0|0.76|0.0|-164740.5114457487|-164738.92227662794|-164737.34571996052|-164735.76916329312|-164734.15476926573
196.2|1.0|0.76|0.0|-164361.12884930518|-164360.3216522915|-164359.53968018445|-164358.7577080774|-164357.93789861037
196.4|1.0|0.76|0.0|-164399.2184583896|-164398.33558665586|-164397.46532737545|-164396.62029300173|-164395.7121963613
196.6|1.0|0.76|0.0|-164160.6689328509|-164159.76083621048|-164158.8653520234|-164157.995092743|-164157.07438364922
196.8|1.0|0.76|0.0|-164519.49323035148|-164518.48423408435|-164517.48785027055|-164516.50407891007|-164515.48247018963
197.0|1.0|0.76|0.0|-164435.28657834712|-164434.01272055987|-164432.73886277262|-164431.49022989202|-164430.20375965146
197.2|1.0|0.76|0.0|-164561.34197763694|-164559.80325832957|-164558.2645390222|-164556.7636570748|-164555.19971286075
197.4|1.0|0.76|0.0|-164346.22397348334|-164345.1140775895|-164344.02940660232|-164342.96996052182|-164341.86006462798
197.6|1.0|0.76|0.0|-164137.11477865884|-164136.00488276497|-164134.92021177782|-164133.84815324398|-164132.7256448968
197.8|1.0|0.76|0.0|-164308.75926132535|-164307.4223412714|-164306.09803367077|-164304.79895097684|-164303.42419356285
198.0|1.0|0.76|0.0|-164361.73156535003|-164360.79824380294|-164359.9153720692|-164359.00727542877|-164358.07395388169
198.2|1.0|0.76|0.0|-164659.41922328997|-164658.13275304937|-164656.87150771546|-164655.62287483487|-164654.32379214093
198.4|1.0|0.76|0.0|-164495.16724345344|-164493.85554830616|-164492.58169051888|-164491.32044518497|-164490.00875003767
198.6|1.0|0.76|0.0|-164393.25296466606|-164392.1809061322|-164391.14668495842|-164390.09985133127|-164389.01518034408
198.8|1.0|0.76|0.0|-164473.40459410317|-164472.1937985826|-164471.0082279687|-164469.83526980816|-164468.61186183427
199.0|1.0|0.76|0.0|-164457.36155345567|-164456.18859529513|-164455.04086204126|-164453.90574124074|-164452.72017062682
199.2|1.0|0.76|0.0|-164549.10023757667|-164548.10385376288|-164547.12008240243|-164546.1489234953|-164545.13992722816
199.4|1.0|0.76|0.0|-164289.91607901116|-164289.10888199744|-164288.32690989043|-164287.57016269007|-164286.76296567635
199.6|1.0|0.76|0.0|-164342.40501490992|-164340.99242013597|-164339.60505026864|-164338.2176804013|-164336.77986072065
199.8|1.0|0.76|0.0|-164221.3752635589|-164220.73202843862|-164220.12663067834|-164219.52123291802|-164218.87799779774
200.0|1.0|0.76|0.0|-164357.02314860802|-164355.93847762083|-164354.85380663368|-164353.7691356465|-164352.65923975263
200.2|1.0|0.76|0.0|-164304.18094680205|-164303.47464941506|-164302.8061893881|-164302.1377293611|-164301.4314319741
200.4|1.0|0.76|0.0|-164157.06929105349|-164156.03506987967|-164155.03868606588|-164154.06752715877|-164153.03330598492
200.6|1.0|0.76|0.0|-164133.85798080647|-164132.82375963265|-164131.8021509122|-164130.81837955173|-164129.78415837794
200.8|1.0|0.76|0.0|-164207.0757580121|-164206.09198665165|-164205.13344019788|-164204.20011865077|-164203.21634729032
201.0|1.0|0.76|0.0|-164187.0876702446|-164186.12912379083|-164185.1831897904|-164184.23725578995|-164183.25348442947
201.2|1.0|0.76|0.0|-164112.67192501048|-164111.76382837005|-164110.85573172962|-164109.94763508922|-164109.0143135421
201.4|1.0|0.76|0.0|-164266.4807934822|-164265.32044777498|-164264.1727145211|-164263.0502061739|-164261.87724801336
201.6|1.0|0.76|0.0|-164187.55206048538|-164186.41693968486|-164185.29443133768|-164184.19714789715|-164183.0494146433
201.8|1.0|0.76|0.0|-164203.74965330798|-164202.79110685422|-164201.8451728538|-164200.92446376|-164199.94069239957
202.0|1.0|0.76|0.0|-164262.84263270444|-164261.8084115306|-164260.8120277168|-164259.815643903|-164258.76881027583
202.2|1.0|0.76|0.0|-164258.2179058893|-164257.14584735545|-164256.08640127495|-164255.05218010116|-164253.95489666064
202.4|1.0|0.76|0.0|-164226.6941154198|-164225.7607938727|-164224.85269723227|-164223.94460059187|-164222.98605413808
202.6|1.0|0.76|0.0|-164146.52936199578|-164145.58342799536|-164144.68794380827|-164143.80507207452|-164142.8717505274
202.8|1.0|0.76|0.0|-164351.67512652246|-164350.1490196684|-164348.63552526772|-164347.14725577369|-164345.59592401297
203.0|1.0|0.76|0.0|-164334.64831451455|-164333.9924669409|-164333.3240069139|-164332.69338424693|-164331.99969931328
203.2|1.0|0.76|0.0|-164115.0242947573|-164114.60808379712|-164114.16664793022|-164113.77566187672|-164113.3090011032
203.4|1.0|0.76|0.0|-164371.68427581977|-164370.97797843275|-164370.27168104576|-164369.56538365877|-164368.8338613651
203.6|1.0|0.76|0.0|-164352.06538104027|-164351.00593495977|-164349.97171378596|-164348.96271751882|-164347.890658985
203.8|1.0|0.76|0.0|-164215.59470510177|-164215.1154318749|-164214.673996008|-164214.21994768782|-164213.74067446092
204.0|1.0|0.76|0.0|-164255.65483618825|-164254.97376370794|-164254.29269122763|-164253.636843654|-164252.930546267
204.2|1.0|0.76|0.0|-164069.7472739683|-164068.9526894079|-164068.19594220756|-164067.42658255386|-164066.61938554014
204.4|1.0|0.76|0.0|-164005.13123839803|-164004.2483666643|-164003.36549493056|-164002.49523565013|-164001.6123639164
204.6|1.0|0.76|0.0|-164054.21890679427|-164053.63873394066|-164053.03333618038|-164052.46577578012|-164051.83515311315
204.8|1.0|0.76|0.0|-163961.32571355326|-163960.3041048328|-163959.33294592568|-163958.3491745652|-163957.3401782981
205.0|1.0|0.76|0.0|-163946.4643758789|-163945.59411659848|-163944.73646977142|-163943.91666030436|-163943.00856366393
205.2|1.0|0.76|0.0|-164120.03212190012|-164119.0483505397|-164118.08980408587|-164117.1564825388|-164116.17271117834
205.4|1.0|0.76|0.0|-164013.1919321332|-164012.14509850604|-164011.12348978556|-164010.11449351843|-164009.06765989127
205.6|1.0|0.76|0.0|-164089.3330785125|-164087.8826463785|-164086.4322142445|-164084.99439456384|-164083.5061250698
205.8|1.0|0.76|0.0|-163971.14752217804|-163970.08807609754|-163969.06646737704|-163968.0448586566|-163966.9854125761
206.0|1.0|0.76|0.0|-164230.8168868854|-164229.50519173814|-164228.23133395083|-164226.97008861692|-164225.6457810163
206.2|1.0|0.76|0.0|-164123.89289016367|-164122.30372104293|-164120.72716437554|-164119.1758326148|-164117.56143858738
206.4|1.0|0.76|0.0|-164395.6137982091|-164394.95795063543|-164394.3021030618|-164393.67148039487|-164392.96518300785
206.6|1.0|0.76|0.0|-163994.18552382136|-163993.0377905675|-163991.90266976698|-163990.76754896645|-163989.60720325922
206.8|1.0|0.76|0.0|-164077.76012290313|-164076.63761455592|-164075.5024937554|-164074.4052103149|-164073.27008951435
207.0|1.0|0.76|0.0|-164296.51668645546|-164295.44462792162|-164294.38518184115|-164293.3509606673|-164292.2536772268
207.2|1.0|0.76|0.0|-164308.35161335635|-164307.0651431158|-164305.80389778185|-164304.55526490125|-164303.25618220732
207.4|1.0|0.76|0.0|-164187.70361753536|-164186.73245862822|-164185.7865246278|-164184.8532030807|-164183.84420681355
207.6|1.0|0.76|0.0|-164208.2571563313|-164207.3616721442|-164206.49141286378|-164205.6337660367|-164204.7256693963
207.8|1.0|0.76|0.0|-164476.23784170934|-164475.53154432235|-164474.85047184204|-164474.16939936174|-164473.46310197475
208.0|1.0|0.76|0.0|-164232.8553296226|-164231.8589458088|-164230.88778690167|-164229.94185290122|-164228.92024418074
208.2|1.0|0.76|0.0|-164312.5039687884|-164311.4192978012|-164310.37246417408|-164309.32563054693|-164308.24095955974
208.4|1.0|0.76|0.0|-164232.8731843007|-164231.88941294025|-164230.91825403314|-164229.97232003268|-164228.95071131218
208.6|1.0|0.76|0.0|-164558.4019978144|-164557.12814002714|-164555.8542822399|-164554.6056493593|-164553.30656666536
208.8|1.0|0.76|0.0|-164366.45200490716|-164365.73309506683|-164365.03941013318|-164364.3457251995|-164363.6268153592
209.0|1.0|0.76|0.0|-164379.441685359|-164378.773225332|-164378.15521511837|-164377.5245924514|-164376.8435199711
209.2|1.0|0.76|0.0|-164777.86288321798|-164776.94217412424|-164776.00885257713|-164775.11336839004|-164774.1674343896
209.4|1.0|0.76|0.0|-164383.1859159503|-164381.35711021614|-164379.52830448194|-164377.73733610776|-164375.85808056025
209.6|1.0|0.76|0.0|-164588.97070463293|-164587.94909591242|-164586.92748719195|-164585.9437158315|-164584.884269751
209.8|1.0|0.76|0.0|-164483.73272657342|-164483.19039107984|-164482.68589294626|-164482.16878235934|-164481.61383441242
210.0|1.0|0.76|0.0|-164372.29927108865|-164371.4668491683|-164370.65965215454|-164369.85245514085|-164368.9948083138
210.2|1.0|0.76|0.0|-164442.8022983761|-164442.29780024252|-164441.81852701565|-164441.33925378876|-164440.82214320183
210.4|1.0|0.76|0.0|-164425.8998117419|-164425.30702643495|-164424.75207848803|-164424.1971305411|-164423.59173278083
210.6|1.0|0.76|0.0|-164535.8871023341|-164534.85288116027|-164533.84388489314|-164532.83488862598|-164531.7754425455
210.8|1.0|0.76|0.0|-164004.02840434937|-164002.86805864217|-164001.7203253883|-164000.57259213444|-163999.38702152052
211.0|1.0|0.76|0.0|-164031.06987227566|-164029.90952656843|-164028.74918086122|-164027.6140600607|-164026.4284894468
211.2|1.0|0.76|0.0|-164520.1272251808|-164519.3578655271|-164518.60111832677|-164517.85698357975|-164517.04978656606
211.4|1.0|0.76|0.0|-164542.8117721662|-164541.1469283254|-164539.50730939134|-164537.86769045723|-164536.1776217098
211.6|1.0|0.76|0.0|-164343.53178202885|-164342.24531178828|-164340.95884154766|-164339.72282112043|-164338.39851351982
211.8|1.0|0.76|0.0|-164193.19456811575|-164191.51711182168|-164189.8522679809|-164188.20003659342|-164186.49735539264
212.0|1.0|0.76|0.0|-164447.59231523512|-164446.28062008784|-164444.9815373939|-164443.70767960662|-164442.3707595527
212.2|1.0|0.76|0.0|-163991.47014277967|-163989.62872459213|-163987.81253131127|-163985.99633803044|-163984.14230738956
212.4|1.0|0.76|0.0|-164238.7918268786|-164237.505356638|-164236.23149885074|-164234.97025351683|-164233.67117082287
212.6|1.0|0.76|0.0|-164155.79809960813|-164154.33505502075|-164152.90984779343|-164151.4846405661|-164150.02159597876
212.8|1.0|0.76|0.0|-164299.8575416486|-164298.87377028813|-164297.8899989277|-164296.90622756723|-164295.8972313001
213.0|1.0|0.76|0.0|-164234.1809515894|-164232.81880662875|-164231.46927412145|-164230.1323540675|-164228.74498420017
213.2|1.0|0.76|0.0|-164342.18172379583|-164341.22317734204|-164340.26463088824|-164339.3439217945|-164338.33492552736
213.4|1.0|0.76|0.0|-164222.40125443332|-164221.63189477962|-164220.8877600326|-164220.1562377389|-164219.3742656319
213.6|1.0|0.76|0.0|-164378.79110696644|-164377.65598616595|-164376.54609027208|-164375.4614192849|-164374.3010735777
213.8|1.0|0.76|0.0|-164419.6105936782|-164418.60159741103|-164417.60521359724|-164416.64666714345|-164415.61244596966
214.0|1.0|0.76|0.0|-164141.36031663168|-164140.22519583115|-164139.12791239066|-164138.03062895013|-164136.88289569627
214.2|1.0|0.76|0.0|-164049.44791369291|-164047.85874457215|-164046.29480035813|-164044.7560810507|-164043.15429947665
214.4|1.0|0.76|0.0|-164341.5552840331|-164340.42016323257|-164339.31026733873|-164338.20037144487|-164337.06525064434
214.6|1.0|0.76|0.0|-164294.61917030966|-164293.40837478908|-164292.21019172185|-164291.03723356134|-164289.78860068074
214.8|1.0|0.76|0.0|-164509.17154776087|-164508.26345112047|-164507.34274202667|-164506.4472578396|-164505.51393629253
215.0|1.0|0.76|0.0|-164379.6635861982|-164378.8942265445|-164378.1500917975|-164377.41856950382|-164376.62398494346
215.2|1.0|0.76|0.0|-164702.64340240177|-164701.5839563213|-164700.54973514745|-164699.51551397363|-164698.45606789316
215.4|1.0|0.76|0.0|-164279.00029915367|-164278.00391533985|-164277.02014397943|-164276.07420997898|-164275.0526012585
215.6|1.0|0.76|0.0|-164441.70049236907|-164440.54014666186|-164439.392413408|-164438.25729260745|-164437.0717219936
215.8|1.0|0.76|0.0|-164379.5314298192|-164378.3963090187|-164377.28641312485|-164376.2017421377|-164375.0413964305
216.0|1.0|0.76|0.0|-164398.61303570034|-164397.20044092636|-164395.8004586057|-164394.4257011917|-164393.00049396438
216.2|1.0|0.76|0.0|-164611.1799280043|-164609.80517059032|-164608.46825053636|-164607.11871802906|-164605.74396061507
216.4|1.0|0.76|0.0|-164663.9870805727|-164662.96547185222|-164661.98170049177|-164660.98531667798|-164659.9637079575
216.6|1.0|0.76|0.0|-164585.70008304197|-164584.21181354794|-164582.74876896062|-164581.31094927993|-164579.8226797859
216.8|1.0|0.76|0.0|-164429.40656126244|-164428.5236895287|-164427.6282053416|-164426.75794606123|-164425.8498494208
217.0|1.0|0.76|0.0|-164631.59792273398|-164630.29884004005|-164629.0249822528|-164627.76373691886|-164626.46465422492
217.2|1.0|0.76|0.0|-164406.7198274165|-164405.38290736257|-164404.0712122153|-164402.759517068|-164401.4099845607
217.4|1.0|0.76|0.0|-164322.614876718|-164321.69416762426|-164320.79868343717|-164319.91581170342|-164318.9824901563
217.6|1.0|0.76|0.0|-164143.0358122093|-164142.00159103546|-164140.99259476832|-164139.9835985012|-164138.92415242072
217.8|1.0|0.76|0.0|-164652.80595127356|-164651.58254329968|-164650.3717477791|-164649.18617716522|-164647.93754428462
218.0|1.0|0.76|0.0|-164501.9091690266|-164500.8875603061|-164499.8911764923|-164498.90740513185|-164497.87318395803
218.2|1.0|0.76|0.0|-164181.37136999832|-164180.36237373116|-164179.3659899174|-164178.38221855692|-164177.3479973831
218.4|1.0|0.76|0.0|-164349.2336117825|-164348.26245287538|-164347.31651887496|-164346.35797242116|-164345.38681351405
218.6|1.0|0.76|0.0|-164433.73870114106|-164432.72970487393|-164431.73332106014|-164430.74954969969|-164429.71532852587
218.8|1.0|0.76|0.0|-164445.52224110984|-164444.07180897583|-164442.6718266552|-164441.28445678786|-164439.82141220052
219.0|1.0|0.76|0.0|-164511.59888415397|-164510.72862487356|-164509.89620295318|-164509.06378103278|-164508.1682968457
219.2|1.0|0.76|0.0|-164525.1446590403|-164524.07260050645|-164523.03837933263|-164522.00415815882|-164520.93209962497
219.4|1.0|0.76|0.0|-164487.39694843392|-164486.14831555332|-164484.92490757944|-164483.7014996055|-164482.42764181824
219.6|1.0|0.76|0.0|-164294.4358201757|-164293.4015990019|-164292.36737782808|-164291.35838156097|-164290.28632302713
219.8|1.0|0.76|0.0|-164642.8250691903|-164642.28273369672|-164641.75301065645|-164641.24851252287|-164640.68095212264
220.0|1.0|0.76|0.0|-164652.47316520027|-164651.12363269296|-164649.824549999|-164648.5254673051|-164647.1759347978
220.2|1.0|0.76|0.0|-164005.48313081087|-164004.60025907712|-164003.74261225006|-164002.91019032965|-164002.02731859594
220.4|1.0|0.76|0.0|-164597.61401330322|-164596.80681628952|-164596.01223172917|-164595.25548452878|-164594.43567506177
220.6|1.0|0.76|0.0|-164153.9835795498|-164152.74755912257|-164151.56198850865|-164150.38903034813|-164149.14039746753
220.8|1.0|0.76|0.0|-164358.8839665882|-164358.00109485447|-164357.1308355741|-164356.28580120037|-164355.3777045599
221.0|1.0|0.76|0.0|-164159.80188933047|-164158.69199343663|-164157.60732244945|-164156.53526391563|-164155.40014311508
221.2|1.0|0.76|0.0|-164431.0951472941|-164429.87173932022|-164428.63571889297|-164427.43753582574|-164426.1762904918
221.4|1.0|0.76|0.0|-164502.2307939639|-164501.63800865697|-164501.05783580337|-164500.4902754031|-164499.85965273614
221.6|1.0|0.76|0.0|-164314.09697690507|-164313.21410517133|-164312.35645834426|-164311.4988115172|-164310.61593978346
221.8|1.0|0.76|0.0|-164058.8606931143|-164057.7255723138|-164056.5778390599|-164055.45533071272|-164054.2949850055
222.0|1.0|0.76|0.0|-164106.48707501433|-164105.6042032806|-164104.7339440002|-164103.8636847198|-164102.98081298606
222.2|1.0|0.76|0.0|-164379.51515039956|-164378.3295797857|-164377.1692340785|-164376.03411327794|-164374.82331775737
222.4|1.0|0.76|0.0|-164165.9280981737|-164164.7677524665|-164163.63263166597|-164162.49751086545|-164161.29932779822
222.6|1.0|0.76|0.0|-164328.62858614716|-164327.64481478668|-164326.67365587954|-164325.7529467858|-164324.74395051866
222.8|1.0|0.76|0.0|-164521.29642335695|-164520.42616407652|-164519.5811297028|-164518.74870778242|-164517.86583604867
223.0|1.0|0.76|0.0|-164446.740893969|-164445.66883543515|-164444.60938935468|-164443.54994327415|-164442.4400473803
223.2|1.0|0.76|0.0|-164687.62852016877|-164686.45556200822|-164685.30782875436|-164684.17270795384|-164682.98713733995
223.4|1.0|0.76|0.0|-164119.66934376984|-164118.86214675612|-164118.0801746491|-164117.3108149954|-164116.49100552837
223.6|1.0|0.76|0.0|-164539.3493374331|-164537.73494340567|-164536.14577428493|-164534.58183007085|-164532.95482359012
223.8|1.0|0.76|0.0|-164322.12505357186|-164320.64939653117|-164319.21157685047|-164317.78636962315|-164316.31071258246
224.0|1.0|0.76|0.0|-164494.39855373214|-164493.06163367818|-164491.7373260776|-164490.43824338363|-164489.076098423
224.2|1.0|0.76|0.0|-164430.21204050284|-164429.25349404907|-164428.28233514194|-164427.3616260482|-164426.3652422344
224.4|1.0|0.76|0.0|-164330.7312386872|-164329.67179260668|-164328.6123465262|-164327.5781253524|-164326.50606681855
224.6|1.0|0.76|0.0|-164326.44300455187|-164325.34572111134|-164324.24843767085|-164323.18899159034|-164322.0790956965
224.8|1.0|0.76|0.0|-164165.4766227429|-164164.44240156907|-164163.40818039523|-164162.3991841281|-164161.33973804762
225.0|1.0|0.76|0.0|-164268.95205523312|-164267.76648461923|-164266.5935264587|-164265.42056829814|-164264.20977277757
225.2|1.0|0.76|0.0|-164103.2688875519|-164101.98241731132|-164100.70855952406|-164099.45992664347|-164098.1482314962
225.4|1.0|0.76|0.0|-164062.000940226|-164060.71446998545|-164059.44061219814|-164058.19197931758|-164056.8928966236
225.6|1.0|0.76|0.0|-164132.25230532544|-164130.9279977248|-164129.61630257752|-164128.32983233692|-164126.98029982962
225.8|1.0|0.76|0.0|-164331.65147329672|-164330.61725212293|-164329.60825585577|-164328.62448449532|-164327.5902633215
226.0|1.0|0.76|0.0|-164048.25535129145|-164046.96888105088|-164045.72024817028|-164044.48422774306|-164043.1851450491
226.2|1.0|0.76|0.0|-164017.8873774165|-164017.25675474954|-164016.65135698928|-164016.07118413568|-164015.41533656203
226.4|1.0|0.76|0.0|-163874.09814067834|-163872.77383307772|-163871.46213793044|-163870.17566768982|-163868.81352272924
226.6|1.0|0.76|0.0|-164149.07504758387|-164147.71290262323|-164146.37598256927|-164145.05167496868|-164143.6769175547
226.8|1.0|0.76|0.0|-163858.95951279573|-163857.74871727516|-163856.56314666127|-163855.40280095406|-163854.1920054335
227.0|1.0|0.76|0.0|-163915.3535514663|-163914.7733786127|-163914.20581821242|-163913.66348271884|-163913.05808495855
227.2|1.0|0.76|0.0|-164000.62467017304|-164000.27152147956|-163999.96882259942|-163999.66612371927|-163999.31297502576
227.4|1.0|0.76|0.0|-163850.49863807642|-163849.42657954257|-163848.3671334621|-163847.32029983494|-163846.22301639442
227.6|1.0|0.76|0.0|-164010.59898415252|-164009.32512636526|-164008.06388103135|-164006.8278606041|-164005.51616545682
227.8|1.0|0.76|0.0|-164339.89591077928|-164338.5589907253|-164337.24729557804|-164335.96082533742|-164334.6239052835
228.0|1.0|0.76|0.0|-164276.8421777358|-164275.9088561887|-164275.00075954827|-164274.09266290787|-164273.12150400074
228.2|1.0|0.76|0.0|-164306.0956688068|-164304.7713612062|-164303.47227851226|-164302.19842072498|-164300.8488882177
228.4|1.0|0.76|0.0|-164163.6317390705|-164162.6731926167|-164161.7398710696|-164160.8065495225|-164159.83539061536
228.6|1.0|0.76|0.0|-164266.90773209347|-164265.97441054636|-164265.09153881265|-164264.19605462556|-164263.2501206251
228.8|1.0|0.76|0.0|-164219.53318218156|-164218.43589874104|-164217.35122775388|-164216.29178167338|-164215.16927332617
229.0|1.0|0.76|0.0|-164510.6685099149|-164509.70996346112|-164508.81447927403|-164507.91899508695|-164506.96044863318
229.2|1.0|0.76|0.0|-164313.00355737738|-164312.4612218838|-164311.91888639022|-164311.38916335|-164310.8089904964
229.4|1.0|0.76|0.0|-164360.52004931206|-164359.2714164315|-164358.04800845758|-164356.82460048367|-164355.55074269642
229.6|1.0|0.76|0.0|-164662.86006356188|-164661.4474687879|-164660.04748646726|-164658.66011659993|-164657.23490937258
229.8|1.0|0.76|0.0|-164683.63277421155|-164682.69945266447|-164681.76613111736|-164680.8706469303|-164679.92471292985
230.0|1.0|0.76|0.0|-164324.27623830756|-164323.24201713374|-164322.2330208666|-164321.23663705282|-164320.17719097232
230.2|1.0|0.76|0.0|-164576.48774366255|-164575.44091003542|-164574.41930131495|-164573.39769259444|-164572.32563406063
230.4|1.0|0.76|0.0|-164323.87043566088|-164322.87405184712|-164321.90289293998|-164320.93173403287|-164319.9101253124
230.6|1.0|0.76|0.0|-164384.62445569833|-164383.60284697785|-164382.60646316406|-164381.63530425695|-164380.6010830831
230.8|1.0|0.76|0.0|-164076.25505556908|-164074.80462343505|-164073.35419130107|-164071.94159652706|-164070.46593948637
231.0|1.0|0.76|0.0|-164160.4292665151|-164159.1680211812|-164157.90677584725|-164156.68336787337|-164155.38428517943
231.2|1.0|0.76|0.0|-164309.93728839813|-164308.20938229066|-164306.4814761832|-164304.79140743575|-164303.02566396823
231.4|1.0|0.76|0.0|-164142.48174541342|-164141.27094989285|-164140.08537927896|-164138.9124211184|-164137.68901314453
231.6|1.0|0.76|0.0|-164252.9323941563|-164251.7720484491|-164250.64954010188|-164249.55225666138|-164248.39191095415
231.8|1.0|0.76|0.0|-164460.0677726849|-164458.61734055087|-164457.17952087024|-164455.77953854957|-164454.30388150888
232.0|1.0|0.76|0.0|-164242.76523123443|-164241.51659835386|-164240.3058028333|-164239.09500731272|-164237.8337619788
232.2|1.0|0.76|0.0|-164642.1561865442|-164640.73097931687|-164639.3309969962|-164637.9436271289|-164636.5058074482
232.4|1.0|0.76|0.0|-164731.4523561858|-164729.9766991451|-164728.5010421044|-164727.0379975171|-164725.54972802306
232.6|1.0|0.76|0.0|-164122.82829182557|-164121.541821585|-164120.2931887044|-164119.05716827716|-164117.75808558322
232.8|1.0|0.76|0.0|-164492.0606807468|-164491.102134293|-164490.16881274592|-164489.24810365215|-164488.2643322917
233.0|1.0|0.76|0.0|-164163.43001760464|-164162.49669605753|-164161.57598696378|-164160.65527787|-164159.69673141625
233.2|1.0|0.76|0.0|-163972.54053631568|-163971.65766458193|-163970.8126302082|-163969.9802082878|-163969.09733655406
233.4|1.0|0.76|0.0|-163944.76998030962|-163944.12674518934|-163943.49612252237|-163942.87811230877|-163942.19703982843
233.6|1.0|0.76|0.0|-164173.36737216503|-164172.28270117784|-164171.22325509734|-164170.16380901684|-164169.0791380297
233.8|1.0|0.76|0.0|-164174.75474203232|-164173.73313331185|-164172.71152459137|-164171.7403656843|-164170.6935320571
234.0|1.0|0.76|0.0|-164146.16231031233|-164145.2416012186|-164144.3587294848|-164143.48847020444|-164142.56776111067
234.2|1.0|0.76|0.0|-164042.1296046687|-164040.99448386815|-164039.85936306766|-164038.77469208048|-164037.61434637327
234.4|1.0|0.76|0.0|-163855.57975858098|-163854.73472420726|-163853.90230228685|-163853.09510527315|-163852.23745844606
234.6|1.0|0.76|0.0|-164134.9880649891|-164133.87816909526|-164132.7682732014|-164131.68360221424|-164130.53586896037
234.8|1.0|0.76|0.0|-164131.27740634535|-164129.76391194464|-164128.2630299973|-164126.77476050326|-164125.2486536492
235.0|1.0|0.76|0.0|-164279.69321010067|-164278.5454768468|-164277.42296849962|-164276.3130726058|-164275.15272689858
235.2|1.0|0.76|0.0|-164153.15350492846|-164151.53911090104|-164149.9499417803|-164148.38599756625|-164146.74637863215
235.4|1.0|0.76|0.0|-164261.48186665896|-164260.63683228524|-164259.8296352715|-164259.0224382578|-164258.17740388407
235.6|1.0|0.76|0.0|-163650.40824720435|-163649.38663848388|-163648.39025467008|-163647.40648330963|-163646.3722621358
235.8|1.0|0.76|0.0|-163944.18358777015|-163943.19981640967|-163942.2412699559|-163941.29533595545|-163940.29895214166
236.0|1.0|0.76|0.0|-164128.24015480326|-164126.92845965596|-164125.6546018687|-164124.38074408146|-164123.06904893418
236.2|1.0|0.76|0.0|-164020.17550102557|-164019.07821758505|-164018.01877150455|-164016.95932542405|-164015.83681707687
236.4|1.0|0.76|0.0|-164185.08418330003|-164183.86077532612|-164182.64997980554|-164181.46440919169|-164180.22838876443
236.6|1.0|0.76|0.0|-164184.8193217799|-164183.83555041943|-164182.87700396567|-164181.94368241855|-164180.94729860476
236.8|1.0|0.76|0.0|-164174.54518508547|-164173.4352891916|-164172.35061820442|-164171.29117212395|-164170.18127623008
237.0|1.0|0.76|0.0|-164271.9392801002|-164270.5266853262|-164269.10147809886|-164267.7014957782|-164266.2510636442
237.2|1.0|0.76|0.0|-164173.625206321|-164172.38918589376|-164171.19100282656|-164169.99281975933|-164168.75679933207
237.4|1.0|0.76|0.0|-164162.01310712317|-164160.5122251758|-164159.0239556818|-164157.53568618777|-164156.00957933374
237.6|1.0|0.76|0.0|-164693.9546658279|-164693.32404316094|-164692.69342049398|-164692.0880227337|-164691.41956270672
237.8|1.0|0.76|0.0|-164489.18192728676|-164487.554920806|-164485.92791432524|-164484.32613275113|-164482.6739013637
238.0|1.0|0.76|0.0|-164527.898891244|-164526.88989497686|-164525.9061236164|-164524.9349647093|-164523.9007435355
238.2|1.0|0.76|0.0|-164789.63252293936|-164788.5983017655|-164787.57669304506|-164786.58030923124|-164785.5082506974
238.4|1.0|0.76|0.0|-164638.35105166535|-164637.43034257158|-164636.5348583845|-164635.6393741974|-164634.69344019698
238.6|1.0|0.76|0.0|-164339.42183055237|-164338.2362599385|-164337.06330177796|-164335.90295607076|-164334.70477300353
238.8|1.0|0.76|0.0|-164520.38274331653|-164519.29807232934|-164518.22601379553|-164517.17918016837|-164516.06928427453
239.0|1.0|0.76|0.0|-164641.05940336917|-164639.8738327553|-164638.71348704808|-164637.56575379422|-164636.367570727
239.2|1.0|0.76|0.0|-164402.58979188697|-164401.58079561984|-164400.55918689937|-164399.57541553891|-164398.52858191176
239.4|1.0|0.76|0.0|-164404.00238666098|-164402.96816548714|-164401.97178167335|-164401.00062276624|-164399.95378913908
239.6|1.0|0.76|0.0|-164231.61537442062|-164230.3919664467|-164229.15594601948|-164227.98298785894|-164226.721742525
239.8|1.0|0.76|0.0|-164460.61933959884|-164459.78691767846|-164458.95449575808|-164458.17252365107|-164457.31487682398
240.0|1.0|0.76|0.0|-164683.59590169063|-164682.19591937|-164680.79593704935|-164679.4337920887|-164678.00858486138
240.2|1.0|0.76|0.0|-164366.16567604934|-164365.0305552488|-164363.94588426166|-164362.86121327447|-164361.72609247392
240.4|1.0|0.76|0.0|-164311.2435515163|-164310.19671788914|-164309.16249671532|-164308.1408879948|-164307.068829461
240.6|1.0|0.76|0.0|-164455.42002498425|-164453.9822053036|-164452.53177316958|-164451.10656594223|-164449.61829644823
240.8|1.0|0.76|0.0|-164572.87980293232|-164571.5176579717|-164570.1933503711|-164568.86904277047|-164567.49428535652
241.0|1.0|0.76|0.0|-164554.46968221024|-164553.56158556984|-164552.6787138361|-164551.821067009|-164550.90035791526
241.2|1.0|0.76|0.0|-164077.26143994188|-164075.9749697013|-164074.71372436738|-164073.47770394012|-164072.19123369953
241.4|1.0|0.76|0.0|-164367.34959452588|-164366.126186552|-164364.91539103142|-164363.72982041753|-164362.49379999028
241.6|1.0|0.76|0.0|-164124.40248435744|-164122.98988958343|-164121.57729480945|-164120.2151498488|-164118.77733016814
241.8|1.0|0.76|0.0|-164317.07146531693|-164315.86066979636|-164314.6750991825|-164313.50214102192|-164312.29134550138
242.0|1.0|0.76|0.0|-164420.1420172693|-164419.09518364214|-164418.03573756167|-164417.0141288412|-164415.94207030736
242.2|1.0|0.76|0.0|-164498.892782828|-164498.07297336095|-164497.2783888006|-164496.49641669355|-164495.66399477315
242.4|1.0|0.76|0.0|-164664.20247259623|-164662.4745664888|-164660.78449774132|-164659.11965390053|-164657.37913533972
242.6|1.0|0.76|0.0|-164431.84513180522|-164430.78568572475|-164429.72623964425|-164428.69201847044|-164427.63257238994
242.8|1.0|0.76|0.0|-164407.4346143306|-164406.22381881002|-164405.01302328944|-164403.84006512893|-164402.616657155
243.0|1.0|0.76|0.0|-164353.6298883855|-164352.73440419842|-164351.86414491804|-164351.00649809095|-164350.09840145055
243.2|1.0|0.76|0.0|-164495.0357691445|-164494.40514647757|-164493.79974871728|-164493.21957586368|-164492.5763407434
243.4|1.0|0.76|0.0|-164174.05793308382|-164172.89758737662|-164171.7372416694|-164170.60212086886|-164169.3913253483
243.6|1.0|0.76|0.0|-164163.36042807947|-164162.33881935902|-164161.3298230919|-164160.3460517314|-164159.2866056509
243.8|1.0|0.76|0.0|-164361.6798497731|-164360.31770481245|-164358.96817230515|-164357.6312522512|-164356.2438823839
244.0|1.0|0.76|0.0|-164177.62631819397|-164176.74344646023|-164175.86057472648|-164175.01554035273|-164174.09483125896
244.2|1.0|0.76|0.0|-163949.9742458716|-163948.96524960443|-163947.99409069735|-163947.0229317902|-163946.01393552308
244.4|1.0|0.76|0.0|-164062.57822928406|-164061.14040960342|-164059.74042728276|-164058.3404449621|-164056.90262528142
244.6|1.0|0.76|0.0|-164101.03140635893|-164100.0602474518|-164099.1269259047|-164098.20621681094|-164097.2224454505
244.8|1.0|0.76|0.0|-164312.35306205743|-164311.45757787034|-164310.5747061366|-164309.71705930954|-164308.8089626691
245.0|1.0|0.76|0.0|-164229.56500736423|-164228.48033637705|-164227.42089029658|-164226.38666912276|-164225.28938568223
245.2|1.0|0.76|0.0|-164027.4256046102|-164026.53012042312|-164025.65986114272|-164024.814826769|-164023.90673012857
245.4|1.0|0.76|0.0|-164302.82402625738|-164301.48710620342|-164300.17541105617|-164298.88894081555|-164297.53940830825
245.6|1.0|0.76|0.0|-164416.06750747556|-164414.68013760823|-164413.3179926476|-164411.98107259363|-164410.56847781964
245.8|1.0|0.76|0.0|-164744.8840466566|-164743.52190169596|-164742.21020654868|-164740.8985114014|-164739.53636644076
246.0|1.0|0.76|0.0|-164631.85123983058|-164630.27468316318|-164628.7107389491|-164627.17201964173|-164625.57023806765
246.2|1.0|0.76|0.0|-164394.2200064665|-164393.02182339926|-164391.83625278538|-164390.66329462483|-164389.43988665094
246.4|1.0|0.76|0.0|-164431.31323173712|-164429.66100034968|-164428.00876896223|-164426.40698738815|-164424.72953109405
246.6|1.0|0.76|0.0|-164678.1528161498|-164676.68977156247|-164675.23933942843|-164673.8141322011|-164672.3006378004
246.8|1.0|0.76|0.0|-164449.37296688877|-164447.84686003474|-164446.34597808734|-164444.85770859334|-164443.34421419262
247.0|1.0|0.76|0.0|-164514.18575246862|-164513.03801921476|-164511.91551086758|-164510.8056149737|-164509.62004435982
247.2|1.0|0.76|0.0|-164774.33474543644|-164772.89692575578|-164771.45910607514|-164770.0338988478|-164768.5582418071
247.4|1.0|0.76|0.0|-164755.94578846788|-164754.74760540063|-164753.57464724014|-164752.4395264396|-164751.228730919
247.6|1.0|0.76|0.0|-164850.34385884643|-164849.5240493794|-164848.72946481904|-164847.947492712|-164847.1150707916
247.8|1.0|0.76|0.0|-164512.58932796225|-164511.45420716167|-164510.31908636115|-164509.23441537397|-164508.07406966676
248.0|1.0|0.76|0.0|-164682.08808838789|-164680.94035513402|-164679.83045924018|-164678.73317579966|-164677.5854425458
248.2|1.0|0.76|0.0|-164499.8431004922|-164498.31699363815|-164496.80349923743|-164495.3026172901|-164493.75128552935
248.4|1.0|0.76|0.0|-164396.78117046197|-164395.59559984808|-164394.42264168753|-164393.27490843364|-164392.0641129131
248.6|1.0|0.76|0.0|-164218.8222334474|-164217.5105383001|-164216.2114556062|-164214.92498536556|-164213.58806531163
248.8|1.0|0.76|0.0|-164302.59127062876|-164301.5696619083|-164300.56066564115|-164299.57689428068|-164298.53006065355
249.0|1.0|0.76|0.0|-164397.25433531406|-164396.37146358032|-164395.48859184657|-164394.65616992617|-164393.73546083242
249.2|1.0|0.76|0.0|-164507.5130449021|-164506.41576146157|-164505.33109047438|-164504.25903194057|-164503.12391114002
249.4|1.0|0.76|0.0|-164334.91238040465|-164333.9286090442|-164332.9574501371|-164332.02412858998|-164331.0277447762
249.6|1.0|0.76|0.0|-163996.1214720118|-163995.2512127314|-163994.38095345098|-163993.5485315306|-163992.64043489017
249.8|1.0|0.76|0.0|-163957.37118438835|-163956.8414613481|-163956.31173830788|-163955.79462772096|-163955.2270673207
250.0|1.0|0.76|0.0|-164155.75066343052|-164155.34706492367|-164154.98130377682|-164154.6281550833|-164154.19933166978
250.2|1.0|0.76|0.0|-164405.09876036597|-164404.00147692545|-164402.92941839164|-164401.8699723111|-164400.7600764173
250.4|1.0|0.76|0.0|-164047.53606801655|-164046.42617212268|-164045.32888868218|-164044.25683014834|-164043.10909689448
250.6|1.0|0.76|0.0|-164028.9957616079|-164027.81019099403|-164026.64984528685|-164025.51472448627|-164024.3039289657
250.8|1.0|0.76|0.0|-163913.0648612974|-163912.11892729698|-163911.18560574987|-163910.27750910944|-163909.293737749
251.0|1.0|0.76|0.0|-164004.0320470281|-164002.3672031873|-164000.71497179987|-163999.0753528658|-163997.39789657167
251.2|1.0|0.76|0.0|-164026.33186334465|-164025.04539310405|-164023.79676022346|-164022.57335224957|-164021.2616571023
251.4|1.0|0.76|0.0|-163754.48304407127|-163753.32269836406|-163752.21280247025|-163751.09029412305|-163749.94256086915
251.6|1.0|0.76|0.0|-164128.98178891963|-164127.92234283913|-164126.8881216653|-164125.87912539818|-164124.79445441102
251.8|1.0|0.76|0.0|-164223.39161857098|-164222.1429856904|-164220.9195777165|-164219.72139464927|-164218.44753686202
252.0|1.0|0.76|0.0|-164193.51481458085|-164192.21573188694|-164190.91664919298|-164189.64279140573|-164188.31848380508
252.2|1.0|0.76|0.0|-164311.1890042357|-164310.14217060854|-164309.1205618881|-164308.1367905276|-164307.0647319938
252.4|1.0|0.76|0.0|-164163.09376333834|-164161.79468064438|-164160.5082104038|-164159.24696506985|-164157.91004501592
252.6|1.0|0.76|0.0|-164437.7451842373|-164436.39565173|-164435.08395658273|-164433.77226143546|-164432.4101164748
252.8|1.0|0.76|0.0|-164182.7970524385|-164181.6493191846|-164180.5268108374|-164179.41691494358|-164178.25656923637
253.0|1.0|0.76|0.0|-164148.5542416225|-164147.34344610196|-164146.1326505814|-164144.9470799675|-164143.71105954028
253.2|1.0|0.76|0.0|-164183.95121831252|-164183.24492092556|-164182.5890733519|-164181.90800087157|-164181.1764785779
253.4|1.0|0.76|0.0|-164417.7735570942|-164416.7771732804|-164415.8186268266|-164414.8474679195|-164413.83847165236
253.6|1.0|0.76|0.0|-164343.14244573994|-164341.99471248608|-164340.89742904555|-164339.80014560503|-164338.63979989782
253.8|1.0|0.76|0.0|-164790.28340160512|-164789.32485515132|-164788.3789211509|-164787.45821205713|-164786.44921579
254.0|1.0|0.76|0.0|-164686.88345808996|-164685.66005011604|-164684.44925459547|-164683.23845907493|-164682.00243864767
254.2|1.0|0.76|0.0|-164559.48067946234|-164558.64825754196|-164557.8158356216|-164556.99602615455|-164556.12576687415
254.4|1.0|0.76|0.0|-164473.17100194332|-164472.08633095614|-164471.03949732898|-164469.99266370182|-164468.8953802613
254.6|1.0|0.76|0.0|-164585.21070578383|-164583.83594836982|-164582.48641586254|-164581.13688335524|-164579.7369010346
254.8|1.0|0.76|0.0|-164461.52409494223|-164460.35113678168|-164459.17817862116|-164458.03044536727|-164456.83226230004
255.0|1.0|0.76|0.0|-164392.40953258204|-164391.14828724813|-164389.93749172756|-164388.72669620698|-164387.46545087307
255.2|1.0|0.76|0.0|-164233.24632384744|-164231.69499208673|-164230.1688852327|-164228.655390832|-164227.0914466179
255.4|1.0|0.76|0.0|-164442.41125002495|-164441.3265790378|-164440.26713295726|-164439.23291178347|-164438.12301588964
255.6|1.0|0.76|0.0|-164342.9376488682|-164341.77730316098|-164340.62956990712|-164339.50706155994|-164338.32149094605
255.8|1.0|0.76|0.0|-164491.36507569745|-164490.30562961695|-164489.2587959898|-164488.22457481598|-164487.15251628216
256.0|1.0|0.76|0.0|-164274.50267079935|-164273.5441243456|-164272.59819034516|-164271.69009370473|-164270.70632234425
256.2|1.0|0.76|0.0|-164330.16074564605|-164329.25264900565|-164328.34455236522|-164327.47429308482|-164326.5409715377
256.4|1.0|0.76|0.0|-164418.70855785208|-164417.33380043812|-164415.98426793082|-164414.6599603302|-164413.25997800953
256.6|1.0|0.76|0.0|-164010.3421013965|-164008.95473152917|-164007.59258656853|-164006.2556665146|-164004.8430717406
256.8|1.0|0.76|0.0|-164087.3148254004|-164085.96529289312|-164084.62837283916|-164083.31667769188|-164081.9419202779
257.0|1.0|0.76|0.0|-164239.3000145789|-164238.05138169831|-164236.82797372443|-164235.61717820386|-164234.35593286992
257.2|1.0|0.76|0.0|-164094.96009371028|-164093.13128797608|-164091.31509469525|-164089.5241263211|-164087.67009568025
257.4|1.0|0.76|0.0|-164022.39878116205|-164021.15014828148|-164019.9015154009|-164018.66549497363|-164017.3916371864
257.6|1.0|0.76|0.0|-164422.58479932966|-164421.50012834248|-164420.41545735532|-164419.3812361815|-164418.27134028764
257.8|1.0|0.76|0.0|-164422.83704839644|-164422.00462647606|-164421.19742946237|-164420.41545735532|-164419.55781052823
258.0|1.0|0.76|0.0|-164226.7198550974|-164225.7991460036|-164224.9162742699|-164224.03340253615|-164223.10008098904
258.2|1.0|0.76|0.0|-164519.64184402357|-164518.68329756978|-164517.73736356932|-164516.80404202224|-164515.8202706618
258.4|1.0|0.76|0.0|-164476.60905635197|-164475.70095971154|-164474.81808797782|-164473.93521624405|-164473.01450715028
258.6|1.0|0.76|0.0|-164184.55160772486|-164183.5930612711|-164182.65973972398|-164181.75164308358|-164180.7678717231
258.8|1.0|0.76|0.0|-164573.62522520416|-164572.54055421698|-164571.45588322982|-164570.40904960266|-164569.28654125545
259.0|1.0|0.76|0.0|-164327.4553609294|-164326.39591484892|-164325.3616936751|-164324.3274725013|-164323.26802642082
259.2|1.0|0.76|0.0|-164364.437864141|-164363.693729394|-164362.97481955364|-164362.24329726|-164361.4739376063
259.4|1.0|0.76|0.0|-164130.83489096913|-164129.42229619515|-164128.0223138745|-164126.64755646055|-164125.18451187317
259.6|1.0|0.76|0.0|-164274.40110605196|-164273.39210978482|-164272.3831135177|-164271.39934215724|-164270.35250853008
259.8|1.0|0.76|0.0|-164470.31351481017|-164469.21623136965|-164468.1693977425|-164467.12256411533|-164466.0126682215
260.0|1.0|0.76|0.0|-164300.28333000236|-164298.95902240177|-164297.63471480116|-164296.34824456056|-164294.99871205326
260.2|1.0|0.76|0.0|-164077.85983418996|-164076.32111488256|-164074.79500802854|-164073.29412608116|-164071.7301818671
260.4|1.0|0.76|0.0|-164208.96628665106|-164207.80594094386|-164206.68343259665|-164205.56092424947|-164204.37535363558
260.6|1.0|0.76|0.0|-164034.30705634214|-164033.02058610154|-164031.77195322094|-164030.5359327937|-164029.23685009978
260.8|1.0|0.76|0.0|-164189.468717023|-164187.80387318222|-164186.1516417948|-164184.5120228607|-164182.82195411323
261.0|1.0|0.76|0.0|-164269.55830836837|-164268.05742642097|-164266.60699428694|-164265.14394969962|-164263.6304552989
261.2|1.0|0.76|0.0|-164435.40709996258|-164433.96928028192|-164432.56929796128|-164431.18192809395|-164429.73149595995
261.4|1.0|0.76|0.0|-164255.8329903092|-164254.11769665504|-164252.4276279076|-164250.76278406684|-164249.02226550604
261.6|1.0|0.76|0.0|-164110.56184637148|-164109.4393380243|-164108.31682967712|-164107.2195462366|-164106.08442543604
261.8|1.0|0.76|0.0|-164057.32692701416|-164056.15396885364|-164054.98101069307|-164053.84588989255|-164052.635094372
262.0|1.0|0.76|0.0|-164520.5496890976|-164519.80555435055|-164519.0866445102|-164518.39295957657|-164517.62359992287
262.2|1.0|0.76|0.0|-164726.0127415966|-164724.52447210258|-164723.07403996855|-164721.61099538123|-164720.11011343385
262.4|1.0|0.76|0.0|-164369.93795892398|-164368.67671359004|-164367.44069316282|-164366.22989764225|-164364.95603985497
262.6|1.0|0.76|0.0|-164433.84129263225|-164432.80707145846|-164431.78546273796|-164430.7638540175|-164429.69179548364
262.8|1.0|0.76|0.0|-164161.513200132|-164160.37807933145|-164159.25557098427|-164158.15828754377|-164157.01055428988
263.0|1.0|0.76|0.0|-164064.0946105399|-164063.26218861953|-164062.4423791525|-164061.6477945921|-164060.79014776504
263.2|1.0|0.76|0.0|-164109.91565352128|-164108.9571070675|-164108.01117306703|-164107.07785151995|-164106.0940801595
263.4|1.0|0.76|0.0|-164277.24734082117|-164276.3014068207|-164275.3680852736|-164274.43476372655|-164273.47621727272
263.6|1.0|0.76|0.0|-164183.3112966667|-164182.13833850616|-164180.96538034562|-164179.81764709175|-164178.61946402452
263.8|1.0|0.76|0.0|-164120.91389658538|-164120.24543655838|-164119.6148138914|-164118.98419122444|-164118.2905062908
264.0|1.0|0.76|0.0|-164110.8563261015|-164109.6959803943|-164108.53563468708|-164107.40051388656|-164106.21494327267
264.2|1.0|0.76|0.0|-163903.13782750507|-163901.77568254445|-163900.4135375838|-163899.07661752985|-163897.66402275587
264.4|1.0|0.76|0.0|-164062.47187472513|-164061.45026600466|-164060.44126973752|-164059.4322734704|-164058.38543984323
264.6|1.0|0.76|0.0|-164133.68777734647|-164132.70400598602|-164131.74545953222|-164130.81213798514|-164129.8283666247
264.8|1.0|0.76|0.0|-164712.12472445096|-164710.96437874375|-164709.82925794323|-164708.69413714268|-164707.50856652882
265.0|1.0|0.76|0.0|-164267.04926553086|-164266.31774323722|-164265.6114458502|-164264.9303733699|-164264.17362616953
265.2|1.0|0.76|0.0|-164359.99849963718|-164359.4940015036|-164359.01472827673|-164358.54806750317|-164358.03095691625
265.4|1.0|0.76|0.0|-164312.44145809364|-164311.70993579997|-164311.02886331966|-164310.33517838598|-164309.57843118563
265.6|1.0|0.76|0.0|-164284.42262052986|-164283.13615028927|-164281.87490495536|-164280.61365962142|-164279.31457692749
265.8|1.0|0.76|0.0|-164218.95137524602|-164217.89192916552|-164216.84509553836|-164215.81087436454|-164214.7262033774
266.0|1.0|0.76|0.0|-164218.61080406074|-164217.69009496697|-164216.76938587322|-164215.88651413948|-164214.94058013902
266.2|1.0|0.76|0.0|-164503.28964567764|-164502.00317543704|-164500.71670519645|-164499.45545986254|-164498.14376471526
266.4|1.0|0.76|0.0|-164336.13968683674|-164335.6099637965|-164335.08024075624|-164334.58835507603|-164334.02079467574
266.6|1.0|0.76|0.0|-164292.75284734985|-164291.59250164265|-164290.44476838878|-164289.32226004158|-164288.14930188106
266.8|1.0|0.76|0.0|-164330.38850199635|-164329.55608007597|-164328.77410796893|-164327.97952340858|-164327.14710148817
267.0|1.0|0.76|0.0|-164072.56473083617|-164071.58095947572|-164070.6098005686|-164069.66386656815|-164068.65487030102
267.2|1.0|0.76|0.0|-164453.18211364854|-164452.09744266138|-164451.01277167423|-164449.95332559373|-164448.84342969986
267.4|1.0|0.76|0.0|-164146.90347941846|-164145.81880843127|-164144.73413744412|-164143.68730381696|-164142.59002037643
267.6|1.0|0.76|0.0|-164166.27993090116|-164165.29615954074|-164164.3502255403|-164163.41690399317|-164162.42052017938
267.8|1.0|0.76|0.0|-164188.35315743228|-164187.4576732452|-164186.57480151145|-164185.6919297777|-164184.75860823062
268.0|1.0|0.76|0.0|-164430.42397437178|-164429.1122792245|-164427.82580898394|-164426.56456365|-164425.24025604935
268.2|1.0|0.76|0.0|-164293.78065489477|-164292.89778316102|-164292.01491142728|-164291.1572646002|-164290.23655550645
268.4|1.0|0.76|0.0|-164480.35499254323|-164479.59824534287|-164478.8667230492|-164478.14781320887|-164477.36584110183
268.6|1.0|0.76|0.0|-164262.6556106334|-164261.16734113934|-164259.70429655202|-164258.26647687133|-164256.77820737733
268.8|1.0|0.76|0.0|-164154.86958439648|-164153.63356396923|-164152.397543542|-164151.18674802146|-164149.92550268752
269.0|1.0|0.76|0.0|-164000.18928224695|-163999.00371163306|-163997.7929161125|-163996.6325704053|-163995.39654997806
269.2|1.0|0.76|0.0|-164208.67313594415|-164207.26054117014|-164205.86055884947|-164204.4858014355|-164203.04798175485
269.4|1.0|0.76|0.0|-164036.02372418463|-164034.83815357077|-164033.6525829569|-164032.49223724968|-164031.3066666358
269.6|1.0|0.76|0.0|-163966.36203267568|-163965.12601224842|-163963.91521672785|-163962.729646114|-163961.46840078005
269.8|1.0|0.76|0.0|-164190.94200153017|-164190.16002942313|-164189.42850712946|-164188.68437238244|-164187.8897878221
270.0|1.0|0.76|0.0|-164193.42311079992|-164192.30060245274|-164191.19070655887|-164190.10603557172|-164188.97091477117
270.2|1.0|0.76|0.0|-164056.21223092265|-164055.03927276208|-164053.8915395082|-164052.76903116103|-164051.58346054715
270.4|1.0|0.76|0.0|-164296.0402070318|-164295.3717470048|-164294.74112433783|-164294.09788921755|-164293.4042042839
270.6|1.0|0.76|0.0|-164140.84396869276|-164139.53227354548|-164138.25841575823|-164136.99717042432|-164135.6728628237
270.8|1.0|0.76|0.0|-164151.2437493375|-164149.81854211018|-164148.41855978954|-164147.01857746887|-164145.59337024155
271.0|1.0|0.76|0.0|-164390.38847710233|-164389.24074384847|-164388.09301059457|-164386.9705022474|-164385.8101565402
271.2|1.0|0.76|0.0|-164345.2641759252|-164344.15428003133|-164343.0443841375|-164341.9597131503|-164340.8245923498
271.4|1.0|0.76|0.0|-164346.3797420623|-164345.54732014192|-164344.74012312823|-164343.9581510212|-164343.10050419412
271.6|1.0|0.76|0.0|-163989.53916979194|-163988.31576181806|-163987.11757875083|-163985.93200813697|-163984.68337525637
271.8|1.0|0.76|0.0|-163838.9715316435|-163837.98776028302|-163837.02921382926|-163836.0832798288|-163835.06167110836
272.0|1.0|0.76|0.0|-163996.41044314616|-163994.26632607848|-163992.16004637082|-163990.0663791165|-163987.9096495955
272.2|1.0|0.76|0.0|-164130.70784630207|-164129.28263907475|-164127.89526920745|-164126.50789934013|-164125.08269211277
272.4|1.0|0.76|0.0|-164105.58859371053|-164104.1255491232|-164102.68772944252|-164101.24990976183|-164099.76164026782
272.6|1.0|0.76|0.0|-163538.96148888642|-163538.3056413128|-163537.64979373914|-163536.99394616552|-163536.3128736852
272.8|1.0|0.76|0.0|-163877.94703903227|-163877.00110503184|-163876.0930083914|-163875.18491175098|-163874.22636529722
273.0|1.0|0.76|0.0|-163908.00251533964|-163907.29621795262|-163906.640370379|-163905.9971352587|-163905.2908378717
273.2|1.0|0.76|0.0|-163996.25169698746|-163995.28053808032|-163994.34721653324|-163993.41389498612|-163992.43012362567
273.4|1.0|0.76|0.0|-164231.76466025636|-164230.5917020958|-164229.40613148193|-164228.24578577472|-164227.0223778008
273.6|1.0|0.76|0.0|-164348.23206677104|-164347.04649615716|-164345.91137535663|-164344.7762545561|-164343.57807148888
273.8|1.0|0.76|0.0|-164103.1043687747|-164101.7926736274|-164100.5062033868|-164099.21973314622|-164097.88281309223
274.0|1.0|0.76|0.0|-164117.37800262182|-164116.07891992788|-164114.7924496873|-164113.53120435338|-164112.21950920607
274.2|1.0|0.76|0.0|-164116.49513088807|-164115.54919688762|-164114.61587534056|-164113.68255379345|-164112.72400733965
274.4|1.0|0.76|0.0|-164392.4474936868|-164391.69074648645|-164390.95922419275|-164390.2277018991|-164389.47095469874
274.6|1.0|0.76|0.0|-164290.80097191682|-164289.69107602292|-164288.6190174891|-164287.5595714086|-164286.4244506081
274.8|1.0|0.76|0.0|-164329.45378197278|-164327.8520003987|-164326.26283127797|-164324.6988870639|-164323.08449303647
275.0|1.0|0.76|0.0|-164110.03392575047|-164108.62133097646|-164107.2465735625|-164105.87181614852|-164104.43399646785
275.2|1.0|0.76|0.0|-163924.13897598383|-163923.39484123682|-163922.63809403643|-163921.90657174276|-163921.12459963572
275.4|1.0|0.76|0.0|-164013.66853696087|-164012.86133994715|-164012.05414293343|-164011.28478327976|-164010.43974890604
275.6|1.0|0.76|0.0|-164364.48916215065|-164362.89999302992|-164361.32343636252|-164359.7721046018|-164358.15771057436
275.8|1.0|0.76|0.0|-164209.44394016295|-164208.35926917577|-164207.2998230953|-164206.2529894681|-164205.1557060276
276.0|1.0|0.76|0.0|-164284.97531221304|-164284.07982802598|-164283.20956874554|-164282.35192191848|-164281.44382527808
276.2|1.0|0.76|0.0|-164137.9852164409|-164136.78703337366|-164135.60146275978|-164134.44111705254|-164133.23032153197
276.4|1.0|0.76|0.0|-164214.66027327746|-164213.42425285024|-164212.23868223635|-164211.02788671578|-164209.79186628855
276.6|1.0|0.76|0.0|-164190.72183683966|-164189.53626622577|-164188.3885329719|-164187.24079971804|-164186.03000419747
276.8|1.0|0.76|0.0|-164464.6334025411|-164463.662243634|-164462.70369718023|-164461.7451507264|-164460.74876691264
277.0|1.0|0.76|0.0|-164546.38732508587|-164545.201754472|-164544.02879631144|-164542.86845060423|-164541.67026753703
277.2|1.0|0.76|0.0|-164265.4599950274|-164264.2744244135|-164263.10146625296|-164261.9537329991|-164260.74293747853
277.4|1.0|0.76|0.0|-164222.16144271387|-164220.83713511328|-164219.525439966|-164218.2389697254|-164216.8894372181
277.6|1.0|0.76|0.0|-164582.29648603863|-164581.04785315803|-164579.84967009083|-164578.6640994769|-164577.402854143
277.8|1.0|0.76|0.0|-164687.03029856744|-164685.64292870014|-164684.30600864615|-164682.94386368553|-164681.5564938182
278.0|1.0|0.76|0.0|-164601.0522568368|-164599.66488696946|-164598.30274200882|-164596.95320950155|-164595.55322718088
278.2|1.0|0.76|0.0|-164465.93264094664|-164464.68400806605|-164463.44798763882|-164462.22457966494|-164460.9381094243
278.4|1.0|0.76|0.0|-164390.88325161653|-164389.76074326935|-164388.67607228216|-164387.60401374832|-164386.45628049446
278.6|1.0|0.76|0.0|-164222.20876038706|-164221.35111356|-164220.5186916396|-164219.6862697192|-164218.8033979855
278.8|1.0|0.76|0.0|-164533.0871194472|-164531.9898360067|-164530.9303899262|-164529.88355629903|-164528.76104795182
279.0|1.0|0.76|0.0|-164414.03273775612|-164413.26337810242|-164412.50663090206|-164411.7751086084|-164410.9679115947
279.2|1.0|0.76|0.0|-164420.93571706387|-164419.44744756984|-164417.9844029825|-164416.53397084848|-164415.02047644777
279.4|1.0|0.76|0.0|-164786.0536287807|-164785.13291968696|-164784.23743549988|-164783.35456376613|-164782.39601731236
279.6|1.0|0.76|0.0|-164715.85068913535|-164714.91736758823|-164713.9966584945|-164713.08856185406|-164712.13001540027
279.8|1.0|0.76|0.0|-164337.2712519605|-164336.22441833335|-164335.19019715957|-164334.2064257991|-164333.1217548119
280.0|1.0|0.76|0.0|-164520.07615065906|-164518.85274268518|-164517.61672225792|-164516.4185391907|-164515.15729385676
280.2|1.0|0.76|0.0|-164358.53719809226|-164357.31379011838|-164356.12821950452|-164354.95526134394|-164353.70662846338
280.4|1.0|0.76|0.0|-164455.23687784403|-164453.77383325668|-164452.33601357602|-164450.89819389535|-164449.42253685466
280.6|1.0|0.76|0.0|-164341.0511403434|-164339.8907946362|-164338.75567383564|-164337.6457779418|-164336.4602073279
280.8|1.0|0.76|0.0|-164211.17095589748|-164210.12412227035|-164209.1151260032|-164208.11874218937|-164207.0592961089
281.0|1.0|0.76|0.0|-164200.5327778026|-164199.34720718872|-164198.1868614815|-164197.02651577428|-164195.82833270705
281.2|1.0|0.76|0.0|-164531.09911383942|-164530.0648926656|-164529.01805903847|-164528.0090627713|-164526.9370042375
281.4|1.0|0.76|0.0|-164164.74128486277|-164163.50526443555|-164162.2692440083|-164161.0836733944|-164159.80981560712
281.6|1.0|0.76|0.0|-164714.87748716067|-164713.8937158002|-164712.90994443977|-164711.95139798595|-164710.9424017188
281.8|1.0|0.76|0.0|-164658.30730745822|-164657.23524892438|-164656.15057793722|-164655.10374431006|-164654.00646086954
282.0|1.0|0.76|0.0|-164616.1003009851|-164614.88950546453|-164613.71654730398|-164612.55620159677|-164611.33279362286
282.2|1.0|0.76|0.0|-164700.89004105024|-164699.60357080962|-164698.31710056902|-164697.06846768843|-164695.74416008784
282.4|1.0|0.76|0.0|-164407.75057246097|-164406.48932712706|-164405.27853160648|-164404.0677360859|-164402.79387829866
282.6|1.0|0.76|0.0|-164453.07263861535|-164451.7357185614|-164450.42402341412|-164449.11232826684|-164447.76279575957
282.8|1.0|0.76|0.0|-164281.56609494908|-164280.8597975621|-164280.1787250818|-164279.52287750813|-164278.80396766777
283.0|1.0|0.76|0.0|-163926.10932249008|-163924.8606896095|-163923.62466918223|-163922.40126120835|-163921.1274034211
283.2|1.0|0.76|0.0|-164106.4836674692|-164105.34854666865|-164104.22603832147|-164103.11614242764|-164101.96840917377
283.4|1.0|0.76|0.0|-164045.60563530476|-164044.64708885096|-164043.7263797572|-164042.80567066342|-164041.84712420966
283.6|1.0|0.76|0.0|-164210.86766263266|-164209.34155577864|-164207.84067383123|-164206.36501679054|-164204.82629748317
283.8|1.0|0.76|0.0|-164050.4300625181|-164049.2318794509|-164048.05892129033|-164046.89857558312|-164045.67516760924
284.0|1.0|0.76|0.0|-163678.52383993304|-163677.51484366588|-163676.54368475877|-163675.59775075832|-163674.58875449118
284.2|1.0|0.76|0.0|-164139.2063106011|-164138.17208942724|-164137.1504807068|-164136.154096893|-164135.10726326585
284.4|1.0|0.76|0.0|-164093.1992885991|-164092.08939270527|-164090.9794968114|-164089.89482582425|-164088.7597050237
284.6|1.0|0.76|0.0|-164271.75565129754|-164270.9232293772|-164270.0908074568|-164269.30883534977|-164268.4511885227
284.8|1.0|0.76|0.0|-164358.34211712578|-164357.6484321921|-164356.97997216514|-164356.33673704482|-164355.6178272045
285.0|1.0|0.76|0.0|-164091.42570526284|-164090.32842182234|-164089.2563632885|-164088.1843047547|-164087.07440886082
285.2|1.0|0.76|0.0|-163931.47991622763|-163930.5213697739|-163929.5754357734|-163928.6421142263|-163927.65834286585
285.4|1.0|0.76|0.0|-163734.25194797487|-163733.2303392544|-163732.24656789392|-163731.2754089868|-163730.25380026634
285.6|1.0|0.76|0.0|-164087.11242939264|-164085.750284432|-164084.4259768314|-164083.11428168413|-164081.7521367235
285.8|1.0|0.76|0.0|-164402.17565549316|-164401.11620941266|-164400.0946006922|-164399.08560442502|-164398.0135458912
286.0|1.0|0.76|0.0|-164430.72202847817|-164429.6121325843|-164428.54007405048|-164427.46801551664|-164426.33289471612
286.2|1.0|0.76|0.0|-164371.13060204615|-164370.18466804572|-164369.2765714053|-164368.39369967155|-164367.43515321778
286.4|1.0|0.76|0.0|-163918.92965318696|-163917.80714483978|-163916.69724894591|-163915.59996550542|-163914.45223225153
286.6|1.0|0.76|0.0|-163956.99265902498|-163955.98366275785|-163954.98727894406|-163954.0035075836|-163952.98189886313
286.8|1.0|0.76|0.0|-164115.11246187182|-164114.28003995144|-164113.47284293774|-164112.65303347068|-164111.7827741903
287.0|1.0|0.76|0.0|-164520.3505804531|-164518.59744943894|-164516.85693087813|-164515.14163722398|-164513.35066884983
287.2|1.0|0.76|0.0|-164005.30843589304|-164004.12286527912|-164002.97513202525|-164001.84001122473|-164000.6418281575
287.4|1.0|0.76|0.0|-164283.0724957825|-164281.91215007528|-164280.7896417281|-164279.69235828758|-164278.51940012703
287.6|1.0|0.76|0.0|-164348.3014145743|-164346.77530772024|-164345.2870382262|-164343.79876873217|-164342.2600494248
287.8|1.0|0.76|0.0|-164465.5152564899|-164464.2035613426|-164462.91709110202|-164461.65584576808|-164460.3315381675
288.0|1.0|0.76|0.0|-164214.70607422266|-164213.7601402222|-164212.8268186751|-164211.90610958135|-164210.92233822087
288.2|1.0|0.76|0.0|-164153.08026073757|-164151.79379049697|-164150.5451576164|-164149.2965247358|-164147.98482958853
288.4|1.0|0.76|0.0|-164484.10666256375|-164482.85802968315|-164481.5967843492|-164480.36076392198|-164479.0742936814
288.6|1.0|0.76|0.0|-164302.2886804211|-164300.8760856471|-164299.47610332645|-164298.10134591247|-164296.67613868514
288.8|1.0|0.76|0.0|-164226.17110049882|-164224.63238119145|-164223.11888679073|-164221.60539239002|-164220.02883572262
289.0|1.0|0.76|0.0|-164490.8575341402|-164489.33142728615|-164487.8431577921|-164486.36750075142|-164484.82878144403
289.2|1.0|0.76|0.0|-164688.32104807545|-164687.8291623952|-164687.36250162165|-164686.90845330144|-164686.4039551679
289.4|1.0|0.76|0.0|-164424.30319579953|-164423.2941995324|-164422.2978157186|-164421.3266568115|-164420.305048091
289.6|1.0|0.76|0.0|-164544.70903237865|-164543.68742365815|-164542.6658149377|-164541.68204357722|-164540.62259749672
289.8|1.0|0.76|0.0|-164602.9513123991|-164601.98015349198|-164601.03421949153|-164600.11351039776|-164599.14235149065
290.0|1.0|0.76|0.0|-164253.46943290412|-164252.05683813014|-164250.6946931695|-164249.3199357555|-164247.88211607485
290.2|1.0|0.76|0.0|-164412.16993994702|-164410.9843693331|-164409.7861862659|-164408.63845301207|-164407.4276574915
290.4|1.0|0.76|0.0|-164369.8039470819|-164368.4418021213|-164367.07965716065|-164365.7427371067|-164364.3553672394
290.6|1.0|0.76|0.0|-164258.91479514894|-164257.57787509498|-164256.27879240105|-164255.0049346138|-164253.66801455984
290.8|1.0|0.76|0.0|-164458.00939793332|-164456.38239145256|-164454.79322233182|-164453.20405321108|-164451.55182182364
291.0|1.0|0.76|0.0|-164375.36612802363|-164374.44541892986|-164373.57515964945|-164372.6922879157|-164371.77157882194
291.2|1.0|0.76|0.0|-164521.90831137408|-164520.87409020026|-164519.8272565731|-164518.81826030597|-164517.74620177216
291.4|1.0|0.76|0.0|-164660.40566149197|-164659.030904078|-164657.66875911737|-164656.31922661007|-164654.91924428943
291.6|1.0|0.76|0.0|-164521.93480554913|-164520.62311040185|-164519.3492526146|-164518.0880072807|-164516.76369968007
291.8|1.0|0.76|0.0|-163977.2786205486|-163976.32007409484|-163975.4119774544|-163974.47865590733|-163973.52010945353
292.0|1.0|0.76|0.0|-164191.52365124947|-164190.57771724905|-164189.63178324862|-164188.6984617015|-164187.73991524774
292.2|1.0|0.76|0.0|-164676.64905648894|-164675.71573494183|-164674.80763830143|-164673.92476656765|-164672.96622011389
292.4|1.0|0.76|0.0|-164746.32024873476|-164745.1851279342|-164744.07523204037|-164742.97794859984|-164741.84282779932
292.6|1.0|0.76|0.0|-164627.68751262611|-164626.47671710557|-164625.29114649165|-164624.10557587777|-164622.88216790388
292.8|1.0|0.76|0.0|-164374.18892436876|-164373.26821527496|-164372.36011863456|-164371.46463444747|-164370.51870044705
293.0|1.0|0.76|0.0|-164283.52230182584|-164282.96735387895|-164282.4376308387|-164281.93313270513|-164281.35295985153
293.2|1.0|0.76|0.0|-164011.3320934077|-164010.1969726072|-164009.06185180665|-164007.9519559128|-164006.7916102056
293.4|1.0|0.76|0.0|-164470.46151459857|-164469.0489198246|-164467.63632505058|-164466.24895518328|-164464.79852304928
293.6|1.0|0.76|0.0|-164455.888006445|-164454.6015362044|-164453.34029087046|-164452.0916579899|-164450.7799628426
293.8|1.0|0.76|0.0|-164229.65479587566|-164228.3809380884|-164227.14491766115|-164225.9088972339|-164224.6224269933
294.0|1.0|0.76|0.0|-164184.66410385296|-164183.327183799|-164182.01548865173|-164180.70379350445|-164179.3416485438
294.2|1.0|0.76|0.0|-163951.46330152478|-163950.7948414978|-163950.15160637748|-163949.50837125716|-163948.82729877686
294.4|1.0|0.76|0.0|-164174.7289505355|-164173.3163557615|-164171.9037609875|-164170.5163911202|-164169.07857143952
294.6|1.0|0.76|0.0|-164234.53028538902|-164233.74831328198|-164232.99156608165|-164232.26004378797|-164231.45284677425
294.8|1.0|0.76|0.0|-164333.86596788865|-164333.00832106158|-164332.17589914118|-164331.35608967417|-164330.48583039374
295.0|1.0|0.76|0.0|-164069.1684096586|-164068.47472472495|-164067.79365224464|-164067.1125797643|-164066.39366992397
295.2|1.0|0.76|0.0|-164082.6849637077|-164081.70119234722|-164080.7300334401|-164079.75887453297|-164078.74987826587
295.4|1.0|0.76|0.0|-164429.9538443862|-164428.94484811905|-164427.9610767586|-164426.97730539815|-164425.95569667767
295.6|1.0|0.76|0.0|-164318.14260011853|-164316.6164932645|-164315.1029988638|-164313.6021169164|-164312.0507851557
295.8|1.0|0.76|0.0|-164322.69471326043|-164321.57220491325|-164320.4623090194|-164319.39025048557|-164318.24251723167
296.0|1.0|0.76|0.0|-164257.271454452|-164255.92192194474|-164254.5976143441|-164253.31114410353|-164251.94899914289
296.2|1.0|0.76|0.0|-163934.21607462145|-163933.30797798102|-163932.42510624728|-163931.5674594202|-163930.64675032644
296.4|1.0|0.76|0.0|-164132.4565716457|-164131.17010140506|-164129.8836311645|-164128.62238583056|-164127.31069068328
296.6|1.0|0.76|0.0|-163701.69438064465|-163700.43313531074|-163699.2097273368|-163698.0115442696|-163696.73768648232
296.8|1.0|0.76|0.0|-163864.13016720035|-163862.49054826627|-163860.87615423882|-163859.2617602114|-163857.59691637065
297.0|1.0|0.76|0.0|-164076.14638150923|-164075.3391844955|-164074.5572123885|-164073.77524028145|-164072.9554308144
297.2|1.0|0.76|0.0|-163915.54728940138|-163914.3238814275|-163913.10047345358|-163911.90229038635|-163910.6284325991
297.4|1.0|0.76|0.0|-163978.202593796|-163977.11792280886|-163976.03325182167|-163974.98641819454|-163973.90174720736
297.6|1.0|0.76|0.0|-164043.64765449|-164042.8404574763|-164042.0332604626|-164041.25128835556|-164040.41886643518
297.8|1.0|0.76|0.0|-164217.92771763954|-164217.2088077992|-164216.50251041222|-164215.8214379319|-164215.0773031849
298.0|1.0|0.76|0.0|-164117.88573775292|-164117.35601471266|-164116.8515165791|-164116.3722433522|-164115.8172954053
298.2|1.0|0.76|0.0|-164244.35513016593|-164243.40919616548|-164242.48848707174|-164241.56777797797|-164240.59661907086
298.4|1.0|0.76|0.0|-164221.86288966585|-164220.85389339871|-164219.87012203826|-164218.8863506778|-164217.852129504
298.6|1.0|0.76|0.0|-164122.38162110568|-164121.81406070542|-164121.2591127585|-164120.70416481158|-164120.11137950464
298.8|1.0|0.76|0.0|-164131.9194750408|-164131.13750293377|-164130.3429183734|-164129.5987836264|-164128.77897415936
299.0|1.0|0.76|0.0|-164114.85627389236|-164113.93556479862|-164113.04008061154|-164112.1572088778|-164111.22388733068
299.2|1.0|0.76|0.0|-164051.23905924938|-164050.406637329|-164049.57421540862|-164048.7670183949|-164047.88414666115
299.4|1.0|0.76|0.0|-164064.1158892686|-164063.16995526815|-164062.23663372107|-164061.32853708064|-164060.35737817353
299.6|1.0|0.76|0.0|-163909.61328826557|-163908.83131615855|-163908.09979386485|-163907.36827157118|-163906.57368701082
299.8|1.0|0.76|0.0|-164113.20423803997|-164112.56100291968|-164111.9303802527|-164111.32498249243|-164110.6691349188
300.0|1.0|0.76|0.0|-164077.7442617614|-164076.52085378752|-164075.3100582669|-164074.1118751997|-164072.87585477246
300.2|1.0|0.76|0.0|-164073.41819026606|-164072.2452321055|-164071.08488639828|-164069.9497655978|-164068.76419498387
300.4|1.0|0.76|0.0|-164345.01476047264|-164343.67784041868|-164342.35353281806|-164341.04183767078|-164339.67969271014
300.6|1.0|0.76|0.0|-164001.43350793284|-164001.05513433268|-164000.7019856392|-164000.37406185237|-163999.97046334553
300.8|1.0|0.76|0.0|-164461.0891322869|-164460.10536092645|-164459.121589566|-164458.17565556554|-164457.1666592984
301.0|1.0|0.76|0.0|-164271.01751207578|-164269.85716636857|-164268.7346580214|-164267.59953722087|-164266.41396660698
301.2|1.0|0.76|0.0|-164498.70494191808|-164497.65810829093|-164496.6238871171|-164495.61489084997|-164494.55544476947
301.4|1.0|0.76|0.0|-164268.96910434432|-164267.78353373043|-164266.63580047656|-164265.4880672227|-164264.3024966088
301.6|1.0|0.76|0.0|-164640.59949503487|-164639.6031112211|-164638.61933986063|-164637.66079340686|-164636.63918468638
301.8|1.0|0.76|0.0|-164722.26144061994|-164721.05064509937|-164719.83984957883|-164718.6416665116|-164717.393033631
302.0|1.0|0.76|0.0|-164631.9302106032|-164630.88337697604|-164629.8617682556|-164628.85277198846|-164627.79332590796
302.2|1.0|0.76|0.0|-164432.32429331643|-164431.30268459595|-164430.3189132355|-164429.33514187505|-164428.3009207012
302.4|1.0|0.76|0.0|-164413.79806548817|-164412.77645676772|-164411.79268540724|-164410.8215265001|-164409.78730532632
302.6|1.0|0.76|0.0|-164352.99599447168|-164351.8104238578|-164350.6248532439|-164349.46450753667|-164348.25371201613
302.8|1.0|0.76|0.0|-164087.8595980038|-164086.68663984328|-164085.53890658938|-164084.4037857889|-164083.21821517497
303.0|1.0|0.76|0.0|-164025.08408285654|-164023.83544997597|-164022.63726690874|-164021.45169629483|-164020.20306341426
303.2|1.0|0.76|0.0|-164135.89574271315|-164134.78584681932|-164133.6885633788|-164132.59127993832|-164131.44354668443
303.4|1.0|0.76|0.0|-164116.40455943564|-164115.54691260858|-164114.71449068817|-164113.8820687678|-164112.99919703405
303.6|1.0|0.76|0.0|-164072.8430459656|-164072.11152367192|-164071.38000137822|-164070.6989288979|-164069.94218169758
303.8|1.0|0.76|0.0|-164309.5226893805|-164308.5641429267|-164307.63082137963|-164306.71011228586|-164305.72634092538
304.0|1.0|0.76|0.0|-164431.33088352537|-164430.32188725824|-164429.36334080444|-164428.39218189733|-164427.37057317686
304.2|1.0|0.76|0.0|-164168.43690612284|-164167.4279098557|-164166.4693634019|-164165.5360418548|-164164.5270455877
304.4|1.0|0.76|0.0|-164286.76694335134|-164285.6318225508|-164284.5093142036|-164283.42464321642|-164282.26429750922
304.6|1.0|0.76|0.0|-164081.73890186907|-164080.83080522864|-164079.9353210416|-164079.06506176115|-164078.13174021407
304.8|1.0|0.76|0.0|-164152.35602811532|-164151.30919448816|-164150.31281067437|-164149.31642686058|-164148.25698078008
305.0|1.0|0.76|0.0|-163922.59496563493|-163921.3084953943|-163920.03463760705|-163918.7986171798|-163917.49953448586
305.2|1.0|0.76|0.0|-164207.82872456926|-164206.47919206196|-164205.15488446134|-164203.84318931407|-164202.48104435342
305.4|1.0|0.76|0.0|-164094.29862643834|-164093.21395545118|-164092.14189691734|-164091.0698383835|-164089.972554943
305.6|1.0|0.76|0.0|-163999.2001431178|-163997.83799815716|-163996.5010781032|-163995.18938295593|-163993.81462554194
305.8|1.0|0.76|0.0|-164057.2157846842|-164056.13111369702|-164055.09689252317|-164054.06267134938|-164052.9780003622
306.0|1.0|0.76|0.0|-163624.75998458927|-163623.29694000192|-163621.85912032126|-163620.4213006406|-163618.94564359987
306.2|1.0|0.76|0.0|-163736.1153351212|-163734.6396780805|-163733.17663349313|-163731.7388138125|-163730.22531941178
306.4|1.0|0.76|0.0|-163702.12648821296|-163700.78956815903|-163699.45264810507|-163698.15356541114|-163696.77880799715
306.6|1.0|0.76|0.0|-163683.75014369775|-163682.17358703035|-163680.58441790962|-163679.03308614888|-163677.41869212146
306.8|1.0|0.76|0.0|-163839.10985708842|-163838.0377985546|-163836.99096492745|-163835.95674375363|-163834.8468478598
307.0|1.0|0.76|0.0|-163627.25284989603|-163626.07989173546|-163624.9069335749|-163623.77181277442|-163622.5862421605
307.2|1.0|0.76|0.0|-163775.7807641739|-163774.06547051977|-163772.33756441227|-163770.64749566483|-163768.89436465068
307.4|1.0|0.76|0.0|-164253.4791663891|-164252.26837086852|-164251.08280025466|-164249.90984209412|-164248.6864341202
307.6|1.0|0.76|0.0|-164230.6899862082|-164229.64315258106|-164228.60893140722|-164227.59993514008|-164226.5404890596
307.8|1.0|0.76|0.0|-164193.17336432554|-164191.5841952048|-164189.99502608407|-164188.43108187|-164186.79146293591
308.0|1.0|0.76|0.0|-163782.90545814557|-163781.90907433175|-163780.95052787798|-163779.99198142422|-163778.99559761042
308.2|1.0|0.76|0.0|-164149.28357217996|-164148.53943743295|-164147.833140046|-164147.12684265897|-164146.3700954586
308.4|1.0|0.76|0.0|-164142.91494978682|-164142.38522674656|-164141.89334106632|-164141.42668029276|-164140.87173234587
308.6|1.0|0.76|0.0|-164285.2984427787|-164284.1759344315|-164283.06603853765|-164281.9813675505|-164280.8336342966
308.8|1.0|0.76|0.0|-164090.41081378117|-164089.33875524736|-164088.31714652685|-164087.2955378064|-164086.22347927256
309.0|1.0|0.76|0.0|-164218.69988402486|-164217.66566285107|-164216.64405413056|-164215.64767031677|-164214.58822423627
309.2|1.0|0.76|0.0|-163875.73306515237|-163875.05199267203|-163874.40875755175|-163873.7529099781|-163873.05922504445
309.4|1.0|0.76|0.0|-163936.62849708533|-163935.54382609815|-163934.459155111|-163933.3997090305|-163932.28981313662
309.6|1.0|0.76|0.0|-163796.47891558|-163795.5077566729|-163794.56182267246|-163793.64111357866|-163792.66995467155
309.8|1.0|0.76|0.0|-164114.2749023681|-164113.35419327437|-164112.44609663397|-164111.57583735354|-164110.6299033531
310.0|1.0|0.76|0.0|-164156.879093507|-164156.18540857334|-164155.51694854637|-164154.83587606603|-164154.1169662257
310.2|1.0|0.76|0.0|-164013.27928104642|-164011.8540738191|-164010.46670395174|-164009.09194653778|-164007.65412685712
310.4|1.0|0.76|0.0|-164034.4051403896|-164033.30785694908|-164032.21057350858|-164031.1385149747|-164030.01600662753
310.6|1.0|0.76|0.0|-164096.05481231166|-164094.86924169774|-164093.7215084439|-164092.57377519005|-164091.38820457613
310.8|1.0|0.76|0.0|-164089.22378959708|-164088.39136767667|-164087.58417066297|-164086.78958610262|-164085.9571641822
311.0|1.0|0.76|0.0|-164082.21414106523|-164081.45739386493|-164080.72587157125|-164080.01957418423|-164079.2376020772
311.2|1.0|0.76|0.0|-164134.61410908867|-164133.6303377282|-164132.64656636774|-164131.70063236728|-164130.6664111935
311.4|1.0|0.76|0.0|-164257.4984794444|-164256.22462165714|-164254.95076386989|-164253.71474344263|-164252.40304829538
311.6|1.0|0.76|0.0|-164059.53037525955|-164058.34480464566|-164057.18445893846|-164056.02411323125|-164054.82593016402
311.8|1.0|0.76|0.0|-164116.27081490777|-164114.58074616033|-164112.89067741288|-164111.2384460254|-164109.53576482463
312.0|1.0|0.76|0.0|-164143.49146613677|-164142.3563453362|-164141.25906189572|-164140.13655354854|-164139.00143274802
312.2|1.0|0.76|0.0|-164405.14540392542|-164403.55623480465|-164402.00490304394|-164400.4409588299|-164398.82656480247
312.4|1.0|0.76|0.0|-164198.40687176873|-164196.779865288|-164195.16547126055|-164193.56368968647|-164191.91145829906
312.6|1.0|0.76|0.0|-164156.28345723185|-164154.60600093775|-164152.92854464363|-164151.27631325618|-164149.5736320554
312.8|1.0|0.76|0.0|-164038.09095612753|-164036.57746172682|-164035.0891922328|-164033.6135351921|-164032.08742833807
313.0|1.0|0.76|0.0|-164058.34655619028|-164057.1357606697|-164055.95019005582|-164054.77723189528|-164053.5285990147
313.2|1.0|0.76|0.0|-163886.52859318032|-163885.74662107328|-163884.96464896624|-163884.20790176588|-163883.4007047522
313.4|1.0|0.76|0.0|-163623.96859417696|-163623.27490924328|-163622.6064492163|-163621.9506016427|-163621.256916709
313.6|1.0|0.76|0.0|-163984.585241985|-163983.95461931804|-163983.33660910442|-163982.7564362508|-163982.1005886772
313.8|1.0|0.76|0.0|-163600.98140477267|-163600.0480832256|-163599.1273741318|-163598.23188994473|-163597.28595594427
314.0|1.0|0.76|0.0|-164093.24821201208|-164092.50407726507|-164091.7725549714|-164091.0662575844|-164090.30951038405
314.2|1.0|0.76|0.0|-163957.8839969676|-163957.03896259388|-163956.19392822016|-163955.39934365978|-163954.52908437938
314.4|1.0|0.76|0.0|-163837.23356441798|-163836.1615058841|-163835.11467225695|-163834.08045108317|-163832.99578009598
314.6|1.0|0.76|0.0|-164054.0323035672|-164053.2629439135|-164052.50619671313|-164051.7746744195|-164050.98008985908
314.8|1.0|0.76|0.0|-163859.60966491158|-163858.7772429912|-163857.98265843082|-163857.18807387043|-163856.35565195006
315.0|1.0|0.76|0.0|-164000.3562600171|-163999.66257508346|-163999.00672750984|-163998.3508799362|-163997.64458254923
315.2|1.0|0.76|0.0|-164196.24967536717|-164195.07671720663|-164193.94159640613|-164192.80647560558|-164191.63351744504
315.4|1.0|0.76|0.0|-163974.18616768063|-163972.9501472534|-163971.75196418617|-163970.54116866563|-163969.29253578503
315.6|1.0|0.76|0.0|-163938.47176330577|-163937.27358023854|-163936.10062207803|-163934.95288882413|-163933.7420933036
315.8|1.0|0.76|0.0|-163939.32847913957|-163938.26903305907|-163937.23481188525|-163936.20059071144|-163935.1285321776
316.0|1.0|0.76|0.0|-164067.7054578888|-164066.784748795|-164065.8766521546|-164064.99378042086|-164064.06045887378
316.2|1.0|0.76|0.0|-164073.8586968576|-164072.5470017103|-164071.23530656303|-164069.94883632247|-164068.61191626848
316.4|1.0|0.76|0.0|-164326.19605081523|-164325.50236588155|-164324.82129340124|-164324.15283337425|-164323.44653598728
316.6|1.0|0.76|0.0|-164367.34021065882|-164366.0789653249|-164364.86816980434|-164363.63214937708|-164362.3835164965
316.8|1.0|0.76|0.0|-164222.44834669796|-164221.67898704426|-164220.94746475058|-164220.22855491025|-164219.4465828032
317.0|1.0|0.76|0.0|-163974.66994340034|-163973.62310977318|-163972.63933841273|-163971.64295459894|-163970.60873342512
317.2|1.0|0.76|0.0|-163755.42432187256|-163754.80631165896|-163754.20091389868|-163753.60812859173|-163752.96489347145
317.4|1.0|0.76|0.0|-163922.11378600623|-163920.51200443218|-163918.93544776476|-163917.3715035507|-163915.75710952326
317.6|1.0|0.76|0.0|-163859.1450316312|-163858.04774819067|-163856.9630772035|-163855.903631123|-163854.79373522915
317.8|1.0|0.76|0.0|-163638.75540649318|-163637.2797494525|-163635.8040924118|-163634.34104782445|-163632.82755342373
318.0|1.0|0.76|0.0|-164016.6540387193|-164015.51891791876|-164014.43424693157|-164013.34957594442|-164012.1892302372
318.2|1.0|0.76|0.0|-164152.71994970753|-164151.66050362706|-164150.62628245325|-164149.6172861861|-164148.53261519893
318.4|1.0|0.76|0.0|-164024.49546031613|-164023.68826330244|-164022.9062911954|-164022.1369315417|-164021.31712207463
318.6|1.0|0.76|0.0|-164205.84655367033|-164204.78710758986|-164203.72766150936|-164202.69344033554|-164201.6087693484
318.8|1.0|0.76|0.0|-164109.18840206828|-164108.00283145436|-164106.8172608405|-164105.68214003995|-164104.4713445194
319.0|1.0|0.76|0.0|-164024.26875373535|-164023.17147029485|-164022.07418685433|-164020.9769034138|-164019.8417826133
319.2|1.0|0.76|0.0|-163810.5479527757|-163809.36238216178|-163808.17681154792|-163807.04169074737|-163805.84350768017
319.4|1.0|0.76|0.0|-163854.19976816844|-163853.10248472795|-163852.01781374076|-163850.94575520695|-163849.8106344064
319.6|1.0|0.76|0.0|-163902.9769048409|-163901.6021474269|-163900.26522737296|-163898.95353222569|-163897.5661623584
319.8|1.0|0.76|0.0|-164025.89787508483|-164024.34654332412|-164022.8204364701|-164021.29432961604|-164019.73038540198
320.0|1.0|0.76|0.0|-164097.57808298452|-164096.24116293056|-164094.92946778328|-164093.617772636|-164092.25562767536
320.2|1.0|0.76|0.0|-163932.3595575826|-163930.90912544858|-163929.48391822126|-163928.05871099394|-163926.58305395325
320.4|1.0|0.76|0.0|-164176.36007988302|-164175.18712172244|-164174.0141635619|-164172.86643030803|-164171.65563478746
320.6|1.0|0.76|0.0|-164123.7156996451|-164122.7319282847|-164121.7733818309|-164120.82744783044|-164119.83106401665
320.8|1.0|0.76|0.0|-164031.18110743442|-164030.28562324733|-164029.3775266069|-164028.49465487315|-164027.5739457794
321.0|1.0|0.76|0.0|-163948.20377691573|-163947.283067822|-163946.3875836349|-163945.50471190116|-163944.57139035405
321.2|1.0|0.76|0.0|-164226.53551139837|-164225.75353929133|-164224.98417963763|-164224.2400448906|-164223.40762297023
321.4|1.0|0.76|0.0|-164512.9531077285|-164511.855824288|-164510.77115330083|-164509.699094767|-164508.5765864198
321.6|1.0|0.76|0.0|-164532.97668049112|-164531.8163347839|-164530.68121398336|-164529.55870563618|-164528.38574747564
321.8|1.0|0.76|0.0|-164704.03386034438|-164703.0753138906|-164702.14199234347|-164701.23389570307|-164700.2501243426
322.0|1.0|0.76|0.0|-164570.36454641278|-164569.405999959|-164568.46006595856|-164567.55196931816|-164566.58081041102
322.2|1.0|0.76|0.0|-164917.70428800292|-164916.93492834925|-164916.14034378887|-164915.39620904182|-164914.60162448147
322.4|1.0|0.76|0.0|-164359.3677173249|-164358.28304633772|-164357.2109878039|-164356.16415417675|-164355.0542582829
322.6|1.0|0.76|0.0|-164513.76004091089|-164512.85194427046|-164511.94384763003|-164511.06097589628|-164510.1276543492
322.8|1.0|0.76|0.0|-164548.70800028887|-164548.3926889554|-164548.07737762193|-164547.79990364847|-164547.44675495496
323.0|1.0|0.76|0.0|-164560.13373993468|-164559.06168140084|-164557.98962286703|-164556.94278923987|-164555.84550579934
323.2|1.0|0.76|0.0|-164247.74564796302|-164246.35827809572|-164244.99613313508|-164243.60876326778|-164242.22139340045
323.4|1.0|0.76|0.0|-164326.5987062398|-164325.48881034594|-164324.39152690544|-164323.33208082494|-164322.1969600244
323.6|1.0|0.76|0.0|-164410.2517265076|-164408.78868192024|-164407.3256373329|-164405.88781765223|-164404.39954815822
323.8|1.0|0.76|0.0|-164313.58416350256|-164312.91570347556|-164312.27246835528|-164311.6418456883|-164310.93554830132
324.0|1.0|0.76|0.0|-164408.27846317337|-164407.01721783943|-164405.76858495886|-164404.51995207826|-164403.25870674435
324.2|1.0|0.76|0.0|-164469.16164178602|-164468.00129607882|-164466.8787877316|-164465.75627938443|-164464.5833212239
324.4|1.0|0.76|0.0|-164539.65209071228|-164538.35300801837|-164537.0539253244|-164535.78006753715|-164534.4431474832
324.6|1.0|0.76|0.0|-164474.13039561507|-164473.19707406798|-164472.2637525209|-164471.35565588047|-164470.39710942667
324.8|1.0|0.76|0.0|-164309.66400407176|-164308.83158215138|-164308.04961004434|-164307.2676379373|-164306.42260356358
325.0|1.0|0.76|0.0|-164159.52535952177|-164158.11276474778|-164156.73800733383|-164155.36324991984|-164153.95065514586
325.2|1.0|0.76|0.0|-164280.0121262713|-164278.78871829735|-164277.59053523012|-164276.4175770696|-164275.15633173566
325.4|1.0|0.76|0.0|-164021.26873877994|-164020.5119915796|-164019.78046928594|-164019.04894699226|-164018.2795873386
325.6|1.0|0.76|0.0|-164516.3449188152|-164515.31069764137|-164514.27647646755|-164513.26748020042|-164512.22064657326
325.8|1.0|0.76|0.0|-164389.53302497117|-164388.3600668106|-164387.18710865008|-164386.05198784953|-164384.85380478232
326.0|1.0|0.76|0.0|-164322.05639960637|-164320.94650371253|-164319.8744451787|-164318.80238664488|-164317.66726584433
326.2|1.0|0.76|0.0|-164192.48643765997|-164191.7675278196|-164191.06123043262|-164190.38015795228|-164189.62341075196
326.4|1.0|0.76|0.0|-164218.08072036694|-164216.7185754063|-164215.35643044565|-164214.01951039172|-164212.61952807105
326.6|1.0|0.76|0.0|-164205.62916036462|-164204.64538900414|-164203.68684255038|-164202.74090854995|-164201.74452473613
326.8|1.0|0.76|0.0|-164291.81834855909|-164290.56971567852|-164289.35892015797|-164288.13551218403|-164286.88687930346
327.0|1.0|0.76|0.0|-164138.3110097346|-164137.10021421404|-164135.91464360012|-164134.7542978929|-164133.51827746566
327.2|1.0|0.76|0.0|-164088.8915042997|-164087.76899595253|-164086.671712512|-164085.58704152482|-164084.45192072433
327.4|1.0|0.76|0.0|-164521.22117986126|-164520.22479604743|-164519.26624959364|-164518.29509068653|-164517.2860944194
327.6|1.0|0.76|0.0|-164680.32727873538|-164679.58314398836|-164678.8516216947|-164678.1453243077|-164677.38857710737
327.8|1.0|0.76|0.0|-164663.40264512916|-164662.54499830212|-164661.71257638172|-164660.90537936802|-164660.02250763428
328.0|1.0|0.76|0.0|-164527.31916498338|-164526.37323098292|-164525.46513434252|-164524.5570377021|-164523.62371615498
328.2|1.0|0.76|0.0|-164576.35638356622|-164575.20865031236|-164574.08614196518|-164572.98885852468|-164571.80328791076
328.4|1.0|0.76|0.0|-164503.89447736082|-164502.83503128035|-164501.77558519985|-164500.74136402603|-164499.6440805855
328.6|1.0|0.76|0.0|-164622.01558246172|-164621.10748582133|-164620.22461408755|-164619.3417423538|-164618.4336457134
328.8|1.0|0.76|0.0|-164338.60372514633|-164337.54427906583|-164336.5352827987|-164335.51367407825|-164334.45422799772
329.0|1.0|0.76|0.0|-164419.99280649633|-164418.8576856958|-164417.74778980194|-164416.6378939081|-164415.49016065424
329.2|1.0|0.76|0.0|-164647.53444699466|-164646.43716355413|-164645.35249256695|-164644.29304648648|-164643.15792568593
329.4|1.0|0.76|0.0|-164379.90760147778|-164378.87338030396|-164377.86438403683|-164376.88061267638|-164375.82116659588
329.6|1.0|0.76|0.0|-164144.88714595488|-164144.18084856792|-164143.51238854093|-164142.84392851396|-164142.13763112697
329.8|1.0|0.76|0.0|-164376.55268888955|-164375.36711827567|-164374.20677256846|-164373.0338144079|-164371.82301888734
330.0|1.0|0.76|0.0|-164296.8126075345|-164295.5891995606|-164294.37840404004|-164293.19283342618|-164291.94420054558
330.2|1.0|0.76|0.0|-164243.91397259833|-164242.27435366425|-164240.6599596368|-164239.05817806273|-164237.39333422197
330.4|1.0|0.76|0.0|-164160.1185485181|-164159.4374760378|-164158.78162846417|-164158.12578089052|-164157.44470841018
330.6|1.0|0.76|0.0|-164363.33456994066|-164362.2877363135|-164361.25351513972|-164360.2319064192|-164359.1598478854
330.8|1.0|0.76|0.0|-164214.01968960918|-164212.6197072885|-164211.2323374212|-164209.8701924606|-164208.44498523325
331.0|1.0|0.76|0.0|-164103.35121034287|-164102.2917642624|-164101.24493063524|-164100.21070946145|-164099.11342602092
331.2|1.0|0.76|0.0|-164397.65839815358|-164396.1827411129|-164394.73230897886|-164393.28187684488|-164391.78099489748
331.4|1.0|0.76|0.0|-164508.24770833814|-164507.08736263093|-164505.9522418304|-164504.8297334832|-164503.65677532266
331.6|1.0|0.76|0.0|-164359.76951794134|-164359.08844546104|-164358.45782279407|-164357.80197522044|-164357.1209027401
331.8|1.0|0.76|0.0|-164093.6803962386|-164092.9362614916|-164092.2047391979|-164091.48582935755|-164090.70385725054
332.0|1.0|0.76|0.0|-164085.3705869295|-164084.52555255577|-164083.68051818202|-164082.860708715|-164081.9652245279
332.2|1.0|0.76|0.0|-163992.54293035288|-163991.19339784558|-163989.85647779162|-163988.532170191|-163987.17002523036
332.4|1.0|0.76|0.0|-164220.8310979139|-164219.78426428678|-164218.75004311296|-164217.72843439243|-164216.65637585864
332.6|1.0|0.76|0.0|-164424.01528847642|-164422.86755522256|-164421.70720951536|-164420.5720887148|-164419.38651810095
332.8|1.0|0.76|0.0|-164157.44082823815|-164156.3309323443|-164155.22103645044|-164154.14897791663|-164153.00124466277
333.0|1.0|0.76|0.0|-164129.98426958313|-164128.95004840932|-164127.9158272355|-164126.90683096836|-164125.84738488786
333.2|1.0|0.76|0.0|-164565.92314274228|-164564.76279703507|-164563.6150637812|-164562.492555434|-164561.30698482014
333.4|1.0|0.76|0.0|-164067.0501633631|-164065.67540594912|-164064.33848589516|-164063.01417829454|-164061.62680842725
333.6|1.0|0.76|0.0|-164169.82973118234|-164168.95947190197|-164168.11443752822|-164167.28201560784|-164166.3739189674
333.8|1.0|0.76|0.0|-164085.1497194629|-164083.7749620489|-164082.45065444827|-164081.138959301|-164079.76420188704
334.0|1.0|0.76|0.0|-164249.88708644052|-164248.49971657322|-164247.13757161258|-164245.78803910527|-164244.40066923795
334.2|1.0|0.76|0.0|-164232.45222105255|-164231.46844969207|-164230.49729078493|-164229.5513567845|-164228.52974806403
334.4|1.0|0.76|0.0|-164189.9361428006|-164188.46048575992|-164187.01005362588|-164185.58484639856|-164184.07135199787
334.6|1.0|0.76|0.0|-164212.66418795698|-164211.46600488975|-164210.33088408926|-164209.18315083536|-164207.98496776813
334.8|1.0|0.76|0.0|-164469.44159881273|-164467.91549195867|-164466.41461001133|-164464.92634051727|-164463.3876212099
335.0|1.0|0.76|0.0|-164721.76824743897|-164720.1034035982|-164718.46378466408|-164716.84939063666|-164715.17193434254
335.2|1.0|0.76|0.0|-164441.0758158918|-164440.14249434468|-164439.2217852509|-164438.3389135172|-164437.3803670634
335.4|1.0|0.76|0.0|-164214.07173056988|-164213.26453355615|-164212.45733654246|-164211.67536443542|-164210.8303300617
335.6|1.0|0.76|0.0|-163939.41033420185|-163938.300438308|-163937.2031548675|-163936.13109633367|-163935.00858798646
335.8|1.0|0.76|0.0|-164276.0415938399|-164274.59116170593|-164273.17856693192|-164271.76597215794|-164270.3029275706
336.0|1.0|0.76|0.0|-164317.47350305924|-164316.81765548562|-164316.16180791197|-164315.54379769837|-164314.85011276466
336.2|1.0|0.76|0.0|-164501.7664553617|-164500.25296096102|-164498.75207901362|-164497.27642197293|-164495.73770266556
336.4|1.0|0.76|0.0|-164473.23297693575|-164471.8960568818|-164470.55913682783|-164469.24744168058|-164467.8852967199
336.6|1.0|0.76|0.0|-164344.33886525192|-164343.1659070914|-164342.0181738375|-164340.883053037|-164339.6974824231
336.8|1.0|0.76|0.0|-164236.10880647166|-164235.0619728445|-164234.0277516707|-164233.0061429502|-164231.9340844164
337.0|1.0|0.76|0.0|-164524.13772913066|-164523.28008230356|-164522.44766038316|-164521.6152384628|-164520.74497918235
337.2|1.0|0.76|0.0|-164555.9176311612|-164554.90863489406|-164553.89963862693|-164552.91586726648|-164551.88164609266
337.4|1.0|0.76|0.0|-164294.2975115459|-164293.47770207888|-164292.69572997186|-164291.92637031816|-164291.09394839776
337.6|1.0|0.76|0.0|-164106.06787490429|-164104.7814046637|-164103.52015932978|-164102.28413890253|-164100.99766866193
337.8|1.0|0.76|0.0|-163936.85680460706|-163935.63339663314|-163934.40998865923|-163933.22441804537|-163931.97578516477
338.0|1.0|0.76|0.0|-164174.24840135768|-164173.23940509054|-164172.24302127675|-164171.24663746296|-164170.21241628917
338.2|1.0|0.76|0.0|-164260.74971900682|-164259.74072273972|-164258.78217628592|-164257.81101737882|-164256.80202111168
338.4|1.0|0.76|0.0|-164497.79451454844|-164496.9116428147|-164496.06660844095|-164495.23418652057|-164494.33870233348
338.6|1.0|0.76|0.0|-164472.66672429306|-164471.7081778393|-164470.76224383884|-164469.8541471984|-164468.8577633846
338.8|1.0|0.76|0.0|-164453.8237190043|-164453.07958425727|-164452.32283705688|-164451.61653966992|-164450.83456756288
339.0|1.0|0.76|0.0|-164208.8015879834|-164207.66646718286|-164206.53134638234|-164205.4214504885|-164204.26110478127
339.2|1.0|0.76|0.0|-164441.52891307673|-164440.36856736953|-164439.24605902235|-164438.12355067517|-164436.9505925146
339.4|1.0|0.76|0.0|-164268.2958238535|-164267.51385174645|-164266.76971699944|-164266.0129697991|-164265.20577278538
339.6|1.0|0.76|0.0|-164404.0926414932|-164402.83139615925|-164401.6206006387|-164400.3971926648|-164399.1485597842
339.8|1.0|0.76|0.0|-164486.17094045345|-164484.9601449329|-164483.78718677236|-164482.6394535185|-164481.42865799792
340.0|1.0|0.76|0.0|-164298.68738939514|-164297.4135316079|-164296.15228627398|-164294.92887830007|-164293.64240805947
340.2|1.0|0.76|0.0|-164047.5387829405|-164046.41627459333|-164045.33160360614|-164044.24693261896|-164043.11181181844
340.4|1.0|0.76|0.0|-164551.47011208106|-164550.30976637386|-164549.18725802665|-164548.08997458612|-164546.90440397226
340.6|1.0|0.76|0.0|-164216.82532424995|-164215.70281590274|-164214.5929200089|-164213.49563656838|-164212.3479033145
340.8|1.0|0.76|0.0|-164508.82513172677|-164507.53866148618|-164506.29002860558|-164505.041395725|-164503.7549254844
341.0|1.0|0.76|0.0|-164317.75874867188|-164316.66146523136|-164315.58940669752|-164314.5173481637|-164313.39483981652
341.2|1.0|0.76|0.0|-164215.9761822328|-164214.4500753788|-164212.9365809781|-164211.44831148404|-164209.89697972333
341.4|1.0|0.76|0.0|-164433.27148403952|-164432.38861230575|-164431.51835302534|-164430.67331865162|-164429.77783446453
341.6|1.0|0.76|0.0|-164069.1997484201|-164067.93850308616|-164066.7024826589|-164065.46646223168|-164064.17999199106
341.8|1.0|0.76|0.0|-164190.69736543274|-164189.7262065256|-164188.75504761853|-164187.80911361807|-164186.78750489757
342.0|1.0|0.76|0.0|-164416.10713151112|-164414.99723561728|-164413.88733972344|-164412.8152811896|-164411.66754793574
342.2|1.0|0.76|0.0|-164267.1896011921|-164265.94096831154|-164264.73017279097|-164263.50676481705|-164262.24551948314
342.4|1.0|0.76|0.0|-164564.77998083486|-164563.49351059427|-164562.21965280702|-164560.97101992642|-164559.65932477915
342.6|1.0|0.76|0.0|-164383.81723071562|-164382.8839091685|-164381.9505876214|-164381.04249098097|-164380.0839445272
342.8|1.0|0.76|0.0|-164338.70604326893|-164337.33128585495|-164335.96914089433|-164334.6069959337|-164333.19440115968
343.0|1.0|0.76|0.0|-164251.7484236984|-164250.41150364446|-164249.1124209505|-164247.82595070987|-164246.48903065594
343.2|1.0|0.76|0.0|-164232.77623334355|-164231.48976310293|-164230.21590531568|-164228.95465998174|-164227.63035238115
343.4|1.0|0.76|0.0|-164398.37318358815|-164397.50292430774|-164396.657889934|-164395.83808046696|-164394.9552087332
343.6|1.0|0.76|0.0|-164358.82485471325|-164357.76540863275|-164356.70596255228|-164355.67174137844|-164354.57445793797
343.8|1.0|0.76|0.0|-164549.2119918626|-164548.3417325822|-164547.49669820847|-164546.6768887414|-164545.79401700766
344.0|1.0|0.76|0.0|-164757.29822081391|-164756.18832492005|-164755.0784290262|-164754.0063704924|-164752.8586372385
344.2|1.0|0.76|0.0|-164597.93082225742|-164597.42632412387|-164596.9344384436|-164596.45516521673|-164595.9254421765
344.4|1.0|0.76|0.0|-164615.4873573056|-164614.55403575848|-164613.6207142114|-164612.7252300243|-164611.7540711172
344.6|1.0|0.76|0.0|-164539.4867170069|-164538.263309033|-164537.0399010591|-164535.8543304452|-164534.61831001798
344.8|1.0|0.76|0.0|-164748.86559564274|-164747.16291444196|-164745.4476207878|-164743.7701644937|-164742.04225838624
345.0|1.0|0.76|0.0|-164243.17373715708|-164242.41698995672|-164241.67285520968|-164240.95394536937|-164240.17197326233
345.2|1.0|0.76|0.0|-164527.41860542115|-164526.0816853672|-164524.74476531323|-164523.43307016595|-164522.0709252053
345.4|1.0|0.76|0.0|-164647.5396110238|-164646.37926531656|-164645.21891960935|-164644.07118635552|-164642.8730032883
345.6|1.0|0.76|0.0|-164378.0597497879|-164376.7480546406|-164375.46158440004|-164374.1751141594|-164372.83819410548
345.8|1.0|0.76|0.0|-164297.9706710839|-164296.28060233645|-164294.590533589|-164292.92568974823|-164291.2103960941
346.0|1.0|0.76|0.0|-164169.21335687462|-164168.14129834078|-164167.08185226028|-164166.02240617978|-164164.93773519262
346.2|1.0|0.76|0.0|-164078.35754225403|-164077.00800974673|-164075.6837021461|-164074.37200699883|-164073.0098620382
346.4|1.0|0.76|0.0|-164458.06615856837|-164456.70401360773|-164455.34186864708|-164453.97972368644|-164452.59235381914
346.6|1.0|0.76|0.0|-164327.43327707477|-164325.99545739408|-164324.58286262007|-164323.19549275277|-164321.73244816542
346.8|1.0|0.76|0.0|-164570.00859214782|-164568.1419490536|-164566.28791841274|-164564.45911267854|-164562.56724467766
347.0|1.0|0.76|0.0|-164560.49775569444|-164559.0094862004|-164557.5212167064|-164556.05817211902|-164554.51945281163
347.2|1.0|0.76|0.0|-164669.95372149005|-164668.94472522291|-164667.9357289558|-164666.939345142|-164665.89251151483
347.4|1.0|0.76|0.0|-164679.1699067422|-164678.2618101018|-164677.3663259147|-164676.47084172763|-164675.5375201805
347.6|1.0|0.76|0.0|-164548.40399052124|-164547.43283161413|-164546.4868976137|-164545.5535760666|-164544.54457979946
347.8|1.0|0.76|0.0|-164598.87604065784|-164598.24541799087|-164597.61479532393|-164597.03462247032|-164596.36616244333
348.0|1.0|0.76|0.0|-164532.1137852743|-164530.94082711378|-164529.78048140655|-164528.64536060602|-164527.43456508545
348.2|1.0|0.76|0.0|-164655.00052053013|-164654.2437733298|-164653.49963858278|-164652.78072874245|-164651.9987566354
348.4|1.0|0.76|0.0|-164498.66327747784|-164497.28852006388|-164495.92637510324|-164494.58945504928|-164493.1768602753
348.6|1.0|0.76|0.0|-164524.77362027153|-164523.84029872442|-164522.894364724|-164521.9988805369|-164521.02772162977
348.8|1.0|0.76|0.0|-164476.3389790526|-164474.8002597452|-164473.2867653445|-164471.76065849047|-164470.1967142764
349.0|1.0|0.76|0.0|-164437.87130549987|-164436.4334858192|-164435.02089104522|-164433.63352117792|-164432.19570149723
349.2|1.0|0.76|0.0|-164714.50135339727|-164713.01308390326|-164711.53742686255|-164710.09960718188|-164708.5861127812
349.4|1.0|0.76|0.0|-164599.71541555712|-164598.1010215297|-164596.53707731565|-164594.97313310156|-164593.38396398083
349.6|1.0|0.76|0.0|-164578.14709892852|-164576.81017887458|-164575.4732588206|-164574.1741761267|-164572.79941871273
349.8|1.0|0.76|0.0|-164274.69833497703|-164273.42447718975|-164272.18845676252|-164270.95243633527|-164269.65335364133
350.0|1.0|0.76|0.0|-164633.36124947728|-164632.3270283035|-164631.29280712965|-164630.28381086251|-164629.22436478204
350.2|1.0|0.76|0.0|-164470.28310523863|-164469.29933387815|-164468.3155625177|-164467.38224097062|-164466.37324470349
350.4|1.0|0.76|0.0|-164271.3721036259|-164270.22437037205|-164269.08924957152|-164267.991966131|-164266.81900797048
350.6|1.0|0.76|0.0|-164315.98879060862|-164314.7906075414|-164313.57981202082|-164312.4194663136|-164311.18344588636
350.8|1.0|0.76|0.0|-164081.91426908618|-164080.81698564568|-164079.71970220516|-164078.66025612463|-164077.53774777747
351.0|1.0|0.76|0.0|-164133.43614097688|-164132.28840772298|-164131.17851182914|-164130.0686159353|-164128.93349513476
351.2|1.0|0.76|0.0|-164377.99867329694|-164376.48517889626|-164374.98429694885|-164373.5212523615|-164371.98253305414
351.4|1.0|0.76|0.0|-164201.29829693038|-164200.03705159648|-164198.80103116925|-164197.5776231953|-164196.30376540805
351.6|1.0|0.76|0.0|-164305.99139595887|-164304.70492571828|-164303.46890529105|-164302.2328848638|-164300.94641462318
351.8|1.0|0.76|0.0|-164282.926351189|-164281.60204358838|-164280.31557334776|-164279.02910310717|-164277.6921830532
352.0|1.0|0.76|0.0|-164731.374742118|-164730.06304697075|-164728.78918918347|-164727.50271894288|-164726.1910237956
352.2|1.0|0.76|0.0|-164256.0113757631|-164254.88886741592|-164253.79158397543|-164252.70691298824|-164251.55917973435
352.4|1.0|0.76|0.0|-164076.4983273861|-164075.8172549058|-164075.16140733214|-164074.51817221183|-164073.81187482487
352.6|1.0|0.76|0.0|-164340.30418858727|-164339.52221648025|-164338.76546927987|-164338.04655943954|-164337.25197487915
352.8|1.0|0.76|0.0|-163971.1124544418|-163970.10345817468|-163969.09446190757|-163968.13591545378|-163967.10169427996
353.0|1.0|0.76|0.0|-163952.00804572596|-163950.84770001876|-163949.68735431155|-163948.552233511|-163947.36666289714
353.2|1.0|0.76|0.0|-164009.92443145963|-164008.38571215223|-164006.84699284486|-164005.33349844415|-164003.7695542301
353.4|1.0|0.76|0.0|-164131.68505599638|-164130.146336689|-164128.6328422883|-164127.14457279426|-164125.58062858018
353.6|1.0|0.76|0.0|-164180.89884892598|-164179.32229225858|-164177.77096049787|-164176.23224119048|-164174.64307206974
353.8|1.0|0.76|0.0|-164006.24009511765|-164004.65092599692|-164003.06175687618|-164001.4852002088|-163999.85819372805
354.0|1.0|0.76|0.0|-164162.08997593282|-164161.11881702568|-164160.1602705719|-164159.21433657146|-164158.230565211
354.2|1.0|0.76|0.0|-164446.6143108121|-164445.21432849142|-164443.83957107746|-164442.47742611682|-164441.06483134287
354.4|1.0|0.76|0.0|-164362.54770509826|-164361.61438355115|-164360.70628691072|-164359.7981902703|-164358.83964381652
354.6|1.0|0.76|0.0|-164210.47539814073|-164209.11325318008|-164207.75110821944|-164206.40157571217|-164204.98898093816
354.8|1.0|0.76|0.0|-163866.17829596563|-163864.67741401828|-163863.2017569776|-163861.75132484356|-163860.22521798953
355.0|1.0|0.76|0.0|-164380.65094042133|-164379.49059471412|-164378.33024900692|-164377.22035311308|-164376.0095575925
355.2|1.0|0.76|0.0|-163926.91187771104|-163925.33532104365|-163923.79660173625|-163922.25788242888|-163920.66871330814
355.4|1.0|0.76|0.0|-163940.94953827758|-163940.29369070395|-163939.663068037|-163939.03244537005|-163938.3765977964
355.6|1.0|0.76|0.0|-164217.79187784993|-164217.08558046294|-164216.37928307595|-164215.69821059564|-164214.96668830197
355.8|1.0|0.76|0.0|-164021.52949143844|-164020.53310762465|-164019.5493362642|-164018.5907898104|-164017.56918108996
356.0|1.0|0.76|0.0|-163952.95558263318|-163952.27451015284|-163951.6186625792|-163950.98803991222|-163950.28174252526
356.2|1.0|0.76|0.0|-164119.19299517354|-164118.81462157337|-164118.46147287986|-164118.13354909304|-164117.7299505862
356.4|1.0|0.76|0.0|-164010.31998369328|-164009.53801158624|-164008.76865193257|-164008.0371296389|-164007.22993262517
356.6|1.0|0.76|0.0|-164017.48384221594|-164016.67664520224|-164015.88206064183|-164015.11270098816|-164014.29289152112
356.8|1.0|0.76|0.0|-164160.76131214938|-164159.48745436213|-164158.22620902822|-164157.0028010543|-164155.70371836037
357.0|1.0|0.76|0.0|-163870.86243445458|-163869.3489400539|-163867.8732830132|-163866.39762597252|-163864.8841315718
357.2|1.0|0.76|0.0|-164011.6611058662|-164010.16022391882|-164008.65934197145|-164007.1962973841|-164005.67019053004
357.4|1.0|0.76|0.0|-163893.8306163441|-163892.8468449836|-163891.86307362316|-163890.90452716936|-163889.88291844892
357.6|1.0|0.76|0.0|-164153.91201665197|-164152.61293395804|-164151.36430107744|-164150.11566819687|-164148.79136059625
357.8|1.0|0.76|0.0|-164803.4247201116|-164802.39049893778|-164801.35627776396|-164800.34728149683|-164799.28783541633
358.0|1.0|0.76|0.0|-164565.7697657161|-164564.18059659537|-164562.62926483463|-164561.09054552726|-164559.51398885986
358.2|1.0|0.76|0.0|-164628.56992398994|-164627.16994166927|-164625.78257180197|-164624.407814388|-164622.98260716064
358.4|1.0|0.76|0.0|-164417.74908488302|-164416.05901613552|-164414.38155984145|-164412.74194090732|-164411.0266472532
358.6|1.0|0.76|0.0|-164318.64000336317|-164317.58055728266|-164316.50849874882|-164315.47427757503|-164314.38960658785
358.8|1.0|0.76|0.0|-164511.6036317154|-164510.064912408|-164508.55141800732|-164507.05053605995|-164505.48659184587
359.0|1.0|0.76|0.0|-164368.7297602888|-164367.0901413547|-164365.4757473273|-164363.88657820655|-164362.2217343658
359.2|1.0|0.76|0.0|-164223.15682384762|-164222.17305248717|-164221.2271184867|-164220.30640939297|-164219.2974131258
359.4|1.0|0.76|0.0|-164401.94751740166|-164400.62320980104|-164399.33673956044|-164398.05026931985|-164396.72596171923
359.6|1.0|0.76|0.0|-164557.9676266404|-164556.87034319987|-164555.7856722127|-164554.72622613222|-164553.61633023835
359.8|1.0|0.76|0.0|-164251.34559479172|-164250.18524908452|-164249.050128284|-164247.91500748348|-164246.74204932293
360.0|1.0|0.76|0.0|-164770.8020980205|-164769.79310175337|-164768.79671793958|-164767.8003341258|-164766.7787254053
360.2|1.0|0.76|0.0|-164335.80969003256|-164334.2709707252|-164332.73225141782|-164331.2187570171|-164329.64220034968
360.4|1.0|0.76|0.0|-164338.39383231962|-164337.05691226563|-164335.74521711835|-164334.45874687776|-164333.09660191715
360.6|1.0|0.76|0.0|-164280.59651186713|-164279.51184087998|-164278.4271698928|-164277.39294871897|-164276.2830528251
360.8|1.0|0.76|0.0|-164162.58333897978|-164161.6500174327|-164160.7545332456|-164159.87166151186|-164158.93833996475
361.0|1.0|0.76|0.0|-164716.32314165888|-164715.09973368497|-164713.87632571108|-164712.66553019048|-164711.41689730994
361.2|1.0|0.76|0.0|-164400.18883345445|-164399.09155001392|-164398.0194914801|-164396.9600453996|-164395.85014950577
361.4|1.0|0.76|0.0|-164344.10819782288|-164342.83434003557|-164341.56048224831|-164340.3244618211|-164339.02537912715
361.6|1.0|0.76|0.0|-164337.6632341665|-164336.74252507277|-164335.85965333902|-164335.00200651196|-164334.06868496485
361.8|1.0|0.76|0.0|-164546.05638086508|-164545.14828422468|-164544.2654124909|-164543.40776566387|-164542.47444411676
362.0|1.0|0.76|0.0|-164816.22214957222|-164815.061803865|-164813.92668306446|-164812.79156226394|-164811.6186041034
362.2|1.0|0.76|0.0|-164786.46664117143|-164785.3693577309|-164784.3099116504|-164783.25046556993|-164782.12795722275
362.4|1.0|0.76|0.0|-164753.53552550275|-164752.43824206223|-164751.37879598173|-164750.33196235457|-164749.23467891407
362.6|1.0|0.76|0.0|-164605.58821393817|-164604.4404806843|-164603.29274743042|-164602.17023908324|-164600.98466846938
362.8|1.0|0.76|0.0|-164787.53381733442|-164786.51220861397|-164785.5284372535|-164784.54466589307|-164783.51044471923
363.0|1.0|0.76|0.0|-164634.66119913477|-164633.58914060093|-164632.5296945204|-164631.4954733466|-164630.38557745275
363.2|1.0|0.76|0.0|-164551.3383464772|-164550.32935021006|-164549.34557884964|-164548.3870323958|-164547.35281122202
363.4|1.0|0.76|0.0|-164627.393061728|-164626.2957782875|-164625.23633220702|-164624.17688612652|-164623.06699023268
363.6|1.0|0.76|0.0|-164598.7606502249|-164597.42373017097|-164596.124647477|-164594.82556478307|-164593.4760322758
363.8|1.0|0.76|0.0|-164533.93264006136|-164532.3686958473|-164530.84258899323|-164529.30386968586|-164527.7399254718
364.0|1.0|0.76|0.0|-164650.17953813827|-164648.7795558176|-164647.40479840364|-164646.042653443|-164644.63005866902
364.2|1.0|0.76|0.0|-164612.80883889418|-164611.4971437469|-164610.2106735063|-164608.9494281724|-164607.6251205718
364.4|1.0|0.76|0.0|-164508.06981474347|-164506.31668372932|-164504.6140025285|-164502.92393378107|-164501.17080276692
364.6|1.0|0.76|0.0|-164430.02741493704|-164428.96796885654|-164427.94636013603|-164426.93736386893|-164425.8653053351
364.8|1.0|0.76|0.0|-164616.892671925|-164615.3791775243|-164613.9035204836|-164612.44047589626|-164610.92698149555
365.0|1.0|0.76|0.0|-164445.23714507875|-164443.55968878462|-164441.92006985054|-164440.29306336978|-164438.61560707566
365.2|1.0|0.76|0.0|-164237.8101108486|-164236.70021495476|-164235.62815642092|-164234.56871034042|-164233.44620199324
365.4|1.0|0.76|0.0|-164129.72138573157|-164128.6114898377|-164127.55204375723|-164126.49259767673|-164125.3953142362
365.6|1.0|0.76|0.0|-164193.9692230415|-164192.83410224097|-164191.7115938938|-164190.6269229066|-164189.47918965275
365.8|1.0|0.76|0.0|-164306.15366086457|-164304.47620457044|-164302.83658563637|-164301.19696670226|-164299.50689795482
366.0|1.0|0.76|0.0|-164051.5912432881|-164050.5191847543|-164049.47235112713|-164048.42551749997|-164047.3408465128
366.2|1.0|0.76|0.0|-164279.3676686217|-164277.9802987544|-164276.60554134045|-164275.25600883315|-164273.84341405914
366.4|1.0|0.76|0.0|-163885.6043059814|-163884.62053462095|-163883.6493757138|-163882.7160541667|-163881.70705789956
366.6|1.0|0.76|0.0|-164301.2761668218|-164300.33023282135|-164299.4095237276|-164298.48881463383|-164297.53026818007
366.8|1.0|0.76|0.0|-164551.61351099098|-164550.06217923024|-164548.5360723762|-164547.0225779755|-164545.4712462148
367.0|1.0|0.76|0.0|-164593.67604287725|-164591.60760052962|-164589.58960799535|-164587.55900300771|-164585.4905606601
367.2|1.0|0.76|0.0|-164488.65017621926|-164487.81775429889|-164487.0231697385|-164486.22858517815|-164485.38355080443
367.4|1.0|0.76|0.0|-164549.27360065863|-164548.31505420487|-164547.34389529773|-164546.41057375062|-164545.41418993686
367.6|1.0|0.76|0.0|-164624.11134158692|-164623.03928305305|-164621.99244942592|-164620.9582282521|-164619.87355726492
367.8|1.0|0.76|0.0|-164712.51370921434|-164711.3785884138|-164710.26869251995|-164709.18402153277|-164708.02367582556
368.0|1.0|0.76|0.0|-164600.2183348946|-164598.86880238733|-164597.53188233337|-164596.2327996394|-164594.8706546788
368.2|1.0|0.76|0.0|-164586.64733510162|-164585.43653958105|-164584.26358142053|-164583.09062325998|-164581.86721528607
368.4|1.0|0.76|0.0|-164239.11118333964|-164237.88777536573|-164236.67697984516|-164235.47879677796|-164234.23016389736
368.6|1.0|0.76|0.0|-164630.1602991219|-164628.69725453455|-164627.25943485388|-164625.85945253324|-164624.38379549255
368.8|1.0|0.76|0.0|-164597.51597106742|-164596.07815138673|-164594.64033170606|-164593.22773693208|-164591.77730479804
369.0|1.0|0.76|0.0|-164383.8682527226|-164382.90970626884|-164381.93854736173|-164381.00522581462|-164380.00884200085
369.2|1.0|0.76|0.0|-164398.6500480362|-164397.9185257425|-164397.19961590218|-164396.48070606182|-164395.7239588615
369.4|1.0|0.76|0.0|-164379.89971525525|-164378.55018274795|-164377.20065024067|-164375.8889550934|-164374.52681013275
369.6|1.0|0.76|0.0|-164471.96318801615|-164470.954191749|-164469.9578079352|-164468.94881166806|-164467.91459049424
369.8|1.0|0.76|0.0|-164665.67785885307|-164664.76976221267|-164663.88689047893|-164663.01663119852|-164662.09592210475
370.0|1.0|0.76|0.0|-164697.484712659|-164696.50094129855|-164695.51716993807|-164694.57123593765|-164693.54962721714
370.2|1.0|0.76|0.0|-164601.15202576164|-164599.714206081|-164598.32683621367|-164596.93946634635|-164595.47642175903
370.4|1.0|0.76|0.0|-164318.70191516596|-164317.35238265866|-164316.01546260473|-164314.69115500408|-164313.31639759013
370.6|1.0|0.76|0.0|-164384.86301914073|-164383.81618551357|-164382.79457679312|-164381.79819297933|-164380.72613444546
370.8|1.0|0.76|0.0|-164488.61691048948|-164487.70881384905|-164486.8259421153|-164485.94307038156|-164484.9845239278
371.0|1.0|0.76|0.0|-164387.14246004354|-164385.3641041227|-164383.6235855619|-164381.8830670011|-164380.09209862692
371.2|1.0|0.76|0.0|-164223.82865890823|-164222.49173885427|-164221.16743125362|-164219.84312365303|-164218.4809786924
371.4|1.0|0.76|0.0|-164489.2378204467|-164487.86306303274|-164486.5387554321|-164485.21444783147|-164483.83969041752
371.6|1.0|0.76|0.0|-163864.5704219479|-163863.33440152067|-163862.13621845344|-163860.9380353862|-163859.70201495898
371.8|1.0|0.76|0.0|-163771.54340503708|-163770.21909743646|-163768.89478983585|-163767.60831959528|-163766.24617463464
372.0|1.0|0.76|0.0|-164019.94132489167|-164018.80620409115|-164017.68369574397|-164016.5737998501|-164015.42606659624
372.2|1.0|0.76|0.0|-163996.97064647873|-163995.55805170472|-163994.17068183742|-163992.8085368768|-163991.3959421028
372.4|1.0|0.76|0.0|-163769.80775132787|-163768.58434335396|-163767.38616028675|-163766.21320212618|-163764.95195679227
372.6|1.0|0.76|0.0|-163734.84130203587|-163733.7944684087|-163732.79808459492|-163731.7890883278|-163730.7296422473
372.8|1.0|0.76|0.0|-163817.24993575498|-163816.20310212782|-163815.18149340735|-163814.1977220469|-163813.1382759664
373.0|1.0|0.76|0.0|-163661.385237389|-163660.47714074855|-163659.59426901484|-163658.7240097344|-163657.80330064066
373.2|1.0|0.76|0.0|-163976.48037194568|-163975.59750021194|-163974.7146284782|-163973.86959410444|-163972.9488850107
373.4|1.0|0.76|0.0|-164008.7383503517|-164007.968990698|-164007.25008085766|-164006.53117101733|-164005.74919891031
373.6|1.0|0.76|0.0|-163980.50913996092|-163979.70194294723|-163978.90735838687|-163978.15061118652|-163977.31818926614
373.8|1.0|0.76|0.0|-164225.89990384542|-164224.71433323156|-164223.52876261767|-164222.36841691047|-164221.1576213899
374.0|1.0|0.76|0.0|-164082.12898024984|-164080.96863454263|-164079.8335137421|-164078.72361784824|-164077.56327214104
374.2|1.0|0.76|0.0|-164194.0132854349|-164193.23131332785|-164192.48717858084|-164191.7304313805|-164190.93584682012
374.4|1.0|0.76|0.0|-164292.8179676772|-164291.4810476232|-164290.1819649293|-164288.90810714202|-164287.57118708806
374.6|1.0|0.76|0.0|-164097.25957302618|-164096.03616505227|-164094.82536953173|-164093.6397989178|-164092.40377849058
374.8|1.0|0.76|0.0|-163841.1873085046|-163839.74948882393|-163838.36211895663|-163836.96213663596|-163835.511704502
375.0|1.0|0.76|0.0|-163935.05934848727|-163933.9116152334|-163932.80171933956|-163931.6918234457|-163930.51886528518
375.2|1.0|0.76|0.0|-164007.78510317142|-164006.52385783748|-164005.28783741023|-164004.03920452966|-164002.76534674238
375.4|1.0|0.76|0.0|-164040.47658222666|-164039.5306482262|-164038.62255158578|-164037.7270673987|-164036.76852094493
375.6|1.0|0.76|0.0|-164218.53919846963|-164217.26534068238|-164216.0167078018|-164214.7932998279|-164213.51944204065
375.8|1.0|0.76|0.0|-164273.67552353462|-164273.1584129477|-164272.65391481415|-164272.1620291339|-164271.61969364033
376.0|1.0|0.76|0.0|-164174.4575440683|-164172.9440496676|-164171.4683926269|-164169.99273558622|-164168.45401627885
376.2|1.0|0.76|0.0|-164208.11156267283|-164207.2034660324|-164206.28275693866|-164205.38727275157|-164204.42872629777
376.4|1.0|0.76|0.0|-164418.69956815807|-164417.40048546414|-164416.1266276769|-164414.8527698896|-164413.54107474233
376.6|1.0|0.76|0.0|-163899.65604243244|-163898.49569672524|-163897.3605759247|-163896.2380675775|-163895.065109417
376.8|1.0|0.76|0.0|-164352.27929338426|-164350.9045359703|-164349.52977855637|-164348.1928585024|-164346.79287618172
377.0|1.0|0.76|0.0|-164292.88013149443|-164291.70717333388|-164290.54682762668|-164289.3990943728|-164288.18829885224
377.2|1.0|0.76|0.0|-164433.10322101013|-164431.66540132943|-164430.22758164877|-164428.7897619681|-164427.3141049274
377.4|1.0|0.76|0.0|-164233.85894032926|-164232.83733160878|-164231.82833534165|-164230.83195152786|-164229.7851179007
377.6|1.0|0.76|0.0|-164364.61205374546|-164363.5652201183|-164362.53099894445|-164361.52200267735|-164360.4499441435
377.8|1.0|0.76|0.0|-164287.19681514936|-164286.0869192555|-164284.989635815|-164283.90496482782|-164282.78245648064
378.0|1.0|0.76|0.0|-164344.1199679996|-164342.63169850555|-164341.16865391823|-164339.71822178425|-164338.21733983685
378.2|1.0|0.76|0.0|-164176.57613784153|-164175.78155328115|-164174.9869687208|-164174.2176090671|-164173.39779960003
378.4|1.0|0.76|0.0|-164022.21532087837|-164021.34506159794|-164020.50002722422|-164019.6676053038|-164018.78473357006
378.6|1.0|0.76|0.0|-164188.4979057025|-164186.93396148845|-164185.3700172744|-164183.84391042037|-164182.24212884626
378.8|1.0|0.76|0.0|-164474.35078873378|-164473.51836681337|-164472.72378225302|-164471.92919769263|-164471.0715508656
379.0|1.0|0.76|0.0|-164267.6968515683|-164266.5365058611|-164265.40138506057|-164264.2914891667|-164263.11853100618
379.2|1.0|0.76|0.0|-164489.13606380217|-164488.12706753504|-164487.1180712679|-164486.13429990743|-164485.1000787336
379.4|1.0|0.76|0.0|-164232.6357157375|-164231.576269657|-164230.5420484832|-164229.5204397627|-164228.46099368224
379.6|1.0|0.76|0.0|-163829.75820476594|-163828.57263415208|-163827.41228844487|-163826.27716764432|-163825.09159703046
379.8|1.0|0.76|0.0|-164047.00145009856|-164045.4753432445|-164043.96184884378|-164042.4861918031|-164040.92224758904
380.0|1.0|0.76|0.0|-164131.22104758013|-164130.24988867302|-164129.26611731254|-164128.30757085877|-164127.29857459164
380.2|1.0|0.76|0.0|-164398.00153910738|-164396.5889443334|-164395.20157446607|-164393.81420459875|-164392.38899737142
380.4|1.0|0.76|0.0|-164577.10608891147|-164575.9205182976|-164574.74756013704|-164573.59982688318|-164572.3890313626
380.6|1.0|0.76|0.0|-164343.3406670894|-164342.28122100892|-164341.22177492842|-164340.1875537546|-164339.07765786073
380.8|1.0|0.76|0.0|-164561.59608119534|-164560.70059700825|-164559.8177252745|-164558.96007844745|-164558.06459426036
381.0|1.0|0.76|0.0|-164324.22970935138|-164323.1576508175|-164322.08559228372|-164321.02614620322|-164319.9288627627
381.2|1.0|0.76|0.0|-164301.74170504755|-164300.95973294054|-164300.1777608335|-164299.43362608648|-164298.62642907278
381.4|1.0|0.76|0.0|-164242.1704700757|-164241.17408626192|-164240.17770244813|-164239.206543541|-164238.18493482054
381.6|1.0|0.76|0.0|-164279.50586116785|-164278.5851520741|-164277.70228034034|-164276.8194086066|-164275.88608705948
381.8|1.0|0.76|0.0|-163808.79649009512|-163807.66136929457|-163806.55147340073|-163805.4415775069|-163804.2812317997
382.0|1.0|0.76|0.0|-163829.84498672324|-163828.20536778914|-163826.57836130838|-163824.97657973427|-163823.32434834685
382.2|1.0|0.76|0.0|-163998.49074889618|-163996.87635486876|-163995.29979820136|-163993.72324153397|-163992.10884750652
382.4|1.0|0.76|0.0|-164414.41521134038|-164412.7125301396|-164411.0098489388|-164409.31978019135|-164407.57926163054
382.6|1.0|0.76|0.0|-164108.9362236004|-164107.9776771466|-164107.04435559953|-164106.13625895907|-164105.15248759865
382.8|1.0|0.76|0.0|-164104.03847050172|-164102.78983762115|-164101.54120474056|-164100.34302167335|-164099.05655143273
383.0|1.0|0.76|0.0|-164345.78977627758|-164344.75555510374|-164343.73394638326|-164342.7123376628|-164341.6528915823
383.2|1.0|0.76|0.0|-164530.0072697501|-164528.82169913623|-164527.68657833568|-164526.5388450818|-164525.36588692127
383.4|1.0|0.76|0.0|-164130.28078607045|-164128.90602865646|-164127.51865878914|-164126.1817387352|-164124.75653150788
383.6|1.0|0.76|0.0|-164654.79524468217|-164653.30697518814|-164651.81870569414|-164650.35566110676|-164648.82955425273
383.8|1.0|0.76|0.0|-164369.01640247114|-164367.59119524382|-164366.17860046984|-164364.79123060248|-164363.35341092185
384.0|1.0|0.76|0.0|-164422.22459866028|-164420.81200388627|-164419.41202156566|-164418.03726415164|-164416.59944447098
384.2|1.0|0.76|0.0|-164582.91882307912|-164581.6575777452|-164580.4341697713|-164579.19814934407|-164577.9242915568
384.4|1.0|0.76|0.0|-164764.83018207454|-164763.43019975387|-164762.05544233992|-164760.68068492593|-164759.26809015195
384.6|1.0|0.76|0.0|-164744.4898744175|-164743.24124153692|-164742.017833563|-164740.81965049577|-164739.55840516186
384.8|1.0|0.76|0.0|-164668.24759398197|-164667.15031054144|-164666.06563955426|-164664.99358102045|-164663.87107267324
385.0|1.0|0.76|0.0|-164722.37623338503|-164721.0140884244|-164719.67716837046|-164718.36547322318|-164716.9907158092
385.2|1.0|0.76|0.0|-164664.98328613798|-164663.7724906174|-164662.58692000352|-164661.43918674966|-164660.21577877575
385.4|1.0|0.76|0.0|-164686.4448885671|-164685.39805493993|-164684.37644621945|-164683.35483749898|-164682.27016651182
385.6|1.0|0.76|0.0|-164310.77894990577|-164309.58076683854|-164308.36997131797|-164307.20962561076|-164305.9736051835
385.8|1.0|0.76|0.0|-164417.30373080872|-164416.11816019486|-164414.9830393943|-164413.8479185938|-164412.6623479799
386.0|1.0|0.76|0.0|-164259.94082462924|-164258.4525551352|-164256.98951054786|-164255.5516908672|-164254.06342137317
386.2|1.0|0.76|0.0|-164197.57434995152|-164196.5779661377|-164195.61941968394|-164194.67348568348|-164193.651876963
386.4|1.0|0.76|0.0|-164124.38428322406|-164123.37528695693|-164122.39151559645|-164121.407744236|-164120.3735230622
386.6|1.0|0.76|0.0|-164172.2271724146|-164171.0920516141|-164169.99476817358|-164168.9100971864|-164167.7497514792
386.8|1.0|0.76|0.0|-164150.84906400467|-164149.8022303775|-164148.7680092037|-164147.77162538987|-164146.69956685606
387.0|1.0|0.76|0.0|-164231.09578633765|-164229.92282817708|-164228.76248246987|-164227.614749216|-164226.42917860212
387.2|1.0|0.76|0.0|-163974.57505017982|-163973.47776673935|-163972.36787084545|-163971.2831998583|-163970.1606915111
387.4|1.0|0.76|0.0|-164247.73997694397|-164246.0120708365|-164244.29677718238|-164242.61932088825|-164240.8661898741
387.6|1.0|0.76|0.0|-164115.95789363518|-164114.5831362212|-164113.20837880723|-164111.87145875324|-164110.45886397926
387.8|1.0|0.76|0.0|-164276.96847296355|-164275.58110309625|-164274.2189581356|-164272.8694256283|-164271.46944330767
388.0|1.0|0.76|0.0|-163988.85442626436|-163987.26525714362|-163985.67608802288|-163984.11214380883|-163982.4977497814
388.2|1.0|0.76|0.0|-164029.76250598548|-164028.29946139813|-164026.86164171743|-164025.4364344901|-164023.93555254274
388.4|1.0|0.76|0.0|-164128.36372573453|-164127.50607890746|-164126.66104453374|-164125.84123506668|-164124.95836333293
388.6|1.0|0.76|0.0|-164223.35401298085|-164222.16844236694|-164220.98287175308|-164219.84775095253|-164218.63695543198
388.8|1.0|0.76|0.0|-164303.86755780925|-164302.88378644877|-164301.93785244835|-164300.9919184479|-164299.98292218076
389.0|1.0|0.76|0.0|-164183.48271896323|-164182.57462232278|-164181.69175058906|-164180.8088788553|-164179.88816976154
389.2|1.0|0.76|0.0|-164232.16048223377|-164231.17671087332|-164230.2055519662|-164229.25961796576|-164228.25062169862
389.4|1.0|0.76|0.0|-164632.0604024367|-164630.83699446282|-164629.6388113956|-164628.4532407817|-164627.2298328078
389.6|1.0|0.76|0.0|-164374.24924372986|-164373.83303276967|-164373.42943426286|-164373.05106066263|-164372.62223724913
389.8|1.0|0.76|0.0|-164438.11038482754|-164436.7608523202|-164435.42393226628|-164434.13746202565|-164432.775317065
390.0|1.0|0.76|0.0|-164486.64767216635|-164485.36120192573|-164484.08734413848|-164482.82609880457|-164481.5144036573
390.2|1.0|0.76|0.0|-164526.9685793256|-164525.73255889837|-164524.50915092445|-164523.31096785725|-164522.06233497665
390.4|1.0|0.76|0.0|-164460.72628250593|-164459.31368773195|-164457.90109295794|-164456.5011106373|-164455.0506785033
390.6|1.0|0.76|0.0|-164572.8768618384|-164571.91831538457|-164570.9597689308|-164570.0264473837|-164569.04267602327
390.8|1.0|0.76|0.0|-164836.81576730774|-164835.6428091472|-164834.46985098664|-164833.30950527944|-164832.1113222122
391.0|1.0|0.76|0.0|-164451.4441075083|-164450.876547108|-164450.33421161442|-164449.79187612084|-164449.21170326724
391.2|1.0|0.76|0.0|-164528.5033922191|-164527.43133368526|-164526.37188760476|-164525.31244152426|-164524.24038299045
391.4|1.0|0.76|0.0|-164505.09832168536|-164504.37941184503|-164503.68572691135|-164502.9920419777|-164502.2479072307
391.6|1.0|0.76|0.0|-164691.20768315878|-164690.04733745157|-164688.91221665102|-164687.80232075718|-164686.64197504998
391.8|1.0|0.76|0.0|-164643.63350916328|-164642.6119004428|-164641.5902917223|-164640.5939079085|-164639.54707428135
392.0|1.0|0.76|0.0|-164510.83804323667|-164509.90472168956|-164508.9840125958|-164508.10114086207|-164507.1425944083
392.2|1.0|0.76|0.0|-164899.53736714867|-164899.17160600182|-164898.83106976168|-164898.47792106817|-164898.099547468
392.4|1.0|0.76|0.0|-164869.8632823336|-164868.60203699968|-164867.36601657243|-164866.15522105186|-164864.89397571795
392.6|1.0|0.76|0.0|-164658.1511215947|-164657.1547377809|-164656.1961913271|-164655.2502573267|-164654.2286486062
392.8|1.0|0.76|0.0|-164494.2775153583|-164492.890145491|-164491.52800053038|-164490.16585556974|-164488.76587324907
393.0|1.0|0.76|0.0|-164657.81664156253|-164656.35359697518|-164654.9157772945|-164653.4653451605|-164651.98968811982
393.2|1.0|0.76|0.0|-164495.22104284962|-164493.59403636886|-164491.9670298881|-164490.37786076736|-164488.73824183326
393.4|1.0|0.76|0.0|-164437.2214235044|-164435.54396721028|-164433.92957318286|-164432.30256670213|-164430.62511040803
393.6|1.0|0.76|0.0|-164345.79841663787|-164344.31014714387|-164342.8471025565|-164341.3966704225|-164339.89578847514
393.8|1.0|0.76|0.0|-164884.1460495202|-164882.77129210625|-164881.4091471456|-164880.04700218496|-164878.64701986432
394.0|1.0|0.76|0.0|-164660.0005638423|-164658.47445698825|-164656.9483501342|-164655.44746818682|-164653.8835239728
394.2|1.0|0.76|0.0|-164842.07459024934|-164840.82595736877|-164839.5899369415|-164838.39175387428|-164837.11789608703
394.4|1.0|0.76|0.0|-164708.61383946365|-164707.90754207663|-164707.22646959632|-164706.54539711602|-164705.8138748223
394.6|1.0|0.76|0.0|-164942.85327896668|-164942.0334694996|-164941.22627248592|-164940.44430037888|-164939.5866535518
394.8|1.0|0.76|0.0|-164721.36598587676|-164719.75159184937|-164718.1876476353|-164716.6237034212|-164714.98408448714
395.0|1.0|0.76|0.0|-164631.68908256062|-164630.50351194676|-164629.35577869287|-164628.19543298567|-164626.98463746512
395.2|1.0|0.76|0.0|-164769.03839433932|-164767.70147428536|-164766.3519417781|-164765.02763417747|-164763.64026431015
395.4|1.0|0.76|0.0|-164814.5441259872|-164813.30810555996|-164812.0720851327|-164810.87390206548|-164809.60004427822
395.6|1.0|0.76|0.0|-164829.855644341|-164828.5691741004|-164827.30792876647|-164826.04668343256|-164824.7349882853
395.8|1.0|0.76|0.0|-165003.13970561678|-165002.105484443|-165001.09648817586|-165000.10010436203|-164999.06588318822
396.0|1.0|0.76|0.0|-164746.15554103107|-164745.1969945773|-164744.2384481235|-164743.30512657642|-164742.30874276263
396.2|1.0|0.76|0.0|-164695.0677071708|-164694.08393581034|-164693.12538935657|-164692.19206780946|-164691.19568399567
396.4|1.0|0.76|0.0|-164816.86507979158|-164815.93175824446|-164815.02366160403|-164814.1407898703|-164813.20746832318
396.6|1.0|0.76|0.0|-164685.9982639439|-164685.01449258343|-164684.0559461297|-164683.1100121292|-164682.11362831542
396.8|1.0|0.76|0.0|-164943.3743995367|-164942.28972854954|-164941.23028246907|-164940.1834488419|-164939.0861654014
397.0|1.0|0.76|0.0|-165214.90079248705|-165213.94224603326|-165213.00892448617|-165212.07560293906|-165211.0918315786
397.2|1.0|0.76|0.0|-164930.72294597796|-164929.60043763075|-164928.47792928357|-164927.36803338974|-164926.20768768253
397.4|1.0|0.76|0.0|-164508.84471853738|-164508.050133977|-164507.26816187|-164506.51141466963|-164505.70421765593
397.6|1.0|0.76|0.0|-165031.35789051207|-165030.13448253815|-165028.93629947092|-165027.75072885706|-165026.5147084298
397.8|1.0|0.76|0.0|-164603.35036044355|-164602.44226380315|-164601.55939206938|-164600.67652033563|-164599.7558112419
398.0|1.0|0.76|0.0|-164547.14544993045|-164546.01032912993|-164544.88782078272|-164543.7905373422|-164542.64280408836
398.2|1.0|0.76|0.0|-164683.0500038514|-164681.75092115742|-164680.47706337017|-164679.20320558292|-164677.8788979823
398.4|1.0|0.76|0.0|-164488.38245618014|-164487.1842731129|-164486.01131495237|-164484.82574433848|-164483.64017372462
398.6|1.0|0.76|0.0|-164519.9892642482|-164518.42532003415|-164516.88660072675|-164515.37310632606|-164513.79654965864
398.8|1.0|0.76|0.0|-164521.44283547509|-164520.06807806113|-164518.71854555383|-164517.36901304653|-164515.98164317923
399.0|1.0|0.76|0.0|-164423.7773491947|-164422.76835292755|-164421.77196911376|-164420.81342265996|-164419.7665890328
399.2|1.0|0.76|0.0|-164479.8913189486|-164478.32737473457|-164476.80126788048|-164475.2877734798|-164473.7112168124
399.4|1.0|0.76|0.0|-164120.67293626728|-164119.33601621335|-164118.02432106607|-164116.73785082545|-164115.3757058648
399.6|1.0|0.76|0.0|-164204.33133926627|-164203.17099355906|-164202.0232603052|-164200.90075195802|-164199.72779379744
399.8|1.0|0.76|0.0|-164114.0802808623|-164112.99560987513|-164111.92355134132|-164110.88933016747|-164109.79204672697
400.0|1.0|0.76|0.0|-163901.11900622968|-163899.92082316248|-163898.72264009525|-163897.56229438804|-163896.3262739608
400.2|1.0|0.76|0.0|-164148.90419371318|-164147.88258499268|-164146.8862011789|-164145.90242981844|-164144.84298373794
400.4|1.0|0.76|0.0|-164300.89720720847|-164299.82514867463|-164298.7909275008|-164297.75670632705|-164296.67203533984
400.6|1.0|0.76|0.0|-164131.29777563395|-164130.46535371355|-164129.64554424654|-164128.85095968615|-164127.99331285906
400.8|1.0|0.76|0.0|-164182.90617670328|-164182.2377166763|-164181.5818691027|-164180.95124643572|-164180.24494904873
401.0|1.0|0.76|0.0|-164230.6882915524|-164229.75497000528|-164228.84687336485|-164227.9513891778|-164227.00545517734
401.2|1.0|0.76|0.0|-163995.09777187812|-163993.6599521975|-163992.2221325168|-163990.82215019615|-163989.3591056088
401.4|1.0|0.76|0.0|-164305.40196138277|-164303.83801716872|-164302.28668540798|-164300.76057855392|-164299.18402188653
401.6|1.0|0.76|0.0|-163916.6458320258|-163915.27107461184|-163913.92154210454|-163912.59723450392|-163911.19725218328
401.8|1.0|0.76|0.0|-163549.7747892948|-163548.56399377424|-163547.365810707|-163546.18024009315|-163544.95683211923
402.0|1.0|0.76|0.0|-163886.74647971103|-163885.76270835058|-163884.80416189678|-163883.8708403497|-163882.87445653588
402.2|1.0|0.76|0.0|-163852.46799561425|-163851.2572000937|-163850.04640457314|-163848.83560905256|-163847.61220107868
402.4|1.0|0.76|0.0|-163779.42630824522|-163777.7993017645|-163776.18490773707|-163774.59573861634|-163772.91828232224
402.6|1.0|0.76|0.0|-164088.55128858436|-164087.47923005055|-164086.40717151674|-164085.3729503429|-164084.2756669024
402.8|1.0|0.76|0.0|-164004.00671841818|-164002.70763572425|-164001.42116548365|-164000.13469524306|-163998.81038764244
403.0|1.0|0.76|0.0|-164184.46893375018|-164183.51038729638|-164182.5518408426|-164181.6437442022|-164180.6599728417
403.2|1.0|0.76|0.0|-164287.8260042146|-164286.60259624073|-164285.4044131735|-164284.2188425596|-164282.98282213236
403.4|1.0|0.76|0.0|-164294.9375410228|-164294.11773155577|-164293.32314699542|-164292.56639979506|-164291.73397787465
403.6|1.0|0.76|0.0|-164151.816995442|-164150.64403728142|-164149.49630402756|-164148.37379568038|-164147.1882250665
403.8|1.0|0.76|0.0|-164073.92261343243|-164072.61091828515|-164071.3118355912|-164070.06320271062|-164068.72628265666
404.0|1.0|0.76|0.0|-164383.0369163104|-164381.9648577766|-164380.91802414943|-164379.8838029756|-164378.79913198843
404.2|1.0|0.76|0.0|-164375.89720998472|-164374.95127598426|-164374.04317934386|-164373.12247025012|-164372.1639237963
404.4|1.0|0.76|0.0|-164467.62854932473|-164466.5186534309|-164465.43398244373|-164464.37453636323|-164463.23941556268
404.6|1.0|0.76|0.0|-164602.3926132542|-164601.4845166138|-164600.5890324267|-164599.70616069296|-164598.77283914588
404.8|1.0|0.76|0.0|-164455.06847088024|-164453.85767535967|-164452.6468798391|-164451.47392167858|-164450.25051370467
405.0|1.0|0.76|0.0|-164494.63808608183|-164493.67953962806|-164492.7588305343|-164491.83812144052|-164490.87957498676
405.2|1.0|0.76|0.0|-164791.38202730237|-164790.4865431153|-164789.60367138154|-164788.74602455448|-164787.8253154607
405.4|1.0|0.76|0.0|-164437.88018511093|-164437.2243375373|-164436.59371487037|-164435.98831711005|-164435.30724462974
405.6|1.0|0.76|0.0|-164418.5579065953|-164417.2209865413|-164415.90929139403|-164414.61020870012|-164413.26067619282
405.8|1.0|0.76|0.0|-164363.6937345697|-164362.7351881159|-164361.77664166217|-164360.8307076617|-164359.8343238479
406.0|1.0|0.76|0.0|-164377.42879873948|-164376.73511380583|-164376.02881641884|-164375.3729688452|-164374.6414465515
406.2|1.0|0.76|0.0|-164360.641623345|-164359.75875161125|-164358.9011047842|-164358.0686828638|-164357.16058622338
406.4|1.0|0.76|0.0|-164426.7779510311|-164426.12210345746|-164425.4914807905|-164424.87347057686|-164424.20501054992
406.6|1.0|0.76|0.0|-164337.51613070973|-164336.8098333227|-164336.10353593575|-164335.4224634554|-164334.69094116174
406.8|1.0|0.76|0.0|-164346.71924196437|-164345.82375777728|-164344.9282735902|-164344.07062676313|-164343.13730521602
407.0|1.0|0.76|0.0|-164204.2198203764|-164203.23604901595|-164202.27750256218|-164201.3189561084|-164200.3225722946
407.2|1.0|0.76|0.0|-164117.37168244566|-164115.93386276497|-164114.4960430843|-164113.108673217|-164111.64562862966
407.4|1.0|0.76|0.0|-164044.06810363816|-164043.17261945107|-164042.31497262398|-164041.46993825026|-164040.57445406317
407.6|1.0|0.76|0.0|-164136.51706763206|-164135.4323966449|-164134.33511320438|-164133.28827957722|-164132.16577123004
407.8|1.0|0.76|0.0|-164123.61542245277|-164122.74516317237|-164121.90012879865|-164121.06770687824|-164120.1848351445
408.0|1.0|0.76|0.0|-163981.44784841317|-163980.24966534594|-163979.06409473205|-163977.9163614782|-163976.68034105096
408.2|1.0|0.76|0.0|-164291.43672658433|-164290.55385485056|-164289.69620802352|-164288.83856119646|-164287.95568946272
408.4|1.0|0.76|0.0|-164105.90753796452|-164104.50755564385|-164103.1075733232|-164101.77065326925|-164100.3328335886
408.6|1.0|0.76|0.0|-163983.56674057417|-163982.38116996025|-163981.1955993464|-163980.04786609253|-163978.82445811862
408.8|1.0|0.76|0.0|-164105.51412073415|-164103.83666444002|-164102.1844330526|-164100.55742657185|-164098.85474537103
409.0|1.0|0.76|0.0|-163893.18979590142|-163892.18079963428|-163891.1970282738|-163890.20064446|-163889.15381083285
409.2|1.0|0.76|0.0|-163871.44592634463|-163870.26035573072|-163869.07478511683|-163867.91443940962|-163866.6784189824
409.4|1.0|0.76|0.0|-163530.32951333228|-163529.23222989176|-163528.1475589046|-163527.06288791742|-163525.94037957024
409.6|1.0|0.76|0.0|-163641.8429665907|-163640.92225749695|-163640.0393857632|-163639.15651402946|-163638.22319248237
409.8|1.0|0.76|0.0|-164032.76336170945|-164031.77959034895|-164030.82104389518|-164029.87510989473|-164028.87872608093
410.0|1.0|0.76|0.0|-163996.52519499487|-163995.66754816778|-163994.82251379406|-163994.00270432702|-163993.1324450466
410.2|1.0|0.76|0.0|-164093.93117213357|-164093.2248747466|-164092.5564147196|-164091.91317959933|-164091.18165730563
410.4|1.0|0.76|0.0|-163728.04390076306|-163727.00967958922|-163725.9754584154|-163724.95384969495|-163723.88179116108
410.6|1.0|0.76|0.0|-163919.9219783567|-163918.43370886263|-163916.95805182194|-163915.50761968797|-163913.99412528725
410.8|1.0|0.76|0.0|-164075.77350545506|-164075.0041458014|-164074.24739860103|-164073.503263854|-164072.70867929363
411.0|1.0|0.76|0.0|-164353.60769550808|-164352.62392414763|-164351.65276524052|-164350.70683124007|-164349.6978349729
411.2|1.0|0.76|0.0|-164595.50215964962|-164594.51838828914|-164593.547229382|-164592.61390783492|-164591.60491156776
411.4|1.0|0.76|0.0|-164670.52491560634|-164669.061871019|-164667.6240513383|-164666.18623165763|-164664.71057461694
411.6|1.0|0.76|0.0|-164466.08351178115|-164464.91055362063|-164463.7375954601|-164462.58986220622|-164461.37906668565
411.8|1.0|0.76|0.0|-164423.80066334843|-164423.04391614805|-164422.29978140106|-164421.55564665404|-164420.773674547
412.0|1.0|0.76|0.0|-164437.42211295478|-164436.1987049809|-164434.9879094603|-164433.77711393972|-164432.5158686058
412.2|1.0|0.76|0.0|-164449.57972715131|-164448.63379315086|-164447.70047160378|-164446.79237496335|-164445.82121605624
412.4|1.0|0.76|0.0|-164514.25638787478|-164513.33567878103|-164512.4275821406|-164511.54471040686|-164510.59877640643
412.6|1.0|0.76|0.0|-164141.77280340783|-164140.51155807392|-164139.2755376467|-164138.05212967278|-164136.7782718855
412.8|1.0|0.76|0.0|-164361.1916541501|-164359.75383446945|-164358.32862724212|-164356.9160324681|-164355.45298788077
413.0|1.0|0.76|0.0|-164496.31832025482|-164494.615639054|-164492.92557030657|-164491.24811401244|-164489.53282035835
413.2|1.0|0.76|0.0|-164279.27061074032|-164277.80756615297|-164276.35713401894|-164274.9193143383|-164273.43104484427
413.4|1.0|0.76|0.0|-164345.45153365875|-164344.65694909837|-164343.8875894447|-164343.15606715102|-164342.3488701373
413.6|1.0|0.76|0.0|-164360.53484602994|-164358.93306445586|-164357.34389533513|-164355.7547262144|-164354.12771973363
413.8|1.0|0.76|0.0|-164543.71714779528|-164542.32977792798|-164540.96763296734|-164539.6307129134|-164538.21811813943
414.0|1.0|0.76|0.0|-164603.2775433252|-164601.95323572462|-164600.66676548403|-164599.39290769675|-164598.04337518947
414.2|1.0|0.76|0.0|-164291.17088502474|-164289.8213525175|-164288.49704491682|-164287.18534976954|-164285.82320480893
414.4|1.0|0.76|0.0|-164550.0551544806|-164548.71823442663|-164547.39392682604|-164546.09484413208|-164544.73269917144
414.6|1.0|0.76|0.0|-164174.600803836|-164173.03685962193|-164171.49814031456|-164169.98464591385|-164168.3954767931
414.8|1.0|0.76|0.0|-164379.70268212986|-164378.23963754257|-164376.78920540854|-164375.3639981812|-164373.87572868718
415.0|1.0|0.76|0.0|-164316.1391419748|-164315.0544709876|-164313.96980000046|-164312.9355788266|-164311.82568293277
415.2|1.0|0.76|0.0|-164127.92619974096|-164126.72801667376|-164125.5550585132|-164124.36948789933|-164123.15869237875
415.4|1.0|0.76|0.0|-164666.9462093547|-164665.7228013808|-164664.5372307669|-164663.351660153|-164662.14086463244
415.6|1.0|0.76|0.0|-164465.4470240456|-164464.42541532512|-164463.41641905802|-164462.4200352442|-164461.38581407038
415.8|1.0|0.76|0.0|-164631.07376129614|-164629.93864049562|-164628.84135705512|-164627.7440736146|-164626.59634036073
416.0|1.0|0.76|0.0|-164564.30501056486|-164563.23295203102|-164562.21134331054|-164561.17712213675|-164560.10506360288
416.2|1.0|0.76|0.0|-164287.04585971206|-164285.93596381822|-164284.8765177377|-164283.80445920388|-164282.6819508567
416.4|1.0|0.76|0.0|-164304.22231868713|-164303.16287260663|-164302.1286514328|-164301.09443025902|-164300.03498417852
416.6|1.0|0.76|0.0|-164214.77479960542|-164213.89192787168|-164213.0216685913|-164212.15140931087|-164211.25592512378
416.8|1.0|0.76|0.0|-164128.00112063167|-164126.99212436454|-164125.98312809737|-164124.98674428358|-164123.93991065642
417.0|1.0|0.76|0.0|-164051.40690035903|-164050.38529163855|-164049.36368291805|-164048.3546866509|-164047.30785302375
417.2|1.0|0.76|0.0|-164353.1064005038|-164352.1730789567|-164351.2397574096|-164350.34427322252|-164349.3731143154
417.4|1.0|0.76|0.0|-164500.7789521317|-164499.66905623785|-164498.57177279732|-164497.4997142635|-164496.36459346296
417.6|1.0|0.76|0.0|-164250.7244522285|-164250.06860465484|-164249.42536953455|-164248.80735932093|-164248.13889929393
417.8|1.0|0.76|0.0|-164313.6296850092|-164312.49456420867|-164311.38466831483|-164310.29999732765|-164309.13965162044
418.0|1.0|0.76|0.0|-164201.08258071862|-164199.720435758|-164198.3709032507|-164197.04659565008|-164195.64661332942
418.2|1.0|0.76|0.0|-164360.00765870273|-164359.37703603576|-164358.7716382755|-164358.17885296853|-164357.53561784825
418.4|1.0|0.76|0.0|-164378.3466207304|-164377.40068672993|-164376.4547527295|-164375.54665608908|-164374.56288472863
418.6|1.0|0.76|0.0|-164657.66213316802|-164656.74142407425|-164655.83332743385|-164654.93784324676|-164653.9919092463
418.8|1.0|0.76|0.0|-164635.81974203844|-164635.0629948381|-164634.3566974511|-164633.6377876108|-164632.8684279571
419.0|1.0|0.76|0.0|-164687.9199133276|-164687.49108991408|-164687.06226650055|-164686.6586679937|-164686.19200722018
419.2|1.0|0.76|0.0|-164624.55787010278|-164623.4731991156|-164622.41375303513|-164621.35430695463|-164620.2444110608
419.4|1.0|0.76|0.0|-164665.2204196684|-164664.02223660116|-164662.84927844064|-164661.68893273344|-164660.47813721286
419.6|1.0|0.76|0.0|-164593.460908473|-164592.12398841904|-164590.81229327177|-164589.5005981245|-164588.13845316385
419.8|1.0|0.76|0.0|-164349.07894663358|-164348.1077877265|-164347.1744661794|-164346.2537570856|-164345.2573732718
420.0|1.0|0.76|0.0|-164315.030377456|-164314.38714233568|-164313.76913212208|-164313.1385094551|-164312.47004942814
420.2|1.0|0.76|0.0|-164073.30009675663|-164072.1902008628|-164071.10552987564|-164070.04608379514|-164068.91096299462
420.4|1.0|0.76|0.0|-164444.0452385654|-164443.11191701828|-164442.2164328312|-164441.3461735508|-164440.40023955033
420.6|1.0|0.76|0.0|-164288.01639010716|-164286.94433157335|-164285.8974979462|-164284.8632767724|-164283.77860578522
420.8|1.0|0.76|0.0|-164480.28775400537|-164478.69858488464|-164477.1346406706|-164475.58330890985|-164473.98152733577
421.0|1.0|0.76|0.0|-164251.33478990855|-164250.161831748|-164249.02671094748|-164247.91681505364|-164246.71863198638
421.2|1.0|0.76|0.0|-164197.45438924344|-164196.53368014967|-164195.66342086927|-164194.79316158887|-164193.85984004175
421.4|1.0|0.76|0.0|-163954.71511227696|-163953.2394552363|-163951.8268604623|-163950.40165323496|-163948.92599619427
421.6|1.0|0.76|0.0|-164274.89933393206|-164273.25971499798|-164271.6579334239|-164270.0435393965|-164268.39130800904
421.8|1.0|0.76|0.0|-164056.70389116372|-164055.1021095896|-164053.52555292222|-164051.96160870817|-164050.34721468075
422.0|1.0|0.76|0.0|-164150.06554436428|-164148.64033713695|-164147.22774236297|-164145.84037249564|-164144.40255281498
422.2|1.0|0.76|0.0|-164218.99222376975|-164217.44089200904|-164215.87694779495|-164214.3508409409|-164212.76167182016
422.4|1.0|0.76|0.0|-164158.30568145108|-164156.88047422376|-164155.4804919031|-164154.08050958242|-164152.64268990175
422.6|1.0|0.76|0.0|-164137.38162136133|-164136.20866320076|-164135.06092994692|-164133.9384215997|-164132.76546343917
422.8|1.0|0.76|0.0|-164037.73918060248|-164036.49054772189|-164035.267139748|-164034.03111932077|-164032.76987398684
423.0|1.0|0.76|0.0|-164341.84823547502|-164340.57437768776|-164339.31313235383|-164338.06449947326|-164336.77802923266
423.2|1.0|0.76|0.0|-163881.86204374247|-163880.63863576858|-163879.41522779467|-163878.22965718078|-163876.96841184687
423.4|1.0|0.76|0.0|-164175.20628270882|-164173.97026228157|-164172.72162940097|-164171.5108338804|-164170.23697609315
423.6|1.0|0.76|0.0|-163822.26727532767|-163821.03125490042|-163819.82045937984|-163818.63488876598|-163817.36103097873
423.8|1.0|0.76|0.0|-164292.11520216602|-164291.1062058989|-164290.12243453844|-164289.16388808464|-164288.15489181754
424.0|1.0|0.76|0.0|-164428.73011929583|-164427.4814864153|-164426.24546598806|-164425.0346704675|-164423.77342513355
424.2|1.0|0.76|0.0|-164177.70446048552|-164176.49366496498|-164175.3207068044|-164174.14774864385|-164172.9369531233
424.4|1.0|0.76|0.0|-164414.64200891595|-164412.8258156351|-164411.04745971426|-164409.26910379346|-164407.4529105126
424.6|1.0|0.76|0.0|-164196.99531960284|-164195.63317464222|-164194.28364213492|-164192.9593345343|-164191.58457712032
424.8|1.0|0.76|0.0|-164251.1789909577|-164249.80423354375|-164248.4673134898|-164247.14300588917|-164245.7682484752
425.0|1.0|0.76|0.0|-164361.85391126267|-164360.56744102205|-164359.31880814146|-164358.07017526092|-164356.75848011364
425.2|1.0|0.76|0.0|-164304.11404930448|-164303.1555028507|-164302.2221813036|-164301.2888597565|-164300.31770084938
425.4|1.0|0.76|0.0|-164122.5902632497|-164121.58126698257|-164120.5974956221|-164119.63894916832|-164118.6047279945
425.6|1.0|0.76|0.0|-164206.8963378425|-164205.7359921353|-164204.58825888144|-164203.44052562758|-164202.2549550137
425.8|1.0|0.76|0.0|-164379.71151378192|-164378.61423034142|-164377.5169469009|-164376.48272572708|-164375.34760492656
426.0|1.0|0.76|0.0|-164281.56070169914|-164280.476030712|-164279.44180953817|-164278.394975911|-164277.29769247049
426.2|1.0|0.76|0.0|-164351.42082867533|-164350.1848082481|-164348.94878782082|-164347.73799230027|-164346.4767469663
426.4|1.0|0.76|0.0|-164167.25378501613|-164165.96731477554|-164164.7312943483|-164163.48266146771|-164162.19619122712
426.6|1.0|0.76|0.0|-164203.27225701543|-164201.9101120548|-164200.54796709417|-164199.2362719469|-164197.8489020796
426.8|1.0|0.76|0.0|-164361.73999667197|-164360.5670385114|-164359.43191771087|-164358.30940936366|-164357.1238387498
427.0|1.0|0.76|0.0|-164189.61784595173|-164188.30615080445|-164187.01968056386|-164185.75843522992|-164184.42151517596
427.2|1.0|0.76|0.0|-164244.61673198183|-164243.44377382126|-164242.28342811405|-164241.12308240685|-164239.937511793
427.4|1.0|0.76|0.0|-164177.9599160841|-164176.96353227028|-164176.00498581651|-164175.04643936275|-164174.05005554896
427.6|1.0|0.76|0.0|-164113.98771470497|-164112.92826862447|-164111.89404745068|-164110.88505118352|-164109.80038019636
427.8|1.0|0.76|0.0|-163974.30450392724|-163973.57298163357|-163972.85407179326|-163972.17299931293|-163971.4288645659
428.0|1.0|0.76|0.0|-164007.932811316|-164006.8733652355|-164005.82653160833|-164004.80492288788|-164003.7202519007
428.2|1.0|0.76|0.0|-163733.51105156142|-163732.30025604085|-163731.08946052028|-163729.9038899064|-163728.65525702582
428.4|1.0|0.76|0.0|-163897.7075030744|-163896.21923358037|-163894.7435765397|-163893.29314440567|-163891.77965000496
428.6|1.0|0.76|0.0|-164093.5556058939|-164092.52138472008|-164091.51238845295|-164090.52861709247|-164089.469171012
428.8|1.0|0.76|0.0|-164050.93812606068|-164050.08047923364|-164049.22283240655|-164048.39041048617|-164047.49492629908
429.0|1.0|0.76|0.0|-164318.17233899364|-164316.9993808331|-164315.82642267252|-164314.67868941865|-164313.4931188048
429.2|1.0|0.76|0.0|-164397.4331026707|-164396.23491960348|-164395.06196144293|-164393.88900328235|-164392.6782077618
429.4|1.0|0.76|0.0|-164270.75362133165|-164269.4923759977|-164268.25635557048|-164267.02033514323|-164265.73386490264
429.6|1.0|0.76|0.0|-163945.83249057943|-163945.00006865902|-163944.18025919195|-163943.37306217826|-163942.50280289786
429.8|1.0|0.76|0.0|-164052.6518568038|-164051.45367373657|-164050.28071557602|-164049.13298232216|-164047.9221868016
430.0|1.0|0.76|0.0|-163915.7184509|-163914.64639236618|-163913.61217119233|-163912.57795001852|-163911.49327903136
430.2|1.0|0.76|0.0|-163926.86785965186|-163925.72012639797|-163924.58500559747|-163923.47510970358|-163922.31476399637
430.4|1.0|0.76|0.0|-164076.14385549122|-164075.14747167742|-164074.1510878636|-164073.19254140984|-164072.17093268933
430.6|1.0|0.76|0.0|-164218.02793184307|-164217.08199784262|-164216.16128874884|-164215.25319210844|-164214.29464565465
430.8|1.0|0.76|0.0|-164012.979677972|-164011.84455717143|-164010.72204882427|-164009.62476538375|-164008.4391947699
431.0|1.0|0.76|0.0|-164160.60394391266|-164160.0363835124|-164159.4688231121|-164158.93910007188|-164158.33370231162
431.2|1.0|0.76|0.0|-164009.30495365546|-164008.3464072017|-164007.3878607479|-164006.42931429413|-164005.44554293368
431.4|1.0|0.76|0.0|-164097.32281856364|-164096.5786838166|-164095.8597739763|-164095.15347658927|-164094.3841169356
431.6|1.0|0.76|0.0|-164166.07373318792|-164164.96383729405|-164163.84132894684|-164162.75665795972|-164161.60892470583
431.8|1.0|0.76|0.0|-164295.1012118768|-164293.72645446286|-164292.37692195553|-164291.0400019016|-164289.62740712758
432.0|1.0|0.76|0.0|-164547.94121761515|-164546.74303454795|-164545.59530129406|-164544.4475680402|-164543.2241600663
432.2|1.0|0.76|0.0|-164419.89268082712|-164418.84584719996|-164417.81162602617|-164416.80262975904|-164415.7305712252
432.4|1.0|0.76|0.0|-164448.70849714844|-164447.71211333462|-164446.72834197417|-164445.75718306706|-164444.74818679993
432.6|1.0|0.76|0.0|-164758.9757984056|-164757.44969155156|-164755.9235846975|-164754.4100902968|-164752.84614608274
432.8|1.0|0.76|0.0|-164512.17374819386|-164511.20258928678|-164510.25665528633|-164509.32333373922|-164508.32694992542
433.0|1.0|0.76|0.0|-164710.58045885907|-164709.2813761651|-164707.9949059245|-164706.74627304394|-164705.43457789667
433.2|1.0|0.76|0.0|-164295.94605533246|-164294.84877189194|-164293.7514884514|-164292.6794299176|-164291.55692157042
433.4|1.0|0.76|0.0|-164555.1028696086|-164553.91729899473|-164552.7191159275|-164551.5587702203|-164550.33536224638
433.6|1.0|0.76|0.0|-164221.87001963303|-164220.74751128585|-164219.65022784533|-164218.5781693115|-164217.43043605765
433.8|1.0|0.76|0.0|-164302.80893093068|-164301.7494848502|-164300.6900387697|-164299.6558175959|-164298.5585341554
434.0|1.0|0.76|0.0|-164151.36787140765|-164150.1318509804|-164148.90844300648|-164147.71025993925|-164146.44901460534
434.2|1.0|0.76|0.0|-164169.25807358342|-164168.1986275029|-164167.17701878244|-164166.15541006197|-164165.08335152813
434.4|1.0|0.76|0.0|-164190.85711007364|-164190.02468815324|-164189.19226623286|-164188.38506921916|-164187.52742239207
434.6|1.0|0.76|0.0|-164413.50345210885|-164412.5575181084|-164411.6241965613|-164410.7160999209|-164409.7575534671
434.8|1.0|0.76|0.0|-164868.77152708193|-164867.6364062814|-164866.55173529423|-164865.46706430704|-164864.33194350652
435.0|1.0|0.76|0.0|-164207.62612283646|-164206.80631336945|-164205.9991163557|-164205.21714424872|-164204.37210987497
435.2|1.0|0.76|0.0|-164335.39599968476|-164334.57619021772|-164333.79421811068|-164333.01224600364|-164332.17982408326
435.4|1.0|0.76|0.0|-164315.9180058602|-164315.1108088465|-164314.3414491928|-164313.5720895391|-164312.75228007205
435.6|1.0|0.76|0.0|-164496.2065063139|-164494.94526098|-164493.68401564605|-164492.4732201255|-164491.18674988492
435.8|1.0|0.76|0.0|-164546.33656789243|-164545.3654089853|-164544.40686253153|-164543.4609285311|-164542.46454471728
436.0|1.0|0.76|0.0|-164505.6729117275|-164504.62607810035|-164503.61708183322|-164502.62069801943|-164501.57386439227
436.2|1.0|0.76|0.0|-164527.29065675093|-164526.35733520382|-164525.4618510167|-164524.59159173633|-164523.6456577359
436.4|1.0|0.76|0.0|-164645.62474563357|-164644.56529955307|-164643.53107837925|-164642.50946965878|-164641.43741112493
436.6|1.0|0.76|0.0|-164207.23620965832|-164206.55513717802|-164205.8740646977|-164205.21821712403|-164204.51191973707
436.8|1.0|0.76|0.0|-164352.95985885573|-164352.1022120287|-164351.2697901083|-164350.46259309456|-164349.59233381416
437.0|1.0|0.76|0.0|-164555.4527972168|-164554.68343756307|-164553.92669036274|-164553.19516806907|-164552.38797105537
437.2|1.0|0.76|0.0|-164284.09586362363|-164283.28866660994|-164282.49408204955|-164281.71210994254|-164280.89230047548
437.4|1.0|0.76|0.0|-164560.06433483568|-164558.8409268618|-164557.63013134123|-164556.46978563402|-164555.23376520677
437.6|1.0|0.76|0.0|-164431.0230972214|-164429.91320132752|-164428.82853034037|-164427.76908425987|-164426.6465759127
437.8|1.0|0.76|0.0|-164325.70911183895|-164324.8262401052|-164323.9433683715|-164323.0857215444|-164322.16501245066
438.0|1.0|0.76|0.0|-164405.8785943005|-164404.86959803334|-164403.91105157958|-164402.9272802191|-164401.91828395196
438.2|1.0|0.76|0.0|-164334.92003725632|-164333.89842853585|-164332.87681981537|-164331.88043600158|-164330.80837746774
438.4|1.0|0.76|0.0|-164510.83426035917|-164509.24509123844|-164507.68114702436|-164506.142427717|-164504.52803368957
438.6|1.0|0.76|0.0|-164271.86320819636|-164270.22358926226|-164268.60919523484|-164267.0200261141|-164265.3551822733
438.8|1.0|0.76|0.0|-164528.8802334679|-164527.61898813397|-164526.35774280006|-164525.12172237283|-164523.81002722555
439.0|1.0|0.76|0.0|-164347.4950635258|-164345.76715741833|-164344.06447621752|-164342.37440747005|-164340.63388890924
439.2|1.0|0.76|0.0|-164201.3787964398|-164199.87791449242|-164198.40225745173|-164196.92660041104|-164195.400493557
439.4|1.0|0.76|0.0|-164433.01564335282|-164431.77962292553|-164430.568827405|-164429.35803188442|-164428.12201145716
439.6|1.0|0.76|0.0|-164317.4477334056|-164316.0982008983|-164314.76128084434|-164313.44958569706|-164312.06221582973
439.8|1.0|0.76|0.0|-164548.2521138189|-164547.05393075163|-164545.8809725911|-164544.7206268839|-164543.50983136334
440.0|1.0|0.76|0.0|-164537.03964280032|-164535.75317255975|-164534.4540898658|-164533.19284453188|-164531.86853693126
440.2|1.0|0.76|0.0|-164777.04528624355|-164776.27592658985|-164775.50656693615|-164774.76243218913|-164773.96784762878
440.4|1.0|0.76|0.0|-164735.15965979674|-164734.16327598295|-164733.1542797158|-164732.19573326202|-164731.17412454155
440.6|1.0|0.76|0.0|-164797.23815513233|-164796.54447019869|-164795.88862262506|-164795.2327750514|-164794.52647766442
440.8|1.0|0.76|0.0|-164883.64693625446|-164882.44875318726|-164881.27579502668|-164880.10283686614|-164878.87942889225
441.0|1.0|0.76|0.0|-164748.39434323413|-164747.33489715366|-164746.30067597982|-164745.266454806|-164744.18178381884
441.2|1.0|0.76|0.0|-164577.54605030114|-164576.2091302472|-164574.89743509993|-164573.59835240597|-164572.2488198987
441.4|1.0|0.76|0.0|-164507.23162293504|-164505.83164061443|-164504.41904584042|-164503.04428842646|-164501.60646874577
441.6|1.0|0.76|0.0|-164667.32529921332|-164666.36675275952|-164665.43343121244|-164664.525334572|-164663.5541756649
441.8|1.0|0.76|0.0|-164682.12521420783|-164681.015318314|-164679.93064732684|-164678.84597633965|-164677.71085553913
442.0|1.0|0.76|0.0|-164523.73895917664|-164522.36420176268|-164521.03989416207|-164519.7029741081|-164518.3156042408
442.2|1.0|0.76|0.0|-164263.87051806715|-164262.73539726663|-164261.62550137276|-164260.51560547893|-164259.38048467838
442.4|1.0|0.76|0.0|-164438.11190101583|-164437.15335456203|-164436.22003301492|-164435.31193637452|-164434.35338992075
442.6|1.0|0.76|0.0|-164362.05880738038|-164360.99936129988|-164359.96514012606|-164358.95614385893|-164357.89669777843
442.8|1.0|0.76|0.0|-164108.97731867575|-164107.9683224086|-164106.98455104817|-164106.02600459437|-164105.0043958739
443.0|1.0|0.76|0.0|-164219.8203945624|-164219.35373378886|-164218.912297922|-164218.4960869618|-164218.01681373492
443.2|1.0|0.76|0.0|-164447.06200695256|-164445.80076161865|-164444.5395162847|-164443.32872076417|-164442.04225052358
443.4|1.0|0.76|0.0|-164314.57164185902|-164313.29778407174|-164312.04915119117|-164310.78790585723|-164309.4888231633
443.6|1.0|0.76|0.0|-164230.08159215763|-164229.02214607713|-164227.9879249033|-164226.97892863618|-164225.90687010236
443.8|1.0|0.76|0.0|-164130.11768126924|-164129.24742198884|-164128.4276125218|-164127.5951906014|-164126.72493132102
444.0|1.0|0.76|0.0|-164381.54702145114|-164380.37406329063|-164379.21371758342|-164378.0912092362|-164376.88041371564
444.2|1.0|0.76|0.0|-164092.85523703316|-164091.7201162326|-164090.61022033877|-164089.5003244449|-164088.35259119104
444.4|1.0|0.76|0.0|-164120.48912229936|-164119.5431882989|-164118.59725429845|-164117.6765452047|-164116.71799875094
444.6|1.0|0.76|0.0|-164234.8982087033|-164234.10362414294|-164233.34687694258|-164232.59012974222|-164231.80815763518
444.8|1.0|0.76|0.0|-164437.47536410685|-164436.37808066636|-164435.2934096792|-164434.24657605204|-164433.1114552515
445.0|1.0|0.76|0.0|-164336.5846990854|-164335.39912847153|-164334.23878276433|-164333.09104951043|-164331.8802539899
445.2|1.0|0.76|0.0|-164514.83253610958|-164514.05056400254|-164513.28120434887|-164512.53706960185|-164511.72987258813
445.4|1.0|0.76|0.0|-164265.5757875094|-164264.49111652223|-164263.43167044176|-164262.3974492679|-164261.31277828076
445.6|1.0|0.76|0.0|-164149.50475454124|-164148.53359563413|-164147.57504918033|-164146.6291151799|-164145.63273136612
445.8|1.0|0.76|0.0|-163990.61144291476|-163989.21146059412|-163987.83670318013|-163986.4745582195|-163985.03673853882
446.0|1.0|0.76|0.0|-164066.16775264562|-164065.2848809119|-164064.41462163147|-164063.56958725775|-164062.66149061732
446.2|1.0|0.76|0.0|-164277.61030245348|-164276.75265562645|-164275.92023370604|-164275.0878117857|-164274.20494005192
446.4|1.0|0.76|0.0|-164569.2202659632|-164568.31216932277|-164567.42929758903|-164566.57165076197|-164565.63832921485
446.6|1.0|0.76|0.0|-164618.13457239707|-164616.99945159655|-164615.87694324937|-164614.7670473555|-164613.6067016483
446.8|1.0|0.76|0.0|-164733.07185967732|-164732.31511247696|-164731.5835901833|-164730.86468034296|-164730.09532068926
447.0|1.0|0.76|0.0|-164719.61017216806|-164718.7399128877|-164717.88226606062|-164717.0372316869|-164716.15435995316
447.2|1.0|0.76|0.0|-164521.0823107782|-164520.67871227136|-164520.2751137645|-164519.89674016435|-164519.4679167508
447.4|1.0|0.76|0.0|-164856.9426404784|-164855.9714815713|-164855.00032266416|-164854.06700111704|-164853.0580048499
447.6|1.0|0.76|0.0|-164234.75531177642|-164234.31387590955|-164233.885052496|-164233.46884153585|-164233.00218076227
447.8|1.0|0.76|0.0|-164502.10389643075|-164501.43543640376|-164500.80481373682|-164500.17419106985|-164499.49311858954
448.0|1.0|0.76|0.0|-164640.33480066108|-164639.45192892733|-164638.61950700695|-164637.7996975399|-164636.9042133528
448.2|1.0|0.76|0.0|-164504.41948865174|-164503.54922937133|-164502.67897009093|-164501.8339357172|-164500.95106398346
448.4|1.0|0.76|0.0|-164487.68591270733|-164486.24809302663|-164484.8228857993|-164483.42290347867|-164481.95985889132
448.6|1.0|0.76|0.0|-164391.14867255723|-164390.20273855678|-164389.26941700967|-164388.34870791592|-164387.37754900882
448.8|1.0|0.76|0.0|-164193.4767559691|-164192.4551472486|-164191.43353852816|-164190.41192980763|-164189.33987127384
449.0|1.0|0.76|0.0|-164535.11751750828|-164533.88149708105|-164532.69592646713|-164531.51035585327|-164530.27433542602
449.2|1.0|0.76|0.0|-164581.05315624902|-164579.98109771518|-164578.92165163468|-164577.87481800752|-164576.77753456705
449.4|1.0|0.76|0.0|-164395.37848152843|-164394.3442603546|-164393.3100391808|-164392.30104291366|-164391.24159683316
449.6|1.0|0.76|0.0|-164411.35386194405|-164410.40792794363|-164409.44938148986|-164408.52867239606|-164407.53228858227
449.8|1.0|0.76|0.0|-164383.08935401088|-164382.10558265043|-164381.14703619666|-164380.18848974287|-164379.17949347573
450.0|1.0|0.76|0.0|-164667.04612848992|-164665.6335337159|-164664.2461638486|-164662.8587939813|-164661.43358675396
450.2|1.0|0.76|0.0|-164622.41048184436|-164620.82131272362|-164619.25736850954|-164617.71864920217|-164616.12948008144
450.4|1.0|0.76|0.0|-164410.34469139884|-164409.44920721176|-164408.566335478|-164407.7213011043|-164406.80059201055
450.6|1.0|0.76|0.0|-164591.50930890546|-164590.1723888515|-164588.86069370422|-164587.54899855694|-164586.1868535963
450.8|1.0|0.76|0.0|-164695.09155318982|-164693.88075766925|-164692.6699621487|-164691.49700398813|-164690.27359601425
451.0|1.0|0.76|0.0|-164228.16380628644|-164226.8016613258|-164225.45212881852|-164224.11520876453|-164222.74045135058
451.2|1.0|0.76|0.0|-164461.35673956273|-164459.89369497538|-164458.4558752947|-164457.03066806737|-164455.55501102668
451.4|1.0|0.76|0.0|-164315.56487095126|-164314.1270512706|-164312.7144564966|-164311.3018617226|-164309.83881713526
451.6|1.0|0.76|0.0|-164366.4687326283|-164365.1822623877|-164363.9210170538|-164362.6597717199|-164361.34807657258
451.8|1.0|0.76|0.0|-164142.7106017098|-164141.57548090926|-164140.46558501542|-164139.38091402827|-164138.24579322772
452.0|1.0|0.76|0.0|-164356.65577120305|-164355.59632512255|-164354.53687904205|-164353.5278827749|-164352.44321178773
452.2|1.0|0.76|0.0|-164282.0498193645|-164281.31829707083|-164280.5993872305|-164279.9309272035|-164279.17418000317
452.4|1.0|0.76|0.0|-163912.50493652557|-163911.82386404526|-163911.1554040183|-163910.512168898|-163909.805871511
452.6|1.0|0.76|0.0|-163979.82776617288|-163978.68003291902|-163977.5449121185|-163976.43501622466|-163975.26205806408
452.8|1.0|0.76|0.0|-163854.195118461|-163852.88342331373|-163851.57172816643|-163850.31048283252|-163848.9483378719
453.0|1.0|0.76|0.0|-163887.32723661512|-163885.56149314766|-163883.79574968017|-163882.03000621268|-163880.23903783853
453.2|1.0|0.76|0.0|-163952.88747218123|-163951.37397778052|-163949.8857082865|-163948.42266369914|-163946.90916929842
453.4|1.0|0.76|0.0|-163975.59412421868|-163974.4842283248|-163973.39955733763|-163972.32749880382|-163971.20499045664
453.6|1.0|0.76|0.0|-163982.4434918924|-163981.35882090524|-163980.29937482474|-163979.26515365092|-163978.1678702104
453.8|1.0|0.76|0.0|-164121.10480390367|-164120.29760688997|-164119.54085968965|-164118.78411248926|-164117.97691547556
454.0|1.0|0.76|0.0|-164228.94117258777|-164227.86911405396|-164226.80966797343|-164225.76283434627|-164224.6655509058
454.2|1.0|0.76|0.0|-163990.24249792262|-163988.9434152287|-163987.69478234812|-163986.4335370142|-163985.14706677358
454.4|1.0|0.76|0.0|-164120.74579936382|-164119.86292763008|-164119.00528080302|-164118.14763397595|-164117.2395373355
454.6|1.0|0.76|0.0|-164212.1126696944|-164210.87664926716|-164209.65324129327|-164208.4424457727|-164207.20642534544
454.8|1.0|0.76|0.0|-164152.4179280399|-164151.3584819594|-164150.32426078562|-164149.31526451846|-164148.25581843796
455.0|1.0|0.76|0.0|-163870.5112867659|-163869.54012785875|-163868.581581405|-163867.64825985787|-163866.65187604408
455.2|1.0|0.76|0.0|-164263.20008299843|-164261.91361275784|-164260.62714251722|-164259.37850963665|-164258.0794269427
455.4|1.0|0.76|0.0|-163743.28394943726|-163742.40107770354|-163741.54343087645|-163740.71100895604|-163739.82813722233
455.6|1.0|0.76|0.0|-164055.8542579585|-164055.28669755824|-164054.73174961132|-164054.2020265711|-164053.60924126412
455.8|1.0|0.76|0.0|-163779.61524026896|-163778.87110552195|-163778.13958322827|-163777.44589829462|-163776.68915109424
456.0|1.0|0.76|0.0|-164373.15729441226|-164372.50144683864|-164371.89604907835|-164371.27803886472|-164370.60957883776
456.2|1.0|0.76|0.0|-164075.47293994733|-164074.60268066695|-164073.74503383986|-164072.91261191946|-164072.01712773237
456.4|1.0|0.76|0.0|-164019.40020958323|-164018.1894140627|-164017.01645590217|-164015.8434977416|-164014.6200897677
456.6|1.0|0.76|0.0|-164380.7826039502|-164379.92495712318|-164379.09253520277|-164378.28533818907|-164377.389854002
456.8|1.0|0.76|0.0|-164293.69588894732|-164293.014816467|-164292.37158134673|-164291.74095867976|-164291.03466129274
457.0|1.0|0.76|0.0|-164291.79056600126|-164290.41580858728|-164289.06627607998|-164287.7167435727|-164286.35459861206
457.2|1.0|0.76|0.0|-164057.60257598443|-164056.9088910508|-164056.24043102382|-164055.5971959035|-164054.89089851652
457.4|1.0|0.76|0.0|-163906.1901625107|-163905.26945341696|-163904.36135677656|-163903.46587258944|-163902.5451634957
457.6|1.0|0.76|0.0|-163766.49868817048|-163765.13654320984|-163763.77439824922|-163762.43747819526|-163761.05010832794
457.8|1.0|0.76|0.0|-164065.94996263614|-164064.84006674227|-164063.75539575508|-164062.6959496746|-164061.54821642072
458.0|1.0|0.76|0.0|-163655.83081740496|-163654.7839837778|-163653.7245376973|-163652.7155414302|-163651.630870443
458.2|1.0|0.76|0.0|-163807.44499887837|-163806.20897845112|-163805.0234078372|-163803.86306213|-163802.62704170277
458.4|1.0|0.76|0.0|-163712.9020486476|-163711.91827728713|-163710.9345059267|-163709.9759594729|-163708.96696320578
458.6|1.0|0.76|0.0|-163589.23106028343|-163588.3860259097|-163587.5536039893|-163586.72118206893|-163585.8509227885
458.8|1.0|0.76|0.0|-163793.12196561665|-163792.0372946295|-163790.977848549|-163789.93101492184|-163788.83373148134
459.0|1.0|0.76|0.0|-163910.60603617507|-163909.21866630777|-163907.83129644048|-163906.46915147983|-163905.05655670582
459.2|1.0|0.76|0.0|-164059.23024757378|-164057.9185524265|-164056.6320821859|-164055.35822439863|-164054.03391679804
459.4|1.0|0.76|0.0|-164214.52784744583|-164213.455788912|-164212.3963428315|-164211.336896751|-164210.2396133105
459.6|1.0|0.76|0.0|-164064.864948992|-164063.23794251127|-164061.62354848385|-164060.04699181646|-164058.394760429
459.8|1.0|0.76|0.0|-164020.58151104854|-164019.47161515467|-164018.36171926084|-164017.30227318034|-164016.14192747313
460.0|1.0|0.76|0.0|-164491.00067956166|-164489.56285988097|-164488.15026510702|-164486.75028278635|-164485.2998506523
460.2|1.0|0.76|0.0|-163985.8730393682|-163984.63701894096|-163983.41361096705|-163982.21542789982|-163980.9541825659
460.4|1.0|0.76|0.0|-164020.07143883442|-164019.0624425673|-164018.05344630015|-164017.06967493967|-164016.0480662192
460.6|1.0|0.76|0.0|-164150.88470895152|-164149.93877495106|-164148.99284095064|-164148.07213185687|-164147.10097294973
460.8|1.0|0.76|0.0|-163936.61055937913|-163935.7403000987|-163934.85742836498|-163934.0376188979|-163933.14213471083
461.0|1.0|0.76|0.0|-164650.57703461504|-164649.2148896544|-164647.8779696004|-164646.55366199982|-164645.1662921325
461.2|1.0|0.76|0.0|-164285.33948151467|-164284.46922223427|-164283.59896295387|-164282.7665410335|-164281.85844439306
461.4|1.0|0.76|0.0|-164508.5848030175|-164507.47490712366|-164506.37762368313|-164505.30556514932|-164504.17044434877
461.6|1.0|0.76|0.0|-163918.0452397459|-163916.99840611877|-163915.96418494495|-163914.94257622445|-163913.88313014398
461.8|1.0|0.76|0.0|-164110.4657155407|-164109.33059474017|-164108.208086393|-164107.09819049912|-164105.93784479192
462.0|1.0|0.76|0.0|-164438.7051456542|-164436.97723954674|-164435.27455834596|-164433.57187714515|-164431.83135858434
462.2|1.0|0.76|0.0|-164501.47104783257|-164499.94494097854|-164498.44405903117|-164496.9431770838|-164495.4044577764
462.4|1.0|0.76|0.0|-164373.0898366035|-164372.29525204314|-164371.5132799361|-164370.74392028243|-164369.92411081537
462.6|1.0|0.76|0.0|-164117.72339811793|-164116.47476523733|-164115.22613235677|-164114.0153368362|-164112.74147904894
462.8|1.0|0.76|0.0|-164327.66134443457|-164326.21091230056|-164324.7730926199|-164323.34788539258|-164321.85961589855
463.0|1.0|0.76|0.0|-164471.39315686832|-164470.39677305453|-164469.4003892407|-164468.41661788028|-164467.40762161315
463.2|1.0|0.76|0.0|-164464.50439844845|-164463.558464448|-164462.63775535423|-164461.74227116714|-164460.80894962006
463.4|1.0|0.76|0.0|-164395.5980337881|-164394.79083677437|-164394.00886466735|-164393.252117467|-164392.40708309325
463.6|1.0|0.76|0.0|-164187.7542657207|-164186.79571926687|-164185.84978526644|-164184.91646371936|-164183.93269235888
463.8|1.0|0.76|0.0|-164350.21527718304|-164348.99186920916|-164347.79368614193|-164346.58289062136|-164345.34687019413
464.0|1.0|0.76|0.0|-164070.16952325642|-164069.22358925597|-164068.30288016223|-164067.39478352183|-164066.4236246147
464.2|1.0|0.76|0.0|-164464.92392845455|-164463.71313293398|-164462.5275623201|-164461.3798290662|-164460.1564210923
464.4|1.0|0.76|0.0|-164281.26138292893|-164279.8740130616|-164278.511868101|-164277.14972314035|-164275.74974081968
464.6|1.0|0.76|0.0|-164590.69678725634|-164589.38509210906|-164588.0733969618|-164586.78692672116|-164585.45000666723
464.8|1.0|0.76|0.0|-164528.92913376735|-164527.81923787348|-164526.74717933964|-164525.68773325917|-164524.5778373653
465.0|1.0|0.76|0.0|-164386.54714802097|-164385.41202722045|-164384.2769064199|-164383.1796229794|-164382.00666481885
465.2|1.0|0.76|0.0|-164444.3878590346|-164443.101388794|-164441.84014346008|-164440.59151057948|-164439.29242788555
465.4|1.0|0.76|0.0|-164483.76393835965|-164482.70449227912|-164481.64504619862|-164480.5982125715|-164479.50092913094
465.6|1.0|0.76|0.0|-164043.55012296038|-164042.66725122664|-164041.82221685292|-164040.98979493254|-164040.09431074545
465.8|1.0|0.76|0.0|-164292.58117626602|-164292.0262283191|-164291.47128037218|-164290.94155733194|-164290.36138447834
466.0|1.0|0.76|0.0|-164118.72664016587|-164117.3897201119|-164116.05280005795|-164114.72849245733|-164113.35373504338
466.2|1.0|0.76|0.0|-163994.73361138807|-163993.4219162408|-163992.14805845355|-163990.88681311964|-163989.562505519
466.4|1.0|0.76|0.0|-164091.01334328187|-164090.25659608154|-164089.51246133453|-164088.79355149416|-164088.01157938715
466.6|1.0|0.76|0.0|-164282.07160495815|-164280.96170906432|-164279.8644256238|-164278.80497954332|-164277.66985874277
466.8|1.0|0.76|0.0|-164208.4708146969|-164207.36091880302|-164206.2510229092|-164205.17896437534|-164204.05645602816
467.0|1.0|0.76|0.0|-164110.29353497762|-164108.9187775636|-164107.56924505634|-164106.23232500238|-164104.83234268174
467.2|1.0|0.76|0.0|-164043.74357211025|-164042.5706139497|-164041.4102682425|-164040.27514744198|-164039.0895768281
467.4|1.0|0.76|0.0|-164191.78702993545|-164190.8284834817|-164189.8699370279|-164188.9366154808|-164187.940231667
467.6|1.0|0.76|0.0|-163943.13276750452|-163942.1994459574|-163941.31657422366|-163940.43370248994|-163939.50038094283
467.8|1.0|0.76|0.0|-164129.06555463118|-164128.2331327108|-164127.4385481504|-164126.64396359006|-164125.81154166965
468.0|1.0|0.76|0.0|-164044.7285151639|-164043.25285812322|-164041.81503844255|-164040.3772187619|-164038.9015617212
468.2|1.0|0.76|0.0|-164090.02793539068|-164088.8171398701|-164087.6567941629|-164086.4964484557|-164085.28565293516
468.4|1.0|0.76|0.0|-164352.50570183303|-164351.4714806592|-164350.47509684542|-164349.47871303165|-164348.41926695112
468.6|1.0|0.76|0.0|-164080.669495013|-164079.74878591925|-164078.82807682545|-164077.9452050917|-164076.98665863794
468.8|1.0|0.76|0.0|-164109.5746370301|-164108.4142913229|-164107.27917052238|-164106.1566621752|-164104.9710915613
469.0|1.0|0.76|0.0|-163913.20341939456|-163912.1439733141|-163911.10975214024|-163910.0881434198|-163909.02869733926
469.2|1.0|0.76|0.0|-163901.25942608234|-163900.1999800018|-163899.14053392134|-163898.10631274752|-163897.00902930702
469.4|1.0|0.76|0.0|-163921.46610623156|-163920.1922484443|-163918.95622801705|-163917.7202075898|-163916.4337373492
469.6|1.0|0.76|0.0|-163795.03946992522|-163793.76561213797|-163792.51697925737|-163791.25573392346|-163789.95665122953
469.8|1.0|0.76|0.0|-164055.94983249172|-164055.2687600114|-164054.5876875311|-164053.9192275041|-164053.20031766378
470.0|1.0|0.76|0.0|-164062.7085751005|-164061.48516712658|-164060.28698405935|-164059.10141344546|-164057.86539301823
470.2|1.0|0.76|0.0|-164231.87669912248|-164230.91815266872|-164229.9722186683|-164229.06412202786|-164228.08035066738
470.4|1.0|0.76|0.0|-164011.1830776435|-164009.6317458828|-164008.0804141221|-164006.56691972137|-164004.97775060064
470.6|1.0|0.76|0.0|-164134.92600014314|-164133.38728083577|-164131.8611739817|-164130.36029203434|-164128.79634782026
470.8|1.0|0.76|0.0|-163963.32096000982|-163962.29935128934|-163961.30296747555|-163960.31919611507|-163959.28497494126
471.0|1.0|0.76|0.0|-164013.69509864665|-164011.96719253916|-164010.26451133838|-164008.5744425909|-164006.82131157676
471.2|1.0|0.76|0.0|-164379.98035091758|-164378.88306747706|-164377.81100894324|-164376.75156286274|-164375.65427942225
471.4|1.0|0.76|0.0|-164115.2447856591|-164114.1727271253|-164113.11328104482|-164112.07905987097|-164110.9943888838
471.6|1.0|0.76|0.0|-164261.86455572746|-164260.90600927366|-164259.97268772658|-164259.06459108615|-164258.0808197257
471.8|1.0|0.76|0.0|-164040.7874286093|-164039.6270829021|-164038.4793496482|-164037.36945375436|-164036.1838831405
472.0|1.0|0.76|0.0|-164029.2304831338|-164028.43589857343|-164027.64131401308|-164026.8719543594|-164026.039532439
472.2|1.0|0.76|0.0|-163907.0608868796|-163905.86270381237|-163904.67713319848|-163903.51678749127|-163902.3059919707
472.4|1.0|0.76|0.0|-164148.90125850402|-164147.79136261018|-164146.71930407634|-164145.6472455425|-164144.53734964866
472.6|1.0|0.76|0.0|-164169.8276939292|-164169.08355918218|-164168.36464934185|-164167.6709644082|-164166.90160475447
472.8|1.0|0.76|0.0|-163932.5151578848|-163931.55661143103|-163930.62328988392|-163929.6899683368|-163928.70619697636
473.0|1.0|0.76|0.0|-163982.9145214283|-163982.00642478786|-163981.13616550746|-163980.26590622705|-163979.34519713328
473.2|1.0|0.76|0.0|-164038.3458918202|-164036.94590949954|-164035.59637699227|-164034.24684448497|-164032.83424971096
473.4|1.0|0.76|0.0|-164195.98225373295|-164194.59488386568|-164193.23273890503|-164191.8705939444|-164190.4579991704
473.6|1.0|0.76|0.0|-164496.3652714282|-164495.10402609428|-164493.8553932137|-164492.6319852398|-164491.34551499918
473.8|1.0|0.76|0.0|-164183.6869335761|-164182.38785088214|-164181.12660554823|-164179.87797266763|-164178.57888997372
474.0|1.0|0.76|0.0|-164299.77526027613|-164298.58968966224|-164297.45456886172|-164296.30683560786|-164295.10865254063
474.2|1.0|0.76|0.0|-164238.80945233497|-164237.42208246767|-164236.022100147|-164234.65995518636|-164233.23474795904
474.4|1.0|0.76|0.0|-164546.5280889051|-164545.58215490464|-164544.66144581087|-164543.75334917047|-164542.80741517
474.6|1.0|0.76|0.0|-164428.72777471683|-164427.87012788976|-164427.01248106273|-164426.18005914232|-164425.27196250192
474.8|1.0|0.76|0.0|-164283.61475903733|-164282.32828879674|-164281.05443100946|-164279.79318567555|-164278.48149052827
475.0|1.0|0.76|0.0|-164376.83575149174|-164375.28441973103|-164373.75831287698|-164372.24481847626|-164370.6808742622
475.2|1.0|0.76|0.0|-164199.57313478595|-164198.00919057193|-164196.4578588112|-164194.93175195713|-164193.3425828364
475.4|1.0|0.76|0.0|-164255.73135686864|-164254.0791254812|-164252.46473145374|-164250.85033742635|-164249.18549358557
475.6|1.0|0.76|0.0|-164529.93870491645|-164528.66484712917|-164527.44143915526|-164526.2306436347|-164524.94417339412
475.8|1.0|0.76|0.0|-164495.4851363313|-164494.4004653441|-164493.34101926364|-164492.3067980898|-164491.19690219595
476.0|1.0|0.76|0.0|-164269.63917086902|-164268.56711233518|-164267.52027870805|-164266.49866998754|-164265.40138654705
476.2|1.0|0.76|0.0|-164248.35524951923|-164246.86698002517|-164245.40393543782|-164243.95350330384|-164242.45262135644
476.4|1.0|0.76|0.0|-164224.96253591112|-164223.07066791024|-164221.20402481605|-164219.3499941752|-164217.4202888143
476.6|1.0|0.76|0.0|-164197.78269896514|-164196.86198987137|-164195.94128077762|-164195.03318413717|-164194.0746376834
476.8|1.0|0.76|0.0|-164787.39305291415|-164786.09397022022|-164784.82011243296|-164783.55886709903|-164782.24717195175
477.0|1.0|0.76|0.0|-164384.46994905928|-164383.158253912|-164381.88439612472|-164380.61053833747|-164379.28623073685
477.2|1.0|0.76|0.0|-164763.08077289374|-164761.4789913197|-164759.90243465226|-164758.35110289155|-164756.74932131747
477.4|1.0|0.76|0.0|-164664.02256436757|-164662.62258204693|-164661.2352121796|-164659.86045476564|-164658.42263508498
477.6|1.0|0.76|0.0|-164476.3492586801|-164475.03756353282|-164473.76370574557|-164472.48984795832|-164471.17815281104
477.8|1.0|0.76|0.0|-164387.045359992|-164385.77150220476|-164384.5354817775|-164383.29946135028|-164382.01299110966
478.0|1.0|0.76|0.0|-164436.01951630815|-164434.63214644085|-164433.24477657356|-164431.89524406625|-164430.48264929227
478.2|1.0|0.76|0.0|-164583.34232168196|-164582.11891370805|-164580.9081181875|-164579.70993512025|-164578.473914693
478.4|1.0|0.76|0.0|-164125.97593525157|-164124.65162765095|-164123.33993250367|-164122.0282373564|-164120.6787048491
478.6|1.0|0.76|0.0|-164414.39611162207|-164413.10964138148|-164411.84839604757|-164410.59976316697|-164409.2880680197
478.8|1.0|0.76|0.0|-164686.63820302417|-164685.22560825016|-164683.86346328954|-164682.50131832893|-164681.08872355492
479.0|1.0|0.76|0.0|-164150.3834004526|-164149.22305474538|-164148.08793394486|-164146.95281314434|-164145.7546300771
479.2|1.0|0.76|0.0|-164349.81186752382|-164348.37404784316|-164346.96145306915|-164345.57408320182|-164344.1110386145
479.4|1.0|0.76|0.0|-164273.72661057636|-164272.7176143092|-164271.73384294874|-164270.77529649495|-164269.7663002278
479.6|1.0|0.76|0.0|-164369.1384320265|-164367.7510621592|-164366.42675455855|-164365.0646095979|-164363.68985218395
479.8|1.0|0.76|0.0|-164656.56363117378|-164655.10058658643|-164653.66276690576|-164652.2249472251|-164650.73667773107
480.0|1.0|0.76|0.0|-164641.2410815507|-164639.97983621675|-164638.71859088284|-164637.50779536227|-164636.22132512167
480.2|1.0|0.76|0.0|-164575.93700351502|-164574.5874710077|-164573.23793850042|-164571.90101844646|-164570.52626103247
480.4|1.0|0.76|0.0|-164438.73277591637|-164437.30756868902|-164435.894973915|-164434.4949915944|-164433.04455946037
480.6|1.0|0.76|0.0|-164532.7929721289|-164531.41821471494|-164530.04345730096|-164528.69392479365|-164527.28133001967
480.8|1.0|0.76|0.0|-164187.22368064857|-164185.6723488878|-164184.1210171271|-164182.60752272638|-164181.0057411523
481.0|1.0|0.76|0.0|-164337.81637351873|-164336.8073772516|-164335.83621834446|-164334.86505943738|-164333.8560631702
481.2|1.0|0.76|0.0|-164280.37308640775|-164279.1622908872|-164277.97672027332|-164276.81637456611|-164275.5929665922
481.4|1.0|0.76|0.0|-164434.76212773306|-164433.12250879896|-164431.4955023182|-164429.8811082908|-164428.20365199668
481.6|1.0|0.76|0.0|-164451.75763336307|-164450.49638802913|-164449.24775514854|-164448.02434717465|-164446.73787693406
481.8|1.0|0.76|0.0|-164520.56518002195|-164519.46789658142|-164518.39583804758|-164517.34900442045|-164516.23910852658
482.0|1.0|0.76|0.0|-164537.6224946771|-164536.76484785008|-164535.95765083635|-164535.13784136932|-164534.28019454225
482.2|1.0|0.76|0.0|-164751.5837230346|-164750.7134637542|-164749.85581692713|-164749.02339500672|-164748.12791081966
482.4|1.0|0.76|0.0|-164513.28228559412|-164512.273289327|-164511.23906815317|-164510.23007188604|-164509.17062580556
482.6|1.0|0.76|0.0|-164137.33897153058|-164136.27952545008|-164135.22007936958|-164134.21108310245|-164133.11379966195
482.8|1.0|0.76|0.0|-164495.72183316428|-164494.7002244438|-164493.70384063|-164492.70745681622|-164491.6732356424
483.0|1.0|0.76|0.0|-164118.4460389833|-164117.4748800762|-164116.5415585291|-164115.608236982|-164114.6496905282
483.2|1.0|0.76|0.0|-164337.4234538587|-164336.0739213514|-164334.73700129747|-164333.4253061502|-164332.0379362829
483.4|1.0|0.76|0.0|-164387.78254707356|-164386.5086892863|-164385.2600564057|-164384.0114235251|-164382.72495328457
483.6|1.0|0.76|0.0|-164408.5577197393|-164407.44782384543|-164406.36315285828|-164405.30370677778|-164404.16858597726
483.8|1.0|0.76|0.0|-164577.16404821648|-164575.7892908025|-164574.4397582952|-164573.10283824126|-164571.71546837396
484.0|1.0|0.76|0.0|-164627.99009910415|-164626.95587793033|-164625.93426920986|-164624.93788539607|-164623.87843931557
484.2|1.0|0.76|0.0|-164660.79402577525|-164659.98682876155|-164659.17963174783|-164658.3976596408|-164657.54001281373
484.4|1.0|0.76|0.0|-164591.10231269524|-164589.87890472132|-164588.69333410743|-164587.50776349357|-164586.25913061298
484.6|1.0|0.76|0.0|-164758.0414174461|-164757.2720577924|-164756.51531059205|-164755.78378829837|-164755.00181619133
484.8|1.0|0.76|0.0|-164440.72470388486|-164439.56435817765|-164438.40401247045|-164437.25627921656|-164436.05809614933
485.0|1.0|0.76|0.0|-164427.6877461886|-164426.64091256144|-164425.61930384097|-164424.5976951205|-164423.53824904
485.2|1.0|0.76|0.0|-164434.81445094684|-164433.75500486637|-164432.69555878584|-164431.66133761205|-164430.58927907818
485.4|1.0|0.76|0.0|-164459.21954815823|-164458.56370058455|-164457.94569037095|-164457.315067704|-164456.65922013036
485.6|1.0|0.76|0.0|-164399.02631084537|-164398.68577460523|-164398.35785081837|-164398.05515193826|-164397.67677833806
485.8|1.0|0.76|0.0|-163915.82696076238|-163915.032376202|-163914.27562900164|-163913.5188818013|-163912.7116847876
486.0|1.0|0.76|0.0|-164185.0087190864|-164183.5961243124|-164182.1835295384|-164180.80877212444|-164179.37095244374
486.2|1.0|0.76|0.0|-164193.68578931666|-164192.31103190267|-164190.96149939537|-164189.59935443473|-164188.21198456743
486.4|1.0|0.76|0.0|-164307.57924119165|-164306.21709623103|-164304.88017617707|-164303.5684810298|-164302.18111116247
486.6|1.0|0.76|0.0|-164172.7554104241|-164171.58245226357|-164170.42210655636|-164169.26176084913|-164168.07619023527
486.8|1.0|0.76|0.0|-164304.0888870453|-164303.25646512496|-164302.42404320455|-164301.61684619085|-164300.74658691045
487.0|1.0|0.76|0.0|-164768.5719260675|-164767.62599206704|-164766.7052829733|-164765.82241123955|-164764.8638647858
487.2|1.0|0.76|0.0|-164618.37021925082|-164617.47473506373|-164616.59186333|-164615.73421650293|-164614.80089495584
487.4|1.0|0.76|0.0|-164659.73506516728|-164658.95309306023|-164658.17112095322|-164657.41437375286|-164656.60717673917
487.6|1.0|0.76|0.0|-164609.2850947183|-164608.49051015795|-164607.72115050425|-164606.97701575723|-164606.1572062902
487.8|1.0|0.76|0.0|-164371.06861929057|-164370.66502078372|-164370.26142227688|-164369.8830486767|-164369.45422526315
488.0|1.0|0.76|0.0|-164290.55793902662|-164289.90209145297|-164289.271468786|-164288.6534585724|-164287.98499854543
488.2|1.0|0.76|0.0|-164226.9010863555|-164225.71551574158|-164224.56778248775|-164223.4326616872|-164222.2092537133
488.4|1.0|0.76|0.0|-163968.53713831762|-163967.67949149056|-163966.79661975682|-163965.96419783644|-163965.056101196
488.6|1.0|0.76|0.0|-164305.02741518803|-164303.69049513404|-164302.36618753345|-164301.0671048395|-164299.70495987884
488.8|1.0|0.76|0.0|-164419.58762089198|-164418.67952425155|-164417.78404006446|-164416.91378078406|-164416.00568414363
489.0|1.0|0.76|0.0|-164329.57701633652|-164328.6058574294|-164327.63469852228|-164326.68876452182|-164325.6797682547
489.2|1.0|0.76|0.0|-164455.09617954463|-164454.2259202642|-164453.39349834382|-164452.5736888768|-164451.70342959635
489.4|1.0|0.76|0.0|-164240.7364526656|-164239.31124543826|-164237.9112631176|-164236.511280797|-164235.0734611163
489.6|1.0|0.76|0.0|-164549.060486996|-164548.30373979564|-164547.54699259528|-164546.8154703016|-164546.02088574122
489.8|1.0|0.76|0.0|-164334.19473190917|-164333.23618545535|-164332.2776390016|-164331.3443174545|-164330.36054609405
490.0|1.0|0.76|0.0|-164187.14862087698|-164185.6855762896|-164184.26036906228|-164182.87299919495|-164181.40995460763
490.2|1.0|0.76|0.0|-163986.71691164115|-163985.26647950712|-163983.8412722798|-163982.42867750578|-163980.9530204651
490.4|1.0|0.76|0.0|-164062.90733515704|-164061.72176454312|-164060.5488063826|-164059.4010731287|-164058.17766515483
490.6|1.0|0.76|0.0|-164375.19167983593|-164373.50161108846|-164371.81154234102|-164370.1719234069|-164368.4566297528
490.8|1.0|0.76|0.0|-164118.71064412847|-164117.81515994138|-164116.9196757543|-164116.06202892723|-164115.12870738015
491.0|1.0|0.76|0.0|-164153.50840289137|-164152.51201907755|-164151.54086017047|-164150.58231371667|-164149.5733174495
491.2|1.0|0.76|0.0|-163983.3392943865|-163982.00237433254|-163980.6654542786|-163979.36637158465|-163977.9916141707
491.4|1.0|0.76|0.0|-164175.8573100478|-164174.4447152738|-164173.05734540647|-164171.69520044583|-164170.25738076516
491.6|1.0|0.76|0.0|-164276.1515390012|-164275.04164310737|-164273.9317472135|-164272.85968867966|-164271.72456787914
491.8|1.0|0.76|0.0|-164335.6679489838|-164333.88959306298|-164332.16168695554|-164330.4463933014|-164328.66803738056
492.0|1.0|0.76|0.0|-164061.30925149593|-164059.70746992188|-164058.10568834777|-164056.52913168038|-164054.88951274627
492.2|1.0|0.76|0.0|-164517.70332625267|-164517.11054094572|-164516.54298054546|-164516.00064505186|-164515.3952472916
492.4|1.0|0.76|0.0|-164420.30019044163|-164419.44254361454|-164418.61012169416|-164417.79031222712|-164416.93266540006
492.6|1.0|0.76|0.0|-164334.51181452622|-164333.56588052577|-164332.65778388537|-164331.7496872449|-164330.79114079117
492.8|1.0|0.76|0.0|-164169.4212338858|-164168.462687432|-164167.52936588493|-164166.58343188447|-164165.58704807068
493.0|1.0|0.76|0.0|-164204.32522748222|-164203.30361876174|-164202.26939758792|-164201.2730137741|-164200.21356769363
493.2|1.0|0.76|0.0|-164440.63215324568|-164439.5096448985|-164438.41236145797|-164437.34030292416|-164436.2051821236
493.4|1.0|0.76|0.0|-164222.90761419918|-164221.70943113195|-164220.5238605181|-164219.3635148109|-164218.14010683697
493.6|1.0|0.76|0.0|-164107.03750420816|-164105.9780581277|-164104.94383695387|-164103.90961578005|-164102.85016969955
493.8|1.0|0.76|0.0|-163997.51095941046|-163996.6280876767|-163995.79566575633|-163994.93801892924|-163994.05514719553
494.0|1.0|0.76|0.0|-164215.12622932522|-164213.95327116468|-164212.81815036415|-164211.69564201697|-164210.51007140306
494.2|1.0|0.76|0.0|-164369.88103179735|-164368.90987289025|-164367.92610152977|-164366.967555076|-164365.95855880887
494.4|1.0|0.76|0.0|-164271.16029111823|-164270.16390730444|-164269.1927483973|-164268.24681439687|-164267.23781812974
494.6|1.0|0.76|0.0|-164326.03438760573|-164325.00016643188|-164323.96594525807|-164322.95694899093|-164321.89750291043
494.8|1.0|0.76|0.0|-164318.01247714175|-164317.2305050347|-164316.44853292766|-164315.69178572734|-164314.88458871358
495.0|1.0|0.76|0.0|-164473.04983909708|-164472.39399152342|-164471.76336885648|-164471.14535864285|-164470.46428616252
495.2|1.0|0.76|0.0|-164280.83726308253|-164280.09312833552|-164279.37421849518|-164278.66792110816|-164277.88594900115
495.4|1.0|0.76|0.0|-164117.90959084657|-164116.1438473791|-164114.40332881827|-164112.68803516414|-164110.89706679
495.6|1.0|0.76|0.0|-164132.51976743684|-164131.47293380968|-164130.43871263586|-164129.42971636873|-164128.34504538155
495.8|1.0|0.76|0.0|-164253.46058250652|-164252.60293567946|-164251.7452888524|-164250.912866932|-164250.02999519827
496.0|1.0|0.76|0.0|-164066.7438170464|-164065.7726581393|-164064.81411168547|-164063.88079013838|-164062.89701877793
496.2|1.0|0.76|0.0|-164284.29602469443|-164282.80775520045|-164281.35732306642|-164279.9068909324|-164278.40600898504
496.4|1.0|0.76|0.0|-164239.77642296266|-164238.3133783753|-164236.87555869462|-164235.437739014|-164233.96208197327
496.6|1.0|0.76|0.0|-164348.43093031325|-164347.33364687272|-164346.2615883389|-164345.2021422584|-164344.09224636454
496.8|1.0|0.76|0.0|-164448.09453659967|-164447.14860259925|-164446.2278935055|-164445.31979686508|-164444.36125041128
497.0|1.0|0.76|0.0|-164254.84652653628|-164253.35825704227|-164251.89521245493|-164250.45739277426|-164248.9691232802
497.2|1.0|0.76|0.0|-164332.76626326595|-164332.3122149457|-164331.85816662552|-164331.429343212|-164330.93745753175
497.4|1.0|0.76|0.0|-164161.92279757277|-164160.8759639456|-164159.86696767848|-164158.8705838647|-164157.8111377842
497.6|1.0|0.76|0.0|-164464.1728919125|-164463.25218281872|-164462.33147372495|-164461.4486019912|-164460.50266799078
497.8|1.0|0.76|0.0|-164650.27100472213|-164649.62776960182|-164649.0097593882|-164648.40436162794|-164647.73590160094
498.0|1.0|0.76|0.0|-164473.77006587817|-164473.0385435845|-164472.3574711042|-164471.67639862385|-164470.94487633018
498.2|1.0|0.76|0.0|-164785.03970216296|-164784.29556741592|-164783.5514326689|-164782.81991037523|-164782.0379382682
498.4|1.0|0.76|0.0|-164487.83063990535|-164486.74596891817|-164485.67391038436|-164484.6270767572|-164483.51718086333
498.6|1.0|0.76|0.0|-164607.3429159985|-164606.20779519802|-164605.09789930412|-164604.01322831697|-164602.8654950631
498.8|1.0|0.76|0.0|-164874.10501863286|-164873.1212472724|-164872.15008836528|-164871.20415436485|-164870.19515809772
499.0|1.0|0.76|0.0|-164844.94231728968|-164844.1098953693|-164843.30269835558|-164842.48288888857|-164841.62524206148
499.2|1.0|0.76|0.0|-164507.01794276212|-164506.0341714017|-164505.05040004122|-164504.1044660408|-164503.09546977366
499.4|1.0|0.76|0.0|-164718.02395772134|-164716.95189918746|-164715.91767801368|-164714.8960692932|-164713.81139830605
499.6|1.0|0.76|0.0|-164467.9985013531|-164466.88860545924|-164465.79132201875|-164464.69403857825|-164463.5589177777
499.8|1.0|0.76|0.0|-164440.6168651537|-164439.6204813399|-164438.64932243276|-164437.7033884323|-164436.69439216517
500.0|1.0|0.76|0.0|-164415.11914035375|-164413.95879464655|-164412.82367384603|-164411.70116549882|-164410.52820733827
500.2|1.0|0.76|0.0|-164740.18173033366|-164738.84481027973|-164737.54572758576|-164736.24664489183|-164734.88449993118
500.4|1.0|0.76|0.0|-164619.83688983426|-164618.55041959364|-164617.3017867131|-164616.07837873916|-164614.77929604525
500.6|1.0|0.76|0.0|-164573.36288328757|-164571.82416398017|-164570.28544467277|-164568.78456272543|-164567.20800605803
500.8|1.0|0.76|0.0|-164531.568035515|-164530.23111546104|-164528.89419540708|-164527.55727535317|-164526.1951303925
501.0|1.0|0.76|0.0|-164478.04536140355|-164476.85979078966|-164475.72466998914|-164474.57693673528|-164473.3661412147
501.2|1.0|0.76|0.0|-164541.73029066972|-164540.40598306907|-164539.08167546845|-164537.79520522786|-164536.43306026724
501.4|1.0|0.76|0.0|-164510.26994243934|-164508.44113670514|-164506.62494342428|-164504.80875014345|-164502.95471950257
501.6|1.0|0.76|0.0|-164768.22884786216|-164767.35858858173|-164766.52616666135|-164765.71896964766|-164764.84871036722
501.8|1.0|0.76|0.0|-164542.97642034854|-164541.9674240814|-164541.0088776276|-164540.02510626716|-164539.00349754668
502.0|1.0|0.76|0.0|-164350.04009411568|-164349.08154766192|-164348.12300120815|-164347.20229211435|-164346.20590830056
502.2|1.0|0.76|0.0|-164530.8774500933|-164529.30089342588|-164527.7621741185|-164526.2360672645|-164524.64689814375
502.4|1.0|0.76|0.0|-164178.01925468555|-164176.92197124506|-164175.83730025787|-164174.76524172406|-164173.6553458302
502.6|1.0|0.76|0.0|-164298.6316981518|-164297.68576415133|-164296.7398301509|-164295.8191210571|-164294.84796215
502.8|1.0|0.76|0.0|-164310.72704090408|-164309.12525933|-164307.5360902093|-164305.98475844855|-164304.3703644211
503.0|1.0|0.76|0.0|-164328.3065888446|-164326.0615721502|-164323.84178036253|-164321.62198857483|-164319.35174697376
503.2|1.0|0.76|0.0|-164588.68521706518|-164587.3482970112|-164586.0239894106|-164584.72490671664|-164583.3879866627
503.4|1.0|0.76|0.0|-164435.30096996162|-164433.83792537428|-164432.4001056936|-164430.96228601295|-164429.4992414256
503.6|1.0|0.76|0.0|-164517.0914240515|-164515.6157670108|-164514.14010997012|-164512.70229028948|-164511.18879588877
503.8|1.0|0.76|0.0|-164545.24241990465|-164544.35954817088|-164543.47667643713|-164542.60641715673|-164541.71093296964
504.0|1.0|0.76|0.0|-164305.78328919277|-164304.2950196987|-164302.81936265802|-164301.36893052404|-164299.85543612333
504.2|1.0|0.76|0.0|-164473.0964232239|-164471.88562770336|-164470.70005708945|-164469.5144864756|-164468.29107850167
504.4|1.0|0.76|0.0|-164343.89445121703|-164342.8854549499|-164341.9142960428|-164340.94313713565|-164339.92152841517
504.6|1.0|0.76|0.0|-164548.40277762592|-164547.15414474532|-164545.96857413143|-164544.7703910642|-164543.52175818363
504.8|1.0|0.76|0.0|-164374.9660775758|-164373.98230621533|-164373.02375976156|-164372.0652133078|-164371.05621704066
505.0|1.0|0.76|0.0|-164292.26340527975|-164291.58233279944|-164290.9264852258|-164290.29586255882|-164289.60217762517
505.2|1.0|0.76|0.0|-164169.13847089047|-164168.06641235662|-164166.98174136947|-164165.92229528897|-164164.81239939513
505.4|1.0|0.76|0.0|-164399.6688930246|-164398.76079638416|-164397.9031495571|-164397.04550273003|-164396.12479363626
505.6|1.0|0.76|0.0|-164347.43744693464|-164346.10052688065|-164344.78883173337|-164343.4771365861|-164342.11499162545
505.8|1.0|0.76|0.0|-164591.80693429973|-164590.77271312592|-164589.76371685878|-164588.7799454983|-164587.73311187117
506.0|1.0|0.76|0.0|-164322.99848809722|-164321.4849936965|-164319.98411174913|-164318.50845470844|-164316.96973540107
506.2|1.0|0.76|0.0|-164409.7091048043|-164408.4226345637|-164407.16138922976|-164405.9253688025|-164404.61367365526
506.4|1.0|0.76|0.0|-164568.53266539556|-164567.6119563018|-164566.72908456804|-164565.83360038095|-164564.90027883387
506.6|1.0|0.76|0.0|-164585.0879961114|-164584.43214853774|-164583.78891341743|-164583.15829075046|-164582.47721827016
506.8|1.0|0.76|0.0|-164811.5387857842|-164810.58023933042|-164809.62169287665|-164808.66314642288|-164807.6793750624
507.0|1.0|0.76|0.0|-165034.13597476797|-165033.00085396742|-165031.87834562024|-165030.79367463305|-165029.6459413792
507.2|1.0|0.76|0.0|-164706.77979402497|-164705.22846226426|-164703.71496786358|-164702.20147346286|-164700.63752924878
507.4|1.0|0.76|0.0|-164496.34101006025|-164495.02931491294|-164493.74284467238|-164492.4689868851|-164491.14467928448
507.6|1.0|0.76|0.0|-164675.0581204052|-164673.49417619116|-164671.9554568838|-164670.44196248308|-164668.85279336234
507.8|1.0|0.76|0.0|-164322.6913990143|-164321.31664160034|-164319.94188418635|-164318.59235167905|-164317.1923693584
508.0|1.0|0.76|0.0|-164533.38243204585|-164531.6293010317|-164529.91400737755|-164528.1861012701|-164526.43297025593
508.2|1.0|0.76|0.0|-164873.88083484455|-164872.4430151639|-164871.0304203899|-164869.61782561592|-164868.15478102854
508.4|1.0|0.76|0.0|-164731.19076125577|-164729.81600384178|-164728.46647133448|-164727.12955128055|-164725.72956895988
508.6|1.0|0.76|0.0|-164769.3458950242|-164768.08464969028|-164766.84862926306|-164765.63783374248|-164764.35136350186
508.8|1.0|0.76|0.0|-164206.1971865128|-164205.03684080558|-164203.88910755172|-164202.76659920454|-164201.58102859062
509.0|1.0|0.76|0.0|-164512.25902985|-164510.83382262266|-164509.43384030202|-164508.0464704347|-164506.60865075403
509.2|1.0|0.76|0.0|-164181.7395911978|-164180.8314945574|-164179.97384773035|-164179.11620090326|-164178.20810426283
509.4|1.0|0.76|0.0|-164624.999100196|-164623.49821824866|-164622.02256120797|-164620.5595166206|-164619.03340976656
509.6|1.0|0.76|0.0|-164185.07108139456|-164183.96118550072|-164182.8512896069|-164181.75400616636|-164180.6188853658
509.8|1.0|0.76|0.0|-164555.0321751937|-164553.50606833963|-164551.99257393891|-164550.51691689822|-164548.94036023083
510.0|1.0|0.76|0.0|-164441.871797638|-164440.73667683746|-164439.60155603697|-164438.4916601431|-164437.3313144359
510.2|1.0|0.76|0.0|-164212.7999681868|-164210.9963873593|-164209.21803143848|-164207.45228797095|-164205.64870714347
510.4|1.0|0.76|0.0|-164465.6345899011|-164463.994970967|-164462.34273957956|-164460.7157330988|-164459.0382768047
510.6|1.0|0.76|0.0|-164444.87357264908|-164444.04115072868|-164443.23395371498|-164442.4267567013|-164441.5691098742
510.8|1.0|0.76|0.0|-164339.74961766065|-164339.19466971373|-164338.66494667347|-164338.13522363323|-164337.56766323297
511.0|1.0|0.76|0.0|-164547.15298809006|-164546.04309219625|-164544.9458087557|-164543.8863626752|-164542.7512418747
511.2|1.0|0.76|0.0|-164508.97618972597|-164507.85368137874|-164506.7437854849|-164505.65911449774|-164504.51138124388
511.4|1.0|0.76|0.0|-164578.20594610486|-164577.13388757105|-164576.07444149055|-164575.0276078634|-164573.9303244229
511.6|1.0|0.76|0.0|-164448.90498336437|-164447.74463765716|-164446.58429194996|-164445.42394624275|-164444.23837562886
511.8|1.0|0.76|0.0|-164447.1747440972|-164445.83782404326|-164444.50090398928|-164443.189208842|-164441.82706388136
512.0|1.0|0.76|0.0|-164387.62938011737|-164386.6708336636|-164385.7375121165|-164384.81680302272|-164383.83303166227
512.2|1.0|0.76|0.0|-164247.21124364494|-164246.70674551136|-164246.22747228446|-164245.74819905756|-164245.23108847067
512.4|1.0|0.76|0.0|-164541.03606684285|-164540.12797020245|-164539.21987356202|-164538.32438937493|-164537.3784553745
512.6|1.0|0.76|0.0|-164376.4891463534|-164375.98464821983|-164375.48015008628|-164375.00087685935|-164374.47115381912
512.8|1.0|0.76|0.0|-164494.19640813587|-164493.13696205537|-164492.05229106822|-164491.00545744106|-164489.8955615472
513.0|1.0|0.76|0.0|-164411.57240707325|-164410.43728627273|-164409.32739037886|-164408.2427193917|-164407.0823736845
513.2|1.0|0.76|0.0|-164375.1728667363|-164374.34044481593|-164373.5584727089|-164372.7512756952|-164371.91885377478
513.4|1.0|0.76|0.0|-164310.65143222117|-164309.8568476608|-164309.04965064707|-164308.2802909934|-164307.46048152633
513.6|1.0|0.76|0.0|-164276.58519575195|-164275.6392617515|-164274.69332775107|-164273.78523111064|-164272.82668465684
513.8|1.0|0.76|0.0|-164552.92729352415|-164551.96874707035|-164551.02281306993|-164550.10210397618|-164549.1183326157
514.0|1.0|0.76|0.0|-164485.15003054705|-164483.88878521314|-164482.6527647859|-164481.42935681198|-164480.15549902472
514.2|1.0|0.76|0.0|-164547.23472290326|-164546.3896885295|-164545.5446541558|-164544.73745714207|-164543.86719786166
514.4|1.0|0.76|0.0|-164637.8299752388|-164637.1867401185|-164636.56872990486|-164635.9633321446|-164635.2822596643
514.6|1.0|0.76|0.0|-164599.13526814422|-164598.2397839571|-164597.36952467673|-164596.524490303|-164595.60378120924
514.8|1.0|0.76|0.0|-164488.41315047012|-164487.80775270984|-164487.24019230955|-164486.66001945597|-164486.029396789
515.0|1.0|0.76|0.0|-164664.04042967805|-164663.0944956776|-164662.1611741305|-164661.24046503674|-164660.28191858297
515.2|1.0|0.76|0.0|-164592.70439359147|-164591.59449769763|-164590.50982671045|-164589.4629930833|-164588.3404847361
515.4|1.0|0.76|0.0|-164521.409140736|-164520.5388814556|-164519.69384708186|-164518.8614251615|-164517.96594097442
515.6|1.0|0.76|0.0|-164294.92255117916|-164294.0775168054|-164293.2324824317|-164292.42528541796|-164291.5550261376
515.8|1.0|0.76|0.0|-164433.52244066677|-164432.9927176265|-164432.48821949295|-164431.97110890603|-164431.42877341245
516.0|1.0|0.76|0.0|-164370.23864393405|-164369.40622201364|-164368.59902499994|-164367.8170528929|-164366.97201851918
516.2|1.0|0.76|0.0|-164578.35617018826|-164577.58681053453|-164576.8300633342|-164576.07331613384|-164575.2913440268
516.4|1.0|0.76|0.0|-164680.95885025797|-164680.1390407909|-164679.3318437772|-164678.5498716702|-164677.70483729645
516.6|1.0|0.76|0.0|-164486.28094705797|-164485.18366361744|-164484.12421753697|-164483.08999636315|-164481.96748801594
516.8|1.0|0.76|0.0|-164462.27835374133|-164461.79908051447|-164461.31980728754|-164460.853146514|-164460.34864838043
517.0|1.0|0.76|0.0|-164394.30984269633|-164393.74228229604|-164393.19994680246|-164392.68283621556|-164392.09005090862
517.2|1.0|0.76|0.0|-164442.2437673555|-164441.31044580843|-164440.40234916797|-164439.49425252757|-164438.54831852712
517.4|1.0|0.76|0.0|-164209.28610691405|-164208.6302593404|-164207.9870242201|-164207.3690140065|-164206.68794152615
517.6|1.0|0.76|0.0|-164470.57022829165|-164469.83870599797|-164469.14502106432|-164468.46394858402|-164467.7324262903
517.8|1.0|0.76|0.0|-164516.8453195932|-164515.34443764586|-164513.88139305852|-164512.41834847117|-164510.90485407045
518.0|1.0|0.76|0.0|-164268.51255442735|-164267.47833325353|-164266.4441120797|-164265.44772826592|-164264.38828218542
518.2|1.0|0.76|0.0|-164399.6996100024|-164398.46358957514|-164397.22756914792|-164396.041998534|-164394.7807532001
518.4|1.0|0.76|0.0|-164169.39621202837|-164167.63046856088|-164165.90256245338|-164164.17465634592|-164162.38368797174
518.6|1.0|0.76|0.0|-164078.04464847027|-164076.43025444288|-164074.82847286877|-164073.25191620138|-164071.59968481393
518.8|1.0|0.76|0.0|-164410.59453075292|-164409.53508467242|-164408.51347595194|-164407.5297045915|-164406.470258511
519.0|1.0|0.76|0.0|-164116.95139210936|-164115.62708450877|-164114.3153893615|-164113.0289191209|-164111.66677416026
519.2|1.0|0.76|0.0|-164397.76894060845|-164396.7347194346|-164395.72572316747|-164394.72933935368|-164393.65728081987
519.4|1.0|0.76|0.0|-164558.69897735308|-164557.5134067392|-164556.34044857865|-164555.19271532478|-164553.9819198042
519.6|1.0|0.76|0.0|-164425.7693472197|-164424.53332679247|-164423.30991881856|-164422.11173575136|-164420.85049041742
519.8|1.0|0.76|0.0|-164568.29767638425|-164566.85985670355|-164565.4472619296|-164564.02205470225|-164562.57162256824
520.0|1.0|0.76|0.0|-164340.62814977014|-164339.46780406294|-164338.30745835573|-164337.18495000855|-164336.011991848
520.2|1.0|0.76|0.0|-164492.94592969265|-164491.8612587055|-164490.78920017162|-164489.74236654447|-164488.60724574397
520.4|1.0|0.76|0.0|-164589.1164812518|-164587.90568573124|-164586.72011511735|-164585.5723818635|-164584.34897388957
520.6|1.0|0.76|0.0|-164414.12306651412|-164412.66002192677|-164411.2222022461|-164409.80960747213|-164408.33395043144
520.8|1.0|0.76|0.0|-164349.41031851104|-164348.09862336377|-164346.83737802986|-164345.5635202426|-164344.2518250953
521.0|1.0|0.76|0.0|-164231.96012865787|-164230.86284521737|-164229.80339913687|-164228.73134060306|-164227.63405716253
521.2|1.0|0.76|0.0|-164405.21740017863|-164404.13272919148|-164403.02283329764|-164401.95077476377|-164400.8282664166
521.4|1.0|0.76|0.0|-164418.33145370227|-164417.48641932855|-164416.65399740817|-164415.84680039447|-164414.97654111404
521.6|1.0|0.76|0.0|-164315.74418793156|-164314.93699091783|-164314.18024371748|-164313.4487214238|-164312.6415244101
521.8|1.0|0.76|0.0|-164520.81006677382|-164520.14160674682|-164519.4983716265|-164518.86774895957|-164518.18667647924
522.0|1.0|0.76|0.0|-164321.28742052728|-164319.84960084662|-164318.46223097932|-164317.074861112|-164315.63704143133
522.2|1.0|0.76|0.0|-164149.7656136264|-164148.65571773253|-164147.59627165206|-164146.5620504782|-164145.4269296777
522.4|1.0|0.76|0.0|-164326.2798962041|-164325.29612484362|-164324.33757838985|-164323.37903193606|-164322.37003566892
522.6|1.0|0.76|0.0|-163964.61192632717|-163963.61554251338|-163962.61915869956|-163961.64799979245|-163960.62639107197
522.8|1.0|0.76|0.0|-164302.07707808123|-164300.79060784064|-164299.52936250673|-164298.28072962613|-164296.96903447885
523.0|1.0|0.76|0.0|-164144.35643166956|-164143.06996142896|-164141.80871609502|-164140.5474707611|-164139.24838806718
523.2|1.0|0.76|0.0|-164175.9922150189|-164174.8697066717|-164173.7471983245|-164172.66252733735|-164171.51479408346
523.4|1.0|0.76|0.0|-164056.72308984713|-164055.60058149995|-164054.4906856061|-164053.38078971228|-164052.24566891172
523.6|1.0|0.76|0.0|-164011.65879406614|-164010.53628571896|-164009.45161473178|-164008.37955619796|-164007.2444353974
523.8|1.0|0.76|0.0|-163667.7045790525|-163667.07395638555|-163666.46855862523|-163665.87577331832|-163665.2199257447
524.0|1.0|0.76|0.0|-163598.7446821062|-163597.3951495989|-163596.07084199827|-163594.759146851|-163593.40961434372
524.2|1.0|0.76|0.0|-163809.5851516937|-163808.43741843983|-163807.31491009265|-163806.2050141988|-163805.03205603827
524.4|1.0|0.76|0.0|-163625.33926592025|-163624.1915326664|-163623.05641186587|-163621.94651597203|-163620.7861702648
524.6|1.0|0.76|0.0|-163690.76058582572|-163690.20563787883|-163689.6885272919|-163689.18402915832|-163688.62908121143
524.8|1.0|0.76|0.0|-163956.65547880347|-163955.67170744302|-163954.71316098922|-163953.77983944214|-163952.770843175
525.0|1.0|0.76|0.0|-163906.47053652338|-163905.71378932305|-163904.96965457604|-163904.26335718902|-163903.481385082
525.2|1.0|0.76|0.0|-163917.8573229316|-163917.25192517132|-163916.64652741104|-163916.04112965075|-163915.41050698378
525.4|1.0|0.76|0.0|-163968.0301849058|-163967.21037543876|-163966.41579087838|-163965.63381877134|-163964.80139685096
525.6|1.0|0.76|0.0|-164023.1061838108|-164022.22331207705|-164021.35305279665|-164020.48279351625|-164019.57469687582
525.8|1.0|0.76|0.0|-164000.9739415755|-164000.48205589526|-163999.99017021502|-163999.53612189484|-163999.0063988546
526.0|1.0|0.76|0.0|-164151.6046084568|-164150.84786125645|-164150.0911140561|-164149.35959176242|-164148.57761965538
526.2|1.0|0.76|0.0|-164214.00767770942|-164212.82210709553|-164211.63653648164|-164210.47619077444|-164209.26539525387
526.4|1.0|0.76|0.0|-163891.48812269527|-163890.45390152145|-163889.43229280098|-163888.4359089872|-163887.38907536003
526.6|1.0|0.76|0.0|-164126.53410760863|-164125.44943662148|-164124.3395407276|-164123.3053195538|-164122.17019875324
526.8|1.0|0.76|0.0|-163837.91895571578|-163836.80905982194|-163835.7243888348|-163834.69016766097|-163833.59288422044
527.0|1.0|0.76|0.0|-164055.23610670745|-164054.0000862802|-164052.78929075965|-164051.57849523905|-164050.32986235846
527.2|1.0|0.76|0.0|-164039.97503816697|-164038.51199357965|-164037.09939880564|-164035.68680403166|-164034.2237594443
527.4|1.0|0.76|0.0|-164149.3719182752|-164148.52688390148|-164147.7070744344|-164146.88726496737|-164146.02961814028
527.6|1.0|0.76|0.0|-164201.90174715457|-164200.76662635405|-164199.65673046018|-164198.57205947302|-164197.4369386725
527.8|1.0|0.76|0.0|-164220.89640617376|-164219.66038574654|-164218.449590226|-164217.25140715876|-164216.0153867315
528.0|1.0|0.76|0.0|-164067.60150917983|-164066.6177378194|-164065.64657891227|-164064.68803245848|-164063.6916486447
528.2|1.0|0.76|0.0|-164067.27099680147|-164065.71966504073|-164064.19355818667|-164062.680063786|-164061.12873202524
528.4|1.0|0.76|0.0|-164089.00614865386|-164087.6818410532|-164086.38275835928|-164085.12151302537|-164083.7845929714
528.6|1.0|0.76|0.0|-164250.9378875206|-164249.97934106682|-164249.0460195197|-164248.11269797265|-164247.12892661215
528.8|1.0|0.76|0.0|-164479.95128035944|-164478.87922182563|-164477.81977574513|-164476.76032966463|-164475.67565867747
529.0|1.0|0.76|0.0|-164271.92274168198|-164270.58582162802|-164269.24890157406|-164267.93720642678|-164266.57506146614
529.2|1.0|0.76|0.0|-164188.70344519094|-164187.3034628703|-164185.92870545632|-164184.55394804236|-164183.11612836167
529.4|1.0|0.76|0.0|-164269.82734898006|-164268.71745308622|-164267.63278209904|-164266.5481111119|-164265.4256027647
529.6|1.0|0.76|0.0|-163973.4580900723|-163972.5499934319|-163971.6418967915|-163970.77163751103|-163969.8257035106
529.8|1.0|0.76|0.0|-164257.6596245625|-164255.99478072172|-164254.3425493343|-164252.71554285355|-164251.02547410608
530.0|1.0|0.76|0.0|-164232.50952791228|-164231.84106788528|-164231.197832765|-164230.57982255137|-164229.89875007104
530.2|1.0|0.76|0.0|-164483.16942557576|-164481.90818024185|-164480.67215981465|-164479.46136429405|-164478.17489405343
530.4|1.0|0.76|0.0|-164133.50176919944|-164132.4170982123|-164131.34503967845|-164130.28559359798|-164129.18831015745
530.6|1.0|0.76|0.0|-164465.04439522335|-164463.74531252938|-164462.44622983545|-164461.18498450154|-164459.86067690092
530.8|1.0|0.76|0.0|-164563.9764792161|-164562.2359606553|-164560.52066700117|-164558.80537334704|-164557.03962987955
531.0|1.0|0.76|0.0|-164406.9599358029|-164405.67346556234|-164404.39960777506|-164403.1509748945|-164401.86450465387
531.2|1.0|0.76|0.0|-164252.0610952701|-164250.81246238953|-164249.5890544156|-164248.37825889507|-164247.11701356113
531.4|1.0|0.76|0.0|-164606.70914139695|-164605.23348435626|-164603.75782731557|-164602.32000763487|-164600.8065132342
531.6|1.0|0.76|0.0|-164254.2898413909|-164253.28084512375|-164252.32229866998|-164251.3385273095|-164250.32953104237
531.8|1.0|0.76|0.0|-164567.6336321503|-164566.42283662973|-164565.21204110916|-164564.05169540195|-164562.8156749747
532.0|1.0|0.76|0.0|-164459.23807908874|-164458.01467111483|-164456.79126314094|-164455.5930800737|-164454.34444719314
532.2|1.0|0.76|0.0|-164775.16742278266|-164773.60347856858|-164772.0647592612|-164770.53865240718|-164768.94948328644
532.4|1.0|0.76|0.0|-164643.3042231212|-164642.35828912075|-164641.41235512032|-164640.5042584799|-164639.5330995728
532.6|1.0|0.76|0.0|-164614.53876584844|-164613.68111902138|-164612.8613095543|-164612.05411254062|-164611.1838532602
532.8|1.0|0.76|0.0|-164440.08924589856|-164438.878450378|-164437.6928797641|-164436.51992160355|-164435.29651362964
533.0|1.0|0.76|0.0|-164468.06588884865|-164467.17040466156|-164466.32537028784|-164465.46772346075|-164464.55962682035
533.2|1.0|0.76|0.0|-164657.637469446|-164656.79243507228|-164655.9600131519|-164655.1275912315|-164654.25733195108
533.4|1.0|0.76|0.0|-164365.4916356361|-164364.3186774756|-164363.19616912838|-164362.0862732345|-164360.90070262065
533.6|1.0|0.76|0.0|-164414.85391781354|-164414.02149589313|-164413.2016864261|-164412.3944894124|-164411.524230132
533.8|1.0|0.76|0.0|-164616.17389801404|-164615.13967684022|-164614.1306805731|-164613.12168430595|-164612.06223822545
534.0|1.0|0.76|0.0|-164787.19429603193|-164785.73125144458|-164784.3186566706|-164782.9060618966|-164781.4304048559
534.2|1.0|0.76|0.0|-164662.7519372593|-164661.70510363215|-164660.67088245836|-164659.64927373786|-164658.57721520404
534.4|1.0|0.76|0.0|-164687.42886877304|-164686.65950911937|-164685.9279868257|-164685.19646453203|-164684.41449242498
534.6|1.0|0.76|0.0|-164502.36634092682|-164501.0420333262|-164499.71772572555|-164498.40603057828|-164497.056498071
534.8|1.0|0.76|0.0|-164332.46398199425|-164331.5306604472|-164330.62256380674|-164329.72707961965|-164328.78114561923
535.0|1.0|0.76|0.0|-164512.94695860372|-164511.81183780316|-164510.67671700264|-164509.55420865546|-164508.4064754016
535.2|1.0|0.76|0.0|-164534.87762850616|-164533.51548354552|-164532.16595103822|-164530.8416434376|-164529.46688602364
535.4|1.0|0.76|0.0|-164694.63271305762|-164693.77506623053|-164692.94264431013|-164692.13544729643|-164691.25257556268
535.6|1.0|0.76|0.0|-164518.69535014607|-164517.7368036923|-164516.7782572385|-164515.87016059808|-164514.88638923762
535.8|1.0|0.76|0.0|-164514.42373697812|-164512.78411804404|-164511.14449910994|-164509.54271753586|-164507.8778736951
536.0|1.0|0.76|0.0|-164288.6565672047|-164287.63495848427|-164286.6259622171|-164285.62957840334|-164284.5953572295
536.2|1.0|0.76|0.0|-164787.36809116244|-164785.8167594017|-164784.27804009433|-164782.76454569362|-164781.17537657288
536.4|1.0|0.76|0.0|-164558.84153187092|-164557.9334352305|-164557.05056349674|-164556.18030421634|-164555.25959512257
536.6|1.0|0.76|0.0|-164464.6631797086|-164463.83075778824|-164463.0487856812|-164462.25420112084|-164461.4091667471
536.8|1.0|0.76|0.0|-164424.777741933|-164423.94532001263|-164423.1381229989|-164422.3561508919|-164421.49850406483
537.0|1.0|0.76|0.0|-164437.8947925773|-164437.0497582036|-164436.2173362832|-164435.4101392695|-164434.52726753574
537.2|1.0|0.76|0.0|-164459.94843902602|-164458.6871936921|-164457.45117326485|-164456.24037774428|-164454.96651995703
537.4|1.0|0.76|0.0|-164331.75086307406|-164330.56529246017|-164329.40494675297|-164328.26982595242|-164327.08425533856
537.6|1.0|0.76|0.0|-164139.46139946443|-164138.45240319727|-164137.45601938348|-164136.47224802303|-164135.45063930255
537.8|1.0|0.76|0.0|-164594.22118844333|-164593.0860676428|-164591.97617174895|-164590.87888830845|-164589.7311550546
538.0|1.0|0.76|0.0|-164299.16545502582|-164297.9042096919|-164296.64296435798|-164295.4321688374|-164294.13308614347
538.2|1.0|0.76|0.0|-164274.29964779012|-164273.2780390696|-164272.28165525582|-164271.2978838954|-164270.2762751749
538.4|1.0|0.76|0.0|-164076.80434369162|-164075.74489761112|-164074.69806398396|-164073.66384281014|-164072.579171823
538.6|1.0|0.76|0.0|-164495.9395261387|-164494.80440533816|-164493.66928453764|-164492.5593886438|-164491.3990429366
538.8|1.0|0.76|0.0|-164285.8588648177|-164284.76158137718|-164283.66429793666|-164282.59223940285|-164281.4571186023
539.0|1.0|0.76|0.0|-164103.4882647528|-164102.20179451225|-164100.9405491783|-164099.69191629774|-164098.39283360378
539.2|1.0|0.76|0.0|-164336.6714192965|-164335.78854756276|-164334.9309007357|-164334.0984788153|-164333.2029946282
539.4|1.0|0.76|0.0|-164385.96088694615|-164385.04017785238|-164384.1446936653|-164383.26182193155|-164382.32850038444
539.6|1.0|0.76|0.0|-164168.73384401147|-164168.02754662448|-164167.32124923746|-164166.61495185047|-164165.8834295568
539.8|1.0|0.76|0.0|-164226.78912183296|-164225.8431878325|-164224.92247873876|-164224.01438209834|-164223.0432231912
540.0|1.0|0.76|0.0|-164128.3313319561|-164127.18359870225|-164126.0737028084|-164124.9511944612|-164123.790848754
540.2|1.0|0.76|0.0|-164344.78240228517|-164343.88691809808|-164343.02927127102|-164342.171624444|-164341.26352780353
540.4|1.0|0.76|0.0|-164201.55490714102|-164200.57113578057|-164199.5873644201|-164198.64143041967|-164197.6198216992
540.6|1.0|0.76|0.0|-164422.48786620173|-164421.28968313453|-164420.11672497395|-164418.95637926675|-164417.74558374615
540.8|1.0|0.76|0.0|-164217.36269982788|-164216.26541638735|-164215.18074540017|-164214.1212993197|-164212.99879097252
541.0|1.0|0.76|0.0|-163904.44771418974|-163903.86754133613|-163903.2747560292|-163902.71980808224|-163902.1017978686
541.2|1.0|0.76|0.0|-164318.0478965425|-164317.4424987822|-164316.84971347527|-164316.282153075|-164315.6641428614
541.4|1.0|0.76|0.0|-164468.71953651827|-164467.7988274245|-164466.91595569078|-164466.03308395704|-164465.1249873166
541.6|1.0|0.76|0.0|-164333.84875730253|-164333.28119690227|-164332.713636502|-164332.14607610172|-164331.5532907948
541.8|1.0|0.76|0.0|-164447.8455163208|-164446.6094958936|-164445.4239252797|-164444.21312975913|-164442.9771093319
542.0|1.0|0.76|0.0|-164597.41370558724|-164596.83353273364|-164596.2785847867|-164595.74886174646|-164595.1560764395
542.2|1.0|0.76|0.0|-164555.06622080054|-164554.04461208006|-164553.03561581296|-164552.06445690582|-164551.01762327866
542.4|1.0|0.76|0.0|-164511.09183459033|-164510.23418776327|-164509.4017658429|-164508.58195637583|-164507.71169709542
542.6|1.0|0.76|0.0|-164331.8184228268|-164331.2886997865|-164330.75897674626|-164330.2544786127|-164329.6995306658
542.8|1.0|0.76|0.0|-164298.71502028863|-164298.21052215504|-164297.73124892815|-164297.2645881546|-164296.7474775677
543.0|1.0|0.76|0.0|-164088.44935914772|-164087.50342514727|-164086.57010360018|-164085.66200695976|-164084.69084805265
543.2|1.0|0.76|0.0|-164163.32949462265|-164162.3204983555|-164161.3241145417|-164160.3529556346|-164159.31873446074
543.4|1.0|0.76|0.0|-164332.15979502132|-164331.2516983809|-164330.36882664714|-164329.48595491343|-164328.55263336631
543.6|1.0|0.76|0.0|-164291.43955753616|-164290.4810110824|-164289.5224646286|-164288.5891430815|-164287.60537172103
543.8|1.0|0.76|0.0|-164090.66286587482|-164089.48990771428|-164088.34217446038|-164087.2070536599|-164086.02148304597
544.0|1.0|0.76|0.0|-163903.34653529723|-163902.3375390301|-163901.3789925763|-163900.4078336692|-163899.3862249487
544.2|1.0|0.76|0.0|-163844.47369078195|-163843.28812016806|-163842.1403869142|-163841.017878567|-163839.83230795313
544.4|1.0|0.76|0.0|-163934.7428107792|-163933.99867603218|-163933.27976619184|-163932.57346880485|-163931.80410915115
544.6|1.0|0.76|0.0|-163862.6053985256|-163861.40721545837|-163860.24686975116|-163859.08652404396|-163857.8757285234
544.8|1.0|0.76|0.0|-163931.05318279748|-163929.74148765023|-163928.4424049563|-163927.15593471567|-163925.83162711505
545.0|1.0|0.76|0.0|-163905.5691304982|-163904.91328292454|-163904.2574353509|-163903.6520375906|-163902.98357756363
545.2|1.0|0.76|0.0|-164064.83919126575|-164063.6031708385|-164062.39237531793|-164061.18157979735|-164059.92033446344
545.4|1.0|0.76|0.0|-163767.78488746527|-163766.8263410115|-163765.90563191773|-163764.98492282396|-163764.0263763702
545.6|1.0|0.76|0.0|-163557.64495839397|-163556.6233496735|-163555.639578313|-163554.6558069526|-163553.6341982321
545.8|1.0|0.76|0.0|-163683.21435599693|-163682.4323838899|-163681.66302423622|-163680.9188894892|-163680.1116924755
546.0|1.0|0.76|0.0|-163944.69400244544|-163943.44536956484|-163942.2093491376|-163941.01116607038|-163939.73730828313
546.2|1.0|0.76|0.0|-164012.45758913542|-164010.9062573747|-164009.392762974|-164007.90449347996|-164006.32793681257
546.4|1.0|0.76|0.0|-164229.3599469832|-164228.0104144759|-164226.69871932865|-164225.38702418137|-164224.02487922073
546.6|1.0|0.76|0.0|-164019.93688159587|-164018.65041135528|-164017.38916602137|-164016.14053314077|-164014.8414504468
546.8|1.0|0.76|0.0|-164030.19583520835|-164028.7832404344|-164027.39587056707|-164026.00850069977|-164024.58329347245
547.0|1.0|0.76|0.0|-164153.8452887998|-164153.03809178606|-164152.23089477236|-164151.46153511867|-164150.61650074497
547.2|1.0|0.76|0.0|-164044.03039903613|-164042.56735444878|-164041.10430986143|-164039.6791026341|-164038.20344559342
547.4|1.0|0.76|0.0|-164097.2550800097|-164096.34698336924|-164095.45149918215|-164094.59385235512|-164093.660530808
547.6|1.0|0.76|0.0|-163996.31761593596|-163994.90502116198|-163993.49242638797|-163992.117668974|-163990.67984929334
547.8|1.0|0.76|0.0|-164092.65153454087|-164091.42812656696|-164090.22994349973|-164089.04437288584|-164087.8083524586
548.0|1.0|0.76|0.0|-164217.09213664738|-164215.9444033935|-164214.8218950463|-164213.71199915244|-164212.5642658986
548.2|1.0|0.76|0.0|-164664.3297320558|-164663.11893653526|-164661.92075346806|-164660.74779530748|-164659.51177488026
548.4|1.0|0.76|0.0|-164774.05312584143|-164772.41350690732|-164770.77388797322|-164769.1594939458|-164767.50726255836
548.6|1.0|0.76|0.0|-164622.16412337637|-164620.663241429|-164619.13713457494|-164617.66147753425|-164616.1101457735
548.8|1.0|0.76|0.0|-164431.25262416055|-164429.8148044799|-164428.4022097059|-164427.01483983858|-164425.55179525123
549.0|1.0|0.76|0.0|-164219.000542919|-164217.66362286508|-164216.3519277178|-164215.04023257052|-164213.67808760988
549.2|1.0|0.76|0.0|-164352.92656562585|-164351.27433423843|-164349.63471530436|-164348.0077088236|-164346.33025252947
549.4|1.0|0.76|0.0|-164499.7405483032|-164498.5171403293|-164497.29373235538|-164496.08293683483|-164494.8216915009
549.6|1.0|0.76|0.0|-164574.80584779684|-164573.67072699635|-164572.54821864914|-164571.45093520862|-164570.30320195478
549.8|1.0|0.76|0.0|-164513.70794258884|-164512.62327160165|-164511.56382552115|-164510.516991894|-164509.4197084535
550.0|1.0|0.76|0.0|-164326.85888113367|-164325.6102482531|-164324.3616153725|-164323.16343230527|-164321.88957451802
550.2|1.0|0.76|0.0|-164337.00976678557|-164336.02599542512|-164335.04222406467|-164334.08367761088|-164333.0620688904
550.4|1.0|0.76|0.0|-164352.27083532602|-164351.29967641892|-164350.31590505844|-164349.36997105798|-164348.34836233754
550.6|1.0|0.76|0.0|-164042.14881301456|-164041.01369221404|-164039.90379632017|-164038.81912533302|-164037.64616717247
550.8|1.0|0.76|0.0|-164282.4776747911|-164281.16597964382|-164279.87950940322|-164278.61826406932|-164277.28134401533
551.0|1.0|0.76|0.0|-164105.62585406867|-164104.65469516153|-164103.7087611611|-164102.775439614|-164101.7790558002
551.2|1.0|0.76|0.0|-164244.15281553415|-164243.32039361377|-164242.5005841467|-164241.70599958635|-164240.83574030592
551.4|1.0|0.76|0.0|-163852.80100087175|-163852.29650273817|-163851.81722951127|-163851.3379562844|-163850.80823324414
551.6|1.0|0.76|0.0|-164014.60616476048|-164013.54671868|-164012.5124975062|-164011.49088878572|-164010.43144270522
551.8|1.0|0.76|0.0|-163788.60361337516|-163787.72074164142|-163786.888319721|-163786.03067289395|-163785.1478011602
552.0|1.0|0.76|0.0|-164105.35394083516|-164104.45845664808|-164103.562972461|-164102.71793808727|-164101.7972289935
552.2|1.0|0.76|0.0|-164120.93412887157|-164119.44585937756|-164117.9828147902|-164116.54499510952|-164115.04411316215
552.4|1.0|0.76|0.0|-164240.78079625667|-164239.51955092276|-164238.2835304955|-164237.07273497496|-164235.78626473434
552.6|1.0|0.76|0.0|-164109.52713800644|-164108.2658926725|-164107.01725979196|-164105.78123936467|-164104.4947691241
552.8|1.0|0.76|0.0|-164281.62193112684|-164280.1967238995|-164278.79674157884|-164277.3967592582|-164275.9463271242
553.0|1.0|0.76|0.0|-164409.04517485146|-164408.04879103767|-164407.07763213056|-164406.10647322345|-164405.08486450295
553.2|1.0|0.76|0.0|-164300.4930020109|-164299.28220649032|-164298.10924832974|-164296.93629016922|-164295.7128821953
553.4|1.0|0.76|0.0|-164302.03602567178|-164301.3297282848|-164300.62343089777|-164299.94235841747|-164299.2108361238
553.6|1.0|0.76|0.0|-164594.41651612576|-164593.48319457864|-164592.54987303153|-164591.6670012978|-164590.70845484402
553.8|1.0|0.76|0.0|-164349.46705640887|-164348.58418467516|-164347.7013129414|-164346.8562785677|-164345.93556947392
554.0|1.0|0.76|0.0|-164206.8542425744|-164205.45426025375|-164204.06689038643|-164202.71735787916|-164201.2921506518
554.2|1.0|0.76|0.0|-164208.05825139582|-164206.58259435513|-164205.11954976778|-164203.68173008712|-164202.18084813975
554.4|1.0|0.76|0.0|-164265.58365107595|-164264.32240574204|-164263.07377286145|-164261.83775243422|-164260.56389464697
554.6|1.0|0.76|0.0|-164417.67939072163|-164416.34247066767|-164415.04338797374|-164413.7443052798|-164412.40738522587
554.8|1.0|0.76|0.0|-164520.14335317825|-164519.33615616453|-164518.55418405752|-164517.77221195048|-164516.96501493678
555.0|1.0|0.76|0.0|-164516.1449505424|-164514.73235576838|-164513.35759835443|-164511.98284094044|-164510.57024616646
555.2|1.0|0.76|0.0|-164521.15627296662|-164519.85719027265|-164518.59594493874|-164517.34731205818|-164516.02300445756
555.4|1.0|0.76|0.0|-164562.5125074659|-164561.22603722528|-164559.93956698469|-164558.67832165078|-164557.34140159682
555.6|1.0|0.76|0.0|-164494.17823527404|-164493.05572692686|-164491.95844348634|-164490.8485475925|-164489.71342679195
555.8|1.0|0.76|0.0|-164342.24838452062|-164341.23938825348|-164340.2430044397|-164339.27184553255|-164338.23762435876
556.0|1.0|0.76|0.0|-164253.5947281471|-164251.69024769287|-164249.798379692|-164247.9065116911|-164245.98941878352
556.2|1.0|0.76|0.0|-164481.7389682373|-164480.38943573|-164479.06512812938|-164477.76604543542|-164476.4039004748
556.4|1.0|0.76|0.0|-164446.31439731078|-164445.16666405692|-164444.0315432564|-164442.9090349092|-164441.748689202
556.6|1.0|0.76|0.0|-164157.4325033911|-164155.89378408366|-164154.40551458966|-164152.91724509562|-164151.3659133349
556.8|1.0|0.76|0.0|-164211.79217728306|-164210.56876930915|-164209.37058624194|-164208.18501562806|-164206.9489952008
557.0|1.0|0.76|0.0|-164409.23262030547|-164407.47948929132|-164405.75158318385|-164404.04890198307|-164402.27054606224
557.2|1.0|0.76|0.0|-164081.62975829508|-164080.04058917434|-164078.48925741363|-164076.9505381062|-164075.34875653216
557.4|1.0|0.76|0.0|-164409.60399492795|-164408.3301371407|-164407.06889180676|-164405.84548383285|-164404.53378868557
557.6|1.0|0.76|0.0|-164382.25540029365|-164381.12027949313|-164379.98515869258|-164378.8626503454|-164377.68969218485
557.8|1.0|0.76|0.0|-164409.90160199578|-164408.16108343497|-164406.42056487416|-164404.70527122004|-164402.93952775255
558.0|1.0|0.76|0.0|-164250.8513985949|-164249.7162777944|-164248.61899435386|-164247.53432336668|-164246.3992025662
558.2|1.0|0.76|0.0|-164319.5003132787|-164318.36519247814|-164317.24268413096|-164316.13278823713|-164314.98505498326
558.4|1.0|0.76|0.0|-164106.1276878113|-164105.1313039975|-164104.1349201837|-164103.17637372992|-164102.15476500944
558.6|1.0|0.76|0.0|-164186.03886287537|-164185.00464170155|-164183.99564543445|-164182.99926162063|-164181.95242799347
558.8|1.0|0.76|0.0|-164496.32020270033|-164495.2859815265|-164494.27698525938|-164493.2932138989|-164492.23376781843
559.0|1.0|0.76|0.0|-164368.11721865018|-164367.10822238305|-164366.1244510226|-164365.15329211546|-164364.11907094164
559.2|1.0|0.76|0.0|-164357.64430836364|-164356.39567548307|-164355.17226750916|-164353.9614719886|-164352.70022665465
559.4|1.0|0.76|0.0|-164318.30606639865|-164317.12049578477|-164315.9475376242|-164314.78719191698|-164313.60162130313
559.6|1.0|0.76|0.0|-164351.70230519623|-164350.74375874246|-164349.77259983536|-164348.85189074156|-164347.8681193811
559.8|1.0|0.76|0.0|-164175.86173854838|-164174.43653132106|-164172.99871164036|-164171.62395422638|-164170.1735220924
560.0|1.0|0.76|0.0|-163888.7351634358|-163887.7135547153|-163886.7171709015|-163885.73339954106|-163884.67395346056
560.2|1.0|0.76|0.0|-163937.58488922054|-163935.84437065973|-163934.11646455227|-163932.41378335148|-163930.66065233733
560.4|1.0|0.76|0.0|-163969.78111158256|-163968.4441915286|-163967.13249638132|-163965.84602614073|-163964.50910608674
560.6|1.0|0.76|0.0|-164100.29477873672|-164099.60109380307|-164098.9326337761|-164098.2641737491|-164097.54526390877
560.8|1.0|0.76|0.0|-163808.90137862402|-163807.74103291682|-163806.5806872096|-163805.44556640906|-163804.2599957952
561.0|1.0|0.76|0.0|-163974.53575985323|-163973.5267635861|-163972.5303797723|-163971.54660841185|-163970.4997747847
561.2|1.0|0.76|0.0|-163826.49007737977|-163825.65765545936|-163824.85045844567|-163824.05587388529|-163823.18561460488
561.4|1.0|0.76|0.0|-164037.9022858759|-164037.1329262222|-164036.41401638187|-164035.6824940882|-164034.90052198118
561.6|1.0|0.76|0.0|-163836.0021328218|-163834.77872484789|-163833.56792932734|-163832.3697462601|-163831.13372583286
561.8|1.0|0.76|0.0|-163706.83625907553|-163705.47411411488|-163704.12458160758|-163702.7750491003|-163701.37506677964
562.0|1.0|0.76|0.0|-163728.36348340768|-163727.11485052714|-163725.90405500657|-163724.70587193934|-163723.4320141521
562.2|1.0|0.76|0.0|-163924.8797192275|-163923.9716225871|-163923.07613839998|-163922.20587911957|-163921.2725575725
562.4|1.0|0.76|0.0|-164062.18172971957|-164061.3240828925|-164060.4916609721|-164059.67185150503|-164058.80159222466
562.6|1.0|0.76|0.0|-164078.8070356159|-164077.7097521754|-164076.63769364156|-164075.5908600144|-164074.48096412056
562.8|1.0|0.76|0.0|-164033.194229353|-164032.18523308582|-164031.16362436535|-164030.1924654582|-164029.1330193777
563.0|1.0|0.76|0.0|-163674.3777539731|-163673.24263317251|-163672.13273727868|-163671.03545383815|-163669.8877205843
563.2|1.0|0.76|0.0|-164000.27681365373|-163999.00295586648|-163997.7543229859|-163996.48046519863|-163995.18138250467
563.4|1.0|0.76|0.0|-163933.96844068737|-163932.73242026014|-163931.50901228623|-163930.31082921903|-163929.06219633843
563.6|1.0|0.76|0.0|-163993.31028645064|-163992.20039055677|-163991.1157195696|-163990.0562734891|-163988.9337651419
563.8|1.0|0.76|0.0|-164205.546788862|-164204.43689296814|-164203.3269970743|-164202.2549385405|-164201.1198177399
564.0|1.0|0.76|0.0|-163931.38213214552|-163930.5749351318|-163929.7677381181|-163928.98576601106|-163928.15334409068
564.2|1.0|0.76|0.0|-164015.37934538396|-164014.5847608236|-164013.77756380988|-164012.99559170287|-164012.1757822358
564.4|1.0|0.76|0.0|-163998.35477291973|-163997.62325062606|-163996.9043407857|-163996.21065585205|-163995.44129619835
564.6|1.0|0.76|0.0|-164123.78272490564|-164122.79895354522|-164121.81518218474|-164120.86924818432|-164119.86025191718
564.8|1.0|0.76|0.0|-163841.9149780879|-163841.04471880753|-163840.18707198044|-163839.32942515338|-163838.4339409663
565.0|1.0|0.76|0.0|-164019.79700781257|-164018.80062399877|-164017.8168526383|-164016.8456937312|-164015.83669746408
565.2|1.0|0.76|0.0|-163908.47518590942|-163907.55447681565|-163906.65899262857|-163905.76350844148|-163904.8301868944
565.4|1.0|0.76|0.0|-164086.58741074093|-164085.956788074|-164085.33877786036|-164084.74599255342|-164084.0901449798
565.6|1.0|0.76|0.0|-163730.43083675517|-163729.49751520806|-163728.6146434743|-163727.71915928723|-163726.7732252868
565.8|1.0|0.76|0.0|-163815.83401009932|-163814.87546364556|-163813.94214209844|-163813.03404545804|-163812.0628865509
566.0|1.0|0.76|0.0|-163622.3728280743|-163621.6413057806|-163620.90978348692|-163620.20348609993|-163619.42151399291
566.2|1.0|0.76|0.0|-163835.24581553348|-163834.3881687064|-163833.5431343327|-163832.7107124123|-163831.81522822523
566.4|1.0|0.76|0.0|-164030.57754366496|-164029.42981041106|-164028.29468961057|-164027.19740617005|-164026.02444800947
566.6|1.0|0.76|0.0|-163871.62928789857|-163870.2797553913|-163868.9428353373|-163867.61852773672|-163866.26899522942
566.8|1.0|0.76|0.0|-164003.8733170533|-164003.04089513293|-164002.25892302592|-164001.47695091888|-164000.6445289985
567.0|1.0|0.76|0.0|-163977.27944911591|-163976.1821656754|-163975.11010714158|-163974.05066106108|-163972.91554026055
567.2|1.0|0.76|0.0|-164029.30581914017|-164028.04457380626|-164026.808553379|-164025.59775785843|-164024.32390007118
567.4|1.0|0.76|0.0|-164115.59901012233|-164115.00622481538|-164114.42605196178|-164113.8584915615|-164113.25309380124
567.6|1.0|0.76|0.0|-163931.41704711152|-163930.39543839102|-163929.39905457722|-163928.40267076343|-163927.35583713627
567.8|1.0|0.76|0.0|-164011.86599592128|-164010.52907586732|-164009.21738072005|-164007.90568557277|-164006.55615306547
568.0|1.0|0.76|0.0|-164205.15059061142|-164203.76322074412|-164202.41368823682|-164201.06415572952|-164199.67678586222
568.2|1.0|0.76|0.0|-164375.32804257525|-164374.01634742794|-164372.717264734|-164371.44340694675|-164370.10648689282
568.4|1.0|0.76|0.0|-164323.26899870063|-164322.08342808674|-164320.9104699262|-164319.750124219|-164318.53932869842
568.6|1.0|0.76|0.0|-164060.7444507267|-164059.6471672862|-164058.5877212057|-164057.51566267188|-164056.405766778
568.8|1.0|0.76|0.0|-164207.95543955744|-164207.02211801033|-164206.12663382324|-164205.2563745428|-164204.32305299572
569.0|1.0|0.76|0.0|-164334.62587087683|-164333.3015632762|-164332.00248058228|-164330.71601034168|-164329.37909028775
569.2|1.0|0.76|0.0|-164053.01501271894|-164051.9807915451|-164050.97179527796|-164049.96279901083|-164048.928577837
569.4|1.0|0.76|0.0|-164314.6782935022|-164313.24047382153|-164311.8152665942|-164310.40267182022|-164308.93962723287
569.6|1.0|0.76|0.0|-164475.4996860305|-164474.52852712336|-164473.55736821625|-164472.59882176245|-164471.60243794866
569.8|1.0|0.76|0.0|-164652.1749324062|-164651.29206067242|-164650.40918893868|-164649.5515421116|-164648.65605792453
570.0|1.0|0.76|0.0|-164376.6714028452|-164375.3470952446|-164374.01017519066|-164372.69848004336|-164371.34894753603
570.2|1.0|0.76|0.0|-164393.71610393625|-164392.61882049573|-164391.5467619619|-164390.49992833473|-164389.39003244086
570.4|1.0|0.76|0.0|-164491.75994252248|-164491.02842022877|-164490.3221228418|-164489.6158254548|-164488.87169070778
570.6|1.0|0.76|0.0|-164313.97186369746|-164313.03854215037|-164312.14305796326|-164311.23496132283|-164310.2890273224
570.8|1.0|0.76|0.0|-164290.7408749644|-164289.82016587065|-164288.89945677688|-164288.01658504314|-164287.05803858934
571.0|1.0|0.76|0.0|-164188.23946667663|-164186.99083379604|-164185.76742582215|-164184.55663030158|-164183.2827725143
571.2|1.0|0.76|0.0|-164187.74460355006|-164186.67254501622|-164185.6004864824|-164184.5662653086|-164183.48159432143
571.4|1.0|0.76|0.0|-164000.94523549537|-163999.9236267749|-163998.9398554144|-163997.956084054|-163996.8966379735
571.6|1.0|0.76|0.0|-164128.03766248457|-164126.71335488395|-164125.40165973667|-164124.11518949608|-164122.76565698878
571.8|1.0|0.76|0.0|-164193.6098073951|-164192.49991150128|-164191.41524051412|-164190.33056952694|-164189.1954487264
572.0|1.0|0.76|0.0|-164127.571001711|-164126.1836318437|-164124.82148688307|-164123.47195437577|-164122.0593596018
572.2|1.0|0.76|0.0|-163930.41141599024|-163929.57899406986|-163928.74657214945|-163927.9519875891|-163927.10695321538
572.4|1.0|0.76|0.0|-164156.1869432155|-164155.127497135|-164154.06805105452|-164153.03382988067|-164151.9491588935
572.6|1.0|0.76|0.0|-164044.74596035574|-164044.16578750213|-164043.6108395552|-164043.05589160827|-164042.45049384798
572.8|1.0|0.76|0.0|-164288.7374399311|-164287.66538139727|-164286.6185477701|-164285.59693904963|-164284.49965560914
573.0|1.0|0.76|0.0|-164006.02037904764|-164004.54472200695|-164003.0816774196|-164001.6312452856|-164000.13036333822
573.2|1.0|0.76|0.0|-163811.87118182337|-163810.88741046292|-163809.92886400913|-163808.99554246204|-163808.01177110156
573.4|1.0|0.76|0.0|-164261.01265066222|-164260.28112836854|-164259.57483098155|-164258.89375850125|-164258.14962375423
573.6|1.0|0.76|0.0|-164179.28042056004|-164178.09484994615|-164176.93450423895|-164175.78677098508|-164174.5759754645
573.8|1.0|0.76|0.0|-164371.05664342165|-164370.12332187453|-164369.2026127808|-164368.29451614036|-164367.33596968657
574.0|1.0|0.76|0.0|-164019.02912537113|-164017.50301851708|-164015.9895241164|-164014.47602971568|-164012.92469795496
574.2|1.0|0.76|0.0|-164090.92120610992|-164089.8239226694|-164088.7392516822|-164087.69241805508|-164086.56990970788
574.4|1.0|0.76|0.0|-163905.39211587992|-163904.168707906|-163902.9452999321|-163901.74711686486|-163900.48587153095
574.6|1.0|0.76|0.0|-164065.080659641|-164064.336524894|-164063.57977769367|-164062.8482554|-164062.0536708396
574.8|1.0|0.76|0.0|-164145.13125662386|-164143.83217392993|-164142.570928596|-164141.29707080874|-164139.98537566146
575.0|1.0|0.76|0.0|-164146.78348801134|-164145.6862045708|-164144.63937094365|-164143.5673124098|-164142.45741651594
575.2|1.0|0.76|0.0|-164094.22229154207|-164093.33941980833|-164092.48177298126|-164091.62412615417|-164090.71602951377
575.4|1.0|0.76|0.0|-164294.63762471403|-164293.13674276668|-164291.64847327265|-164290.17281623193|-164288.63409692456
575.6|1.0|0.76|0.0|-164358.17158347496|-164356.93556304774|-164355.7373799805|-164354.5518093666|-164353.30317648602
575.8|1.0|0.76|0.0|-164320.18090447932|-164319.3484825589|-164318.5665104519|-164317.78453834486|-164316.93950397114
576.0|1.0|0.76|0.0|-164194.13139251567|-164192.80708491508|-164191.50800222115|-164190.22153198055|-164188.87199947322
576.2|1.0|0.76|0.0|-164418.7692970877|-164417.49543930046|-164416.2468064199|-164415.0107859926|-164413.7117032987
576.4|1.0|0.76|0.0|-164641.1772992714|-164639.68902977734|-164638.22598519002|-164636.76294060267|-164635.24944620195
576.6|1.0|0.76|0.0|-164427.66690376803|-164425.8254855805|-164424.00929229966|-164422.20571147214|-164420.35168083129
576.8|1.0|0.76|0.0|-164300.8975459872|-164299.54801347989|-164298.2363183326|-164296.94984809202|-164295.5877031314
577.0|1.0|0.76|0.0|-164472.89357217404|-164471.92241326693|-164470.9512543598|-164470.0179328127|-164469.03416145223
577.2|1.0|0.76|0.0|-164044.65033149443|-164043.36386125383|-164042.11522837324|-164040.879207946|-164039.59273770542
577.4|1.0|0.76|0.0|-164054.99441116722|-164053.9601899934|-164052.92596881962|-164051.94219745914|-164050.88275137864
577.6|1.0|0.76|0.0|-164217.94730830984|-164217.24101092285|-164216.5725508959|-164215.9040908689|-164215.17256857522
577.8|1.0|0.76|0.0|-164035.67258982873|-164034.31044486808|-164032.9609123608|-164031.6366047602|-164030.2618473462
578.0|1.0|0.76|0.0|-163875.2471814221|-163873.64539984803|-163872.0688431806|-163870.5175114199|-163868.89050493913
578.2|1.0|0.76|0.0|-164046.80370155768|-164045.73164302384|-164044.6848093967|-164043.65058822287|-164042.54069232903
578.4|1.0|0.76|0.0|-164308.71083371033|-164307.44958837642|-164306.21356794916|-164305.0027724286|-164303.74152709468
578.6|1.0|0.76|0.0|-164230.98028378075|-164230.1856992204|-164229.42895202004|-164228.68481727302|-164227.89023271264
578.8|1.0|0.76|0.0|-164092.4135115328|-164090.9378544921|-164089.5252597181|-164088.10005249077|-164086.63700790342
579.0|1.0|0.76|0.0|-164174.46801102193|-164173.7364887283|-164173.03019134127|-164172.32389395428|-164171.56714675392
579.2|1.0|0.76|0.0|-164303.46134326217|-164302.32622246162|-164301.22893902112|-164300.15688048728|-164299.02175968676
579.4|1.0|0.76|0.0|-164271.3053564223|-164270.37203487518|-164269.4387133281|-164268.53061668767|-164267.5846826872
579.6|1.0|0.76|0.0|-164471.95388168082|-164470.98272277374|-164470.04940122663|-164469.11607967952|-164468.15753322575
579.8|1.0|0.76|0.0|-164512.8547191217|-164511.79527304124|-164510.74843941408|-164509.71421824026|-164508.6169347997
580.0|1.0|0.76|0.0|-164800.97360320267|-164799.91415712217|-164798.87993594838|-164797.84571477456|-164796.76104378738
580.2|1.0|0.76|0.0|-164752.33550927174|-164750.88507713773|-164749.4346450037|-164748.00943777637|-164746.52116828234
580.4|1.0|0.76|0.0|-164692.3897408442|-164690.85102153683|-164689.33752713611|-164687.84925764208|-164686.29792588134
580.6|1.0|0.76|0.0|-164411.67918118057|-164410.0521746998|-164408.4377806724|-164406.83599909832|-164405.1837677109
580.8|1.0|0.76|0.0|-164605.31966847228|-164603.47825028474|-164601.66205700388|-164599.87108862973|-164598.0296704422
581.0|1.0|0.76|0.0|-164550.1032328176|-164548.5897384169|-164547.10146892286|-164545.61319942883|-164544.07448012146
581.2|1.0|0.76|0.0|-164512.09656219475|-164510.68396742077|-164509.2839851001|-164507.90922768612|-164506.4840204588
581.4|1.0|0.76|0.0|-164613.2507558839|-164611.81293620326|-164610.37511652257|-164608.98774665527|-164607.5247020679
581.6|1.0|0.76|0.0|-164410.71998016283|-164409.26954802885|-164407.83172834816|-164406.43174602752|-164404.95608898683
581.8|1.0|0.76|0.0|-164692.8517447385|-164691.1869008977|-164689.57250687032|-164687.9581128429|-164686.28065654877
582.0|1.0|0.76|0.0|-164553.52197270023|-164552.1976650996|-164550.88596995233|-164549.5868872584|-164548.2373547511
582.2|1.0|0.76|0.0|-164315.17984988444|-164313.99427927053|-164312.83393356332|-164311.67358785612|-164310.48801724223
582.4|1.0|0.76|0.0|-164225.91653425246|-164224.17601569163|-164222.4859469442|-164220.79587819672|-164219.0553596359
582.6|1.0|0.76|0.0|-164578.43230846385|-164577.39808729006|-164576.3638661162|-164575.3548698491|-164574.2954237686
582.8|1.0|0.76|0.0|-164785.47834248035|-164783.96484807966|-164782.45135367895|-164780.9630841849|-164779.42436487754
583.0|1.0|0.76|0.0|-164474.366955962|-164472.99219854805|-164471.6552784941|-164470.31835844013|-164468.9183761195
583.2|1.0|0.76|0.0|-164229.62936587448|-164228.7086567807|-164227.8005601403|-164226.93030085988|-164225.9969793128
583.4|1.0|0.76|0.0|-164153.29879826558|-164152.54205106522|-164151.81052877154|-164151.10423138455|-164150.3474841842
583.6|1.0|0.76|0.0|-164444.73709976664|-164443.69026613949|-164442.6560449657|-164441.6596611519|-164440.57499016472
583.8|1.0|0.76|0.0|-164368.82274311795|-164367.51104797068|-164366.2371901834|-164364.9507199428|-164363.63902479553
584.0|1.0|0.76|0.0|-164350.1168272638|-164348.85558192985|-164347.60694904925|-164346.38354107537|-164345.08445838143
584.2|1.0|0.76|0.0|-164468.07785458388|-164466.8670590633|-164465.68148844942|-164464.52114274222|-164463.29773476833
584.4|1.0|0.76|0.0|-164279.2694280959|-164278.26043182876|-164277.26404801494|-164276.29288910783|-164275.258667934
584.6|1.0|0.76|0.0|-164272.2317731259|-164270.99575269868|-164269.75973227143|-164268.54893675089|-164267.28769141695
584.8|1.0|0.76|0.0|-163985.12466565872|-163983.8886452315|-163982.67784971095|-163981.46705419038|-163980.21842130978
585.0|1.0|0.76|0.0|-164110.40416467714|-164109.50868049005|-164108.6258087563|-164107.76816192924|-164106.86006528884
585.2|1.0|0.76|0.0|-164153.67074778283|-164152.6239141557|-164151.58969298188|-164150.59330916806|-164149.5338630876
585.4|1.0|0.76|0.0|-164102.3698605602|-164101.13384013294|-164099.94826951908|-164098.76269890516|-164097.52667847794
585.6|1.0|0.76|0.0|-164137.6259466914|-164136.9574866644|-164136.32686399744|-164135.6962413305|-164135.01516885016
585.8|1.0|0.76|0.0|-163972.4924208557|-163971.21856306845|-163969.95731773452|-163968.7212973073|-163967.4348270667
586.0|1.0|0.76|0.0|-163939.75605978738|-163938.69661370688|-163937.64978007975|-163936.64078381262|-163935.56872527875
586.2|1.0|0.76|0.0|-163979.01953972515|-163977.96009364468|-163976.93848492418|-163975.9168762037|-163974.84481766986
586.4|1.0|0.76|0.0|-164027.97667783883|-164026.67759514492|-164025.3911249043|-164024.14249202373|-164022.83079687646
586.6|1.0|0.76|0.0|-164310.2938333838|-164309.00736314317|-164307.72089290258|-164306.45964756867|-164305.12272751468
586.8|1.0|0.76|0.0|-163920.8464991756|-163919.8627278151|-163918.891568908|-163917.94563490758|-163916.93663864044
587.0|1.0|0.76|0.0|-163998.10281968434|-163997.10643587055|-163996.13527696344|-163995.1767305096|-163994.16773424248
587.2|1.0|0.76|0.0|-163876.04006624935|-163874.89233299549|-163873.76982464828|-163872.6473163011|-163871.4869705939
587.4|1.0|0.76|0.0|-164080.4122601579|-164079.20146463736|-164078.01589402347|-164076.85554831626|-164075.64475279572
587.6|1.0|0.76|0.0|-164275.89494321254|-164274.89855939877|-164273.88956313158|-164272.93101667782|-164271.90940795734
587.8|1.0|0.76|0.0|-164173.77783842792|-164172.69316744074|-164171.60849645355|-164170.5616628264|-164169.46437938593
588.0|1.0|0.76|0.0|-164334.27505921412|-164332.6228278267|-164331.00843379926|-164329.39403977184|-164327.7165834777
588.2|1.0|0.76|0.0|-164260.47256021877|-164259.22392733817|-164257.98790691092|-164256.77711139037|-164255.49064114978
588.4|1.0|0.76|0.0|-164248.52207827123|-164246.81939707042|-164245.14194077632|-164243.46448448222|-164241.74919082806
588.6|1.0|0.76|0.0|-164277.3188707795|-164276.1585250723|-164275.04862917846|-164273.93873328462|-164272.7783875774
588.8|1.0|0.76|0.0|-164371.02939908984|-164370.3987764229|-164369.76815375593|-164369.16275599567|-164368.50690842202
589.0|1.0|0.76|0.0|-164616.5584270497|-164615.73861758265|-164614.95664547558|-164614.17467336854|-164613.3422514482
589.2|1.0|0.76|0.0|-164205.0140745912|-164204.19426512413|-164203.41229301709|-164202.6303209101|-164201.78528653632
589.4|1.0|0.76|0.0|-164198.90964717502|-164197.92587581454|-164196.95471690744|-164196.0340078137|-164195.03762399987
589.6|1.0|0.76|0.0|-164047.53573114768|-164046.41322280047|-164045.2907144533|-164044.1934310128|-164043.0456977589
589.8|1.0|0.76|0.0|-163951.1068312606|-163949.78252365996|-163948.48344096605|-163947.19697072543|-163945.86005067147
590.0|1.0|0.76|0.0|-164203.60814711163|-164202.87662481796|-164202.17032743094|-164201.51447985732|-164200.75773265696
590.2|1.0|0.76|0.0|-164415.15290346896|-164414.0934573885|-164413.03401130796|-164411.99979013417|-164410.9277316003
590.4|1.0|0.76|0.0|-164090.68609200206|-164088.88251117454|-164087.0915428004|-164085.33841178622|-164083.49699359867
590.6|1.0|0.76|0.0|-164505.6963637727|-164504.4351184388|-164503.19909801154|-164501.988302491|-164500.71444470374
590.8|1.0|0.76|0.0|-164450.93747362526|-164449.76451546472|-164448.57894485083|-164447.41859914362|-164446.2204160764
591.0|1.0|0.76|0.0|-164734.32668770402|-164732.9645427434|-164731.6276226894|-164730.29070263548|-164728.90333276815
591.2|1.0|0.76|0.0|-164344.79634279685|-164343.40897292955|-164342.05944042225|-164340.7225203683|-164339.33515050096
591.4|1.0|0.76|0.0|-164004.50356438037|-164003.21709413978|-164001.93062389916|-164000.68199101862|-163999.35768341797
591.6|1.0|0.76|0.0|-163937.71699993347|-163936.29179270615|-163934.8918103855|-163933.50444051818|-163932.06662083752
591.8|1.0|0.76|0.0|-164182.20164153146|-164181.11697054427|-164180.0575244638|-164179.02330328996|-164177.93863230277
592.0|1.0|0.76|0.0|-164103.20984626797|-164101.5071650672|-164099.8423212264|-164098.17747738565|-164096.4621837315
592.2|1.0|0.76|0.0|-163987.00173591118|-163985.5891411372|-163984.17654636322|-163982.80178894923|-163981.35135681523
592.4|1.0|0.76|0.0|-164185.18879125093|-164183.7257466636|-164182.2879269829|-164180.8627197556|-164179.3870627149
592.6|1.0|0.76|0.0|-164452.8502760157|-164451.7529925752|-164450.6935464947|-164449.64671286754|-164448.5368169737
592.8|1.0|0.76|0.0|-164418.02490288063|-164416.80149490674|-164415.6033118395|-164414.40512877228|-164413.15649589172
593.0|1.0|0.76|0.0|-164160.36584402178|-164159.1424360479|-164157.93164052733|-164156.7334574601|-164155.47221212616
593.2|1.0|0.76|0.0|-164151.03262855078|-164150.07408209698|-164149.1155356432|-164148.19482654944|-164147.22366764233
593.4|1.0|0.76|0.0|-164161.41236235786|-164160.22679174395|-164159.05383358343|-164157.88087542288|-164156.68269235565
593.6|1.0|0.76|0.0|-164266.80103612388|-164265.37582889656|-164263.9758465759|-164262.5884767086|-164261.1380445746
593.8|1.0|0.76|0.0|-164375.15016528638|-164374.39341808605|-164373.6745082457|-164372.95559840536|-164372.1862387517
594.0|1.0|0.76|0.0|-164318.62613763288|-164317.78110325916|-164316.9612937921|-164316.1540967784|-164315.27122504465
594.2|1.0|0.76|0.0|-163968.67416318314|-163967.627329556|-163966.61833328888|-163965.62194947503|-163964.56250339458
594.4|1.0|0.76|0.0|-164333.57766319325|-164332.50560465938|-164331.4713834856|-164330.4497747651|-164329.3651037779
594.6|1.0|0.76|0.0|-164099.98396067918|-164099.02541422538|-164098.05425531825|-164097.1209337712|-164096.12454995737
594.8|1.0|0.76|0.0|-164522.5087484271|-164521.84028840016|-164521.1844408265|-164520.55381815953|-164519.86013322588
595.0|1.0|0.76|0.0|-164280.02753217125|-164278.79151174397|-164277.56810377009|-164276.3573082495|-164275.10867536892
595.2|1.0|0.76|0.0|-164417.8557042741|-164416.69535856688|-164415.56023776633|-164414.4629543258|-164413.2899961653
595.4|1.0|0.76|0.0|-164459.47004815418|-164458.66285114046|-164457.85565412673|-164457.06106956638|-164456.21603519266
595.6|1.0|0.76|0.0|-163896.994442671|-163895.65752261705|-163894.3332150164|-163893.04674477584|-163891.6972122685
595.8|1.0|0.76|0.0|-163959.001694544|-163957.66477449003|-163956.3404668894|-163955.04138419544|-163953.6666267815
596.0|1.0|0.76|0.0|-164024.87915527544|-164023.9962835417|-164023.12602426126|-164022.28098988754|-164021.37289324714
596.2|1.0|0.76|0.0|-164232.00239653126|-164231.09429989086|-164230.1862032504|-164229.30333151668|-164228.39523487625
596.4|1.0|0.76|0.0|-163967.85978624815|-163966.7877277143|-163965.72828163384|-163964.69406046|-163963.5967770195
596.6|1.0|0.76|0.0|-164071.24420079114|-164069.6928690304|-164068.16676217635|-164066.65326777566|-164065.07671110824
596.8|1.0|0.76|0.0|-163618.01019238733|-163617.06425838688|-163616.13093683976|-163615.23545265268|-163614.2769061989
597.0|1.0|0.76|0.0|-163816.77092339355|-163815.54751541963|-163814.3493323524|-163813.16376173854|-163811.91512885797
597.2|1.0|0.76|0.0|-164019.40516597306|-164018.3583323459|-164017.3241111721|-164016.2898899983|-164015.21783146446
597.4|1.0|0.76|0.0|-164163.10674770075|-164161.85811482018|-164160.60948193958|-164159.3860739657|-164158.1374410851
597.6|1.0|0.76|0.0|-163993.46533226964|-163992.38066128248|-163991.2959902953|-163990.2239317615|-163989.10142341428
597.8|1.0|0.76|0.0|-164027.2378336978|-164026.36757441738|-164025.50992759032|-164024.6648932166|-164023.7694090295
598.0|1.0|0.76|0.0|-163777.1357720811|-163776.00065128054|-163774.87814293336|-163773.78085949286|-163772.63312623897
598.2|1.0|0.76|0.0|-164019.70417684733|-164018.44293151342|-164017.20691108616|-164015.98350311228|-164014.70964532503
598.4|1.0|0.76|0.0|-163860.12222630487|-163859.1384549444|-163858.16729603725|-163857.2087495835|-163856.2123657697
598.6|1.0|0.76|0.0|-163897.3234576093|-163896.31446134218|-163895.31807752838|-163894.32169371456|-163893.28747254075
598.8|1.0|0.76|0.0|-163797.53372678946|-163796.37338108226|-163795.21303537505|-163794.1031394812|-163792.91756886733
599.0|1.0|0.76|0.0|-163913.60798868298|-163912.28368108236|-163910.9719859351|-163909.6855156945|-163908.32337073385
599.2|1.0|0.76|0.0|-163883.12308145053|-163881.8870610233|-163880.65104059604|-163879.44024507547|-163878.17899974156
599.4|1.0|0.76|0.0|-163674.2664930006|-163672.84128577326|-163671.44130345262|-163670.0539335853|-163668.61611390463
599.6|1.0|0.76|0.0|-163981.6319808772|-163980.37073554326|-163979.10949020935|-163977.86085732878|-163976.56177463484
599.8|1.0|0.76|0.0|-164048.08862804604|-164047.58412991246|-164047.1174691389|-164046.66342081872|-164046.15892268514
600.0|1.0|0.76|0.0|-163970.30721519442|-163969.17209439387|-163968.06219850003|-163966.97752751288|-163965.829794259
600.2|1.0|0.76|0.0|-163802.5356790176|-163801.29965859035|-163800.0888630698|-163798.9032924559|-163797.642047122
600.4|1.0|0.76|0.0|-164223.81972484206|-164222.86117838827|-164221.9404692945|-164221.0323726541|-164220.0738262003
600.6|1.0|0.76|0.0|-163955.1597703978|-163954.25167375736|-163953.35618957027|-163952.46070538322|-163951.5273838361
600.8|1.0|0.76|0.0|-163987.04231001978|-163986.15943828603|-163985.30179145897|-163984.46936953856|-163983.57388535148
601.0|1.0|0.76|0.0|-163990.36830569358|-163989.4728215065|-163988.58994977275|-163987.7323029457|-163986.81159385192
601.2|1.0|0.76|0.0|-163980.65773789337|-163979.52261709285|-163978.41272119898|-163977.30282530517|-163976.14247959794
601.4|1.0|0.76|0.0|-163925.51381631865|-163924.23995853137|-163922.95348829078|-163921.71746786352|-163920.40577271624
601.6|1.0|0.76|0.0|-164218.96776816208|-164217.5551733881|-164216.1425786141|-164214.74259629342|-164213.29216415944
601.8|1.0|0.76|0.0|-164191.44589794113|-164190.23510242056|-164189.04953180667|-164187.88918609946|-164186.65316567224
602.0|1.0|0.76|0.0|-164043.82574016668|-164043.23295485973|-164042.66539445947|-164042.11044651255|-164041.5176612056
602.2|1.0|0.76|0.0|-164031.40247362756|-164030.4439271738|-164029.48538072003|-164028.55205917291|-164027.54306290578
602.4|1.0|0.76|0.0|-164364.93190269684|-164364.0238060564|-164363.14093432267|-164362.27067504227|-164361.3499659485
602.6|1.0|0.76|0.0|-164263.62781551242|-164262.8836807654|-164262.1773833784|-164261.49631089807|-164260.73956369777
602.8|1.0|0.76|0.0|-164217.73506993073|-164216.80174838364|-164215.89365174322|-164214.99816755613|-164214.0522335557
603.0|1.0|0.76|0.0|-164260.76618945604|-164259.8833177223|-164259.00044598852|-164258.16802406817|-164257.2473149744
603.2|1.0|0.76|0.0|-164639.19568362724|-164638.46416133357|-164637.7452514932|-164637.05156655956|-164636.2948193592
603.4|1.0|0.76|0.0|-164496.38377852214|-164495.94234265527|-164495.5009067884|-164495.1225331882|-164494.64325996133
603.6|1.0|0.76|0.0|-164425.51440320912|-164424.61891902203|-164423.7360472883|-164422.85317555454|-164421.91985400743
603.8|1.0|0.76|0.0|-164653.24464029557|-164652.08429458836|-164650.92394888116|-164649.76360317395|-164648.5528076534
604.0|1.0|0.76|0.0|-164915.68655690728|-164914.27396213327|-164912.89920471932|-164911.52444730533|-164910.099240078
604.2|1.0|0.76|0.0|-164725.86944105703|-164724.5829708164|-164723.33433793584|-164722.0983175086|-164720.774009908
604.4|1.0|0.76|0.0|-164712.91592668634|-164711.81864324585|-164710.73397225866|-164709.66191372482|-164708.5267929243
604.6|1.0|0.76|0.0|-164568.17541216555|-164566.39705624472|-164564.64392523057|-164562.87818176308|-164561.0872133889
604.8|1.0|0.76|0.0|-164870.55739007116|-164868.93038359043|-164867.34121446966|-164865.75204534893|-164864.11242641482
605.0|1.0|0.76|0.0|-164612.27957059076|-164611.20751205695|-164610.17329088313|-164609.164294616|-164608.0922360822
605.2|1.0|0.76|0.0|-164089.6983616904|-164088.29837936972|-164086.92362195574|-164085.56147699512|-164084.1488822211
605.4|1.0|0.76|0.0|-164247.6843261184|-164246.069932091|-164244.48076297026|-164242.9168187562|-164241.30242472878
605.6|1.0|0.76|0.0|-164543.80447210852|-164542.88376301478|-164541.9882788277|-164541.10540709394|-164540.1846980002
605.8|1.0|0.76|0.0|-164668.36506128655|-164666.49841819238|-164664.63177509818|-164662.77774445733|-164660.8732640031
606.0|1.0|0.76|0.0|-164646.5959668231|-164645.4608460226|-164644.33833767538|-164643.2158293282|-164642.055483621
606.2|1.0|0.76|0.0|-164601.16986242545|-164600.2869906917|-164599.40411895796|-164598.55908458424|-164597.63837549047
606.4|1.0|0.76|0.0|-164536.8968002088|-164536.12744055514|-164535.37069335475|-164534.62655860776|-164533.8571989541
606.6|1.0|0.76|0.0|-164087.08626431916|-164085.90069370528|-164084.76557290475|-164083.6304521042|-164082.44488149032
606.8|1.0|0.76|0.0|-164422.09756999632|-164420.88677447574|-164419.70120386189|-164418.54085815468|-164417.30483772742
607.0|1.0|0.76|0.0|-164342.5129894259|-164341.17606937193|-164339.8517617713|-164338.55267907737|-164337.1779216634
607.2|1.0|0.76|0.0|-164189.65136132133|-164188.03696729388|-164186.44779817318|-164184.8838539591|-164183.25684747833
607.4|1.0|0.76|0.0|-164383.59050489857|-164382.2157474846|-164380.86621497732|-164379.52929492336|-164378.12931260272
607.6|1.0|0.76|0.0|-164190.78752725897|-164189.94249288525|-164189.12268341822|-164188.3154864045|-164187.45783957743
607.8|1.0|0.76|0.0|-164408.3802443522|-164407.54782243178|-164406.69017560472|-164405.85775368434|-164405.00010685725
608.0|1.0|0.76|0.0|-164492.01342244446|-164491.1431631641|-164490.31074124368|-164489.45309441662|-164488.5828351362
608.2|1.0|0.76|0.0|-164164.02657335825|-164163.09325181117|-164162.18515517074|-164161.31489589033|-164160.3689618899
608.4|1.0|0.76|0.0|-163996.38050104072|-163995.4471794936|-163994.5643077599|-163993.68143602615|-163992.74811447904
608.6|1.0|0.76|0.0|-163956.19722470202|-163955.5792144884|-163954.98642918144|-163954.38103142116|-163953.73779630085
608.8|1.0|0.76|0.0|-164347.14759242497|-164346.15120861115|-164345.18004970404|-164344.22150325024|-164343.2125069831
609.0|1.0|0.76|0.0|-164311.23408731475|-164310.5530148344|-164309.92239216747|-164309.27915704716|-164308.58547211348
609.2|1.0|0.76|0.0|-164109.28348444728|-164108.2997130868|-164107.3285541797|-164106.37000772593|-164105.36101145876
609.4|1.0|0.76|0.0|-163876.59765654526|-163875.29857385132|-163874.0121036107|-163872.77608318347|-163871.45177558286
609.6|1.0|0.76|0.0|-164281.23021927057|-164280.80139585704|-164280.3977973502|-164280.00681129663|-164279.5653754298
609.8|1.0|0.76|0.0|-164012.87987354415|-164011.90871463704|-164010.95016818325|-164010.01684663614|-164009.02046282234
610.0|1.0|0.76|0.0|-164138.20115017213|-164136.7254931314|-164135.3002859041|-164133.86246622342|-164132.37419672942
610.2|1.0|0.76|0.0|-164272.19585444793|-164270.73280986055|-164269.2697652732|-164267.83194559254|-164266.34367609854
610.4|1.0|0.76|0.0|-164412.25976814175|-164411.5030209414|-164410.77149864772|-164410.06520126076|-164409.28322915372
610.6|1.0|0.76|0.0|-164523.68635388318|-164522.77825724275|-164521.88277305567|-164521.0251262286|-164520.0918046815
610.8|1.0|0.76|0.0|-164493.96267861495|-164492.65098346767|-164491.38973813373|-164490.12849279982|-164488.81679765254
611.0|1.0|0.76|0.0|-164839.44300048263|-164838.6358034689|-164837.82860645518|-164837.04663434817|-164836.2142124278
611.2|1.0|0.76|0.0|-164662.08668162662|-164661.0776853595|-164660.093913999|-164659.12275509193|-164658.10114637142
611.4|1.0|0.76|0.0|-164493.75361370604|-164492.66894271885|-164491.59688418504|-164490.55005055788|-164489.44015466404
611.6|1.0|0.76|0.0|-164450.55677556602|-164449.5351668455|-164448.5135581251|-164447.51717431124|-164446.45772823077
611.8|1.0|0.76|0.0|-164413.9298749411|-164413.14790283405|-164412.37854318036|-164411.62179598|-164410.80198651296
612.0|1.0|0.76|0.0|-164455.19039083077|-164454.00482021688|-164452.81924960302|-164451.65890389582|-164450.44810837525
612.2|1.0|0.76|0.0|-164602.8221729375|-164601.9519136571|-164601.09426683004|-164600.26184490966|-164599.35374826923
612.4|1.0|0.76|0.0|-164662.79345543828|-164662.09977050463|-164661.43131047764|-164660.775462904|-164660.05655306368
612.6|1.0|0.76|0.0|-164667.67133119926|-164666.44792322535|-164665.22451525147|-164664.0263321842|-164662.7650868503
612.8|1.0|0.76|0.0|-164640.25575500357|-164639.28459609646|-164638.31343718932|-164637.38011564224|-164636.38373182842
613.0|1.0|0.76|0.0|-164300.3286268838|-164299.4205302434|-164298.53765850965|-164297.68001168256|-164296.75930258882
613.2|1.0|0.76|0.0|-164336.9382329882|-164335.5508631209|-164334.17610570695|-164332.80134829297|-164331.37614106562
613.4|1.0|0.76|0.0|-164517.05885595438|-164516.0624721406|-164515.05347587346|-164514.08231696632|-164513.06070824587
613.6|1.0|0.76|0.0|-164770.729697976|-164770.01078813567|-164769.30449074868|-164768.62341826837|-164767.8918959747
613.8|1.0|0.76|0.0|-164727.15209582538|-164725.91607539813|-164724.73050478424|-164723.57015907703|-164722.3215261965
614.0|1.0|0.76|0.0|-164593.39702816302|-164592.02227074906|-164590.66012578842|-164589.3232057345|-164587.93583586713
614.2|1.0|0.76|0.0|-164505.2318973035|-164504.24812594304|-164503.26435458256|-164502.2805832221|-164501.27158695497
614.4|1.0|0.76|0.0|-164720.22214811484|-164719.18792694103|-164718.16631822058|-164717.16993440676|-164716.11048832626
614.6|1.0|0.76|0.0|-164540.32612162275|-164539.39280007567|-164538.48470343524|-164537.6018317015|-164536.61806034105
614.8|1.0|0.76|0.0|-164104.80297930876|-164103.20119773468|-164101.61202861395|-164100.04808439987|-164098.43369037248
615.0|1.0|0.76|0.0|-164323.9779336052|-164322.57795128453|-164321.22841877726|-164319.87888626996|-164318.4789039493
615.2|1.0|0.76|0.0|-164314.03939766897|-164312.65202780167|-164311.3151077477|-164309.9655752404|-164308.5782053731
615.4|1.0|0.76|0.0|-163954.74701358602|-163953.46054334543|-163952.1992980115|-163950.96327758426|-163949.66419489033
615.6|1.0|0.76|0.0|-163883.44892813548|-163881.99849600144|-163880.54806386743|-163879.13546909345|-163877.6724245061
615.8|1.0|0.76|0.0|-164289.79088626336|-164288.56747828948|-164287.36929522225|-164286.1963370617|-164284.94770418113
616.0|1.0|0.76|0.0|-164062.9224275814|-164061.6737947008|-164060.43777427357|-164059.226978753|-164057.9405085124
616.2|1.0|0.76|0.0|-163773.23442160123|-163772.036238534|-163770.85066792008|-163769.67770975956|-163768.44168933228
616.4|1.0|0.76|0.0|-164073.9405341147|-164072.80541331417|-164071.720742327|-164070.63607133983|-164069.50095053928
616.6|1.0|0.76|0.0|-164044.13730687415|-164043.0652483403|-164042.01841471315|-164040.99680599268|-164039.9121350055
616.8|1.0|0.76|0.0|-163825.0042905867|-163823.90700714616|-163822.86017351903|-163821.81333989187|-163820.71605645135
617.0|1.0|0.76|0.0|-164307.46513710485|-164306.33001630433|-164305.20750795712|-164304.12283696997|-164302.94987880942
617.2|1.0|0.76|0.0|-164209.9686082628|-164208.71997538224|-164207.50917986166|-164206.32360924775|-164205.06236391384
617.4|1.0|0.76|0.0|-164408.54568066722|-164407.1330858932|-164405.75832847925|-164404.3961835186|-164402.9835887446
617.6|1.0|0.76|0.0|-164323.05361740728|-164321.59057281993|-164320.1653655926|-164318.72754591194|-164317.25188887125
617.8|1.0|0.76|0.0|-164626.77009844792|-164625.55930292734|-164624.3863447668|-164623.2007741529|-164621.96475372568
618.0|1.0|0.76|0.0|-164600.6369507306|-164599.27480576996|-164597.93788571603|-164596.62619056873|-164595.25143315477
618.2|1.0|0.76|0.0|-164490.9387531622|-164489.34958404145|-164487.7856398274|-164486.23430806666|-164484.64513894593
618.4|1.0|0.76|0.0|-164274.55034734722|-164273.36477673336|-164272.1918185728|-164271.04408531895|-164269.82067734504
618.6|1.0|0.76|0.0|-164442.5124676086|-164440.9989732079|-164439.47286635387|-164437.9719844065|-164436.40804019244
618.8|1.0|0.76|0.0|-164798.78904953465|-164797.25033022728|-164795.73683582657|-164794.22334142588|-164792.67200966514
619.0|1.0|0.76|0.0|-164556.6299454218|-164555.3056378212|-164554.00655512724|-164552.72008488665|-164551.3831648327
619.2|1.0|0.76|0.0|-164401.4715444428|-164400.2102991089|-164398.94905377497|-164397.70042089437|-164396.4139506538
619.4|1.0|0.76|0.0|-164128.1596805821|-164127.1632967683|-164126.2047503145|-164125.25881631408|-164124.2372075936
619.6|1.0|0.76|0.0|-164076.24589616747|-164074.9972632869|-164073.76124285965|-164072.53783488576|-164071.27658955185
619.8|1.0|0.76|0.0|-164450.46209444883|-164449.6170600751|-164448.79725060804|-164447.99005359437|-164447.13240676725
620.0|1.0|0.76|0.0|-164447.9066128478|-164446.64536751388|-164445.39673463328|-164444.1733266594|-164442.88685641877
620.2|1.0|0.76|0.0|-164110.59760719538|-164109.29852450144|-164108.01205426082|-164106.7508089269|-164105.43911377966
620.4|1.0|0.76|0.0|-164430.6048092738|-164429.55797564663|-164428.49852956616|-164427.46430839234|-164426.3796374052
620.6|1.0|0.76|0.0|-164591.78289499748|-164590.86218590374|-164589.9540892633|-164589.0712175296|-164588.13789598248
620.8|1.0|0.76|0.0|-164454.84948909367|-164453.65130602644|-164452.4783478659|-164451.292777252|-164450.06936927812
621.0|1.0|0.76|0.0|-164251.54029254825|-164249.76193662742|-164248.00880561327|-164246.26828705246|-164244.47731867828
621.2|1.0|0.76|0.0|-164277.08609698512|-164275.9509761846|-164274.7906304774|-164273.68073458353|-164272.507776423
621.4|1.0|0.76|0.0|-164391.68562924655|-164390.2856469259|-164388.8982770586|-164387.53613209797|-164386.09831241728
621.6|1.0|0.76|0.0|-164380.16215790846|-164378.93874993458|-164377.727954414|-164376.54238380012|-164375.2811384662
621.8|1.0|0.76|0.0|-164475.38574279638|-164474.08666010248|-164472.80018986185|-164471.5263320746|-164470.18941202067
622.0|1.0|0.76|0.0|-164507.25673652632|-164506.19729044585|-164505.163069272|-164504.14146055156|-164503.0694020177
622.2|1.0|0.76|0.0|-164510.146296725|-164509.26342499128|-164508.36794080416|-164507.52290643044|-164506.6021973367
622.4|1.0|0.76|0.0|-164520.16930083086|-164518.97111776363|-164517.81077205643|-164516.6630388026|-164515.45224328202
622.6|1.0|0.76|0.0|-164605.06137262078|-164603.90102691358|-164602.74068120637|-164601.60556040582|-164600.41998979196
622.8|1.0|0.76|0.0|-164548.44894802218|-164547.43995175505|-164546.44356794126|-164545.4850214875|-164544.463412767
623.0|1.0|0.76|0.0|-164935.3611791092|-164934.15038358865|-164932.9143631614|-164931.7540174542|-164930.49277212023
623.2|1.0|0.76|0.0|-164499.48740415936|-164497.83517277194|-164496.20816629118|-164494.59377226376|-164492.91631596963
623.4|1.0|0.76|0.0|-164463.54191214262|-164462.0158052886|-164460.47708598117|-164458.97620403382|-164457.42487227308
623.6|1.0|0.76|0.0|-164420.41934451935|-164419.624759959|-164418.83017539862|-164418.06081574495|-164417.24100627788
623.8|1.0|0.76|0.0|-164464.98810061842|-164463.8277549112|-164462.68002165735|-164461.5701257635|-164460.39716760296
624.0|1.0|0.76|0.0|-164323.1415927648|-164322.48574519114|-164321.84251007083|-164321.2118874039|-164320.53081492355
624.2|1.0|0.76|0.0|-164307.8851986554|-164306.42215406804|-164304.97172193404|-164303.54651470672|-164302.07085766605
624.4|1.0|0.76|0.0|-164457.5193450718|-164456.64908579137|-164455.7914389643|-164454.95901704393|-164454.06353285685
624.6|1.0|0.76|0.0|-164521.30546290937|-164520.24601682887|-164519.21179565505|-164518.17757448123|-164517.09290349408
624.8|1.0|0.76|0.0|-164638.0463310171|-164636.7598607765|-164635.4986154426|-164634.2373701087|-164632.95089986807
625.0|1.0|0.76|0.0|-164268.34769067838|-164266.98554571773|-164265.6486256638|-164264.31170560984|-164262.92433574251
625.2|1.0|0.76|0.0|-164112.26858060565|-164110.80553601828|-164109.35510388427|-164107.9172842036|-164106.4290147096
625.4|1.0|0.76|0.0|-164332.9140207659|-164331.57710071193|-164330.2906304713|-164329.00416023075|-164327.67985263013
625.6|1.0|0.76|0.0|-164195.5898272099|-164194.07633280917|-164192.58806331514|-164191.1250187278|-164189.6115243271
625.8|1.0|0.76|0.0|-164027.84262731188|-164026.2786830978|-164024.73996379043|-164023.20124448303|-164021.6120753623
626.0|1.0|0.76|0.0|-164507.0654043886|-164506.3338820949|-164505.6275847079|-164504.9212873209|-164504.18976502723
626.2|1.0|0.76|0.0|-164642.75198136424|-164641.71776019046|-164640.68353901664|-164639.69976765616|-164638.6403215757
626.4|1.0|0.76|0.0|-164222.54196499335|-164221.9113423264|-164221.28071965944|-164220.67532189915|-164220.0194743255
626.6|1.0|0.76|0.0|-164541.8828790776|-164541.2018065973|-164540.5333465703|-164539.89011145002|-164539.18381406303
626.8|1.0|0.76|0.0|-164415.50546290338|-164414.49646663625|-164413.5126952758|-164412.554148822|-164411.54515255487
627.0|1.0|0.76|0.0|-164210.2452228318|-164209.19838920466|-164208.17678048418|-164207.14255931036|-164206.07050077655
627.2|1.0|0.76|0.0|-164292.4597697594|-164291.19852442545|-164289.92466663817|-164288.6760337576|-164287.36433861032
627.4|1.0|0.76|0.0|-164366.8119924369|-164365.7399339031|-164364.6804878226|-164363.64626664878|-164362.56159566162
627.6|1.0|0.76|0.0|-164251.8764995737|-164250.7413787732|-164249.618870426|-164248.50897453213|-164247.36124127827
627.8|1.0|0.76|0.0|-164365.01976979568|-164363.581950115|-164362.14413043435|-164360.73153566036|-164359.26849107302
628.0|1.0|0.76|0.0|-164368.94751980522|-164367.30790087115|-164365.6935068437|-164364.10433772297|-164362.42688142887
628.2|1.0|0.76|0.0|-164441.87488118853|-164440.9541720948|-164440.0586879077|-164439.17581617396|-164438.24249462684
628.4|1.0|0.76|0.0|-164860.51638041477|-164859.34342225423|-164858.17046409365|-164856.99750593313|-164855.7993228659
628.6|1.0|0.76|0.0|-164721.7104645354|-164720.26003240136|-164718.796987814|-164717.35916813335|-164715.87089863935
628.8|1.0|0.76|0.0|-164727.13902473045|-164725.87777939654|-164724.61653406263|-164723.38051363538|-164722.10665584813
629.0|1.0|0.76|0.0|-164701.17842528905|-164700.11897920855|-164699.0721455814|-164698.0379244076|-164696.96586587376
629.2|1.0|0.76|0.0|-164762.74559997456|-164761.610479174|-164760.50058328017|-164759.3906873863|-164758.21772922578
629.4|1.0|0.76|0.0|-164659.91921220467|-164658.5444547907|-164657.1949222834|-164655.85800222945|-164654.47063236215
629.6|1.0|0.76|0.0|-164572.40694162526|-164571.0700215713|-164569.75832642402|-164568.4718561834|-164567.10971122276
629.8|1.0|0.76|0.0|-164538.42167959196|-164537.56403276493|-164536.71899839118|-164535.87396401746|-164534.99109228372
630.0|1.0|0.76|0.0|-164555.35364081193|-164554.10500793133|-164552.88159995744|-164551.6834168902|-164550.43478400965
630.2|1.0|0.76|0.0|-164054.03923548592|-164053.1311388455|-164052.2356546584|-164051.35278292466|-164050.41946137758
630.4|1.0|0.76|0.0|-164316.81688035702|-164315.7952716365|-164314.79888782272|-164313.7898915556|-164312.7682828351
630.6|1.0|0.76|0.0|-163876.79360825857|-163875.7341621781|-163874.72516591093|-163873.71616964383|-163872.63149865664
630.8|1.0|0.76|0.0|-164361.19462995938|-164360.17302123888|-164359.15141251843|-164358.15502870464|-164357.1208075308
631.0|1.0|0.76|0.0|-163859.0492990134|-163857.77544122614|-163856.52680834557|-163855.316012825|-163854.01693013107
631.2|1.0|0.76|0.0|-163979.13246725604|-163978.08563362889|-163977.07663736175|-163976.0676410946|-163975.00819501412
631.4|1.0|0.76|0.0|-164118.7523257211|-164117.74332945398|-164116.7469456402|-164115.78839918642|-164114.75417801258
631.6|1.0|0.76|0.0|-163754.498034099|-163753.1106642317|-163751.7611317244|-163750.4115992171|-163749.0242293498
631.8|1.0|0.76|0.0|-163854.8808526195|-163853.58176992557|-163852.30791213832|-163851.04666680438|-163849.7223592038
632.0|1.0|0.76|0.0|-164203.7917617955|-164202.90889006172|-164202.063855688|-164201.23143376762|-164200.33594958053
632.2|1.0|0.76|0.0|-164111.1710474487|-164110.0107017415|-164108.8503560343|-164107.71523523374|-164106.50443971317
632.4|1.0|0.76|0.0|-164188.93943473828|-164188.03133809785|-164187.13585391076|-164186.26559463036|-164185.33227308327
632.6|1.0|0.76|0.0|-164118.8365725763|-164117.66361441577|-164116.50326870856|-164115.36814790804|-164114.18257729415
632.8|1.0|0.76|0.0|-164320.69954977007|-164320.0689271031|-164319.43830443616|-164318.84551912922|-164318.17705910222
633.0|1.0|0.76|0.0|-164479.15330679563|-164478.1443105285|-164477.13531426134|-164476.15154290092|-164475.10470927376
633.2|1.0|0.76|0.0|-164378.0473028603|-164377.00046923314|-164375.97886051264|-164374.9698642455|-164373.91041816503
633.4|1.0|0.76|0.0|-164421.5682191238|-164421.06372099023|-164420.58444776337|-164420.1177869898|-164419.6006764029
633.6|1.0|0.76|0.0|-164576.2473468759|-164575.1500634354|-164574.07800490156|-164573.0311712744|-164571.9338878339
633.8|1.0|0.76|0.0|-164441.1255876044|-164439.88956717716|-164438.62832184322|-164437.39230141597|-164436.11844362871
634.0|1.0|0.76|0.0|-164099.83702280687|-164098.4874902996|-164097.16318269895|-164095.85148755167|-164094.4767301377
634.2|1.0|0.76|0.0|-164231.98130354218|-164231.04798199507|-164230.16511026133|-164229.28223852755|-164228.34891698047
634.4|1.0|0.76|0.0|-164053.76733785908|-164053.11149028546|-164052.4808676185|-164051.85024495155|-164051.18178492456
634.6|1.0|0.76|0.0|-164164.2272042039|-164163.25604529682|-164162.31011129636|-164161.40201465593|-164160.43085574883
634.8|1.0|0.76|0.0|-163852.9644682455|-163851.75367272494|-163850.56810211105|-163849.3951439505|-163848.18434842996
635.0|1.0|0.76|0.0|-163741.97931810934|-163740.91987202884|-163739.88565085502|-163738.8766545879|-163737.7919836007
635.2|1.0|0.76|0.0|-163978.79580177114|-163977.26969491708|-163975.7688129697|-163974.28054347567|-163972.767049075
635.4|1.0|0.76|0.0|-164240.2015096796|-164238.86458962568|-164237.52766957172|-164236.22858687778|-164234.86644191714
635.6|1.0|0.76|0.0|-164187.79070540634|-164186.52946007243|-164185.29343964515|-164184.05741921795|-164182.796173884
635.8|1.0|0.76|0.0|-164062.99047961482|-164061.48959766747|-164060.02655308013|-164058.56350849278|-164057.05001409206
636.0|1.0|0.76|0.0|-164336.81945406247|-164335.72217062194|-164334.63749963476|-164333.56544110095|-164332.44293275377
636.2|1.0|0.76|0.0|-164414.62692214726|-164414.135036467|-164413.6809881468|-164413.2269398266|-164412.722441693
636.4|1.0|0.76|0.0|-164033.13620946545|-164031.62271506473|-164030.13444557073|-164028.67140098338|-164027.13268167598
636.6|1.0|0.76|0.0|-164306.827050627|-164305.55319283972|-164304.29194750582|-164303.04331462522|-164301.75684438465
636.8|1.0|0.76|0.0|-164611.54381690573|-164610.25734666514|-164608.99610133123|-164607.76008090397|-164606.4483857567
637.0|1.0|0.76|0.0|-164552.77171057404|-164551.0185795599|-164549.2780609991|-164547.57537979828|-164545.79702387744
637.2|1.0|0.76|0.0|-164435.47111711823|-164433.89456045083|-164432.33061623678|-164430.79189692938|-164429.1901153553
637.4|1.0|0.76|0.0|-164007.15261632454|-164006.4589313909|-164005.7526340039|-164005.09678643025|-164004.36526413658
637.6|1.0|0.76|0.0|-164141.67347666738|-164140.65186794687|-164139.64287167974|-164138.65910031926|-164137.61226669213
637.8|1.0|0.76|0.0|-163843.49149366535|-163841.75097510454|-163840.04829390376|-163838.34561270295|-163836.60509414214
638.0|1.0|0.76|0.0|-163882.68740204105|-163881.3126446271|-163879.96311211982|-163878.62619206583|-163877.2262097452
638.2|1.0|0.76|0.0|-164252.18381499438|-164251.13698136722|-164250.09014774006|-164249.0685390196|-164247.9838680324
638.4|1.0|0.76|0.0|-164016.6245963242|-164016.15793555064|-164015.71649968374|-164015.31290117692|-164014.84624040336
638.6|1.0|0.76|0.0|-164212.18129722335|-164211.24797567623|-164210.3398790358|-164209.45700730206|-164208.4984608483
638.8|1.0|0.76|0.0|-163848.4885927338|-163847.3282470266|-163846.15528886608|-163845.0075556122|-163843.79676009165
639.0|1.0|0.76|0.0|-164169.9648567836|-164168.86757334307|-164167.77028990258|-164166.6856189154|-164165.5631105682
639.2|1.0|0.76|0.0|-164105.0625237715|-164104.1292022244|-164103.221105584|-164102.3256213969|-164101.36707494315
639.4|1.0|0.76|0.0|-164273.81317033546|-164273.24560993523|-164272.66543708162|-164272.12310158802|-164271.51770382776
639.6|1.0|0.76|0.0|-164468.8647612264|-164467.74225287922|-164466.6449694387|-164465.5602984515|-164464.42517765102
639.8|1.0|0.76|0.0|-164230.71365975606|-164229.90646274234|-164229.0992657286|-164228.30468116826|-164227.47225924785
640.0|1.0|0.76|0.0|-164450.1638896483|-164449.45759226131|-164448.75129487435|-164448.08283484736|-164447.35131255368
640.2|1.0|0.76|0.0|-164502.76069838385|-164500.96973000964|-164499.20398654218|-164497.413018168|-164495.59682488715
640.4|1.0|0.76|0.0|-164493.81323393836|-164492.8294625779|-164491.8583036708|-164490.91236967035|-164489.9033734032
640.6|1.0|0.76|0.0|-164494.0589495903|-164493.22652766993|-164492.43194310955|-164491.6121336425|-164490.77971172213
640.8|1.0|0.76|0.0|-164313.28474430382|-164311.94782424986|-164310.6109041959|-164309.29920904862|-164307.92445163464
641.0|1.0|0.76|0.0|-164188.2944838862|-164187.0836883656|-164185.8855052984|-164184.7125471378|-164183.47652671058
641.2|1.0|0.76|0.0|-164094.25700500287|-164092.9453098556|-164091.64622716163|-164090.35975692107|-164089.01022441377
641.4|1.0|0.76|0.0|-164359.9131096867|-164358.80321379285|-164357.71854280567|-164356.6338718185|-164355.52397592465
641.6|1.0|0.76|0.0|-164168.02724458394|-164166.81644906336|-164165.65610335616|-164164.49575764895|-164163.29757458172
641.8|1.0|0.76|0.0|-164452.32747194273|-164451.65901191576|-164451.01577679545|-164450.3851541285|-164449.70408164815
642.0|1.0|0.76|0.0|-164044.36505623258|-164043.3434475121|-164042.33445124497|-164041.33806743118|-164040.2786213507
642.2|1.0|0.76|0.0|-164127.9603969649|-164126.87572597773|-164125.8162798972|-164124.78205872342|-164123.6847752829
642.4|1.0|0.76|0.0|-164023.51645805276|-164021.9525138387|-164020.4137945313|-164018.8750752239|-164017.28590610318
642.6|1.0|0.76|0.0|-164166.70871564728|-164165.5357574867|-164164.3754117795|-164163.25290343232|-164162.06733281843
642.8|1.0|0.76|0.0|-164048.9588512724|-164047.87418028523|-164046.8147342047|-164045.76790057754|-164044.67061713705
643.0|1.0|0.76|0.0|-164306.2528993923|-164305.2943529385|-164304.3610313914|-164303.42770984434|-164302.4565509372
643.2|1.0|0.76|0.0|-164037.78389865783|-164036.23256689712|-164034.69384758975|-164033.16774073572|-164031.60379652164
643.4|1.0|0.76|0.0|-164565.45110901046|-164564.42950029|-164563.42050402286|-164562.42412020903|-164561.37728658188
643.6|1.0|0.76|0.0|-164266.5815244048|-164265.63559040436|-164264.7148813106|-164263.8193971235|-164262.8482382164
643.8|1.0|0.76|0.0|-164457.95542975373|-164457.14823274|-164456.35364817962|-164455.58428852595|-164454.75186660557
644.0|1.0|0.76|0.0|-164387.84141336585|-164386.5675555786|-164385.3063102447|-164384.04506491075|-164382.7712071235
644.2|1.0|0.76|0.0|-164526.12448260706|-164524.93891199317|-164523.77856628597|-164522.61822057876|-164521.4074250582
644.4|1.0|0.76|0.0|-164336.03221406197|-164335.12411742154|-164334.2160207811|-164333.3457615007|-164332.39982750028
644.6|1.0|0.76|0.0|-164330.259496166|-164328.89735120535|-164327.5604311514|-164326.2487360041|-164324.88659104347
644.8|1.0|0.76|0.0|-164373.2902735558|-164372.26866483534|-164371.28489347486|-164370.3011221144|-164369.2669009406
645.0|1.0|0.76|0.0|-164178.68011853177|-164177.6585098113|-164176.6621259975|-164175.69096709037|-164174.65674591655
645.2|1.0|0.76|0.0|-164077.89227493474|-164076.65625450748|-164075.42023408023|-164074.2094385597|-164072.94819322575
645.4|1.0|0.76|0.0|-164178.53130713385|-164177.43402369335|-164176.3619651595|-164175.31513153235|-164174.21784809185
645.6|1.0|0.76|0.0|-164250.46012852737|-164248.95924658002|-164247.49620199268|-164246.03315740533|-164244.5196630046
645.8|1.0|0.76|0.0|-163900.78861289227|-163900.12015286527|-163899.46430529165|-163898.82107017134|-163898.12738523766
646.0|1.0|0.76|0.0|-164334.56217974535|-164333.7802076383|-164333.0108479846|-164332.2667132376|-164331.4595162239
646.2|1.0|0.76|0.0|-164230.7230621148|-164229.39875451417|-164228.0996718202|-164226.82581403296|-164225.50150643234
646.4|1.0|0.76|0.0|-164178.36674145726|-164177.55954444356|-164176.7649598832|-164175.98298777617|-164175.16317830913
646.6|1.0|0.76|0.0|-164157.5290812803|-164156.35612311977|-164155.23361477256|-164154.09849397204|-164152.93814826483
646.8|1.0|0.76|0.0|-164402.09154629015|-164401.27173682308|-164400.4771522627|-164399.6951801557|-164398.86275823528
647.0|1.0|0.76|0.0|-164304.04543883578|-164302.88509312857|-164301.7373598747|-164300.6022390742|-164299.41666846027
647.2|1.0|0.76|0.0|-164218.125368227|-164217.2172715866|-164216.28395003948|-164215.3884658524|-164214.44253185194
647.4|1.0|0.76|0.0|-163984.72235492687|-163983.62507148637|-163982.54040049922|-163981.46834196534|-163980.34583361816
647.6|1.0|0.76|0.0|-164367.3864249455|-164366.2260792383|-164365.09095843777|-164363.96845009056|-164362.79549193004
647.8|1.0|0.76|0.0|-164185.43583050813|-164184.47728405433|-164183.55657496056|-164182.66109077347|-164181.68993186636
648.0|1.0|0.76|0.0|-163847.13199459045|-163846.00948624325|-163844.92481525606|-163843.84014426888|-163842.69241101504
648.2|1.0|0.76|0.0|-164317.53866678302|-164316.6936324093|-164315.86121048892|-164315.04140102185|-164314.1837541948
648.4|1.0|0.76|0.0|-164258.52499760885|-164257.78086286184|-164257.0241156615|-164256.30520582115|-164255.5106212608
648.6|1.0|0.76|0.0|-164807.8240675616|-164806.99164564122|-164806.1592237208|-164805.3520267071|-164804.49437988002
648.8|1.0|0.76|0.0|-164653.0818775428|-164652.3125178891|-164651.55577068875|-164650.82424839507|-164650.01705138135
649.0|1.0|0.76|0.0|-164229.9845178256|-164229.64398158545|-164229.34128270528|-164229.03858382514|-164228.68543513163
649.2|1.0|0.76|0.0|-164747.77648322773|-164747.10802320077|-164746.4521756271|-164745.78371560015|-164745.07741821316
649.4|1.0|0.76|0.0|-164386.4948258704|-164385.63717904332|-164384.8173695763|-164383.99756010924|-164383.13991328218
649.6|1.0|0.76|0.0|-164218.4981422985|-164217.6152705647|-164216.770236191|-164215.92520181727|-164215.01710517684
649.8|1.0|0.76|0.0|-164412.45878300627|-164411.13447540565|-164409.7975553517|-164408.5236975644|-164407.1741650571
650.0|1.0|0.76|0.0|-164297.64012950665|-164296.37888417274|-164295.09241393214|-164293.8563935049|-164292.5699232643
650.2|1.0|0.76|0.0|-164526.15360118213|-164524.3752452613|-164522.6347267005|-164520.91943304634|-164519.15368957884
650.4|1.0|0.76|0.0|-164299.05909444694|-164298.0248732731|-164297.01587700596|-164296.04471809883|-164294.9978844717
650.6|1.0|0.76|0.0|-164321.60305305652|-164320.24090809588|-164318.87876313523|-164317.5418430813|-164316.15447321397
650.8|1.0|0.76|0.0|-164218.53690655378|-164217.59097255336|-164216.6702634596|-164215.77477927253|-164214.81623281873
651.0|1.0|0.76|0.0|-164147.5057883682|-164146.18148076758|-164144.8697856203|-164143.55809047303|-164142.20855796573
651.2|1.0|0.76|0.0|-164410.2813725102|-164409.15886416298|-164408.0363558158|-164406.9516848286|-164405.80395157475
651.4|1.0|0.76|0.0|-164003.25591301275|-164001.7298061587|-164000.20369930463|-163998.69020490395|-163997.12626068987
651.6|1.0|0.76|0.0|-164014.146200354|-164013.1119791802|-164012.09037045974|-164011.0813741926|-164010.00931565874
651.8|1.0|0.76|0.0|-164025.1064223058|-164023.7568897985|-164022.41996974454|-164021.08304969058|-164019.6956798233
652.0|1.0|0.76|0.0|-164002.32833157518|-164001.3067228547|-164000.32295149425|-163999.36440504043|-163998.35540877332
652.2|1.0|0.76|0.0|-163925.25402185094|-163924.1441259571|-163923.02161760992|-163921.94955907608|-163920.8018258222
652.4|1.0|0.76|0.0|-164269.87985691856|-164268.69428630467|-164267.50871569078|-164266.36098243692|-164265.15018691635
652.6|1.0|0.76|0.0|-164340.94194176752|-164339.6554715269|-164338.3690012863|-164337.1077559524|-164335.79606080512
652.8|1.0|0.76|0.0|-164203.43706474025|-164202.15059449966|-164200.85151180573|-164199.60287892513|-164198.2659588712
653.0|1.0|0.76|0.0|-164115.05288958733|-164113.65290726666|-164112.2781498527|-164110.91600489206|-164109.49079766474
653.2|1.0|0.76|0.0|-164113.30427190303|-164111.7151027823|-164110.1385461149|-164108.58721435416|-164106.97282032677
653.4|1.0|0.76|0.0|-164365.39016584796|-164364.11630806068|-164362.86767518014|-164361.63165475288|-164360.31995960558
653.6|1.0|0.76|0.0|-164159.53383576483|-164158.58790176435|-164157.66719267063|-164156.74648357686|-164155.81316202978
653.8|1.0|0.76|0.0|-164086.49199247744|-164085.53344602368|-164084.5748995699|-164083.6415780228|-164082.63258175566
654.0|1.0|0.76|0.0|-164067.0311445261|-164065.82034900552|-164064.60955348494|-164063.43659532443|-164062.20057489717
654.2|1.0|0.76|0.0|-164405.120568737|-164404.0863475632|-164403.08996374937|-164402.09357993558|-164401.04674630842
654.4|1.0|0.76|0.0|-164283.15785118012|-164282.4137164331|-164281.69480659274|-164281.0011216591|-164280.2317620054
654.6|1.0|0.76|0.0|-164117.1275154227|-164116.2194187823|-164115.32393459522|-164114.44106286147|-164113.49512886102
654.8|1.0|0.76|0.0|-163689.37616042333|-163688.49328868958|-163687.63564186252|-163686.7906074888|-163685.8951233017
655.0|1.0|0.76|0.0|-163736.15338012957|-163735.30834575585|-163734.47592383545|-163733.66872682175|-163732.81107999466
655.2|1.0|0.76|0.0|-164339.0917120106|-164338.2592900902|-164337.4520930765|-164336.67012096947|-164335.81247414238
655.4|1.0|0.76|0.0|-164412.1340103308|-164410.9484397169|-164409.77548155634|-164408.6277483025|-164407.4043403286
655.6|1.0|0.76|0.0|-164311.5388386343|-164310.30281820704|-164309.11724759315|-164307.91906452595|-164306.67043164535
655.8|1.0|0.76|0.0|-164457.1874497955|-164455.91359200823|-164454.6649591277|-164453.42893870044|-164452.14246845985
656.0|1.0|0.76|0.0|-164472.34442450572|-164471.47416522529|-164470.61651839822|-164469.78409647784|-164468.88861229076
656.2|1.0|0.76|0.0|-164627.3322497119|-164626.3484783515|-164625.37731944435|-164624.41877299055|-164623.42238917676
656.4|1.0|0.76|0.0|-164627.49764037487|-164626.86701770793|-164626.24900749433|-164625.66883464073|-164625.0255995204
656.6|1.0|0.76|0.0|-164336.71211601573|-164336.10671825544|-164335.55177030852|-164334.98420990823|-164334.36619969463
656.8|1.0|0.76|0.0|-164234.3787103152|-164233.43277631476|-164232.474229861|-164231.55352076725|-164230.5823618601
657.0|1.0|0.76|0.0|-164222.1824679362|-164221.00950977564|-164219.86177652178|-164218.70143081457|-164217.5158602007
657.2|1.0|0.76|0.0|-164160.82181211832|-164159.76236603782|-164158.70291995734|-164157.68131123687|-164156.58402779634
657.4|1.0|0.76|0.0|-164195.6103892908|-164194.36175641025|-164193.13834843633|-164191.92755291576|-164190.66630758182
657.6|1.0|0.76|0.0|-163834.0635188232|-163832.903173116|-163831.76805231548|-163830.65815642165|-163829.48519826107
657.8|1.0|0.76|0.0|-164174.403148445|-164173.19235292444|-164171.9815574039|-164170.77076188332|-164169.52212900273
658.0|1.0|0.76|0.0|-163963.0499602138|-163961.78871487986|-163960.52746954595|-163959.30406157204|-163958.01759133145
658.2|1.0|0.76|0.0|-163724.68576014013|-163723.75243859302|-163722.85695440593|-163721.97408267218|-163721.02814867173
658.4|1.0|0.76|0.0|-164008.8863030926|-164007.78901965212|-164006.742186025|-164005.68273994446|-164004.57284405062
658.6|1.0|0.76|0.0|-163840.6002036882|-163839.38940816766|-163838.20383755374|-163837.05610429987|-163835.8453087793
658.8|1.0|0.76|0.0|-164051.56812268705|-164050.18075281972|-164048.81860785908|-164047.45646289847|-164046.05648057783
659.0|1.0|0.76|0.0|-164488.81665505085|-164487.68153425033|-164486.54641344977|-164485.43651755594|-164484.27617184873
659.2|1.0|0.76|0.0|-164308.69224643416|-164308.02378640717|-164307.39316374023|-164306.80037843328|-164306.1319184063
659.4|1.0|0.76|0.0|-164346.30814771002|-164345.564012963|-164344.80726576265|-164344.08835592231|-164343.3063838153
659.6|1.0|0.76|0.0|-164206.4144487807|-164205.8342759271|-164205.2541030735|-164204.69915512658|-164204.0937573663
659.8|1.0|0.76|0.0|-164313.20144560162|-164312.12938706778|-164311.08255344062|-164310.0483322668|-164308.96366127965
660.0|1.0|0.76|0.0|-164174.29825567876|-164173.42799639836|-164172.55773711792|-164171.7127027442|-164170.80460610375
660.2|1.0|0.76|0.0|-164133.4639845141|-164132.53066296698|-164131.60995387324|-164130.71446968615|-164129.78114813904
660.4|1.0|0.76|0.0|-164211.15803960522|-164210.59047920496|-164210.03553125804|-164209.50580821777|-164208.91302291086
660.6|1.0|0.76|0.0|-164066.2643779998|-164065.60853042614|-164064.9779077592|-164064.3725099989|-164063.6914375186
660.8|1.0|0.76|0.0|-164197.3643619753|-164196.63283968164|-164195.9517672013|-164195.29591962768|-164194.57700978735
661.0|1.0|0.76|0.0|-164146.37221312485|-164145.07313043094|-164143.79927264366|-164142.53802730975|-164141.22633216245
661.2|1.0|0.76|0.0|-164130.17887247022|-164129.34645054987|-164128.53925353615|-164127.7572814291|-164126.92485950873
661.4|1.0|0.76|0.0|-163826.17999641426|-163825.44847412058|-163824.75478918693|-163824.06110425328|-163823.3295819596
661.6|1.0|0.76|0.0|-164260.40533246615|-164259.30804902565|-164258.24860294515|-164257.18915686462|-164256.0792609708
661.8|1.0|0.76|0.0|-163992.32589030403|-163991.24121931684|-163990.18177323634|-163989.13493960918|-163988.02504371534
662.0|1.0|0.76|0.0|-164084.91003228934|-164083.9640982889|-164083.05600164848|-164082.1983548214|-164081.23980836762
662.2|1.0|0.76|0.0|-164014.35714060976|-164013.61300586278|-164012.8814835691|-164012.1751861821|-164011.41843898172
662.4|1.0|0.76|0.0|-164089.75881875338|-164089.07774627308|-164088.43451115274|-164087.79127603245|-164087.08497864546
662.6|1.0|0.76|0.0|-164325.43822720778|-164324.6436426474|-164323.849058087|-164323.07969843334|-164322.25988896628
662.8|1.0|0.76|0.0|-164234.53780182506|-164233.90717915812|-164233.30178139784|-164232.72160854423|-164232.07837342392
663.0|1.0|0.76|0.0|-164011.9677613271|-164011.00921487334|-164010.07589332623|-164009.15518423246|-164008.171412872
663.2|1.0|0.76|0.0|-163916.46407391963|-163915.66948935925|-163914.90012970555|-163914.14338250522|-163913.3361854915
663.4|1.0|0.76|0.0|-164185.7476983968|-164184.6251900496|-164183.54051906243|-164182.48107298193|-164181.34595218144
663.6|1.0|0.76|0.0|-163755.91528859647|-163755.38556555624|-163754.8684549693|-163754.3513443824|-163753.78378398213
663.8|1.0|0.76|0.0|-164289.49773956515|-164288.29955649795|-164287.10137343072|-164285.92841527017|-164284.70500729626
664.0|1.0|0.76|0.0|-164385.2321691313|-164384.07182342408|-164382.92409017024|-164381.80158182303|-164380.61601120915
664.2|1.0|0.76|0.0|-164079.45585037544|-164078.8378401618|-164078.2198299482|-164077.6396570946|-164076.9964219743
664.4|1.0|0.76|0.0|-164386.3417239732|-164385.48407714613|-164384.62643031907|-164383.81923330537|-164382.91113666492
664.6|1.0|0.76|0.0|-164400.6608181215|-164400.03019545454|-164399.41218524092|-164398.81939993397|-164398.1761648137
664.8|1.0|0.76|0.0|-164675.5684797353|-164674.78650762825|-164674.0045355212|-164673.24778832088|-164672.44059130715
665.0|1.0|0.76|0.0|-164402.22006790072|-164401.40025843368|-164400.59306141996|-164399.81108931292|-164398.9660549392
665.2|1.0|0.76|0.0|-164266.69788466443|-164265.2348400771|-164263.77179548974|-164262.34658826242|-164260.87093122173
665.4|1.0|0.76|0.0|-164698.7020086184|-164697.81913688465|-164696.96149005758|-164696.10384323052|-164695.22097149678
665.6|1.0|0.76|0.0|-164425.61716891776|-164424.44421075724|-164423.28386505003|-164422.14874424948|-164420.95056118228
665.8|1.0|0.76|0.0|-164472.15712173947|-164471.22380019238|-164470.29047864527|-164469.40760691153|-164468.44906045773
666.0|1.0|0.76|0.0|-164480.14499239414|-164478.85852215355|-164477.5846643663|-164476.3234190324|-164474.9864989784
666.2|1.0|0.76|0.0|-164133.21423839245|-164132.34397911205|-164131.486332285|-164130.6286854579|-164129.74581372415
666.4|1.0|0.76|0.0|-164418.46203593985|-164417.51610193937|-164416.5827803923|-164415.67468375186|-164414.71613729806
666.6|1.0|0.76|0.0|-164065.25414099885|-164063.9172209449|-164062.58030089096|-164061.26860574365|-164059.90646078304
666.8|1.0|0.76|0.0|-164268.90289565403|-164267.8938993869|-164266.88490311976|-164265.88851930597|-164264.8416856788
667.0|1.0|0.76|0.0|-164553.19993495152|-164552.40535039114|-164551.66121564413|-164550.9170808971|-164550.12249633673
667.2|1.0|0.76|0.0|-164517.67065389495|-164516.74994480118|-164515.8544606141|-164514.97158888038|-164514.03826733326
667.4|1.0|0.76|0.0|-164211.4370109658|-164210.41540224533|-164209.43163088488|-164208.43524707106|-164207.40102589724
667.6|1.0|0.76|0.0|-164347.7830653848|-164346.57226986426|-164345.38669925038|-164344.22635354317|-164342.99033311591
667.8|1.0|0.76|0.0|-164418.28177905804|-164416.7808971107|-164415.30524007|-164413.854807936|-164412.3413135353
668.0|1.0|0.76|0.0|-164412.94685996047|-164411.30724102637|-164409.69284699895|-164408.09106542487|-164406.43883403743
668.2|1.0|0.76|0.0|-164287.58669659085|-164286.514638057|-164285.46780442985|-164284.43358325606|-164283.34891226888
668.4|1.0|0.76|0.0|-164749.7070497541|-164749.05120218048|-164748.4458044202|-164747.84040665993|-164747.1971715396
668.6|1.0|0.76|0.0|-164654.5587017631|-164652.93169528234|-164651.30468880158|-164649.69029477416|-164648.02545093338
668.8|1.0|0.76|0.0|-164332.6800270168|-164331.1791450694|-164329.69087557538|-164328.22783098803|-164326.70172413398
669.0|1.0|0.76|0.0|-164372.53222628703|-164371.5232300199|-164370.55207111276|-164369.593524659|-164368.57191593852
669.2|1.0|0.76|0.0|-164419.11001646874|-164418.36588172175|-164417.63435942808|-164416.90283713437|-164416.14608993402
669.4|1.0|0.76|0.0|-164696.85411306666|-164695.9964662396|-164695.15143186587|-164694.31900994547|-164693.43613821172
669.6|1.0|0.76|0.0|-164774.40710340222|-164773.01973353492|-164771.64497612094|-164770.2828311603|-164768.8702363863
669.8|1.0|0.76|0.0|-164599.24869031075|-164598.50455556376|-164597.76042081675|-164597.05412342976|-164596.28476377606
670.0|1.0|0.76|0.0|-164564.70855345757|-164563.19505905683|-164561.66895220277|-164560.1680702554|-164558.60412604135
670.2|1.0|0.76|0.0|-164361.64056212085|-164360.49282886696|-164359.3450956131|-164358.2225872659|-164357.06224155868
670.4|1.0|0.76|0.0|-164628.47059977357|-164626.99494273288|-164625.5571230522|-164624.11930337155|-164622.63103387752
670.6|1.0|0.76|0.0|-164494.0344596309|-164492.98762600374|-164491.94079237658|-164490.93179610948|-164489.8471251223
670.8|1.0|0.76|0.0|-164718.9743234708|-164718.16712645706|-164717.3725418967|-164716.61579469638|-164715.78337277597
671.0|1.0|0.76|0.0|-164509.03999225466|-164508.1823454276|-164507.3499235072|-164506.51750158682|-164505.65985475975
671.2|1.0|0.76|0.0|-164698.88234124845|-164698.04991932804|-164697.230109861|-164696.42291284728|-164695.56526602022
671.4|1.0|0.76|0.0|-164551.72963957506|-164550.79631802798|-164549.8756089342|-164548.98012474712|-164548.02157829335
671.6|1.0|0.76|0.0|-164579.04772708585|-164578.2279176188|-164577.43333305843|-164576.63874849805|-164575.818939031
671.8|1.0|0.76|0.0|-164325.05773030937|-164323.8090974288|-164322.62352681492|-164321.43795620103|-164320.20193577377
672.0|1.0|0.76|0.0|-164400.44236391786|-164399.30724311734|-164398.19734722347|-164397.0874513296|-164395.9523305291
672.2|1.0|0.76|0.0|-164406.19168927995|-164405.636741333|-164405.11963074614|-164404.62774506587|-164404.07279711898
672.4|1.0|0.76|0.0|-164377.1325967864|-164376.02270089256|-164374.92541745203|-164373.85335891822|-164372.71823811767
672.6|1.0|0.76|0.0|-164406.33935403128|-164404.88892189725|-164403.4258773099|-164402.01328253592|-164400.5250130419
672.8|1.0|0.76|0.0|-164492.61241495938|-164491.50251906554|-164490.40523562502|-164489.32056463783|-164488.17283138397
673.0|1.0|0.76|0.0|-164379.2012345332|-164377.99043901262|-164376.77964349205|-164375.58146042482|-164374.35805245093
673.2|1.0|0.76|0.0|-164192.13889953008|-164190.58756776934|-164189.06146091528|-164187.56057896794|-164185.9966347539
673.4|1.0|0.76|0.0|-164523.23434842355|-164522.3514766898|-164521.46860495606|-164520.610958129|-164519.70286148856
673.6|1.0|0.76|0.0|-164163.43832179674|-164162.58067496968|-164161.73564059596|-164160.92844358223|-164160.05818430186
673.8|1.0|0.76|0.0|-164129.4855974076|-164128.6910128472|-164127.92165319354|-164127.1775184465|-164126.3703214328
674.0|1.0|0.76|0.0|-164048.85386416738|-164048.1475667804|-164047.46649430005|-164046.78542181975|-164046.0665119794
674.2|1.0|0.76|0.0|-164039.99993616305|-164038.71346592245|-164037.41438322852|-164036.1783628013|-164034.85405520067
674.4|1.0|0.76|0.0|-164062.92937633372|-164061.39065702635|-164059.889775079|-164058.38889313163|-164056.85017382423
674.6|1.0|0.76|0.0|-164243.9164442533|-164242.36511249255|-164240.82639318518|-164239.30028633116|-164237.73634211707
674.8|1.0|0.76|0.0|-164178.55035826686|-164177.88189823987|-164177.20082575953|-164176.5449781859|-164175.85129325223
675.0|1.0|0.76|0.0|-164147.15796190556|-164146.01022865166|-164144.88772030448|-164143.790436864|-164142.63009115678
675.2|1.0|0.76|0.0|-164099.1549644965|-164098.27209276275|-164097.4144459357|-164096.5820240153|-164095.66131492154
675.4|1.0|0.76|0.0|-164290.25555532333|-164289.22133414948|-164288.18711297566|-164287.17811670853|-164286.11867062803
675.6|1.0|0.76|0.0|-164211.0245126629|-164210.00290394243|-164208.9939076753|-164207.9975238615|-164206.96330268768
675.8|1.0|0.76|0.0|-164324.0010316751|-164323.06771012803|-164322.17222594094|-164321.27674175386|-164320.3308077534
676.0|1.0|0.76|0.0|-163912.01546261727|-163910.9055667234|-163909.79567082954|-163908.72361229573|-163907.58849149515
676.2|1.0|0.76|0.0|-164063.84224622813|-164062.15217748066|-164060.46210873322|-164058.8098773458|-164057.09458369165
676.4|1.0|0.76|0.0|-164247.10873531044|-164246.06190168328|-164245.04029296277|-164244.04390914898|-164242.98446306848
676.6|1.0|0.76|0.0|-164044.61001132286|-164044.130738096|-164043.66407732244|-164043.21002900225|-164042.70553086867
676.8|1.0|0.76|0.0|-164070.08044337647|-164069.4498207095|-164068.81919804256|-164068.21380028225|-164067.57056516196
677.0|1.0|0.76|0.0|-164125.38955222102|-164124.645417474|-164123.95173254033|-164123.25804760668|-164122.50130040632
677.2|1.0|0.76|0.0|-164219.78712830253|-164218.53849542193|-164217.30247499468|-164216.06645456745|-164214.77998432683
677.4|1.0|0.76|0.0|-164211.88404214926|-164210.87504588213|-164209.8786620683|-164208.88227825452|-164207.8480570807
677.6|1.0|0.76|0.0|-164302.72351896117|-164301.4748860806|-164300.27670301337|-164299.0659074928|-164297.82988706554
677.8|1.0|0.76|0.0|-164494.33166632697|-164492.76772211288|-164491.20377789886|-164489.65244613812|-164488.0380521107
678.0|1.0|0.76|0.0|-164119.7463491035|-164118.4977162229|-164117.26169579566|-164116.0509002751|-164114.7644300345
678.2|1.0|0.76|0.0|-164103.4607341714|-164102.26255110416|-164101.08959294364|-164099.91663478306|-164098.71845171586
678.4|1.0|0.76|0.0|-164097.90122226783|-164096.23637842704|-164094.58414703963|-164092.95714055886|-164091.27968426474
678.6|1.0|0.76|0.0|-164123.227028573|-164121.86488361235|-164120.5027386517|-164119.19104350443|-164117.8036736371
678.8|1.0|0.76|0.0|-164035.79917881117|-164034.43703385053|-164033.0748888899|-164031.7253563826|-164030.32537406197
679.0|1.0|0.76|0.0|-163988.1713899242|-163986.8596947769|-163985.5732245363|-163984.2867542957|-163982.94983424176
679.2|1.0|0.76|0.0|-163826.26302406323|-163825.12790326268|-163824.0053949155|-163822.908111475|-163821.7603782211
679.4|1.0|0.76|0.0|-164256.5839708688|-164255.7893863084|-164255.00741420136|-164254.23805454766|-164253.41824508063
679.6|1.0|0.76|0.0|-164012.15462515483|-164011.2086911544|-164010.27536960732|-164009.35466051355|-164008.39611405975
679.8|1.0|0.76|0.0|-163969.82723174844|-163968.95697246806|-163968.12455054765|-163967.29212862728|-163966.4092568935
680.0|1.0|0.76|0.0|-163841.51780661405|-163840.4079107202|-163839.32323973306|-163838.25118119922|-163837.12867285204
680.2|1.0|0.76|0.0|-164022.95009792713|-164021.51227824646|-164020.1122959258|-164018.71231360515|-164017.2744939245
680.4|1.0|0.76|0.0|-164024.57438984947|-164023.71674302238|-164022.85909619537|-164022.02667427494|-164021.1438025412
680.6|1.0|0.76|0.0|-163994.01858860644|-163993.08526705936|-163992.15194551228|-163991.24384887185|-163990.26007751137
680.8|1.0|0.76|0.0|-163990.62293613274|-163989.2860160788|-163987.98693338485|-163986.67523823757|-163985.3257057303
681.0|1.0|0.76|0.0|-164195.1320428176|-164193.89602239034|-164192.67261441643|-164191.4744313492|-164190.23841092197
681.2|1.0|0.76|0.0|-163722.97395081876|-163721.53613113807|-163720.0983114574|-163718.67310423008|-163717.22267209605
681.4|1.0|0.76|0.0|-163828.71459628083|-163827.566863027|-163826.43174222644|-163825.30923387926|-163824.1362757187
681.6|1.0|0.76|0.0|-163898.15191152456|-163896.46184277712|-163894.79699893633|-163893.15738000223|-163891.4673112548
681.8|1.0|0.76|0.0|-163800.68401661664|-163799.7759199762|-163798.9056606958|-163798.02278896206|-163797.11469232163
682.0|1.0|0.76|0.0|-163607.91379510687|-163607.00569846644|-163606.097601826|-163605.20211763892|-163604.28140854518
682.2|1.0|0.76|0.0|-163749.2575515686|-163748.39990474153|-163747.56748282112|-163746.7602858074|-163745.87741407368
682.4|1.0|0.76|0.0|-163920.6515504592|-163919.65516664542|-163918.69662019165|-163917.73807373786|-163916.74168992406
682.6|1.0|0.76|0.0|-163819.61748733302|-163818.86074013263|-163818.1039929323|-163817.37247063863|-163816.57788607824
682.8|1.0|0.76|0.0|-164153.5643810981|-164152.4040353909|-164151.26891459036|-164150.15901869652|-164148.9986729893
683.0|1.0|0.76|0.0|-163934.86444019616|-163933.69148203562|-163932.54374878173|-163931.4338528879|-163930.27350718068
683.2|1.0|0.76|0.0|-163996.5393370249|-163995.315929051|-163994.11774598376|-163992.94478782325|-163991.72137984933
683.4|1.0|0.76|0.0|-164083.9866385561|-164082.92719247562|-164081.89297130177|-164080.88397503464|-164079.82452895417
683.6|1.0|0.76|0.0|-164220.19963364207|-164219.341986815|-164218.50956489463|-164217.7023678809|-164216.81949614716
683.8|1.0|0.76|0.0|-164319.2235880227|-164318.7190898891|-164318.23981666222|-164317.76054343532|-164317.23082039508
684.0|1.0|0.76|0.0|-164361.18424036977|-164360.30136863602|-164359.4563342623|-164358.6239123419|-164357.7284281548
684.2|1.0|0.76|0.0|-164533.89629218695|-164533.0386453599|-164532.19361098614|-164531.37380151913|-164530.5035422387
684.4|1.0|0.76|0.0|-164714.17756273432|-164712.7649679603|-164711.35237318632|-164709.97761577234|-164708.55240854502
684.6|1.0|0.76|0.0|-164722.4560820109|-164721.5858227305|-164720.74078835678|-164719.89575398306|-164719.00026979597
684.8|1.0|0.76|0.0|-164710.87417996005|-164709.66338443948|-164708.49042627894|-164707.33008057173|-164706.10667259782
685.0|1.0|0.76|0.0|-164686.04110442282|-164684.931208529|-164683.84653754183|-164682.78709146133|-164681.6519706608
685.2|1.0|0.76|0.0|-164396.39306016758|-164395.34622654042|-164394.32461781992|-164393.30300909947|-164392.2561754723
685.4|1.0|0.76|0.0|-164307.46196994308|-164306.94485935615|-164306.45297367594|-164305.97370044905|-164305.4439774088
685.6|1.0|0.76|0.0|-164293.50650023608|-164292.9137149291|-164292.35876698222|-164291.8038190353|-164291.198421275
685.8|1.0|0.76|0.0|-164137.89405093688|-164136.44361880288|-164134.98057421553|-164133.55536698818|-164132.07970994752
686.0|1.0|0.76|0.0|-164016.66031380804|-164015.22249412737|-164013.79728690002|-164012.38469212604|-164010.93425999203
686.2|1.0|0.76|0.0|-164079.34478715705|-164078.67632713006|-164078.0078671031|-164077.35201952947|-164076.64572214245
686.4|1.0|0.76|0.0|-164181.15562073473|-164179.65473878736|-164178.16646929333|-164176.70342470598|-164175.17731785192
686.6|1.0|0.76|0.0|-164109.01394243987|-164108.38331977293|-164107.77792201264|-164107.19774915904|-164106.54190158538
686.8|1.0|0.76|0.0|-164036.290536486|-164035.25631531214|-164034.2347065917|-164033.22571032456|-164032.16626424406
687.0|1.0|0.76|0.0|-164028.76489638197|-164027.23878952794|-164025.73790758054|-164024.26225053988|-164022.71091877914
687.2|1.0|0.76|0.0|-164031.33783686315|-164029.6856054757|-164028.04598654163|-164026.4568174209|-164024.76674867346
687.4|1.0|0.76|0.0|-163805.13306812308|-163803.6574110824|-163802.21959140172|-163800.76915926771|-163799.29350222702
687.6|1.0|0.76|0.0|-163867.32489780438|-163866.3411264439|-163865.38257999017|-163864.4366459897|-163863.42764972258
687.8|1.0|0.76|0.0|-164041.2873218967|-164039.9882392028|-164038.70176896217|-164037.42791117492|-164036.09099112093
688.0|1.0|0.76|0.0|-163705.72094475612|-163704.9263601957|-163704.1443880887|-163703.38764088834|-163702.5678314213
688.2|1.0|0.76|0.0|-163602.55776688727|-163601.64967024684|-163600.7289611531|-163599.833476966|-163598.88754296556
688.4|1.0|0.76|0.0|-163782.84206992987|-163782.1105476362|-163781.42947515586|-163780.74840267556|-163780.00426792854
688.6|1.0|0.76|0.0|-163816.91602430126|-163815.68000387403|-163814.45659590015|-163813.25841283292|-163811.99716749898
688.8|1.0|0.76|0.0|-163751.6291803022|-163750.6201840351|-163749.62380022128|-163748.65264131417|-163747.605807687
689.0|1.0|0.76|0.0|-163773.47210590495|-163772.04689867762|-163770.6216914503|-163769.23432158298|-163767.78388944897
689.2|1.0|0.76|0.0|-163893.46698697424|-163892.86158921395|-163892.25619145366|-163891.66340614672|-163891.00755857307
689.4|1.0|0.76|0.0|-163930.44837419892|-163929.26280358504|-163928.10245787783|-163926.96733707728|-163925.75654155674
689.6|1.0|0.76|0.0|-163863.8188587963|-163862.97382442257|-163862.1540149555|-163861.35943039515|-163860.5017835681
689.8|1.0|0.76|0.0|-163961.1617736683|-163960.5689883614|-163959.97620305445|-163959.4086426542|-163958.77801998722
690.0|1.0|0.76|0.0|-164156.14331028843|-164155.53791252812|-164154.95773967452|-164154.40279172765|-164153.784781514
690.2|1.0|0.76|0.0|-164092.25109866977|-164091.2294899493|-164090.19526877548|-164089.1988849617|-164088.1394388812
690.4|1.0|0.76|0.0|-164048.12639632216|-164047.25613704175|-164046.42371512135|-164045.6039056543|-164044.7336463739
690.6|1.0|0.76|0.0|-164020.36800363002|-164019.5355817096|-164018.70315978926|-164017.89596277554|-164017.02570349514
690.8|1.0|0.76|0.0|-164174.4984364324|-164173.77952659206|-164173.07322920507|-164172.39215672476|-164171.64802197774
691.0|1.0|0.76|0.0|-164085.53822358325|-164084.52922731612|-164083.55806840898|-164082.58690950187|-164081.57791323477
691.2|1.0|0.76|0.0|-164067.20875343334|-164065.9348956461|-164064.67365031215|-164063.45024233827|-164062.1511596443
691.4|1.0|0.76|0.0|-164190.96514516647|-164190.25884777948|-164189.53993793915|-164188.85886545884|-164188.11473071182
691.6|1.0|0.76|0.0|-164036.63840002991|-164035.5789539494|-164034.5068954156|-164033.47267424178|-164032.37539080126
691.8|1.0|0.76|0.0|-164177.41878115918|-164176.19537318527|-164174.9845776647|-164173.7863945975|-164172.55037417024
692.0|1.0|0.76|0.0|-164121.2293158859|-164120.20770716542|-164119.1987108983|-164118.20232708447|-164117.1554934573
692.2|1.0|0.76|0.0|-164175.8816719628|-164174.2042156687|-164172.5393718279|-164170.88714044046|-164169.19707169302
692.4|1.0|0.76|0.0|-163627.76290478688|-163626.69084625307|-163625.6061752659|-163624.55934163873|-163623.4494457449
692.6|1.0|0.76|0.0|-163932.0125302528|-163930.80173473223|-163929.61616411834|-163928.4432059578|-163927.21979798388
692.8|1.0|0.76|0.0|-164021.0720898151|-164019.57120786776|-164018.08293837373|-164016.64511869304|-164015.119011839
693.0|1.0|0.76|0.0|-163965.38680437495|-163964.12555904104|-163962.87692616048|-163961.64090573322|-163960.36704794597
693.2|1.0|0.76|0.0|-163897.7588295701|-163896.44713442284|-163895.16066418224|-163893.91203130165|-163892.58772370103
693.4|1.0|0.76|0.0|-163953.84640956958|-163952.8248008491|-163951.81580458197|-163950.83203322152|-163949.7978120477
693.6|1.0|0.76|0.0|-163922.98356152108|-163921.99979016063|-163921.01601880015|-163920.05747234638|-163919.04847607925
693.8|1.0|0.76|0.0|-164287.91228643784|-164286.39879203713|-164284.9105225431|-164283.4222530491|-164281.858308835
694.0|1.0|0.76|0.0|-164005.73519791276|-164004.57485220552|-164003.46495631168|-164002.3676728712|-164001.20732716398
694.2|1.0|0.76|0.0|-164363.12974020492|-164362.0702941244|-164361.04868540395|-164360.02707668347|-164358.96763060297
694.4|1.0|0.76|0.0|-164487.139359248|-164485.99162599412|-164484.8565051936|-164483.73399684642|-164482.5484262325
694.6|1.0|0.76|0.0|-164364.9143134955|-164364.1323413885|-164363.36298173477|-164362.60623453444|-164361.8116499741
694.8|1.0|0.76|0.0|-164580.2267431392|-164579.10423479203|-164578.0069513515|-164576.92228036432|-164575.78715956383
695.0|1.0|0.76|0.0|-164693.09206240825|-164692.39837747457|-164691.71730499426|-164691.0488449673|-164690.32993512697
695.2|1.0|0.76|0.0|-164115.9115063034|-164114.70071078284|-164113.48991526227|-164112.29173219504|-164111.04309931447
695.4|1.0|0.76|0.0|-164570.04194277723|-164569.25997067022|-164568.4906110165|-164567.73386381616|-164566.93927925578
695.6|1.0|0.76|0.0|-164734.75006537512|-164733.57710721457|-164732.41676150737|-164731.2942531602|-164730.09607009296
695.8|1.0|0.76|0.0|-164429.17464347833|-164428.1404223045|-164427.11881358403|-164426.1098173169|-164425.06298368974
696.0|1.0|0.76|0.0|-164309.46290055767|-164308.69354090397|-164307.94940615696|-164307.21788386328|-164306.4485242096
696.2|1.0|0.76|0.0|-164188.55327023854|-164187.43076189136|-164186.33347845086|-164185.24880746368|-164184.11368666316
696.4|1.0|0.76|0.0|-164247.230414028|-164246.6124038144|-164246.0322309608|-164245.45205810716|-164244.79621053353
696.6|1.0|0.76|0.0|-163818.63442677446|-163817.89029202744|-163817.15876973377|-163816.45247234678|-163815.67050023974
696.8|1.0|0.76|0.0|-164021.6507535368|-164020.9696810565|-164020.28860857617|-164019.6453734559|-164018.9390760689
697.0|1.0|0.76|0.0|-164363.49826474788|-164362.23701941397|-164361.0009989867|-164359.76497855943|-164358.47850831886
697.2|1.0|0.76|0.0|-164204.8079414202|-164204.66920443345|-164204.5430799001|-164204.44218027336|-164204.27821837994
697.4|1.0|0.76|0.0|-164095.08126251187|-164093.55515565784|-164092.05427371047|-164090.57861666978|-164089.02728490907
697.6|1.0|0.76|0.0|-164217.37161008889|-164215.9968526749|-164214.6094828076|-164213.25995030027|-164211.84735552632
697.8|1.0|0.76|0.0|-164398.92166605222|-164397.5090712782|-164396.09647650423|-164394.70910663693|-164393.2838994096
698.0|1.0|0.76|0.0|-164287.45280344025|-164285.9771463996|-164284.52671426555|-164283.0888945849|-164281.60062509088
698.2|1.0|0.76|0.0|-164336.62329153746|-164335.84131943042|-164335.07195977675|-164334.32782502973|-164333.520628016
698.4|1.0|0.76|0.0|-163936.77950006237|-163935.87140342197|-163934.96330678154|-163934.06782259446|-163933.12188859403
698.6|1.0|0.76|0.0|-164332.63024656428|-164331.64647520383|-164330.67531629672|-164329.72938229627|-164328.7077735758
698.8|1.0|0.76|0.0|-163903.65165943213|-163902.75617524507|-163901.89852841798|-163901.0661064976|-163900.18323476386
699.0|1.0|0.76|0.0|-164144.5361882199|-164143.47674213944|-164142.4425209656|-164141.42091224514|-164140.3488537113
699.2|1.0|0.76|0.0|-164259.87994756812|-164258.7196018609|-164257.58448106042|-164256.47458516655|-164255.301627006
699.4|1.0|0.76|0.0|-163925.48030980656|-163925.21544828644|-163924.97581167298|-163924.76139996623|-163924.47131353943
699.6|1.0|0.76|0.0|-164105.36857207213|-164104.78839921852|-164104.24606372495|-164103.71634068468|-164103.12355537774
699.8|1.0|0.76|0.0|-164244.1005276848|-164242.86450725753|-164241.6663241903|-164240.48075357644|-164239.2195082425
700.0|1.0|0.76|0.0|-164139.3605292107|-164138.56594465033|-164137.77136008994|-164137.0146128896|-164136.1821909692
700.2|1.0|0.76|0.0|-164112.69456260127|-164111.3954799073|-164110.12162212006|-164108.86037678615|-164107.54868163887
700.4|1.0|0.76|0.0|-163909.84449642702|-163908.38145183967|-163906.95624461235|-163905.54364983834|-163904.09321770433
700.6|1.0|0.76|0.0|-163956.10682941505|-163954.82035917442|-163953.54650138717|-163952.27264359992|-163950.96094845264
700.8|1.0|0.76|0.0|-163804.93396369123|-163803.77361798403|-163802.6637220902|-163801.55382619635|-163800.40609294246
701.0|1.0|0.76|0.0|-164137.5865543757|-164136.35053394845|-164135.12712597454|-164133.916330454|-164132.65508512006
701.2|1.0|0.76|0.0|-163961.2013944268|-163960.09149853297|-163958.9816026391|-163957.92215655863|-163956.78703575808
701.4|1.0|0.76|0.0|-163848.16177337815|-163846.97620276426|-163845.84108196374|-163844.71857361656|-163843.52039054933
701.6|1.0|0.76|0.0|-163922.0413621206|-163920.60354243996|-163919.1783352126|-163917.76574043863|-163916.30269585128
701.8|1.0|0.76|0.0|-164367.3924088619|-164365.96720163457|-164364.5672193139|-164363.1798494466|-164361.72941731257
702.0|1.0|0.76|0.0|-164300.84907637464|-164299.68873066743|-164298.52838496023|-164297.3806517064|-164296.18246863916
702.2|1.0|0.76|0.0|-164047.41034515155|-164046.5526983245|-164045.70766395077|-164044.8878544837|-164044.0175952033
702.4|1.0|0.76|0.0|-164388.90404420305|-164387.64279886917|-164386.40677844192|-164385.19598292134|-164383.9221251341
702.6|1.0|0.76|0.0|-164429.20083262186|-164428.2422861681|-164427.29635216764|-164426.36303062053|-164425.36664680674
702.8|1.0|0.76|0.0|-164186.03045174648|-164184.66830678584|-164183.29354937188|-164181.94401686458|-164180.53142209057
703.0|1.0|0.76|0.0|-164521.18118665583|-164519.97039113528|-164518.7974329747|-164517.62447481416|-164516.41367929362
703.2|1.0|0.76|0.0|-164444.6838942748|-164443.54877347426|-164442.42626512708|-164441.31636923325|-164440.16863597938
703.4|1.0|0.76|0.0|-164364.59481557083|-164363.25789551684|-164361.93358791625|-164360.6345052223|-164359.27236026165
703.6|1.0|0.76|0.0|-164146.75252149595|-164145.13812746853|-164143.5489583478|-164141.9724016804|-164140.3327827463
703.8|1.0|0.76|0.0|-164281.17254624542|-164279.96175072482|-164278.77618011096|-164277.6032219504|-164276.36720152316
704.0|1.0|0.76|0.0|-164368.16856679675|-164367.04605844957|-164365.94877500905|-164364.8388791152|-164363.70375831466
704.2|1.0|0.76|0.0|-164342.26691214647|-164341.1191788926|-164339.98405809206|-164338.83632483822|-164337.66336667765
704.4|1.0|0.76|0.0|-164236.3435915114|-164235.10757108414|-164233.87155065688|-164232.63553022966|-164231.3616724424
704.6|1.0|0.76|0.0|-164478.66604315452|-164477.24083592716|-164475.85346605984|-164474.46609619254|-164473.04088896522
704.8|1.0|0.76|0.0|-164478.61119948566|-164476.8832933782|-164475.19322463076|-164473.52838078997|-164471.77524977582
705.0|1.0|0.76|0.0|-164623.05821367787|-164621.5699441838|-164620.0816746898|-164618.61863010246|-164617.0925232484
705.2|1.0|0.76|0.0|-164573.8133670484|-164572.27464774103|-164570.7611533403|-164569.2476589396|-164567.69632717888
705.4|1.0|0.76|0.0|-164708.23870370255|-164707.07835799534|-164705.93062474148|-164704.80811639427|-164703.63515823375
705.6|1.0|0.76|0.0|-164467.2736418882|-164466.64301922123|-164466.06284636763|-164465.45744860737|-164464.8142134871
705.8|1.0|0.76|0.0|-164579.66321359394|-164578.85601658022|-164578.08665692652|-164577.3046848195|-164576.49748780578
706.0|1.0|0.76|0.0|-164285.67953871025|-164284.62009262975|-164283.5732590026|-164282.52642537543|-164281.44175438824
706.2|1.0|0.76|0.0|-164703.90564024818|-164702.56872019422|-164701.25702504694|-164699.94532989967|-164698.58318493902
706.4|1.0|0.76|0.0|-164331.62578866602|-164330.54111767886|-164329.46905914502|-164328.40961306452|-164327.29971717065
706.6|1.0|0.76|0.0|-164319.06378514017|-164317.95388924633|-164316.84399335244|-164315.7593223653|-164314.61158911142
706.8|1.0|0.76|0.0|-164212.73223746024|-164212.01332761993|-164211.31964268629|-164210.63857020595|-164209.91966036562
707.0|1.0|0.76|0.0|-164504.34477111616|-164503.2474876757|-164502.1628166885|-164501.09075815466|-164499.96824980745
707.2|1.0|0.76|0.0|-164385.50026260136|-164384.08766782738|-164382.66246060006|-164381.28770318607|-164379.82465859872
707.4|1.0|0.76|0.0|-163929.8760034756|-163928.84178230178|-163927.80756112796|-163926.81117731417|-163925.73911878033
707.6|1.0|0.76|0.0|-163896.47216250648|-163895.51361605272|-163894.5802945056|-163893.65958541186|-163892.68842650473
707.8|1.0|0.76|0.0|-164139.17963371097|-164138.34721179056|-164137.5526272302|-164136.75804266983|-164135.9130082961
708.0|1.0|0.76|0.0|-163914.0801635607|-163912.76846841344|-163911.48199817282|-163910.19552793226|-163908.8712203316
708.2|1.0|0.76|0.0|-163815.26159164798|-163814.11385839412|-163812.95351268692|-163811.8183918864|-163810.64543372582
708.4|1.0|0.76|0.0|-164154.44829929943|-164153.6789396457|-164152.93480489872|-164152.20328260504|-164151.40869804466
708.6|1.0|0.76|0.0|-164200.04327645496|-164198.97121792112|-164197.9369967473|-164196.9027755735|-164195.843329493
708.8|1.0|0.76|0.0|-164114.89480485287|-164113.86058367905|-164112.83897495858|-164111.8173662381|-164110.74530770426
709.0|1.0|0.76|0.0|-164326.2290730047|-164325.497550711|-164324.7786408707|-164324.07234348368|-164323.31559628336
709.2|1.0|0.76|0.0|-164019.26474812385|-164018.3188141234|-164017.37288012297|-164016.4521710292|-164015.4810121221
709.4|1.0|0.76|0.0|-164120.06347521083|-164118.87790459697|-164117.71755888974|-164116.59505054256|-164115.384255022
709.6|1.0|0.76|0.0|-164133.8110493506|-164133.09213951023|-164132.41106702993|-164131.74260700293|-164131.02369716263
709.8|1.0|0.76|0.0|-164229.31713929048|-164227.7784199831|-164226.25231312908|-164224.75143118168|-164223.20009942094
710.0|1.0|0.76|0.0|-164257.27705089492|-164255.90229348093|-164254.55276097363|-164253.2158409197|-164251.82847105237
710.2|1.0|0.76|0.0|-164077.65343766077|-164076.1147183534|-164074.57599904604|-164073.06250464532|-164071.49856043124
710.4|1.0|0.76|0.0|-164567.49894253368|-164566.69174552|-164565.89716095963|-164565.1278013059|-164564.30799183887
710.6|1.0|0.76|0.0|-164357.86183326558|-164356.8276120918|-164355.831228278|-164354.8348444642|-164353.78801083704
710.8|1.0|0.76|0.0|-164503.52919248122|-164502.55803357408|-164501.61209957363|-164500.6913904799|-164499.72023157275
711.0|1.0|0.76|0.0|-164344.5996679538|-164343.77985848676|-164342.9600490197|-164342.16546445934|-164341.32043008562
711.2|1.0|0.76|0.0|-164473.9625977927|-164472.55000301872|-164471.18785805808|-164469.8131006441|-164468.38789341677
711.4|1.0|0.76|0.0|-164723.25587698352|-164721.69193276946|-164720.12798855538|-164718.60188170135|-164717.00010012728
711.6|1.0|0.76|0.0|-164444.43805228212|-164443.02545750813|-164441.61286273412|-164440.23810532017|-164438.78767318613
711.8|1.0|0.76|0.0|-164374.60341923806|-164373.07731238403|-164371.56381798332|-164370.06293603597|-164368.52421672855
712.0|1.0|0.76|0.0|-164313.49955306607|-164312.56623151895|-164311.65813487855|-164310.76265069147|-164309.816716691
712.2|1.0|0.76|0.0|-164303.7760682072|-164302.28779871317|-164300.83736657916|-164299.38693444512|-164297.87344004444
712.4|1.0|0.76|0.0|-164352.60585067314|-164351.52117968598|-164350.44912115214|-164349.40228752498|-164348.29239163114
712.6|1.0|0.76|0.0|-164352.19275379123|-164351.01979563068|-164349.85944992348|-164348.72432912295|-164347.52614605572
712.8|1.0|0.76|0.0|-164412.997814401|-164411.96359322718|-164410.9419845067|-164409.9456006929|-164408.8861546124
713.0|1.0|0.76|0.0|-164444.66768473576|-164443.36860204182|-164442.10735670791|-164440.83349892063|-164439.5218037734
713.2|1.0|0.76|0.0|-164185.00249538806|-164183.67818778745|-164182.39171754682|-164181.10524730626|-164179.76832725227
713.4|1.0|0.76|0.0|-164120.10590511427|-164118.7689850603|-164117.43206500635|-164116.0951449524|-164114.72038753843
713.6|1.0|0.76|0.0|-164343.85457973927|-164342.74468384543|-164341.66001285825|-164340.60056677778|-164339.46544597723
713.8|1.0|0.76|0.0|-164548.60514724805|-164547.11687775402|-164545.6538331667|-164544.216013486|-164542.7025190853
714.0|1.0|0.76|0.0|-164464.7440703161|-164463.104451382|-164461.47744490125|-164459.86305087383|-164458.19820703307
714.2|1.0|0.76|0.0|-164159.61548793843|-164158.0263188177|-164156.46237460364|-164154.9110428429|-164153.3344861755
714.4|1.0|0.76|0.0|-164430.43671388854|-164429.17546855463|-164427.9394481274|-164426.72865260683|-164425.4421823662
714.6|1.0|0.76|0.0|-164577.68662605862|-164576.6776297915|-164575.69385843104|-164574.71008707056|-164573.68847835012
714.8|1.0|0.76|0.0|-164150.55140638762|-164149.3532233204|-164148.18026515984|-164147.00730699932|-164145.8091239321
715.0|1.0|0.76|0.0|-164007.36086340537|-164006.20051769813|-164005.04017199093|-164003.90505119044|-164002.7068681232
715.2|1.0|0.76|0.0|-164396.63162326682|-164395.5091149196|-164394.4118314791|-164393.32716049193|-164392.1920396914
715.4|1.0|0.76|0.0|-164411.47648084705|-164410.35397249987|-164409.2693015127|-164408.18463052553|-164407.049509725
715.6|1.0|0.76|0.0|-164439.18251950512|-164437.6564126511|-164436.14291825038|-164434.64203630298|-164433.1033169956
715.8|1.0|0.76|0.0|-164489.63233286195|-164488.39631243472|-164487.18551691418|-164485.9747213936|-164484.726088513
716.0|1.0|0.76|0.0|-164336.05152069987|-164334.8407251793|-164333.62992965875|-164332.43174659152|-164331.18311371093
716.2|1.0|0.76|0.0|-164582.9529072683|-164581.66643702768|-164580.39257924043|-164579.11872145318|-164577.81963875922
716.4|1.0|0.76|0.0|-164221.65327075723|-164220.90913601022|-164220.1902261699|-164219.45870387624|-164218.70195667585
716.6|1.0|0.76|0.0|-164357.79375557028|-164357.0622332766|-164356.34332343625|-164355.63702604923|-164354.86766639556
716.8|1.0|0.76|0.0|-164547.19958342478|-164546.45544867776|-164545.7239263841|-164545.00501654373|-164544.23565689006
717.0|1.0|0.76|0.0|-164320.7528010623|-164319.5924553551|-164318.45733455458|-164317.32221375403|-164316.16186804682
717.2|1.0|0.76|0.0|-164453.62301427932|-164452.7905923589|-164451.97078289188|-164451.1761983315|-164450.30593905112
717.4|1.0|0.76|0.0|-164387.13952109296|-164386.14313727917|-164385.17197837206|-164384.20081946492|-164383.17921074445
717.6|1.0|0.76|0.0|-164419.99496204162|-164419.20037748123|-164418.39318046754|-164417.62382081384|-164416.77878644012
717.8|1.0|0.76|0.0|-164324.80561231423|-164323.74616623376|-164322.7119450599|-164321.70294879278|-164320.6182778056
718.0|1.0|0.76|0.0|-164285.89733450583|-164284.6487016253|-164283.43790610472|-164282.22711058415|-164280.95325279687
718.2|1.0|0.76|0.0|-164104.02575735442|-164102.9915361806|-164101.9573150068|-164100.94831873965|-164099.87626020584
718.4|1.0|0.76|0.0|-164197.4357422905|-164195.8591856231|-164194.295241409|-164192.7817470083|-164191.19257788756
718.6|1.0|0.76|0.0|-164474.94755311313|-164473.8376572193|-164472.75298623214|-164471.66831524496|-164470.53319444443
718.8|1.0|0.76|0.0|-164228.46446031178|-164227.37978932462|-164226.28250588413|-164225.21044735023|-164224.10055145642
719.0|1.0|0.76|0.0|-164172.5030048457|-164171.4057214052|-164170.32105041805|-164169.26160433752|-164168.13909599034
719.2|1.0|0.76|0.0|-164277.55146398742|-164276.51724281357|-164275.48302163978|-164274.49925027933|-164273.43980419883
719.4|1.0|0.76|0.0|-164110.3607825228|-164109.26349908233|-164108.19144054846|-164107.131994468|-164106.0473234808
719.6|1.0|0.76|0.0|-164438.29351699253|-164437.49893243215|-164436.74218523182|-164435.98543803146|-164435.17824101774
719.8|1.0|0.76|0.0|-164396.407559453|-164395.2472137458|-164394.1120929453|-164392.97697214474|-164391.81662643753
720.0|1.0|0.76|0.0|-164393.54969467613|-164392.75511011574|-164391.98575046204|-164391.24161571506|-164390.44703115468
720.2|1.0|0.76|0.0|-164401.9957938338|-164400.63364887316|-164399.30934127254|-164397.98503367195|-164396.6228887113
720.4|1.0|0.76|0.0|-164301.62548591447|-164301.04531306087|-164300.49036511392|-164299.96064207368|-164299.36785676674
720.6|1.0|0.76|0.0|-164106.88111165867|-164105.89734029822|-164104.91356893774|-164103.96763493732|-164102.94602621684
720.8|1.0|0.76|0.0|-163987.85826746852|-163986.8240462947|-163985.78982512085|-163984.75560394707|-163983.7087703199
721.0|1.0|0.76|0.0|-164111.50250409017|-164110.5187327297|-164109.56018627592|-164108.6142522755|-164107.63048091502
721.2|1.0|0.76|0.0|-164110.6752562755|-164109.1617618748|-164107.6861048341|-164106.22306024676|-164104.6969533927
721.4|1.0|0.76|0.0|-164009.6941329189|-164008.2437007849|-164006.8058811042|-164005.39328633022|-164003.9050168362
721.6|1.0|0.76|0.0|-164082.5815007662|-164081.24458071226|-164079.92027311164|-164078.6211904177|-164077.25904545706
721.8|1.0|0.76|0.0|-164116.3313105296|-164115.3349267158|-164114.35115535537|-164113.39260890157|-164112.38361263444
722.0|1.0|0.76|0.0|-164384.38825795153|-164383.39187413774|-164382.40810277726|-164381.46216877684|-164380.44056005636
722.2|1.0|0.76|0.0|-164455.40581943368|-164454.3842107132|-164453.40043935276|-164452.41666799228|-164451.3824468185
722.4|1.0|0.76|0.0|-164453.4508891661|-164452.27793100558|-164451.13019775169|-164449.96985204448|-164448.7842814306
722.6|1.0|0.76|0.0|-164622.2199023519|-164620.50460869775|-164618.78931504363|-164617.11185874953|-164615.37134018872
722.8|1.0|0.76|0.0|-164338.9605059155|-164338.11547154177|-164337.28304962136|-164336.488465061|-164335.6182057806
723.0|1.0|0.76|0.0|-164306.7799357906|-164305.31689120326|-164303.85384661594|-164302.41602693524|-164300.92775744124
723.2|1.0|0.76|0.0|-164105.52046877262|-164104.2592234387|-164103.02320301146|-164101.79979503754|-164100.5259372503
723.4|1.0|0.76|0.0|-164225.21265096174|-164224.12797997458|-164223.0433089874|-164221.9838629069|-164220.8991919197
723.6|1.0|0.76|0.0|-164384.18236359613|-164383.55174092916|-164382.90850580888|-164382.31572050194|-164381.64726047494
723.8|1.0|0.76|0.0|-164431.3907764448|-164429.71332015068|-164428.07370121658|-164426.42146982913|-164424.74401353503
724.0|1.0|0.76|0.0|-164449.07844954403|-164447.95594119685|-164446.85865775633|-164445.77398676914|-164444.62625351528
724.2|1.0|0.76|0.0|-164209.44329506462|-164208.3081742641|-164207.18566591688|-164206.07577002305|-164204.9028118625
724.4|1.0|0.76|0.0|-164365.78410927547|-164364.67421338163|-164363.5769299411|-164362.49225895392|-164361.36975060674
724.6|1.0|0.76|0.0|-164537.04304510026|-164536.05927373978|-164535.10072728602|-164534.14218083225|-164533.14579701846
724.8|1.0|0.76|0.0|-164486.32614937154|-164485.29192819775|-164484.28293193062|-164483.27393566346|-164482.21448958296
725.0|1.0|0.76|0.0|-164332.30902362376|-164330.9342662098|-164329.54689634248|-164328.18475138186|-164326.7847690612
725.2|1.0|0.76|0.0|-164531.387023197|-164530.37802692983|-164529.3942555694|-164528.4357091156|-164527.42671284848
725.4|1.0|0.76|0.0|-164638.74627214024|-164637.00575357943|-164635.27784747197|-164633.57516627118|-164631.82203525704
725.6|1.0|0.76|0.0|-164405.81312466355|-164404.7284536764|-164403.66900759592|-164402.62217396876|-164401.5122780749
725.8|1.0|0.76|0.0|-164494.1882507033|-164492.91439291605|-164491.64053512877|-164490.40451470154|-164489.10543200758
726.0|1.0|0.76|0.0|-164542.1665109961|-164541.15751472895|-164540.16113091516|-164539.17735955468|-164538.1431383809
726.2|1.0|0.76|0.0|-164580.13769160825|-164578.7629341943|-164577.42601414034|-164576.11431899306|-164574.72694912576
726.4|1.0|0.76|0.0|-164526.4951178435|-164525.41044685635|-164524.3636132292|-164523.31677960203|-164522.2068837082
726.6|1.0|0.76|0.0|-164151.47643025537|-164150.55572116165|-164149.66023697454|-164148.7773652408|-164147.83143124034
726.8|1.0|0.76|0.0|-164191.0164060288|-164189.83083541488|-164188.63265234767|-164187.4596941871|-164186.24889866656
727.0|1.0|0.76|0.0|-164034.92902181874|-164034.39929877847|-164033.8948006449|-164033.42813987134|-164032.88580437776
727.2|1.0|0.76|0.0|-164195.8017532618|-164194.79275699466|-164193.8342105409|-164192.88827654047|-164191.87928027334
727.4|1.0|0.76|0.0|-164540.47200800906|-164539.9044476088|-164539.33688720854|-164538.8071641683|-164538.20176640802
727.6|1.0|0.76|0.0|-164275.91318676577|-164274.9294154053|-164273.94564404484|-164272.97448513773|-164271.9781013239
727.8|1.0|0.76|0.0|-164275.3260102549|-164274.3548513478|-164273.40891734735|-164272.47559580024|-164271.4665995331
728.0|1.0|0.76|0.0|-164415.3540555461|-164414.47118381236|-164413.638761892|-164412.8063399716|-164411.92346823786
728.2|1.0|0.76|0.0|-164329.12321578246|-164327.9880949819|-164326.8908115414|-164325.80614055425|-164324.65840730036
728.4|1.0|0.76|0.0|-164763.42043406487|-164762.4618876111|-164761.5033411573|-164760.57001961023|-164759.58624824978
728.6|1.0|0.76|0.0|-164394.4052742662|-164393.73681423924|-164393.09357911893|-164392.46295645196|-164391.78188397168
728.8|1.0|0.76|0.0|-164375.32419862278|-164374.4917767024|-164373.67196723534|-164372.87738267498|-164372.01973584792
729.0|1.0|0.76|0.0|-164260.6507743631|-164259.02376788235|-164257.4219863083|-164255.85804209422|-164254.20581070677
729.2|1.0|0.76|0.0|-164238.89734344755|-164237.91357208707|-164236.96763808664|-164236.0217040862|-164235.03793272577
729.4|1.0|0.76|0.0|-164039.5142987222|-164038.4548526417|-164037.4332439212|-164036.4242476541|-164035.3648015736
729.6|1.0|0.76|0.0|-164166.37035440796|-164164.81902264725|-164163.26769088654|-164161.75419648585|-164160.1650273651
729.8|1.0|0.76|0.0|-164231.47515425013|-164230.4030957163|-164229.34364963582|-164228.30942846197|-164227.21214502148
730.0|1.0|0.76|0.0|-163900.6252782559|-163899.31358310863|-163898.0145004147|-163896.74064262744|-163895.40372257348
730.2|1.0|0.76|0.0|-164285.6041383208|-164284.89784093382|-164284.20415600017|-164283.53569597317|-164282.81678613284
730.4|1.0|0.76|0.0|-164031.8338466027|-164030.9005250556|-164029.95459105514|-164029.0338819614|-164028.05011060092
730.6|1.0|0.76|0.0|-164154.95810200248|-164153.6590193085|-164152.38516152126|-164151.14914109404|-164149.83744594676
730.8|1.0|0.76|0.0|-163668.32431456976|-163667.5675673694|-163666.86126998244|-163666.12974768877|-163665.34777558173
731.0|1.0|0.76|0.0|-163726.28931893272|-163724.78843698534|-163723.28755503797|-163721.83712290396|-163720.2984035966
731.2|1.0|0.76|0.0|-164135.3346970087|-164133.9851645014|-164132.66085690077|-164131.34916175352|-164129.98701679287
731.4|1.0|0.76|0.0|-163721.1387854362|-163720.15501407578|-163719.19646762198|-163718.23792116818|-163717.22892490105
731.6|1.0|0.76|0.0|-164182.93556562118|-164182.05269388744|-164181.20765951372|-164180.36262514|-164179.47975340625
731.8|1.0|0.76|0.0|-164326.48817791342|-164325.06297068606|-164323.67560081877|-164322.3008434048|-164320.8882486308
732.0|1.0|0.76|0.0|-164476.52592283668|-164475.47908920952|-164474.45748048907|-164473.42325931523|-164472.36381323476
732.2|1.0|0.76|0.0|-164353.55450277936|-164352.1166830987|-164350.69147587137|-164349.2914935507|-164347.82844896335
732.4|1.0|0.76|0.0|-164179.3260723515|-164178.41797571105|-164177.52249152397|-164176.6522322436|-164175.74413560316
732.6|1.0|0.76|0.0|-164341.5978970138|-164340.61412565334|-164339.65557919955|-164338.69703274578|-164337.700648932
732.8|1.0|0.76|0.0|-163851.15003646517|-163849.9644658513|-163848.8041201441|-163847.65638689024|-163846.43297891633
733.0|1.0|0.76|0.0|-164250.17810603578|-164248.92947315518|-164247.69345272795|-164246.50788211406|-164245.22141187347
733.2|1.0|0.76|0.0|-164259.40175692155|-164258.06483686762|-164256.76575417368|-164255.4792839331|-164254.1297514258
733.4|1.0|0.76|0.0|-164207.29963355497|-164205.86181387433|-164204.43660664698|-164203.04923677968|-164201.58619219234
733.6|1.0|0.76|0.0|-163992.32098553135|-163991.13541491746|-163989.97506921025|-163988.8273359564|-163987.61654043582
733.8|1.0|0.76|0.0|-164379.97307563337|-164378.92624200624|-164377.90463328577|-164376.90824947198|-164375.84880339148
734.0|1.0|0.76|0.0|-164173.69155879464|-164172.7203998875|-164171.78707834042|-164170.8537567933|-164169.86998543286
734.2|1.0|0.76|0.0|-164519.96175213746|-164518.73834416352|-164517.54016109632|-164516.35459048243|-164515.1185700552
734.4|1.0|0.76|0.0|-164311.02385012005|-164309.48513081268|-164307.94641150528|-164306.4329171046|-164304.86897289052
734.6|1.0|0.76|0.0|-164102.7881552248|-164101.35033554418|-164099.92512831683|-164098.5251459962|-164097.0621014088
734.8|1.0|0.76|0.0|-164263.34889648162|-164262.4029624812|-164261.46964093408|-164260.54893184034|-164259.5777729332
735.0|1.0|0.76|0.0|-164112.9189533162|-164111.84689478236|-164110.80006115523|-164109.7658399814|-164108.66855654088
735.2|1.0|0.76|0.0|-164195.87802492848|-164194.70506676793|-164193.5573335141|-164192.4096002602|-164191.19880473963
735.4|1.0|0.76|0.0|-164112.2054000492|-164111.3729781288|-164110.5405562084|-164109.7333591947|-164108.87571236765
735.6|1.0|0.76|0.0|-163949.0671080755|-163947.931987275|-163946.8094789278|-163945.72480794063|-163944.55184978008
735.8|1.0|0.76|0.0|-164354.10299239124|-164352.5768855372|-164351.08861604318|-164349.58773409578|-164348.0490147884
736.0|1.0|0.76|0.0|-164238.1061339958|-164236.7566014885|-164235.44490634123|-164234.1458236473|-164232.78367868668
736.2|1.0|0.76|0.0|-164320.7530398025|-164318.96207142837|-164317.1711030542|-164315.40535958673|-164313.5639413992
736.4|1.0|0.76|0.0|-164182.6632180789|-164181.6542218118|-164180.65783799798|-164179.67406663756|-164178.65245791705
736.6|1.0|0.76|0.0|-164347.9901714994|-164345.88389179175|-164343.79022453746|-164341.70916973648|-164339.5902775755
736.8|1.0|0.76|0.0|-164373.7448012181|-164371.48717207037|-164369.24215537598|-164367.0223635883|-164364.72689708057
737.0|1.0|0.76|0.0|-164477.92370117025|-164476.8138052764|-164475.72913428923|-164474.66968820873|-164473.54717986155
737.2|1.0|0.76|0.0|-164524.83003016716|-164523.34176067312|-164521.86610363243|-164520.41567149846|-164518.90217709774
737.4|1.0|0.76|0.0|-164660.95341625588|-164659.61649620195|-164658.30480105468|-164656.9931059074|-164655.6561858534
737.6|1.0|0.76|0.0|-164768.2601692659|-164766.98631147866|-164765.73767859806|-164764.52688307752|-164763.2404128369
737.8|1.0|0.76|0.0|-164728.48049143402|-164727.34537063353|-164726.22286228632|-164725.12557884582|-164723.97784559196
738.0|1.0|0.76|0.0|-164253.11916658308|-164251.89575860917|-164250.72280044865|-164249.56245474145|-164248.3264343142
738.2|1.0|0.76|0.0|-164512.5982800643|-164510.88298641014|-164509.1929176627|-164507.51546136857|-164505.7875552611
738.4|1.0|0.76|0.0|-164355.34205416587|-164354.232158272|-164353.14748728485|-164352.08804120435|-164350.9781453105
738.6|1.0|0.76|0.0|-164286.03817010784|-164285.13007346742|-164284.22197682702|-164283.33910509327|-164282.40578354616
738.8|1.0|0.76|0.0|-164218.00789174138|-164217.16285736763|-164216.3052105406|-164215.49801352684|-164214.62775424647
739.0|1.0|0.76|0.0|-164606.31729802385|-164605.28307685006|-164604.2488556762|-164603.25247186242|-164602.1804133286
739.2|1.0|0.76|0.0|-164148.28250573736|-164147.39963400358|-164146.51676226984|-164145.65911544277|-164144.72579389566
739.4|1.0|0.76|0.0|-164513.2112306541|-164512.1517845736|-164511.13017585312|-164510.0959546793|-164509.01128369212
739.6|1.0|0.76|0.0|-164342.96236173905|-164341.474092245|-164340.01104765767|-164338.56061552366|-164337.0597335763
739.8|1.0|0.76|0.0|-164869.6561844495|-164868.4958387423|-164867.38594284846|-164866.2760469546|-164865.1157012474
740.0|1.0|0.76|0.0|-164547.83739572615|-164546.6266002056|-164545.42841713838|-164544.26807143117|-164543.04466345726
740.2|1.0|0.76|0.0|-164643.80942936448|-164642.95178253742|-164642.1445855237|-164641.33738851|-164640.4797416829
740.4|1.0|0.76|0.0|-164546.13962496803|-164544.82792982078|-164543.5162346735|-164542.24237688625|-164540.89284437895
740.6|1.0|0.76|0.0|-164393.64976566852|-164392.4137452413|-164391.2281746274|-164390.01737910684|-164388.76874622624
740.8|1.0|0.76|0.0|-164281.6413950684|-164280.75852333466|-164279.9008765076|-164279.04322968057|-164278.13513304014
741.0|1.0|0.76|0.0|-164639.3735612486|-164638.18799063473|-164637.02764492753|-164635.86729922032|-164634.65650369975
741.2|1.0|0.76|0.0|-164652.99501085497|-164651.53196626762|-164650.08153413358|-164648.6311019996|-164647.14283250555
741.4|1.0|0.76|0.0|-164325.3729045838|-164324.57832002346|-164323.79634791642|-164323.02698826275|-164322.20717879568
741.6|1.0|0.76|0.0|-164380.0100524493|-164379.30375506228|-164378.64790748866|-164377.992059915|-164377.28576252804
741.8|1.0|0.76|0.0|-164302.4589260226|-164301.3994799421|-164300.3400338616|-164299.29320023448|-164298.19591679395
742.0|1.0|0.76|0.0|-164415.03768452842|-164414.15481279467|-164413.28455351424|-164412.43951914052|-164411.5314225001
742.2|1.0|0.76|0.0|-164049.22201590912|-164047.9607705752|-164046.72475014796|-164045.52656708076|-164044.2274843868
742.4|1.0|0.76|0.0|-164080.76802196348|-164080.0364996698|-164079.3302022828|-164078.63651734916|-164077.8797701488
742.6|1.0|0.76|0.0|-164214.12980556113|-164213.17125910736|-164212.25055001362|-164211.32984091982|-164210.37129446605
742.8|1.0|0.76|0.0|-163984.64621705416|-163983.59938342703|-163982.56516225322|-163981.5309410794|-163980.44627009222
743.0|1.0|0.76|0.0|-164296.41612449763|-164295.6972146573|-164295.01614217696|-164294.33506969665|-164293.6161598563
743.2|1.0|0.76|0.0|-164064.32494828725|-164063.53036372687|-164062.74839161985|-164061.9916444195|-164061.17183495246
743.4|1.0|0.76|0.0|-164197.04680309643|-164196.36573061612|-164195.7098830425|-164195.07926037553|-164194.3729629885
743.6|1.0|0.76|0.0|-164265.06576395483|-164264.04415523433|-164263.00993406054|-164262.01355024675|-164260.9667166196
743.8|1.0|0.76|0.0|-164253.9718071145|-164253.00064820735|-164252.0547142069|-164251.12139265978|-164250.13762129936
744.0|1.0|0.76|0.0|-164166.61963027675|-164166.1529695032|-164165.71153363635|-164165.29532267613|-164164.81604944926
744.2|1.0|0.76|0.0|-164262.46166320142|-164261.12474314746|-164259.8130480002|-164258.5265777596|-164257.1770452523
744.4|1.0|0.76|0.0|-164480.66971842313|-164479.68594706268|-164478.71478815554|-164477.78146660846|-164476.75985788798
744.6|1.0|0.76|0.0|-164346.42857452857|-164345.11687938127|-164343.83040914065|-164342.5565513534|-164341.23224375278
744.8|1.0|0.76|0.0|-164420.2870875336|-164418.60963123947|-164416.97001230536|-164415.3430058246|-164413.65293707716
745.0|1.0|0.76|0.0|-164492.36747344572|-164491.05577829844|-164489.76930805785|-164488.48283781722|-164487.1585302166
745.2|1.0|0.76|0.0|-164586.64661068466|-164585.12050383058|-164583.6070094299|-164582.10612748252|-164580.56740817515
745.4|1.0|0.76|0.0|-164429.7260923257|-164428.28827264503|-164426.8630654177|-164425.4504706437|-164423.974813603
745.6|1.0|0.76|0.0|-164805.26788072984|-164803.79222368915|-164802.3291791018|-164800.8787469678|-164799.37786502042
745.8|1.0|0.76|0.0|-164952.29592377986|-164950.49234295238|-164948.7013745782|-164946.92301865737|-164945.10682537654
746.0|1.0|0.76|0.0|-164511.53512159263|-164509.79460303183|-164508.05408447102|-164506.33879081687|-164504.57304734935
746.2|1.0|0.76|0.0|-164511.91291333412|-164510.51293101348|-164509.15078605284|-164507.80125354556|-164506.38865877155
746.4|1.0|0.76|0.0|-164343.66493585805|-164342.45414033748|-164341.25595727024|-164340.05777420304|-164338.8217537758
746.6|1.0|0.76|0.0|-164731.31692270184|-164730.42143851475|-164729.56379168766|-164728.7061448606|-164727.78543576683
746.8|1.0|0.76|0.0|-164669.30815763117|-164668.21087419067|-164667.12620320352|-164666.05414466964|-164664.9442487758
747.0|1.0|0.76|0.0|-164316.54371938607|-164315.39598613218|-164314.28609023834|-164313.1761943445|-164312.01584863727
747.2|1.0|0.76|0.0|-164263.4200659213|-164262.2723326674|-164261.16243677356|-164260.0777657864|-164258.9174200792
747.4|1.0|0.76|0.0|-164100.26324484465|-164099.2164112175|-164098.18219004368|-164097.1605813232|-164096.08852278936
747.6|1.0|0.76|0.0|-164269.55499124786|-164268.73518178085|-164267.9153723138|-164267.13340020677|-164266.27575337968
747.8|1.0|0.76|0.0|-164034.42408208916|-164032.92320014175|-164031.4601555544|-164029.98449851372|-164028.48361656637
748.0|1.0|0.76|0.0|-164329.95908873354|-164328.50865659956|-164327.0708369189|-164325.6330172382|-164324.16997265085
748.2|1.0|0.76|0.0|-164292.92892572962|-164291.35236906222|-164289.78842484814|-164288.23709308746|-164286.63531151335
748.4|1.0|0.76|0.0|-164256.86511288435|-164255.22549395027|-164253.62371237617|-164252.0219308021|-164250.36969941464
748.6|1.0|0.76|0.0|-164333.39365393252|-164332.05673387853|-164330.75765118463|-164329.4585684907|-164328.12164843673
748.8|1.0|0.76|0.0|-164336.6620788032|-164335.42605837598|-164334.21526285543|-164333.0170797882|-164331.7684469076
749.0|1.0|0.76|0.0|-164488.0493562338|-164486.9646852466|-164485.88001425943|-164484.82056817895|-164483.72328473843
749.2|1.0|0.76|0.0|-164487.72934495893|-164486.66989887843|-164485.62306525127|-164484.57623162412|-164483.5041730903
749.4|1.0|0.76|0.0|-164359.9904175394|-164358.5525978587|-164357.11477817805|-164355.70218340404|-164354.2391388167
749.6|1.0|0.76|0.0|-164424.23825484933|-164422.7625978086|-164421.31216567464|-164419.87434599397|-164418.38607649994
749.8|1.0|0.76|0.0|-164316.55312823915|-164315.0648587451|-164313.57658925108|-164312.11354466373|-164310.60005026302
750.0|1.0|0.76|0.0|-164311.19866472215|-164309.8239073082|-164308.47437480092|-164307.13745474693|-164305.75008487963
750.2|1.0|0.76|0.0|-164255.7290949363|-164253.96335146882|-164252.19760800133|-164250.4823143472|-164248.70395842637
750.4|1.0|0.76|0.0|-164198.4855487188|-164196.84592978467|-164195.2441482106|-164193.64236663654|-164192.0027477024
750.6|1.0|0.76|0.0|-164336.66317847066|-164334.9478848165|-164333.28304097572|-164331.61819713496|-164329.91551593415
750.8|1.0|0.76|0.0|-164115.771149577|-164114.58557896313|-164113.41262080256|-164112.23966264204|-164111.02886712147
751.0|1.0|0.76|0.0|-164340.8319904584|-164339.78515683123|-164338.7761605641|-164337.76716429697|-164336.70771821646
751.2|1.0|0.76|0.0|-164174.89796778883|-164173.25834885475|-164171.631342374|-164170.02956079989|-164168.3899418658
751.4|1.0|0.76|0.0|-164536.95105334427|-164535.95466953047|-164534.98351062334|-164533.9997392629|-164532.99074299572
751.6|1.0|0.76|0.0|-164123.3287219064|-164122.34495054596|-164121.37379163882|-164120.4278576384|-164119.39363646458
751.8|1.0|0.76|0.0|-164062.76541439848|-164061.57984378462|-164060.40688562405|-164059.28437727687|-164058.06096930298
752.0|1.0|0.76|0.0|-164090.63702236218|-164089.62802609502|-164088.6442547346|-164087.66048337411|-164086.65148710698
752.2|1.0|0.76|0.0|-164111.07654158658|-164109.790071346|-164108.5036011054|-164107.26758067816|-164105.9558855309
752.4|1.0|0.76|0.0|-163836.62722340642|-163835.17679127242|-163833.73897159175|-163832.3137643644|-163830.83810732374
752.6|1.0|0.76|0.0|-164052.11893880097|-164050.5297696802|-164048.96582546615|-164047.42710615875|-164045.837937038
752.8|1.0|0.76|0.0|-164068.69937159494|-164067.70298778114|-164066.731828874|-164065.7732824202|-164064.75167369976
753.0|1.0|0.76|0.0|-164138.04940180734|-164136.80076892674|-164135.5899734062|-164134.35395297894|-164133.09270764503
753.2|1.0|0.76|0.0|-163791.06605529712|-163789.8930971366|-163788.7327514294|-163787.62285553553|-163786.4246724683
753.4|1.0|0.76|0.0|-163989.21380926514|-163987.8516643045|-163986.51474425057|-163985.2030491033|-163983.84090414265
753.6|1.0|0.76|0.0|-163930.64716918068|-163929.63817291355|-163928.64178909975|-163927.65801773928|-163926.6364090188
753.8|1.0|0.76|0.0|-163790.25468979817|-163789.01866937094|-163787.80787385037|-163786.5970783298|-163785.3358329959
754.0|1.0|0.76|0.0|-163775.8008182714|-163775.04407107108|-163774.29993632407|-163773.5684140304|-163772.78644192335
754.2|1.0|0.76|0.0|-163834.3653979701|-163832.92757828947|-163831.5275959688|-163830.12761364816|-163828.67718151413
754.4|1.0|0.76|0.0|-163666.2950097696|-163665.44997539587|-163664.60494102215|-163663.79774400842|-163662.94009718136
754.6|1.0|0.76|0.0|-163719.62287714027|-163718.74000540655|-163717.88235857946|-163717.0247117524|-163716.116615112
754.8|1.0|0.76|0.0|-163660.5583227232|-163659.10789058922|-163657.67007090853|-163656.25747613452|-163654.78181909386
755.0|1.0|0.76|0.0|-163705.84964266434|-163704.5883973304|-163703.35237690317|-163702.1415813826|-163700.86772359535
755.2|1.0|0.76|0.0|-164096.7696895225|-164095.30664493516|-164093.8436003478|-164092.4183931205|-164090.93012362646
755.4|1.0|0.76|0.0|-163846.57270258563|-163845.248394985|-163843.94931229108|-163842.65022959711|-163841.30069708984
755.6|1.0|0.76|0.0|-164183.06034946264|-164181.64775468863|-164180.28560972802|-164178.94868967406|-164177.53609490008
755.8|1.0|0.76|0.0|-164301.6588681607|-164300.57419717356|-164299.51475109303|-164298.4679174659|-164297.3832464787
756.0|1.0|0.76|0.0|-164064.04024724994|-164063.23305023625|-164062.40062831587|-164061.63126866217|-164060.7736218351
756.2|1.0|0.76|0.0|-163875.87476461436|-163874.70180645384|-163873.5414607466|-163872.41895239943|-163871.22076933217
756.4|1.0|0.76|0.0|-163974.112404828|-163972.7250349607|-163971.36289000005|-163970.01335749275|-163968.6133751721
756.6|1.0|0.76|0.0|-164019.882997996|-164018.12986698185|-164016.36412351436|-164014.62360495355|-164012.82002412603
756.8|1.0|0.76|0.0|-163895.74102099985|-163894.25275150582|-163892.77709446513|-163891.32666233112|-163889.8131679304
757.0|1.0|0.76|0.0|-163897.7885396856|-163896.6029690717|-163895.4426233645|-163894.2822776573|-163893.08409459007
757.2|1.0|0.76|0.0|-164057.89183615852|-164056.9837395181|-164056.0756428777|-164055.19277114395|-164054.25944959684
757.4|1.0|0.76|0.0|-163978.09353737082|-163976.98364147698|-163975.8989704898|-163974.82691195598|-163973.69179115543
757.6|1.0|0.76|0.0|-164010.0386865323|-164008.66392911828|-164007.33962151763|-164006.0027014637|-164004.6153315964
757.8|1.0|0.76|0.0|-163823.42109657545|-163822.1220138815|-163820.84815609426|-163819.59952321366|-163818.2878280664
758.0|1.0|0.76|0.0|-163706.00842898|-163704.97420780617|-163703.93998663235|-163702.9562152719|-163701.8967691914
758.2|1.0|0.76|0.0|-163838.58978376718|-163837.60601240676|-163836.64746595296|-163835.68891949917|-163834.67992323203
758.4|1.0|0.76|0.0|-163920.61606397753|-163919.29175637694|-163917.96744877633|-163916.65575362905|-163915.2936086684
758.6|1.0|0.76|0.0|-163876.1445535035|-163875.0598825163|-163874.01304888917|-163872.99144016867|-163871.9067691815
758.8|1.0|0.76|0.0|-163954.92901383113|-163953.86956775063|-163952.83534657685|-163951.80112540303|-163950.74167932253
759.0|1.0|0.76|0.0|-164075.62502710093|-164074.38900667368|-164073.1782111531|-164071.96741563253|-164070.71878275197
759.2|1.0|0.76|0.0|-163943.8278829282|-163942.52880023426|-163941.24232999366|-163939.98108465972|-163938.66938951245
759.4|1.0|0.76|0.0|-163930.87329801556|-163929.5363779616|-163928.19945790764|-163926.87515030705|-163925.5130053464
759.6|1.0|0.76|0.0|-164040.91128987222|-164039.7761690717|-164038.6536607245|-164037.5311523773|-164036.38341912345
759.8|1.0|0.76|0.0|-164190.23334995168|-164189.07300424448|-164187.93788344396|-164186.82798755012|-164185.64241693623
760.0|1.0|0.76|0.0|-163944.75717061062|-163943.44547546335|-163942.14639276938|-163940.8599225288|-163939.52300247483
760.2|1.0|0.76|0.0|-164095.96063025002|-164094.72460982276|-164093.53903920887|-164092.353468595|-164091.11744816776
760.4|1.0|0.76|0.0|-163959.08097039844|-163957.98368695794|-163956.9494657841|-163955.89001970363|-163954.78012380976
760.6|1.0|0.76|0.0|-163999.23711726064|-163998.16505872682|-163997.14345000635|-163996.12184128584|-163995.04978275203
760.8|1.0|0.76|0.0|-164536.6926836225|-164535.64584999534|-164534.5990163682|-164533.57740764774|-164532.5053491139
761.0|1.0|0.76|0.0|-164028.68581039153|-164027.89122583115|-164027.13447863082|-164026.3903438838|-164025.59575932345
761.2|1.0|0.76|0.0|-164400.10947048507|-164399.11308667128|-164398.12931531083|-164397.1581564037|-164396.1365476832
761.4|1.0|0.76|0.0|-164243.25474589175|-164241.95566319785|-164240.6944178639|-164239.43317253|-164238.13408983606
761.6|1.0|0.76|0.0|-164099.97379373564|-164099.01524728187|-164098.08192573476|-164097.14860418765|-164096.1648328272
761.8|1.0|0.76|0.0|-164034.77685358172|-164033.5156082478|-164032.27958782058|-164031.04356739332|-164029.7823220594
762.0|1.0|0.76|0.0|-164142.60397139343|-164141.64542493966|-164140.69949093924|-164139.77878184547|-164138.78239803168
762.2|1.0|0.76|0.0|-164283.80350028072|-164282.84495382695|-164281.92424473318|-164281.01614809275|-164280.04498918564
762.4|1.0|0.76|0.0|-164052.01183281268|-164050.9271618255|-164049.86771574503|-164048.80826966453|-164047.6983737707
762.6|1.0|0.76|0.0|-164348.06277220926|-164346.29702874177|-164344.54389772762|-164342.81599162015|-164341.01241079264
762.8|1.0|0.76|0.0|-164066.5366169714|-164065.7924822244|-164065.07357238405|-164064.3798874504|-164063.6105277967
763.0|1.0|0.76|0.0|-164117.01165523494|-164115.9143717944|-164114.8423132606|-164113.78286718007|-164112.6603588329
763.2|1.0|0.76|0.0|-163831.13778784836|-163829.88915496776|-163828.65313454054|-163827.44233901997|-163826.18109368606
763.4|1.0|0.76|0.0|-164043.26191612476|-164042.30336967096|-164041.37004812388|-164040.46195148345|-164039.478180123
763.6|1.0|0.76|0.0|-164380.04075156944|-164379.132654929|-164378.26239564858|-164377.40474882154|-164376.48403972774
763.8|1.0|0.76|0.0|-163992.90493888425|-163991.70675581705|-163990.5337976565|-163989.3860644026|-163988.17526888207
764.0|1.0|0.76|0.0|-164037.16203765158|-164035.9764670377|-164034.82873378383|-164033.68100052996|-164032.48281746273
764.2|1.0|0.76|0.0|-164167.58283271635|-164166.37203719578|-164165.1990790352|-164164.038733328|-164162.8153253541
764.4|1.0|0.76|0.0|-164463.76404640972|-164462.83072486264|-164461.91001576887|-164461.01453158178|-164460.04337267467
764.6|1.0|0.76|0.0|-164088.54890212748|-164087.1615322602|-164085.81199975288|-164084.4624672456|-164083.07509737826
764.8|1.0|0.76|0.0|-164123.86771626348|-164122.71998300962|-164121.5848622091|-164120.47496631523|-164119.31462060803
765.0|1.0|0.76|0.0|-164096.47552123966|-164095.06292646565|-164093.6881690517|-164092.3134116377|-164090.90081686372
765.2|1.0|0.76|0.0|-164323.86621767638|-164322.6554221558|-164321.45723908857|-164320.2716684747|-164319.0482605008
765.4|1.0|0.76|0.0|-164451.59253264256|-164450.52047410875|-164449.4736404816|-164448.42680685443|-164447.34213586728
765.6|1.0|0.76|0.0|-164569.54334746482|-164568.7109255444|-164567.87850362403|-164567.07130661033|-164566.21365978327
765.8|1.0|0.76|0.0|-164469.77559964426|-164468.70354111044|-164467.6567074833|-164466.62248630947|-164465.55042777563
766.0|1.0|0.76|0.0|-164229.00131227128|-164227.85357901742|-164226.73107067024|-164225.6211747764|-164224.4608290692
766.2|1.0|0.76|0.0|-164375.29793181928|-164374.49073480556|-164373.70876269852|-164372.93940304485|-164372.10698112447
766.4|1.0|0.76|0.0|-164403.52255309446|-164402.65229381408|-164401.794646987|-164400.9622250666|-164400.0667408795
766.6|1.0|0.76|0.0|-164462.0654336577|-164461.23301173732|-164460.4005898169|-164459.60600525656|-164458.7483584295
766.8|1.0|0.76|0.0|-164438.81624560204|-164437.63067498812|-164436.44510437426|-164435.2973711204|-164434.09918805317
767.0|1.0|0.76|0.0|-164753.27668615413|-164751.76319175342|-164750.27492225938|-164748.81187767204|-164747.29838327132
767.2|1.0|0.76|0.0|-164518.6326764812|-164517.52278058737|-164516.45072205353|-164515.3786635197|-164514.26876762585
767.4|1.0|0.76|0.0|-164549.0623491667|-164547.56146721932|-164546.09842263197|-164544.6227655913|-164543.09665873722
767.6|1.0|0.76|0.0|-164395.53957781757|-164393.78644680342|-164392.05854069596|-164390.35585949515|-164388.59011602768
767.8|1.0|0.76|0.0|-164085.31018036243|-164083.695786335|-164082.10661721427|-164080.51744809354|-164078.89044161278
768.0|1.0|0.76|0.0|-164162.564549829|-164160.84925617487|-164159.1591874274|-164157.46911867996|-164155.72860011915
768.2|1.0|0.76|0.0|-163898.1436871146|-163897.38693991423|-163896.6680300739|-163895.9491202336|-163895.1797605799
768.4|1.0|0.76|0.0|-163963.70321957182|-163962.68161085134|-163961.6726145842|-163960.67623077042|-163959.61678468992
768.6|1.0|0.76|0.0|-163892.79600689877|-163891.23206268472|-163889.718568284|-163888.19246142995|-163886.6285172159
768.8|1.0|0.76|0.0|-164150.09062631545|-164148.81676852814|-164147.53029828757|-164146.26905295363|-164144.95735780636
769.0|1.0|0.76|0.0|-163993.45656829575|-163992.25838522852|-163991.085427068|-163989.92508136077|-163988.73951074688
769.2|1.0|0.76|0.0|-164084.24278012838|-164083.15810914122|-164082.08605060735|-164081.0392169802|-164079.916708633
769.4|1.0|0.76|0.0|-163905.0748634098|-163904.2424414894|-163903.410019569|-163902.60282255532|-163901.74517572825
769.6|1.0|0.76|0.0|-163942.97787594592|-163942.01932949215|-163941.07339549172|-163940.15268639792|-163939.18152749084
769.8|1.0|0.76|0.0|-164112.47092524517|-164111.0078806578|-164109.54483607045|-164108.10701638978|-164106.61874689575
770.0|1.0|0.76|0.0|-164167.2972599107|-164166.25042628354|-164165.22881756307|-164164.23243374928|-164163.16037521546
770.2|1.0|0.76|0.0|-164241.01858988512|-164240.21139287142|-164239.42942076438|-164238.64744865737|-164237.81502673696
770.4|1.0|0.76|0.0|-163767.39975122546|-163766.5168794917|-163765.64662021134|-163764.81419829093|-163763.90610165053
770.6|1.0|0.76|0.0|-164096.3831635001|-164094.59219512597|-164092.8012267518|-164091.0354832843|-164089.2066775501
770.8|1.0|0.76|0.0|-163903.50091458354|-163901.97480772948|-163900.4613133288|-163898.98565628813|-163897.4343245274
771.0|1.0|0.76|0.0|-163971.64773916692|-163970.26036929962|-163968.92344924566|-163967.57391673836|-163966.18654687103
771.2|1.0|0.76|0.0|-164048.04726260595|-164046.94997916545|-164045.8400832716|-164044.76802473777|-164043.6202914839
771.4|1.0|0.76|0.0|-164189.79426364534|-164188.6969802048|-164187.58708431097|-164186.50241332382|-164185.3799049766
771.6|1.0|0.76|0.0|-163970.1654923206|-163969.16910850682|-163968.18533714637|-163967.21417823923|-163966.19256951878
771.8|1.0|0.76|0.0|-164257.98167752143|-164256.53124538742|-164255.11865061344|-164253.7312807461|-164252.26823615876
772.0|1.0|0.76|0.0|-164296.5656392689|-164295.20349430825|-164293.87918670764|-164292.554879107|-164291.18012169303
772.2|1.0|0.76|0.0|-164495.59836007917|-164494.31188983857|-164493.05064450466|-164491.80201162407|-164490.51554138347
772.4|1.0|0.76|0.0|-164332.88643448224|-164331.51167706828|-164330.17475701432|-164328.83783696036|-164327.45046709306
772.6|1.0|0.76|0.0|-164384.00637412362|-164382.92170313644|-164381.86225705597|-164380.82803588212|-164379.71813998828
772.8|1.0|0.76|0.0|-163896.20712877627|-163895.5512812026|-163894.933270989|-163894.34048568204|-163893.65941320173
773.0|1.0|0.76|0.0|-164273.81637689203|-164272.70648099817|-164271.583972651|-164270.49930166383|-164269.35156840994
773.2|1.0|0.76|0.0|-164556.89898158488|-164555.78908569104|-164554.6918022505|-164553.6197437167|-164552.47201046284
773.4|1.0|0.76|0.0|-164663.52188540975|-164662.39937706257|-164661.2768687154|-164660.1921977282|-164659.031852021
773.6|1.0|0.76|0.0|-164477.38861097817|-164476.25349017768|-164475.1688191905|-164474.09676065666|-164472.97425230945
773.8|1.0|0.76|0.0|-164689.9131019923|-164688.71491892508|-164687.52934831122|-164686.35639015067|-164685.13298217676
774.0|1.0|0.76|0.0|-164771.44470442936|-164770.37264589552|-164769.32581226836|-164768.26636618786|-164767.15647029402
774.2|1.0|0.76|0.0|-164614.03074225344|-164613.38750713316|-164612.74427201287|-164612.13887425256|-164611.45780177225
774.4|1.0|0.76|0.0|-164600.97571447346|-164600.19374236642|-164599.46222007278|-164598.75592268576|-164597.99917548543
774.6|1.0|0.76|0.0|-164568.00358394216|-164567.12071220842|-164566.250452928|-164565.41803100763|-164564.49732191383
774.8|1.0|0.76|0.0|-164441.8916630034|-164440.76915465618|-164439.65925876237|-164438.57458777516|-164437.4268545213
775.0|1.0|0.76|0.0|-164598.8884584955|-164597.91729958836|-164596.95875313456|-164596.03804404082|-164595.02904777369
775.2|1.0|0.76|0.0|-164533.97216115854|-164532.81181545134|-164531.65146974413|-164530.52896139695|-164529.3560032364
775.4|1.0|0.76|0.0|-164616.06871127596|-164614.90836556876|-164613.77324476824|-164612.66334887437|-164611.4777782605
775.6|1.0|0.76|0.0|-164762.8545959159|-164761.75731247538|-164760.6600290349|-164759.6005829544|-164758.4780746072
775.8|1.0|0.76|0.0|-164437.86621889385|-164436.55452374657|-164435.26805350598|-164433.98158326535|-164432.65727566477
776.0|1.0|0.76|0.0|-164435.44462785273|-164434.17077006545|-164432.92213718488|-164431.6735043043|-164430.39964651703
776.2|1.0|0.76|0.0|-164101.1098637969|-164099.78555619632|-164098.44863614233|-164097.16216590174|-164095.81263339444
776.4|1.0|0.76|0.0|-164470.0935727897|-164469.1980886026|-164468.31521686885|-164467.47018249513|-164466.53686094802
776.6|1.0|0.76|0.0|-164549.05555671174|-164547.83214873786|-164546.64657812397|-164545.47361996342|-164544.23759953617
776.8|1.0|0.76|0.0|-164379.38993832044|-164378.7971530135|-164378.2169801599|-164377.64941975963|-164377.01879709266
777.0|1.0|0.76|0.0|-164432.99918011265|-164431.5361355253|-164430.0983158446|-164428.68572107065|-164427.2226764833
777.2|1.0|0.76|0.0|-164022.26383405458|-164020.95213890728|-164019.66566866668|-164018.40442333274|-164017.0675032788
777.4|1.0|0.76|0.0|-163866.51142094837|-163865.12405108107|-163863.77451857377|-163862.4375985198|-163861.03761619914
777.6|1.0|0.76|0.0|-163632.21573425044|-163630.8662017431|-163629.54189414252|-163628.2554239019|-163626.89327894125
777.8|1.0|0.76|0.0|-163732.4090635771|-163730.84511936305|-163729.26856269562|-163727.72984338825|-163726.1280618142
778.0|1.0|0.76|0.0|-164022.8059459556|-164021.67082515504|-164020.5357043545|-164019.4131960073|-164018.2402378468
778.2|1.0|0.76|0.0|-164218.16066818283|-164217.11383455567|-164216.07961338185|-164215.05800466138|-164213.9985585809
778.4|1.0|0.76|0.0|-164082.4001854641|-164081.73172543713|-164081.0758778635|-164080.4326427432|-164079.7515702629
778.6|1.0|0.76|0.0|-164128.7924998484|-164127.5690918745|-164126.34568390058|-164125.16011328672|-164123.91148040612
778.8|1.0|0.76|0.0|-163893.64346193802|-163892.26870452403|-163890.91917201673|-163889.58225196277|-163888.18226964213
779.0|1.0|0.76|0.0|-164278.21467694044|-164276.54983309968|-164274.8976017122|-164273.25798277813|-164271.56791403066
779.2|1.0|0.76|0.0|-164232.3180860492|-164231.17035279534|-164230.0604569015|-164228.96317346097|-164227.80282775377
779.4|1.0|0.76|0.0|-164166.35495508512|-164165.25767164462|-164164.14777575075|-164163.08832967028|-164161.95320886973
779.6|1.0|0.76|0.0|-164054.54540553922|-164053.6120839921|-164052.69137489836|-164051.79589071128|-164050.84995671082
779.8|1.0|0.76|0.0|-164024.64654403238|-164023.78889720532|-164022.96908773828|-164022.14927827122|-164021.2790189908
780.0|1.0|0.76|0.0|-163986.15558786085|-163985.34839084715|-163984.54119383343|-163983.77183417976|-163982.926799806
780.2|1.0|0.76|0.0|-163945.86171213092|-163945.02929021054|-163944.24731810353|-163943.4401210898|-163942.63292407608
780.4|1.0|0.76|0.0|-163826.8025530039|-163826.02058089685|-163825.26383369652|-163824.50708649613|-163823.69988948244
780.6|1.0|0.76|0.0|-164350.54673112114|-164349.46206013396|-164348.39000160014|-164347.33055551964|-164346.2206596258
780.8|1.0|0.76|0.0|-164210.77849720526|-164209.78211339147|-164208.8235669377|-164207.8650204839|-164206.85602421677
781.0|1.0|0.76|0.0|-164083.80225976754|-164082.18786574012|-164080.59869661942|-164078.9969150453|-164077.36990856455
781.2|1.0|0.76|0.0|-163952.11139943864|-163950.95105373143|-163949.8159329309|-163948.69342458373|-163947.4952415165
781.4|1.0|0.76|0.0|-164333.50720137169|-164332.63694209128|-164331.79190771756|-164330.95948579715|-164330.0640016101
781.6|1.0|0.76|0.0|-164505.8443813065|-164504.75971031934|-164503.70026423884|-164502.64081815834|-164501.5309222645
781.8|1.0|0.76|0.0|-164248.0349367649|-164247.2655771112|-164246.52144236417|-164245.80253252384|-164245.0205604168
782.0|1.0|0.76|0.0|-164152.21812874687|-164150.8685962396|-164149.53167618564|-164148.21998103836|-164146.85783607775
782.2|1.0|0.76|0.0|-164270.66335526272|-164268.80932462183|-164266.9679064343|-164265.13910070015|-164263.25984515258
782.4|1.0|0.76|0.0|-164139.37921883247|-164137.9792365118|-164136.60447909782|-164135.24233413718|-164133.8297393632
782.6|1.0|0.76|0.0|-163961.10738505868|-163959.9218144448|-163958.73624383088|-163957.58851057704|-163956.36510260313
782.8|1.0|0.76|0.0|-164081.07704122126|-164080.24461930085|-164079.4121973805|-164078.60500036678|-164077.7095161797
783.0|1.0|0.76|0.0|-164292.95764226862|-164292.1126078949|-164291.2801859745|-164290.46037650743|-164289.6027296804
783.2|1.0|0.76|0.0|-164477.58144640288|-164476.78686184253|-164476.0048897355|-164475.23553008182|-164474.41572061475
783.4|1.0|0.76|0.0|-164221.97525390703|-164220.6131089464|-164219.25096398577|-164217.9140439318|-164216.51406161115
783.6|1.0|0.76|0.0|-164480.92802738564|-164479.88119375848|-164478.87219749135|-164477.8632012242|-164476.79114269037
783.8|1.0|0.76|0.0|-164256.5650949344|-164255.88402245406|-164255.2155624271|-164254.5597148534|-164253.8408050131
784.0|1.0|0.76|0.0|-164325.52998979317|-164324.93720448625|-164324.35703163265|-164323.78947123236|-164323.1840734721
784.2|1.0|0.76|0.0|-164268.8574535797|-164267.62143315244|-164266.41063763187|-164265.21245456464|-164263.97643413738
784.4|1.0|0.76|0.0|-164227.9174300406|-164226.45438545325|-164225.00395331922|-164223.59135854524|-164222.1030890512
784.6|1.0|0.76|0.0|-164394.729737905|-164393.77119145123|-164392.83786990412|-164391.904548357|-164390.9333894499
784.8|1.0|0.76|0.0|-164351.11519477045|-164349.462963383|-164347.83595690227|-164346.22156287482|-164344.55671903404
785.0|1.0|0.76|0.0|-164304.05350973745|-164302.72920213683|-164301.41750698956|-164300.131036749|-164298.76889178835
785.2|1.0|0.76|0.0|-164186.7955310428|-164185.55951061557|-164184.36132754834|-164183.18836938782|-164181.93973650722
785.4|1.0|0.76|0.0|-164010.3822393383|-164009.00748192432|-164007.6705618704|-164006.33364181645|-164004.95888440244
785.6|1.0|0.76|0.0|-164193.60791342834|-164192.3088307344|-164191.03497294715|-164189.76111515984|-164188.44942001256
785.8|1.0|0.76|0.0|-164218.06346045306|-164216.65086567908|-164215.23827090507|-164213.85090103775|-164212.41308135708
786.0|1.0|0.76|0.0|-164308.51997580187|-164307.2082806546|-164305.92181041403|-164304.6605650801|-164303.32364502613
786.2|1.0|0.76|0.0|-164206.83410028843|-164205.19448135435|-164203.55486242025|-164201.95308084614|-164200.30084945873
786.4|1.0|0.76|0.0|-164454.54158259745|-164453.36862443687|-164452.19566627633|-164451.04793302246|-164449.84974995526
786.6|1.0|0.76|0.0|-164402.7318553049|-164401.34448543758|-164399.98234047694|-164398.62019551636|-164397.20760074235
786.8|1.0|0.76|0.0|-164421.86520819223|-164420.4400009649|-164419.04001864424|-164417.65264877694|-164416.2022166429
787.0|1.0|0.76|0.0|-164312.75007517714|-164311.70324155|-164310.63118301614|-164309.60957429567|-164308.52490330848
787.2|1.0|0.76|0.0|-164428.6149530956|-164427.60595682845|-164426.60957301463|-164425.62580165418|-164424.57896802702
787.4|1.0|0.76|0.0|-164502.44305119626|-164501.0809062356|-164499.76921108834|-164498.44490348772|-164497.07014607373
787.6|1.0|0.76|0.0|-164121.87488413887|-164120.61363880493|-164119.37761837768|-164118.1542104038|-164116.88035261654
787.8|1.0|0.76|0.0|-164196.52675975914|-164195.5429883987|-164194.59705439827|-164193.63850794444|-164192.64212413065
788.0|1.0|0.76|0.0|-164133.15220360347|-164131.87834581622|-164130.6171004823|-164129.3810800551|-164128.09460981446
788.2|1.0|0.76|0.0|-163855.66090113894|-163854.2356939116|-163852.82309913763|-163851.41050436365|-163849.9474597763
788.4|1.0|0.76|0.0|-164144.6400869011|-164143.88333970075|-164143.15181740708|-164142.4455200201|-164141.6761603664
788.6|1.0|0.76|0.0|-163907.88980540138|-163906.71684724087|-163905.54388908032|-163904.4213807331|-163903.21058521254
788.8|1.0|0.76|0.0|-163991.07174846437|-163990.01230238387|-163989.00330611673|-163987.98169739626|-163986.89702640907
789.0|1.0|0.76|0.0|-164210.1143510469|-164208.4999570195|-164206.91078789876|-164205.34684368467|-164203.7072247506
789.2|1.0|0.76|0.0|-163935.2385429721|-163934.15387198492|-163933.09442590445|-163932.03497982395|-163930.9250839301
789.4|1.0|0.76|0.0|-164241.55445880312|-164240.34366328255|-164239.1580926687|-164237.97252205477|-164236.74911408089
789.6|1.0|0.76|0.0|-164361.39149756133|-164360.07980241405|-164358.79333217346|-164357.50686193284|-164356.15732942554
789.8|1.0|0.76|0.0|-164287.41674783122|-164285.97892815058|-164284.59155828325|-164283.20418841593|-164281.7663687353
790.0|1.0|0.76|0.0|-164178.97292686423|-164177.82519361033|-164176.7152977165|-164175.61801427597|-164174.4702810221
790.2|1.0|0.76|0.0|-164360.53138871747|-164359.2196935702|-164357.92061087626|-164356.63414063567|-164355.28460812836
790.4|1.0|0.76|0.0|-164241.37734437065|-164240.17916130344|-164239.01881559624|-164237.84585743566|-164236.62244946178
790.6|1.0|0.76|0.0|-164354.53416024687|-164352.89454131277|-164351.28014728535|-164349.67836571127|-164348.01352187048
790.8|1.0|0.76|0.0|-164483.83656952853|-164483.21855931493|-164482.63838646133|-164482.05821360773|-164481.42759094076
791.0|1.0|0.76|0.0|-164051.0636413965|-164050.01680776934|-164048.98258659552|-164047.9735903284|-164046.90153179457
791.2|1.0|0.76|0.0|-164023.68887637876|-164022.26366915143|-164020.8762992841|-164019.51415432346|-164018.0763346428
791.4|1.0|0.76|0.0|-163821.58194277642|-163820.47204688258|-163819.3999883487|-163818.31531736156|-163817.2054214677
791.6|1.0|0.76|0.0|-164411.2898948772|-164410.19261143668|-164409.09532799618|-164408.03588191568|-164406.91337356847
791.8|1.0|0.76|0.0|-163874.01696394046|-163872.64220652648|-163871.28006156586|-163869.9431415119|-163868.54315919123
792.0|1.0|0.76|0.0|-164255.19420011665|-164253.5419687292|-164251.92757470178|-164250.31318067436|-164248.64833683358
792.2|1.0|0.76|0.0|-164063.4218470939|-164061.98402741324|-164060.55882018592|-164059.15883786525|-164057.69579327793
792.4|1.0|0.76|0.0|-163893.90718588512|-163892.46936620446|-163891.05677143048|-163889.6567891098|-163888.1937445225
792.6|1.0|0.76|0.0|-163974.39195317385|-163973.25683237336|-163972.1217115728|-163971.02442813228|-163969.85146997176
792.8|1.0|0.76|0.0|-164070.13308647182|-164068.94751585793|-164067.78717015072|-164066.62682444352|-164065.44125382966
793.0|1.0|0.76|0.0|-164021.79104733362|-164020.41628991967|-164019.04153250568|-164017.70461245175|-164016.29201767777
793.2|1.0|0.76|0.0|-163863.0292923329|-163862.1590330525|-163861.3139986788|-163860.49418921172|-163859.59870502463
793.4|1.0|0.76|0.0|-164241.39635738332|-164240.2360116761|-164239.10089087556|-164237.97838252838|-164236.80542436783
793.6|1.0|0.76|0.0|-163831.43074189813|-163829.94247240413|-163828.4542029101|-163827.0163832294|-163825.50288882875
793.8|1.0|0.76|0.0|-164031.0036016997|-164029.81803108583|-164028.65768537862|-164027.50995212473|-164026.3117690575
794.0|1.0|0.76|0.0|-164203.98879663783|-164203.0428626374|-164202.10954109032|-164201.18883199655|-164200.20506063607
794.2|1.0|0.76|0.0|-164153.5497552291|-164152.21283517513|-164150.90114002785|-164149.58944488058|-164148.22729991993
794.4|1.0|0.76|0.0|-163915.69614706154|-163914.56102626098|-163913.4385179138|-163912.32862201997|-163911.16827631276
794.6|1.0|0.76|0.0|-164062.45367400098|-164061.12936640036|-164059.83028370643|-164058.51858855915|-164057.1816685052
794.8|1.0|0.76|0.0|-164060.36199522956|-164059.46651104247|-164058.57102685538|-164057.700767575|-164056.78005848124
795.0|1.0|0.76|0.0|-163825.3089853215|-163824.23692678768|-163823.1522558005|-163822.1180346267|-163821.0081387328
795.2|1.0|0.76|0.0|-163953.09647792685|-163952.01180693967|-163950.93974840583|-163949.88030232533|-163948.78301888483
795.4|1.0|0.76|0.0|-163951.43163408607|-163950.30912573886|-163949.19922984502|-163948.11455885784|-163946.966825604
795.6|1.0|0.76|0.0|-163753.23954231368|-163751.7891101797|-163750.351290499|-163748.95130817837|-163747.4630386843
795.8|1.0|0.76|0.0|-164227.1182155138|-164225.60472111308|-164224.14167652573|-164222.67863193838|-164221.17774999104
796.0|1.0|0.76|0.0|-163940.09943228285|-163938.93908657564|-163937.79135332175|-163936.65623252126|-163935.47066190734
796.2|1.0|0.76|0.0|-164144.0050588452|-164142.54201425787|-164141.12941948386|-164139.7168247099|-164138.25378012253
796.4|1.0|0.76|0.0|-164034.20104007403|-164032.93979474012|-164031.71638676623|-164030.50559124566|-164029.24434591175
796.6|1.0|0.76|0.0|-163870.3022532286|-163869.19235733474|-163868.09507389425|-163867.03562781375|-163865.91311946654
796.8|1.0|0.76|0.0|-164121.48635613397|-164120.36384778676|-164119.26656434624|-164118.16928090574|-164117.03416010522
797.0|1.0|0.76|0.0|-164286.69869717906|-164285.28610240505|-164283.8861200844|-164282.52397512377|-164281.0861554431
797.2|1.0|0.76|0.0|-164054.263280602|-164053.00203526806|-164051.76601484083|-164050.55521932023|-164049.29397398632
797.4|1.0|0.76|0.0|-164080.53645369736|-164079.14908383004|-164077.81216377608|-164076.47524372215|-164075.06264894814
797.6|1.0|0.76|0.0|-164012.39368434495|-164011.00631447765|-164009.644169517|-164008.30724946305|-164006.9072671424
797.8|1.0|0.76|0.0|-164122.7028622832|-164121.36594222923|-164120.05424708195|-164118.76777684136|-164117.40563188074
798.0|1.0|0.76|0.0|-164118.79300174804|-164117.58220622747|-164116.3714107069|-164115.18584009304|-164113.93720721244
798.2|1.0|0.76|0.0|-163837.623579457|-163836.6019707365|-163835.58036201604|-163834.5713657489|-163833.5119196684
798.4|1.0|0.76|0.0|-163940.98263457185|-163940.18805001143|-163939.39346545108|-163938.61149334404|-163937.7790714237
798.6|1.0|0.76|0.0|-163992.71962289631|-163991.5592771891|-163990.4241563886|-163989.31426049472|-163988.15391478752
798.8|1.0|0.76|0.0|-163664.38022680028|-163663.47213015988|-163662.5766459728|-163661.7063866924|-163660.7856775986
799.0|1.0|0.76|0.0|-164103.74974243858|-164102.9551578782|-164102.1479608645|-164101.39121366412|-164100.55879174374
799.2|1.0|0.76|0.0|-163793.25636613384|-163792.00773325327|-163790.78432527935|-163789.5735297588|-163788.3248968782
799.4|1.0|0.76|0.0|-163605.4658125344|-163604.54510344064|-163603.6370068002|-163602.75413506647|-163601.80820106604
799.6|1.0|0.76|0.0|-163584.69918080393|-163583.51361019007|-163582.3406520295|-163581.1803063223|-163579.9821232551
799.8|1.0|0.76|0.0|-163533.65082961568|-163532.49048390845|-163531.35536310793|-163530.2202423074|-163529.0598966002
800.0|1.0|0.76|0.0|-163558.648712134|-163557.43791661342|-163556.22712109287|-163555.0289380256|-163553.80553005173
800.2|1.0|0.76|0.0|-163483.60461476567|-163482.21724489835|-163480.8550999377|-163479.4929549771|-163478.0803602031
800.4|1.0|0.76|0.0|-163490.08741578204|-163489.24238140832|-163488.4099594879|-163487.59015002087|-163486.71989074047
800.6|1.0|0.76|0.0|-163724.9566353083|-163723.9980888545|-163723.05215485406|-163722.13144576031|-163721.14767439984
800.8|1.0|0.76|0.0|-163471.44205692934|-163470.5339602889|-163469.6384761018|-163468.76821682142|-163467.8348952743
801.0|1.0|0.76|0.0|-163652.28591893183|-163651.5670090915|-163650.8607117045|-163650.17963922417|-163649.43550447718
801.2|1.0|0.76|0.0|-164196.66873395233|-164195.20568936496|-164193.76786968432|-164192.34266245697|-164190.8417805096
801.4|1.0|0.76|0.0|-163929.11228969385|-163928.4186047602|-163927.72491982655|-163927.0690722529|-163926.33754995922
801.6|1.0|0.76|0.0|-163909.8357953948|-163908.4736504342|-163907.13673038024|-163905.82503523296|-163904.41244045898
801.8|1.0|0.76|0.0|-163798.97758184242|-163798.0947101087|-163797.249675735|-163796.3920289079|-163795.48393226747
802.0|1.0|0.76|0.0|-163956.1416282867|-163955.334431273|-163954.5272342593|-163953.7578746056|-163952.91284023187
802.2|1.0|0.76|0.0|-164058.84069442708|-164057.46593701313|-164056.11640450585|-164054.76687199855|-164053.36688967788
802.4|1.0|0.76|0.0|-164047.9790073514|-164046.7051495641|-164045.45651668354|-164044.24572116297|-164042.95925092237
802.6|1.0|0.76|0.0|-164219.55882257802|-164218.2723523374|-164216.99849455015|-164215.74986166955|-164214.45077897565
802.8|1.0|0.76|0.0|-164215.0652174813|-164213.94270913408|-164212.84542569355|-164211.78597961308|-164210.65085881256
803.0|1.0|0.76|0.0|-164223.952280856|-164223.48562008244|-164223.04418421557|-164222.61536080204|-164222.13608757517
803.2|1.0|0.76|0.0|-164322.7551017831|-164321.83439268937|-164320.96413340894|-164320.09387412854|-164319.1731650348
803.4|1.0|0.76|0.0|-163965.51654351447|-163964.48232234066|-163963.46071362018|-163962.45171735305|-163961.39227127255
803.6|1.0|0.76|0.0|-164212.67484818056|-164210.9847794331|-164209.31993559236|-164207.65509175157|-164205.93979809745
803.8|1.0|0.76|0.0|-164123.0206400318|-164121.948581498|-164120.8891354175|-164119.85491424368|-164118.7576308032
804.0|1.0|0.76|0.0|-163743.760929014|-163742.2474346133|-163740.75916511926|-163739.28350807857|-163737.75740122455
804.2|1.0|0.76|0.0|-163982.60571600942|-163981.52104502224|-163980.47421139508|-163979.45260267463|-163978.36793168745
804.4|1.0|0.76|0.0|-164125.1260047581|-164123.72602243748|-164122.33865257015|-164120.9765076095|-164119.53868792884
804.6|1.0|0.76|0.0|-164178.332828968|-164176.99590891405|-164175.6589888601|-164174.3725186195|-164172.98514875217
804.8|1.0|0.76|0.0|-164064.20898801688|-164062.8090056962|-164061.40902337554|-164060.0342659616|-164058.62167118755
805.0|1.0|0.76|0.0|-164288.84385087463|-164287.87269196752|-164286.92675796707|-164285.99343641996|-164285.0096650595
805.2|1.0|0.76|0.0|-164282.94122271187|-164281.70520228465|-164280.48179431073|-164279.27099879016|-164278.00975345625
805.4|1.0|0.76|0.0|-164289.80239732843|-164288.36457764774|-164286.95198287375|-164285.53938809974|-164284.07634351242
805.6|1.0|0.76|0.0|-164061.56744170203|-164060.44493335483|-164059.34764991433|-164058.2377540205|-164057.10263321997
805.8|1.0|0.76|0.0|-164170.61471327287|-164169.22734340554|-164167.8651984449|-164166.50305348428|-164165.0904587103
806.0|1.0|0.76|0.0|-164217.8948070143|-164216.7596862137|-164215.63717786653|-164214.55250687935|-164213.37954871883
806.2|1.0|0.76|0.0|-164156.81805029768|-164155.8595038439|-164154.90095739014|-164153.94241093638|-164152.94602712255
806.4|1.0|0.76|0.0|-164276.89291437916|-164275.846080752|-164274.81185957816|-164273.81547576436|-164272.71819232384
806.6|1.0|0.76|0.0|-164058.407385184|-164057.1587523034|-164055.94795678282|-164054.72454880894|-164053.463303475
806.8|1.0|0.76|0.0|-164183.1917373404|-164181.577343313|-164179.96294928555|-164178.39900507152|-164176.75938613742
807.0|1.0|0.76|0.0|-164249.98738768135|-164248.7387548008|-164247.51534682687|-164246.29193885298|-164245.03069351905
807.2|1.0|0.76|0.0|-164109.30136939758|-164107.71220027684|-164106.12303115608|-164104.57169939537|-164102.95730536795
807.4|1.0|0.76|0.0|-164262.18712261014|-164260.59795348937|-164259.00878436863|-164257.44484015455|-164255.83044612716
807.6|1.0|0.76|0.0|-164296.61609904337|-164295.25395408273|-164293.87919666877|-164292.5422766148|-164291.14229429417
807.8|1.0|0.76|0.0|-164483.7803631072|-164482.3677683332|-164480.9803984659|-164479.61825350526|-164478.20565873128
808.0|1.0|0.76|0.0|-164229.7994293275|-164228.42467191353|-164227.06252695288|-164225.7382193523|-164224.3634619383
808.2|1.0|0.76|0.0|-164049.8450328786|-164048.63423735806|-164047.44866674417|-164046.28832103696|-164045.07752551642
808.4|1.0|0.76|0.0|-163927.3907234082|-163925.96551618088|-163924.57814631355|-163923.21600135294|-163921.7907941256
808.6|1.0|0.76|0.0|-163695.07285702604|-163693.93773622555|-163692.81522787834|-163691.7179444378|-163690.5575987306
808.8|1.0|0.76|0.0|-163780.67395229248|-163779.04694581171|-163777.44516423767|-163775.8559951169|-163774.22898863617
809.0|1.0|0.76|0.0|-163815.6735103088|-163814.52577705495|-163813.3906562544|-163812.25553545388|-163811.09518974667
809.2|1.0|0.76|0.0|-163985.75724133136|-163984.97526922432|-163984.19329711728|-163983.43654991695|-163982.62935290326
809.4|1.0|0.76|0.0|-163853.81441570824|-163852.26308394753|-163850.71175218682|-163849.1730328794|-163847.5838637587
809.6|1.0|0.76|0.0|-163734.87898071948|-163733.59251047886|-163732.35649005164|-163731.12046962438|-163729.8339993838
809.8|1.0|0.76|0.0|-163738.04358938074|-163737.2868421804|-163736.53009498003|-163735.785960233|-163734.99137567266
810.0|1.0|0.76|0.0|-163761.45239041772|-163760.49384396392|-163759.5479099635|-163758.62720086973|-163757.64342950928
810.2|1.0|0.76|0.0|-163920.48281457185|-163919.27201905128|-163918.0612235307|-163916.86304046348|-163915.62702003625
810.4|1.0|0.76|0.0|-163731.45973834378|-163730.69037869008|-163729.93363148972|-163729.18949674268|-163728.39491218232
810.6|1.0|0.76|0.0|-163991.88662205165|-163991.00375031793|-163990.1334910375|-163989.28845666378|-163988.3929724767
810.8|1.0|0.76|0.0|-163742.45013236205|-163741.21411193482|-163740.00331641425|-163738.81774580036|-163737.55650046645
811.0|1.0|0.76|0.0|-163817.79532018592|-163816.8619986388|-163815.97912690506|-163815.09625517132|-163814.15032117086
811.2|1.0|0.76|0.0|-164063.34259573394|-164062.15702512002|-164060.9966794128|-164059.8363337056|-164058.63815063838
811.4|1.0|0.76|0.0|-163984.4899433837|-163983.45572220988|-163982.45933839606|-163981.47556703564|-163980.4413458618
811.6|1.0|0.76|0.0|-163886.40051435653|-163885.4293554494|-163884.48342144894|-163883.52487499517|-163882.55371608806
811.8|1.0|0.76|0.0|-164196.03624383418|-164195.26688418048|-164194.52274943347|-164193.77861468645|-164193.00925503275
812.0|1.0|0.76|0.0|-164006.45664599855|-164005.4098123714|-164004.38820365095|-164003.39181983712|-164002.33237375665
812.2|1.0|0.76|0.0|-164252.33642384651|-164251.37787739272|-164250.44455584564|-164249.51123429852|-164248.51485048473
812.4|1.0|0.76|0.0|-164104.24099673747|-164103.4085748171|-164102.57615289668|-164101.768955883|-164100.89869660258
812.6|1.0|0.76|0.0|-163713.7222389622|-163712.96549176183|-163712.22135701482|-163711.48983472114|-163710.69525016076
812.8|1.0|0.76|0.0|-163980.76945581604|-163979.949646349|-163979.15506178865|-163978.36047722824|-163977.5406677612
813.0|1.0|0.76|0.0|-164231.95303223288|-164231.03232313908|-164230.12422649868|-164229.24135476493|-164228.28280831114
813.2|1.0|0.76|0.0|-164249.28762126254|-164248.20295027536|-164247.13089174154|-164246.07144566104|-164244.94893731383
813.4|1.0|0.76|0.0|-163845.82785139448|-163844.88191739406|-163843.94859584694|-163843.04049920652|-163842.08195275275
813.6|1.0|0.76|0.0|-163902.58685411973|-163901.22470915908|-163899.9130140118|-163898.60131886453|-163897.2391739039
813.8|1.0|0.76|0.0|-163682.23886216144|-163681.28031570764|-163680.33438170722|-163679.41367261347|-163678.429901253
814.0|1.0|0.76|0.0|-163980.8061492724|-163979.96111489864|-163979.12869297827|-163978.32149596457|-163977.45123668414
814.2|1.0|0.76|0.0|-163722.57919398765|-163721.57019772052|-163720.58642636007|-163719.61526745296|-163718.59365873245
814.4|1.0|0.76|0.0|-164023.87065555606|-164022.53373550213|-164021.22204035486|-164019.9229576609|-164018.57342515362
814.6|1.0|0.76|0.0|-164119.61774388733|-164118.34388610005|-164117.10786567282|-164115.8844576989|-164114.59798745828
814.8|1.0|0.76|0.0|-164014.40465813162|-164013.15602525102|-164011.94522973045|-164010.73443420988|-164009.47318887597
815.0|1.0|0.76|0.0|-164225.89738050778|-164224.6865849872|-164223.4757894666|-164222.29021885275|-164221.04158597215
815.2|1.0|0.76|0.0|-164123.78386477672|-164122.88838058963|-164121.99289640255|-164121.12263712214|-164120.2019280284
815.4|1.0|0.76|0.0|-164021.2950689423|-164019.68067491485|-164018.10411824746|-164016.5401740334|-164014.91316755264
815.6|1.0|0.76|0.0|-164270.40363484505|-164269.45770084462|-164268.5496042042|-164267.6415075638|-164266.68296111
815.8|1.0|0.76|0.0|-164603.55550598676|-164602.42038518624|-164601.2852643857|-164600.18798094522|-164599.027635238
816.0|1.0|0.76|0.0|-164356.72431104025|-164355.7783770398|-164354.83244303937|-164353.9117339456|-164352.95318749183
816.2|1.0|0.76|0.0|-164350.02516701625|-164348.56212242885|-164347.11169029487|-164345.68648306752|-164344.1982135735
816.4|1.0|0.76|0.0|-164120.10431844465|-164118.76739839072|-164117.46831569675|-164116.16923300282|-164114.83231294886
816.6|1.0|0.76|0.0|-164652.08173376395|-164650.66913898996|-164649.28176912267|-164647.9070117087|-164646.48180448136
816.8|1.0|0.76|0.0|-164372.16094435347|-164370.66006240612|-164369.15918045875|-164367.6961358714|-164366.18264147072
817.0|1.0|0.76|0.0|-164189.06871881432|-164187.8074734804|-164186.57145305315|-164185.36065753258|-164184.074187292
817.2|1.0|0.76|0.0|-164129.4542662509|-164128.4704948904|-164127.48672352996|-164126.55340198288|-164125.54440571571
817.4|1.0|0.76|0.0|-164027.4951934567|-164026.4357473762|-164025.4015262024|-164024.37991748189|-164023.30785894807
817.6|1.0|0.76|0.0|-164010.98646541353|-164009.61170799955|-164008.2747879456|-164006.93786789163|-164005.52527311764
817.8|1.0|0.76|0.0|-164084.43336374866|-164083.02076897465|-164081.63339910732|-164080.24602924002|-164078.833434466
818.0|1.0|0.76|0.0|-164080.2362923874|-164078.89937233343|-164077.58767718615|-164076.30120694556|-164074.95167443826
818.2|1.0|0.76|0.0|-164550.3024283398|-164549.20514489934|-164548.12047391216|-164547.0484153783|-164545.93851948445
818.4|1.0|0.76|0.0|-164354.62237374103|-164353.28545368707|-164351.9737585398|-164350.7125132059|-164349.36298069858
818.6|1.0|0.76|0.0|-164398.27177732068|-164396.8970199067|-164395.53487494605|-164394.21056734546|-164392.8231974781
818.8|1.0|0.76|0.0|-164340.32562521574|-164338.74906854835|-164337.19773678764|-164335.67162993358|-164334.08246081285
819.0|1.0|0.76|0.0|-163955.24998865448|-163953.88784369384|-163952.52569873322|-163951.18877867926|-163949.80140881194
819.2|1.0|0.76|0.0|-164392.13584785568|-164390.87460252177|-164389.62596964117|-164388.4025616673|-164387.10347897332
819.4|1.0|0.76|0.0|-164369.92531752534|-164368.66407219143|-164367.4028268575|-164366.17941888358|-164364.88033618964
819.6|1.0|0.76|0.0|-164311.41277664315|-164310.06324413585|-164308.7641614419|-164307.4524662946|-164306.10293378733
819.8|1.0|0.76|0.0|-164394.66756678838|-164393.204522201|-164391.76670252037|-164390.34149529302|-164388.86583825236
820.0|1.0|0.76|0.0|-164155.6496405462|-164154.3883952123|-164153.15237478504|-164151.92896681113|-164150.65510902388
820.2|1.0|0.76|0.0|-163954.24360276287|-163952.79317062887|-163951.35535094817|-163949.9175312675|-163948.4292617735
820.4|1.0|0.76|0.0|-163617.62211361664|-163616.67617961622|-163615.7428580691|-163614.809536522|-163613.83837761488
820.6|1.0|0.76|0.0|-163667.7985190396|-163666.6255608791|-163665.49044007857|-163664.36793173137|-163663.19497357082
820.8|1.0|0.76|0.0|-163904.92409571048|-163903.75113754993|-163902.57817938938|-163901.44305858886|-163900.25748797497
821.0|1.0|0.76|0.0|-163719.91591048377|-163719.07087611|-163718.23845418962|-163717.41864472255|-163716.5357729888
821.2|1.0|0.76|0.0|-164078.11774290085|-164077.38622060718|-164076.6925356735|-164075.99885073982|-164075.25471599284
821.4|1.0|0.76|0.0|-163885.8434590753|-163884.91013752818|-163884.02726579443|-163883.1443940607|-163882.2110725136
821.6|1.0|0.76|0.0|-164127.63083006596|-164126.64705870548|-164125.67589979837|-164124.70474089123|-164123.69574462413
821.8|1.0|0.76|0.0|-164410.1497848643|-164408.9894391571|-164407.87954326326|-164406.7696473694|-164405.5840767555
822.0|1.0|0.76|0.0|-164383.0178758001|-164381.6052810261|-164380.19268625215|-164378.79270393148|-164377.35488425082
822.2|1.0|0.76|0.0|-164393.34737240235|-164392.77981200212|-164392.19963914852|-164391.64469120157|-164391.02668098794
822.4|1.0|0.76|0.0|-164574.9393065984|-164573.6276114511|-164572.3411412105|-164571.07989587658|-164569.75558827596
822.6|1.0|0.76|0.0|-164435.92789064677|-164434.70448267285|-164433.48107469897|-164432.28289163174|-164431.03425875114
822.8|1.0|0.76|0.0|-164474.7616344782|-164473.75263821107|-164472.75625439727|-164471.7724830368|-164470.75087431635
823.0|1.0|0.76|0.0|-164910.23181092116|-164909.26065201405|-164908.28949310695|-164907.35617155983|-164906.37240019938
823.2|1.0|0.76|0.0|-164647.20497689006|-164646.0194062762|-164644.84644811563|-164643.6987148618|-164642.50053179456
823.4|1.0|0.76|0.0|-164626.6014498922|-164625.3149796516|-164624.02850941097|-164622.79248898374|-164621.48079383647
823.6|1.0|0.76|0.0|-164666.50725225743|-164665.04420767011|-164663.58116308277|-164662.14334340207|-164660.65507390807
823.8|1.0|0.76|0.0|-164584.4758557392|-164583.49208437878|-164582.533537925|-164581.6002163779|-164580.61644501743
824.0|1.0|0.76|0.0|-164357.8679065936|-164356.6823359797|-164355.50937781917|-164354.34903211196|-164353.15084904473
824.2|1.0|0.76|0.0|-164258.77103493086|-164257.91338810383|-164257.06835373008|-164256.2359318097|-164255.35306007595
824.4|1.0|0.76|0.0|-164411.59170567294|-164410.0655988189|-164408.57732932488|-164407.08905983088|-164405.55034052345
824.6|1.0|0.76|0.0|-164164.1353711576|-164162.82367601033|-164161.51198086306|-164160.21289816915|-164158.87597811516
824.8|1.0|0.76|0.0|-164179.7027554982|-164178.41628525758|-164177.14242747033|-164175.89379458973|-164174.58209944246
825.0|1.0|0.76|0.0|-163916.27320457433|-163915.23898340054|-163914.21737468004|-163913.22099086625|-163912.16154478575
825.2|1.0|0.76|0.0|-164311.3821182267|-164310.5118589463|-164309.6415996659|-164308.8091777455|-164307.92630601174
825.4|1.0|0.76|0.0|-164608.62834561267|-164607.72024897224|-164606.8373772385|-164605.96711795806|-164605.03379641098
825.6|1.0|0.76|0.0|-164318.33934010647|-164317.5069181861|-164316.69972117236|-164315.905136612|-164315.0601022383
825.8|1.0|0.76|0.0|-164375.246729573|-164374.2125083992|-164373.2287370387|-164372.27019058494|-164371.24858186446
826.0|1.0|0.76|0.0|-164403.3783830891|-164402.445061542|-164401.53696490158|-164400.62886826115|-164399.67032180738
826.2|1.0|0.76|0.0|-164346.6991450952|-164345.614474108|-164344.5550280275|-164343.49558194703|-164342.38568605317
826.4|1.0|0.76|0.0|-164150.9646118242|-164149.72859139694|-164148.54302078308|-164147.3574501692|-164146.1088172886
826.6|1.0|0.76|0.0|-164063.0887521647|-164061.8401192841|-164060.59148640351|-164059.36807842963|-164058.09422064238
826.8|1.0|0.76|0.0|-164045.57099722212|-164044.18362735485|-164042.84670730084|-164041.49717479356|-164040.10980492624
827.0|1.0|0.76|0.0|-163991.83152837516|-163990.55767058788|-163989.29642525397|-163988.03517992006|-163986.74870967946
827.2|1.0|0.76|0.0|-164193.8173469531|-164192.6822261526|-164191.5723302587|-164190.47504681823|-164189.32731356434
827.4|1.0|0.76|0.0|-163872.69367651775|-163871.47026854384|-163870.24686056993|-163869.07390240938|-163867.82526952878
827.6|1.0|0.76|0.0|-163943.44224394255|-163942.28189823535|-163941.12155252814|-163939.99904418094|-163938.80086111373
827.8|1.0|0.76|0.0|-163927.65145236187|-163926.46588174795|-163925.30553604077|-163924.15780278688|-163922.95961971965
828.0|1.0|0.76|0.0|-164017.67914429714|-164016.5692484033|-164015.48457741612|-164014.42513133562|-164013.30262298844
828.2|1.0|0.76|0.0|-164201.7468791406|-164200.6748206068|-164199.62798697964|-164198.58115335248|-164197.4964823653
828.4|1.0|0.76|0.0|-164294.25922438374|-164292.99797904983|-164291.77457107592|-164290.551163102|-164289.2899177681
828.6|1.0|0.76|0.0|-164110.3479835635|-164108.88493897617|-164107.47234420216|-164106.0723618815|-164104.6219297475
828.8|1.0|0.76|0.0|-164268.2811242771|-164266.96942912982|-164265.6703464359|-164264.3838761953|-164263.05956859468
829.0|1.0|0.76|0.0|-164436.48610607212|-164434.88432449807|-164433.30776783064|-164431.75643606993|-164430.15465449583
829.2|1.0|0.76|0.0|-164116.4458422843|-164114.83144825685|-164113.25489158946|-164111.66572246872|-164110.05132844133
829.4|1.0|0.76|0.0|-164281.15187044107|-164279.4239643336|-164277.69605822614|-164276.00598947867|-164274.26547091786
829.6|1.0|0.76|0.0|-164266.1116634446|-164264.9513177374|-164263.81619693688|-164262.68107613636|-164261.5081179758
829.8|1.0|0.76|0.0|-164742.6512376472|-164741.38999231326|-164740.14135943266|-164738.91795145877|-164737.64409367152
830.0|1.0|0.76|0.0|-164567.80693044615|-164566.58352247224|-164565.347502045|-164564.14931897778|-164562.8628487372
830.2|1.0|0.76|0.0|-164655.5424645585|-164654.34428149127|-164653.17132333072|-164652.0109776235|-164650.80018210292
830.4|1.0|0.76|0.0|-164450.3122825288|-164449.1014870082|-164447.89069148767|-164446.70512087375|-164445.46910044653
830.6|1.0|0.76|0.0|-164603.4514893279|-164602.6821296742|-164601.9379949272|-164601.19386018018|-164600.42450052648
830.8|1.0|0.76|0.0|-164470.2666023975|-164469.57291746384|-164468.8918449835|-164468.2107725032|-164467.5044751162
831.0|1.0|0.76|0.0|-164373.06610604626|-164371.9814350591|-164370.90937652526|-164369.84993044476|-164368.74003455092
831.2|1.0|0.76|0.0|-164467.55860646366|-164465.79286299614|-164464.03973198202|-164462.3244383279|-164460.5334699537
831.4|1.0|0.76|0.0|-164220.0600212401|-164218.69787627948|-164217.33573131883|-164216.0114237182|-164214.63666630426
831.6|1.0|0.76|0.0|-164064.1576550782|-164062.64416067748|-164061.15589118347|-164059.64239678276|-164058.1162899287
831.8|1.0|0.76|0.0|-164497.83955237138|-164496.4017326907|-164494.95130055668|-164493.52609332936|-164492.063048742
832.0|1.0|0.76|0.0|-164471.91028431905|-164470.6742638918|-164469.46346837122|-164468.27789775733|-164467.02926487676
832.2|1.0|0.76|0.0|-164466.51215428987|-164464.97343498247|-164463.45994058176|-164461.94644618107|-164460.39511442036
832.4|1.0|0.76|0.0|-164463.53435094873|-164462.020856548|-164460.54519950732|-164459.08215491998|-164457.55604806592
832.6|1.0|0.76|0.0|-164498.82399539184|-164497.8149991247|-164496.80600285757|-164495.84745640378|-164494.81323522996
832.8|1.0|0.76|0.0|-164175.43926669596|-164174.4807202422|-164173.54739869508|-164172.61407714797|-164171.6429182409
833.0|1.0|0.76|0.0|-164113.22398006002|-164112.01318453945|-164110.81500147222|-164109.62943085836|-164108.40602288442
833.2|1.0|0.76|0.0|-164266.69411190363|-164265.86168998323|-164265.05449296953|-164264.27252086252|-164263.42748648877
833.4|1.0|0.76|0.0|-164146.78766615267|-164145.56425817878|-164144.34085020487|-164143.15527959098|-164141.89403425707
833.6|1.0|0.76|0.0|-164427.43997785685|-164426.15350761625|-164424.8922622823|-164423.63101694838|-164422.3193218011
833.8|1.0|0.76|0.0|-164385.18825917045|-164384.02791346324|-164382.86756775604|-164381.73244695552|-164380.54687634163
834.0|1.0|0.76|0.0|-164623.5402291668|-164622.3546585529|-164621.20692529905|-164620.0718044985|-164618.8736214313
834.2|1.0|0.76|0.0|-164456.23603562213|-164455.3153265284|-164454.407229888|-164453.49913324753|-164452.55319924708
834.4|1.0|0.76|0.0|-164453.36178950375|-164452.55459249005|-164451.77262038304|-164451.01587318265|-164450.20867616896
834.6|1.0|0.76|0.0|-164406.04729450718|-164404.97523597334|-164403.91578989287|-164402.8689562657|-164401.78428527853
834.8|1.0|0.76|0.0|-164514.10269459873|-164513.27027267835|-164512.46307566465|-164511.65587865093|-164510.81084427718
835.0|1.0|0.76|0.0|-164419.61637393432|-164418.91007654733|-164418.229004067|-164417.54793158668|-164416.816409293
835.2|1.0|0.76|0.0|-164517.61072139116|-164516.58911267066|-164515.5927288569|-164514.6089574964|-164513.5747363226
835.4|1.0|0.76|0.0|-164367.05179553933|-164366.09324908553|-164365.15992753845|-164364.23921844468|-164363.26805953757
835.6|1.0|0.76|0.0|-164693.908181366|-164692.8739601922|-164691.8775763784|-164690.90641747127|-164689.87219629745
835.8|1.0|0.76|0.0|-164265.17812540673|-164264.25741631296|-164263.37454457922|-164262.49167284547|-164261.55835129836
836.0|1.0|0.76|0.0|-164595.63701534743|-164594.4892820935|-164593.35416129304|-164592.25687785252|-164591.07130723863
836.2|1.0|0.76|0.0|-164258.29032249431|-164257.33177604052|-164256.41106694678|-164255.490357853|-164254.50658649256
836.4|1.0|0.76|0.0|-164682.18465636545|-164681.55403369849|-164680.93602348486|-164680.3432381779|-164679.6873906043
836.6|1.0|0.76|0.0|-164521.06667765972|-164520.1964183793|-164519.37660891228|-164518.56941189856|-164517.7117650715
836.8|1.0|0.76|0.0|-164407.79257080922|-164406.63222510202|-164405.4971043015|-164404.38720840766|-164403.21425024708
837.0|1.0|0.76|0.0|-164371.63049220605|-164370.57104612555|-164369.53682495173|-164368.51521623123|-164367.44315769742
837.2|1.0|0.76|0.0|-164351.42012746446|-164350.63815535742|-164349.85618325038|-164349.09943605002|-164348.30485148964
837.4|1.0|0.76|0.0|-164259.52579243493|-164258.71859542123|-164257.96184822088|-164257.1924885672|-164256.37267910014
837.6|1.0|0.76|0.0|-164333.9196317343|-164332.78451093376|-164331.64939013324|-164330.52688178606|-164329.35392362552
837.8|1.0|0.76|0.0|-164414.57809435367|-164413.07721240626|-164411.61416781897|-164410.16373568494|-164408.63762883088
838.0|1.0|0.76|0.0|-164193.12652862788|-164192.40761878755|-164191.7139338539|-164191.0454738269|-164190.3013390799
838.2|1.0|0.76|0.0|-164188.5055571813|-164187.4082737408|-164186.33621520695|-164185.28938157982|-164184.19209813932
838.4|1.0|0.76|0.0|-164406.62532522963|-164405.75506594926|-164404.9100315755|-164404.10283456184|-164403.2199628281
838.6|1.0|0.76|0.0|-164089.0185252416|-164088.0473663345|-164087.10143233408|-164086.16811078697|-164085.1843394265
838.8|1.0|0.76|0.0|-164180.5838412958|-164179.18385897516|-164177.83432646786|-164176.48479396055|-164175.0721991866
839.0|1.0|0.76|0.0|-163821.42024796674|-163820.57521359302|-163819.76801657933|-163818.9860444723|-163818.12839764525
839.2|1.0|0.76|0.0|-163739.110206635|-163737.7606741277|-163736.43636652708|-163735.14989628646|-163733.81297623253
839.4|1.0|0.76|0.0|-164013.1815120714|-164011.49144332396|-164009.83921193657|-164008.21220545578|-164006.49691180163
839.6|1.0|0.76|0.0|-163880.4059886332|-163878.71591988573|-163877.03846359163|-163875.37361975084|-163873.67093855006
839.8|1.0|0.76|0.0|-164239.60380818092|-164238.09031378024|-164236.5642069262|-164235.0885498855|-164233.52460567144
840.0|1.0|0.76|0.0|-164115.32739556688|-164113.86435097954|-164112.38869393885|-164110.95087425818|-164109.4499923108
840.2|1.0|0.76|0.0|-164211.35356414792|-164209.76439502716|-164208.17522590642|-164206.6238941457|-164205.0221125716
840.4|1.0|0.76|0.0|-163948.68661090548|-163947.63977727832|-163946.59294365117|-163945.55872247735|-163944.47405149016
840.6|1.0|0.76|0.0|-164160.8533009777|-164159.20106959026|-164157.56145065618|-164155.93444417542|-164154.24437542795
840.8|1.0|0.76|0.0|-164103.11062409414|-164101.49623006672|-164099.907060946|-164098.30527937188|-164096.67827289112
841.0|1.0|0.76|0.0|-164111.67767235474|-164110.27769003407|-164108.9029326201|-164107.5534001128|-164106.1281928855
841.2|1.0|0.76|0.0|-164045.45950282455|-164044.32438202403|-164043.18926122348|-164042.07936532964|-164040.89379471575
841.4|1.0|0.76|0.0|-163900.21956116788|-163899.2610147141|-163898.27724335366|-163897.34392180658|-163896.34753799275
841.6|1.0|0.76|0.0|-164471.79031828433|-164470.55429785707|-164469.3687272432|-164468.1831566293|-164466.94713620207
841.8|1.0|0.76|0.0|-164215.10166792467|-164213.4998863506|-164211.94855458988|-164210.40983528248|-164208.82066616174
842.0|1.0|0.76|0.0|-164145.2863570271|-164143.65935054634|-164142.05756897223|-164140.4683998515|-164138.80355601074
842.2|1.0|0.76|0.0|-163971.03270169254|-163969.74623145192|-163968.484986118|-163967.21112833073|-163965.9120456368
842.4|1.0|0.76|0.0|-163982.44914750385|-163980.91042819645|-163979.39693379577|-163977.90866430174|-163976.34472008765
842.6|1.0|0.76|0.0|-164129.23567130987|-164127.46992784235|-164125.7167968282|-164124.00150317408|-164122.2105347999
842.8|1.0|0.76|0.0|-164040.92980845596|-164039.71901293538|-164038.5334423215|-164037.34787170764|-164036.11185128038
843.0|1.0|0.76|0.0|-163711.81094033882|-163710.57491991157|-163709.35151193768|-163708.1281039638|-163706.8794710832
843.2|1.0|0.76|0.0|-164068.4723250058|-164067.19846721855|-164065.94983433798|-164064.71381391076|-164063.4147312168
843.4|1.0|0.76|0.0|-164226.34886746298|-164224.89843532894|-164223.47322810162|-164222.06063332764|-164220.5975887403
843.6|1.0|0.76|0.0|-164149.73933610285|-164148.75556474237|-164147.77179338192|-164146.81324692813|-164145.77902575434
843.8|1.0|0.76|0.0|-164397.87606419116|-164396.61481885726|-164395.37879843003|-164394.1553904561|-164392.88153266883
844.0|1.0|0.76|0.0|-164135.57072670106|-164134.41038099385|-164133.2374228333|-164132.08968957944|-164130.87889405887
844.2|1.0|0.76|0.0|-163941.02649751346|-163939.8409268996|-163938.66796873906|-163937.5328479385|-163936.33466487128
844.4|1.0|0.76|0.0|-164189.09089885384|-164188.22063957344|-164187.37560519972|-164186.54318327934|-164185.66031154557
844.6|1.0|0.76|0.0|-164134.57343801713|-164133.64011647002|-164132.70679492294|-164131.8239231892|-164130.86537673543
844.8|1.0|0.76|0.0|-164284.86900024192|-164283.56991754795|-164282.2960597607|-164281.0095895201|-164279.6978943728
845.0|1.0|0.76|0.0|-164369.10398225178|-164367.71661238445|-164366.3544674238|-164364.9923224632|-164363.5797276892
845.2|1.0|0.76|0.0|-164211.17084153814|-164210.01049583094|-164208.85015012373|-164207.71502932318|-164206.50423380264
845.4|1.0|0.76|0.0|-164228.8103215423|-164227.53646375504|-164226.28783087447|-164225.0518104472|-164223.74011529994
845.6|1.0|0.76|0.0|-164417.4673985902|-164416.59713930983|-164415.7521049361|-164414.9196830157|-164414.0494237353
845.8|1.0|0.76|0.0|-164382.76147299126|-164381.92905107088|-164381.1344665105|-164380.35249440346|-164379.4948475764
846.0|1.0|0.76|0.0|-164208.1828294388|-164207.42608223844|-164206.68194749142|-164205.9630376511|-164205.18106554405
846.2|1.0|0.76|0.0|-164071.01260197084|-164069.87748117032|-164068.7928101831|-164067.70813919595|-164066.5604059421
846.4|1.0|0.76|0.0|-164134.4707141994|-164133.25991867884|-164132.07434806495|-164130.9013899044|-164129.6779819305
846.6|1.0|0.76|0.0|-164408.2673313911|-164407.32139739065|-164406.40068829688|-164405.47997920314|-164404.52143274937
846.8|1.0|0.76|0.0|-164533.39548096943|-164532.4621594223|-164531.56667523523|-164530.68380350148|-164529.75048195437
847.0|1.0|0.76|0.0|-164539.37962308785|-164538.09315284726|-164536.83190751335|-164535.5958870861|-164534.27157948547
847.2|1.0|0.76|0.0|-164558.7848331431|-164557.87673650266|-164556.98125231557|-164556.09838058185|-164555.1650590347
847.4|1.0|0.76|0.0|-164625.59481800802|-164624.42185984747|-164623.29935150026|-164622.17684315308|-164621.00388499253
847.6|1.0|0.76|0.0|-164718.18380220263|-164717.1748059355|-164716.19103457505|-164715.20726321457|-164714.17304204075
847.8|1.0|0.76|0.0|-164651.2958829234|-164649.63103908263|-164647.96619524187|-164646.3391887611|-164644.661732467
848.0|1.0|0.76|0.0|-164207.99389271002|-164206.61913529606|-164205.25699033542|-164203.92007028146|-164202.52008796082
848.2|1.0|0.76|0.0|-164437.76527398362|-164436.6427656364|-164435.5076448359|-164434.4229738487|-164433.2626281415
848.4|1.0|0.76|0.0|-164244.807350347|-164243.60916727976|-164242.43620911925|-164241.26325095867|-164240.06506789147
848.6|1.0|0.76|0.0|-164464.15724876884|-164463.22392722173|-164462.2906056746|-164461.3825090342|-164460.42396258042
848.8|1.0|0.76|0.0|-164523.73930906266|-164522.4402263687|-164521.12853122145|-164519.85467343417|-164518.51775338023
849.0|1.0|0.76|0.0|-164206.5861469636|-164205.29967672302|-164204.05104384245|-164202.80241096186|-164201.51594072126
849.2|1.0|0.76|0.0|-164201.87696570338|-164200.32563394264|-164198.78691463528|-164197.27342023456|-164195.70947602048
849.4|1.0|0.76|0.0|-164069.7867418818|-164068.2732474811|-164066.79759044043|-164065.3471583064|-164063.84627635905
849.6|1.0|0.76|0.0|-164081.9451469008|-164080.44426495343|-164078.98122036608|-164077.54340068542|-164076.04251873808
849.8|1.0|0.76|0.0|-164163.5729449122|-164162.1981874982|-164160.8486549909|-164159.51173493697|-164158.1117526163
850.0|1.0|0.76|0.0|-164336.29839986668|-164334.8479677327|-164333.42276050532|-164332.01016573136|-164330.54712114402
850.2|1.0|0.76|0.0|-164198.25004977823|-164196.83745500428|-164195.4374726836|-164194.06271526965|-164192.62489558896
850.4|1.0|0.76|0.0|-164100.6063341645|-164099.6099503507|-164098.62617899026|-164097.6676325365|-164096.65863626936
850.6|1.0|0.76|0.0|-164018.72628708635|-164017.75512817924|-164016.8091941788|-164015.86326017836|-164014.87948881788
850.8|1.0|0.76|0.0|-164044.5439790717|-164043.5349828046|-164042.55121144414|-164041.56744008366|-164040.55844381652
851.0|1.0|0.76|0.0|-164212.08680357464|-164210.80033333405|-164209.55170045345|-164208.31568002622|-164207.0165973323
851.2|1.0|0.76|0.0|-164369.11184764784|-164368.2289759141|-164367.37132908704|-164366.55151961997|-164365.64342297957
851.4|1.0|0.76|0.0|-164418.65283122883|-164418.14833309528|-164417.66905986835|-164417.18978664148|-164416.6474511479
851.6|1.0|0.76|0.0|-164307.44724177595|-164306.9175187357|-164306.4004081488|-164305.90852246858|-164305.36618697498
851.8|1.0|0.76|0.0|-164543.66588036602|-164542.6190467389|-164541.57221311174|-164540.53799193792|-164539.45332095074
852.0|1.0|0.76|0.0|-164339.33887361677|-164338.35510225632|-164337.4217807092|-164336.48845916212|-164335.479462895
852.2|1.0|0.76|0.0|-164401.14594140413|-164400.04865796366|-164398.98921188313|-164397.92976580263|-164396.8198699088
852.4|1.0|0.76|0.0|-164226.94273588294|-164225.89590225578|-164224.88690598865|-164223.87790972152|-164222.81846364104
852.6|1.0|0.76|0.0|-164483.3773314046|-164482.53229703088|-164481.72510001718|-164480.9305154568|-164480.0728686297
852.8|1.0|0.76|0.0|-164506.2685329434|-164505.25953667625|-164504.26315286246|-164503.29199395532|-164502.25777278148
853.0|1.0|0.76|0.0|-164327.67698991625|-164326.40313212897|-164325.15449924843|-164323.94370372783|-164322.65723348723
853.2|1.0|0.76|0.0|-164319.41583297905|-164318.2680997252|-164317.13297892467|-164315.99785812412|-164314.8375124169
853.4|1.0|0.76|0.0|-164210.80452849506|-164209.64418278786|-164208.5090619873|-164207.39916609347|-164206.23882038626
853.6|1.0|0.76|0.0|-164294.09368779036|-164292.98379189652|-164291.86128354934|-164290.77661256216|-164289.61626685495
853.8|1.0|0.76|0.0|-164376.64182925655|-164375.73373261615|-164374.83824842906|-164373.96798914863|-164373.0472800549
854.0|1.0|0.76|0.0|-164236.2250030468|-164235.49348075312|-164234.7745709128|-164234.05566107246|-164233.29891387213
854.2|1.0|0.76|0.0|-164447.6882152132|-164446.70444385277|-164445.74589739894|-164444.78735094515|-164443.77835467804
854.4|1.0|0.76|0.0|-164412.5246953035|-164411.12471298283|-164409.72473066216|-164408.33736079486|-164406.8995411142
854.6|1.0|0.76|0.0|-164324.71571873192|-164323.70672246482|-164322.710338651|-164321.73917974386|-164320.71757102342
854.8|1.0|0.76|0.0|-164268.59712658715|-164267.55029296|-164266.54129669286|-164265.55752533238|-164264.4980792519
855.0|1.0|0.76|0.0|-164269.61470767282|-164268.21472535215|-164266.81474303151|-164265.45259807087|-164264.0147783902
855.2|1.0|0.76|0.0|-164331.66380082257|-164331.05840306228|-164330.47823020868|-164329.92328226173|-164329.30527204814
855.4|1.0|0.76|0.0|-164554.08634230582|-164552.97644641198|-164551.91700033148|-164550.83232934432|-164549.72243345046
855.6|1.0|0.76|0.0|-164401.2252890986|-164399.96404376466|-164398.74063579075|-164397.5172278169|-164396.25598248295
855.8|1.0|0.76|0.0|-164563.80670997428|-164562.7220389871|-164561.6625929066|-164560.61575927943|-164559.51847583897
856.0|1.0|0.76|0.0|-164306.8169239097|-164305.80792764257|-164304.8493811888|-164303.90344718835|-164302.8818384679
856.2|1.0|0.76|0.0|-164379.28808079683|-164378.25385962302|-164377.23225090254|-164376.22325463538|-164375.1638085549
856.4|1.0|0.76|0.0|-164162.23526456623|-164160.7469950722|-164159.2587255782|-164157.80829344416|-164156.29479904345
856.6|1.0|0.76|0.0|-164238.64826463058|-164237.5635936434|-164236.52937246955|-164235.4825388424|-164234.39786785524
856.8|1.0|0.76|0.0|-164217.13167196565|-164215.84520172508|-164214.58395639114|-164213.32271105723|-164212.02362836327
857.0|1.0|0.76|0.0|-164421.36639124088|-164419.87812174685|-164418.42768961284|-164416.97725747884|-164415.4889879848
857.2|1.0|0.76|0.0|-164675.10298542207|-164673.32462950124|-164671.5714984871|-164669.83097992628|-164668.04001155208
857.4|1.0|0.76|0.0|-164361.5605456085|-164360.501099528|-164359.49210326085|-164358.45788208704|-164357.39843600654
857.6|1.0|0.76|0.0|-164178.48736962676|-164177.81890959977|-164177.17567447948|-164176.5450518125|-164175.85136687884
857.8|1.0|0.76|0.0|-164404.93429987377|-164403.98836587332|-164403.05504432623|-164402.15956013915|-164401.188401232
858.0|1.0|0.76|0.0|-164501.77559420597|-164500.80443529884|-164499.8837262051|-164498.95040465798|-164497.99185820422
858.2|1.0|0.76|0.0|-164306.55684594242|-164305.4469500486|-164304.3875039681|-164303.3280578876|-164302.19293708706
858.4|1.0|0.76|0.0|-164119.13100255563|-164118.17245610183|-164117.22652210138|-164116.30581300764|-164115.3220416472
858.6|1.0|0.76|0.0|-164042.61791547388|-164041.96206790023|-164041.33144523326|-164040.71343501966|-164040.03236253932
858.8|1.0|0.76|0.0|-164289.41840241558|-164288.4346310551|-164287.4382472413|-164286.47970078755|-164285.45809206704
859.0|1.0|0.76|0.0|-164363.73769045234|-164362.51428247846|-164361.31609941123|-164360.14314125068|-164358.8945083701
859.2|1.0|0.76|0.0|-164091.74190729065|-164090.36714987666|-164089.01761736936|-164087.66808486206|-164086.25549008808
859.4|1.0|0.76|0.0|-164451.0076406581|-164450.06170665767|-164449.1409975639|-164448.2455133768|-164447.28696692304
859.6|1.0|0.76|0.0|-164186.4416782701|-164185.16782048283|-164183.9318000556|-164182.69577962835|-164181.40930938776
859.8|1.0|0.76|0.0|-164285.67846588735|-164284.48028282012|-164283.30732465957|-164282.1217540457|-164280.9109585251
860.0|1.0|0.76|0.0|-164276.6227243898|-164275.2858043358|-164273.97410918854|-164272.68763894794|-164271.33810644064
860.2|1.0|0.76|0.0|-164394.03066609506|-164393.1099570013|-164392.18924790755|-164391.3063761738|-164390.3730546267
860.4|1.0|0.76|0.0|-164152.66605224393|-164152.16155411035|-164151.68228088348|-164151.2030076566|-164150.67328461635
860.6|1.0|0.76|0.0|-164310.18298199735|-164309.40100989034|-164308.63165023664|-164307.88751548962|-164307.06770602256
860.8|1.0|0.76|0.0|-164325.8350365913|-164325.20441392437|-164324.5737912574|-164323.9683934971|-164323.2873210168
861.0|1.0|0.76|0.0|-164243.3079691522|-164242.50077213848|-164241.71880003146|-164240.93682792442|-164240.11701845736
861.2|1.0|0.76|0.0|-164544.89960506305|-164543.47439783573|-164542.08702796843|-164540.71227055445|-164539.27445087375
861.4|1.0|0.76|0.0|-164881.57643449996|-164880.56743823286|-164879.59627932575|-164878.6251204186|-164877.60351169814
861.6|1.0|0.76|0.0|-164738.86368306642|-164738.1069358661|-164737.36280111907|-164736.6312788254|-164735.83669426505
861.8|1.0|0.76|0.0|-164731.5334037462|-164730.90278107923|-164730.27215841226|-164729.69198555866|-164729.03613798504
862.0|1.0|0.76|0.0|-164634.56025468808|-164633.5008086076|-164632.4413625271|-164631.43236625995|-164630.3224703661
862.2|1.0|0.76|0.0|-164806.25305153613|-164805.31972998902|-164804.3864084419|-164803.47831180147|-164802.5197653477
862.4|1.0|0.76|0.0|-164540.01677399868|-164538.95732791818|-164537.8978818377|-164536.87627311723|-164535.79160213005
862.6|1.0|0.76|0.0|-164380.08982580598|-164378.74029329867|-164377.41598569806|-164376.10429055078|-164374.72953313682
862.8|1.0|0.76|0.0|-164458.1558020898|-164457.14680582267|-164456.13780955554|-164455.15403819506|-164454.10720456793
863.0|1.0|0.76|0.0|-164593.764900393|-164593.03337809932|-164592.32708071236|-164591.62078332534|-164590.88926103167
863.2|1.0|0.76|0.0|-164437.77407749364|-164436.46238234636|-164435.16329965243|-164433.88944186515|-164432.55252181122
863.4|1.0|0.76|0.0|-164175.6669000467|-164174.78402831295|-164173.9263814859|-164173.0939595655|-164172.21108783176
863.6|1.0|0.76|0.0|-164172.95652850202|-164171.6952831681|-164170.44665028751|-164169.23585476694|-164167.94938452638
863.8|1.0|0.76|0.0|-164428.1750406989|-164427.14081952508|-164426.13182325795|-164425.14805189747|-164424.088605817
864.0|1.0|0.76|0.0|-164853.16546543993|-164852.01773218607|-164850.88261138555|-164849.77271549168|-164848.5871448778
864.2|1.0|0.76|0.0|-164688.48412550252|-164687.65170358217|-164686.83189411508|-164686.0373095547|-164685.19227518098
864.4|1.0|0.76|0.0|-164560.77249092274|-164560.09141844243|-164559.43557086878|-164558.77972329516|-164558.0860383615
864.6|1.0|0.76|0.0|-164463.89976331347|-164462.6511304329|-164461.4024975523|-164460.17908957842|-164458.90523179114
864.8|1.0|0.76|0.0|-164472.30197424974|-164470.90199192907|-164469.52723451512|-164468.16508955447|-164466.7524947805
865.0|1.0|0.76|0.0|-164436.25713241214|-164435.47516030516|-164434.74363801148|-164434.01211571778|-164433.23014361077
865.2|1.0|0.76|0.0|-164663.69584516867|-164662.6490115415|-164661.62740282103|-164660.6057941006|-164659.5337355667
865.4|1.0|0.76|0.0|-164237.15565044142|-164235.93224246753|-164234.70883449362|-164233.52326387973|-164232.27463099913
865.6|1.0|0.76|0.0|-164369.74696520128|-164368.4604949607|-164367.19924962678|-164365.96322919952|-164364.6641465056
865.8|1.0|0.76|0.0|-164500.84092402385|-164499.51661642324|-164498.2301461826|-164496.94367594202|-164495.6067558881
866.0|1.0|0.76|0.0|-164556.46867494908|-164555.44706622863|-164554.4380699615|-164553.45429860102|-164552.42007742723
866.2|1.0|0.76|0.0|-164735.85559879272|-164734.68264063218|-164733.53490737829|-164732.39978657776|-164731.20160351056
866.4|1.0|0.76|0.0|-164324.54834515863|-164323.16097529134|-164321.7988303307|-164320.46191027673|-164319.04931550272
866.6|1.0|0.76|0.0|-164328.76196198995|-164327.61422873609|-164326.46649548225|-164325.35659958835|-164324.1710289745
866.8|1.0|0.76|0.0|-164665.5396910536|-164664.65681931985|-164663.7991724928|-164662.94152566572|-164662.05865393198
867.0|1.0|0.76|0.0|-164406.04046378084|-164404.95579279368|-164403.89634671318|-164402.86212553937|-164401.77745455218
867.2|1.0|0.76|0.0|-164247.0439755702|-164246.11065402313|-164245.21516983604|-164244.3449105556|-164243.41158900852
867.4|1.0|0.76|0.0|-164533.84059560468|-164532.8315993375|-164531.8226030704|-164530.8514441633|-164529.81722298946
867.6|1.0|0.76|0.0|-164186.22202836262|-164184.63285924192|-164183.0563025745|-164181.50497081375|-164179.89057678636
867.8|1.0|0.76|0.0|-164212.16370190223|-164211.3565048885|-164210.5493078748|-164209.77994822108|-164208.9475263007
868.0|1.0|0.76|0.0|-164348.84319086152|-164347.50627080756|-164346.18196320694|-164344.88288051297|-164343.50812309902
868.2|1.0|0.76|0.0|-164320.49284405264|-164319.30727343872|-164318.1090903715|-164316.93613221098|-164315.71272423706
868.4|1.0|0.76|0.0|-164352.28026048283|-164350.61541664205|-164348.9631852546|-164347.33617877387|-164345.6461100264
868.6|1.0|0.76|0.0|-164350.73483608407|-164349.47359075013|-164348.25018277625|-164347.05199970902|-164345.77814192176
868.8|1.0|0.76|0.0|-164280.5595369825|-164279.60099052874|-164278.66766898162|-164277.7343474345|-164276.7505760741
869.0|1.0|0.76|0.0|-164666.57062524828|-164665.258930101|-164663.92201004707|-164662.63553980645|-164661.27339484583
869.2|1.0|0.76|0.0|-164477.38146653448|-164476.0949962939|-164474.83375095995|-164473.59773053273|-164472.28603538545
869.4|1.0|0.76|0.0|-164711.3705100651|-164710.26061417127|-164709.1507182774|-164708.09127219694|-164706.9561513964
869.6|1.0|0.76|0.0|-164543.0447078|-164541.8591371861|-164540.7240163856|-164539.56367067838|-164538.37810006447
869.8|1.0|0.76|0.0|-164167.05667600883|-164165.64408123487|-164164.25671136755|-164162.86934150022|-164161.4441342729
870.0|1.0|0.76|0.0|-164599.44218945145|-164598.4836429977|-164597.53770899723|-164596.60438745012|-164595.62061608967
870.2|1.0|0.76|0.0|-164208.67165788516|-164207.56176199132|-164206.4644785508|-164205.392420017|-164204.25729921644
870.4|1.0|0.76|0.0|-164018.75464617976|-164017.27898913907|-164015.81594455172|-164014.3907373244|-164012.87724292369
870.6|1.0|0.76|0.0|-164076.5721088857|-164075.73968696533|-164074.9198774983|-164074.1252929379|-164073.26764611085
870.8|1.0|0.76|0.0|-163990.05397376625|-163988.89362805904|-163987.74589480515|-163986.62338645797|-163985.45042829742
871.0|1.0|0.76|0.0|-164580.48081079748|-164579.21956546354|-164577.99615748966|-164576.77274951577|-164575.51150418184
871.2|1.0|0.76|0.0|-164180.05851542947|-164178.54502102875|-164177.05675153472|-164175.59370694737|-164174.05498764
871.4|1.0|0.76|0.0|-164064.6587585047|-164063.28400109068|-164061.9344685834|-164060.59754852945|-164059.21017866215
871.6|1.0|0.76|0.0|-164347.01367729198|-164346.08035574487|-164345.17225910447|-164344.27677491738|-164343.31822846358
871.8|1.0|0.76|0.0|-164405.8921024675|-164404.8578812937|-164403.84888502656|-164402.83988875942|-164401.78044267892
872.0|1.0|0.76|0.0|-164678.25905973793|-164677.30051328416|-164676.3798041904|-164675.4843200033|-164674.52577354954
872.2|1.0|0.76|0.0|-164352.94605075964|-164351.8487673191|-164350.76409633196|-164349.72987515814|-164348.6199792643
872.4|1.0|0.76|0.0|-164313.64330821356|-164312.7225991198|-164311.8271149327|-164310.94424319896|-164310.01092165185
872.6|1.0|0.76|0.0|-164271.5166097373|-164270.4950010168|-164269.47339229632|-164268.48962093587|-164267.4427873087
872.8|1.0|0.76|0.0|-164383.766403431|-164382.55560791047|-164381.37003729655|-164380.1844666827|-164378.9358338021
873.0|1.0|0.76|0.0|-164267.76365338906|-164266.40150842842|-164265.06458837446|-164263.75289322718|-164262.36552335988
873.2|1.0|0.76|0.0|-164136.23693335388|-164135.12703746|-164134.0549789262|-164132.98292039236|-164131.84779959184
873.4|1.0|0.76|0.0|-164049.1101056866|-164047.78579808597|-164046.4741029387|-164045.17502024476|-164043.8381001908
873.6|1.0|0.76|0.0|-164256.04346188132|-164254.60564220065|-164253.19304742667|-164251.793065106|-164250.33002051868
873.8|1.0|0.76|0.0|-164268.27010383894|-164266.99624605168|-164265.76022562443|-164264.5242051972|-164263.23773495658
874.0|1.0|0.76|0.0|-164321.9360927973|-164320.70007237003|-164319.4892768495|-164318.30370623557|-164317.04246090166
874.2|1.0|0.76|0.0|-164110.5153808667|-164109.1027860927|-164107.70280377206|-164106.3280463581|-164104.87761422407
874.4|1.0|0.76|0.0|-163986.18857573305|-163985.15435455923|-163984.13274583875|-163983.13636202496|-163982.07691594446
874.6|1.0|0.76|0.0|-164175.1735765678|-164173.72314443378|-164172.28532475312|-164170.8601175258|-164169.39707293845
874.8|1.0|0.76|0.0|-164090.6914828314|-164089.4050125908|-164088.13115480356|-164086.88252192296|-164085.58343922903
875.0|1.0|0.76|0.0|-164510.50522807136|-164509.43316953754|-164508.33588609702|-164507.28905246986|-164506.15393166937
875.2|1.0|0.76|0.0|-164520.26726695593|-164518.930346902|-164517.60603930135|-164516.2943441541|-164514.90697428677
875.4|1.0|0.76|0.0|-164257.21454328776|-164256.43257118075|-164255.6758239804|-164254.91907678006|-164254.11187976634
875.6|1.0|0.76|0.0|-164140.6502495268|-164139.84305251308|-164139.08630531273|-164138.32955811237|-164137.50974864533
875.8|1.0|0.76|0.0|-164205.82576729805|-164204.65280913748|-164203.47985097693|-164202.3447301764|-164201.13393465584
876.0|1.0|0.76|0.0|-163791.74023210997|-163790.3906996027|-163789.0537795487|-163787.7546968548|-163786.39255189415
876.2|1.0|0.76|0.0|-164203.3074333194|-164201.8570011854|-164200.4444064114|-164199.01919918403|-164197.54354214336
876.4|1.0|0.76|0.0|-164322.1293562281|-164321.01946033427|-164319.94740180043|-164318.87534326658|-164317.74022246606
876.6|1.0|0.76|0.0|-164263.65213792885|-164262.56746694166|-164261.49540840785|-164260.4485747807|-164259.3639037935
876.8|1.0|0.76|0.0|-164202.30541553142|-164201.19551963758|-164200.1108486504|-164199.02617766324|-164197.8910568627
877.0|1.0|0.76|0.0|-164000.93951927038|-163999.65304902982|-163998.3665787892|-163997.10533345529|-163995.793638308
877.2|1.0|0.76|0.0|-164151.29921266972|-164149.73526845567|-164148.18393669493|-164146.65782984087|-164145.05604826682
877.4|1.0|0.76|0.0|-164039.9645745424|-164039.132152622|-164038.31234315495|-164037.5177585946|-164036.66011176753
877.6|1.0|0.76|0.0|-164094.43681387912|-164093.0368315585|-164091.66207414452|-164090.29992918388|-164088.87472195656
877.8|1.0|0.76|0.0|-164227.20906329286|-164226.4018662791|-164225.63250662546|-164224.86314697177|-164224.0433375047
878.0|1.0|0.76|0.0|-164110.92079159353|-164109.83612060637|-164108.77667452587|-164107.7298408987|-164106.61994500487
878.2|1.0|0.76|0.0|-163739.74196914557|-163738.59423589174|-163737.47172754453|-163736.36183165066|-163735.18887349014
878.4|1.0|0.76|0.0|-164013.52394376317|-164012.19963616255|-164010.87532856196|-164009.58885832134|-164008.23932581407
878.6|1.0|0.76|0.0|-164156.35063561806|-164155.31641444424|-164154.28219327042|-164153.29842190997|-164152.22636337613
878.8|1.0|0.76|0.0|-163988.9508631715|-163987.67700538426|-163986.41576005032|-163985.1797396231|-163983.8932693825
879.0|1.0|0.76|0.0|-163818.8876424158|-163817.87864614866|-163816.86964988153|-163815.88587852108|-163814.85165734726
879.2|1.0|0.76|0.0|-163960.8703670787|-163959.86137081156|-163958.87759945108|-163957.9190529973|-163956.89744427684
879.4|1.0|0.76|0.0|-164108.67455448472|-164107.37547179076|-164106.08900155014|-164104.81514376288|-164103.47822370895
879.6|1.0|0.76|0.0|-164470.39243689005|-164469.43389043628|-164468.50056888917|-164467.56724734206|-164466.58347598164
879.8|1.0|0.76|0.0|-164277.541463547|-164275.95229442627|-164274.38835021222|-164272.84963090482|-164271.24784933074
880.0|1.0|0.76|0.0|-164335.9033498857|-164334.56642983173|-164333.2673471378|-164331.96826444386|-164330.6313443899
880.2|1.0|0.76|0.0|-164229.5159851729|-164228.63311343917|-164227.75024170542|-164226.9052073317|-164225.98449823796
880.4|1.0|0.76|0.0|-164217.1747719268|-164216.01442621957|-164214.8919178724|-164213.7694095252|-164212.609063818
880.6|1.0|0.76|0.0|-164290.8141487345|-164289.9565019075|-164289.12407998706|-164288.31688297336|-164287.44662369293
880.8|1.0|0.76|0.0|-163884.82734438338|-163883.71744848954|-163882.63277750238|-163881.56071896854|-163880.43821062136
881.0|1.0|0.76|0.0|-164451.115785449|-164450.18246390187|-164449.26175480813|-164448.35365816773|-164447.42033662062
881.2|1.0|0.76|0.0|-164403.3093066037|-164402.45165977665|-164401.60662540293|-164400.78681593586|-164399.91655665546
881.4|1.0|0.76|0.0|-164366.0760049943|-164365.29403288732|-164364.5120607803|-164363.75531357992|-164362.94811656623
881.6|1.0|0.76|0.0|-164146.3572099902|-164145.57523788317|-164144.81849068284|-164144.08696838917|-164143.30499628212
881.8|1.0|0.76|0.0|-164292.4188657889|-164291.34680725506|-164290.2999736279|-164289.2657524541|-164288.1684690136
882.0|1.0|0.76|0.0|-164320.1107382474|-164319.06390462024|-164318.00445853974|-164316.98284981927|-164315.91079128542
882.2|1.0|0.76|0.0|-164260.29358749415|-164259.1584666936|-164258.03595834642|-164256.92606245258|-164255.76571674537
882.4|1.0|0.76|0.0|-164288.05575113796|-164286.9206303374|-164285.8233468969|-164284.7260634564|-164283.56571774918
882.6|1.0|0.76|0.0|-163971.62760096154|-163970.99697829457|-163970.36635562763|-163969.77357032069|-163969.1051102937
882.8|1.0|0.76|0.0|-164066.99418120325|-164065.8842853094|-164064.79961432223|-164063.71494333504|-164062.57982253452
883.0|1.0|0.76|0.0|-164007.24594733224|-164005.89641482497|-164004.559494771|-164003.24779962373|-164001.87304220974
883.2|1.0|0.76|0.0|-164126.56219467148|-164125.36401160425|-164124.1784409904|-164123.0180952832|-164121.79468730927
883.4|1.0|0.76|0.0|-163899.6049597781|-163898.3437144442|-163897.10769401694|-163895.88428604303|-163894.59781580244
883.6|1.0|0.76|0.0|-163843.6673166936|-163842.77183250652|-163841.8637358661|-163840.99347658572|-163840.0601550386
883.8|1.0|0.76|0.0|-164217.0174736805|-164215.59226645317|-164214.1544467725|-164212.76707690518|-164211.30403231783
884.0|1.0|0.76|0.0|-163996.6021880705|-163995.32833028326|-163994.07969740266|-163992.84367697543|-163991.5572067348
884.2|1.0|0.76|0.0|-164185.4137537857|-164183.95070919837|-164182.50027706436|-164181.075069837|-164179.586800343
884.4|1.0|0.76|0.0|-164186.3923848468|-164184.91672780612|-164183.45368321877|-164181.99063863145|-164180.48975668408
884.6|1.0|0.76|0.0|-164460.84442105127|-164459.81019987748|-164458.77597870363|-164457.74175752982|-164456.68231144932
884.8|1.0|0.76|0.0|-164013.41188833216|-164012.76865321188|-164012.12541809157|-164011.50740787794|-164010.838947851
885.0|1.0|0.76|0.0|-164067.2922889973|-164066.74995350372|-164066.20761801014|-164065.69050742322|-164065.12294702296
885.2|1.0|0.76|0.0|-163835.7561042831|-163835.2516061495|-163834.7723329226|-163834.3182846024|-163833.8011740155
885.4|1.0|0.76|0.0|-164036.7859980568|-164035.91573877636|-164035.05809194932|-164034.21305757557|-164033.33018584183
885.6|1.0|0.76|0.0|-164403.99757702794|-164402.74894414737|-164401.56337353346|-164400.3525780129|-164399.09133267897
885.8|1.0|0.76|0.0|-164051.32339823752|-164050.56665103714|-164049.8099038368|-164049.07838154314|-164048.2964094361
886.0|1.0|0.76|0.0|-164181.28773678417|-164180.15261598368|-164179.05533254315|-164177.97066155597|-164176.81031584876
886.2|1.0|0.76|0.0|-164207.78385269947|-164206.69918171232|-164205.65234808516|-164204.59290200466|-164203.4956185641
886.4|1.0|0.76|0.0|-164324.96615667408|-164323.95716040695|-164322.9733890465|-164322.01484259273|-164320.99323387223
886.6|1.0|0.76|0.0|-164266.05716466362|-164264.99771858315|-164263.96349740934|-164262.9292762355|-164261.86983015502
886.8|1.0|0.76|0.0|-164345.48143214668|-164344.749909853|-164344.01838755934|-164343.33731507903|-164342.58056787867
887.0|1.0|0.76|0.0|-164445.2142448433|-164444.35659801625|-164443.49895118916|-164442.66652926878|-164441.78365753504
887.2|1.0|0.76|0.0|-163916.1346074586|-163915.6553342317|-163915.22651081815|-163914.7850749513|-163914.2931892711
887.4|1.0|0.76|0.0|-164083.65795723183|-164083.0525594715|-164082.4597741646|-164081.8922137643|-164081.27420355068
887.6|1.0|0.76|0.0|-164108.76935183018|-164107.63423102966|-164106.4991102291|-164105.36398942862|-164104.20364372138
887.8|1.0|0.76|0.0|-164018.74165989488|-164018.27499912132|-164017.85878816113|-164017.4299647476|-164016.95069152073
888.0|1.0|0.76|0.0|-164025.3127480846|-164024.36681408418|-164023.43349253706|-164022.55062080335|-164021.56684944287
888.2|1.0|0.76|0.0|-163900.41454721175|-163899.0524022511|-163897.72809465046|-163896.4163995032|-163895.0416420892
888.4|1.0|0.76|0.0|-164105.61043324365|-164104.65188678986|-164103.71856524277|-164102.82308105569|-164101.8393096952
888.6|1.0|0.76|0.0|-164226.17365537386|-164225.06375948002|-164223.9664760395|-164222.8818050523|-164221.7466842518
888.8|1.0|0.76|0.0|-163899.9147123951|-163898.95616594134|-163898.02284439423|-163897.08952284712|-163896.1057514867
889.0|1.0|0.76|0.0|-164053.9127676669|-164052.66413478632|-164051.4281143591|-164050.20470638515|-164048.94346105124
889.2|1.0|0.76|0.0|-163933.68746751008|-163932.9181078564|-163932.16136065603|-163931.42983836235|-163930.64786625534
889.4|1.0|0.76|0.0|-164102.96135641192|-164101.86407297142|-164100.80462689092|-164099.74518081042|-164098.64789736993
889.6|1.0|0.76|0.0|-163765.90338042952|-163764.83132189568|-163763.79710072186|-163762.73765464136|-163761.6529836542
889.8|1.0|0.76|0.0|-164013.51973283905|-164012.03146334502|-164010.55580630433|-164009.10537417032|-164007.5918797696
890.0|1.0|0.76|0.0|-163841.90440613404|-163840.7062230668|-163839.53326490626|-163838.36030674572|-163837.1368987718
890.2|1.0|0.76|0.0|-164109.67521187323|-164108.19955483256|-164106.74912269856|-164105.3113030179|-164103.8104210705
890.4|1.0|0.76|0.0|-164124.61082886258|-164123.5892201421|-164122.5549989683|-164121.54600270113|-164120.48655662066
890.6|1.0|0.76|0.0|-164354.98990155663|-164353.4133448892|-164351.84940067516|-164350.31068136776|-164348.69628734034
890.8|1.0|0.76|0.0|-164293.82411360115|-164292.56286826724|-164291.32684783998|-164290.09082741273|-164288.81696962548
891.0|1.0|0.76|0.0|-164208.15453344103|-164207.19598698727|-164206.2374405335|-164205.32934389304|-164204.35818498596
891.2|1.0|0.76|0.0|-164099.89874996486|-164098.8140789777|-164097.7546328972|-164096.7204117234|-164095.61051582955
891.4|1.0|0.76|0.0|-164079.92256758662|-164078.09376185242|-164076.2775685716|-164074.48660019742|-164072.63256955656
891.6|1.0|0.76|0.0|-164164.37001004268|-164163.02047753538|-164161.68355748145|-164160.37186233417|-164158.99710492016
891.8|1.0|0.76|0.0|-164401.1771403249|-164400.2438187778|-164399.3357221374|-164398.41501304362|-164397.4690790432
892.0|1.0|0.76|0.0|-164381.16046665143|-164380.1514703843|-164379.14247411716|-164378.1839276634|-164377.14970648958
892.2|1.0|0.76|0.0|-164254.9043478222|-164253.9962511818|-164253.08815454133|-164252.23050771427|-164251.30979862052
892.4|1.0|0.76|0.0|-164184.92605128227|-164183.89183010845|-164182.88283384132|-164181.88645002752|-164180.83961640036
892.6|1.0|0.76|0.0|-164475.33709575652|-164474.15152514263|-164472.99117943543|-164471.84344618156|-164470.632650661
892.8|1.0|0.76|0.0|-164552.44082661817|-164551.356155631|-164550.29670955052|-164549.24987592336|-164548.15259248283
893.0|1.0|0.76|0.0|-164284.2278762305|-164283.24410487004|-164282.2729459629|-164281.32701196248|-164280.31801569535
893.2|1.0|0.76|0.0|-164309.079588977|-164308.5246410301|-164308.00753044317|-164307.49041985627|-164306.92285945598
893.4|1.0|0.76|0.0|-164482.92964580472|-164481.9963242576|-164481.11345252386|-164480.24319324346|-164479.29725924303
893.6|1.0|0.76|0.0|-164330.45769738697|-164329.3099641331|-164328.17484333256|-164327.06494743872|-164325.89198927817
893.8|1.0|0.76|0.0|-164344.98989311152|-164344.10702137777|-164343.21153719068|-164342.35389036362|-164341.43318126985
894.0|1.0|0.76|0.0|-164493.44543437907|-164492.08328941846|-164490.73375691116|-164489.3968368572|-164487.99685453653
894.2|1.0|0.76|0.0|-164707.07061634096|-164706.01117026046|-164704.97694908665|-164703.9679528195|-164702.89589428567
894.4|1.0|0.76|0.0|-164628.88601809117|-164627.59954785058|-164626.30046515664|-164625.0392198227|-164623.70229976877
894.6|1.0|0.76|0.0|-164727.82027381947|-164726.88695227235|-164725.96624317858|-164725.08337144487|-164724.12482499107
894.8|1.0|0.76|0.0|-164659.35517782846|-164658.2705068413|-164657.18583585415|-164656.1516146803|-164655.04171878647
895.0|1.0|0.76|0.0|-164844.0617420434|-164842.75004689614|-164841.4761891089|-164840.21494377495|-164838.89063617433
895.2|1.0|0.76|0.0|-164778.55265939955|-164777.41753859902|-164776.28241779847|-164775.1599094513|-164773.98695129078
895.4|1.0|0.76|0.0|-164624.32689929934|-164623.34312793892|-164622.35935657844|-164621.413422578|-164620.40442631088
895.6|1.0|0.76|0.0|-164830.70447328888|-164829.8468264618|-164829.0017920881|-164828.18198262103|-164827.29911088728
895.8|1.0|0.76|0.0|-164795.23825449904|-164794.2923204986|-164793.3716114048|-164792.4382898577|-164791.47974340394
896.0|1.0|0.76|0.0|-164762.48714768884|-164761.75562539516|-164761.04932800817|-164760.36825552786|-164759.6115083275
896.2|1.0|0.76|0.0|-164874.33654128143|-164873.59240653442|-164872.86088424074|-164872.1671993071|-164871.4104521067
896.4|1.0|0.76|0.0|-164716.02934055033|-164714.85638238976|-164713.69603668255|-164712.5483034287|-164711.33750790812
896.6|1.0|0.76|0.0|-164785.90995540068|-164784.71177233345|-164783.50097681288|-164782.32801865236|-164781.09199822514
896.8|1.0|0.76|0.0|-164457.29619239617|-164456.86736898264|-164456.4763829291|-164456.0853968756|-164455.64396100873
897.0|1.0|0.76|0.0|-164470.6906178424|-164469.95909554875|-164469.22757325508|-164468.50866341472|-164467.72669130767
897.2|1.0|0.76|0.0|-164721.3500045464|-164720.3914580926|-164719.43291163884|-164718.49959009173|-164717.50320627794
897.4|1.0|0.76|0.0|-164204.47081271335|-164203.31046700614|-164202.16273375225|-164201.02761295173|-164199.84204233784
897.6|1.0|0.76|0.0|-164423.1455287086|-164421.4680724145|-164419.8032285737|-164418.1636096396|-164416.47354089216
897.8|1.0|0.76|0.0|-164349.22708834874|-164348.2559294416|-164347.2847705345|-164346.3262240807|-164345.3298402669
898.0|1.0|0.76|0.0|-164458.51415497717|-164456.68534924297|-164454.89438086882|-164453.11602494802|-164451.27460676047
898.2|1.0|0.76|0.0|-164163.4375213706|-164162.0627639566|-164160.71323144934|-164159.3889238487|-164158.0015539814
898.4|1.0|0.76|0.0|-164072.6266458753|-164071.22666355467|-164069.86451859403|-164068.5023736334|-164067.0897788594
898.6|1.0|0.76|0.0|-164173.2285527323|-164171.92947003836|-164170.63038734443|-164169.36914201052|-164168.04483440987
898.8|1.0|0.76|0.0|-164220.50656486946|-164219.18225726884|-164217.8831745749|-164216.58409188097|-164215.247171827
899.0|1.0|0.76|0.0|-164258.64964381786|-164257.32533621724|-164256.02625352328|-164254.75239573602|-164253.40286322872
899.2|1.0|0.76|0.0|-164576.17166034857|-164574.9356399213|-164573.73745685408|-164572.56449869354|-164571.32847826628
899.4|1.0|0.76|0.0|-164841.87368282434|-164840.51153786373|-164839.17461780977|-164837.8629226625|-164836.50077770185
899.6|1.0|0.76|0.0|-164459.7467307667|-164458.6872846862|-164457.64045105904|-164456.61884233853|-164455.53417135138
899.8|1.0|0.76|0.0|-164777.53500335623|-164776.2485331156|-164774.99990023504|-164773.77649226112|-164772.46479711385
900.0|1.0|0.76|0.0|-164677.00156316062|-164675.68986801337|-164674.39078531938|-164673.1043150788|-164671.7547825715
900.2|1.0|0.76|0.0|-164799.0930989043|-164798.18500226387|-164797.31474298346|-164796.44448370306|-164795.53638706263
900.4|1.0|0.76|0.0|-164507.3199275367|-164506.56318033638|-164505.806433136|-164505.07491084232|-164504.29293873528
900.6|1.0|0.76|0.0|-164638.0625461904|-164636.8769755765|-164635.69140496265|-164634.53105925542|-164633.3076512815
900.8|1.0|0.76|0.0|-164402.76032979597|-164401.51169691538|-164400.2630640348|-164399.05226851426|-164397.76579827364
901.0|1.0|0.76|0.0|-164445.69434823332|-164444.72318932618|-164443.77725532572|-164442.85654623198|-164441.8727748715
901.2|1.0|0.76|0.0|-164206.00127485738|-164204.9166038702|-164203.85715778972|-164202.82293661588|-164201.71304072204
901.4|1.0|0.76|0.0|-164311.49156216017|-164310.1798670129|-164308.89339677227|-164307.63215143836|-164306.30784383774
901.6|1.0|0.76|0.0|-164365.3158769756|-164364.01679428163|-164362.73032404104|-164361.46907870713|-164360.15738355985
901.8|1.0|0.76|0.0|-164366.72805174845|-164365.66860566798|-164364.62177204082|-164363.6001633203|-164362.51549233316
902.0|1.0|0.76|0.0|-164374.65909195493|-164373.27172208764|-164371.909577127|-164370.54743216635|-164369.14744984568
902.2|1.0|0.76|0.0|-164053.16948236155|-164051.81994985428|-164050.49564225366|-164049.19655955973|-164047.83441459908
902.4|1.0|0.76|0.0|-164178.67600554007|-164177.86880852637|-164177.074223966|-164176.27963940563|-164175.44721748526
902.6|1.0|0.76|0.0|-164015.40151331655|-164014.27900496937|-164013.16910907553|-164012.071825635|-164010.9367048345
902.8|1.0|0.76|0.0|-164420.63574807585|-164419.4627899153|-164418.32766911478|-164417.20516076757|-164416.0574275137
903.0|1.0|0.76|0.0|-164233.58014482376|-164232.70988554333|-164231.87746362295|-164231.04504170254|-164230.16216996883
903.2|1.0|0.76|0.0|-164375.59636942326|-164374.68827278283|-164373.83062595577|-164372.9729791287|-164372.05227003494
903.4|1.0|0.76|0.0|-164175.7646587168|-164174.76827490298|-164173.78450354253|-164172.82595708876|-164171.81696082163
903.6|1.0|0.76|0.0|-164061.2057450367|-164060.18413631624|-164059.17514004913|-164058.19136868863|-164057.15714751484
903.8|1.0|0.76|0.0|-164285.24075370113|-164284.05518308727|-164282.89483738007|-164281.7471041262|-164280.54892105897
904.0|1.0|0.76|0.0|-164260.2680960895|-164259.2969371824|-164258.35100318195|-164257.41768163486|-164256.44652272775
904.2|1.0|0.76|0.0|-164230.93876335793|-164229.91715463746|-164228.92077082366|-164227.94961191653|-164226.91539074274
904.4|1.0|0.76|0.0|-164119.0689699116|-164117.85817439103|-164116.6599913238|-164115.48703316328|-164114.25101273603
904.6|1.0|0.76|0.0|-164542.17993473954|-164541.01958903234|-164539.88446823184|-164538.7493474313|-164537.56377681743
904.8|1.0|0.76|0.0|-164582.6978782891|-164581.07087180833|-164579.45647778088|-164577.86730866015|-164576.21507727273
905.0|1.0|0.76|0.0|-164377.2058063721|-164376.48689653177|-164375.7932115981|-164375.1121391178|-164374.3806168241
905.2|1.0|0.76|0.0|-164062.7234783984|-164061.22259645103|-164059.74693941034|-164058.27128236965|-164056.75778796893
905.4|1.0|0.76|0.0|-164300.11177257024|-164299.17845102312|-164298.245129476|-164297.3370328356|-164296.3784863818
905.6|1.0|0.76|0.0|-164409.3716212514|-164408.7914483978|-164408.2365004509|-164407.70677741064|-164407.10137965035
905.8|1.0|0.76|0.0|-163994.49758111138|-163993.4129101242|-163992.34085159036|-163991.2940179632|-163990.18412206936
906.0|1.0|0.76|0.0|-164226.36055064556|-164225.42722909848|-164224.51913245802|-164223.61103581762|-164222.65248936383
906.2|1.0|0.76|0.0|-164462.05964303025|-164461.12632148314|-164460.20561238937|-164459.31012820228|-164458.35158174852
906.4|1.0|0.76|0.0|-164255.79558112076|-164254.62262296022|-164253.4875021597|-164252.36499381252|-164251.1794231986
906.6|1.0|0.76|0.0|-164175.08849220315|-164174.29390764277|-164173.52454798907|-164172.76780078874|-164171.97321622836
906.8|1.0|0.76|0.0|-164298.06189423357|-164296.7123617263|-164295.38805412565|-164294.07635897835|-164292.71421401776
907.0|1.0|0.76|0.0|-164088.7868707097|-164087.52562537577|-164086.27699249517|-164085.0535845213|-164083.76711428066
907.2|1.0|0.76|0.0|-164160.9294807707|-164160.0087716769|-164159.1132874898|-164158.2051908494|-164157.2718693023
907.4|1.0|0.76|0.0|-164059.40228521143|-164058.3932889443|-164057.3969051305|-164056.4005213167|-164055.36630014286
907.6|1.0|0.76|0.0|-164060.51233263043|-164059.96999713685|-164059.4781114566|-164058.98622577637|-164058.4438902828
907.8|1.0|0.76|0.0|-164348.11410612447|-164347.1429472174|-164346.20962567028|-164345.28891657648|-164344.30514521606
908.0|1.0|0.76|0.0|-164361.5938153173|-164360.38301979672|-164359.15961182283|-164357.9614287556|-164356.72540832835
908.2|1.0|0.76|0.0|-164246.2409973315|-164244.53831613073|-164242.87347228994|-164241.20862844915|-164239.4807223417
908.4|1.0|0.76|0.0|-164302.68992995576|-164301.40345971513|-164300.12960192788|-164298.85574414063|-164297.54404899335
908.6|1.0|0.76|0.0|-164458.2929897872|-164457.18309389334|-164456.0731979995|-164455.00113946566|-164453.87863111848
908.8|1.0|0.76|0.0|-164252.95873080348|-164251.82361000296|-164250.6758767491|-164249.56598085523|-164248.3930226947
909.0|1.0|0.76|0.0|-164503.79415877478|-164502.23021456075|-164500.6788828|-164499.15277594596|-164497.55099437188
909.2|1.0|0.76|0.0|-164560.81921603193|-164559.2300469112|-164557.65349024377|-164556.08954602972|-164554.48776445564
909.4|1.0|0.76|0.0|-164367.05251070877|-164365.87955254823|-164364.75704420102|-164363.5966984938|-164362.41112787992
909.6|1.0|0.76|0.0|-164197.2909094539|-164195.81525241322|-164194.37743273255|-164192.93961305186|-164191.45134355786
909.8|1.0|0.76|0.0|-164401.1839034534|-164399.8217584928|-164398.4722259855|-164397.13530593153|-164395.76054851754
910.0|1.0|0.76|0.0|-163954.4207986667|-163953.3361276795|-163952.276681599|-163951.2424604252|-163950.15778943803
910.2|1.0|0.76|0.0|-164160.32942704632|-164158.72764547222|-164157.13847635148|-164155.56191968409|-164153.92230075
910.4|1.0|0.76|0.0|-164539.2483747211|-164537.8357799471|-164536.42318517313|-164535.0358153058|-164533.59799562514
910.6|1.0|0.76|0.0|-164360.57370104158|-164359.28723080098|-164358.01337301373|-164356.75212767982|-164355.45304498586
910.8|1.0|0.76|0.0|-164358.9719194675|-164358.0385979204|-164357.15572618664|-164356.27285445292|-164355.32692045247
911.0|1.0|0.76|0.0|-164103.8685008527|-164102.430681172|-164101.03069885136|-164099.64332898404|-164098.19289685003
911.2|1.0|0.76|0.0|-164203.50850969076|-164202.03285265007|-164200.60764542274|-164199.18243819542|-164197.69416870136
911.4|1.0|0.76|0.0|-164446.51596277105|-164445.22949253046|-164443.95563474318|-164442.69438940927|-164441.37008180865
911.6|1.0|0.76|0.0|-164292.58027700058|-164291.82352980023|-164291.1046199599|-164290.41093502624|-164289.65418782592
911.8|1.0|0.76|0.0|-164270.65162641354|-164269.61740523973|-164268.58318406594|-164267.59941270546|-164266.539966625
912.0|1.0|0.76|0.0|-164508.87407443326|-164508.4957008331|-164508.1173272329|-164507.76417853942|-164507.36058003255
912.2|1.0|0.76|0.0|-164346.089661291|-164345.39597635737|-164344.71490387706|-164344.0842812101|-164343.37798382307
912.4|1.0|0.76|0.0|-164120.68213491706|-164119.33260240976|-164117.99568235583|-164116.68398720855|-164115.3218422479
912.6|1.0|0.76|0.0|-164636.64255885145|-164635.50743805096|-164634.3723172504|-164633.26242135657|-164632.10207564937
912.8|1.0|0.76|0.0|-164404.8177507692|-164403.93487903546|-164403.08984466174|-164402.24481028802|-164401.36193855427
913.0|1.0|0.76|0.0|-164369.0109957392|-164367.850650032|-164366.7029167781|-164365.58040843092|-164364.40745027037
913.2|1.0|0.76|0.0|-164076.2853423673|-164075.06193439336|-164073.86375132616|-164072.7160180723|-164071.47999764504
913.4|1.0|0.76|0.0|-164339.3429688693|-164337.74118729524|-164336.1520181745|-164334.58807396042|-164332.97367993303
913.6|1.0|0.76|0.0|-163883.64595283248|-163882.86398072544|-163882.06939616505|-163881.31264896473|-163880.49283949766
913.8|1.0|0.76|0.0|-164067.31271362802|-164066.10191810745|-164064.87851013357|-164063.68032706634|-164062.4190817324
914.0|1.0|0.76|0.0|-163968.04009339507|-163967.10677184796|-163966.18606275422|-163965.2779661138|-163964.31941966
914.2|1.0|0.76|0.0|-164183.57430850886|-164182.47702506837|-164181.37974162784|-164180.29507064068|-164179.17256229348
914.4|1.0|0.76|0.0|-164026.431144302|-164025.97709598183|-164025.5482725683|-164025.11944915474|-164024.6527883812
914.6|1.0|0.76|0.0|-164447.71546561344|-164446.9334935064|-164446.15152139938|-164445.39477419903|-164444.5875771853
914.8|1.0|0.76|0.0|-164424.8666009686|-164423.94589187487|-164423.0377952344|-164422.14231104733|-164421.1963770469
915.0|1.0|0.76|0.0|-164307.53949890193|-164306.29086602133|-164305.06745804744|-164303.8314376202|-164302.5449673796
915.2|1.0|0.76|0.0|-164368.38197381026|-164367.12072847635|-164365.87209559575|-164364.63607516853|-164363.3496049279
915.4|1.0|0.76|0.0|-164072.9722154672|-164072.06411882676|-164071.15602218636|-164070.28576290593|-164069.35244135882
915.6|1.0|0.76|0.0|-164087.0603258471|-164086.0261046733|-164085.0044959528|-164083.99549968567|-164082.92344115186
915.8|1.0|0.76|0.0|-164128.57163885052|-164127.4995803167|-164126.4653591429|-164125.44375042242|-164124.35907943523
916.0|1.0|0.76|0.0|-163892.26471308706|-163890.83950585974|-163889.42691108573|-163888.03954121843|-163886.57649663108
916.2|1.0|0.76|0.0|-163874.40626597762|-163873.23330781705|-163872.09818701656|-163870.963066216|-163869.77749560215
916.4|1.0|0.76|0.0|-164131.7209165472|-164130.37138403993|-164129.0470764393|-164127.73538129203|-164126.3732363314
916.6|1.0|0.76|0.0|-164299.39968643294|-164297.83574221886|-164296.30963536483|-164294.77091605743|-164293.20697184338
916.8|1.0|0.76|0.0|-164586.50948859993|-164585.4752674261|-164584.46627115895|-164583.4572748918|-164582.423053718
917.0|1.0|0.76|0.0|-164468.26800722865|-164466.62838829457|-164464.98876936044|-164463.36176287968|-164461.69691903892
917.2|1.0|0.76|0.0|-164337.6521534348|-164336.17649639412|-164334.71345180678|-164333.26301967277|-164331.77475017874
917.4|1.0|0.76|0.0|-164656.64392717942|-164655.68538072563|-164654.75205917854|-164653.83135008477|-164652.83496627098
917.6|1.0|0.76|0.0|-164614.14984588628|-164612.87598809903|-164611.6399676718|-164610.40394724454|-164609.11747700395
917.8|1.0|0.76|0.0|-164518.34798085384|-164517.1497977866|-164515.95161471938|-164514.79126901217|-164513.55524858492
918.0|1.0|0.76|0.0|-164574.80126012745|-164573.47695252683|-164572.16525737956|-164570.8913995923|-164569.52925463166
918.2|1.0|0.76|0.0|-164543.65425876816|-164542.3299511675|-164541.0308684736|-164539.744398233|-164538.39486572568
918.4|1.0|0.76|0.0|-164553.84573065082|-164552.37007361013|-164550.90702902275|-164549.45659688878|-164547.96832739472
918.6|1.0|0.76|0.0|-164528.35243311408|-164527.00290060678|-164525.6912054595|-164524.37951031222|-164523.01736535158
918.8|1.0|0.76|0.0|-164546.96307263002|-164545.55047785604|-164544.13788308203|-164542.75051321473|-164541.3253059874
919.0|1.0|0.76|0.0|-164370.27796966807|-164368.72663790738|-164367.21314350667|-164365.73748646598|-164364.18615470524
919.2|1.0|0.76|0.0|-164308.80934259994|-164307.87602105286|-164306.94269950574|-164306.03460286534|-164305.07605641155
919.4|1.0|0.76|0.0|-164583.53254917022|-164582.14517930293|-164580.78303434228|-164579.44611428835|-164578.04613196768
919.6|1.0|0.76|0.0|-164313.73391777472|-164312.10691129396|-164310.5051297199|-164308.9285730525|-164307.27634166504
919.8|1.0|0.76|0.0|-164550.10956504746|-164548.82309480687|-164547.53662456624|-164546.30060413902|-164544.98890899174
920.0|1.0|0.76|0.0|-164534.17431449838|-164533.22838049795|-164532.32028385752|-164531.41218721712|-164530.4536407633
920.2|1.0|0.76|0.0|-164476.48495292483|-164475.26154495095|-164474.07597433703|-164472.8651788165|-164471.62915838926
920.4|1.0|0.76|0.0|-164599.33813933464|-164598.44265514755|-164597.61023322717|-164596.76519885342|-164595.86971466636
920.6|1.0|0.76|0.0|-164322.2225427125|-164321.238771352|-164320.25499999156|-164319.3090659911|-164318.30006972398
920.8|1.0|0.76|0.0|-164506.13733730488|-164505.07789122438|-164504.04367005057|-164503.03467378343|-164501.97522770293
921.0|1.0|0.76|0.0|-164511.52969075314|-164510.58375675272|-164509.67566011226|-164508.75495101852|-164507.79640456475
921.2|1.0|0.76|0.0|-164194.61528859896|-164193.3792681717|-164192.16847265113|-164190.9702895839|-164189.7216567033
921.4|1.0|0.76|0.0|-164207.71577318863|-164206.8076765482|-164205.91219236114|-164205.02932062736|-164204.10861153362
921.6|1.0|0.76|0.0|-164431.77404295804|-164430.46234781077|-164429.1506526635|-164427.88940732955|-164426.55248727562
921.8|1.0|0.76|0.0|-164616.6143786104|-164615.39097063648|-164614.2054000226|-164613.0198294087|-164611.80903388813
922.0|1.0|0.76|0.0|-164251.08940488414|-164250.38310749712|-164249.68942256348|-164249.00835008317|-164248.30205269618
922.2|1.0|0.76|0.0|-163889.21844214178|-163888.39863267474|-163887.59143566102|-163886.80946355395|-163885.95181672694
922.4|1.0|0.76|0.0|-164213.14391177642|-164212.22320268265|-164211.28988113557|-164210.38178449514|-164209.4358504947
922.6|1.0|0.76|0.0|-164270.24842942177|-164269.1637584346|-164268.06647499406|-164267.0196413669|-164265.8845205664
922.8|1.0|0.76|0.0|-164790.2183799633|-164788.86884745603|-164787.51931494876|-164786.20761980148|-164784.82024993416
923.0|1.0|0.76|0.0|-164262.99056968448|-164261.5779749105|-164260.17799258986|-164258.79062272253|-164257.34019058853
923.2|1.0|0.76|0.0|-164417.185864324|-164416.30299259027|-164415.42012085652|-164414.5876989361|-164413.65437738903
923.4|1.0|0.76|0.0|-164342.860249001|-164341.2836923336|-164339.73236057287|-164338.18102881216|-164336.57924723806
923.6|1.0|0.76|0.0|-164424.40576352878|-164423.1066808348|-164421.8075981409|-164420.54635280697|-164419.209432753
923.8|1.0|0.76|0.0|-164195.48841787863|-164194.3532970781|-164193.24340118427|-164192.14611774377|-164190.99838448988
924.0|1.0|0.76|0.0|-164229.12453901407|-164227.8128438668|-164226.5263736262|-164225.2651282923|-164223.92820823833
924.2|1.0|0.76|0.0|-164265.38086477356|-164264.17006925298|-164262.98449863913|-164261.82415293192|-164260.600744958
924.4|1.0|0.76|0.0|-164319.35869668124|-164318.36231286742|-164317.37854150697|-164316.40738259983|-164315.3983863327
924.6|1.0|0.76|0.0|-164319.2880996649|-164318.49351510452|-164317.6863180908|-164316.90434598378|-164316.08453651675
924.8|1.0|0.76|0.0|-164398.24316978824|-164397.1584988011|-164396.12427762724|-164395.07744400008|-164393.99277301293
925.0|1.0|0.76|0.0|-164185.6476563025|-164184.79000947543|-164183.9449751017|-164183.12516563464|-164182.24229390093
925.2|1.0|0.76|0.0|-164115.86549561203|-164114.4655132914|-164113.10336833075|-164111.71599846345|-164110.30340368944
925.4|1.0|0.76|0.0|-164139.45078335635|-164138.30305010252|-164137.1805417553|-164136.0832583148|-164134.92291260758
925.6|1.0|0.76|0.0|-164208.65508110996|-164206.9397874558|-164205.23710625502|-164203.5596499609|-164201.8191314001
925.8|1.0|0.76|0.0|-164376.01324171026|-164374.6763216563|-164373.33940160234|-164372.01509400172|-164370.64033658773
926.0|1.0|0.76|0.0|-164219.17763713285|-164218.19386577237|-164217.2353193186|-164216.3019977715|-164215.29300150435
926.2|1.0|0.76|0.0|-164354.10607815266|-164353.33671849896|-164352.5673588453|-164351.8358365516|-164351.0412519912
926.4|1.0|0.76|0.0|-164457.92619720337|-164457.34602434977|-164456.79107640285|-164456.24874090924|-164455.66856805564
926.6|1.0|0.76|0.0|-164516.28898542892|-164515.43133860186|-164514.59891668148|-164513.77910721445|-164512.8962354807
926.8|1.0|0.76|0.0|-164289.92067289675|-164288.72248982952|-164287.53691921566|-164286.35134860175|-164285.12794062786
927.0|1.0|0.76|0.0|-164518.21224942044|-164517.19064069993|-164516.1690319795|-164515.185260619|-164514.1258145385
927.2|1.0|0.76|0.0|-164527.16956920773|-164525.79481179375|-164524.44527928648|-164523.10835923252|-164521.72098936522
927.4|1.0|0.76|0.0|-164715.29648441786|-164714.08568889732|-164712.88750583012|-164711.71454766954|-164710.49113969566
927.6|1.0|0.76|0.0|-164631.1571324446|-164629.94633692404|-164628.73554140347|-164627.5499707896|-164626.31395036235
927.8|1.0|0.76|0.0|-164644.5909800609|-164643.16577283354|-164641.7657905129|-164640.3784206456|-164638.94060096494
928.0|1.0|0.76|0.0|-164819.10565253394|-164817.5164834132|-164815.95253919915|-164814.38859498507|-164812.78681341102
928.2|1.0|0.76|0.0|-164613.09383969125|-164611.6560200106|-164610.2434252366|-164608.85605536928|-164607.40562323527
928.4|1.0|0.76|0.0|-165034.9425665279|-165034.16059442086|-165033.39123476716|-165032.6218751135|-165031.80206564642
928.6|1.0|0.76|0.0|-164644.37869619863|-164643.39492483815|-164642.4111534777|-164641.46521947725|-164640.43099830346
928.8|1.0|0.76|0.0|-164532.84715281235|-164531.5859074784|-164530.34988705115|-164529.12647907727|-164527.85262129002
929.0|1.0|0.76|0.0|-164614.63452073288|-164613.42372521234|-164612.21292969177|-164611.02735907785|-164609.7913386506
929.2|1.0|0.76|0.0|-164204.38046609575|-164203.66155625542|-164202.96787132177|-164202.28679884144|-164201.55527654776
929.4|1.0|0.76|0.0|-164414.94732635672|-164414.14012934302|-164413.35815723598|-164412.57618512894|-164411.7563756619
929.6|1.0|0.76|0.0|-164208.22862624205|-164207.15656770824|-164206.0845091744|-164205.05028800055|-164203.9403921067
929.8|1.0|0.76|0.0|-164027.64067208068|-164026.3289769334|-164025.01728178613|-164023.7308115455|-164022.39389149155
930.0|1.0|0.76|0.0|-164045.75215507578|-164044.59180936858|-164043.4062387547|-164042.24589304745|-164041.0350975269
930.2|1.0|0.76|0.0|-163815.5588631435|-163814.25978044956|-163812.97331020894|-163811.71206487503|-163810.3877572744
930.4|1.0|0.76|0.0|-163904.05509209217|-163902.7433969449|-163901.46953915764|-163900.1956813704|-163898.87137376977
930.6|1.0|0.76|0.0|-164013.9726229434|-164012.7113776095|-164011.4627447289|-164010.239336755|-164008.94025406105
930.8|1.0|0.76|0.0|-164261.04904074548|-164260.06526938503|-164259.11933538457|-164258.19862629083|-164257.20224247704
931.0|1.0|0.76|0.0|-164369.98830273113|-164368.4748083304|-164366.98653883638|-164365.53610670238|-164364.00999984832
931.2|1.0|0.76|0.0|-164231.23178397643|-164230.00837600254|-164228.79758048197|-164227.59939741474|-164226.35076453417
931.4|1.0|0.76|0.0|-163994.8706527324|-163993.49589531845|-163992.14636281112|-163990.80944275716|-163989.4220728899
931.6|1.0|0.76|0.0|-164370.8954477315|-164369.69726466425|-164368.53691895705|-164367.37657324984|-164366.1657777293
931.8|1.0|0.76|0.0|-164370.45018628862|-164369.22677831474|-164368.01598279414|-164366.83041218025|-164365.56916684634
932.0|1.0|0.76|0.0|-164050.71188168626|-164049.6398231524|-164048.58037707192|-164047.53354344476|-164046.42364755092
932.2|1.0|0.76|0.0|-164390.36525011124|-164389.43192856412|-164388.52383192373|-164387.61573528327|-164386.66980128284
932.4|1.0|0.76|0.0|-164082.5358107116|-164081.52681444446|-164080.55565553732|-164079.5844966302|-164078.5628879097
932.6|1.0|0.76|0.0|-164422.78292298398|-164421.77392671685|-164420.75231799638|-164419.7685466359|-164418.7343254621
932.8|1.0|0.76|0.0|-164432.6681417067|-164431.6086956262|-164430.58708690575|-164429.57809063862|-164428.5186445581
933.0|1.0|0.76|0.0|-164321.0172894451|-164319.94523091128|-164318.8605599241|-164317.80111384363|-164316.7038304031
933.2|1.0|0.76|0.0|-164305.2778295936|-164304.1174838864|-164302.98236308587|-164301.88507964535|-164300.72473393814
933.4|1.0|0.76|0.0|-164176.73914218947|-164175.80582064236|-164174.87249909525|-164173.96440245482|-164173.00585600105
933.6|1.0|0.76|0.0|-164017.3363551924|-164016.0751098585|-164014.83908943125|-164013.62829391067|-164012.36704857674
933.8|1.0|0.76|0.0|-164062.18623926665|-164061.02589355945|-164059.9159976656|-164058.7934893184|-164057.62053115785
934.0|1.0|0.76|0.0|-164185.77479470114|-164184.6018365406|-164183.45410328673|-164182.31898248618|-164181.12079941898
934.2|1.0|0.76|0.0|-163984.17734052718|-163983.1935691667|-163982.24763516625|-163981.30170116582|-163980.30531735203
934.4|1.0|0.76|0.0|-164118.29816933637|-164117.16304853582|-164116.04054018864|-164114.91803184146|-164113.75768613425
934.6|1.0|0.76|0.0|-164137.2370686332|-164135.8623112192|-164134.5127787119|-164133.18847111132|-164131.78848879063
934.8|1.0|0.76|0.0|-164134.49187203808|-164133.25585161083|-164132.04505609025|-164130.84687302305|-164129.6108525958
935.0|1.0|0.76|0.0|-164042.1561011417|-164041.0966550612|-164040.0372089807|-164038.9777629002|-164037.89309191305
935.2|1.0|0.76|0.0|-164004.75152770203|-164003.86865596828|-164003.01100914122|-164002.14074986082|-164001.2326532204
935.4|1.0|0.76|0.0|-164190.01585480172|-164189.25910760136|-164188.51497285438|-164187.79606301402|-164187.01409090697
935.6|1.0|0.76|0.0|-163962.98273610772|-163961.8980651205|-163960.81339413338|-163959.76656050622|-163958.644052159
935.8|1.0|0.76|0.0|-163895.85734788122|-163895.31501238764|-163894.7852893474|-163894.28079121382|-163893.71323081353
936.0|1.0|0.76|0.0|-164108.86846985455|-164107.9603732141|-164107.0522765737|-164106.1820172933|-164105.24869574618
936.2|1.0|0.76|0.0|-164037.46937150127|-164036.47298768745|-164035.47660387366|-164034.48022005986|-164033.47122379273
936.4|1.0|0.76|0.0|-164146.13201200205|-164145.32481498833|-164144.51761797463|-164143.7356458676|-164142.89061149387
936.6|1.0|0.76|0.0|-164167.80526860402|-164166.9728466836|-164166.17826212326|-164165.38367756287|-164164.5512556425
936.8|1.0|0.76|0.0|-164190.65903405467|-164189.67526269422|-164188.71671624042|-164187.77078224|-164186.7743984262
937.0|1.0|0.76|0.0|-164321.23142144806|-164319.84405158076|-164318.45668171343|-164317.08192429945|-164315.68194197884
937.2|1.0|0.76|0.0|-164162.33973428066|-164161.3811878269|-164160.43525382644|-164159.5145447327|-164158.54338582556
937.4|1.0|0.76|0.0|-164569.60481930745|-164568.69672266702|-164567.81385093328|-164566.95620410622|-164566.0481074658
937.6|1.0|0.76|0.0|-164451.47781104996|-164450.31746534276|-164449.1823445422|-164448.04722374165|-164446.87426558114
937.8|1.0|0.76|0.0|-164515.93556585602|-164514.7499952421|-164513.5896495349|-164512.4545287344|-164511.2689581205
938.0|1.0|0.76|0.0|-164669.26604677612|-164668.01741389555|-164666.76878101495|-164665.55798549438|-164664.28412770713
938.2|1.0|0.76|0.0|-164239.7732269514|-164238.6507186042|-164237.55343516372|-164236.46876417653|-164235.333643376
938.4|1.0|0.76|0.0|-164406.11682010043|-164404.8177374065|-164403.51865471256|-164402.23218447197|-164400.895264418
938.6|1.0|0.76|0.0|-164385.87658899778|-164384.59011875716|-164383.30364851656|-164382.055015636|-164380.7433204887
938.8|1.0|0.76|0.0|-164114.18270004465|-164112.70704300396|-164111.25661086992|-164109.81879118926|-164108.33052169526
939.0|1.0|0.76|0.0|-164000.52009228247|-163999.33452166858|-163998.17417596138|-163997.0264427075|-163995.82825964026
939.2|1.0|0.76|0.0|-163974.73863718184|-163973.65396619466|-163972.58190766085|-163971.52246158032|-163970.41256568648
939.4|1.0|0.76|0.0|-163998.66446116634|-163997.8824890593|-163997.12574185894|-163996.38160711192|-163995.58702255154
939.6|1.0|0.76|0.0|-163759.4277566869|-163758.31786079303|-163757.2079648992|-163756.11068145867|-163754.95033575146
939.8|1.0|0.76|0.0|-163987.6307948343|-163986.5461238471|-163985.47406531326|-163984.41461923276|-163983.31733579226
940.0|1.0|0.76|0.0|-163982.40767190483|-163981.36083827767|-163980.32661710386|-163979.31762083672|-163978.23294984954
940.2|1.0|0.76|0.0|-163835.68700220977|-163834.7032308493|-163833.7699093022|-163832.8365877551|-163831.85281639465
940.4|1.0|0.76|0.0|-164117.32308527437|-164116.0113901271|-164114.73753233984|-164113.48889945925|-164112.1519794053
940.6|1.0|0.76|0.0|-164141.39393599177|-164140.17052801786|-164138.97234495066|-164137.78677433674|-164136.53814145617
940.8|1.0|0.76|0.0|-164303.47487669776|-164302.3397558972|-164301.22986000337|-164300.1199641095|-164298.97223085564
941.0|1.0|0.76|0.0|-164078.0369154179|-164077.30539312423|-164076.57387083053|-164075.88018589688|-164075.11082624318
941.2|1.0|0.76|0.0|-164353.8377100645|-164352.6647519039|-164351.51701865005|-164350.38189784953|-164349.19632723564
941.4|1.0|0.76|0.0|-164339.53275375158|-164338.32195823104|-164337.1490000705|-164335.9634294566|-164334.75263393603
941.6|1.0|0.76|0.0|-164184.72817660967|-164183.40386900905|-164182.07956140843|-164180.79309116787|-164179.45617111388
941.8|1.0|0.76|0.0|-164253.938661926|-164252.86660339218|-164251.81976976502|-164250.77293613786|-164249.70087760402
942.0|1.0|0.76|0.0|-164325.47490527524|-164323.98663578124|-164322.5235911939|-164321.07315905986|-164319.55966465917
942.2|1.0|0.76|0.0|-164109.18394296113|-164107.6704485604|-164106.18217906638|-164104.71913447903|-164103.20564007832
942.4|1.0|0.76|0.0|-164356.86746304116|-164355.7575671473|-164354.64767125342|-164353.55038781292|-164352.40265455906
942.6|1.0|0.76|0.0|-164331.68334272644|-164330.39687248584|-164329.12301469856|-164327.86176936462|-164326.537461764
942.8|1.0|0.76|0.0|-164439.11828634335|-164437.60479194266|-164436.11652244863|-164434.6282529546|-164433.06430874055
943.0|1.0|0.76|0.0|-164290.3920974238|-164289.66057513014|-164288.95427774312|-164288.26059280947|-164287.50384560914
943.2|1.0|0.76|0.0|-164324.24392218623|-164323.15925119907|-164322.08719266523|-164321.05297149144|-164319.9430755976
943.4|1.0|0.76|0.0|-164499.66979716587|-164498.59773863203|-164497.51306764485|-164496.50407137774|-164495.39417548387
943.6|1.0|0.76|0.0|-164068.49695472233|-164067.7149826153|-164066.9456229616|-164066.20148821457|-164065.3816787475
943.8|1.0|0.76|0.0|-164405.20303102903|-164404.6859204421|-164404.1940347619|-164403.71476153503|-164403.15981358808
944.0|1.0|0.76|0.0|-164076.5981717292|-164075.3117014886|-164074.05045615468|-164072.8018232741|-164071.5153530335
944.2|1.0|0.76|0.0|-163939.21839848036|-163938.18417730654|-163937.1751810394|-163936.19140967896|-163935.13196359843
944.4|1.0|0.76|0.0|-163983.0466460556|-163981.9241377084|-163980.83946672123|-163979.75479573407|-163978.61967493352
944.6|1.0|0.76|0.0|-163993.3588997145|-163992.5769276075|-163991.82018040714|-163991.0634332068|-163990.25623619306
944.8|1.0|0.76|0.0|-164040.24663452036|-164039.5781744934|-164038.93493937308|-164038.2917042528|-164037.59801931915
945.0|1.0|0.76|0.0|-164052.5977441976|-164051.56352302383|-164050.5545267567|-164049.55814294287|-164048.51130931574
945.2|1.0|0.76|0.0|-164053.9544906939|-164052.75630762667|-164051.59596191946|-164050.44822866563|-164049.2500455984
945.4|1.0|0.76|0.0|-164040.4552191478|-164039.38316061397|-164038.31110208013|-164037.264268453|-164036.15437255913
945.6|1.0|0.76|0.0|-164052.14492946604|-164051.2746701856|-164050.4296358119|-164049.60982634482|-164048.7269546111
945.8|1.0|0.76|0.0|-164485.9343811879|-164484.8875475607|-164483.8785512936|-164482.8569425731|-164481.79749649265
946.0|1.0|0.76|0.0|-163926.42072615377|-163925.4369547933|-163924.47840833952|-163923.51986188575|-163922.52347807196
946.2|1.0|0.76|0.0|-163968.03866490247|-163966.90354410198|-163965.7936482081|-163964.70897722093|-163963.5738564204
946.4|1.0|0.76|0.0|-163928.75087275085|-163927.65358931033|-163926.59414322983|-163925.55992205604|-163924.45002616217
946.6|1.0|0.76|0.0|-164124.71962839764|-164123.72324458382|-164122.72686077002|-164121.7557018629|-164120.7214806891
946.8|1.0|0.76|0.0|-164205.34755877915|-164204.18721307194|-164203.03947981808|-164201.91697147087|-164200.73140085698
947.0|1.0|0.76|0.0|-164422.09301189933|-164421.00834091217|-164419.91105747168|-164418.85161139118|-164417.74171549734
947.2|1.0|0.76|0.0|-164508.91517560315|-164507.90617933602|-164506.9350204289|-164505.9638615218|-164504.95486525464
947.4|1.0|0.76|0.0|-164364.4355908411|-164362.99777116042|-164361.61040129312|-164360.22303142582|-164358.75998683847
947.6|1.0|0.76|0.0|-164300.9219385559|-164299.7615928487|-164298.63908450148|-164297.50396370096|-164296.3310055404
947.8|1.0|0.76|0.0|-164289.51053345448|-164288.48892473403|-164287.47992846687|-164286.4835446531|-164285.43671102595
948.0|1.0|0.76|0.0|-164272.7228839402|-164271.68866276642|-164270.66705404592|-164269.67067023212|-164268.5986116983
948.2|1.0|0.76|0.0|-164290.6488963583|-164289.71557481118|-164288.79486571744|-164287.89938153033|-164286.94083507656
948.4|1.0|0.76|0.0|-164463.70236412363|-164462.415893883|-164461.1546485491|-164459.8934032152|-164458.58170806788
948.6|1.0|0.76|0.0|-164475.10402194227|-164473.6031399949|-164472.1148705009|-164470.65182591355|-164469.1257190595
948.8|1.0|0.76|0.0|-164013.60415339386|-164012.8221812868|-164012.06543408646|-164011.32129933944|-164010.5267147791
949.0|1.0|0.76|0.0|-164124.21536917874|-164123.00457365817|-164121.8190030443|-164120.6334324304|-164119.4100244565
949.2|1.0|0.76|0.0|-163863.51124056723|-163862.32566995334|-163861.17793669947|-163860.0302034456|-163858.8446328317
949.4|1.0|0.76|0.0|-164244.83276075445|-164243.47061579383|-164242.1084708332|-164240.7967756859|-164239.40940581862
949.6|1.0|0.76|0.0|-164125.3919847667|-164124.01722735274|-164122.66769484547|-164121.31816233817|-164119.93079247084
949.8|1.0|0.76|0.0|-163824.68095376063|-163823.69718240018|-163822.7638608531|-163821.830539306|-163820.8467679455
950.0|1.0|0.76|0.0|-164026.08784501086|-164025.0410113837|-164023.99417775654|-164022.9851814894|-164021.9131229556
950.2|1.0|0.76|0.0|-163889.078764387|-163888.14544283992|-163887.22473374614|-163886.3040246524|-163885.35809065195
950.4|1.0|0.76|0.0|-163891.36957389422|-163890.2344530937|-163889.09933229315|-163887.9894363993|-163886.80386578542
950.6|1.0|0.76|0.0|-164354.39554731306|-164353.2604265125|-164352.11269325865|-164351.0027973648|-164349.8424516576
950.8|1.0|0.76|0.0|-164246.0197888491|-164244.7711559685|-164243.56036044797|-164242.36217738074|-164241.1009320468
951.0|1.0|0.76|0.0|-164090.61445767767|-164089.12618818364|-164087.66314359626|-164086.23793636894|-164084.7370544216
951.2|1.0|0.76|0.0|-164390.0900524896|-164389.03060640907|-164387.99638523528|-164386.96216406146|-164385.87749307428
951.4|1.0|0.76|0.0|-164077.50300893057|-164075.86338999643|-164074.22377106236|-164072.5967645816|-164070.91930828747
951.6|1.0|0.76|0.0|-164326.0226675423|-164324.6605225817|-164323.29837762105|-164321.9614575671|-164320.5740876998
951.8|1.0|0.76|0.0|-164283.12771373568|-164282.09349256183|-164281.09710874804|-164280.12594984093|-164279.07911621378
952.0|1.0|0.76|0.0|-164147.68691397514|-164146.72836752137|-164145.7698210676|-164144.8112746138|-164143.82750325336
952.2|1.0|0.76|0.0|-163967.49036387497|-163966.55704232786|-163965.6741705941|-163964.7912988603|-163963.8705897666
952.4|1.0|0.76|0.0|-164085.38562316893|-164084.30095218177|-164083.2288936479|-164082.1946724741|-164081.08477658028
952.6|1.0|0.76|0.0|-164018.51541677484|-164017.34245861432|-164016.19472536043|-164015.03437965325|-164013.84880903937
952.8|1.0|0.76|0.0|-163966.4393126314|-163965.68256543108|-163964.92581823075|-163964.19429593705|-163963.3997113767
953.0|1.0|0.76|0.0|-164062.76881480508|-164061.78504344463|-164060.8391094442|-164059.91840035043|-164058.94724144333
953.2|1.0|0.76|0.0|-163925.0444068022|-163924.18675997513|-163923.35433805475|-163922.547141041|-163921.67688176062
953.4|1.0|0.76|0.0|-164006.95586877334|-164005.8838102395|-164004.81175170565|-164003.7649180785|-164002.667634638
953.6|1.0|0.76|0.0|-163796.02051582563|-163795.3016059853|-163794.5953085983|-163793.914236118|-163793.1827138243
953.8|1.0|0.76|0.0|-164310.59599961212|-164309.96537694518|-164309.3599791849|-164308.7798063313|-164308.13657121098
954.0|1.0|0.76|0.0|-164244.67070600807|-164243.3211735008|-164241.99686590015|-164240.6851707529|-164239.31041333888
954.2|1.0|0.76|0.0|-164007.89948744277|-164007.01661570903|-164006.13374397528|-164005.27609714822|-164004.3680005078
954.4|1.0|0.76|0.0|-164154.2227656849|-164153.6425928313|-164153.06241997768|-164152.5453093908|-164151.95252408384
954.6|1.0|0.76|0.0|-164287.4082297478|-164286.5758078274|-164285.743385907|-164284.9361888933|-164284.07854206624
954.8|1.0|0.76|0.0|-164273.57011897143|-164272.39716081083|-164271.22420265034|-164270.0890818498|-164268.8782863292
955.0|1.0|0.76|0.0|-164227.84977397014|-164226.68942826294|-164225.56691991573|-164224.4570240219|-164223.30929076803
955.2|1.0|0.76|0.0|-163941.37050882328|-163940.75249860968|-163940.1597133027|-163939.56692799577|-163938.92369287548
955.4|1.0|0.76|0.0|-164064.3419288806|-164063.32032016013|-164062.349161253|-164061.39061479922|-164060.3563936254
955.6|1.0|0.76|0.0|-164113.03405777045|-164112.16379849004|-164111.29353920964|-164110.46111728926|-164109.56563310215
955.8|1.0|0.76|0.0|-164241.17658369686|-164239.8144387362|-164238.4649062289|-164237.1405986283|-164235.753228761
956.0|1.0|0.76|0.0|-164284.24032850805|-164283.0673703475|-164281.93224954698|-164280.83496610646|-164279.6620079459
956.2|1.0|0.76|0.0|-164240.5487669983|-164239.26229675772|-164238.01366387712|-164236.76503099652|-164235.45333584925
956.4|1.0|0.76|0.0|-164422.9705806216|-164421.58321075427|-164420.20845334028|-164418.8336959263|-164417.40848869897
956.6|1.0|0.76|0.0|-164492.01770831295|-164490.73123807233|-164489.45738028508|-164488.22135985785|-164486.90966471058
956.8|1.0|0.76|0.0|-164472.04371878062|-164471.18607195353|-164470.35365003312|-164469.54645301943|-164468.66358128568
957.0|1.0|0.76|0.0|-164170.47995944004|-164169.05475221272|-164167.65476989208|-164166.24217511807|-164164.80435543737
957.2|1.0|0.76|0.0|-164535.50282310788|-164534.49382684074|-164533.5226679336|-164532.5515090265|-164531.54251275936
957.4|1.0|0.76|0.0|-164368.46349108333|-164367.7193563363|-164367.00044649598|-164366.294149109|-164365.55001436197
957.6|1.0|0.76|0.0|-164059.82001523173|-164058.63444461784|-164057.4614864573|-164056.31375320343|-164055.0777327762
957.8|1.0|0.76|0.0|-164265.74988689838|-164264.7535030846|-164263.7949566308|-164262.84902263034|-164261.8400263632
958.0|1.0|0.76|0.0|-164310.61238342596|-164309.3006882787|-164307.9889931314|-164306.7025228908|-164305.36560283686
958.2|1.0|0.76|0.0|-164029.20436741994|-164028.3971704062|-164027.61519829917|-164026.85845109884|-164026.03864163178
958.4|1.0|0.76|0.0|-164075.83890941003|-164074.5019893561|-164073.1524568488|-164071.84076170152|-164070.47861674087
958.6|1.0|0.76|0.0|-164110.605754741|-164109.02919807358|-164107.47786631284|-164105.93914700547|-164104.34997788473
958.8|1.0|0.76|0.0|-164173.04363264033|-164171.31572653283|-164169.6004328787|-164167.92297658458|-164166.16984557043
959.0|1.0|0.76|0.0|-164276.93259803206|-164275.5704530714|-164274.2083081108|-164272.87138805684|-164271.49663064288
959.2|1.0|0.76|0.0|-164482.05405938788|-164480.76758914726|-164479.50634381335|-164478.25771093278|-164476.9460157855
959.4|1.0|0.76|0.0|-164320.08285057187|-164318.90989241135|-164317.76215915746|-164316.62703835694|-164315.42885528973
959.6|1.0|0.76|0.0|-164306.19560099463|-164304.90913075404|-164303.6352729668|-164302.3866400862|-164301.0749449389
959.8|1.0|0.76|0.0|-164378.62892052173|-164377.75866124133|-164376.90101441427|-164376.0685924939|-164375.1731083068
960.0|1.0|0.76|0.0|-164247.99731636635|-164247.05138236593|-164246.1306732722|-164245.22257663173|-164244.25141772462
960.2|1.0|0.76|0.0|-164064.9932209108|-164063.7824253903|-164062.59685477638|-164061.4112841625|-164060.20048864192
960.4|1.0|0.76|0.0|-164327.50718133344|-164326.42251034625|-164325.38828917244|-164324.35406799862|-164323.26939701143
960.6|1.0|0.76|0.0|-164173.17651628098|-164172.11707020045|-164171.07023657332|-164170.06124030615|-164168.976569319
960.8|1.0|0.76|0.0|-164402.47366451423|-164401.08629464696|-164399.73676213963|-164398.39984208567|-164396.99985976503
961.0|1.0|0.76|0.0|-164272.2846973391|-164271.65407467214|-164271.03606445852|-164270.4558916049|-164269.8000440313
961.2|1.0|0.76|0.0|-163886.74238626775|-163885.67032773388|-163884.59826920007|-163883.53882311957|-163882.45415213238
961.4|1.0|0.76|0.0|-163878.93304761604|-163878.1384630557|-163877.36910340202|-163876.58713129495|-163875.77993428128
961.6|1.0|0.76|0.0|-164093.88705199692|-164092.53751948962|-164091.20059943563|-164089.8636793817|-164088.50153442106
961.8|1.0|0.76|0.0|-163915.60762364508|-163914.20764132444|-163912.8202714571|-163911.4329015898|-163910.0076943625
962.0|1.0|0.76|0.0|-164221.6264268198|-164220.49130601925|-164219.36879767207|-164218.27151423157|-164217.11116852437
962.2|1.0|0.76|0.0|-164082.56151630165|-164081.5146826745|-164080.493073954|-164079.48407768685|-164078.42463160638
962.4|1.0|0.76|0.0|-164298.70826964147|-164297.67404846768|-164296.63982729387|-164295.6182185734|-164294.55877249286
962.6|1.0|0.76|0.0|-164050.92401133935|-164049.5618663787|-164048.19972141806|-164046.8628013641|-164045.47543149677
962.8|1.0|0.76|0.0|-163878.66435055606|-163877.66796674227|-163876.68419538182|-163875.71303647468|-163874.70404020755
963.0|1.0|0.76|0.0|-164179.86816097176|-164178.5943031845|-164177.33305785057|-164176.09703742334|-164174.81056718272
963.2|1.0|0.76|0.0|-164384.02985045165|-164382.76860511772|-164381.5325846905|-164380.30917671658|-164379.02270647598
963.4|1.0|0.76|0.0|-164203.17398632498|-164202.64426328472|-164202.1523776045|-164201.66049192427|-164201.1181564307
963.6|1.0|0.76|0.0|-164614.8769541197|-164614.06975710602|-164613.30039745232|-164612.53103779865|-164611.69861587827
963.8|1.0|0.76|0.0|-164507.19182750952|-164506.29634332244|-164505.4134715887|-164504.56843721497|-164503.6351156679
964.0|1.0|0.76|0.0|-164189.28008835236|-164188.04406792513|-164186.83327240456|-164185.64770179064|-164184.3738440034
964.2|1.0|0.76|0.0|-164377.55108152892|-164376.60514752846|-164375.6844384347|-164374.76372934095|-164373.7925704338
964.4|1.0|0.76|0.0|-164137.57752774737|-164136.5559190269|-164135.57214766645|-164134.58837630597|-164133.55415513218
964.6|1.0|0.76|0.0|-164594.95295893273|-164593.8809003989|-164592.83406677173|-164591.79984559794|-164590.71517461076
964.8|1.0|0.76|0.0|-164409.47422012626|-164408.14991252567|-164406.86344228504|-164405.57697204445|-164404.22743953715
965.0|1.0|0.76|0.0|-164339.0053617678|-164337.95852814065|-164336.93691942017|-164335.92792315304|-164334.88108952588
965.2|1.0|0.76|0.0|-164302.98716226307|-164302.31870223608|-164301.65024220909|-164301.01961954214|-164300.32593460847
965.4|1.0|0.76|0.0|-164385.6526399358|-164384.27788252186|-164382.92835001452|-164381.59142996056|-164380.20406009327
965.6|1.0|0.76|0.0|-164290.8601969387|-164289.17012819127|-164287.50528435048|-164285.8656654164|-164284.15037176225
965.8|1.0|0.76|0.0|-164450.72100221453|-164449.30840744052|-164447.92103757322|-164446.55889261258|-164445.13368538526
966.0|1.0|0.76|0.0|-164225.34879792825|-164224.01187787432|-164222.67495782033|-164221.38848757977|-164220.02634261912
966.2|1.0|0.76|0.0|-164326.10968765523|-164324.9367294947|-164323.7511588808|-164322.6286505336|-164321.4304674664
966.4|1.0|0.76|0.0|-164324.34052196686|-164323.07927663293|-164321.86848111238|-164320.6576855918|-164319.38382780456
966.6|1.0|0.76|0.0|-164391.25938341368|-164390.22516223986|-164389.2035535194|-164388.2071697056|-164387.13511117178
966.8|1.0|0.76|0.0|-164488.5512590995|-164487.1386643255|-164485.71345709817|-164484.32608723085|-164482.87565509684
967.0|1.0|0.76|0.0|-164395.73621497623|-164394.07137113545|-164392.419139748|-164390.79213326727|-164389.1020645198
967.2|1.0|0.76|0.0|-164537.0653243442|-164535.91759109034|-164534.8076951965|-164533.6851868493|-164532.53745359543
967.4|1.0|0.76|0.0|-164225.50086122195|-164223.9116921012|-164222.34774788714|-164220.78380367308|-164219.19463455235
967.6|1.0|0.76|0.0|-164414.46950159216|-164413.04429436484|-164411.6190871375|-164410.21910481685|-164408.78128513618
967.8|1.0|0.76|0.0|-164157.67995160582|-164156.5574432586|-164155.44754736475|-164154.36287637756|-164153.20253067036
968.0|1.0|0.76|0.0|-163690.84171985276|-163689.27777563868|-163687.7390563313|-163686.21294947725|-163684.6490052632
968.2|1.0|0.76|0.0|-163771.42492297982|-163770.2898021793|-163769.14206892543|-163768.01956057825|-163766.85921487102
968.4|1.0|0.76|0.0|-163965.25310589685|-163964.4711337898|-163963.68916168276|-163962.9324144824|-163962.09999256203
968.6|1.0|0.76|0.0|-164052.66489548283|-164051.83247356242|-164050.9874391887|-164050.16762972163|-164049.30998289457
968.8|1.0|0.76|0.0|-163886.5161539877|-163885.2170712938|-163883.90537614652|-163882.64413081258|-163881.30721075862
969.0|1.0|0.76|0.0|-164082.38755434568|-164080.81099767826|-164079.25966591755|-164077.73355906352|-164076.14438994278
969.2|1.0|0.76|0.0|-163726.65330791322|-163725.66953655274|-163724.6857651923|-163723.7272187385|-163722.71822247136
969.4|1.0|0.76|0.0|-163706.76671184952|-163705.90906502245|-163705.05141819542|-163704.218996275|-163703.32351208793
969.6|1.0|0.76|0.0|-163667.85393494638|-163666.52962734576|-163665.24315710514|-163663.9692993179|-163662.63237926396
969.8|1.0|0.76|0.0|-163651.7731037027|-163650.85239460893|-163649.96952287518|-163649.06142623478|-163648.12810468767
970.0|1.0|0.76|0.0|-164084.36442017386|-164083.01488766656|-164081.6653551593|-164080.36627246535|-164078.99151505137
970.2|1.0|0.76|0.0|-163920.55387620418|-163919.16650633686|-163917.8043613762|-163916.45482886894|-163915.0548465483
970.4|1.0|0.76|0.0|-163907.41413328194|-163905.95108869462|-163904.51326901393|-163903.0880617866|-163901.61240474592
970.6|1.0|0.76|0.0|-164158.3364754989|-164157.3148667784|-164156.2554206979|-164155.24642443078|-164154.18697835028
970.8|1.0|0.76|0.0|-163886.802967559|-163885.7182965718|-163884.646238038|-163883.61201686415|-163882.51473342365
971.0|1.0|0.76|0.0|-163965.62560891718|-163964.79318699677|-163963.98598998308|-163963.2040178761|-163962.34637104897
971.2|1.0|0.76|0.0|-164002.35307304095|-164000.96570317366|-163999.57833330633|-163998.22880079903|-163996.8035935717
971.4|1.0|0.76|0.0|-164193.77512844015|-164192.90486915974|-164192.05983478602|-164191.2148004123|-164190.33192867856
971.6|1.0|0.76|0.0|-163872.252955928|-163871.30702192758|-163870.3737003805|-163869.45299128673|-163868.48183237962
971.8|1.0|0.76|0.0|-163962.74730863687|-163961.51128820964|-163960.28788023573|-163959.0770847152|-163957.81583938125
972.0|1.0|0.76|0.0|-164021.40782911755|-164019.76821018345|-164018.15381615603|-164016.5646470353|-164014.9250281012
972.2|1.0|0.76|0.0|-164111.8843965045|-164110.6609885306|-164109.45019301004|-164108.27723484952|-164107.02860196892
972.4|1.0|0.76|0.0|-164208.78565014128|-164207.6631417941|-164206.56585835357|-164205.49379981973|-164204.33345411252
972.6|1.0|0.76|0.0|-164513.16262420765|-164512.1788528472|-164511.19508148677|-164510.23653503295|-164509.22753876582
972.8|1.0|0.76|0.0|-164448.96523671105|-164447.51480457705|-164446.07698489638|-164444.65177766903|-164443.17612062834
973.0|1.0|0.76|0.0|-164688.69013732948|-164687.46672935554|-164686.28115874168|-164685.08297567445|-164683.85956770057
973.2|1.0|0.76|0.0|-164413.52761843216|-164412.79609613845|-164412.06457384478|-164411.35827645782|-164410.60152925746
973.4|1.0|0.76|0.0|-164246.42522414093|-164245.6054146739|-164244.79821766017|-164244.01624555312|-164243.1712111794
973.6|1.0|0.76|0.0|-164043.5539121797|-164042.77194007268|-164042.01519287232|-164041.296283032|-164040.5016984716
973.8|1.0|0.76|0.0|-164315.26764796124|-164314.37216377415|-164313.4892920404|-164312.61903276|-164311.69832366623
974.0|1.0|0.76|0.0|-164321.9246355666|-164320.7642898594|-164319.6039441522|-164318.46882335166|-164317.2580278311
974.2|1.0|0.76|0.0|-164339.19250841282|-164338.13306233234|-164337.0988411585|-164336.07723243805|-164335.00517390418
974.4|1.0|0.76|0.0|-164379.39142188526|-164378.33197580476|-164377.29775463097|-164376.26353345715|-164375.17886246997
974.6|1.0|0.76|0.0|-164117.5153391825|-164116.8721040622|-164116.22886894186|-164115.59824627492|-164114.91717379462
974.8|1.0|0.76|0.0|-164393.63978013783|-164392.64339632404|-164391.67223741693|-164390.7010785098|-164389.69208224266
975.0|1.0|0.76|0.0|-164151.89238571897|-164150.71942755842|-164149.5590818512|-164148.41134859732|-164147.20055307678
975.2|1.0|0.76|0.0|-164287.86124757756|-164286.82702640374|-164285.83064258995|-164284.8216463228|-164283.787425149
975.4|1.0|0.76|0.0|-163994.8097496982|-163993.81336588442|-163992.829594524|-163991.85843561686|-163990.82421444304
975.6|1.0|0.76|0.0|-164015.76328972483|-164014.60294401765|-164013.44259831044|-164012.3074775099|-164011.10929444266
975.8|1.0|0.76|0.0|-164335.9274727635|-164334.7292896963|-164333.55633153574|-164332.40859828185|-164331.1978027613
976.0|1.0|0.76|0.0|-164337.93953459442|-164336.9305383273|-164335.90892960684|-164334.9377706997|-164333.8783246192
976.2|1.0|0.76|0.0|-164301.34538767432|-164300.43729103386|-164299.55441930014|-164298.6715475664|-164297.73822601928
976.4|1.0|0.76|0.0|-164714.73115832033|-164713.77261186653|-164712.83929031945|-164711.91858122565|-164710.94742231857
976.6|1.0|0.76|0.0|-164649.41478947247|-164648.0778694185|-164646.74094936455|-164645.42925421728|-164644.07972170998
976.8|1.0|0.76|0.0|-164342.79457730742|-164341.78558104028|-164340.8018096798|-164339.84326322604|-164338.8342669589
977.0|1.0|0.76|0.0|-164530.12498822773|-164529.09076705392|-164528.08177078678|-164527.07277451965|-164526.01332843915
977.2|1.0|0.76|0.0|-164141.76402567778|-164140.37665581048|-164139.01451084984|-164137.66497834257|-164136.2649960219
977.4|1.0|0.76|0.0|-164092.47455802816|-164091.3394372276|-164090.25476624045|-164089.17009525327|-164088.03497445278
977.6|1.0|0.76|0.0|-164453.080309376|-164451.8190640421|-164450.6082685215|-164449.39747300095|-164448.136227667
977.8|1.0|0.76|0.0|-164227.7633785447|-164226.52735811748|-164225.32917505025|-164224.14360443637|-164222.8949715558
978.0|1.0|0.76|0.0|-164437.22471733185|-164436.2535584247|-164435.32023687763|-164434.3869153305|-164433.41575642338
978.2|1.0|0.76|0.0|-164145.14800683715|-164143.97504867666|-164142.81470296945|-164141.70480707558|-164140.50662400835
978.4|1.0|0.76|0.0|-164251.42760676943|-164250.2672610622|-164249.11952780833|-164247.99701946115|-164246.79883639392
978.6|1.0|0.76|0.0|-164538.29785796977|-164536.83481338245|-164535.3717687951|-164533.9339491144|-164532.4456796204
978.8|1.0|0.76|0.0|-164860.35811668195|-164858.94552190794|-164857.53292713396|-164856.1329448133|-164854.68251267928
979.0|1.0|0.76|0.0|-164433.13547649077|-164431.45802019667|-164429.7679514492|-164428.1283325151|-164426.42565131432
979.2|1.0|0.76|0.0|-164586.74254570907|-164585.49391282848|-164584.25789240125|-164583.04709688068|-164581.7732390934
979.4|1.0|0.76|0.0|-164456.87403541044|-164455.46144063643|-164454.07407076913|-164452.6867009018|-164451.24888122114
979.6|1.0|0.76|0.0|-164655.7847915462|-164654.17039751878|-164652.58122839805|-164650.9920592773|-164649.3776652499
979.8|1.0|0.76|0.0|-164403.46005004193|-164402.21141716134|-164400.96278428077|-164399.7267638535|-164398.45290606626
980.0|1.0|0.76|0.0|-164198.15453458624|-164196.89328925233|-164195.65726882507|-164194.4464733045|-164193.17261551725
980.2|1.0|0.76|0.0|-163917.6763552713|-163916.69258391083|-163915.75926236378|-163914.82594081666|-163913.84216945618
980.4|1.0|0.76|0.0|-164086.75755238518|-164085.77378102473|-164084.80262211763|-164083.85668811717|-164082.84769185004
980.6|1.0|0.76|0.0|-164384.77822257474|-164383.92057574767|-164383.0881538273|-164382.2557319069|-164381.3854726265
980.8|1.0|0.76|0.0|-164479.85540258675|-164479.11126783973|-164478.39235799937|-164477.6860606124|-164476.90408850537
981.0|1.0|0.76|0.0|-164334.05544198543|-164333.1725702517|-164332.31492342462|-164331.48250150424|-164330.57440486382
981.2|1.0|0.76|0.0|-164372.4304829933|-164371.3584244595|-164370.31159083234|-164369.2773696585|-164368.1926986713
981.4|1.0|0.76|0.0|-164306.90548760068|-164305.8208166135|-164304.7487580797|-164303.6893119992|-164302.5920285587
981.6|1.0|0.76|0.0|-164177.88008994053|-164176.94676839345|-164176.01344684637|-164175.1053502059|-164174.14680375214
981.8|1.0|0.76|0.0|-164536.00620130292|-164535.0728797558|-164534.15217066204|-164533.25668647498|-164532.2981400212
982.0|1.0|0.76|0.0|-163885.56229006828|-163884.4397817211|-163883.31727337392|-163882.21998993342|-163881.05964422622
982.2|1.0|0.76|0.0|-164331.98487441253|-164331.15245249216|-164330.34525547846|-164329.53805846474|-164328.69302409102
982.4|1.0|0.76|0.0|-164255.8939434171|-164255.01107168332|-164254.1281999496|-164253.28316557588|-164252.37506893545
982.6|1.0|0.76|0.0|-164322.0840985413|-164321.31473888757|-164320.55799168724|-164319.81385694022|-164319.01927237984
982.8|1.0|0.76|0.0|-164486.65808445754|-164485.77521272382|-164484.91756589673|-164484.072531523|-164483.17704733592
983.0|1.0|0.76|0.0|-164250.21427570633|-164248.80168093237|-164247.3890861583|-164245.9891038377|-164244.5386717037
983.2|1.0|0.76|0.0|-164267.05616721144|-164265.5678977174|-164264.10485313006|-164262.65442099606|-164261.16615150205
983.4|1.0|0.76|0.0|-164463.0915294628|-164462.20865772906|-164461.31317354197|-164460.46813916825|-164459.56004252785
983.6|1.0|0.76|0.0|-164326.93265160645|-164325.83536816595|-164324.75069717877|-164323.69125109827|-164322.58135520443
983.8|1.0|0.76|0.0|-164479.55594946427|-164478.29470413036|-164477.03345879642|-164475.79743836916|-164474.48574322189
984.0|1.0|0.76|0.0|-164171.20627983543|-164169.89458468813|-164168.60811444753|-164167.3468691136|-164166.00994905966
984.2|1.0|0.76|0.0|-164129.99883658922|-164129.11596485545|-164128.2330931217|-164127.40067120132|-164126.4925745609
984.4|1.0|0.76|0.0|-164328.96111391377|-164327.95211764664|-164326.93050892616|-164325.9467375657|-164324.9125163919
984.6|1.0|0.76|0.0|-164235.73643430794|-164234.13465273386|-164232.55809606647|-164230.9941518524|-164229.37975782497
984.8|1.0|0.76|0.0|-164224.58702555607|-164223.59064174228|-164222.5942579285|-164221.64832392804|-164220.62671520756
985.0|1.0|0.76|0.0|-164319.27213185965|-164318.47754729926|-164317.69557519222|-164316.9388279919|-164316.11901852483
985.2|1.0|0.76|0.0|-164442.43680590703|-164441.52870926663|-164440.63322507954|-164439.7755782525|-164438.8548691587
985.4|1.0|0.76|0.0|-164358.40058204305|-164357.21501142913|-164356.04205326858|-164354.86909510804|-164353.67091204083
985.6|1.0|0.76|0.0|-164425.39793418092|-164424.51506244717|-164423.67002807345|-164422.82499369973|-164421.94212196596
985.8|1.0|0.76|0.0|-164324.07401984013|-164323.02718621297|-164321.98035258582|-164320.97135631868|-164319.8866853315
986.0|1.0|0.76|0.0|-164325.3483203273|-164324.3519365135|-164323.3807776064|-164322.43484360594|-164321.4258473388
986.2|1.0|0.76|0.0|-164241.33644346392|-164240.45357173018|-164239.58331244977|-164238.72566562268|-164237.81756898228
986.4|1.0|0.76|0.0|-164157.3629823507|-164156.2026366435|-164155.06751584297|-164153.93239504244|-164152.74682442856
986.6|1.0|0.76|0.0|-164485.18815834227|-164483.64943903484|-164482.16116954084|-164480.6729000468|-164479.13418073943
986.8|1.0|0.76|0.0|-164323.49587587733|-164322.39859243683|-164321.33914635633|-164320.27970027586|-164319.169804382
987.0|1.0|0.76|0.0|-163982.2874158916|-163981.669405678|-163981.06400791768|-163980.48383506408|-163979.82798749043
987.2|1.0|0.76|0.0|-164149.25048286706|-164148.1531994266|-164147.05591598607|-164145.9712449989|-164144.83612419837
987.4|1.0|0.76|0.0|-163856.4515846182|-163855.6822249645|-163854.93809021747|-163854.2065679238|-163853.42459581676
987.6|1.0|0.76|0.0|-164371.7907767181|-164370.61781855754|-164369.4574728503|-164368.33496450313|-164367.1367814359
987.8|1.0|0.76|0.0|-164466.83628454022|-164465.675938833|-164464.52820557915|-164463.4183096853|-164462.22012661808
988.0|1.0|0.76|0.0|-163797.6726734318|-163796.6132273513|-163795.59161863083|-163794.57000991036|-163793.51056382986
988.2|1.0|0.76|0.0|-164087.67481954128|-164086.45141156737|-164085.2406160468|-164084.06765788628|-164082.83163745902
988.4|1.0|0.76|0.0|-164529.1374369614|-164527.4978180273|-164525.87081154654|-164524.25641751915|-164522.59157367836
988.6|1.0|0.76|0.0|-164242.3851132004|-164240.82116898635|-164239.26983722564|-164237.7437303716|-164236.1671737042
988.8|1.0|0.76|0.0|-164120.41007695688|-164119.3127935164|-164118.22812252922|-164117.18128890207|-164116.0587805549
989.0|1.0|0.76|0.0|-164148.33374897807|-164147.23646553757|-164146.1644070037|-164145.10496092323|-164143.9698401227
989.2|1.0|0.76|0.0|-163940.14499847245|-163938.85852823182|-163937.57205799126|-163936.31081265732|-163934.99911751004
989.4|1.0|0.76|0.0|-164133.8612454054|-164132.53693780478|-164131.2504675642|-164129.9639973236|-164128.6523021763
989.6|1.0|0.76|0.0|-164413.84278146847|-164412.66982330792|-164411.49686514738|-164410.3743568002|-164409.17617373297
989.8|1.0|0.76|0.0|-164064.14990018547|-164063.14090391833|-164062.1571325579|-164061.1985861041|-164060.1643649303
990.0|1.0|0.76|0.0|-164371.98243526526|-164370.5320031313|-164369.09418345062|-164367.6815886766|-164366.21854408926
990.2|1.0|0.76|0.0|-164393.92478373024|-164392.2725523428|-164390.64554586203|-164389.0311518346|-164387.34108308717
990.4|1.0|0.76|0.0|-164553.62439349404|-164552.38837306682|-164551.1901899996|-164550.00461938567|-164548.76859895844
990.6|1.0|0.76|0.0|-164642.42419256215|-164641.42780874835|-164640.43142493453|-164639.47287848077|-164638.43865730698
990.8|1.0|0.76|0.0|-164791.66435435496|-164790.37788411436|-164789.10402632708|-164787.86800589986|-164786.56892320592
991.0|1.0|0.76|0.0|-164732.94636697878|-164732.15178241843|-164731.3445854047|-164730.58783820434|-164729.75541628397
991.2|1.0|0.76|0.0|-164558.5287497508|-164557.72155273712|-164556.92696817676|-164556.15760852306|-164555.3125741493
991.4|1.0|0.76|0.0|-164642.96912485684|-164642.07364066975|-164641.20338138938|-164640.35834701563|-164639.42502546855
991.6|1.0|0.76|0.0|-164752.55861817728|-164751.27214793672|-164750.03612750943|-164748.8001070822|-164747.48841193493
991.8|1.0|0.76|0.0|-164717.71040960104|-164716.91582504066|-164716.146465387|-164715.38971818663|-164714.5699087196
992.0|1.0|0.76|0.0|-164692.78041075275|-164691.6705148589|-164690.56061896507|-164689.48856043123|-164688.34082717737
992.2|1.0|0.76|0.0|-164537.47732394078|-164536.34220314023|-164535.2070823397|-164534.09718644584|-164532.93684073864
992.4|1.0|0.76|0.0|-164335.45104635326|-164334.1141262993|-164332.80243115203|-164331.5159609114|-164330.15381595082
992.6|1.0|0.76|0.0|-164409.79725698032|-164409.07834714|-164408.37204975297|-164407.67836481932|-164406.94684252565
992.8|1.0|0.76|0.0|-164326.28189427915|-164324.8062372385|-164323.35580510445|-164321.90537297045|-164320.42971592976
993.0|1.0|0.76|0.0|-164358.07375163803|-164356.72421913073|-164355.39991153014|-164354.10082883618|-164352.73868387553
993.2|1.0|0.76|0.0|-164702.65952641194|-164700.9820701178|-164699.3298387304|-164697.67760734295|-164696.00015104882
993.4|1.0|0.76|0.0|-164740.06806301605|-164739.0842916556|-164738.10052029512|-164737.167198748|-164736.13297757422
993.6|1.0|0.76|0.0|-164798.32968930472|-164796.5513333839|-164794.7982023697|-164793.0576838089|-164791.2793278881
993.8|1.0|0.76|0.0|-164818.6243394083|-164817.48921860778|-164816.37932271394|-164815.26942682007|-164814.10908111287
994.0|1.0|0.76|0.0|-164590.09753880417|-164589.1389923504|-164588.21828325663|-164587.3101866162|-164586.33902770907
994.2|1.0|0.76|0.0|-164845.95224005918|-164844.80450680532|-164843.65677355145|-164842.54687765762|-164841.37391949704
994.4|1.0|0.76|0.0|-164738.99738771192|-164737.6730801113|-164736.37399741737|-164735.1001396301|-164733.78844448284
994.6|1.0|0.76|0.0|-164829.7931141385|-164828.80934277803|-164827.85079632426|-164826.91747477718|-164825.90847851004
994.8|1.0|0.76|0.0|-164850.47373548153|-164849.3638395877|-164848.25394369382|-164847.19449761335|-164846.04676435946
995.0|1.0|0.76|0.0|-164643.5412135451|-164642.09078141107|-164640.66557418375|-164639.25297940974|-164637.77732236907
995.2|1.0|0.76|0.0|-164693.87373620752|-164692.5494286069|-164691.22512100628|-164689.92603831235|-164688.55128089836
995.4|1.0|0.76|0.0|-165067.41128847766|-165065.8221193569|-165064.23295023615|-165062.65639356873|-165061.029387088
995.6|1.0|0.76|0.0|-164961.2191889787|-164959.88226892476|-164958.5453488708|-164957.24626617687|-164955.88412121622
995.8|1.0|0.76|0.0|-164901.197551158|-164900.2011673442|-164899.21739598372|-164898.23362462327|-164897.2120159028
996.0|1.0|0.76|0.0|-164964.47422956082|-164963.36433366695|-164962.2544377731|-164961.1823792393|-164960.04725843875
996.2|1.0|0.76|0.0|-164544.71523675285|-164543.17651744542|-164541.6504105914|-164540.1369161907|-164538.58558442997
996.4|1.0|0.76|0.0|-164686.89449972555|-164685.60802948495|-164684.32155924436|-164683.06031391042|-164681.74861876314
996.6|1.0|0.76|0.0|-164567.63613207574|-164566.6523607153|-164565.68120180815|-164564.74788026104|-164563.7388839939
996.8|1.0|0.76|0.0|-164416.8544697397|-164415.5049372324|-164414.16801717845|-164412.85632203115|-164411.49417707053
997.0|1.0|0.76|0.0|-164364.95422424882|-164364.03351515508|-164363.138030968|-164362.25515923425|-164361.30922523382
997.2|1.0|0.76|0.0|-164380.0230501268|-164378.34559383267|-164376.69336244522|-164375.06635596446|-164373.38889967036
997.4|1.0|0.76|0.0|-164119.43799251592|-164117.9749479286|-164116.52451579456|-164115.09930856724|-164113.6110390732
997.6|1.0|0.76|0.0|-164351.5534080802|-164350.26693783957|-164348.9930800523|-164347.74444717172|-164346.4201395711
997.8|1.0|0.76|0.0|-164374.37267480537|-164373.04836720476|-164371.7492845108|-164370.4628142702|-164369.12589421624
998.0|1.0|0.76|0.0|-164073.41431322508|-164071.88820637102|-164070.37471197033|-164068.89905492967|-164067.36033562224
998.2|1.0|0.76|0.0|-164510.4964408725|-164509.3739325253|-164508.2766490848|-164507.1919780976|-164506.08208220376
998.4|1.0|0.76|0.0|-164263.84730337086|-164262.737407477|-164261.62751158315|-164260.5554530493|-164259.43294470213
998.6|1.0|0.76|0.0|-164427.5431195237|-164426.04223757633|-164424.5539680823|-164423.0783110416|-164421.55220418758
998.8|1.0|0.76|0.0|-164553.75071035174|-164552.46424011115|-164551.17776987056|-164549.90391208327|-164548.59221693603
999.0|1.0|0.76|0.0|-164347.1826762203|-164346.26196712654|-164345.36648293943|-164344.45838629903|-164343.49983984526
999.2|1.0|0.76|0.0|-164522.1218250783|-164520.60833067758|-164519.1074487302|-164517.63179168952|-164516.1056848355
999.4|1.0|0.76|0.0|-164363.27061524603|-164361.8454080187|-164360.4328132447|-164359.03283092403|-164357.59501124336
999.6|1.0|0.76|0.0|-164156.1236816028|-164154.53451248206|-164152.94534336132|-164151.40662405395|-164149.79223002653
999.8|1.0|0.76|0.0|-164493.1390629129|-164491.73908059223|-164490.3390982716|-164488.96434085758|-164487.53913363026
