times(ps)|lambda_restraints|lambda_electrostatics|lambda_sterics|(1.0, 0.32, 0.0)|(1.0, 0.34, 0.0)|(1.0, 0.36, 0.0)|(1.0, 0.38, 0.0)|(1.0, 0.4, 0.0)
0.0|1.0|0.36|0.0|0|2.9797821903822506|5.959564380764492|8.939346571146743|11.919128761528993
0.2|1.0|0.36|0.0|0|3.0026647846720906|6.005329569344173|9.007994354016263|12.010659138688354
0.4|1.0|0.36|0.0|0|2.870594380336118|5.741188760672228|8.611783141008345|11.482377521344462
0.6|1.0|0.36|0.0|0|3.2833819605084167|6.566763921016824|9.85014588152524|13.133527842033658
0.8|1.0|0.36|0.0|0|3.243742821133931|6.4874856422678535|9.731228463401784|12.974971284535716
1.0|1.0|0.36|0.0|0|3.290769254506452|6.581538509012895|9.872307763519347|13.163077018025799
1.2|1.0|0.36|0.0|0|2.325015684273096|4.650031368546186|6.975047052819281|9.300062737092377
1.4|1.0|0.36|0.0|0|2.5179862196772613|5.0359724393545156|7.553958659031777|10.071944878709038
1.6|1.0|0.36|0.0|0|3.0689702533365955|6.137940506673182|9.206910760009777|12.275881013346373
1.8|1.0|0.36|0.0|0|2.8529369456460727|5.705873891292137|8.558810836938209|11.411747782584282
2.0|1.0|0.36|0.0|0|2.5098782146850156|5.019756429370024|7.52963464405504|10.039512858740055
2.2|1.0|0.36|0.0|0|2.73437988394697|5.468759767893932|8.203139651840901|10.937519535787871
2.4|1.0|0.36|0.0|0|2.9403232293715726|5.880646458743137|8.82096968811471|11.761292917486282
2.6|1.0|0.36|0.0|0|2.4961846941453425|4.992369388290679|7.488554082436021|9.984738776581365
2.8|1.0|0.36|0.0|0|2.6064535718876893|5.212907143775371|7.81936071566306|10.42581428755075
3.0|1.0|0.36|0.0|0|2.750235540111901|5.500471080223794|8.250706620335695|11.000942160447597
3.2|1.0|0.36|0.0|0|2.8736574045266052|5.7473148090532025|8.620972213579806|11.494629618106412
3.4|1.0|0.36|0.0|0|3.0909519578854114|6.181903915770815|9.272855873656226|12.363807831541637
3.6|1.0|0.36|0.0|0|2.3927625766111325|4.785525153222259|7.178287729833391|9.571050306444524
3.8|1.0|0.36|0.0|0|2.973836319458208|5.947672638916408|8.921508958374615|11.895345277832824
4.0|1.0|0.36|0.0|0|2.8141986961878165|5.628397392375625|8.442596088563441|11.256794784751257
4.2|1.0|0.36|0.0|0|3.0605018923140626|6.121003784628116|9.181505676942178|12.242007569256241
4.4|1.0|0.36|0.0|0|2.6466332444455496|5.293266488891092|7.939899733336642|10.586532977782191
4.6|1.0|0.36|0.0|0|2.733298817017933|5.466597634035859|8.19989645105379|10.933195268071724
4.8|1.0|0.36|0.0|0|2.768793863866597|5.537587727733187|8.306381591599784|11.07517545546638
5.0|1.0|0.36|0.0|0|2.4920406021666737|4.98408120433334|7.4761218065000135|9.968162408666688
5.2|1.0|0.36|0.0|0|3.0857267987885306|6.171453597577053|9.257180396365584|12.342907195154114
5.4|1.0|0.36|0.0|0|2.71744316111319|5.434886322226372|8.152329483339562|10.869772644452754
5.6|1.0|0.36|0.0|0|3.182662511518577|6.365325023037146|9.547987534555723|12.7306500460743
5.8|1.0|0.36|0.0|0|2.1556484539603136|4.311296907920621|6.466945361880935|8.622593815841249
6.0|1.0|0.36|0.0|0|1.972587702379098|3.945175404758191|5.917763107137288|7.890350809516387
6.2|1.0|0.36|0.0|0|2.5687963895231976|5.137592779046388|7.706389168569585|10.275185558092783
6.4|1.0|0.36|0.0|0|1.9956504740874534|3.991300948174901|5.986951422262354|7.9826018963498075
6.6|1.0|0.36|0.0|0|2.349159523458804|4.698319046917602|7.0474785703764065|9.396638093835211
6.8|1.0|0.36|0.0|0|2.338168671214373|4.67633734242874|7.014506013643112|9.352674684857487
7.0|1.0|0.36|0.0|0|2.269340711904226|4.538681423808446|6.808022135712672|9.077362847616898
7.2|1.0|0.36|0.0|0|2.583570977728816|5.167141955457625|7.750712933186441|10.334283910915257
7.4|1.0|0.36|0.0|0|2.6089760619291362|5.2179521238582645|7.826928185787401|10.435904247716538
7.6|1.0|0.36|0.0|0|2.8765402508387368|5.7530805016774655|8.629620752516203|11.506161003354938
7.8|1.0|0.36|0.0|0|3.0286104027222636|6.057220805444519|9.085831208166782|12.114441610889045
8.0|1.0|0.36|0.0|0|2.69888483694813|5.397769673896252|8.096654510844383|10.795539347792513
8.2|1.0|0.36|0.0|0|2.8857293238164883|5.771458647632969|8.657187971449456|11.542917295265944
8.4|1.0|0.36|0.0|0|3.030232003604763|6.060464007209518|9.09069601081428|12.120928014419045
8.6|1.0|0.36|0.0|0|3.193293007884061|6.386586015768113|9.579879023652174|12.773172031536236
8.8|1.0|0.36|0.0|0|2.6853714943700493|5.3707429887400915|8.056114483110141|10.74148597748019
9.0|1.0|0.36|0.0|0|2.991673932325796|5.983347864651584|8.97502179697738|11.966695729303176
9.2|1.0|0.36|0.0|0|2.885729324507995|5.771458649015982|8.657187973523978|11.542917298031973
9.4|1.0|0.36|0.0|0|3.4338305107457594|6.867661021491509|10.301491532237268|13.735322042983029
9.6|1.0|0.36|0.0|0|3.3994165310956337|6.798833062191258|10.19824959328689|13.597666124382524
9.8|1.0|0.36|0.0|0|2.927710776024035|5.855421552048062|8.783132328072098|11.710843104096131
10.0|1.0|0.36|0.0|0|3.0320337831357054|6.064067566271403|9.096101349407109|12.128135132542814
10.2|1.0|0.36|0.0|0|2.946269100048233|5.892538200096457|8.83880730014469|11.785076400192922
10.4|1.0|0.36|0.0|0|3.247166201415824|6.494332402831639|9.741498604247463|12.988664805663287
10.6|1.0|0.36|0.0|0|3.156356537536488|6.312713075072967|9.469069612609456|12.625426150145943
10.8|1.0|0.36|0.0|0|3.1522124451299924|6.304424890259976|9.456637335389969|12.60884978051996
11.0|1.0|0.36|0.0|0|3.1329334099125146|6.26586681982502|9.398800229737535|12.53173363965005
11.2|1.0|0.36|0.0|0|2.476184946774158|4.952369893548309|7.428554840322467|9.904739787096625
11.4|1.0|0.36|0.0|0|2.506995368684295|5.013990737368583|7.520986106052878|10.027981474737173
11.6|1.0|0.36|0.0|0|2.343033474988772|4.686066949977537|7.029100424966309|9.372133899955081
11.8|1.0|0.36|0.0|0|2.6914975430740764|5.382995086148146|8.074492629222222|10.765990172296299
12.0|1.0|0.36|0.0|0|2.806631224106534|5.61326244821306|8.419893672319594|11.22652489642613
12.2|1.0|0.36|0.0|0|2.5812286648631586|5.16245732972631|7.743685994589468|10.324914659452627
12.4|1.0|0.36|0.0|0|2.2313231737015324|4.462646347403059|6.693969521104591|8.925292694806123
12.6|1.0|0.36|0.0|0|2.983025392851562|5.966050785703116|8.949076178554678|11.93210157140624
12.8|1.0|0.36|0.0|0|2.5561839364009233|5.11236787280184|7.668551809202763|10.224735745603686
13.0|1.0|0.36|0.0|0|1.9403358570963627|3.88067171419272|5.8210075712890825|7.761343428385445
13.2|1.0|0.36|0.0|0|3.0159979493258313|6.031995898651655|9.047993847977486|12.063991797303318
13.4|1.0|0.36|0.0|0|2.6327595458482413|5.265519091696476|7.898278637544717|10.531038183392958
13.6|1.0|0.36|0.0|0|2.739244687589237|5.478489375178467|8.217734062767704|10.95697875035694
13.8|1.0|0.36|0.0|0|2.2271790822636124|4.4543581645272186|6.681537246790831|8.908716329054442
14.0|1.0|0.36|0.0|0|2.6098769519064833|5.2197539038129595|7.829630855719442|10.439507807625926
14.2|1.0|0.36|0.0|0|3.1019428099063253|6.203885619812642|9.305828429718968|12.407771239625292
14.4|1.0|0.36|0.0|0|2.809153714300485|5.618307428600962|8.427461142901448|11.236614857201932
14.6|1.0|0.36|0.0|0|2.3884383063815786|4.776876612763151|7.16531491914473|9.55375322552631
14.8|1.0|0.36|0.0|0|2.2122243156220085|4.424448631244011|6.636672946866019|8.848897262488029
15.0|1.0|0.36|0.0|0|2.4904190014459915|4.980838002891976|7.471257004337967|9.961676005783959
15.2|1.0|0.36|0.0|0|2.431681003794658|4.86336200758931|7.295043011383968|9.726724015178627
15.4|1.0|0.36|0.0|0|2.5646522981947077|5.129304596389408|7.693956894584116|10.258609192778824
15.6|1.0|0.36|0.0|0|2.69041647516133|5.380832950322653|8.071249425483984|10.761665900645314
15.8|1.0|0.36|0.0|0|2.814919407383425|5.629838814766842|8.444758222150266|11.259677629533691
16.0|1.0|0.36|0.0|0|3.1952749645040632|6.390549929008118|9.58582489351218|12.781099858016244
16.2|1.0|0.36|0.0|0|2.635642392133598|5.271284784267189|7.906927176400786|10.542569568534384
16.4|1.0|0.36|0.0|0|2.4044741406355774|4.808948281271148|7.213422421906725|9.617896562542303
16.6|1.0|0.36|0.0|0|2.263394840755502|4.526789681510998|6.790184522266499|9.053579363022001
16.8|1.0|0.36|0.0|0|2.581048487041264|5.162096974082521|7.7431454611237855|10.32419394816505
17.0|1.0|0.36|0.0|0|2.91762081321853|5.835241626437052|8.752862439655582|11.670483252874112
17.2|1.0|0.36|0.0|0|2.7765415135549874|5.553083027109967|8.329624540664954|11.10616605421994
17.4|1.0|0.36|0.0|0|2.951314081487947|5.902628162975886|8.853942244463832|11.80525632595178
17.6|1.0|0.36|0.0|0|2.454023064466312|4.908046128932617|7.362069193398929|9.816092257865241
17.8|1.0|0.36|0.0|0|2.570237812465641|5.140475624931275|7.710713437396916|10.280951249862557
18.0|1.0|0.36|0.0|0|2.3482586341124283|4.6965172682248495|7.044775902337278|9.393034536449706
18.2|1.0|0.36|0.0|0|2.49798647304415|4.995972946088293|7.493959419132443|9.991945892176593
18.4|1.0|0.36|0.0|0|2.7183440509409436|5.436688101881879|8.155032152822823|10.873376203763767
18.6|1.0|0.36|0.0|0|2.23402584193682|4.468051683873634|6.702077525810455|8.936103367747275
18.8|1.0|0.36|0.0|0|2.9343773584056208|5.868754716811233|8.803132075216853|11.737509433622474
19.0|1.0|0.36|0.0|0|2.155648453905016|4.311296907810027|6.466945361715043|8.622593815620059
19.2|1.0|0.36|0.0|0|2.8637476200214613|5.727495240042915|8.591242860064376|11.454990480085836
19.4|1.0|0.36|0.0|0|3.423019836397728|6.846039672795447|10.269059509193175|13.692079345590903
19.6|1.0|0.36|0.0|0|3.162482585844121|6.324965171688233|9.487447757532355|12.649930343376475
19.8|1.0|0.36|0.0|0|2.905909249343097|5.811818498686186|8.717727748029283|11.62363699737238
20.0|1.0|0.36|0.0|0|3.1547349362290724|6.309469872458136|9.464204808687208|12.61893974491628
20.2|1.0|0.36|0.0|0|3.503018826324845|7.00603765264968|10.509056478974525|14.012075305299371
20.4|1.0|0.36|0.0|0|3.5750899879500535|7.150179975900097|10.72526996385015|14.300359951800203
20.6|1.0|0.36|0.0|0|2.8745582940423655|5.749116588084723|8.623674882127089|11.498233176169453
20.8|1.0|0.36|0.0|0|2.6442909318092305|5.288581863618453|7.932872795427683|10.577163727236913
21.0|1.0|0.36|0.0|0|2.9529356827784823|5.905871365556956|8.858807048335438|11.81174273111392
21.2|1.0|0.36|0.0|0|2.8176220759970625|5.635244151994118|8.45286622799118|11.270488303988243
21.4|1.0|0.36|0.0|0|2.403933606595967|4.807867213191928|7.211800819787895|9.615734426383863
21.6|1.0|0.36|0.0|0|2.9841064599755946|5.96821291995118|8.952319379926776|11.93642583990237
21.8|1.0|0.36|0.0|0|2.635101858706914|5.270203717413821|7.905305576120735|10.54040743482765
22.0|1.0|0.36|0.0|0|3.0967176508635776|6.193435301727146|9.290152952590724|12.386870603454302
22.2|1.0|0.36|0.0|0|2.717443161050908|5.434886322101808|8.152329483152716|10.869772644203625
22.4|1.0|0.36|0.0|0|2.4012309382093395|4.802461876418672|7.2036928146280115|9.604923752837351
22.6|1.0|0.36|0.0|0|2.6284352760342906|5.256870552068573|7.885305828102864|10.513741104137155
22.8|1.0|0.36|0.0|0|2.607894995331301|5.215789990662595|7.8236849859938955|10.431579981325196
23.0|1.0|0.36|0.0|0|2.541589525897873|5.083179051795739|7.624768577693612|10.166358103591485
23.2|1.0|0.36|0.0|0|2.8678917118796408|5.7357834237592735|8.603675135638914|11.471566847518554
23.4|1.0|0.36|0.0|0|2.4415907886647643|4.8831815773295215|7.324772365994286|9.76636315465905
23.6|1.0|0.36|0.0|0|2.7931178814650073|5.586235762930007|8.379353644395014|11.172471525860022
23.8|1.0|0.36|0.0|0|2.9201433043374005|5.840286608674793|8.760429913012194|11.680573217349595
24.0|1.0|0.36|0.0|0|2.9015849801257745|5.803169960251541|8.704754940377315|11.606339920503089
24.2|1.0|0.36|0.0|0|2.8646485097182475|5.729297019436487|8.593945529154734|11.458594038872981
24.4|1.0|0.36|0.0|0|2.7511364294518743|5.502272858903741|8.253409288355614|11.004545717807488
24.6|1.0|0.36|0.0|0|2.3383488493721254|4.676697698744245|7.01504654811637|9.353395397488494
24.8|1.0|0.36|0.0|0|2.55077859909856|5.101557198197113|7.652335797295673|10.203114396394232
25.0|1.0|0.36|0.0|0|3.110951705095943|6.221903410191877|9.33285511528782|12.443806820383763
25.2|1.0|0.36|0.0|0|2.5408688143349742|5.081737628669941|7.622606443004916|10.16347525733989
25.4|1.0|0.36|0.0|0|2.71744316117489|5.434886322349773|8.152329483524664|10.869772644699554
25.6|1.0|0.36|0.0|0|3.1134741961152788|6.226948392230549|9.340422588345827|12.453896784461106
25.8|1.0|0.36|0.0|0|3.05996135819529|6.119922716390572|9.17988407458586|12.23984543278115
26.0|1.0|0.36|0.0|0|2.8527567677409413|5.705513535481875|8.558270303222816|11.411027070963758
26.2|1.0|0.36|0.0|0|2.6862723831931388|5.3725447663862695|8.058817149579408|10.745089532772546
26.4|1.0|0.36|0.0|0|2.6123994422127748|5.224798884425542|7.837198326638317|10.449597768851092
26.6|1.0|0.36|0.0|0|2.508797147631997|5.0175942952639865|7.526391442895983|10.03518859052798
26.8|1.0|0.36|0.0|0|2.6417684411484537|5.2835368822969|7.925305323445354|10.567073764593808
27.0|1.0|0.36|0.0|0|2.4147442813153632|4.82948856263072|7.244232843946083|9.658977125261446
27.2|1.0|0.36|0.0|0|2.8940175077656773|5.788035015531347|8.682052523297024|11.576070031062702
27.4|1.0|0.36|0.0|0|2.5030314545560417|5.006062909112076|7.509094363668118|10.01212581822416
27.6|1.0|0.36|0.0|0|2.4873559765931006|4.974711953186195|7.462067929779296|9.949423906372397
27.8|1.0|0.36|0.0|0|2.3266372855124082|4.65327457102481|6.9799118565372185|9.306549142049628
28.0|1.0|0.36|0.0|0|2.7291547249135353|5.458309449827063|8.187464174740597|10.916618899654134
28.2|1.0|0.36|0.0|0|2.712578357151363|5.425156714302718|8.137735071454081|10.850313428605443
28.4|1.0|0.36|0.0|0|2.5887961371493318|5.177592274298656|7.766388411447988|10.35518454859732
28.6|1.0|0.36|0.0|0|2.6014085908781293|5.202817181756251|7.804225772634381|10.40563436351251
28.8|1.0|0.36|0.0|0|2.4432123901322504|4.886424780264495|7.329637170396745|9.772849560528995
29.0|1.0|0.36|0.0|0|2.418888372415097|4.837776744830187|7.256665117245284|9.67555348966038
29.2|1.0|0.36|0.0|0|2.7385239759745335|5.477047951949059|8.215571927923593|10.954095903898125
29.4|1.0|0.36|0.0|0|2.6493359131045895|5.298671826209172|7.948007739313762|10.59734365241835
29.6|1.0|0.36|0.0|0|2.267538932571772|4.5350778651435375|6.8026167977153085|9.07015573028708
29.8|1.0|0.36|0.0|0|3.0224843542248734|6.044968708449739|9.067453062674613|12.089937416899486
30.0|1.0|0.36|0.0|0|2.6098769519472285|5.21975390389445|7.829630855841678|10.439507807788907
30.2|1.0|0.36|0.0|0|2.624831717591153|5.249663435182299|7.874495152773452|10.499326870364605
30.4|1.0|0.36|0.0|0|3.0001422940735964|6.000284588147185|9.000426882220781|12.000569176294377
30.6|1.0|0.36|0.0|0|2.7165422714035983|5.4330845428071886|8.149626814210787|10.866169085614386
30.8|1.0|0.36|0.0|0|2.2480797184968853|4.496159436993764|6.74423915549065|8.992318873987536
31.0|1.0|0.36|0.0|0|2.925368463469788|5.850736926939568|8.776105390409356|11.701473853879145
31.2|1.0|0.36|0.0|0|2.6720383287442404|5.344076657488474|8.016114986232715|10.688153314976955
31.4|1.0|0.36|0.0|0|2.3844743928447154|4.768948785689425|7.15342317853414|9.537897571378855
31.6|1.0|0.36|0.0|0|2.440870077025031|4.881740154050055|7.322610231075086|9.763480308100117
31.8|1.0|0.36|0.0|0|2.8378020015399694|5.675604003079931|8.5134060046199|11.35120800615987
32.0|1.0|0.36|0.0|0|2.7579831896832934|5.51596637936658|8.273949569049874|11.031932758733166
32.2|1.0|0.36|0.0|0|2.370420516212473|4.74084103242494|7.111261548637413|9.481682064849885
32.4|1.0|0.36|0.0|0|2.6417684410308744|5.283536882061742|7.925305323092616|10.56707376412349
32.6|1.0|0.36|0.0|0|2.934377358392815|5.868754716785622|8.803132075178437|11.737509433571251
32.8|1.0|0.36|0.0|0|2.6133003315579866|5.226600663115966|7.839900994673953|10.45320132623194
33.0|1.0|0.36|0.0|0|2.619066024749775|5.2381320494995425|7.857198074249317|10.476264098999092
33.2|1.0|0.36|0.0|0|2.32393461660424|4.647869233208473|6.971803849812713|9.295738466416953
33.4|1.0|0.36|0.0|0|2.759424612636797|5.518849225273586|8.278273837910383|11.037698450547179
33.6|1.0|0.36|0.0|0|2.8700538463785805|5.740107692757153|8.610161539135733|11.480215385514313
33.8|1.0|0.36|0.0|0|3.195094786690318|6.390189573380627|9.585284360070945|12.780379146761263
34.0|1.0|0.36|0.0|0|2.2985295320663157|4.597059064132625|6.89558859619894|9.194118128265256
34.2|1.0|0.36|0.0|0|2.8183427876868543|5.636685575373701|8.455028363060554|11.27337115074741
34.4|1.0|0.36|0.0|0|2.972214718777107|5.944429437554206|8.916644156331312|11.88885887510842
34.6|1.0|0.36|0.0|0|3.038880543275739|6.07776108655147|9.116641629827209|12.155522173102947
34.8|1.0|0.36|0.0|0|2.7250106327125128|5.450021265425018|8.175031898137531|10.900042530850044
35.0|1.0|0.36|0.0|0|2.4401493652089288|4.8802987304178505|7.320448095626779|9.760597460835708
35.2|1.0|0.36|0.0|0|2.8484324976103403|5.696864995220674|8.545297492831013|11.393729990441354
35.4|1.0|0.36|0.0|0|2.8898734158620965|5.779746831724185|8.66962024758628|11.559493663448377
35.6|1.0|0.36|0.0|0|2.510598926417881|5.021197852835755|7.531796779253636|10.042395705671517
35.8|1.0|0.36|0.0|0|2.7578030119318306|5.515606023863653|8.273409035795485|11.031212047727315
36.0|1.0|0.36|0.0|0|2.0700639496184903|4.140127899236975|6.210191848855465|8.280255798473956
36.2|1.0|0.36|0.0|0|2.46032929095207|4.920658581904133|7.3809878728562035|9.841317163808274
36.4|1.0|0.36|0.0|0|2.3196103472379055|4.639220694475805|6.958831041713711|9.278441388951617
36.6|1.0|0.36|0.0|0|2.7075333763798723|5.415066752759737|8.12260012913961|10.830133505519482
36.8|1.0|0.36|0.0|0|2.636002748155154|5.2720054963103005|7.908008244465454|10.544010992620608
37.0|1.0|0.36|0.0|0|3.260499366339066|6.520998732678123|9.78149809901719|13.041997465356255
37.2|1.0|0.36|0.0|0|2.8655493988504195|5.731098797700831|8.59664819655125|11.462197595401669
37.4|1.0|0.36|0.0|0|2.943386254032378|5.886772508064747|8.830158762097126|11.773545016129503
37.6|1.0|0.36|0.0|0|3.042123745703141|6.084247491406273|9.126371237109415|12.168494982812556
37.8|1.0|0.36|0.0|0|2.717443160969417|5.434886321938826|8.152329482908243|10.869772643877662
38.0|1.0|0.36|0.0|0|2.9421250085718955|5.884250017143783|8.826375025715679|11.768500034287575
38.2|1.0|0.36|0.0|0|2.101054548569375|4.202109097138743|6.303163645708119|8.404218194277494
38.4|1.0|0.36|0.0|0|2.47204085447069|4.944081708941374|7.416122563412063|9.888163417882753
38.6|1.0|0.36|0.0|0|2.3372677818714895|4.674535563742973|7.011803345614462|9.349071127485951
38.8|1.0|0.36|0.0|0|2.710776578643129|5.42155315728625|8.132329735929378|10.843106314572507
39.0|1.0|0.36|0.0|0|2.7731181335012685|5.54623626700253|8.319354400503798|11.092472534005067
39.2|1.0|0.36|0.0|0|2.791676457766446|5.583352915532884|8.37502937329933|11.166705831065777
39.4|1.0|0.36|0.0|0|2.5342022318847035|5.0684044637694|7.602606695654103|10.136808927538807
39.6|1.0|0.36|0.0|0|2.72086654123734|5.441733082474673|8.162599623712012|10.883466164949352
39.8|1.0|0.36|0.0|0|2.9610436887946006|5.922087377589193|8.883131066383793|11.844174755178393
40.0|1.0|0.36|0.0|0|3.190950694963106|6.381901389926203|9.572852084889309|12.763802779852416
40.2|1.0|0.36|0.0|0|2.8250093698618026|5.650018739723597|8.4750281095854|11.300037479447203
40.4|1.0|0.36|0.0|0|2.466995873259732|4.933991746519457|7.400987619779189|9.86798349303892
40.6|1.0|0.36|0.0|0|2.812577094873416|5.625154189746824|8.43773128462024|11.250308379493656
40.8|1.0|0.36|0.0|0|3.1059067236457514|6.211813447291494|9.317720170937246|12.423626894582997
41.0|1.0|0.36|0.0|0|2.617264245845147|5.234528491690287|7.851792737535433|10.46905698338058
41.2|1.0|0.36|0.0|0|3.272391108642917|6.544782217285825|9.817173325928742|13.08956443457166
41.4|1.0|0.36|0.0|0|2.7603255022264808|5.520651004452954|8.280976506679435|11.041302008905916
41.6|1.0|0.36|0.0|0|2.2752865827153457|4.550573165430685|6.825859748146031|9.101146330861377
41.8|1.0|0.36|0.0|0|2.0934870767366394|4.1869741534732725|6.280461230209912|8.37394830694655
42.0|1.0|0.36|0.0|0|2.689875941626963|5.379751883253918|8.06962782488088|10.759503766507844
42.2|1.0|0.36|0.0|0|2.4197892619163053|4.8395785238326035|7.259367785748909|9.679157047665214
42.4|1.0|0.36|0.0|0|2.375105142145769|4.750210284291532|7.1253154264373|9.500420568583069
42.6|1.0|0.36|0.0|0|2.598886099708036|5.197772199416065|7.7966582991241005|10.395544398832136
42.8|1.0|0.36|0.0|0|2.593120406728124|5.18624081345624|7.779361220184364|10.372481626912489
43.0|1.0|0.36|0.0|0|2.5410489920171697|5.082097984034332|7.623146976051503|10.164195968068672
43.2|1.0|0.36|0.0|0|2.480329038476341|4.960658076952675|7.4409871154290155|9.921316153905357
43.4|1.0|0.36|0.0|0|2.1960083043639336|4.392016608727861|6.588024913091794|8.784033217455727
43.6|1.0|0.36|0.0|0|2.3718619393708673|4.7437238787417275|7.115585818112595|9.487447757483462
43.8|1.0|0.36|0.0|0|2.1127661125717005|4.225532225143395|6.338298337715096|8.451064450286797
44.0|1.0|0.36|0.0|0|2.608976062560107|5.217952125120207|7.826928187680314|10.435904250240421
44.2|1.0|0.36|0.0|0|2.6442909317027103|5.288581863405414|7.932872795108123|10.577163726810834
44.4|1.0|0.36|0.0|0|2.4835722411907066|4.967144482381406|7.450716723572113|9.93428896476282
44.6|1.0|0.36|0.0|0|2.463392315291569|4.926784630583131|7.3901769458747|9.85356926116627
44.8|1.0|0.36|0.0|0|2.5743819049326726|5.148763809865338|7.723145714798011|10.297527619730683
45.0|1.0|0.36|0.0|0|1.9700652118999296|3.940130423799854|5.910195635699783|7.880260847599713
45.2|1.0|0.36|0.0|0|2.509698037169294|5.019396074338581|7.529094111507875|10.03879214867717
45.4|1.0|0.36|0.0|0|2.4239333544363055|4.847866708872605|7.27180006330891|9.695733417745215
45.6|1.0|0.36|0.0|0|2.850234276852573|5.7004685537051385|8.55070283055771|11.400937107410284
45.8|1.0|0.36|0.0|0|2.953476216320417|5.906952432640825|8.860428648961243|11.813904865281659
46.0|1.0|0.36|0.0|0|3.0875285778887362|6.1750571557774645|9.262585733666201|12.350114311554938
46.2|1.0|0.36|0.0|0|2.679785979133451|5.359571958266894|8.039357937400345|10.719143916533797
46.4|1.0|0.36|0.0|0|2.596363609115363|5.192727218230718|7.78909082734608|10.385454436461444
46.6|1.0|0.36|0.0|0|2.761406569871472|5.522813139742936|8.284219709614408|11.04562627948588
46.8|1.0|0.36|0.0|0|2.8158202970976736|5.631640594195339|8.447460891293012|11.263281188390685
47.0|1.0|0.36|0.0|0|2.8857293240533934|5.771458648106779|8.657187972160171|11.542917296213567
47.2|1.0|0.36|0.0|0|2.9109542307094696|5.821908461418931|8.732862692128402|11.643816922837871
47.4|1.0|0.36|0.0|0|2.1702428639837326|4.34048572796746|6.510728591951192|8.680971455934925
47.6|1.0|0.36|0.0|0|2.6232101164595245|5.246420232919042|7.869630349378567|10.492840465838091
47.8|1.0|0.36|0.0|0|2.1414143991301553|4.282828798260304|6.42424319739046|8.565657596520616
48.0|1.0|0.36|0.0|0|2.618345313315515|5.236690626631023|7.8550359399465375|10.473381253262053
48.2|1.0|0.36|0.0|0|3.2372564163903035|6.474512832780598|9.711769249170901|12.949025665561205
48.4|1.0|0.36|0.0|0|2.930413444668523|5.860826889337037|8.791240334005561|11.721653778674083
48.6|1.0|0.36|0.0|0|2.517445686517751|5.034891373035496|7.552337059553246|10.069782746070999
48.8|1.0|0.36|0.0|0|2.467716584983284|4.9354331699665615|7.403149754949845|9.870866339933128
49.0|1.0|0.36|0.0|0|2.6442909313843144|5.288581862768622|7.932872794152936|10.57716372553725
49.2|1.0|0.36|0.0|0|2.597084320779543|5.194168641559078|7.791252962338621|10.388337283118164
49.4|1.0|0.36|0.0|0|2.8940175082907107|5.788035016581413|8.682052524872123|11.576070033162834
49.6|1.0|0.36|0.0|0|2.354204504931115|4.7084090098622235|7.062613514793338|9.416818019724452
49.8|1.0|0.36|0.0|0|2.658705164213318|5.317410328426629|7.976115492639947|10.634820656853265
50.0|1.0|0.36|0.0|0|2.573661192649163|5.1473223852983185|7.720983577947481|10.294644770596644
50.2|1.0|0.36|0.0|0|2.7536589197872696|5.507317839574532|8.260976759361801|11.014635679149071
50.4|1.0|0.36|0.0|0|2.9614040444622542|5.9228080889245|8.884212133386754|11.845616177849008
50.6|1.0|0.36|0.0|0|1.986821756872816|3.9736435137456265|5.9604652706184424|7.947287027491258
50.8|1.0|0.36|0.0|0|2.7502355397143425|5.500471079428677|8.25070661914302|11.000942158857363
51.0|1.0|0.36|0.0|0|2.254926479680582|4.509852959361158|6.76477943904174|9.019705918722321
51.2|1.0|0.36|0.0|0|2.560147850374344|5.120295700748681|7.680443551123026|10.240591401497369
51.4|1.0|0.36|0.0|0|3.113474195904567|6.226948391809125|9.340422587713691|12.453896783618259
51.6|1.0|0.36|0.0|0|2.725010632850465|5.450021265700922|8.175031898551387|10.900042531401853
51.8|1.0|0.36|0.0|0|2.585372756419822|5.170745512839637|7.756118269259459|10.34149102567928
52.0|1.0|0.36|0.0|0|2.8435676944715693|5.687135388943131|8.5307030834147|11.37427077788627
52.2|1.0|0.36|0.0|0|2.8850086121348455|5.770017224269683|8.65502583640453|11.540034448539375
52.4|1.0|0.36|0.0|0|2.9630256452993518|5.926051290598695|8.889076935898046|11.852102581197398
52.6|1.0|0.36|0.0|0|2.956359062454433|5.912718124908857|8.86907718736329|11.825436249817724
52.8|1.0|0.36|0.0|0|2.5408688143175118|5.081737628635016|7.622606442952528|10.16347525727004
53.0|1.0|0.36|0.0|0|2.788072899732508|5.576145799465009|8.364218699197517|11.152291598930026
53.2|1.0|0.36|0.0|0|2.724289921074526|5.448579842149044|8.17286976322357|10.897159684298096
53.4|1.0|0.36|0.0|0|3.251310292785059|6.502620585570108|9.753930878355167|13.005241171140227
53.6|1.0|0.36|0.0|0|3.55076597043488|7.101531940869751|10.65229791130463|14.203063881739512
53.8|1.0|0.36|0.0|0|3.0698711430857686|6.139742286171528|9.209613429257297|12.279484572343065
54.0|1.0|0.36|0.0|0|2.225557480775171|4.451114961550336|6.676672442325507|8.902229923100679
54.2|1.0|0.36|0.0|0|1.7143927650171114|3.4287855300342183|5.14317829505133|6.857571060068441
54.4|1.0|0.36|0.0|0|2.137270307430883|4.27454061486176|6.411810922292643|8.549081229723527
54.6|1.0|0.36|0.0|0|2.0311455216736087|4.062291043347211|6.09343656502082|8.124582086694428
54.8|1.0|0.36|0.0|0|2.4770858356228587|4.95417167124571|7.431257506868569|9.908343342491428
55.0|1.0|0.36|0.0|0|2.256548080356444|4.513096160712882|6.769644241069327|9.026192321425771
55.2|1.0|0.36|0.0|0|1.8724087880336464|3.7448175760672875|5.617226364100934|7.48963515213458
55.4|1.0|0.36|0.0|0|2.170963575830685|4.3419271516613644|6.512890727492049|8.683854303322734
55.6|1.0|0.36|0.0|0|2.3264571076270677|4.652914215254129|6.979371322881197|9.305828430508265
55.8|1.0|0.36|0.0|0|2.4987071844498883|4.997414368899769|7.496121553349657|9.994828737799546
56.0|1.0|0.36|0.0|0|2.4491582608065823|4.8983165216131574|7.34747478241974|9.796633043226322
56.2|1.0|0.36|0.0|0|2.806811401507587|5.613622803015166|8.420434204522753|11.22724560603034
56.4|1.0|0.36|0.0|0|2.4500591502303743|4.9001183004607425|7.350177450691117|9.800236600921492
56.6|1.0|0.36|0.0|0|2.663750145158267|5.327500290316527|7.991250435474794|10.655000580633061
56.8|1.0|0.36|0.0|0|2.671317617030002|5.342635234059996|8.013952851089998|10.685270468119999
57.0|1.0|0.36|0.0|0|2.7039298182429072|5.4078596364858065|8.111789454728713|10.815719272971622
57.2|1.0|0.36|0.0|0|2.7511364297114804|5.502272859422953|8.253409289134433|11.004545718845913
57.4|1.0|0.36|0.0|0|2.57528279446997|5.150565588939933|7.725848383409902|10.301131177879872
57.6|1.0|0.36|0.0|0|2.7864512985886565|5.572902597177305|8.359353895765961|11.145805194354619
57.8|1.0|0.36|0.0|0|2.5388868571579244|5.077773714315843|7.6166605714737665|10.155547428631692
58.0|1.0|0.36|0.0|0|1.8538504629832475|3.70770092596649|5.561551388949738|7.415401851932986
58.2|1.0|0.36|0.0|0|2.8545585470041286|5.709117094008249|8.563675641012377|11.418234188016505
58.4|1.0|0.36|0.0|0|2.6761824203934546|5.352364840786901|8.028547261180355|10.704729681573811
58.6|1.0|0.36|0.0|0|2.9201433040696454|5.840286608139283|8.760429912208929|11.680573216278574
58.8|1.0|0.36|0.0|0|2.502490920854036|5.004981841708065|7.507472762562101|10.009963683416137
59.0|1.0|0.36|0.0|0|2.630056877214813|5.260113754429619|7.890170631644432|10.520227508859245
59.2|1.0|0.36|0.0|0|3.096537472991043|6.193074945982077|9.28961241897312|12.386149891964163
59.4|1.0|0.36|0.0|0|3.096537472810017|6.193074945620025|9.289612418430043|12.38614989124006
59.6|1.0|0.36|0.0|0|3.0284302247030452|6.0568604494060825|9.085290674109128|12.113720898812174
59.8|1.0|0.36|0.0|0|2.586453824397761|5.172907648795515|7.759361473193276|10.345815297591036
60.0|1.0|0.36|0.0|0|2.768974042127959|5.537948084255911|8.306922126383869|11.075896168511829
60.2|1.0|0.36|0.0|0|2.7241097436146835|5.448219487229359|8.172329230844042|10.896438974458727
60.4|1.0|0.36|0.0|0|2.8127572727750545|5.625514545550101|8.438271818325155|11.25102909110021
60.6|1.0|0.36|0.0|0|2.9747372095845668|5.949474419169125|8.924211628753692|11.898948838338258
60.8|1.0|0.36|0.0|0|2.7889737891801656|5.577947578360324|8.36692136754049|11.155895156720655
61.0|1.0|0.36|0.0|0|2.1918642129044765|4.383728425808947|6.575592638713424|8.7674568516179
61.2|1.0|0.36|0.0|0|2.509878214543571|5.019756429087136|7.529634643630707|10.039512858174277
61.4|1.0|0.36|0.0|0|2.535823832820754|5.071647665641501|7.607471498462255|10.143295331283008
61.6|1.0|0.36|0.0|0|2.743568957659302|5.487137915318597|8.230706872977898|10.9742758306372
61.8|1.0|0.36|0.0|0|3.505361138813317|7.010722277626624|10.516083416439942|14.02144455525326
62.0|1.0|0.36|0.0|0|2.6713176172954287|5.34263523459085|8.013952851886279|10.685270469181708
62.2|1.0|0.36|0.0|0|2.715641382155593|5.431282764311178|8.146924146466771|10.862565528622365
62.4|1.0|0.36|0.0|0|2.4266360229154835|4.853272045830961|7.279908068746445|9.706544091661929
62.6|1.0|0.36|0.0|0|2.2943854404060424|4.588770880812079|6.883156321218121|9.177541761624163
62.8|1.0|0.36|0.0|0|2.6151021110400348|5.230204222080062|7.845306333120097|10.460408444160132
63.0|1.0|0.36|0.0|0|2.00519990292669|4.010399805853374|6.015599708780064|8.020799611706753
63.2|1.0|0.36|0.0|0|2.3376281377562576|4.675256275512509|7.012884413268766|9.350512551025023
63.4|1.0|0.36|0.0|0|2.3214121263619765|4.642824252723947|6.964236379085923|9.2856485054479
63.6|1.0|0.36|0.0|0|2.6014085901575186|5.20281718031503|7.804225770472549|10.405634360630067
63.8|1.0|0.36|0.0|0|2.4972657610295594|4.994531522059112|7.491797283088672|9.98906304411823
64.0|1.0|0.36|0.0|0|2.1423152890638466|4.284630578127688|6.4269458671915345|8.569261156255381
64.2|1.0|0.36|0.0|0|3.040502144444038|6.081004288888067|9.121506433332106|12.162008577776144
64.4|1.0|0.36|0.0|0|2.3851951048045907|4.770390209609174|7.1555853144137656|9.540780419218356
64.6|1.0|0.36|0.0|0|2.1623150365432977|4.324630073086589|6.486945109629887|8.649260146173184
64.8|1.0|0.36|0.0|0|2.830234529152515|5.660469058305022|8.490703587457537|11.320938116610053
65.0|1.0|0.36|0.0|0|2.654561072421495|5.309122144842983|7.963683217264479|10.618244289685974
65.2|1.0|0.36|0.0|0|2.9268098867742838|5.85361977354856|8.780429660322843|11.707239547097126
65.4|1.0|0.36|0.0|0|2.4257351332454733|4.8514702664909395|7.277205399736412|9.702940532981886
65.6|1.0|0.36|0.0|0|2.5055539446946953|5.011107889389384|7.516661834084079|10.022215778778774
65.8|1.0|0.36|0.0|0|2.37438443014282|4.748768860285634|7.123153290428454|9.497537720571273
66.0|1.0|0.36|0.0|0|2.9174406355083944|5.834881271016781|8.752321906525175|11.66976254203357
66.2|1.0|0.36|0.0|0|2.4432123898109444|4.886424779621882|7.329637169432826|9.77284955924377
66.4|1.0|0.36|0.0|0|2.6172642460843805|5.234528492168754|7.851792738253134|10.469056984337515
66.6|1.0|0.36|0.0|0|2.406996631007644|4.8139932620152805|7.220989893022924|9.627986524030568
66.8|1.0|0.36|0.0|0|3.0075295877177295|6.015059175435451|9.02258876315318|12.030118350870909
67.0|1.0|0.36|0.0|0|2.8369011123123373|5.673802224624667|8.510703336937004|11.34760444924934
67.2|1.0|0.36|0.0|0|2.666813169840609|5.333626339681211|8.00043950952182|10.667252679362429
67.4|1.0|0.36|0.0|0|2.692038076302854|5.384076152605701|8.076114228908555|10.768152305211409
67.6|1.0|0.36|0.0|0|2.872396159189523|5.744792318379038|8.617188477568561|11.489584636758083
67.8|1.0|0.36|0.0|0|2.6720383291825445|5.344076658365081|8.016114987547626|10.688153316730169
68.0|1.0|0.36|0.0|0|2.572039591742798|5.144079183485589|7.716118775228387|10.288158366971185
68.2|1.0|0.36|0.0|0|1.9781732177548128|3.9563464355096203|5.934519653264433|7.912692871019246
68.4|1.0|0.36|0.0|0|2.6848309602407996|5.369661920481591|8.05449288072239|10.739323840963191
68.6|1.0|0.36|0.0|0|2.413843391094126|4.827686782188246|7.241530173282372|9.655373564376498
68.8|1.0|0.36|0.0|0|2.9529356824542656|5.905871364908522|8.858807047362788|11.811742729817054
69.0|1.0|0.36|0.0|0|2.7325781054224376|5.465156210844868|8.197734316267306|10.930312421689743
69.2|1.0|0.36|0.0|0|2.673840107970175|5.3476802159403425|8.021520323910517|10.695360431880692
69.4|1.0|0.36|0.0|0|2.502130564961701|5.004261129923395|7.506391694885096|10.008522259846798
69.6|1.0|0.36|0.0|0|2.751676963004868|5.503353926009729|8.255030889014597|11.006707852019465
69.8|1.0|0.36|0.0|0|2.777262225129528|5.554524450259048|8.331786675388575|11.109048900518102
70.0|1.0|0.36|0.0|0|2.7325781049917013|5.465156209983395|8.197734314975095|10.930312419966796
70.2|1.0|0.36|0.0|0|2.577084573461327|5.154169146922647|7.731253720383974|10.308338293845301
70.4|1.0|0.36|0.0|0|2.912395653807328|5.824791307614648|8.737186961421976|11.649582615229303
70.6|1.0|0.36|0.0|0|2.9277107756509237|5.8554215513018395|8.783132326952764|11.710843102603688
70.8|1.0|0.36|0.0|0|3.2590579428582016|6.518115885716394|9.777173828574595|13.036231771432798
71.0|1.0|0.36|0.0|0|3.045547126094464|6.0910942521889195|9.136641378283384|12.182188504377848
71.2|1.0|0.36|0.0|0|2.9336566468066327|5.8673132936132575|8.80096994041989|11.734626587226524
71.4|1.0|0.36|0.0|0|2.559246960601306|5.118493921202605|7.677740881803911|10.236987842405217
71.6|1.0|0.36|0.0|0|2.481229927884417|4.962459855768827|7.4436897836532445|9.924919711537662
71.8|1.0|0.36|0.0|0|2.672038328835627|5.344076657671246|8.016114986506873|10.688153315342499
72.0|1.0|0.36|0.0|0|2.694020033090494|5.388040066180981|8.082060099271475|10.776080132361969
72.2|1.0|0.36|0.0|0|2.8695133129094055|5.739026625818803|8.608539938728208|11.478053251637613
72.4|1.0|0.36|0.0|0|2.366276424954415|4.7325528499088225|7.098829274863237|9.465105699817652
72.6|1.0|0.36|0.0|0|2.606453571782333|5.212907143564659|7.819360715346993|10.425814287129326
72.8|1.0|0.36|0.0|0|2.7862711210188014|5.572542242037596|8.358813363056397|11.145084484075198
73.0|1.0|0.36|0.0|0|2.9529356825916357|5.905871365183263|8.8588070477749|11.811742730366534
73.2|1.0|0.36|0.0|0|2.784649519065863|5.569299038131718|8.353948557197581|11.138598076263445
73.4|1.0|0.36|0.0|0|2.1599727236956845|4.319945447391363|6.479918171087047|8.63989089478273
73.6|1.0|0.36|0.0|0|2.925188285448824|5.850376570897639|8.775564856346463|11.700753141795287
73.8|1.0|0.36|0.0|0|3.012754747011352|6.025509494022696|9.038264241034048|12.051018988045401
74.0|1.0|0.36|0.0|0|2.248259896771635|4.496519793543264|6.744779690314899|8.993039587086534
74.2|1.0|0.36|0.0|0|2.9165397461666753|5.833079492333342|8.749619238500017|11.666158984666692
74.4|1.0|0.36|0.0|0|2.8051898004277636|5.610379600855519|8.415569401283282|11.220759201711045
74.6|1.0|0.36|0.0|0|2.8621260189556077|5.724252037911207|8.586378056866815|11.448504075822422
74.8|1.0|0.36|0.0|0|2.3668169581284766|4.733633916256947|7.100450874385424|9.467267832513901
75.0|1.0|0.36|0.0|0|2.213665739374121|4.427331478748235|6.640997218122356|8.854662957496478
75.2|1.0|0.36|0.0|0|2.4987071847193896|4.997414369438772|7.496121554158162|9.994828738877551
75.4|1.0|0.36|0.0|0|2.7343798841105333|5.468759768221059|8.203139652331592|10.937519536442126
75.6|1.0|0.36|0.0|0|2.4594284013059244|4.918856802611842|7.378285203917766|9.83771360522369
75.8|1.0|0.36|0.0|0|2.567535144611031|5.135070289222055|7.702605433833087|10.270140578444117
76.0|1.0|0.36|0.0|0|2.7006866156903584|5.40137323138071|8.102059847071068|10.802746462761426
76.2|1.0|0.36|0.0|0|3.0788800384633968|6.1577600769267855|9.236640115390182|12.31552015385358
76.4|1.0|0.36|0.0|0|2.833477731343012|5.666955462686016|8.500433194029029|11.33391092537204
76.6|1.0|0.36|0.0|0|2.6055526821239643|5.2111053642479215|7.816658046371885|10.42221072849585
76.8|1.0|0.36|0.0|0|2.49636487220356|4.992729744407113|7.489094616610673|9.985459488814232
77.0|1.0|0.36|0.0|0|2.83780200169422|5.675604003388432|8.513406005082652|11.351208006776872
77.2|1.0|0.36|0.0|0|2.1347478163673097|4.269495632734613|6.404243449101923|8.538991265469232
77.4|1.0|0.36|0.0|0|2.9513140815851537|5.9026281631702995|8.853942244755453|11.805256326340606
77.6|1.0|0.36|0.0|0|2.7132990691385954|5.426598138277184|8.139897207415778|10.853196276554375
77.8|1.0|0.36|0.0|0|2.2633948411460754|4.5267896822921445|6.79018452343822|9.053579364584294
78.0|1.0|0.36|0.0|0|2.6738401078624907|5.347680215724974|8.021520323587465|10.695360431449956
78.2|1.0|0.36|0.0|0|2.375285319890247|4.750570639780487|7.1258559596707345|9.501141279560981
78.4|1.0|0.36|0.0|0|2.519787999354305|5.039575998708603|7.559363998062908|10.079151997417213
78.6|1.0|0.36|0.0|0|2.845369473567701|5.690738947135394|8.536108420703094|11.381477894270795
78.8|1.0|0.36|0.0|0|2.530058139939795|5.0601162798795825|7.590174419819377|10.120232559759172
79.0|1.0|0.36|0.0|0|2.8898734158265897|5.7797468316531715|8.669620247479761|11.55949366330635
79.2|1.0|0.36|0.0|0|2.839423602351456|5.678847204702904|8.518270807054359|11.357694409405815
79.4|1.0|0.36|0.0|0|3.086447510302535|6.172895020605062|9.259342530907597|12.345790041210133
79.6|1.0|0.36|0.0|0|2.926629708388939|5.85325941677787|8.77988912516681|11.70651883355575
79.8|1.0|0.36|0.0|0|2.7224881422019123|5.4449762844038165|8.16746442660573|10.889952568807642
80.0|1.0|0.36|0.0|0|3.021042930799306|6.042085861598604|9.06312879239791|12.084171723197217
80.2|1.0|0.36|0.0|0|2.7796045378205623|5.559209075641117|8.33881361346168|11.118418151282242
80.4|1.0|0.36|0.0|0|2.6078949944640066|5.215789988928006|7.823684983392013|10.43157997785602
80.6|1.0|0.36|0.0|0|2.1104237995640163|4.220847599128026|6.331271398692042|8.441695198256058
80.8|1.0|0.36|0.0|0|2.524832980777139|5.049665961554272|7.57449894233141|10.09933192310855
81.0|1.0|0.36|0.0|0|2.267538932505415|4.535077865010823|6.802616797516238|9.070155730021654
81.2|1.0|0.36|0.0|0|2.762847993180624|5.5256959863612405|8.288543979541863|11.051391972722488
81.4|1.0|0.36|0.0|0|2.3684385589434553|4.7368771178869045|7.10531567683036|9.473754235773814
81.6|1.0|0.36|0.0|0|2.980683079543526|5.961366159087044|8.94204923863057|11.922732318174097
81.8|1.0|0.36|0.0|0|2.7603255026572175|5.520651005314427|8.280976507971644|11.041302010628863
82.0|1.0|0.36|0.0|0|2.960683332587362|5.921366665174716|8.882049997762078|11.84273333034944
82.2|1.0|0.36|0.0|0|2.79311788101448|5.586235762028952|8.379353643043432|11.172471524057912
82.4|1.0|0.36|0.0|0|2.7678929747291865|5.535785949458365|8.303678924187551|11.071571898916739
82.6|1.0|0.36|0.0|0|3.2747334208816783|6.549466841763348|9.824200262645027|13.098933683526704
82.8|1.0|0.36|0.0|0|2.801586243155182|5.603172486310356|8.404758729465538|11.20634497262072
83.0|1.0|0.36|0.0|0|2.8722159811999908|5.744431962399974|8.616647943599965|11.488863924799954
83.2|1.0|0.36|0.0|0|2.9729354304121833|5.945870860824359|8.918806291236542|11.891741721648724
83.4|1.0|0.36|0.0|0|2.540868813900745|5.081737627801483|7.622606441702228|10.163475255602973
83.6|1.0|0.36|0.0|0|3.29617459134199|6.5923491826839715|9.88852377402596|13.184698365367952
83.8|1.0|0.36|0.0|0|3.1689689909521284|6.337937981904249|9.506906972856378|12.675875963808506
84.0|1.0|0.36|0.0|0|2.6385252386762317|5.277050477352456|7.915575716028688|10.55410095470492
84.2|1.0|0.36|0.0|0|2.198710973056152|4.397421946112297|6.596132919168449|8.7948438922246
84.4|1.0|0.36|0.0|0|2.263394840885887|4.526789681771768|6.790184522657655|9.053579363543543
84.6|1.0|0.36|0.0|0|2.4165460602339612|4.833092120467915|7.249638180701877|9.666184240935838
84.8|1.0|0.36|0.0|0|2.6635699672653597|5.327139934530712|7.990709901796071|10.654279869061432
85.0|1.0|0.36|0.0|0|2.8965399988374|5.793079997674792|8.689619996512192|11.586159995349592
85.2|1.0|0.36|0.0|0|2.9612238661863404|5.922447732372672|8.883671598559012|11.844895464745353
85.4|1.0|0.36|0.0|0|2.739244687756293|5.478489375512579|8.217734063268871|10.956978751025165
85.6|1.0|0.36|0.0|0|2.3610512650414623|4.7221025300829185|7.083153795124381|9.444205060165842
85.8|1.0|0.36|0.0|0|2.585372756915169|5.170745513830331|7.7561182707455005|10.34149102766067
86.0|1.0|0.36|0.0|0|2.9696922281716276|5.939384456343247|8.909076684514876|11.878768912686503
86.2|1.0|0.36|0.0|0|2.933836824853791|5.867673649707573|8.801510474561365|11.735347299415155
86.4|1.0|0.36|0.0|0|2.857801748872155|5.715603497744302|8.573405246616458|11.431206995488612
86.6|1.0|0.36|0.0|0|2.7698749315692135|5.53974986313842|8.309624794707632|11.079499726276847
86.8|1.0|0.36|0.0|0|2.4682571189745817|4.936514237949156|7.404771356923738|9.87302847589832
87.0|1.0|0.36|0.0|0|2.7956403714866633|5.59128074297332|8.386921114459982|11.182561485946646
87.2|1.0|0.36|0.0|0|2.5105989262159003|5.021197852431794|7.531796778647695|10.042395704863594
87.4|1.0|0.36|0.0|0|2.490419000920958|4.980838001841909|7.471257002762868|9.961676003683825
87.6|1.0|0.36|0.0|0|2.1464593806606738|4.292918761321341|6.439378141982015|8.585837522642688
87.8|1.0|0.36|0.0|0|2.22285481249972|4.4457096249994335|6.668564437499153|8.891419249998872
88.0|1.0|0.36|0.0|0|2.777982936938063|5.555965873876118|8.333948810814181|11.111931747752244
88.2|1.0|0.36|0.0|0|2.2659173318161647|4.531834663632323|6.797751995448489|9.063669327264654
88.4|1.0|0.36|0.0|0|2.6947407451277856|5.389481490255563|8.084222235383349|10.778962980511135
88.6|1.0|0.36|0.0|0|2.7830279185925635|5.566055837185119|8.349083755777682|11.132111674370247
88.8|1.0|0.36|0.0|0|2.499788251746215|4.999576503492424|7.499364755238639|9.999153006984853
89.0|1.0|0.36|0.0|0|3.0426642793259844|6.08532855865196|9.127992837977944|12.170657117303929
89.2|1.0|0.36|0.0|0|3.0958167610276752|6.191633522055342|9.287450283083016|12.383267044110692
89.4|1.0|0.36|0.0|0|2.6493359130644265|5.298671826128845|7.9480077391932715|10.597343652257697
89.6|1.0|0.36|0.0|0|2.778163115353675|5.556326230707342|8.334489346061018|11.112652461414694
89.8|1.0|0.36|0.0|0|2.6385252392379357|5.277050478475864|7.9155757177138|10.554100956951736
90.0|1.0|0.36|0.0|0|2.7241097435768484|5.44821948715369|8.172329230730538|10.896438974307387
90.2|1.0|0.36|0.0|0|2.4592482235247757|4.918496447049544|7.37774467057432|9.836992894099096
90.4|1.0|0.36|0.0|0|2.797442151026337|5.594884302052667|8.392326453079004|11.18976860410534
90.6|1.0|0.36|0.0|0|2.3455559656117133|4.6911119312234195|7.036667896835133|9.382223862446846
90.8|1.0|0.36|0.0|0|2.7015875056351093|5.4031750112702115|8.104762516905321|10.80635002254043
91.0|1.0|0.36|0.0|0|2.6223092272697275|5.244618454539447|7.866927681809175|10.489236909078901
91.2|1.0|0.36|0.0|0|3.161581696849319|6.323163393698629|9.484745090547948|12.646326787397268
91.4|1.0|0.36|0.0|0|2.893837329681849|5.78767465936369|8.68151198904554|11.575349318727387
91.6|1.0|0.36|0.0|0|3.575270166155536|7.150540332311063|10.725810498466599|14.301080664622134
91.8|1.0|0.36|0.0|0|2.8259102597169137|5.651820519433819|8.477730779150733|11.303641038867648
92.0|1.0|0.36|0.0|0|2.7192449404229433|5.4384898808458795|8.157734821268823|10.876979761691766
92.2|1.0|0.36|0.0|0|2.5585262491996423|5.117052498399278|7.6755787475989194|10.234104996798562
92.4|1.0|0.36|0.0|0|2.526454581905857|5.052909163811707|7.579363745717564|10.105818327623421
92.6|1.0|0.36|0.0|0|2.876360073246763|5.752720146493518|8.629080219740281|11.505440292987043
92.8|1.0|0.36|0.0|0|3.0453669479442786|6.090733895888549|9.136100843832828|12.181467791777106
93.0|1.0|0.36|0.0|0|2.9387016280746345|5.877403256149261|8.816104884223895|11.754806512298531
93.2|1.0|0.36|0.0|0|2.573661193060691|5.147322386121375|7.720983579182065|10.294644772242757
93.4|1.0|0.36|0.0|0|2.483572240477663|4.9671444809553185|7.450716721432982|9.934288961910644
93.6|1.0|0.36|0.0|0|3.2886071195738653|6.577214239147722|9.865821358721586|13.154428478295452
93.8|1.0|0.36|0.0|0|2.9756380986585307|5.951276197317053|8.926914295975584|11.902552394634116
94.0|1.0|0.36|0.0|0|3.1318523423583273|6.263704684716647|9.395557027074974|12.5274093694333
94.2|1.0|0.36|0.0|0|2.3307813772017854|4.6615627544035645|6.99234413160535|9.323125508807136
94.4|1.0|0.36|0.0|0|2.6880741628323475|5.376148325664687|8.064222488497034|10.752296651329381
94.6|1.0|0.36|0.0|0|2.462671603583151|4.925343207166295|7.388014810749445|9.850686414332596
94.8|1.0|0.36|0.0|0|2.572940481481494|5.1458809629629805|7.718821444444474|10.291761925925968
95.0|1.0|0.36|0.0|0|2.49798647243588|4.9959729448717525|7.493959417307632|9.991945889743512
95.2|1.0|0.36|0.0|0|2.3331236899097005|4.666247379819395|6.999371069729095|9.332494759638795
95.4|1.0|0.36|0.0|0|2.5484362860478016|5.096872572095596|7.645308858143398|10.1937451441912
95.6|1.0|0.36|0.0|0|2.214746806313053|4.4294936126261|6.644240418939153|8.858987225252205
95.8|1.0|0.36|0.0|0|2.6316784780879994|5.263356956175992|7.895035434263991|10.52671391235199
96.0|1.0|0.36|0.0|0|2.2457374064298365|4.491474812859667|6.737212219289503|8.98294962571934
96.2|1.0|0.36|0.0|0|2.0893429843807843|4.178685968761563|6.268028953142347|8.357371937523132
96.4|1.0|0.36|0.0|0|2.797261973112475|5.594523946224942|8.391785919337417|11.189047892449892
96.6|1.0|0.36|0.0|0|2.6763625990774043|5.3527251981548005|8.029087797232204|10.705450396309608
96.8|1.0|0.36|0.0|0|2.727172767829036|5.454345535658065|8.1815183034871|10.908691071316136
97.0|1.0|0.36|0.0|0|2.4871757987234764|4.974351597446946|7.461527396170422|9.948703194893898
97.2|1.0|0.36|0.0|0|2.246458117712757|4.492916235425508|6.739374353138264|8.98583247085102
97.4|1.0|0.36|0.0|0|2.7268124124349584|5.45362482486991|8.180437237304869|10.907249649739827
97.6|1.0|0.36|0.0|0|2.3913211536058245|4.782642307211643|7.173963460817467|9.565284614423291
97.8|1.0|0.36|0.0|0|2.3878977733186932|4.77579554663738|7.1636933199560735|9.551591093274766
98.0|1.0|0.36|0.0|0|2.930053088332645|5.860106176665282|8.790159264997929|11.720212353330574
98.2|1.0|0.36|0.0|0|2.67456081944227|5.349121638884532|8.023682458326803|10.698243277769071
98.4|1.0|0.36|0.0|0|2.9907730430673136|5.981546086134619|8.972319129201933|11.963092172269246
98.6|1.0|0.36|0.0|0|2.5174456864350963|5.034891372870185|7.552337059305282|10.069782745740378
98.8|1.0|0.36|0.0|0|3.0017638951190775|6.003527790238146|9.005291685357223|12.007055580476301
99.0|1.0|0.36|0.0|0|2.3693394488916986|4.738678897783391|7.108018346675089|9.477357795566787
99.2|1.0|0.36|0.0|0|3.1952749647200136|6.390549929440018|9.585824894160032|12.781099858880046
99.4|1.0|0.36|0.0|0|2.5156439079827417|5.031287815965476|7.5469317239482185|10.06257563193096
99.6|1.0|0.36|0.0|0|2.7704154648171997|5.540830929634391|8.31124639445159|11.08166185926879
99.8|1.0|0.36|0.0|0|2.8460901852202394|5.692180370440471|8.538270555660711|11.38436074088095
100.0|1.0|0.36|0.0|0|2.933476469105811|5.866952938211613|8.800429407317424|11.733905876423234
100.2|1.0|0.36|0.0|0|2.372582651107225|4.745165302214443|7.117747953321668|9.490330604428893
100.4|1.0|0.36|0.0|0|2.920143304060914|5.84028660812182|8.760429912182735|11.68057321624365
100.6|1.0|0.36|0.0|0|2.8341984430234906|5.668396886046973|8.502595329070463|11.336793772093953
100.8|1.0|0.36|0.0|0|3.0889700008166283|6.177940001633248|9.266910002449876|12.355880003266504
101.0|1.0|0.36|0.0|0|2.9091524517897076|5.818304903579407|8.727457355369115|11.636609807158823
101.2|1.0|0.36|0.0|0|2.698884836955697|5.3977696739113865|8.096654510867083|10.79553934782278
101.4|1.0|0.36|0.0|0|2.355826106038296|4.711652212076586|7.0674783181148815|9.423304424153176
101.6|1.0|0.36|0.0|0|2.241413136473277|4.482826272946547|6.724239409419824|8.965652545893102
101.8|1.0|0.36|0.0|0|2.3156464334990616|4.631292866998117|6.946939300497179|9.262585733996241
102.0|1.0|0.36|0.0|0|2.910954231107028|5.821908462214048|8.732862693321076|11.643816924428103
102.2|1.0|0.36|0.0|0|2.5669946104066934|5.13398922081338|7.700983831220073|10.267978441626767
102.4|1.0|0.36|0.0|0|2.6678942370397296|5.335788474079451|8.00368271111918|10.671576948158911
102.6|1.0|0.36|0.0|0|2.5752827940735754|5.150565588147144|7.72584838222072|10.301131176294295
102.8|1.0|0.36|0.0|0|2.6163633563468487|5.23272671269369|7.849090069040539|10.465453425387388
103.0|1.0|0.36|0.0|0|2.5970843205036385|5.19416864100727|7.791252961510908|10.388337282014547
103.2|1.0|0.36|0.0|0|3.108609392579531|6.217218785159054|9.325828177738584|12.434437570318117
103.4|1.0|0.36|0.0|0|2.8077122909785275|5.615424581957047|8.423136872935574|11.230849163914101
103.6|1.0|0.36|0.0|0|2.2821333425602663|4.5642666851205265|6.846400027680793|9.128533370241058
103.8|1.0|0.36|0.0|0|2.247359007856578|4.49471801571315|6.742077023569727|8.989436031426305
104.0|1.0|0.36|0.0|0|2.419609084457045|4.8392181689140825|7.258827253371128|9.678436337828172
104.2|1.0|0.36|0.0|0|2.5266347599623282|5.053269519924649|7.579904279886978|10.106539039849306
104.4|1.0|0.36|0.0|0|2.3124032313987866|4.624806462797567|6.937209694196353|9.24961292559514
104.6|1.0|0.36|0.0|0|2.508797147451553|5.017594294903099|7.526391442354652|10.035188589806205
104.8|1.0|0.36|0.0|0|2.4028525393706537|4.8057050787413|7.2085576181119535|9.611410157482608
105.0|1.0|0.36|0.0|0|2.775640624574155|5.551281249148302|8.326921873722458|11.102562498296614
105.2|1.0|0.36|0.0|0|3.009331366998961|6.018662733997914|9.027994100996874|12.037325467995837
105.4|1.0|0.36|0.0|0|2.551679488399534|5.103358976799061|7.6550384651985945|10.20671795359813
105.6|1.0|0.36|0.0|0|2.8855491460266083|5.771098292053209|8.656647438079817|11.542196584106426
105.8|1.0|0.36|0.0|0|2.6412279070535467|5.282455814107085|7.923683721160632|10.564911628214178
106.0|1.0|0.36|0.0|0|3.079780928060066|6.159561856120123|9.23934278418019|12.319123712240255
106.2|1.0|0.36|0.0|0|2.525733870364495|5.051467740728983|7.577201611093478|10.102935481457973
106.4|1.0|0.36|0.0|0|2.776181158033435|5.552362316066862|8.328543474100297|11.104724632133731
106.6|1.0|0.36|0.0|0|2.528256361217939|5.056512722435871|7.584769083653809|10.113025444871749
106.8|1.0|0.36|0.0|0|2.7628479934134544|5.525695986826902|8.288543980240355|11.05139197365381
107.0|1.0|0.36|0.0|0|2.7677127971156756|5.535425594231344|8.30313839134702|11.070851188462695
107.2|1.0|0.36|0.0|0|2.9132965437654663|5.826593087530925|8.739889631296391|11.653186175061858
107.4|1.0|0.36|0.0|0|3.3195977189595607|6.6391954379191125|9.958793156878674|13.278390875838234
107.6|1.0|0.36|0.0|0|2.7898746785230495|5.579749357046091|8.36962403556914|11.159498714092189
107.8|1.0|0.36|0.0|0|2.988070374108504|5.976140748217|8.964211122325505|11.95228149643401
108.0|1.0|0.36|0.0|0|2.9316746901616013|5.863349380323195|8.795024070484796|11.726698760646398
108.2|1.0|0.36|0.0|0|2.826630971247216|5.653261942494425|8.479892913741642|11.306523884988858
108.4|1.0|0.36|0.0|0|3.181581443358448|6.363162886716888|9.544744330075336|12.726325773433784
108.6|1.0|0.36|0.0|0|2.9444673215685206|5.888934643137033|8.833401964705553|11.777869286274074
108.8|1.0|0.36|0.0|0|3.0093313669803345|6.018662733960661|9.027994100940996|12.03732546792133
109.0|1.0|0.36|0.0|0|3.266445236948205|6.532890473896401|9.799335710844607|13.065780947792812
109.2|1.0|0.36|0.0|0|2.9729354302154416|5.945870860430874|8.918806290646316|11.891741720861758
109.4|1.0|0.36|0.0|0|3.30608437605901|6.61216875211801|9.918253128177021|13.224337504236031
109.6|1.0|0.36|0.0|0|2.7578030116728067|5.5156060233456055|8.273409035018412|11.031212046691218
109.8|1.0|0.36|0.0|0|3.4810371216450617|6.962074243290114|10.443111364935175|13.924148486580236
110.0|1.0|0.36|0.0|0|2.5970843207702297|5.194168641540452|7.791252962310682|10.388337283080912
110.2|1.0|0.36|0.0|0|2.994917134487771|5.989834268975534|8.984751403463305|11.979668537951078
110.4|1.0|0.36|0.0|0|2.8176220762898474|5.635244152579687|8.452866228869533|11.27048830515938
110.6|1.0|0.36|0.0|0|2.476184946371361|4.952369892742715|7.428554839114076|9.904739785485438
110.8|1.0|0.36|0.0|0|2.685371493485293|5.370742986970578|8.056114480455872|10.741485973941165
111.0|1.0|0.36|0.0|0|3.203382970377573|6.406765940755137|9.61014891113271|12.813531881510283
111.2|1.0|0.36|0.0|0|2.8318561305641223|5.663712261128237|8.495568391692359|11.32742452225648
111.4|1.0|0.36|0.0|0|3.2959944133536223|6.591988826707235|9.887983240060857|13.183977653414479
111.6|1.0|0.36|0.0|0|2.665912280644409|5.33182456128881|7.99773684193322|10.663649122577628
111.8|1.0|0.36|0.0|0|3.0732945235387916|6.146589047077574|9.219883570616366|12.293178094155158
112.0|1.0|0.36|0.0|0|2.9394223394675674|5.878844678935126|8.818267018402693|11.75768935787026
112.2|1.0|0.36|0.0|0|2.506995368222126|5.013990736444246|7.520986104666371|10.027981472888497
112.4|1.0|0.36|0.0|0|2.907530850450278|5.815061700900548|8.722592551350827|11.630123401801104
112.6|1.0|0.36|0.0|0|2.780505427500468|5.561010855000929|8.341516282501397|11.122021710001865
112.8|1.0|0.36|0.0|0|2.594742007752068|5.189484015504129|7.784226023256196|10.378968031008265
113.0|1.0|0.36|0.0|0|2.6064535713079406|5.212907142615874|7.819360713923816|10.425814285231755
113.2|1.0|0.36|0.0|0|2.3080789613729595|4.616157922745913|6.924236884118873|9.232315845491833
113.4|1.0|0.36|0.0|0|2.428077445778765|4.856154891557523|7.284232337336288|9.712309783115053
113.6|1.0|0.36|0.0|0|2.8394236024416775|5.678847204883347|8.518270807325024|11.357694409766703
113.8|1.0|0.36|0.0|0|2.9471699900913544|5.894339980182701|8.841509970274055|11.788679960365409
114.0|1.0|0.36|0.0|0|3.104825656672477|6.209651313344945|9.314476970017422|12.419302626689898
114.2|1.0|0.36|0.0|0|2.5291572505672253|5.0583145011344435|7.587471751701669|10.116629002268894
114.4|1.0|0.36|0.0|0|3.051312818754816|6.102625637509624|9.15393845626444|12.205251275019258
114.6|1.0|0.36|0.0|0|2.6316784781159392|5.2633569562318705|7.89503543434781|10.52671391246375
114.8|1.0|0.36|0.0|0|2.5871745354629843|5.174349070925961|7.761523606388946|10.34869814185193
115.0|1.0|0.36|0.0|0|2.6232101167750104|5.246420233550014|7.869630350325023|10.492840467100034
115.2|1.0|0.36|0.0|0|2.5057341230096086|5.01146824601921|7.517202369028818|10.022936492038427
115.4|1.0|0.36|0.0|0|2.159252011903447|4.318504023806888|6.477756035710335|8.637008047613783
115.6|1.0|0.36|0.0|0|2.5266347600723407|5.053269520144674|7.579904280217015|10.106539040289356
115.8|1.0|0.36|0.0|0|2.4938423810928385|4.98768476218567|7.481527143278508|9.975369524371347
116.0|1.0|0.36|0.0|0|2.0338481897767653|4.067696379553524|6.10154456933029|8.135392759107054
116.2|1.0|0.36|0.0|0|2.752037318833757|5.5040746376675065|8.256111956501263|11.00814927533502
116.4|1.0|0.36|0.0|0|2.309880740356168|4.61976148071233|6.929642221068497|9.239522961424665
116.6|1.0|0.36|0.0|0|2.661948366664585|5.323896733329163|7.985845099993749|10.647793466658333
116.8|1.0|0.36|0.0|0|2.473482277633159|4.946964555266311|7.4204468328994695|9.893929110532628
117.0|1.0|0.36|0.0|0|2.743388779639502|5.486777559278996|8.230166338918497|10.973555118558
117.2|1.0|0.36|0.0|0|2.220512499443723|4.44102499888744|6.661537498331163|8.882049997774885
117.4|1.0|0.36|0.0|0|2.0698837708478113|4.139767541695617|6.2096513125434285|8.27953508339124
117.6|1.0|0.36|0.0|0|2.362853044430378|4.72570608886075|7.0885591332911275|9.451412177721506
117.8|1.0|0.36|0.0|0|2.345916321220577|4.691832642441147|7.037748963661724|9.383665284882301
118.0|1.0|0.36|0.0|0|1.9734885918785603|3.9469771837571153|5.920465775635675|7.893954367514236
118.2|1.0|0.36|0.0|0|2.622489404929222|5.244978809858437|7.867468214787659|10.489957619716881
118.4|1.0|0.36|0.0|0|2.932035045403175|5.864070090806342|8.796105136209517|11.728140181612691
118.6|1.0|0.36|0.0|0|2.134747816598976|4.269495633197947|6.4042434497969225|8.538991266395898
118.8|1.0|0.36|0.0|0|2.4333026052307125|4.866605210461419|7.299907815692131|9.733210420922843
119.0|1.0|0.36|0.0|0|2.683930070719218|5.367860141438429|8.051790212157648|10.735720282876866
119.2|1.0|0.36|0.0|0|1.9336692751944082|3.867338550388811|5.801007825583219|7.734677100777628
119.4|1.0|0.36|0.0|0|2.1506034724978984|4.301206944995791|6.4518104174936886|8.602413889991587
119.6|1.0|0.36|0.0|0|2.4551041315938367|4.910208263187667|7.365312394781504|9.82041652637534
119.8|1.0|0.36|0.0|0|2.8123969166359193|5.624793833271831|8.43719074990775|11.249587666543668
120.0|1.0|0.36|0.0|0|2.874918650137845|5.749837300275682|8.624755950413528|11.499674600551373
120.2|1.0|0.36|0.0|0|2.7392446877283536|5.478489375456699|8.217734063185052|10.956978750913406
120.4|1.0|0.36|0.0|0|2.6131201541045472|5.226240308209087|7.839360462313634|10.452480616418182
120.6|1.0|0.36|0.0|0|2.0010558110353323|4.002111622070659|6.003167433105991|8.004223244141324
120.8|1.0|0.36|0.0|0|2.6349216803937474|5.269843360787488|7.904765041181236|10.539686721574983
121.0|1.0|0.36|0.0|0|2.520688888796142|5.041377777592277|7.562066666388418|10.08275555518456
121.2|1.0|0.36|0.0|0|2.8561801479297015|5.712360295859395|8.568540443789097|11.424720591718799
121.4|1.0|0.36|0.0|0|3.001763894867038|6.003527789734068|9.005291684601106|12.007055579468144
121.6|1.0|0.36|0.0|0|3.169869880385816|6.339739760771623|9.50960964115744|12.679479521543255
121.8|1.0|0.36|0.0|0|2.120513762094781|4.241027524189556|6.361541286284337|8.482055048379117
122.0|1.0|0.36|0.0|0|2.8796032754215437|5.759206550843079|8.638809826264623|11.518413101686168
122.2|1.0|0.36|0.0|0|2.864648509098336|5.729297018196664|8.593945527295|11.458594036393336
122.4|1.0|0.36|0.0|0|3.041943567851561|6.0838871357031135|9.125830703554675|12.167774271406236
122.6|1.0|0.36|0.0|0|3.2363555266842043|6.4727110533684|9.709066580052603|12.945422106736808
122.8|1.0|0.36|0.0|0|2.8242886584647957|5.648577316929583|8.47286597539438|11.297154633859174
123.0|1.0|0.36|0.0|0|2.9325755798118216|5.865151159623635|8.797726739435456|11.730302319247278
123.2|1.0|0.36|0.0|0|2.7720370663341627|5.544074132668317|8.31611119900248|11.088148265336642
123.4|1.0|0.36|0.0|0|2.754199453911863|5.508398907823718|8.26259836173558|11.016797815647443
123.6|1.0|0.36|0.0|0|2.9999621157045504|5.999924231409092|8.999886347113643|11.999848462818193
123.8|1.0|0.36|0.0|0|3.1630231195769767|6.3260462391539445|9.489069358730921|12.652092478307898
124.0|1.0|0.36|0.0|0|2.958881553310205|5.917763106620402|8.876644659930607|11.835526213240811
124.2|1.0|0.36|0.0|0|2.540688636984562|5.0813772739691165|7.622065910953679|10.16275454793824
124.4|1.0|0.36|0.0|0|2.791496280267604|5.5829925605352|8.374488840802805|11.16598512107041
124.6|1.0|0.36|0.0|0|2.538346323737062|5.0766926474741165|7.615038971211179|10.15338529494824
124.8|1.0|0.36|0.0|0|2.5709585242916386|5.14191704858327|7.712875572874909|10.283834097166547
125.0|1.0|0.36|0.0|0|2.550057887355217|5.100115774710427|7.650173662065645|10.200231549420861
125.2|1.0|0.36|0.0|0|3.03617787483265|6.072355749665291|9.108533624497941|12.14471149933059
125.4|1.0|0.36|0.0|0|2.472040854598165|4.944081709196323|7.416122563794488|9.888163418392653
125.6|1.0|0.36|0.0|0|2.8873509256145944|5.774701851229181|8.662052776843774|11.549403702458369
125.8|1.0|0.36|0.0|0|2.5803277754387843|5.160655550877561|7.7409833263163454|10.321311101755128
126.0|1.0|0.36|0.0|0|2.377627632340302|4.7552552646805974|7.1328828970209|9.510510529361202
126.2|1.0|0.36|0.0|0|3.41202898414573|6.82405796829145|10.23608695243718|13.648115936582911
126.4|1.0|0.36|0.0|0|2.918341525275612|5.836683050551216|8.755024575826829|11.67336610110244
126.6|1.0|0.36|0.0|0|3.1066274351900236|6.213254870380039|9.319882305570063|12.426509740760087
126.8|1.0|0.36|0.0|0|2.3693394487793578|4.738678897558709|7.108018346338067|9.477357795117424
127.0|1.0|0.36|0.0|0|2.7268124119209847|5.453624823841962|8.180437235762946|10.907249647683932
127.2|1.0|0.36|0.0|0|2.637444171027166|5.274888342054325|7.912332513081491|10.549776684108657
127.4|1.0|0.36|0.0|0|2.672038328912461|5.344076657824914|8.016114986737374|10.688153315649835
127.6|1.0|0.36|0.0|0|2.894918397220902|5.789836794441796|8.684755191662697|11.5796735888836
127.8|1.0|0.36|0.0|0|2.4543834201456067|4.908766840291207|7.363150260436814|9.817533680582422
128.0|1.0|0.36|0.0|0|2.7286141910793984|5.457228382158789|8.185842573238187|10.914456764317585
128.2|1.0|0.36|0.0|0|3.1714914811536463|6.342982962307285|9.51447444346093|12.685965924614576
128.4|1.0|0.36|0.0|0|2.8940175078314523|5.788035015662897|8.682052523494349|11.5760700313258
128.6|1.0|0.36|0.0|0|2.6965425243438244|5.393085048687642|8.089627573031466|10.78617009737529
128.8|1.0|0.36|0.0|0|2.3340245794988026|4.668049158997599|7.002073738496401|9.336098317995203
129.0|1.0|0.36|0.0|0|2.410420011599783|4.820840023199559|7.231260034799343|9.641680046399125
129.2|1.0|0.36|0.0|0|3.06374509425252|6.127490188505032|9.191235282757551|12.254980377010073
129.4|1.0|0.36|0.0|0|2.879603274772528|5.759206549545048|8.638809824317576|11.518413099090106
129.6|1.0|0.36|0.0|0|2.9857280616980306|5.971456123396052|8.957184185094084|11.942912246792114
129.8|1.0|0.36|0.0|0|2.9114947648777187|5.8229895297554295|8.734484294633148|11.645979059510866
130.0|1.0|0.36|0.0|0|2.7637488823430636|5.52749776468612|8.291246647029183|11.054995529372247
130.2|1.0|0.36|0.0|0|2.577084573329196|5.1541691466583845|7.73125371998758|10.308338293316776
130.4|1.0|0.36|0.0|0|3.0976185401727006|6.195237080345393|9.292855620518093|12.390474160690795
130.6|1.0|0.36|0.0|0|3.1368973238708016|6.273794647741594|9.410691971612396|12.547589295483197
130.8|1.0|0.36|0.0|0|3.369867354555757|6.739734709111505|10.109602063667262|13.479469418223019
131.0|1.0|0.36|0.0|0|2.5342022320680577|5.068404464136108|7.602606696204166|10.136808928272224
131.2|1.0|0.36|0.0|0|2.70248839563865|5.404976791277292|8.107465186915942|10.809953582554591
131.4|1.0|0.36|0.0|0|2.9664490256225715|5.932898051245135|8.899347076867707|11.865796102490279
131.6|1.0|0.36|0.0|0|3.230409656490668|6.460819312981327|9.691228969471995|12.921638625962663
131.8|1.0|0.36|0.0|0|3.0509524630010154|6.101904926002023|9.152857389003039|12.203809852004053
132.0|1.0|0.36|0.0|0|2.9057290715025763|5.811458143005145|8.717187214507721|11.622916286010298
132.2|1.0|0.36|0.0|0|2.4197892623220127|4.839578524644018|7.259367786966031|9.679157049288044
132.4|1.0|0.36|0.0|0|2.684830960148249|5.369661920296491|8.05449288044474|10.73932384059299
132.6|1.0|0.36|0.0|0|2.4096992998354856|4.819398599670965|7.22909789950645|9.638797199341935
132.8|1.0|0.36|0.0|0|3.003205318287367|6.006410636574725|9.009615954862092|12.01282127314946
133.0|1.0|0.36|0.0|0|3.024466310688297|6.0489326213765855|9.073398932064883|12.09786524275318
133.2|1.0|0.36|0.0|0|2.5569046481378632|5.113809296275719|7.670713944413582|10.227618592551446
133.4|1.0|0.36|0.0|0|2.833477731850001|5.666955463699994|8.500433195549995|11.333910927399995
133.6|1.0|0.36|0.0|0|3.1538340464868844|6.30766809297376|9.461502139460645|12.615336185947529
133.8|1.0|0.36|0.0|0|2.6752815313363705|5.350563062672734|8.025844594009104|10.701126125345475
134.0|1.0|0.36|0.0|0|2.6360027479415318|5.2720054958830564|7.908008243824588|10.54401099176612
134.2|1.0|0.36|0.0|0|2.1432161788427058|4.286432357685405|6.429648536528111|8.572864715370818
134.4|1.0|0.36|0.0|0|2.117090382244789|4.234180764489572|6.351271146734361|8.46836152897915
134.6|1.0|0.36|0.0|0|2.853657657099541|5.707315314199074|8.560972971298614|11.414630628398156
134.8|1.0|0.36|0.0|0|2.281772986809958|4.5635459736199095|6.845318960429868|9.127091947239826
135.0|1.0|0.36|0.0|0|2.39222204281192|4.784444085623834|7.176666128435754|9.568888171247675
135.2|1.0|0.36|0.0|0|2.6500566245295363|5.3001132490590654|7.950169873588602|10.600226498118138
135.4|1.0|0.36|0.0|0|2.9763588103791725|5.952717620758337|8.92907643113751|11.905435241516681
135.6|1.0|0.36|0.0|0|2.515463729579935|5.030927459159863|7.546391188739799|10.061854918319733
135.8|1.0|0.36|0.0|0|2.376726743192996|4.753453486385986|7.130180229578982|9.506906972771977
136.0|1.0|0.36|0.0|0|2.376726743130714|4.753453486261422|7.130180229392136|9.506906972522849
136.2|1.0|0.36|0.0|0|2.8587026384420486|5.717405276884089|8.576107915326137|11.434810553768186
136.4|1.0|0.36|0.0|0|2.354204505219825|4.708409010439643|7.062613515659468|9.416818020879292
136.6|1.0|0.36|0.0|0|2.5325806310272334|5.06516126205446|7.597741893081693|10.130322524108927
136.8|1.0|0.36|0.0|0|2.8410452036617815|5.682090407323555|8.523135610985337|11.364180814647119
137.0|1.0|0.36|0.0|0|2.5862736465450165|5.172547293090026|7.758820939635043|10.345094586180059
137.2|1.0|0.36|0.0|0|2.4635724931140452|4.927144986228083|7.390717479342129|9.854289972456174
137.4|1.0|0.36|0.0|0|2.4542032418953044|4.908406483790602|7.362609725685906|9.81681296758121
137.6|1.0|0.36|0.0|0|1.9017777856468472|3.8035555712936895|5.705333356940536|7.607111142587383
137.8|1.0|0.36|0.0|0|2.0024972344975702|4.004994468995135|6.007491703492706|8.009988937990276
138.0|1.0|0.36|0.0|0|2.8284327507537115|5.656865501507415|8.485298252261128|11.313731003014839
138.2|1.0|0.36|0.0|0|2.7763613360963086|5.55272267219261|8.329084008288918|11.105445344385227
138.4|1.0|0.36|0.0|0|2.787892722038089|5.57578544407617|8.363678166114259|11.151570888152348
138.6|1.0|0.36|0.0|0|2.728434013045046|5.456868026090085|8.18530203913513|10.913736052180177
138.8|1.0|0.36|0.0|0|2.783027918366718|5.566055836733428|8.349083755100146|11.132111673466863
139.0|1.0|0.36|0.0|0|3.026988801700648|6.053977603401287|9.080966405101934|12.107955206802583
139.2|1.0|0.36|0.0|0|2.7520373188622784|5.50407463772455|8.256111956586828|11.008149275449107
139.4|1.0|0.36|0.0|0|3.1212218456761938|6.2424436913523795|9.363665537028574|12.484887382704766
139.6|1.0|0.36|0.0|0|2.9006840902019784|5.801368180403949|8.702052270605927|11.602736360807905
139.8|1.0|0.36|0.0|0|2.525013158441873|5.050026316883739|7.575039475325611|10.100052633767485
140.0|1.0|0.36|0.0|0|2.9956378459912982|5.9912756919825885|8.986913537973887|11.982551383965186
140.2|1.0|0.36|0.0|0|2.7511364295886622|5.5022728591773165|8.25340928876598|11.00454571835464
140.4|1.0|0.36|0.0|0|3.022664531815101|6.045329063630194|9.067993595445296|12.090658127260397
140.6|1.0|0.36|0.0|0|1.9987134992342925|3.9974269984685797|5.996140497702872|7.994853996937165
140.8|1.0|0.36|0.0|0|2.211323426620222|4.422646853240438|6.63397027986066|8.84529370648088
141.0|1.0|0.36|0.0|0|2.2230349894828416|4.446069978965677|6.669104968448519|8.89213995793136
141.2|1.0|0.36|0.0|0|2.324114794640338|4.64822958928067|6.972344383921008|9.296459178561346
141.4|1.0|0.36|0.0|0|3.0311328931502093|6.062265786300411|9.093398679450619|12.124531572600828
141.6|1.0|0.36|0.0|0|2.873837582499839|5.74767516499967|8.621512747499509|11.495350329999349
141.8|1.0|0.36|0.0|0|2.429879225227635|4.859758450455263|7.289637675682897|9.719516900910532
142.0|1.0|0.36|0.0|0|2.7273529454291587|5.45470589085831|8.182058836287469|10.909411781716628
142.2|1.0|0.36|0.0|0|2.9008642684685793|5.80172853693715|8.702592805405729|11.603457073874308
142.4|1.0|0.36|0.0|0|1.9001561846880957|3.8003123693761864|5.700468554064282|7.600624738752378
142.6|1.0|0.36|0.0|0|2.2565480799379314|4.5130961598758566|6.769644239813788|9.026192319751718
142.8|1.0|0.36|0.0|0|2.929332376972891|5.858664753945774|8.787997130918665|11.717329507891556
143.0|1.0|0.36|0.0|0|3.1511313780536905|6.302262756107372|9.453394134161062|12.604525512214753
143.2|1.0|0.36|0.0|0|2.9343773586937485|5.868754717387489|8.803132076081237|11.737509434774985
143.4|1.0|0.36|0.0|0|2.679425622991987|5.358851245983967|8.038276868975954|10.717702491967941
143.6|1.0|0.36|0.0|0|3.516351991192208|7.032703982384406|10.549055973576614|14.065407964768822
143.8|1.0|0.36|0.0|0|3.243922998944766|6.487845997889523|9.731768996834289|12.975691995779055
144.0|1.0|0.36|0.0|0|2.6459125329635595|5.291825065927112|7.9377375988906715|10.583650131854231
144.2|1.0|0.36|0.0|0|2.5188871101773134|5.03777422035462|7.5566613305319335|10.075548440709246
144.4|1.0|0.36|0.0|0|2.8259102595853642|5.651820519170721|8.477730778756085|11.30364103834145
144.6|1.0|0.36|0.0|0|2.649335912748359|5.29867182549671|7.948007738245069|10.597343650993427
144.8|1.0|0.36|0.0|0|3.2035631485155345|6.40712629703106|9.610689445546596|12.814252594062129
145.0|1.0|0.36|0.0|0|2.732578105393334|5.4651562107866605|8.197734316179995|10.930312421573328
145.2|1.0|0.36|0.0|0|2.7669920848007337|5.53398416960146|8.300976254402194|11.067968339202928
145.4|1.0|0.36|0.0|0|2.849513565380478|5.699027130760948|8.548540696141426|11.398054261521905
145.6|1.0|0.36|0.0|0|2.0918654754711334|4.183730950942261|6.2755964264133945|8.367461901884528
145.8|1.0|0.36|0.0|0|1.9936685166659316|3.987337033331858|5.981005549997789|7.974674066663721
146.0|1.0|0.36|0.0|0|2.018713245654946|4.037426491309887|6.056139736964833|8.07485298261978
146.2|1.0|0.36|0.0|0|2.5846520446398085|5.16930408927961|7.753956133919418|10.338608178559227
146.4|1.0|0.36|0.0|0|2.328979598360022|4.6579591967200376|6.986938795080059|9.31591839344008
146.6|1.0|0.36|0.0|0|2.3743844299297803|4.748768859859553|7.123153289789333|9.497537719719114
146.8|1.0|0.36|0.0|0|2.6687951267202177|5.337590253440427|8.006385380160646|10.675180506880864
147.0|1.0|0.36|0.0|0|2.749334650274252|5.498669300548497|8.24800395082275|10.997338601097
147.2|1.0|0.36|0.0|0|2.470959787568429|4.9419195751368505|7.412879362705279|9.883839150273708
147.4|1.0|0.36|0.0|0|2.4945630927267506|4.989126185453494|7.483689278180245|9.978252370906995
147.6|1.0|0.36|0.0|0|3.2111306207708576|6.422261241541706|9.633391862312564|12.844522483083422
147.8|1.0|0.36|0.0|0|2.7887936112942433|5.577587222588479|8.366380833882722|11.155174445176964
148.0|1.0|0.36|0.0|0|3.0017638950649443|6.00352779012988|9.005291685194825|12.007055580259768
148.2|1.0|0.36|0.0|0|2.5394273912423544|5.078854782484702|7.6182821737270565|10.15770956496941
148.4|1.0|0.36|0.0|0|2.4232126425218325|4.846425285043658|7.2696379275654905|9.692850570087323
148.6|1.0|0.36|0.0|0|2.6821282919216927|5.364256583843377|8.04638487576507|10.728513167686762
148.8|1.0|0.36|0.0|0|2.8268111498060198|5.6536222996120316|8.48043344941805|11.30724459922407
149.0|1.0|0.36|0.0|0|2.8302345299551988|5.6604690599103895|8.49070358986559|11.320938119820786
149.2|1.0|0.36|0.0|0|2.851135166441675|5.702270332883342|8.553405499325017|11.404540665766692
149.4|1.0|0.36|0.0|0|2.6826688252791087|5.36533765055821|8.048006475837319|10.730675301116428
149.6|1.0|0.36|0.0|0|2.4805092165217526|4.961018433043498|7.44152764956525|9.922036866087003
149.8|1.0|0.36|0.0|0|2.5280761829612333|5.056152365922459|7.584228548883693|10.112304731844926
150.0|1.0|0.36|0.0|0|2.541589526543978|5.0831790530879495|7.624768579631927|10.166358106175906
150.2|1.0|0.36|0.0|0|3.4012183099240096|6.8024366198480095|10.20365492977202|13.604873239696028
150.4|1.0|0.36|0.0|0|3.098519429517913|6.197038859035817|9.29555828855373|12.394077718071642
150.6|1.0|0.36|0.0|0|2.8269913272524745|5.653982654504941|8.480973981757415|11.307965309009889
150.8|1.0|0.36|0.0|0|2.371861939575176|4.7437238791503455|7.115585818725521|9.487447758300698
151.0|1.0|0.36|0.0|0|2.9123956544301497|5.824791308860291|8.73718696329044|11.649582617720592
151.2|1.0|0.36|0.0|0|3.0848259094887207|6.1696518189774325|9.254477728466155|12.339303637954874
151.4|1.0|0.36|0.0|0|2.883927545052723|5.767855090105438|8.65178263515816|11.535710180210883
151.6|1.0|0.36|0.0|0|2.8419460933777763|5.6838921867555445|8.525838280133321|11.367784373511096
151.8|1.0|0.36|0.0|0|2.0614154098532183|4.12283081970643|6.1842462295596485|8.245661639412866
152.0|1.0|0.36|0.0|0|2.376186209614391|4.752372419228775|7.128558628843166|9.504744838457556
152.2|1.0|0.36|0.0|0|2.505553944692949|5.011107889385891|7.516661834078841|10.02221577877179
152.4|1.0|0.36|0.0|0|2.4223117530747573|4.8446235061495075|7.266935259224264|9.689247012299022
152.6|1.0|0.36|0.0|0|2.493842381286088|4.987684762572169|7.481527143858257|9.975369525144345
152.8|1.0|0.36|0.0|0|1.7799775221303586|3.5599550442607124|5.339932566391071|7.11991008852143
153.0|1.0|0.36|0.0|0|2.365916068964873|4.731832137929739|7.097748206894612|9.463664275859484
153.2|1.0|0.36|0.0|0|2.431500826023405|4.863001652046803|7.294502478070208|9.726003304093613
153.4|1.0|0.36|0.0|0|2.827531861006285|5.655063722012562|8.482595583018847|11.310127444025131
153.6|1.0|0.36|0.0|0|2.2583498597092713|4.516699719418536|6.775049579127808|9.03339943883708
153.8|1.0|0.36|0.0|0|2.8529369456309386|5.705873891261869|8.558810836892807|11.411747782523745
154.0|1.0|0.36|0.0|0|2.335646180678743|4.67129236135748|7.006938542036223|9.342584722714966
154.2|1.0|0.36|0.0|0|2.2826738763938215|4.565347752787636|6.848021629181457|9.130695505575279
154.4|1.0|0.36|0.0|0|2.1860985196143177|4.372197039228629|6.558295558842946|8.744394078457264
154.6|1.0|0.36|0.0|0|2.82681114891486|5.653622297829712|8.480433446744573|11.307244595659434
154.8|1.0|0.36|0.0|0|2.661227654682591|5.322455309365175|7.983682964047766|10.644910618730357
155.0|1.0|0.36|0.0|0|2.607174283535571|5.214348567071135|7.821522850606707|10.428697134142277
155.2|1.0|0.36|0.0|0|2.284475656078432|4.568951312156858|6.853426968235289|9.137902624313721
155.4|1.0|0.36|0.0|0|2.311322163588486|4.622644327176966|6.933966490765451|9.245288654353937
155.6|1.0|0.36|0.0|0|2.75113642992161|5.502272859843212|8.253409289764821|11.004545719686432
155.8|1.0|0.36|0.0|0|2.029523919990172|4.059047839980337|6.08857175997051|8.11809567996068
156.0|1.0|0.36|0.0|0|2.0280824972427234|4.056164994485441|6.084247491728165|8.112329988970888
156.2|1.0|0.36|0.0|0|2.20609826748376|4.412196534967514|6.618294802451273|8.824393069935033
156.4|1.0|0.36|0.0|0|2.740325755490924|5.48065151098184|8.220977266472763|10.961303021963689
156.6|1.0|0.36|0.0|0|2.688975052302706|5.377950104605404|8.066925156908109|10.755900209210814
156.8|1.0|0.36|0.0|0|2.271683024415399|4.543366048830792|6.815049073246191|9.08673209766159
157.0|1.0|0.36|0.0|0|2.850234276828708|5.700468553657408|8.550702830486117|11.400937107314823
157.2|1.0|0.36|0.0|0|2.9983405144093584|5.996681028818709|8.995021543228066|11.993362057637425
157.4|1.0|0.36|0.0|0|2.860324239554468|5.720648479108928|8.580972718663396|11.441296958217865
157.6|1.0|0.36|0.0|0|2.1583511218894293|4.3167022437788525|6.475053365668281|8.63340448755771
157.8|1.0|0.36|0.0|0|2.825189547980556|5.650379095961104|8.47556864394166|11.300758191922217
158.0|1.0|0.36|0.0|0|2.7192449402116496|5.438489880423291|8.157734820634941|10.876979760846591
158.2|1.0|0.36|0.0|0|2.534022053779338|5.068044107558669|7.602066161338007|10.136088215117345
158.4|1.0|0.36|0.0|0|2.736001485397576|5.4720029707951445|8.20800445619272|10.944005941590296
158.6|1.0|0.36|0.0|0|2.292043127567742|4.584086255135478|6.87612938270322|9.168172510270962
158.8|1.0|0.36|0.0|0|2.764469594136465|5.528939188272922|8.293408782409387|11.057878376545853
159.0|1.0|0.36|0.0|0|2.4963648714555915|4.992729742911176|7.489094614366768|9.985459485822359
159.2|1.0|0.36|0.0|0|2.096009566753057|4.192019133506108|6.288028700259165|8.38403826701222
159.4|1.0|0.36|0.0|0|2.4206901520100677|4.841380304020128|7.262070456030196|9.682760608040264
159.6|1.0|0.36|0.0|0|2.716001738085763|5.432003476171519|8.148005214257282|10.864006952343045
159.8|1.0|0.36|0.0|0|2.3450154313159897|4.690030862631972|7.035046293947961|9.380061725263952
160.0|1.0|0.36|0.0|0|2.6819481137988648|5.3638962275977216|8.045844341396586|10.727792455195452
160.2|1.0|0.36|0.0|0|2.645912533119556|5.291825066239105|7.937737599358661|10.583650132478217
160.4|1.0|0.36|0.0|0|3.0237455994996734|6.047491198999339|9.071236798499012|12.094982397998686
160.6|1.0|0.36|0.0|0|2.436725984948573|4.873451969897139|7.310177954845712|9.746903939794285
160.8|1.0|0.36|0.0|0|2.505553944532878|5.011107889065749|7.5166618335986275|10.022215778131505
161.0|1.0|0.36|0.0|0|2.656723207170728|5.313446414341449|7.970169621512177|10.626892828682905
161.2|1.0|0.36|0.0|0|3.0623036710976184|6.124607342195229|9.186911013292846|12.249214684390465
161.4|1.0|0.36|0.0|0|3.005007097247292|6.010014194494576|9.015021291741869|12.02002838898916
161.6|1.0|0.36|0.0|0|3.1311316311388535|6.262263262277699|9.393394893416552|12.524526524555407
161.8|1.0|0.36|0.0|0|3.3345524850493558|6.669104970098703|10.003657455148058|13.338209940197414
162.0|1.0|0.36|0.0|0|2.935998959478459|5.87199791895691|8.80799687843537|11.743995837913829
162.2|1.0|0.36|0.0|0|2.9050083600840324|5.810016720168057|8.715025080252088|11.620033440336123
162.4|1.0|0.36|0.0|0|2.8871707471518335|5.774341494303659|8.661512241455494|11.548682988607327
162.6|1.0|0.36|0.0|0|2.673840108229781|5.347680216459555|8.021520324689336|10.695360432919117
162.8|1.0|0.36|0.0|0|2.7460914478119256|5.492182895623843|8.23827434343577|10.984365791247694
163.0|1.0|0.36|0.0|0|3.48500103561499|6.97000207122997|10.455003106844961|13.94000414245995
163.2|1.0|0.36|0.0|0|3.362299882491355|6.724599764982701|10.086899647474056|13.44919952996541
163.4|1.0|0.36|0.0|0|2.7381636200303934|5.47632724006078|8.214490860091173|10.952654480121566
163.6|1.0|0.36|0.0|0|2.5869943572510987|5.17398871450219|7.760983071753289|10.347977429004388
163.8|1.0|0.36|0.0|0|2.6805066907464083|5.36101338149281|8.041520072239217|10.722026762985626
164.0|1.0|0.36|0.0|0|2.8848284344578885|5.769656868915769|8.654485303373658|11.539313737831547
164.2|1.0|0.36|0.0|0|2.6174444236478327|5.234888847295658|7.8523332709434905|10.469777694591324
164.4|1.0|0.36|0.0|0|2.4603292911377523|4.9206585822754985|7.38098787341325|9.841317164551002
164.6|1.0|0.36|0.0|0|2.9352782476588644|5.870556495317721|8.805834742976584|11.74111299063545
164.8|1.0|0.36|0.0|0|2.882486121671393|5.764972243342778|8.647458365014172|11.529944486685565
165.0|1.0|0.36|0.0|0|2.872936693052764|5.74587338610552|8.618810079158283|11.491746772211048
165.2|1.0|0.36|0.0|0|3.059781180415887|6.119562360831766|9.179343541247654|12.23912472166354
165.4|1.0|0.36|0.0|0|2.8006853533006533|5.6013707066012985|8.402056059901952|11.202741413202604
165.6|1.0|0.36|0.0|0|2.7075333764468112|5.4150667528936145|8.122600129340427|10.830133505787236
165.8|1.0|0.36|0.0|0|2.078171954412248|4.15634390882449|6.234515863236738|8.312687817648985
166.0|1.0|0.36|0.0|0|2.6731193965807347|5.346238793161462|8.019358189742197|10.692477586322932
166.2|1.0|0.36|0.0|0|2.4576266219309786|4.91525324386195|7.372879865792929|9.830506487723907
166.4|1.0|0.36|0.0|0|2.7898746790387694|5.579749358077531|8.3696240371163|11.159498716155069
166.6|1.0|0.36|0.0|0|2.614381399521956|5.2287627990439045|7.84314419856586|10.457525598087816
166.8|1.0|0.36|0.0|0|3.0311328936129605|6.062265787225912|9.093398680838872|12.124531574451833
167.0|1.0|0.36|0.0|0|3.025187022120229|6.050374044240449|9.075561066360677|12.100748088480907
167.2|1.0|0.36|0.0|0|2.566093721058571|5.132187442117135|7.698281163175706|10.264374884234277
167.4|1.0|0.36|0.0|0|2.3952850669552594|4.790570133910512|7.185855200865771|9.58114026782103
167.6|1.0|0.36|0.0|0|2.9251882851455617|5.8503765702911155|8.775564855436677|11.70075314058224
167.8|1.0|0.36|0.0|0|2.4078975208016367|4.815795041603266|7.223692562404903|9.63159008320654
168.0|1.0|0.36|0.0|0|2.5232113793445774|5.046422758689148|7.569634138033725|10.092845517378302
168.2|1.0|0.36|0.0|0|3.079060215596112|6.158120431192216|9.237180646788328|12.316240862384442
168.4|1.0|0.36|0.0|0|2.3826726141612764|4.765345228322547|7.1480178424838225|9.5306904566451
168.6|1.0|0.36|0.0|0|3.1026635222224312|6.2053270444448545|9.307990566667286|12.410654088889716
168.8|1.0|0.36|0.0|0|3.121041667695975|6.242083335391941|9.363125003087916|12.48416667078389
169.0|1.0|0.36|0.0|0|2.830234529850425|5.660469059700842|8.490703589551266|11.320938119401692
169.2|1.0|0.36|0.0|0|2.965548136258151|5.931096272516294|8.896644408774446|11.862192545032597
169.4|1.0|0.36|0.0|0|3.2698686173348714|6.539737234669734|9.809605852004607|13.079474469339477
169.6|1.0|0.36|0.0|0|3.4237405478162724|6.847481095632535|10.271221643448808|13.694962191265079
169.8|1.0|0.36|0.0|0|2.723569209671698|5.447138419343388|8.170707629015087|10.894276838686785
170.0|1.0|0.36|0.0|0|2.894738219431022|5.789476438862036|8.684214658293058|11.57895287772408
170.2|1.0|0.36|0.0|0|3.0118538576044402|6.023707715208872|9.035561572813313|12.047415430417752
170.4|1.0|0.36|0.0|0|3.1051860124192925|6.210372024838577|9.315558037257869|12.420744049677163
170.6|1.0|0.36|0.0|0|2.8974408881412845|5.794881776282561|8.692322664423845|11.58976355256513
170.8|1.0|0.36|0.0|0|3.149689955066427|6.299379910132845|9.449069865199272|12.598759820265698
171.0|1.0|0.36|0.0|0|2.288619747434279|4.577239494868552|6.865859242302831|9.15447898973711
171.2|1.0|0.36|0.0|0|3.3421199573512452|6.684239914702481|10.026359872053726|13.368479829404972
171.4|1.0|0.36|0.0|0|2.8190634998900377|5.638126999780067|8.457190499670105|11.276253999560142
171.6|1.0|0.36|0.0|0|2.6349216805346103|5.269843361069213|7.904765041603823|10.539686722138432
171.8|1.0|0.36|0.0|0|2.6165435343486045|5.233087068697202|7.8496306030458065|10.466174137394411
172.0|1.0|0.36|0.0|0|3.272210930138247|6.544421860276485|9.816632790414733|13.08884372055298
172.2|1.0|0.36|0.0|0|2.8846482568723175|5.769296513744627|8.653944770616944|11.538593027489263
172.4|1.0|0.36|0.0|0|3.0680693635350353|6.136138727070062|9.204208090605098|12.272277454140132
172.6|1.0|0.36|0.0|0|3.1006815646699426|6.201363129339876|9.302044694009819|12.402726258679762
172.8|1.0|0.36|0.0|0|2.4751038787432504|4.950207757486494|7.425311636229744|9.900415514972995
173.0|1.0|0.36|0.0|0|2.9268098867271353|5.8536197734542625|8.780429660181397|11.707239546908534
173.2|1.0|0.36|0.0|0|2.2152873402048154|4.430574680409625|6.64586202061444|8.861149360819256
173.4|1.0|0.36|0.0|0|2.509517859228656|5.019035718457305|7.528553577685961|10.038071436914617
173.6|1.0|0.36|0.0|0|2.2533048783079743|4.5066097566159415|6.759914634923916|9.01321951323189
173.8|1.0|0.36|0.0|0|2.857981926990908|5.715963853981808|8.573945780972718|11.431927707963625
174.0|1.0|0.36|0.0|0|2.688074162331761|5.376148324663515|8.064222486995277|10.752296649327038
174.2|1.0|0.36|0.0|0|2.0650189678563056|4.130037935712606|6.195056903568911|8.260075871425217
174.4|1.0|0.36|0.0|0|1.7361942909745283|3.4723885819490516|5.2085828729235795|6.944777163898108
174.6|1.0|0.36|0.0|0|2.672218507138898|5.344437014277789|8.016655521416688|10.688874028555585
174.8|1.0|0.36|0.0|0|2.7862711205327675|5.572542241065527|8.358813361598294|11.145084482131063
175.0|1.0|0.36|0.0|0|3.3462640490778752|6.692528098155741|10.038792147233616|13.385056196311492
175.2|1.0|0.36|0.0|0|2.6922182548115985|5.38443650962319|8.076654764434789|10.768873019246387
175.4|1.0|0.36|0.0|0|2.968971516579043|5.937943033158078|8.90691454973712|11.875886066316163
175.6|1.0|0.36|0.0|0|2.2565480806166325|4.513096161233259|6.769644241849892|9.026192322466525
175.8|1.0|0.36|0.0|0|2.59960681131168|5.199213622623353|7.798820433935034|10.398427245246713
176.0|1.0|0.36|0.0|0|2.7543796314962696|5.508759262992532|8.263138894488803|11.017518525985071
176.2|1.0|0.36|0.0|0|2.254025590111271|4.508051180222535|6.762076770333806|9.016102360445077
176.4|1.0|0.36|0.0|0|2.7105964005028387|5.42119280100567|8.131789201508509|10.842385602011348
176.6|1.0|0.36|0.0|0|2.9520347927662103|5.904069585532413|8.856104378298623|11.808139171064834
176.8|1.0|0.36|0.0|0|2.397987736044454|4.795975472088901|7.193963208133354|9.591950944177809
177.0|1.0|0.36|0.0|0|2.970593117335232|5.941186234670456|8.911779352005688|11.882372469340918
177.2|1.0|0.36|0.0|0|2.6383450609043964|5.276690121808786|7.915035182713181|10.553380243617578
177.4|1.0|0.36|0.0|0|2.597084320272554|5.194168640545101|7.791252960817655|10.388337281090209
177.6|1.0|0.36|0.0|0|3.337975865545453|6.675951731090896|10.013927596636348|13.351903462181802
177.8|1.0|0.36|0.0|0|2.716722449391966|5.433444898783925|8.150167348175891|10.866889797567858
178.0|1.0|0.36|0.0|0|2.6828490033175356|5.365698006635063|8.0485470099526|10.731396013270134
178.2|1.0|0.36|0.0|0|2.448437549713419|4.896875099426832|7.345312649140251|9.79375019885367
178.4|1.0|0.36|0.0|0|2.978881301541699|5.957762603083389|8.936643904625088|11.915525206166787
178.6|1.0|0.36|0.0|0|2.8864500360062837|5.772900072012559|8.659350108018844|11.545800144025128
178.8|1.0|0.36|0.0|0|2.77293795567821|5.545875911356413|8.318813867034622|11.091751822712833
179.0|1.0|0.36|0.0|0|3.2859044505184314|6.571808901036853|9.857713351555285|13.143617802073717
179.2|1.0|0.36|0.0|0|3.24212122002675|6.4842424400534915|9.726363660080242|12.968484880106992
179.4|1.0|0.36|0.0|0|2.515643907277847|5.031287814555687|7.546931721833534|10.06257562911138
179.6|1.0|0.36|0.0|0|2.6765427766816017|5.353085553363195|8.029628330044797|10.7061711067264
179.8|1.0|0.36|0.0|0|2.3439343642094195|4.687868728418832|7.031803092628252|9.37573745683767
180.0|1.0|0.36|0.0|0|2.68897505207686|5.3779501041537126|8.066925156230573|10.755900208307432
180.2|1.0|0.36|0.0|0|2.424834243648804|4.849668487297602|7.274502730946406|9.69933697459521
180.4|1.0|0.36|0.0|0|2.623390294652202|5.246780589304396|7.870170883956598|10.4935611786088
180.6|1.0|0.36|0.0|0|2.5945618297328497|5.189123659465692|7.783685489198542|10.378247318931392
180.8|1.0|0.36|0.0|0|2.5660937212524026|5.132187442504798|7.698281163757201|10.264374885009603
181.0|1.0|0.36|0.0|0|2.675641886905071|5.351283773810135|8.026925660715206|10.702567547620276
181.2|1.0|0.36|0.0|0|2.5931204066809754|5.186240813361944|7.77936122004292|10.372481626723895
181.4|1.0|0.36|0.0|0|2.4702390757657144|4.940478151531422|7.410717227297137|9.88095630306285
181.6|1.0|0.36|0.0|0|2.86879260123824|5.737585202476472|8.606377803714713|11.475170404952953
181.8|1.0|0.36|0.0|0|2.669515838081136|5.339031676162264|8.0085475142434|10.678063352324536
182.0|1.0|0.36|0.0|0|3.3379758653452183|6.675951730690428|10.013927596035646|13.351903461380864
182.2|1.0|0.36|0.0|0|3.0487903280952042|6.0975806561904|9.146370984285603|12.195161312380808
182.4|1.0|0.36|0.0|0|2.7747397343564106|5.549479468712813|8.324219203069223|11.098958937425634
182.6|1.0|0.36|0.0|0|2.704109996290065|5.408219992580122|8.112329988870187|10.816439985160253
182.8|1.0|0.36|0.0|0|2.7259115223499273|5.451823044699847|8.177734567049773|10.903646089399702
183.0|1.0|0.36|0.0|0|2.8401443142868836|5.680288628573759|8.520432942860642|11.360577257147527
183.2|1.0|0.36|0.0|0|2.741226644288402|5.482453288576796|8.223679932865197|10.964906577153599
183.4|1.0|0.36|0.0|0|2.6385252391663405|5.277050478332673|7.915575717499014|10.554100956665353
183.6|1.0|0.36|0.0|0|2.5122205270582367|5.024441054116466|7.536661581174703|10.04888210823294
183.8|1.0|0.36|0.0|0|2.8032078436180043|5.606415687236001|8.409623530854006|11.212831374472009
184.0|1.0|0.36|0.0|0|2.9300530887057565|5.860106177411505|8.79015926611726|11.720212354823017
184.2|1.0|0.36|0.0|0|2.4264558447134936|4.85291168942698|7.279367534140474|9.705823378853967
184.4|1.0|0.36|0.0|0|2.7282538352580765|5.456507670516145|8.184761505774222|10.913015341032299
184.6|1.0|0.36|0.0|0|3.1806805546046264|6.361361109209244|9.54204166381387|12.722722218418497
184.8|1.0|0.36|0.0|0|2.6199669145228133|5.239933829045619|7.859900743568432|10.479867658091246
185.0|1.0|0.36|0.0|0|2.3686187376949257|4.737237475389845|7.105856213084771|9.474474950779697
185.2|1.0|0.36|0.0|0|2.5055539454380074|5.011107890876008|7.5166618363140145|10.022215781752022
185.4|1.0|0.36|0.0|0|2.6835697146976623|5.367139429395317|8.050709144092979|10.734278858790642
185.6|1.0|0.36|0.0|0|2.3641142896719995|4.728228579343993|7.092342869015992|9.456457158687993
185.8|1.0|0.36|0.0|0|3.179239131489888|6.358478262979767|9.537717394469654|12.716956525959542
186.0|1.0|0.36|0.0|0|2.7041099963779587|5.408219992755909|8.112329989133869|10.816439985511826
186.2|1.0|0.36|0.0|0|2.476184946729338|4.95236989345867|7.428554840188007|9.904739786917345
186.4|1.0|0.36|0.0|0|2.557805537065144|5.115611074130281|7.673416611195425|10.231222148260569
186.6|1.0|0.36|0.0|0|2.3466370328195647|4.693274065639123|7.0399110984586875|9.386548131278252
186.8|1.0|0.36|0.0|0|2.173486066298212|4.346972132596418|6.52045819889463|8.693944265192842
187.0|1.0|0.36|0.0|0|2.517445686912981|5.034891373825955|7.552337060738937|10.069782747651917
187.2|1.0|0.36|0.0|0|2.9689715160103543|5.9379430320207|8.906914548031054|11.875886064041408
187.4|1.0|0.36|0.0|0|2.308078961488211|4.616157922976416|6.924236884464626|9.232315845952836
187.6|1.0|0.36|0.0|0|2.0615955875336676|4.12319117506733|6.184786762600997|8.246382350134665
187.8|1.0|0.36|0.0|0|2.5761836839647754|5.152367367929544|7.728551051894319|10.304734735859094
188.0|1.0|0.36|0.0|0|2.260151638555692|4.520303277111378|6.780454915667069|9.04060655422276
188.2|1.0|0.36|0.0|0|2.397807557846538|4.795615115693069|7.193422673539607|9.591230231386145
188.4|1.0|0.36|0.0|0|2.5678954999655277|5.135790999931048|7.703686499896575|10.271581999862104
188.6|1.0|0.36|0.0|0|2.8731168705585906|5.746233741117173|8.619350611675763|11.492467482234353
188.8|1.0|0.36|0.0|0|2.5275356494792525|5.055071298958499|7.582606948437751|10.110142597917005
189.0|1.0|0.36|0.0|0|2.982484859562831|5.964969719125653|8.947454578688484|11.929939438251315
189.2|1.0|0.36|0.0|0|2.8662701105070325|5.732540221014057|8.59881033152109|11.465080442028123
189.4|1.0|0.36|0.0|0|2.6450116431509403|5.290023286301873|7.935034929452813|10.580046572603752
189.6|1.0|0.36|0.0|0|2.1565493432129754|4.313098686425945|6.46964802963892|8.626197372851895
189.8|1.0|0.36|0.0|0|2.794919660193266|5.589839320386524|8.38475898057979|11.179678640773057
190.0|1.0|0.36|0.0|0|3.1740139717137237|6.3480279434274385|9.522041915141163|12.696055886854886
190.2|1.0|0.36|0.0|0|3.0538353092083734|6.107670618416739|9.161505927625113|12.215341236833485
190.4|1.0|0.36|0.0|0|2.7887936116749215|5.577587223349835|8.366380835024756|11.155174446699677
190.6|1.0|0.36|0.0|0|2.9646472467778975|5.929294493555787|8.893941740333684|11.858588987111581
190.8|1.0|0.36|0.0|0|2.6333000792277765|5.266600158455546|7.8999002376833225|10.533200316911099
191.0|1.0|0.36|0.0|0|2.276007294333542|4.5520145886670775|6.82802188300062|9.104029177334162
191.2|1.0|0.36|0.0|0|2.3635737557359993|4.727147511471992|7.090721267207991|9.45429502294399
191.4|1.0|0.36|0.0|0|2.4156451702013166|4.831290340402627|7.246935510603944|9.66258068080526
191.6|1.0|0.36|0.0|0|2.7433887792535847|5.486777558507162|8.230166337760748|10.973555117014332
191.8|1.0|0.36|0.0|0|3.2313105452718474|6.462621090543686|9.693931635815533|12.92524218108738
192.0|1.0|0.36|0.0|0|2.692218254593902|5.384436509187796|8.076654763781699|10.7688730183756
192.2|1.0|0.36|0.0|0|2.553481267395548|5.106962534791089|7.660443802186637|10.213925069582185
192.4|1.0|0.36|0.0|0|3.3565341896400818|6.713068379280154|10.069602568920235|13.426136758560318
192.6|1.0|0.36|0.0|0|3.279958580220121|6.559917160440233|9.839875740660354|13.119834320880475
192.8|1.0|0.36|0.0|0|2.8165410090051615|5.633082018010316|8.449623027015477|11.266164036020639
193.0|1.0|0.36|0.0|0|2.924107217827116|5.848214435654223|8.77232165348134|11.696428871308456
193.2|1.0|0.36|0.0|0|3.2345537482702666|6.469107496540524|9.70366124481079|12.938214993081058
193.4|1.0|0.36|0.0|0|2.8410452041553826|5.682090408310757|8.52313561246614|11.364180816621522
193.6|1.0|0.36|0.0|0|2.862126018722195|5.724252037444382|8.586378056166577|11.448504074888772
193.8|1.0|0.36|0.0|0|2.814018518184314|5.628037036368621|8.442055554552935|11.256074072737249
194.0|1.0|0.36|0.0|0|2.502130564580441|5.0042611291608745|7.506391693741316|10.008522258321756
194.2|1.0|0.36|0.0|0|3.00933136668755|6.018662733375092|9.027994100062642|12.037325466750191
194.4|1.0|0.36|0.0|0|2.6972632357553836|5.394526471510759|8.091789707266143|10.789052943021527
194.6|1.0|0.36|0.0|0|2.9588815534900665|5.917763106980125|8.876644660470191|11.835526213960259
194.8|1.0|0.36|0.0|0|2.742668067539346|5.4853361350786844|8.228004202618031|10.970672270157376
195.0|1.0|0.36|0.0|0|3.275814488273466|6.551628976546923|9.827443464820389|13.103257953093856
195.2|1.0|0.36|0.0|0|2.9614040442596914|5.922808088519375|8.884212132779066|11.845616177038757
195.4|1.0|0.36|0.0|0|3.38842567835993|6.77685135671985|10.16527703507978|13.553702713439709
195.6|1.0|0.36|0.0|0|2.805910512362609|5.611821024725211|8.41773153708782|11.22364204945043
195.8|1.0|0.36|0.0|0|2.4651940942008537|4.9303881884017|7.395582282602554|9.860776376803408
196.0|1.0|0.36|0.0|0|3.4230198365967985|6.846039673193587|10.269059509790386|13.692079346387183
196.2|1.0|0.36|0.0|0|2.829153462105317|5.658306924210626|8.487460386315943|11.316613848421259
196.4|1.0|0.36|0.0|0|2.6761824205995097|5.3523648411990115|8.028547261798522|10.70472968239803
196.6|1.0|0.36|0.0|0|2.702308217751563|5.404616435503119|8.106924653254682|10.809232871006245
196.8|1.0|0.36|0.0|0|2.818522965749146|5.637045931498284|8.455568897247431|11.274091862996576
197.0|1.0|0.36|0.0|0|2.2370888669922735|4.474177733984541|6.711266600976814|8.948355467969087
197.2|1.0|0.36|0.0|0|2.9300530885305514|5.860106177061095|8.790159265591646|11.720212354122198
197.4|1.0|0.36|0.0|0|3.1932930079416866|6.386586015883364|9.57987902382505|12.773172031766737
197.6|1.0|0.36|0.0|0|2.7023082174494655|5.404616434898923|8.106924652348388|10.809232869797855
197.8|1.0|0.36|0.0|0|2.50140985313745|5.0028197062748925|7.504229559412342|10.005639412549792
198.0|1.0|0.36|0.0|0|2.993295533795611|5.986591067591213|8.979886601386823|11.973182135182435
198.2|1.0|0.36|0.0|0|2.8857293237675936|5.771458647535179|8.657187971302774|11.542917295070367
198.4|1.0|0.36|0.0|0|3.1286091398017044|6.2572182796034|9.385827419405103|12.514436559206809
198.6|1.0|0.36|0.0|0|3.04861015050032|6.097220301000631|9.14583045150095|12.19444060200127
198.8|1.0|0.36|0.0|0|3.2118513319140796|6.42370266382815|9.63555399574223|12.84740532765631
199.0|1.0|0.36|0.0|0|2.839423602460304|5.6788472049206|8.518270807380905|11.357694409841208
199.2|1.0|0.36|0.0|0|3.338876754959932|6.677753509919854|10.016630264879787|13.355507019839719
199.4|1.0|0.36|0.0|0|2.9680706266924997|5.936141253384991|8.904211880077492|11.872282506769992
199.6|1.0|0.36|0.0|0|2.486094731076157|4.972189462152307|7.458284193228464|9.94437892430462
199.8|1.0|0.36|0.0|0|2.4952838039113|4.990567607822593|7.485851411733893|9.981135215645192
200.0|1.0|0.36|0.0|0|3.196716387995405|6.393432775990801|9.590149163986206|12.786865551981611
200.2|1.0|0.36|0.0|0|2.6754617089760746|5.350923417952142|8.026385126928217|10.701846835904291
200.4|1.0|0.36|0.0|0|2.8722159812360797|5.744431962472151|8.61664794370823|11.48886392494431
200.6|1.0|0.36|0.0|0|3.0824835960025694|6.16496719200513|9.247450788007699|12.329934384010269
200.8|1.0|0.36|0.0|0|2.909152451692501|5.818304903384994|8.727457355077494|11.636609806769995
201.0|1.0|0.36|0.0|0|2.8082528252893852|5.6165056505787625|8.424758475868147|11.233011301157532
201.2|1.0|0.36|0.0|0|2.184296740569409|4.368593481138812|6.552890221708221|8.73718696227763
201.4|1.0|0.36|0.0|0|2.777262225034649|5.554524450069291|8.33178667510394|11.109048900138589
201.6|1.0|0.36|0.0|0|2.4722210329864196|4.944442065972832|7.416663098959252|9.888884131945671
201.8|1.0|0.36|0.0|0|2.700506438329469|5.401012876658931|8.1015193149884|10.802025753317869
202.0|1.0|0.36|0.0|0|2.651137692317718|5.302275384635429|7.953413076953147|10.604550769270865
202.2|1.0|0.36|0.0|0|3.188428203911174|6.3768564078223395|9.565284611733514|12.753712815644688
202.4|1.0|0.36|0.0|0|3.1916714070242627|6.3833428140485164|9.575014221072779|12.766685628097042
202.6|1.0|0.36|0.0|0|2.894738219513677|5.789476439027346|8.684214658541022|11.5789528780547
202.8|1.0|0.36|0.0|0|2.921584727176235|5.843169454352462|8.764754181528696|11.686338908704931
203.0|1.0|0.36|0.0|0|2.5961834315658803|5.192366863131753|7.788550294697633|10.384733726263514
203.2|1.0|0.36|0.0|0|2.5165447969984984|5.03308959399699|7.549634390995489|10.066179187993987
203.4|1.0|0.36|0.0|0|2.366816958479469|4.733633916958931|7.1004508754384|9.46726783391787
203.6|1.0|0.36|0.0|0|3.344822625500386|6.689645251000762|10.034467876501148|13.379290502001535
203.8|1.0|0.36|0.0|0|2.8630269084655473|5.726053816931087|8.589080725396634|11.45210763386218
204.0|1.0|0.36|0.0|0|2.4938423810870174|4.987684762174029|7.4815271432610455|9.975369524348064
204.2|1.0|0.36|0.0|0|2.594742007471507|5.189484014943007|7.784226022414513|10.378968029886021
204.4|1.0|0.36|0.0|0|2.63492168052064|5.269843361041273|7.904765041561913|10.539686722082553
204.6|1.0|0.36|0.0|0|3.005727808376544|6.0114556167530795|9.017183425129623|12.022911233506168
204.8|1.0|0.36|0.0|0|3.0224843542644546|6.044968708528901|9.067453062793357|12.089937417057811
205.0|1.0|0.36|0.0|0|3.325363411763686|6.650726823527362|9.976090235291048|13.301453647054734
205.2|1.0|0.36|0.0|0|3.0765377254469812|6.1530754508939545|9.229613176340935|12.306150901787916
205.4|1.0|0.36|0.0|0|2.79816286258749|5.596325725174972|8.394488587762462|11.19265145034995
205.6|1.0|0.36|0.0|0|2.8864500361465644|5.772900072293121|8.659350108439684|11.545800144586249
205.8|1.0|0.36|0.0|0|2.2406924248987363|4.481384849797466|6.722077274696202|8.962769699594938
206.0|1.0|0.36|0.0|0|2.40879840994545|4.817596819890894|7.226395229836344|9.635193639781793
206.2|1.0|0.36|0.0|0|2.4284378014458365|4.856875602891666|7.2853134043375025|9.713751205783339
206.4|1.0|0.36|0.0|0|2.7006866159499645|5.401373231899922|8.102059847849887|10.802746463799851
206.6|1.0|0.36|0.0|0|2.7192449401115324|5.438489880223058|8.15773482033459|10.876979760446122
206.8|1.0|0.36|0.0|0|2.8158202972001187|5.6316405944002295|8.447460891600349|11.263281188800468
207.0|1.0|0.36|0.0|0|2.458527511543364|4.9170550230867205|7.375582534630084|9.834110046173448
207.2|1.0|0.36|0.0|0|2.494563093261679|4.989126186523351|7.48368927978503|9.97825237304671
207.4|1.0|0.36|0.0|0|2.5069953681400534|5.0139907362801|7.520986104420153|10.027981472560207
207.6|1.0|0.36|0.0|0|2.244115804421019|4.488231608842032|6.73234741326305|8.976463217684069
207.8|1.0|0.36|0.0|0|2.5578055368858643|5.1156110737717215|7.673416610657586|10.23122214754345
208.0|1.0|0.36|0.0|0|2.6914975429192443|5.3829950858384805|8.074492628757724|10.76599017167697
208.2|1.0|0.36|0.0|0|2.6163633565104125|5.232726713020818|7.84909006953123|10.465453426041643
208.4|1.0|0.36|0.0|0|2.456545555040941|4.913091110081875|7.369636665122816|9.826182220163757
208.6|1.0|0.36|0.0|0|2.743568956720994|5.487137913441981|8.230706870162976|10.97427582688397
208.8|1.0|0.36|0.0|0|2.8630269083310877|5.7260538166621675|8.589080724993254|11.452107633324342
209.0|1.0|0.36|0.0|0|2.7428482459875547|5.4856964919751015|8.228544737962656|10.971392983950212
209.2|1.0|0.36|0.0|0|2.6032103688718076|5.206420737743608|7.809631106615416|10.412841475487223
209.4|1.0|0.36|0.0|0|2.6318586563417945|5.263717312683582|7.895575969025376|10.527434625367171
209.6|1.0|0.36|0.0|0|3.1480683537613396|6.29613670752267|9.44420506128401|12.59227341504535
209.8|1.0|0.36|0.0|0|2.2729442700941602|4.545888540188314|6.8188328102824745|9.091777080376634
210.0|1.0|0.36|0.0|0|2.8981615996657664|5.796323199331525|8.69448479899729|11.592646398663057
210.2|1.0|0.36|0.0|0|3.216896313182663|6.433792626365317|9.650688939547981|12.867585252730644
210.4|1.0|0.36|0.0|0|3.1570772488293035|6.314154497658598|9.4712317464879|12.628308995317205
210.6|1.0|0.36|0.0|0|3.1143750854552517|6.228750170910495|9.343125256365747|12.457500341821
210.8|1.0|0.36|0.0|0|3.001763895061452|6.003527790122895|9.005291685184346|12.0070555802458
211.0|1.0|0.36|0.0|0|2.3014123788895104|4.602824757779015|6.904237136668526|9.205649515558036
211.2|1.0|0.36|0.0|0|2.783027917875445|5.566055835750882|8.349083753626328|11.132111671501773
211.4|1.0|0.36|0.0|0|2.7653704838582804|5.530740967716553|8.296111451574834|11.061481935433115
211.6|1.0|0.36|0.0|0|2.7401455774775263|5.4802911549550455|8.220436732432573|10.960582309910098
211.8|1.0|0.36|0.0|0|2.6291559877508575|5.258311975501708|7.887467963252566|10.516623951003423
212.0|1.0|0.36|0.0|0|2.97221471873869|5.944429437477371|8.916644156216062|11.888858874954751
212.2|1.0|0.36|0.0|0|2.239971713840498|4.47994342768099|6.719915141521487|8.959886855361985
212.4|1.0|0.36|0.0|0|3.1008617424900904|6.201723484980172|9.302585227470262|12.403446969960353
212.6|1.0|0.36|0.0|0|2.524112269036707|5.0482245380734065|7.572336807110114|10.09644907614682
212.8|1.0|0.36|0.0|0|2.9226657943351917|5.845331588670375|8.767997383005568|11.69066317734076
213.0|1.0|0.36|0.0|0|2.9251882855535976|5.850376571107187|8.775564856660784|11.700753142214383
213.2|1.0|0.36|0.0|0|2.0900636961235453|4.180127392247084|6.2701910883706296|8.360254784494174
213.4|1.0|0.36|0.0|0|2.687893984506375|5.375787969012742|8.063681953519117|10.751575938025491
213.6|1.0|0.36|0.0|0|2.4484375487902454|4.896875097580485|7.34531264637073|9.793750195160976
213.8|1.0|0.36|0.0|0|2.454203242060032|4.908406484120057|7.362609726180089|9.816812968240122
214.0|1.0|0.36|0.0|0|2.85545943593723|5.710918871874452|8.566378307811682|11.421837743748913
214.2|1.0|0.36|0.0|0|2.3828527917142512|4.765705583428496|7.1485583751427475|9.531411166856998
214.4|1.0|0.36|0.0|0|3.026988801666305|6.053977603332602|9.080966404998907|12.107955206665213
214.6|1.0|0.36|0.0|0|2.9318548676383243|5.8637097352766405|8.795564602914965|11.727419470553288
214.8|1.0|0.36|0.0|0|2.2574489700450813|4.514897940090156|6.772346910135238|9.02979588018032
215.0|1.0|0.36|0.0|0|2.983926282219475|5.9678525644389415|8.951778846658417|11.935705128877892
215.2|1.0|0.36|0.0|0|2.9412241191352977|5.882448238270587|8.823672357405885|11.764896476541182
215.4|1.0|0.36|0.0|0|2.563571230003729|5.127142460007451|7.690713690011179|10.254284920014909
215.6|1.0|0.36|0.0|0|2.1684410848346327|4.336882169669259|6.5053232545038915|8.673764339338524
215.8|1.0|0.36|0.0|0|2.599606811127162|5.199213622254317|7.798820433381479|10.39842724450864
216.0|1.0|0.36|0.0|0|2.6089760624716316|5.217952124943255|7.826928187414887|10.43590424988652
216.2|1.0|0.36|0.0|0|3.2251844966603707|6.4503689933207315|9.675553489981102|12.900737986641472
216.4|1.0|0.36|0.0|0|2.8705943801574203|5.741188760314833|8.611783140472253|11.482377520629672
216.6|1.0|0.36|0.0|0|2.69546145681001|5.390922913620013|8.086384370430023|10.781845827240033
216.8|1.0|0.36|0.0|0|3.150590844503607|6.301181689007205|9.45177253351081|12.602363378014418
217.0|1.0|0.36|0.0|0|2.8914950172608975|5.782990034521787|8.674485051782685|11.565980069043583
217.2|1.0|0.36|0.0|0|2.924827929763708|5.849655859527408|8.774483789291116|11.699311719054824
217.4|1.0|0.36|0.0|0|2.9486114134331025|5.897222826866197|8.8458342402993|11.794445653732403
217.6|1.0|0.36|0.0|0|2.628435275849772|5.256870551699537|7.885305827549309|10.51374110339908
217.8|1.0|0.36|0.0|0|3.1471674641250895|6.29433492825017|9.44150239237526|12.58866985650035
218.0|1.0|0.36|0.0|0|2.305376293108568|4.610752586217129|6.916128879325697|9.221505172434265
218.2|1.0|0.36|0.0|0|2.821766167742901|5.643532335485794|8.465298503228695|11.287064670971597
218.4|1.0|0.36|0.0|0|2.5619496290234407|5.123899258046874|7.685848887070315|10.247798516093756
218.6|1.0|0.36|0.0|0|2.466995873019916|4.933991746039826|7.400987619059742|9.867983492079658
218.8|1.0|0.36|0.0|0|2.570237812842827|5.140475625685647|7.710713438528473|10.2809512513713
219.0|1.0|0.36|0.0|0|2.407176808663064|4.814353617326121|7.221530425989185|9.62870723465225
219.2|1.0|0.36|0.0|0|2.7091549778304786|5.418309955660949|8.127464933491428|10.836619911321907
219.4|1.0|0.36|0.0|0|2.8621260183188157|5.7242520366376235|8.58637805495644|11.448504073275256
219.6|1.0|0.36|0.0|0|1.9369124775572|3.873824955114394|5.810737432671594|7.747649910228794
219.8|1.0|0.36|0.0|0|3.0414030338532783|6.0828060677065485|9.124209101559826|12.165612135413106
220.0|1.0|0.36|0.0|0|3.1673473892203794|6.33469477844075|9.502042167661129|12.669389556881509
220.2|1.0|0.36|0.0|0|2.5206888885144165|5.041377777028826|7.562066665543243|10.082755554057659
220.4|1.0|0.36|0.0|0|2.924287395913855|5.848574791827702|8.772862187741557|11.697149583655412
220.6|1.0|0.36|0.0|0|2.5138421284226955|5.027684256845384|7.54152638526808|10.055368513690775
220.8|1.0|0.36|0.0|0|2.5408688141265907|5.081737628253174|7.622606442379765|10.163475256506356
221.0|1.0|0.36|0.0|0|2.6839300704991933|5.3678601409983795|8.051790211497574|10.735720281996766
221.2|1.0|0.36|0.0|0|3.0244663104694363|6.0489326209388645|9.0733989314083|12.097865241877736
221.4|1.0|0.36|0.0|0|2.764649772177802|5.529299544355596|8.293949316533398|11.058599088711201
221.6|1.0|0.36|0.0|0|2.6014085901633393|5.202817180326671|7.804225770490011|10.40563436065335
221.8|1.0|0.36|0.0|0|2.682128291925185|5.364256583850363|8.046384875775548|10.728513167700733
222.0|1.0|0.36|0.0|0|2.470239075928114|4.940478151856221|7.4107172277843345|9.880956303712448
222.2|1.0|0.36|0.0|0|2.9444673212559453|5.888934642511883|8.833401963767828|11.777869285023774
222.4|1.0|0.36|0.0|0|2.664290679667613|5.328581359335218|7.992872039002831|10.657162718670445
222.6|1.0|0.36|0.0|0|2.777982937429918|5.555965874859828|8.333948812289746|11.111931749719663
222.8|1.0|0.36|0.0|0|2.368438559458011|4.7368771189160155|7.105315678374026|9.473754237832038
223.0|1.0|0.36|0.0|0|2.9630256455059887|5.926051291011969|8.889076936517958|11.852102582023948
223.2|1.0|0.36|0.0|0|2.90915245161101|5.818304903222012|8.727457354833023|11.636609806444033
223.4|1.0|0.36|0.0|0|2.829333639898107|5.658667279796206|8.488000919694313|11.317334559592421
223.6|1.0|0.36|0.0|0|2.952034793682399|5.9040695873647895|8.856104381047189|11.808139174729588
223.8|1.0|0.36|0.0|0|2.309700562421351|4.619401124842695|6.929101687264047|9.238802249685397
224.0|1.0|0.36|0.0|0|2.3147455440915676|4.629491088183129|6.944236632274697|9.258982176366263
224.2|1.0|0.36|0.0|0|2.1203335840516977|4.240667168103389|6.361000752155086|8.481334336206784
224.4|1.0|0.36|0.0|0|2.6972632355050905|5.394526471010174|8.091789706515264|10.789052942020355
224.6|1.0|0.36|0.0|0|3.195094787273559|6.390189574547109|9.585284361820667|12.780379149094227
224.8|1.0|0.36|0.0|0|3.3228409213834706|6.6456818427669315|9.968522764150402|13.291363685533872
225.0|1.0|0.36|0.0|0|2.827531861061|5.655063722121992|8.482595583182992|11.310127444243992
225.2|1.0|0.36|0.0|0|2.624831717993368|5.2496634359867285|7.874495153980097|10.499326871973464
225.4|1.0|0.36|0.0|0|2.4633923153183446|4.926784630636682|7.390176945955027|9.853569261273371
225.6|1.0|0.36|0.0|0|2.997439625158443|5.9948792503168775|8.99231887547532|11.989758500633764
225.8|1.0|0.36|0.0|0|2.6520385817711962|5.304077163542385|7.956115745313582|10.608154327084778
226.0|1.0|0.36|0.0|0|2.8976210659032247|5.795242131806441|8.692863197709666|11.590484263612892
226.2|1.0|0.36|0.0|0|3.3143725595861935|6.628745119172378|9.943117678758572|13.257490238344765
226.4|1.0|0.36|0.0|0|2.6711374392703897|5.342274878540772|8.013412317811161|10.684549757081552
226.6|1.0|0.36|0.0|0|2.9066299613821345|5.813259922764261|8.719889884146395|11.62651984552853
226.8|1.0|0.36|0.0|0|3.024286133041608|6.048572266083208|9.072858399124815|12.097144532166423
227.0|1.0|0.36|0.0|0|3.278517156824822|6.557034313649634|9.835551470474456|13.114068627299277
227.2|1.0|0.36|0.0|0|2.527535649579952|5.055071299159897|7.582606948739849|10.1101425983198
227.4|1.0|0.36|0.0|0|2.494563092425817|4.989126184851627|7.483689277277445|9.978252369703261
227.6|1.0|0.36|0.0|0|2.4232126423483735|4.846425284696741|7.269637927045114|9.692850569393487
227.8|1.0|0.36|0.0|0|1.9538492002227594|3.9076984004455135|5.861547600668272|7.815396800891032
228.0|1.0|0.36|0.0|0|2.442671856083327|4.885343712166648|7.328015568249975|9.770687424333302
228.2|1.0|0.36|0.0|0|2.399609337092845|4.799218674185683|7.198828011278528|9.598437348371373
228.4|1.0|0.36|0.0|0|2.7311366820510035|5.462273364102|8.193410046153003|10.924546728204007
228.6|1.0|0.36|0.0|0|2.0104250619158863|4.020850123831767|6.031275185747654|8.04170024766354
228.8|1.0|0.36|0.0|0|2.1961884822906015|4.392376964581197|6.588565446871798|8.784753929162399
229.0|1.0|0.36|0.0|0|2.328979598085864|4.657959196171721|6.9869387942575845|9.315918392343448
229.2|1.0|0.36|0.0|0|2.9394223399687354|5.878844679937462|8.818267019906198|11.757689359874933
229.4|1.0|0.36|0.0|0|2.928611665431529|5.85722333086305|8.785834996294579|11.714446661726107
229.6|1.0|0.36|0.0|0|2.5206888886488765|5.041377777297746|7.562066665946622|10.082755554595499
229.8|1.0|0.36|0.0|0|2.409699299420465|4.819398598840923|7.229097898261388|9.638797197681853
230.0|1.0|0.36|0.0|0|1.9214171776344318|3.842834355268858|5.76425153290329|7.685668710537722
230.2|1.0|0.36|0.0|0|2.628435275994127|5.256870551988247|7.885305827982374|10.513741103976502
230.4|1.0|0.36|0.0|0|2.5702378129551677|5.140475625910328|7.710713438865495|10.280951251820664
230.6|1.0|0.36|0.0|0|2.7896945006895137|5.5793890013790195|8.369083502068534|11.158778002758046
230.8|1.0|0.36|0.0|0|2.6358225706504914|5.271645141300976|7.907467711951467|10.543290282601959
231.0|1.0|0.36|0.0|0|2.6511376921372745|5.302275384274542|7.953413076411816|10.60455076854909
231.2|1.0|0.36|0.0|0|2.270962313087077|4.541924626174148|6.812886939261225|9.083849252348301
231.4|1.0|0.36|0.0|0|2.8134779847011693|5.626955969402331|8.4404339541035|11.25391193880467
231.6|1.0|0.36|0.0|0|2.885729324108109|5.77145864821621|8.657187972324317|11.542917296432426
231.8|1.0|0.36|0.0|0|3.0318536052381413|6.063707210476275|9.095560815714416|12.127414420952556
232.0|1.0|0.36|0.0|0|2.470239075839056|4.940478151678105|7.4107172275171616|9.880956303356218
232.2|1.0|0.36|0.0|0|2.7006866158556684|5.401373231711329|8.102059847566997|10.802746463422666
232.4|1.0|0.36|0.0|0|2.8125770945189315|5.625154189037855|8.437731283556786|11.250308378075717
232.6|1.0|0.36|0.0|0|3.045366947575824|6.09073389515164|9.136100842727464|12.181467790303289
232.8|1.0|0.36|0.0|0|2.9981603368098177|5.996320673619627|8.994481010429444|11.992641347239262
233.0|1.0|0.36|0.0|0|2.563391052433874|5.126782104867741|7.690173157301615|10.253564209735488
233.2|1.0|0.36|0.0|0|2.7887936117133383|5.577587223426669|8.366380835140006|11.155174446853346
233.4|1.0|0.36|0.0|0|3.0806818171124934|6.161363634224978|9.242045451337471|12.322727268449965
233.6|1.0|0.36|0.0|0|2.9635661793849457|5.927132358769883|8.89069853815483|11.854264717539774
233.8|1.0|0.36|0.0|0|3.1552754698426027|6.310550939685196|9.465826409527798|12.621101879370402
234.0|1.0|0.36|0.0|0|3.3304083935136473|6.660816787027285|9.991225180540932|13.321633574054578
234.2|1.0|0.36|0.0|0|2.747713049135639|5.49542609827127|8.24313914740691|10.990852196542548
234.4|1.0|0.36|0.0|0|2.6887948741536842|5.377589748307361|8.066384622461046|10.75517949661473
234.6|1.0|0.36|0.0|0|2.62176869329822|5.243537386596433|7.865306079894653|10.487074773192873
234.8|1.0|0.36|0.0|0|2.6940200334502173|5.388040066900428|8.082060100350645|10.776080133800862
235.0|1.0|0.36|0.0|0|2.7896945010277|5.579389002055392|8.369083503083093|11.158778004110793
235.2|1.0|0.36|0.0|0|3.0334752063930526|6.066950412786097|9.10042561917915|12.133900825572203
235.4|1.0|0.36|0.0|0|2.6064535715628905|5.212907143125774|7.819360714688664|10.425814286251555
235.6|1.0|0.36|0.0|0|3.03527698570397|6.070553971407932|9.105830957111902|12.141107942815873
235.8|1.0|0.36|0.0|0|2.976358810444947|5.952717620889886|8.929076431334833|11.90543524177978
236.0|1.0|0.36|0.0|0|2.3927625769574683|4.7855251539149295|7.178287730872398|9.571050307829866
236.2|1.0|0.36|0.0|0|2.8006853529287064|5.601370705857405|8.40205605878611|11.202741411714817
236.4|1.0|0.36|0.0|0|3.0145565263275085|6.029113052655008|9.043669578982517|12.058226105310025
236.6|1.0|0.36|0.0|0|2.5633910520048833|5.126782104009759|7.690173156014644|10.253564208019526
236.8|1.0|0.36|0.0|0|2.745190558280449|5.49038111656089|8.235571674841339|10.980762233121789
237.0|1.0|0.36|0.0|0|3.226986276002138|6.4539725520042674|9.680958828006405|12.907945104008544
237.2|1.0|0.36|0.0|0|2.7223079645657005|5.444615929131394|8.166923893697094|10.889231858262795
237.4|1.0|0.36|0.0|0|2.7644695941399573|5.5289391882799075|8.293408782419865|11.057878376559822
237.6|1.0|0.36|0.0|0|3.3232012767728913|6.646402553545774|9.969603830318665|13.292805107091556
237.8|1.0|0.36|0.0|0|2.6392459501361034|5.278491900272199|7.917737850408303|10.556983800544405
238.0|1.0|0.36|0.0|0|2.6990650149720046|5.398130029944002|8.097195044916006|10.796260059888011
238.2|1.0|0.36|0.0|0|2.5484362862596774|5.096872572519349|7.645308858779026|10.193745145038704
238.4|1.0|0.36|0.0|0|2.6342009687388805|5.268401937477754|7.902602906216634|10.536803874955515
238.6|1.0|0.36|0.0|0|2.878882563975642|5.757765127951276|8.63664769192692|11.515530255902561
238.8|1.0|0.36|0.0|0|2.5055539452866675|5.011107890573328|7.5166618358599955|10.022215781146663
239.0|1.0|0.36|0.0|0|1.8707871861761685|3.741574372352332|5.612361558528501|7.4831487447046685
239.2|1.0|0.36|0.0|0|2.591318627689036|5.182637255378065|7.773955883067101|10.365274510756137
239.4|1.0|0.36|0.0|0|2.4493384390405866|4.898676878081167|7.348015317121753|9.79735375616234
239.6|1.0|0.36|0.0|0|3.1496899551426787|6.2993799102853485|9.449069865428028|12.598759820570706
239.8|1.0|0.36|0.0|0|3.1077085029997424|6.215417005999476|9.323125508999219|12.43083401199896
240.0|1.0|0.36|0.0|0|2.497085583729206|4.994171167458405|7.491256751187611|9.988342334916817
240.2|1.0|0.36|0.0|0|2.612399442275639|5.224798884551271|7.83719832682691|10.44959776910255
240.4|1.0|0.36|0.0|0|2.687173273203664|5.37434654640732|8.061519819610984|10.74869309281465
240.6|1.0|0.36|0.0|0|3.201040657465931|6.402081314931853|9.603121972397785|12.804162629863715
240.8|1.0|0.36|0.0|0|2.6282550979702526|5.256510195940497|7.88476529391075|10.513020391881001
241.0|1.0|0.36|0.0|0|2.841765915303843|5.683531830607678|8.525297745911521|11.367063661215363
241.2|1.0|0.36|0.0|0|2.9671697370713837|5.934339474142759|8.901509211214142|11.868678948285526
241.4|1.0|0.36|0.0|0|2.8358200447144943|5.671640089428981|8.507460134143475|11.34328017885797
241.6|1.0|0.36|0.0|0|2.897260710202393|5.794521420404778|8.691782130607171|11.589042840809563
241.8|1.0|0.36|0.0|0|3.1487890653562527|6.2975781307124965|9.44636719606875|12.595156261425002
242.0|1.0|0.36|0.0|0|2.5920393394591543|5.1840786789183015|7.776118018377455|10.36815735783661
242.2|1.0|0.36|0.0|0|2.549337175926196|5.0986743518523845|7.64801152777858|10.197348703704776
242.4|1.0|0.36|0.0|0|3.036898586290775|6.073797172581541|9.110695758872316|12.14759434516309
242.6|1.0|0.36|0.0|0|2.914377611081584|5.82875522216316|8.743132833244744|11.657510444326329
242.8|1.0|0.36|0.0|0|2.917620813148099|5.83524162629619|8.752862439444288|11.670483252592387
243.0|1.0|0.36|0.0|0|2.8105951376055627|5.621190275211117|8.43178541281668|11.242380550422242
243.2|1.0|0.36|0.0|0|2.711497290019181|5.422994580038355|8.134491870057536|10.845989160076718
243.4|1.0|0.36|0.0|0|2.5114998160162965|5.022999632032586|7.534499448048882|10.045999264065179
243.6|1.0|0.36|0.0|0|3.1832030447630704|6.366406089526132|9.549609134289202|12.732812179052273
243.8|1.0|0.36|0.0|0|3.4069840023317406|6.813968004663471|10.220952006995212|13.627936009326952
244.0|1.0|0.36|0.0|0|2.900864268348671|5.801728536697334|8.702592805046006|11.603457073394678
244.2|1.0|0.36|0.0|0|3.524640174795644|7.049280349591278|10.57392052438692|14.098560699182565
244.4|1.0|0.36|0.0|0|2.2313231738103805|4.462646347620755|6.693969521431136|8.925292695241517
244.6|1.0|0.36|0.0|0|3.25221118293179|6.504422365863571|9.756633548795362|13.008844731727152
244.8|1.0|0.36|0.0|0|3.359236858278167|6.718473716556324|10.07771057483449|13.436947433112657
245.0|1.0|0.36|0.0|0|2.435825096067858|4.87165019213571|7.307475288203568|9.743300384271427
245.2|1.0|0.36|0.0|0|2.2583498595596776|4.516699719119349|6.775049578679027|9.033399438238705
245.4|1.0|0.36|0.0|0|2.2886197475786343|4.5772394951572615|6.865859242735896|9.15447899031453
245.6|1.0|0.36|0.0|0|2.8487928533740368|5.6975857067480655|8.546378560122102|11.395171413496138
245.8|1.0|0.36|0.0|0|3.2246439634804873|6.449287926960966|9.673931890441454|12.89857585392194
246.0|1.0|0.36|0.0|0|3.0100520784978317|6.020104156995655|9.030156235493486|12.040208313991318
246.2|1.0|0.36|0.0|0|2.8277120390982624|5.655424078196517|8.48313611729478|11.310848156393043
246.4|1.0|0.36|0.0|0|2.5241122691682563|5.048224538336505|7.572336807504762|10.096449076673018
246.6|1.0|0.36|0.0|0|2.7862711207388227|5.572542241477637|8.35881336221646|11.145084482955284
246.8|1.0|0.36|0.0|0|2.559427138353351|5.118854276706695|7.678281415060046|10.237708553413396
247.0|1.0|0.36|0.0|0|2.3895193741947898|4.779038748389573|7.168558122584363|9.558077496779154
247.2|1.0|0.36|0.0|0|2.574562082212071|5.149124164424135|7.723686246636207|10.298248328848278
247.4|1.0|0.36|0.0|0|2.8334777317923754|5.666955463584743|8.500433195377118|11.333910927169493
247.6|1.0|0.36|0.0|0|2.7174431607197063|5.434886321439405|8.15232948215911|10.869772642878818
247.8|1.0|0.36|0.0|0|3.328786792444301|6.657573584888593|9.986360377332893|13.315147169777195
248.0|1.0|0.36|0.0|0|2.9864487726823454|5.972897545364682|8.959346318047027|11.945795090729373
248.2|1.0|0.36|0.0|0|3.038700365083644|6.077400730167279|9.116101095250924|12.154801460334568
248.4|1.0|0.36|0.0|0|2.8545585468312518|5.7091170936624955|8.563675640493747|11.418234187325
248.6|1.0|0.36|0.0|0|2.605552681810807|5.2111053636216065|7.816658045432414|10.42221072724322
248.8|1.0|0.36|0.0|0|3.1833832229179126|6.366766445835816|9.550149668753729|12.733532891671642
249.0|1.0|0.36|0.0|0|2.5156439072743546|5.031287814548702|7.546931721823057|10.062575629097411
249.2|1.0|0.36|0.0|0|2.6165435342944714|5.233087068588936|7.8496306028834075|10.466174137177878
249.4|1.0|0.36|0.0|0|2.5374454337958037|5.0748908675916|7.612336301387404|10.149781735183208
249.6|1.0|0.36|0.0|0|2.2633948411396725|4.526789682279339|6.790184523419011|9.053579364558683
249.8|1.0|0.36|0.0|0|2.0767305311217226|4.153461062243439|6.230191593365161|8.306922124486883
250.0|1.0|0.36|0.0|0|2.545012905886399|5.090025811772791|7.63503871765919|10.18005162354559
250.2|1.0|0.36|0.0|0|1.9203361100429919|3.8406722200859784|5.761008330128971|7.681344440171962
250.4|1.0|0.36|0.0|0|2.296187219344431|4.592374438688855|6.888561658033286|9.184748877377716
250.6|1.0|0.36|0.0|0|3.196896565557111|6.393793131114213|9.590689696671324|12.787586262228436
250.8|1.0|0.36|0.0|0|2.84717125225405|5.694342504508092|8.541513756762143|11.388685009016191
251.0|1.0|0.36|0.0|0|1.774031651348925|3.548063302697845|5.3220949540467695|7.096126605395694
251.2|1.0|0.36|0.0|0|2.3028538022591984|4.605707604518391|6.908561406777589|9.211415209036788
251.4|1.0|0.36|0.0|0|3.056177622087419|6.11235524417483|9.168532866262249|12.224710488349666
251.6|1.0|0.36|0.0|0|2.5376256121956997|5.075251224391392|7.612876836587093|10.150502448782792
251.8|1.0|0.36|0.0|0|2.014569154027269|4.029138308054533|6.043707462081802|8.05827661610907
252.0|1.0|0.36|0.0|0|2.367537669494634|4.735075338989261|7.102613008483895|9.470150677978529
252.2|1.0|0.36|0.0|0|2.5224906683550237|5.044981336710041|7.567472005065064|10.08996267342009
252.4|1.0|0.36|0.0|0|2.5779854628944325|5.155970925788858|7.733956388683291|10.311941851577723
252.6|1.0|0.36|0.0|0|2.094387965936332|4.188775931872658|6.28316389780899|8.377551863745323
252.8|1.0|0.36|0.0|0|2.3237544389325215|4.647508877865037|6.971263316797558|9.295017755730079
253.0|1.0|0.36|0.0|0|2.5318599191092677|5.063719838218528|7.595579757327796|10.127439676437064
253.2|1.0|0.36|0.0|0|2.523211380231662|5.046422760463317|7.569634140694979|10.092845520926641
253.4|1.0|0.36|0.0|0|2.6587051643535986|5.317410328707189|7.976115493060788|10.634820657414386
253.6|1.0|0.36|0.0|0|2.4608698249189205|4.921739649837834|7.382609474756754|9.843479299675675
253.8|1.0|0.36|0.0|0|2.1945668815617703|4.389133763123534|6.583700644685305|8.778267526247074
254.0|1.0|0.36|0.0|0|2.5314995633857347|5.062999126771462|7.594498690157197|10.125998253542932
254.2|1.0|0.36|0.0|0|2.366816958550482|4.733633917100958|7.100450875651441|9.467267834201923
254.4|1.0|0.36|0.0|0|2.549337176125266|5.098674352250525|7.6480115283757915|10.197348704501056
254.6|1.0|0.36|0.0|0|2.461950892066236|4.9239017841324655|7.385852676198701|9.847803568264936
254.8|1.0|0.36|0.0|0|2.3812311904638794|4.762462380927752|7.143693571391632|9.52492476185551
255.0|1.0|0.36|0.0|0|2.811676205557308|5.623352411114608|8.435028616671916|11.246704822229225
255.2|1.0|0.36|0.0|0|3.0368985865858877|6.073797173171767|9.110695759757654|12.147594346343542
255.4|1.0|0.36|0.0|0|2.465194093982575|4.930388187965143|7.395582281947718|9.860776375930293
255.6|1.0|0.36|0.0|0|2.6484350234142062|5.296870046828405|7.945305070242611|10.593740093656818
255.8|1.0|0.36|0.0|0|2.6545610726915787|5.30912214538315|7.9636832180747295|10.618244290766308
256.0|1.0|0.36|0.0|0|2.8167211865721065|5.633442373144205|8.45016355971631|11.266884746288417
256.2|1.0|0.36|0.0|0|2.518346576149927|5.036693152299847|7.555039728449774|10.073386304599701
256.4|1.0|0.36|0.0|0|3.0648261614359242|6.1296523228718405|9.194478484307764|12.25930464574369
256.6|1.0|0.36|0.0|0|2.78717201020045|5.574344020400892|8.361516030601342|11.148688040801792
256.8|1.0|0.36|0.0|0|2.0538479371159357|4.107695874231865|6.161543811347801|8.215391748463736
257.0|1.0|0.36|0.0|0|3.0150970603775957|6.0301941207551835|9.045291181132779|12.060388241510376
257.2|1.0|0.36|0.0|0|2.563571230233649|5.127142460467291|7.690713690700941|10.25428492093459
257.4|1.0|0.36|0.0|0|2.888071637616379|5.77614327523275|8.664214912849129|11.552286550465508
257.6|1.0|0.36|0.0|0|2.784829697601383|5.569659395202759|8.354489092804142|11.139318790405525
257.8|1.0|0.36|0.0|0|3.280859468942511|6.561718937885013|9.842578406827524|13.123437875770035
258.0|1.0|0.36|0.0|0|2.8543783687055138|5.7087567374110195|8.563135106116533|11.417513474822046
258.2|1.0|0.36|0.0|0|2.5188871099590346|5.037774219918062|7.556661329877097|10.075548439836131
258.4|1.0|0.36|0.0|0|2.798162862361644|5.596325724723281|8.394488587084924|11.192651449446569
258.6|1.0|0.36|0.0|0|3.100861742549462|6.201723485098916|9.302585227648377|12.403446970197841
258.8|1.0|0.36|0.0|0|2.6082553506031423|5.2165107012062775|7.824766051809419|10.433021402412562
259.0|1.0|0.36|0.0|0|2.861945840446863|5.723891680893718|8.585837521340581|11.447783361787444
259.2|1.0|0.36|0.0|0|2.3743844305467814|4.748768861093556|7.123153291640337|9.497537722187118
259.4|1.0|0.36|0.0|0|2.803388021955618|5.606776043911229|8.410164065866848|11.213552087822466
259.6|1.0|0.36|0.0|0|3.208608129575735|6.417216259151461|9.625824388727196|12.83443251830293
259.8|1.0|0.36|0.0|0|2.491139712444276|4.982279424888545|7.473419137332821|9.964558849777097
260.0|1.0|0.36|0.0|0|2.9059092494921086|5.811818498984209|8.717727748476317|11.623636997968426
260.2|1.0|0.36|0.0|0|2.7931178810080772|5.5862357620161465|8.379353643024224|11.1724715240323
260.4|1.0|0.36|0.0|0|3.3086068669223487|6.617213733844689|9.925820600767038|13.234427467689386
260.6|1.0|0.36|0.0|0|2.5196078216779303|5.0392156433558535|7.558823465033783|10.078431286711714
260.8|1.0|0.36|0.0|0|2.6718581510667017|5.343716302133395|8.015574453200097|10.687432604266798
261.0|1.0|0.36|0.0|0|2.4904190003901046|4.980838000780202|7.471257001170306|9.961676001560411
261.2|1.0|0.36|0.0|0|2.345736143303222|4.691472286606438|7.0372084299096604|9.382944573212882
261.4|1.0|0.36|0.0|0|2.3785285222751575|4.757057044550309|7.135585566825466|9.514114089100623
261.6|1.0|0.36|0.0|0|2.5988860996795142|5.197772199359021|7.796658299038536|10.39554439871805
261.8|1.0|0.36|0.0|0|3.152933157372175|6.305866314744341|9.458799472116516|12.61173262948869
262.0|1.0|0.36|0.0|0|3.1893290940375327|6.378658188075057|9.56798728211259|12.757316376150122
262.2|1.0|0.36|0.0|0|2.892395906405293|5.784791812810578|8.67718771921587|11.569583625621165
262.4|1.0|0.36|0.0|0|2.4853740193037104|4.9707480386074145|7.4561220579111245|9.941496077214834
262.6|1.0|0.36|0.0|0|2.9136568998725876|5.827313799745167|8.740970699617755|11.654627599490343
262.8|1.0|0.36|0.0|0|2.9621247557341146|5.924249511468221|8.886374267202337|11.848499022936451
263.0|1.0|0.36|0.0|0|3.0606820691289642|6.12136413825792|9.182046207386884|12.242728276515848
263.2|1.0|0.36|0.0|0|3.0990599633276026|6.198119926655196|9.297179889982798|12.396239853310401
263.4|1.0|0.36|0.0|0|3.023385243203377|6.046770486406746|9.070155729610123|12.0935409728135
263.6|1.0|0.36|0.0|0|2.775460446304062|5.550920892608117|8.326381338912178|11.10184178521624
263.8|1.0|0.36|0.0|0|2.7183440508099763|5.436688101619945|8.155032152429921|10.873376203239898
264.0|1.0|0.36|0.0|0|3.501217047269459|7.002434094538908|10.503651141808367|14.004868189077827
264.2|1.0|0.36|0.0|0|3.08428537559754|6.168570751195072|9.252856126792611|12.337141502390152
264.4|1.0|0.36|0.0|0|2.6587051639822334|5.31741032796446|7.976115491946693|10.634820655928927
264.6|1.0|0.36|0.0|0|2.590597915858964|5.181195831717921|7.771793747576885|10.362391663435849
264.8|1.0|0.36|0.0|0|2.6729392189119268|5.345878437823846|8.018817656735774|10.6917568756477
265.0|1.0|0.36|0.0|0|2.23402584254218|4.468051685084354|6.702077527626534|8.936103370168714
265.2|1.0|0.36|0.0|0|2.9268098866147945|5.853619773229581|8.780429659844376|11.70723954645917
265.4|1.0|0.36|0.0|0|3.3129311364993947|6.625862272998781|9.938793409498174|13.25172454599757
265.6|1.0|0.36|0.0|0|3.0082502993370897|6.016500598674171|9.024750898011261|12.033001197348351
265.8|1.0|0.36|0.0|0|2.2138459167582933|4.4276918335165805|6.641537750274874|8.855383667033168
266.0|1.0|0.36|0.0|0|2.2028550646826646|4.405710129365323|6.608565194047987|8.811420258730651
266.2|1.0|0.36|0.0|0|2.6064535719680157|5.212907143936024|7.81936071590404|10.425814287872056
266.4|1.0|0.36|0.0|0|2.971494007281729|5.94298801456345|8.914482021845178|11.885976029126907
266.6|1.0|0.36|0.0|0|2.525553692597898|5.051107385195789|7.576661077793688|10.102214770391585
266.8|1.0|0.36|0.0|0|2.455104131679984|4.910208263359961|7.365312395039946|9.82041652671993
267.0|1.0|0.36|0.0|0|2.7015875052631624|5.403175010526318|8.10476251578948|10.806350021052642
267.2|1.0|0.36|0.0|0|2.6569033850479196|5.313806770095832|7.970710155143752|10.627613540191671
267.4|1.0|0.36|0.0|0|2.48717579855351|4.974351597107013|7.461527395660523|9.948703194214033
267.6|1.0|0.36|0.0|0|2.7100558670435593|5.4201117340871106|8.130167601130669|10.840223468174228
267.8|1.0|0.36|0.0|0|2.8756393616960874|5.751278723392167|8.626918085088255|11.502557446784342
268.0|1.0|0.36|0.0|0|2.633300079627081|5.266600159254155|7.899900238881236|10.533200318508317
268.2|1.0|0.36|0.0|0|2.078171954677675|4.1563439093553445|6.234515864033019|8.312687818710694
268.4|1.0|0.36|0.0|0|2.8259102592285514|5.651820518457095|8.477730777685647|11.303641036914199
268.6|1.0|0.36|0.0|0|2.1498827610194002|4.299765522038795|6.449648283058195|8.599531044077596
268.8|1.0|0.36|0.0|0|2.305556470694139|4.611112941388272|6.916669412082411|9.222225882776549
269.0|1.0|0.36|0.0|0|2.38951937440783|4.779038748815653|7.168558123223483|9.558077497631313
269.2|1.0|0.36|0.0|0|2.5491569979127986|5.09831399582559|7.647470993738389|10.196627991651187
269.4|1.0|0.36|0.0|0|2.9178009916574252|5.8356019833148425|8.753402974972268|11.671203966629694
269.6|1.0|0.36|0.0|0|2.726992590298762|5.453985180597517|8.180977770896279|10.90797036119504
269.8|1.0|0.36|0.0|0|3.038520187371762|6.077040374743516|9.115560562115279|12.154080749487042
270.0|1.0|0.36|0.0|0|2.9504131923348202|5.9008263846696325|8.851239577004453|11.801652769339274
270.2|1.0|0.36|0.0|0|2.899062489250794|5.79812497850158|8.697187467752373|11.596249957003167
270.4|1.0|0.36|0.0|0|2.8183427877340024|5.636685575467998|8.455028363202|11.273371150936002
270.6|1.0|0.36|0.0|0|2.6754617089498813|5.350923417899755|8.026385126849636|10.701846835799516
270.8|1.0|0.36|0.0|0|3.1522124453604947|6.304424890720981|9.456637336081476|12.60884978144197
271.0|1.0|0.36|0.0|0|2.35348379320116|4.706967586402313|7.060451379603474|9.413935172804633
271.2|1.0|0.36|0.0|0|2.303754691728975|4.607509383457943|6.911264075186918|9.215018766915893
271.4|1.0|0.36|0.0|0|2.4468159481382483|4.89363189627649|7.340447844414738|9.787263792552988
271.6|1.0|0.36|0.0|0|2.6342009692610033|5.268401938521999|7.9026029077830025|10.536803877044006
271.8|1.0|0.36|0.0|0|2.322313015588445|4.644626031176883|6.9669390467653285|9.289252062353773
272.0|1.0|0.36|0.0|0|2.346456855199651|4.692913710399296|7.039370565598947|9.385827420798599
272.2|1.0|0.36|0.0|0|3.3968940402730396|6.79378808054607|10.19068212081911|13.58757616109215
272.4|1.0|0.36|0.0|0|3.5869817298988376|7.173963459797665|10.760945189696503|14.347926919595341
272.6|1.0|0.36|0.0|0|2.7451905587251555|5.490381117450304|8.235571676175459|10.980762234900615
272.8|1.0|0.36|0.0|0|2.4322215376381084|4.864443075276211|7.296664612914319|9.728886150552427
273.0|1.0|0.36|0.0|0|2.5250131589564284|5.05002631791285|7.575039476869279|10.100052635825707
273.2|1.0|0.36|0.0|0|2.984827171912187|5.969654343824365|8.954481515736552|11.939308687648738
273.4|1.0|0.36|0.0|0|2.556724469289768|5.113448938579529|7.670173407869297|10.226897877159065
273.6|1.0|0.36|0.0|0|1.9958306523854863|3.991661304770967|5.987491957156453|7.983322609541939
273.8|1.0|0.36|0.0|0|2.9320350460568467|5.8640700921136855|8.796105138170532|11.72814018422738
274.0|1.0|0.36|0.0|0|3.296895303155764|6.5937906063115195|9.890685909467283|13.187581212623048
274.2|1.0|0.36|0.0|0|2.348618989933168|4.697237979866329|7.045856969799497|9.394475959732665
274.4|1.0|0.36|0.0|0|2.4232126421423184|4.8464252842846305|7.269637926426949|9.692850568569268
274.6|1.0|0.36|0.0|0|3.0772584368137204|6.154516873627433|9.231775310441153|12.309033747254873
274.8|1.0|0.36|0.0|0|2.346817210706069|4.693634421412132|7.040451632118201|9.387268842824271
275.0|1.0|0.36|0.0|0|2.6887948742840697|5.377589748568131|8.066384622852201|10.75517949713627
275.2|1.0|0.36|0.0|0|2.982304680948148|5.964609361896288|8.946914042844437|11.929218723792586
275.4|1.0|0.36|0.0|0|2.7578030117147163|5.515606023429425|8.273409035144141|11.031212046858856
275.6|1.0|0.36|0.0|0|2.630777588648491|5.261555177296975|7.892332765945466|10.523110354593957
275.8|1.0|0.36|0.0|0|2.574742260529313|5.149484521058619|7.724226781587931|10.298969042117244
276.0|1.0|0.36|0.0|0|2.4096992993011392|4.819398598602272|7.2290978979034115|9.63879719720455
276.2|1.0|0.36|0.0|0|2.562850518600319|5.125701037200631|7.68855155580095|10.25140207440127
276.4|1.0|0.36|0.0|0|3.498334200811226|6.9966684016224425|10.495002602433669|13.993336803244896
276.6|1.0|0.36|0.0|0|2.3657358905277235|4.731471781055441|7.097207671583164|9.462943562110889
276.8|1.0|0.36|0.0|0|2.859603528146984|5.71920705629396|8.578810584440944|11.438414112587926
277.0|1.0|0.36|0.0|0|3.179959842651154|6.359919685302299|9.539879527953453|12.719839370604607
277.2|1.0|0.36|0.0|0|2.951314081585736|5.902628163171464|8.8539422447572|11.805256326342935
277.4|1.0|0.36|0.0|0|1.9884433584997914|3.9768867169995774|5.965330075499368|7.95377343399916
277.6|1.0|0.36|0.0|0|2.5232113799237434|5.04642275984748|7.569634139771224|10.092845519694967
277.8|1.0|0.36|0.0|0|2.7662713732040745|5.532542746408141|8.298814119612215|11.06508549281629
278.0|1.0|0.36|0.0|0|3.4902261950197895|6.980452390039569|10.470678585059359|13.960904780079147
278.2|1.0|0.36|0.0|0|2.623210117091078|5.246420234182148|7.869630351273226|10.492840468364305
278.4|1.0|0.36|0.0|0|3.1320325201185217|6.264065040237035|9.396097560355555|12.528130080474078
278.6|1.0|0.36|0.0|0|3.23040965591383|6.460819311827651|9.69122896774148|12.92163862365531
278.8|1.0|0.36|0.0|0|2.429879225047191|4.859758450094375|7.289637675141567|9.719516900188758
279.0|1.0|0.36|0.0|0|2.6635699676594253|5.3271399353188436|7.990709902978269|10.654279870637694
279.2|1.0|0.36|0.0|0|2.4666355175158263|4.9332710350316455|7.399906552547472|9.866542070063298
279.4|1.0|0.36|0.0|0|2.8376218232954877|5.6752436465909675|8.512865469886455|11.350487293181944
279.6|1.0|0.36|0.0|0|2.4936622029915476|4.987324405983088|7.480986608974636|9.974648811966183
279.8|1.0|0.36|0.0|0|3.3448226255219224|6.689645251043836|10.034467876565758|13.379290502087681
280.0|1.0|0.36|0.0|0|2.4331224272801797|4.866244854560352|7.2993672818405315|9.732489709120712
280.2|1.0|0.36|0.0|0|2.9513140810118084|5.902628162023609|8.853942243035418|11.805256324047225
280.4|1.0|0.36|0.0|0|3.0646459836111197|6.1292919672222315|9.193937950833352|12.25858393444447
280.6|1.0|0.36|0.0|0|2.4922207800485214|4.984441560097037|7.476662340145558|9.968883120194079
280.8|1.0|0.36|0.0|0|2.5282563615334244|5.056512723066842|7.584769084600266|10.11302544613369
281.0|1.0|0.36|0.0|0|2.423212642432775|4.846425284865543|7.269637927298318|9.692850569731092
281.2|1.0|0.36|0.0|0|2.7251908108947123|5.450381621789417|8.17557243268413|10.900763243578842
281.4|1.0|0.36|0.0|0|2.690596653252144|5.38119330650428|8.071789959756424|10.762386613008568
281.6|1.0|0.36|0.0|0|2.0187132455903356|4.037426491180666|6.0561397367710015|8.074852982361337
281.8|1.0|0.36|0.0|0|2.9275305980281|5.855061196056192|8.782591794084292|11.71012239211239
282.0|1.0|0.36|0.0|0|2.610597664037489|5.2211953280749706|7.831792992112459|10.442390656149948
282.2|1.0|0.36|0.0|0|2.4078975203231696|4.815795040646333|7.223692560969503|9.631590081292671
282.4|1.0|0.36|0.0|0|2.3214121259114493|4.642824251822892|6.964236377734341|9.28564850364579
282.6|1.0|0.36|0.0|0|2.666993348177059|5.333986696354111|8.00098004453117|10.667973392708229
282.8|1.0|0.36|0.0|0|3.3934706600307285|6.786941320061447|10.180411980092176|13.573882640122905
283.0|1.0|0.36|0.0|0|2.9857280612649655|5.971456122529923|8.957184183794888|11.942912245059853
283.2|1.0|0.36|0.0|0|3.179058953108618|6.3581179062172275|9.537176859325845|12.716235812434464
283.4|1.0|0.36|0.0|0|2.89401750775229|5.788035015504572|8.68205252325686|11.57607003100915
283.6|1.0|0.36|0.0|0|3.130410919312856|6.260821838625704|9.39123275793856|12.521643677251415
283.8|1.0|0.36|0.0|0|3.092393381312143|6.184786762624277|9.27718014393642|12.369573525248564
284.0|1.0|0.36|0.0|0|2.8260904378321747|5.6521808756643415|8.478271313496515|11.30436175132869
284.2|1.0|0.36|0.0|0|2.4776263694558316|4.955252738911656|7.432879108367487|9.91050547782332
284.4|1.0|0.36|0.0|0|2.7021280394104568|5.4042560788209055|8.106384118231363|10.808512157641818
284.6|1.0|0.36|0.0|0|2.5147430182516133|5.0294860365032195|7.544229054754832|10.058972073006446
284.8|1.0|0.36|0.0|0|2.364114289848951|4.728228579697896|7.0923428695468465|9.456457159395796
285.0|1.0|0.36|0.0|0|2.870594380534024|5.74118876106804|8.611783141602062|11.482377522136087
285.2|1.0|0.36|0.0|0|2.3178085681662215|4.635617136332437|6.953425704498659|9.27123427266488
285.4|1.0|0.36|0.0|0|2.1253785656997954|4.250757131399585|6.37613569709938|8.501514262799175
285.6|1.0|0.36|0.0|0|2.6291559874982364|5.258311974996466|7.887467962494702|10.516623949992939
285.8|1.0|0.36|0.0|0|2.5958230747573565|5.191646149514706|7.787469224272063|10.383292299029419
286.0|1.0|0.36|0.0|0|2.2179900087154256|4.435980017430845|6.653970026146271|8.871960034861697
286.2|1.0|0.36|0.0|0|2.4507798621460117|4.901559724292017|7.3523395864380285|9.80311944858404
286.4|1.0|0.36|0.0|0|2.01961413554731|4.039228271094615|6.058842406641925|8.078456542189235
286.6|1.0|0.36|0.0|0|1.9178136194660345|3.8356272389320636|5.753440858398099|7.6712544778641325
286.8|1.0|0.36|0.0|0|2.2633948406158035|4.526789681231601|6.790184521847404|9.053579362463207
287.0|1.0|0.36|0.0|0|3.116897575824408|6.233795151648807|9.350692727473215|12.467590303297623
287.2|1.0|0.36|0.0|0|3.3480658280913516|6.696131656182693|10.044197484274045|13.392263312365397
287.4|1.0|0.36|0.0|0|2.830234529493612|5.660469058987216|8.490703588480828|11.32093811797444
287.6|1.0|0.36|0.0|0|2.979602012785038|5.959204025570068|8.938806038355105|11.918408051140142
287.8|1.0|0.36|0.0|0|2.5644721202901586|5.12894424058031|7.693416360870469|10.257888481160627
288.0|1.0|0.36|0.0|0|2.4372665191412692|4.874533038282531|7.311799557423801|9.74906607656507
288.2|1.0|0.36|0.0|0|2.4635724931408207|4.927144986281634|7.390717479422455|9.854289972563276
288.4|1.0|0.36|0.0|0|2.266638043401765|4.533276086803523|6.799914130205289|9.066552173607054
288.6|1.0|0.36|0.0|0|2.902485869263767|5.804971738527526|8.707457607791293|11.60994347705506
288.8|1.0|0.36|0.0|0|3.4574338161706724|6.914867632341335|10.372301448512006|13.829735264682679
289.0|1.0|0.36|0.0|0|3.421218057775407|6.8424361155508056|10.263654173326213|13.68487223110162
289.2|1.0|0.36|0.0|0|3.8291408345324487|7.658281669064887|11.487422503597335|15.316563338129784
289.4|1.0|0.36|0.0|0|2.591318627937001|5.182637255873995|7.773955883810995|10.365274511747996
289.6|1.0|0.36|0.0|0|2.9797821904660693|5.959564380932131|8.9393465713982|11.91912876186427
289.8|1.0|0.36|0.0|0|3.0143763483315733|6.028752696663139|9.043129044994712|12.057505393326284
290.0|1.0|0.36|0.0|0|2.22789979360183|4.4557995872036535|6.683699380805483|8.911599174407312
290.2|1.0|0.36|0.0|0|2.4651940941694215|4.930388188338836|7.395582282508258|9.860776376677679
290.4|1.0|0.36|0.0|0|1.8848410628439176|3.7696821256878303|5.654523188531748|7.539364251375665
290.6|1.0|0.36|0.0|0|2.5677153220248896|5.135430644049772|7.703145966074662|10.270861288099551
290.8|1.0|0.36|0.0|0|2.714920670439608|5.429841340879208|8.144762011318816|10.859682681758425
291.0|1.0|0.36|0.0|0|2.6644708572555125|5.328941714511018|7.99341257176653|10.657883429022043
291.2|1.0|0.36|0.0|0|2.814198695579546|5.628397391159084|8.44259608673863|11.256794782318178
291.4|1.0|0.36|0.0|0|2.2817729870497736|4.563545974099541|6.845318961149315|9.127091948199087
291.6|1.0|0.36|0.0|0|2.9747372091899185|5.949474418379829|8.924211627569747|11.898948836759667
291.8|1.0|0.36|0.0|0|2.3601503760315268|4.7203007520630464|7.080451128094573|9.4406015041261
292.0|1.0|0.36|0.0|0|2.7999646411574237|5.599929282314839|8.399893923472263|11.199858564629688
292.2|1.0|0.36|0.0|0|2.7922169914899886|5.584433982979969|8.376650974469957|11.168867965959945
292.4|1.0|0.36|0.0|0|2.6687951267819177|5.337590253563828|8.006385380345746|10.675180507127664
292.6|1.0|0.36|0.0|0|2.865549398916194|5.73109879783238|8.596648196748575|11.462197595664767
292.8|1.0|0.36|0.0|0|2.425735133213459|4.851470266426911|7.27720539964037|9.702940532853829
293.0|1.0|0.36|0.0|0|2.653480005236927|5.306960010473847|7.960440015710773|10.6139200209477
293.2|1.0|0.36|0.0|0|2.8233877687912927|5.646775537582577|8.47016330637387|11.293551075165162
293.4|1.0|0.36|0.0|0|3.08572679858364|6.171453597167271|9.257180395750911|12.34290719433455
293.6|1.0|0.36|0.0|0|3.3884256789536478|6.776851357907287|10.165277036860934|13.553702715814582
293.8|1.0|0.36|0.0|0|2.465013915614693|4.930027831229379|7.395041746844072|9.860055662458764
294.0|1.0|0.36|0.0|0|2.9127560096647382|5.8255120193294685|8.738268028994208|11.651024038658946
294.2|1.0|0.36|0.0|0|2.6711374389875004|5.342274877974994|8.013412316962494|10.684549755949995
294.4|1.0|0.36|0.0|0|3.0884294668945977|6.176858933789187|9.265288400683785|12.353717867578382
294.6|1.0|0.36|0.0|0|2.6927587883255932|5.385517576651179|8.078276364976773|10.771035153302366
294.8|1.0|0.36|0.0|0|2.625732607704706|5.251465215409405|7.877197823114111|10.502930430818816
295.0|1.0|0.36|0.0|0|2.5080764361226486|5.01615287224529|7.524229308367939|10.032305744490587
295.2|1.0|0.36|0.0|0|2.302133090374411|4.604266180748816|6.906399271123227|9.208532361497639
295.4|1.0|0.36|0.0|0|2.141594577191865|4.283189154383725|6.424783731575589|8.566378308767455
295.6|1.0|0.36|0.0|0|2.6107778416434324|5.221555683286858|7.832333524930291|10.443111366573723
295.8|1.0|0.36|0.0|0|2.2904215273825703|4.580843054765134|6.871264582147705|9.161686109530276
296.0|1.0|0.36|0.0|0|2.6316784781211777|5.263356956242348|7.895035434363526|10.526713912484704
296.2|1.0|0.36|0.0|0|3.0059079867845893|6.0118159735691705|9.01772396035376|12.02363194713835
296.4|1.0|0.36|0.0|0|2.6853714938153304|5.370742987630654|8.056114481445984|10.741485975261314
296.6|1.0|0.36|0.0|0|2.4785272591910346|4.957054518382063|7.4355817775730975|9.914109036764131
296.8|1.0|0.36|0.0|0|3.5349103152973145|7.069820630594619|10.604730945891934|14.139641261189247
297.0|1.0|0.36|0.0|0|2.423212642503206|4.846425285006405|7.269637927509611|9.692850570012817
297.2|1.0|0.36|0.0|0|2.756001232986457|5.512002465972907|8.268003698959363|11.024004931945822
297.4|1.0|0.36|0.0|0|2.9123956545116405|5.824791309023273|8.737186963534914|11.649582618046555
297.6|1.0|0.36|0.0|0|3.112753484213611|6.225506968427213|9.338260452640824|12.451013936854435
297.8|1.0|0.36|0.0|0|2.661948366118015|5.323896732236023|7.985845098354038|10.647793464472054
298.0|1.0|0.36|0.0|0|2.8815852328494684|5.763170465698929|8.644755698548396|11.526340931397865
298.2|1.0|0.36|0.0|0|2.0026774124987443|4.005354824997482|6.008032237496227|8.01070964999497
298.4|1.0|0.36|0.0|0|3.1051860123488613|6.2103720246977145|9.315558037046575|12.420744049395436
298.6|1.0|0.36|0.0|0|3.0385201871063354|6.077040374212663|9.115560561318999|12.154080748425333
298.8|1.0|0.36|0.0|0|2.9444673212594377|5.888934642518867|8.833401963778305|11.777869285037744
299.0|1.0|0.36|0.0|0|2.9217649048561025|5.843529809712196|8.765294714568299|11.687059619424401
299.2|1.0|0.36|0.0|0|3.0496912175108473|6.0993824350216865|9.149073652532534|12.19876487004338
299.4|1.0|0.36|0.0|0|2.5205087108013706|5.041017421602735|7.561526132404105|10.082034843205477
299.6|1.0|0.36|0.0|0|2.7174431611038767|5.434886322207746|8.152329483311624|10.8697726444155
299.8|1.0|0.36|0.0|0|2.7442896688455973|5.488579337691187|8.232869006536784|10.977158675382382
300.0|1.0|0.36|0.0|0|2.9619445780915004|5.923889156182992|8.885833734274492|11.847778312365993
300.2|1.0|0.36|0.0|0|3.4269837501540343|6.85396750030806|10.280951250462094|13.707935000616128
300.4|1.0|0.36|0.0|0|3.5397751190117592|7.079550238023509|10.619325357035267|14.159100476047026
300.6|1.0|0.36|0.0|0|2.879062741710225|5.758125483420442|8.637188225130666|11.516250966840891
300.8|1.0|0.36|0.0|0|2.5812286649236946|5.162457329847381|7.743685994771076|10.32491465969477
301.0|1.0|0.36|0.0|0|2.9185217028344077|5.837043405668807|8.755565108503214|11.674086811337622
301.2|1.0|0.36|0.0|0|2.5787061744189144|5.157412348837822|7.736118523256737|10.31482469767565
301.4|1.0|0.36|0.0|0|2.777082047534061|5.554164095068115|8.331246142602176|11.108328190136238
301.6|1.0|0.36|0.0|0|3.0100520782248377|6.020104156449667|9.030156234674505|12.040208312899342
301.8|1.0|0.36|0.0|0|2.562670340506013|5.125340681012019|7.688011021518032|10.250681362024045
302.0|1.0|0.36|0.0|0|3.2327519688318747|6.46550393766374|9.698255906495614|12.93100787532749
302.2|1.0|0.36|0.0|0|2.810775315537469|5.62155063107493|8.4323259466124|11.24310126214987
302.4|1.0|0.36|0.0|0|2.5551028686668746|5.110205737333742|7.665308606000617|10.220411474667491
302.6|1.0|0.36|0.0|0|2.969512050140186|5.939024100280363|8.90853615042055|11.878048200560736
302.8|1.0|0.36|0.0|0|2.8057303343474658|5.6114606686949235|8.41719100304239|11.222921337389854
303.0|1.0|0.36|0.0|0|2.7116774680622644|5.423354936124522|8.135032404186786|10.84670987224905
303.2|1.0|0.36|0.0|0|2.6316784787573875|5.263356957514768|7.895035436272155|10.526713915029543
303.4|1.0|0.36|0.0|0|2.5340220539498866|5.068044107899766|7.602066161849653|10.13608821579954
303.6|1.0|0.36|0.0|0|3.029511292261889|6.0590225845237695|9.08853387678566|12.118045169047548
303.8|1.0|0.36|0.0|0|2.7415869999141456|5.483173999828284|8.22476099974243|10.966347999656575
304.0|1.0|0.36|0.0|0|2.5241122692392697|5.048224538478532|7.572336807717802|10.096449076957072
304.2|1.0|0.36|0.0|0|2.309700562290384|4.619401124580761|6.929101686871145|9.238802249161528
304.4|1.0|0.36|0.0|0|2.566093720804204|5.132187441608401|7.698281162412604|10.264374883216808
304.6|1.0|0.36|0.0|0|2.6435702203982534|5.2871404407965|7.930710661194753|10.574280881593006
304.8|1.0|0.36|0.0|0|2.90987316327228|5.819746326544552|8.729619489816832|11.639492653089112
305.0|1.0|0.36|0.0|0|2.7259115225786834|5.451823045157359|8.177734567736042|10.903646090314727
305.2|1.0|0.36|0.0|0|2.3509613023500444|4.701922604700083|7.052883907050127|9.40384520940017
305.4|1.0|0.36|0.0|0|2.4835722402698615|4.967144480539716|7.450716720809577|9.934288961079439
305.6|1.0|0.36|0.0|0|2.346456855196741|4.692913710393475|7.0393705655902155|9.385827420786956
305.8|1.0|0.36|0.0|0|2.979962368091222|5.959924736182435|8.939887104273657|11.919849472364879
306.0|1.0|0.36|0.0|0|2.507896257940449|5.015792515880891|7.52368877382134|10.03158503176179
306.2|1.0|0.36|0.0|0|2.5972644990164575|5.194528998032908|7.791793497049365|10.389057996065823
306.4|1.0|0.36|0.0|0|2.6493359129451006|5.298671825890194|7.948007738835295|10.597343651780395
306.6|1.0|0.36|0.0|0|2.4491582611639773|4.8983165223279475|7.347474783491925|9.796633044655902
306.8|1.0|0.36|0.0|0|2.6687951267440826|5.337590253488158|8.00638538023224|10.675180506976323
307.0|1.0|0.36|0.0|0|2.7601453249715293|5.520290649943051|8.28043597491458|11.04058129988611
307.2|1.0|0.36|0.0|0|3.379777139837391|6.759554279674773|10.139331419512164|13.519108559349554
307.4|1.0|0.36|0.0|0|2.9477105235704246|5.895421047140841|8.843131570711266|11.790842094281691
307.6|1.0|0.36|0.0|0|2.4727615664398783|4.94552313287975|7.418284699319629|9.891046265759508
307.8|1.0|0.36|0.0|0|3.2448238886514473|6.489647777302886|9.734471665954333|12.97929555460578
308.0|1.0|0.36|0.0|0|2.5911384500400185|5.18227690008003|7.7734153501200485|10.364553800160067
308.2|1.0|0.36|0.0|0|2.4113209008355647|4.822641801671122|7.2339627025066875|9.645283603342252
308.4|1.0|0.36|0.0|0|2.0497038459091|4.099407691818194|6.149111537727294|8.198815383636394
308.6|1.0|0.36|0.0|0|2.8763600733800585|5.752720146760109|8.629080220140168|11.505440293520225
308.8|1.0|0.36|0.0|0|2.7064523092802872|5.4129046185605665|8.119356927840855|10.82580923712114
309.0|1.0|0.36|0.0|0|2.5511389548768078|5.102277909753608|7.653416864630417|10.204555819507224
309.2|1.0|0.36|0.0|0|2.5376256124064116|5.075251224812816|7.612876837219228|10.15050244962564
309.4|1.0|0.36|0.0|0|2.7140197804669177|5.4280395609338274|8.142059341400746|10.856079121867662
309.6|1.0|0.36|0.0|0|2.7983430400665408|5.596686080133074|8.395029120199615|11.193372160266156
309.8|1.0|0.36|0.0|0|2.645191821723131|5.290383643446255|7.935575465169386|10.580767286892517
310.0|1.0|0.36|0.0|0|2.7089747997251132|5.4179495994502185|8.126924399175332|10.835899198900444
310.2|1.0|0.36|0.0|0|2.629336165564603|5.2586723311291985|7.888008496693801|10.517344662258404
310.4|1.0|0.36|0.0|0|2.472761566131378|4.945523132262749|7.418284698394127|9.891046264525505
310.6|1.0|0.36|0.0|0|2.210602714572453|4.4212054291449|6.631808143717353|8.842410858289806
310.8|1.0|0.36|0.0|0|2.6561826734466036|5.3123653468932|7.968548020339804|10.624730693786407
311.0|1.0|0.36|0.0|0|2.5837511552829553|5.1675023105659035|7.751253465848858|10.335004621131814
311.2|1.0|0.36|0.0|0|2.578706174710535|5.157412349421063|7.736118524131598|10.314824698842132
311.4|1.0|0.36|0.0|0|2.389519374303056|4.779038748606106|7.168558122909162|9.558077497212219
311.6|1.0|0.36|0.0|0|2.698344302991175|5.396688605982342|8.095032908973517|10.79337721196469
311.8|1.0|0.36|0.0|0|2.4972657613869544|4.994531522773903|7.491797284160857|9.98906304554781
312.0|1.0|0.36|0.0|0|3.23707623875642|6.474152477512831|9.711228716269252|12.948304955025671
312.2|1.0|0.36|0.0|0|2.4619508919934763|4.923901783986946|7.385852675980423|9.847803567973898
312.4|1.0|0.36|0.0|0|2.2079000459064284|4.415800091812851|6.623700137719279|8.831600183625707
312.6|1.0|0.36|0.0|0|2.442491678335939|4.884983356671871|7.32747503500781|9.769966713343749
312.8|1.0|0.36|0.0|0|2.760145324803309|5.52029064960661|8.28043597440992|11.04058129921323
313.0|1.0|0.36|0.0|0|2.7041099957318533|5.4082199914636995|8.112329987195553|10.816439982927406
313.2|1.0|0.36|0.0|0|2.72428992151283|5.448579843025652|8.172869764538481|10.897159686051312
313.4|1.0|0.36|0.0|0|2.734199706141956|5.468399412283904|8.20259911842586|10.936798824567816
313.6|1.0|0.36|0.0|0|2.6459125329012774|5.291825065802548|7.937737598703825|10.583650131605102
313.8|1.0|0.36|0.0|0|2.916719923699277|5.833439847398546|8.750159771097824|11.666879694797101
314.0|1.0|0.36|0.0|0|3.1547349363029964|6.309469872605984|9.46420480890898|12.618939745211977
314.2|1.0|0.36|0.0|0|3.08230341792689|6.164606835853771|9.24691025378066|12.329213671707551
314.4|1.0|0.36|0.0|0|2.700506437851584|5.40101287570316|8.101519313554745|10.80202575140633
314.6|1.0|0.36|0.0|0|2.8394236023520376|5.678847204704067|8.518270807056105|11.357694409408143
314.8|1.0|0.36|0.0|0|3.000863005153372|6.001726010306736|9.002589015460106|12.003452020613478
315.0|1.0|0.36|0.0|0|3.514730389849286|7.029460779698562|10.544191169547847|14.058921559397135
315.2|1.0|0.36|0.0|0|2.8889725268160715|5.777945053632135|8.666917580448207|11.555890107264279
315.4|1.0|0.36|0.0|0|2.7594246131333082|5.5188492262666085|8.278273839399917|11.037698452533224
315.6|1.0|0.36|0.0|0|2.8940175080893122|5.7880350161786165|8.68205252426793|11.57607003235724
315.8|1.0|0.36|0.0|0|3.477433563855596|6.954867127711183|10.432300691566779|13.909734255422375
316.0|1.0|0.36|0.0|0|3.2934719231404626|6.586943846280916|9.88041576942138|13.173887692561841
316.2|1.0|0.36|0.0|0|3.0767179034347674|6.153435806869526|9.230153710304293|12.30687161373906
316.4|1.0|0.36|0.0|0|3.1050058344320886|6.210011668864169|9.315017503296257|12.420023337728347
316.6|1.0|0.36|0.0|0|2.1961884825176115|4.392376965035217|6.588565447552828|8.784753930070439
316.8|1.0|0.36|0.0|0|3.129510029160304|6.2590200583205995|9.388530087480904|12.518040116641208
317.0|1.0|0.36|0.0|0|2.8687926012324194|5.737585202464831|8.606377803697251|11.47517040492967
317.2|1.0|0.36|0.0|0|2.8259102597250627|5.651820519450117|8.47773077917518|11.303641038900244
317.4|1.0|0.36|0.0|0|2.788072899564288|5.576145799128569|8.364218698692858|11.152291598257145
317.6|1.0|0.36|0.0|0|3.0269888013933115|6.053977602786614|9.080966404179925|12.107955205573237
317.8|1.0|0.36|0.0|0|2.6266334967821625|5.253266993564318|7.879900490346481|10.506533987128643
318.0|1.0|0.36|0.0|0|3.1959956764749977|6.3919913529499865|9.587987029424985|12.783982705899982
318.2|1.0|0.36|0.0|0|2.979061479142404|5.958122958284799|8.937184437427204|11.916245916569608
318.4|1.0|0.36|0.0|0|2.9756380990665665|5.951276198133125|8.92691429719969|11.902552396266257
318.6|1.0|0.36|0.0|0|2.5433913049061108|5.086782609812214|7.630173914718325|10.173565219624436
318.8|1.0|0.36|0.0|0|2.911674942176326|5.823349884352644|8.735024826528969|11.646699768705297
319.0|1.0|0.36|0.0|0|2.9190622367872883|5.8381244735745685|8.757186710361857|11.676248947149144
319.2|1.0|0.36|0.0|0|2.6988848368020286|5.39776967360405|8.09665451040608|10.795539347208107
319.4|1.0|0.36|0.0|0|2.6583448085287844|5.316689617057561|7.975034425586346|10.633379234115129
319.6|1.0|0.36|0.0|0|2.8916751950659116|5.783350390131815|8.675025585197726|11.566700780263638
319.8|1.0|0.36|0.0|0|3.1068076133035385|6.213615226607068|9.320422839910606|12.427230453214145
320.0|1.0|0.36|0.0|0|2.9201433043438034|5.840286608687599|8.760429913031402|11.680573217375207
320.2|1.0|0.36|0.0|0|3.0311328938580147|6.06226578771602|9.093398681574035|12.12453157543205
320.4|1.0|0.36|0.0|0|2.6997857267013776|5.399571453402747|8.099357180104125|10.799142906805503
320.6|1.0|0.36|0.0|0|2.4179874827928165|4.835974965585626|7.253962448378442|9.671949931171259
320.8|1.0|0.36|0.0|0|2.940503407209765|5.881006814419522|8.821510221629287|11.762013628839052
321.0|1.0|0.36|0.0|0|2.2844756557245294|4.5689513114490525|6.853426967173582|9.13790262289811
321.2|1.0|0.36|0.0|0|2.094207788040514|4.188415576081022|6.2826233641215365|8.376831152162051
321.4|1.0|0.36|0.0|0|2.4500591502623887|4.90011830052477|7.350177450787159|9.800236601049548
321.6|1.0|0.36|0.0|0|2.7394248653383717|5.478849730676735|8.218274596015107|10.95769946135348
321.8|1.0|0.36|0.0|0|2.374384430007196|4.748768860014386|7.123153290021582|9.49753772002878
322.0|1.0|0.36|0.0|0|2.334925469227021|4.669850938454035|7.004776407681056|9.339701876908077
322.2|1.0|0.36|0.0|0|2.7066324868076506|5.413264973615293|8.119897460422944|10.826529947230595
322.4|1.0|0.36|0.0|0|2.9772597000142587|5.954519400028509|8.931779100042768|11.909038800057026
322.6|1.0|0.36|0.0|0|2.09258618759399|4.185172375187975|6.2777585627819645|8.370344750375954
322.8|1.0|0.36|0.0|0|2.8125770949252207|5.625154189850433|8.437731284775655|11.250308379700876
323.0|1.0|0.36|0.0|0|2.9442871440434852|5.8885742880869625|8.832861432130448|11.777148576173934
323.2|1.0|0.36|0.0|0|2.65852498608758|5.317049972175152|7.975574958262732|10.634099944350313
323.4|1.0|0.36|0.0|0|2.6781643774488497|5.356328754897692|8.034493132346542|10.712657509795392
323.6|1.0|0.36|0.0|0|1.9109668592852558|3.8219337185705062|5.732900577855762|7.643867437141018
323.8|1.0|0.36|0.0|0|2.8244688368152153|5.648937673630423|8.473406510445638|11.297875347260854
324.0|1.0|0.36|0.0|0|2.300511489128696|4.601022978257386|6.901534467386082|9.202045956514777
324.2|1.0|0.36|0.0|0|1.8462829912075556|3.6925659824151063|5.538848973622661|7.385131964830218
324.4|1.0|0.36|0.0|0|2.965728314336741|5.931456628673474|8.897184943010215|11.862913257346957
324.6|1.0|0.36|0.0|0|2.9873496626352454|5.974699325270482|8.962048987905728|11.949398650540973
324.8|1.0|0.36|0.0|0|3.3213994988653606|6.642798997730712|9.964198496596072|13.285597995461433
325.0|1.0|0.36|0.0|0|2.7527580306911865|5.505516061382365|8.258274092073552|11.011032122764739
325.2|1.0|0.36|0.0|0|2.956178884791446|5.912357769582884|8.86853665437433|11.824715539165775
325.4|1.0|0.36|0.0|0|3.0219438199111055|6.043887639822202|9.065831459733309|12.087775279644413
325.6|1.0|0.36|0.0|0|2.4255549552309117|4.851109910461816|7.2766648656927275|9.70221982092364
325.8|1.0|0.36|0.0|0|2.1599727236561033|4.3199454473122|6.479918170968303|8.639890894624406
326.0|1.0|0.36|0.0|0|2.4275369121652353|4.855073824330463|7.282610736495698|9.710147648660934
326.2|1.0|0.36|0.0|0|2.4046543182287152|4.809308636457424|7.2139629546861395|9.618617272914856
326.4|1.0|0.36|0.0|0|3.1799598430120413|6.359919686024074|9.539879529036115|12.719839372048156
326.6|1.0|0.36|0.0|0|2.6695158382836985|5.33903167656739|8.008547514851088|10.678063353134787
326.8|1.0|0.36|0.0|0|2.951314081670719|5.90262816334143|8.85394224501215|11.805256326682867
327.0|1.0|0.36|0.0|0|3.0469885490369077|6.0939770980738075|9.140965647110715|12.187954196147624
327.2|1.0|0.36|0.0|0|2.5181663985311773|5.0363327970623475|7.554499195593525|10.072665594124702
327.4|1.0|0.36|0.0|0|3.5028386482177334|7.005677296435457|10.50851594465319|14.011354592870923
327.6|1.0|0.36|0.0|0|2.7922169917414457|5.584433983482883|8.37665097522433|11.168867966965774
327.8|1.0|0.36|0.0|0|2.823387769055555|5.646775538111103|8.470163307166658|11.293551076222213
328.0|1.0|0.36|0.0|0|2.508797147291482|5.017594294582957|7.526391441874439|10.035188589165921
328.2|1.0|0.36|0.0|0|2.302133090162535|4.604266180325064|6.9063992704876|9.208532360650135
328.4|1.0|0.36|0.0|0|2.8233877696539302|5.6467755393078525|8.470163308961782|11.293551078615712
328.6|1.0|0.36|0.0|0|2.6502368027309444|5.300473605461882|7.950710408192826|10.60094721092377
328.8|1.0|0.36|0.0|0|2.8758195398055277|5.7516390796110475|8.627458619416574|11.503278159222102
329.0|1.0|0.36|0.0|0|2.544112016418369|5.088224032836731|7.6323360492551|10.176448065673469
329.2|1.0|0.36|0.0|0|3.1632032978290257|6.326406595658042|9.489609893487067|12.652813191316094
329.4|1.0|0.36|0.0|0|2.799784463549734|5.59956892709946|8.399353390649194|11.199137854198927
329.6|1.0|0.36|0.0|0|2.3601503756520126|4.720300751304019|7.0804511269560315|9.440601502608043
329.8|1.0|0.36|0.0|0|2.407897520567642|4.815795041135277|7.223692561702919|9.631590082270561
330.0|1.0|0.36|0.0|0|2.692038076919855|5.384076153839703|8.076114230759558|10.768152307679413
330.2|1.0|0.36|0.0|0|2.95978244319442|5.919564886388832|8.879347329583252|11.839129772777671
330.4|1.0|0.36|0.0|0|2.650056624267602|5.3001132485351965|7.950169872802799|10.6002264970704
330.6|1.0|0.36|0.0|0|2.7116774677607487|5.42335493552149|8.135032403282239|10.846709871042988
330.8|1.0|0.36|0.0|0|2.753658920366436|5.507317840732864|8.2609767610993|11.014635681465736
331.0|1.0|0.36|0.0|0|2.413843391875855|4.8276867837517035|7.241530175627558|9.655373567503414
331.2|1.0|0.36|0.0|0|2.7929377031832727|5.5858754063665375|8.37881310954981|11.171750812733082
331.4|1.0|0.36|0.0|0|2.788973789308805|5.577947578617602|8.366921367926407|11.15589515723521
331.6|1.0|0.36|0.0|0|2.8511351664230484|5.702270332846089|8.553405499269138|11.404540665692187
331.8|1.0|0.36|0.0|0|3.3060843760921883|6.612168752184367|9.918253128276556|13.224337504368744
332.0|1.0|0.36|0.0|0|3.174914861463479|6.349829722926949|9.524744584390428|12.699659445853907
332.2|1.0|0.36|0.0|0|3.412028984501961|6.8240579690039125|10.236086953505874|13.648115938007834
332.4|1.0|0.36|0.0|0|2.522490667693203|5.044981335386399|7.567472003079601|10.089962670772804
332.6|1.0|0.36|0.0|0|3.1262668274366323|6.252533654873257|9.378800482309888|12.50506730974652
332.8|1.0|0.36|0.0|0|3.0664477628469493|6.132895525693891|9.19934328854084|12.26579105138779
333.0|1.0|0.36|0.0|0|3.105906723318624|6.21181344663724|9.317720169955864|12.423626893274488
333.2|1.0|0.36|0.0|0|3.252211183165203|6.504422366330397|9.7566335494956|13.008844732660803
333.4|1.0|0.36|0.0|0|2.7266322344983953|5.453264468996783|8.179896703495178|10.906528937993574
333.6|1.0|0.36|0.0|0|2.9102335191192132|5.8204670382384185|8.73070055735763|11.640934076476844
333.8|1.0|0.36|0.0|0|3.095816761627796|6.191633523255583|9.287450284883379|12.383267046511175
334.0|1.0|0.36|0.0|0|2.8486126763257222|5.6972253526514365|8.545838028977158|11.394450705302882
334.2|1.0|0.36|0.0|0|2.955277995189538|5.910555990379068|8.865833985568607|11.821111980758143
334.4|1.0|0.36|0.0|0|3.5783331903955|7.15666638079099|10.73499957118649|14.31333276158199
334.6|1.0|0.36|0.0|0|2.738523976132276|5.477047952264544|8.215571928396821|10.954095904529098
334.8|1.0|0.36|0.0|0|3.0522137083153966|6.104427416630784|9.156641124946182|12.208854833261578
335.0|1.0|0.36|0.0|0|3.0008630053559346|6.00172601071186|9.002589016067795|12.00345202142373
335.2|1.0|0.36|0.0|0|2.83942360238347|5.678847204766932|8.518270807150401|11.357694409533872
335.4|1.0|0.36|0.0|0|2.609696773851176|5.219393547702345|7.8290903215535215|10.438787095404697
335.6|1.0|0.36|0.0|0|2.4862749090645253|4.9725498181290435|7.458824727193568|9.945099636258094
335.8|1.0|0.36|0.0|0|2.946088922057536|5.892177844115064|8.8382667661726|11.784355688230137
336.0|1.0|0.36|0.0|0|2.732397927126151|5.464795854252294|8.197193781378445|10.929591708504597
336.2|1.0|0.36|0.0|0|2.813297806847843|5.626595613695678|8.439893420543521|11.253191227391364
336.4|1.0|0.36|0.0|0|2.606453571710738|5.212907143421469|7.819360715132206|10.425814286842945
336.6|1.0|0.36|0.0|0|2.3938436439668314|4.7876872879336565|7.181530931900488|9.57537457586732
336.8|1.0|0.36|0.0|0|2.344655075937046|4.689310151874086|7.033965227811131|9.378620303748177
337.0|1.0|0.36|0.0|0|2.6594258756371008|5.3188517512741935|7.978277626911295|10.637703502548394
337.2|1.0|0.36|0.0|0|2.7433887796849037|5.486777559369799|8.230166339054703|10.973555118739608
337.4|1.0|0.36|0.0|0|3.2918503216462005|6.583700643292392|9.875550964938594|13.167401286584793
337.6|1.0|0.36|0.0|0|3.0293311145424404|6.058662229084873|9.087993343627312|12.117324458169753
337.8|1.0|0.36|0.0|0|3.098339252283334|6.196678504566659|9.295017756849992|12.393357009133327
338.0|1.0|0.36|0.0|0|2.5475353970658055|5.095070794131605|7.64260619119741|10.190141588263216
338.2|1.0|0.36|0.0|0|3.150590844195106|6.301181688390203|9.45177253258531|12.602363376780415
338.4|1.0|0.36|0.0|0|2.571138701946477|5.142277403892947|7.713416105839424|10.2845548077859
338.6|1.0|0.36|0.0|0|2.927710776221941|5.8554215524438735|8.783132328665815|11.710843104887756
338.8|1.0|0.36|0.0|0|2.9345575363189007|5.869115072637793|8.803672608956694|11.738230145275596
339.0|1.0|0.36|0.0|0|3.086627687672738|6.173255375345467|9.259883063018206|12.346510750690943
339.2|1.0|0.36|0.0|0|2.594561829919696|5.189123659839385|7.7836854897590815|10.378247319678778
339.4|1.0|0.36|0.0|0|2.676362598505805|5.352725197011602|8.029087795517407|10.705450394023211
339.6|1.0|0.36|0.0|0|2.9487915909307802|5.8975831818615525|8.846374772792332|11.795166363723112
339.8|1.0|0.36|0.0|0|2.559246960510502|5.118493921020997|7.677740881531499|10.236987842042002
340.0|1.0|0.36|0.0|0|2.6080751726846234|5.21615034536924|7.824225518053863|10.432300690738487
340.2|1.0|0.36|0.0|0|2.895819286803019|5.79163857360603|8.687457860409049|11.583277147212067
340.4|1.0|0.36|0.0|0|3.045366947620062|6.090733895240116|9.136100842860177|12.181467790480239
340.6|1.0|0.36|0.0|0|2.84086502581544|5.681730051630872|8.522595077446312|11.363460103261753
340.8|1.0|0.36|0.0|0|2.709875688714094|5.419751377428181|8.129627066142275|10.839502754856369
341.0|1.0|0.36|0.0|0|2.8644683316699253|5.728936663339843|8.593404995009768|11.457873326679694
341.2|1.0|0.36|0.0|0|3.2606795441533936|6.521359088306777|9.782038632460171|13.042718176613564
341.4|1.0|0.36|0.0|0|2.888071637275864|5.77614327455172|8.664214911827584|11.55228654910345
341.6|1.0|0.36|0.0|0|2.948431235129831|5.896862470259654|8.845293705389485|11.793724940519317
341.8|1.0|0.36|0.0|0|2.951314082003667|5.902628164007326|8.853942246010993|11.805256328014659
342.0|1.0|0.36|0.0|0|2.1388919087772975|4.277783817554589|6.416675726331887|8.555567635109185
342.2|1.0|0.36|0.0|0|2.861405306618547|5.722810613237086|8.584215919855632|11.445621226474179
342.4|1.0|0.36|0.0|0|2.5502380658168136|5.10047613163362|7.650714197450434|10.200952263267247
342.6|1.0|0.36|0.0|0|2.9797821904491895|5.95956438089837|8.93934657134756|11.919128761796749
342.8|1.0|0.36|0.0|0|2.7105964007083116|5.421192801416616|8.131789202124928|10.84238560283324
343.0|1.0|0.36|0.0|0|2.868071889485002|5.736143778969996|8.604215668454998|11.472287557940001
343.2|1.0|0.36|0.0|0|2.6552817839104708|5.3105635678209335|7.965845351731405|10.621127135641874
343.4|1.0|0.36|0.0|0|3.348246005824188|6.696492011648367|10.044738017472554|13.392984023296743
343.6|1.0|0.36|0.0|0|2.773118133777173|5.546236267554338|8.31935440133151|11.092472535108683
343.8|1.0|0.36|0.0|0|3.041403034108228|6.082806068216447|9.124209102324675|12.165612136432904
344.0|1.0|0.36|0.0|0|2.6963623460324038|5.3927246920648|8.089087038097205|10.785449384129608
344.2|1.0|0.36|0.0|0|2.84176591540396|5.683531830807912|8.525297746211873|11.367063661615832
344.4|1.0|0.36|0.0|0|2.472761566275151|4.945523132550295|7.418284698825445|9.891046265100597
344.6|1.0|0.36|0.0|0|2.7655506617185917|5.531101323437175|8.296651985155767|11.06220264687436
344.8|1.0|0.36|0.0|0|2.5729404815688053|5.1458809631376035|7.718821444706409|10.291761926275214
345.0|1.0|0.36|0.0|0|2.688074162305568|5.376148324611129|8.064222486916696|10.752296649222265
345.2|1.0|0.36|0.0|0|3.006808876415601|6.013617752831194|9.020426629246794|12.027235505662395
345.4|1.0|0.36|0.0|0|2.9605031549814185|5.921006309962828|8.881509464944246|11.842012619925665
345.6|1.0|0.36|0.0|0|3.3127509589190622|6.625501917838116|9.938252876757177|13.25100383567624
345.8|1.0|0.36|0.0|0|2.482851528878675|4.965703057757343|7.4485545866360185|9.931406115514694
346.0|1.0|0.36|0.0|0|3.1057265458186185|6.211453091637228|9.317179637455848|12.422906183274465
346.2|1.0|0.36|0.0|0|2.6032103693264093|5.206420738652811|7.809631107979221|10.41284147730563
346.4|1.0|0.36|0.0|0|3.1673473896761455|6.334694779352282|9.502042169028426|12.669389558704573
346.6|1.0|0.36|0.0|0|2.3306011994875755|4.661202398975145|6.99180359846272|9.322404797950295
346.8|1.0|0.36|0.0|0|2.608255350607799|5.216510701215591|7.8247660518233895|10.433021402431189
347.0|1.0|0.36|0.0|0|2.410420010625387|4.820840021250767|7.231260031876154|9.641680042501541
347.2|1.0|0.36|0.0|0|2.9275305982236777|5.855061196447347|8.782591794671024|11.710122392894702
347.4|1.0|0.36|0.0|0|3.524820352356768|7.049640704713526|10.574461057070293|14.09928140942706
347.6|1.0|0.36|0.0|0|2.994917134432474|5.989834268864939|8.984751403297414|11.979668537729887
347.8|1.0|0.36|0.0|0|3.256535452809188|6.513070905618366|9.769606358427554|13.02614181123674
348.0|1.0|0.36|0.0|0|3.1430233725131282|6.2860467450262485|9.429070117539377|12.572093490052506
348.2|1.0|0.36|0.0|0|2.605732860185674|5.211465720371341|7.817198580557014|10.422931440742689
348.4|1.0|0.36|0.0|0|2.9588815534400084|5.917763106880008|8.876644660320016|11.835526213760025
348.6|1.0|0.36|0.0|0|3.0983392520149966|6.196678504029984|9.295017756044981|12.393357008059978
348.8|1.0|0.36|0.0|0|2.772937955920354|5.5458759118407|8.318813867761055|11.09175182368141
349.0|1.0|0.36|0.0|0|2.91581903434417|5.831638068688332|8.747457103032502|11.663276137376672
349.2|1.0|0.36|0.0|0|2.6823084695357853|5.3646169390715635|8.046925408607349|10.729233878143134
349.4|1.0|0.36|0.0|0|3.0797809278266532|6.159561855653298|9.239342783479952|12.319123711306604
349.6|1.0|0.36|0.0|0|3.4624787974683597|6.92495759493671|10.38743639240507|13.84991518987343
349.8|1.0|0.36|0.0|0|2.6046517923410306|5.209303584682054|7.813955377023085|10.418607169364115
350.0|1.0|0.36|0.0|0|2.799964640892579|5.59992928178515|8.399893922677728|11.199858563570308
350.2|1.0|0.36|0.0|0|3.081582706721968|6.163165413443927|9.244748120165895|12.326330826887864
350.4|1.0|0.36|0.0|0|2.6477143122843723|5.295428624568737|7.94314293685311|10.590857249137482
350.6|1.0|0.36|0.0|0|2.9350980703526903|5.870196140705372|8.805294211058062|11.740392281410752
350.8|1.0|0.36|0.0|0|2.7140197809529516|5.428039561905895|8.142059342858847|10.8560791238118
351.0|1.0|0.36|0.0|0|2.6233902946213514|5.246780589242696|7.870170883864048|10.493561178485399
351.2|1.0|0.36|0.0|0|3.09311409235874|6.186228184717471|9.27934227707621|12.372456369434952
351.4|1.0|0.36|0.0|0|2.527355471296471|5.054710942592935|7.582066413889406|10.109421885185878
351.6|1.0|0.36|0.0|0|2.598886099579979|5.197772199159951|7.79665829873993|10.39554439831991
351.8|1.0|0.36|0.0|0|2.5459137958142697|5.091827591628532|7.6377413874428015|10.183655183257072
352.0|1.0|0.36|0.0|0|2.9704129389423204|5.940825877884633|8.911238816826954|11.881651755769274
352.2|1.0|0.36|0.0|0|2.761046214086821|5.522092428173634|8.283138642260456|11.044184856347275
352.4|1.0|0.36|0.0|0|2.7105964006669843|5.421192801333961|8.131789202000945|10.84238560266793
352.6|1.0|0.36|0.0|0|2.441770966886545|4.883541933773083|7.325312900659628|9.767083867546173
352.8|1.0|0.36|0.0|0|2.6628492562245833|5.32569851244916|7.988547768673743|10.651397024898326
353.0|1.0|0.36|0.0|0|3.03437609584071|6.068752191681412|9.103128287522122|12.137504383362833
353.2|1.0|0.36|0.0|0|2.664470856840492|5.328941713680976|7.993412570521468|10.65788342736196
353.4|1.0|0.36|0.0|0|2.585372757109583|5.170745514219159|7.7561182713287415|10.341491028438325
353.6|1.0|0.36|0.0|0|2.296907931074968|4.593815862149929|6.890723793224897|9.187631724299864
353.8|1.0|0.36|0.0|0|2.508797147049338|5.017594294098669|7.526391441148007|10.035188588197345
354.0|1.0|0.36|0.0|0|2.939602517243477|5.879205034486946|8.818807551730425|11.758410068973902
354.2|1.0|0.36|0.0|0|2.625912785477124|5.2518255709542405|7.877738356431363|10.503651141908488
354.4|1.0|0.36|0.0|0|2.8554594362614467|5.710918872522885|8.566378308784333|11.42183774504578
354.6|1.0|0.36|0.0|0|2.425915310882849|4.851830621765691|7.27774593264854|9.70366124353139
354.8|1.0|0.36|0.0|0|3.155635825594075|6.311271651188141|9.466907476782216|12.622543302376291
355.0|1.0|0.36|0.0|0|2.652759293529673|5.305518587059339|7.958277880589012|10.611037174118685
355.2|1.0|0.36|0.0|0|2.9563590629771377|5.912718125954267|8.869077188931405|11.825436251908544
355.4|1.0|0.36|0.0|0|3.371849311577392|6.743698623154775|10.115547934732167|13.487397246309559
355.6|1.0|0.36|0.0|0|2.6349216806044593|5.2698433612089115|7.904765041813371|10.53968672241783
355.8|1.0|0.36|0.0|0|2.732578104951538|5.465156209903068|8.197734314854605|10.930312419806144
356.0|1.0|0.36|0.0|0|2.7871720104530713|5.574344020906135|8.361516031359205|11.148688041812276
356.2|1.0|0.36|0.0|0|3.0538353095954545|6.1076706191909|9.161505928786355|12.215341238381809
356.4|1.0|0.36|0.0|0|3.1293298515927774|6.258659703185546|9.387989554778324|12.5173194063711
356.6|1.0|0.36|0.0|0|2.7080739104072586|5.41614782081451|8.124221731221768|10.832295641629027
356.8|1.0|0.36|0.0|0|2.805910512720004|5.611821025440001|8.417731538160005|11.22364205088001
357.0|1.0|0.36|0.0|0|2.8763600732589865|5.752720146517965|8.629080219776952|11.505440293035937
357.2|1.0|0.36|0.0|0|3.1455458626471255|6.291091725294242|9.436637587941368|12.582183450588493
357.4|1.0|0.36|0.0|0|3.375813225195746|6.751626450391483|10.12743967558723|13.503252900782975
357.6|1.0|0.36|0.0|0|3.4920279736537516|6.9840559473074935|10.476083920961246|13.968111894614998
357.8|1.0|0.36|0.0|0|3.229508766318907|6.459017532637805|9.688526298956713|12.91803506527562
358.0|1.0|0.36|0.0|0|2.440870077093134|4.881740154186261|7.322610231279395|9.763480308372529
358.2|1.0|0.36|0.0|0|2.4230324645340464|4.846064929068086|7.269097393602133|9.692129858136179
358.4|1.0|0.36|0.0|0|3.1154561525199123|6.2309123050398165|9.346368457559729|12.461824610079642
358.6|1.0|0.36|0.0|0|2.832757020510037|5.665514041020066|8.498271061530104|11.33102808204014
358.8|1.0|0.36|0.0|0|3.0008630056359133|6.001726011271819|9.002589016907732|12.003452022543645
359.0|1.0|0.36|0.0|0|2.9738363198022153|5.947672639604422|8.921508959406637|11.895345279208852
359.2|1.0|0.36|0.0|0|2.8990624890272763|5.7981249780545445|8.697187467081822|11.596249956109098
359.4|1.0|0.36|0.0|0|2.6343811465206115|5.268762293041215|7.903143439561827|10.537524586082439
359.6|1.0|0.36|0.0|0|2.1592520119599086|4.318504023919811|6.47775603587972|8.637008047839629
359.8|1.0|0.36|0.0|0|2.395465244920344|4.790930489840682|7.186395734761026|9.581860979681371
360.0|1.0|0.36|0.0|0|2.34573614330264|4.691472286605274|7.037208429907914|9.382944573210555
360.2|1.0|0.36|0.0|0|2.6064535720413575|5.212907144082708|7.819360716124065|10.425814288165423
360.4|1.0|0.36|0.0|0|3.0453669479431147|6.0907338958862205|9.136100843829336|12.18146779177245
360.6|1.0|0.36|0.0|0|2.7560012322204446|5.512002464440881|8.268003696661326|11.02400492888177
360.8|1.0|0.36|0.0|0|2.7628479935968087|5.525695987193609|8.288543980790418|11.051391974387228
361.0|1.0|0.36|0.0|0|3.0990599634771963|6.198119926954384|9.297179890431579|12.396239853908776
361.2|1.0|0.36|0.0|0|2.8972607100789927|5.794521420157977|8.69178213023697|11.589042840315962
361.4|1.0|0.36|0.0|0|2.9815839696384527|5.9631679392768975|8.94475190891535|11.926335878553802
361.6|1.0|0.36|0.0|0|2.9554581735446144|5.910916347089221|8.866374520633835|11.821832694178449
361.8|1.0|0.36|0.0|0|2.3803303011442787|4.760660602288551|7.14099090343283|9.52132120457711
362.0|1.0|0.36|0.0|0|2.395285066861545|4.790570133723083|7.185855200584628|9.581140267446173
362.2|1.0|0.36|0.0|0|2.7006866153428586|5.40137323068571|8.102059846028569|10.802746461371427
362.4|1.0|0.36|0.0|0|3.0177997285139306|6.035599457027853|9.053399185541783|12.071198914055715
362.6|1.0|0.36|0.0|0|2.7332988169672925|5.466597633934577|8.19989645090187|10.933195267869161
362.8|1.0|0.36|0.0|0|2.7332988169178156|5.466597633835624|8.19989645075344|10.933195267671255
363.0|1.0|0.36|0.0|0|3.0118538574042057|6.0237077148084035|9.03556157221261|12.047415429616814
363.2|1.0|0.36|0.0|0|3.0999608531681617|6.199921706336315|9.299882559504477|12.399843412672638
363.4|1.0|0.36|0.0|0|2.8511351661739197|5.702270332347831|8.553405498521752|11.404540664695672
363.6|1.0|0.36|0.0|0|2.666272635838252|5.332545271676497|7.9988179075147485|10.665090543353001
363.8|1.0|0.36|0.0|0|3.1168975759355844|6.23379515187116|9.350692727806745|12.467590303742329
364.0|1.0|0.36|0.0|0|3.269868617322648|6.539737234645287|9.809605851967936|13.079474469290583
364.2|1.0|0.36|0.0|0|3.1111318828974643|6.222263765794921|9.333395648692385|12.44452753158985
364.4|1.0|0.36|0.0|0|3.0284302252787194|6.05686045055743|9.085290675836148|12.113720901114869
364.6|1.0|0.36|0.0|0|2.5188871102774306|5.037774220554854|7.556661330832284|10.075548441109715
364.8|1.0|0.36|0.0|0|2.5383463239832804|5.076692647966554|7.615038971949834|10.153385295933115
365.0|1.0|0.36|0.0|0|2.8369011119171073|5.6738022238342065|8.510703335751314|11.34760444766842
365.2|1.0|0.36|0.0|0|3.0336553840682634|6.067310768136519|9.100966152204782|12.134621536273047
365.4|1.0|0.36|0.0|0|2.448617727325766|4.897235454651525|7.34585318197729|9.794470909303056
365.6|1.0|0.36|0.0|0|2.635282036546271|5.270564073092534|7.905846109638805|10.541128146185075
365.8|1.0|0.36|0.0|0|2.4567257331451424|4.913451466290278|7.37017719943542|9.826902932580563
366.0|1.0|0.36|0.0|0|3.0118538575980374|6.023707715196067|9.035561572794103|12.04741543039214
366.2|1.0|0.36|0.0|0|2.9916739321308006|5.983347864261592|8.975021796392394|11.966695728523193
366.4|1.0|0.36|0.0|0|2.937620561077495|5.875241122154982|8.812861683232477|11.750482244309971
366.6|1.0|0.36|0.0|0|2.8026673096464974|5.605334619292987|8.408001928939484|11.21066923858598
366.8|1.0|0.36|0.0|0|2.371681761487273|4.743363522974539|7.115045284461812|9.486727045949085
367.0|1.0|0.36|0.0|0|3.069150431468154|6.1383008629363|9.207451294404454|12.276601725872608
367.2|1.0|0.36|0.0|0|2.630777589225329|5.261555178450651|7.892332767675979|10.52311035690131
367.4|1.0|0.36|0.0|0|2.8511351667548324|5.702270333509657|8.553405500264489|11.40454066701932
367.6|1.0|0.36|0.0|0|2.519787999528346|5.039575999056685|7.559363998585031|10.079151998113376
367.8|1.0|0.36|0.0|0|2.6071742833923803|5.214348566784754|7.821522850177134|10.428697133569514
368.0|1.0|0.36|0.0|0|2.4583473341085504|4.916694668217094|7.375042002325644|9.833389336434195
368.2|1.0|0.36|0.0|0|2.657624096542716|5.315248193085424|7.972872289628139|10.630496386170854
368.4|1.0|0.36|0.0|0|3.2086081295390643|6.41721625907812|9.625824388617184|12.834432518156248
368.6|1.0|0.36|0.0|0|3.594729379448694|7.189458758897377|10.784188138346071|14.378917517794765
368.8|1.0|0.36|0.0|0|2.8839275451353776|5.767855090270747|8.651782635406125|11.535710180541503
369.0|1.0|0.36|0.0|0|2.3851951047824715|4.770390209564937|7.155585314347409|9.54078041912988
369.2|1.0|0.36|0.0|0|2.633300079845942|5.266600159691877|7.899900239537819|10.533200319383761
369.4|1.0|0.36|0.0|0|2.697983947292671|5.395967894585334|8.093951841878006|10.791935789170678
369.6|1.0|0.36|0.0|0|2.631678478954129|5.263356957908251|7.895035436862381|10.52671391581651
369.8|1.0|0.36|0.0|0|2.7974421503988585|5.594884300797709|8.392326451196567|11.189768601595427
370.0|1.0|0.36|0.0|0|2.128801946083551|4.257603892167097|6.386405838250648|8.5152077843342
370.2|1.0|0.36|0.0|0|2.6956416344945344|5.391283268989061|8.086924903483595|10.782566537978129
370.4|1.0|0.36|0.0|0|2.973836319769037|5.947672639538065|8.921508959307102|11.895345279076139
370.6|1.0|0.36|0.0|0|3.278156801110602|6.556313602221195|9.834470403331798|13.112627204442399
370.8|1.0|0.36|0.0|0|2.804829444775826|5.609658889551644|8.414488334327471|11.219317779103296
371.0|1.0|0.36|0.0|0|2.9967189131287184|5.993437826257429|8.990156739386148|11.986875652514867
371.2|1.0|0.36|0.0|0|3.5395949408336342|7.079189881667259|10.618784822500892|14.158379763334526
371.4|1.0|0.36|0.0|0|2.8008655309031045|5.601731061806201|8.402596592709305|11.20346212361241
371.6|1.0|0.36|0.0|0|2.9923946439364255|5.984789287872842|8.977183931809268|11.969578575745693
371.8|1.0|0.36|0.0|0|2.546814685042484|5.093629370084961|7.640444055127445|10.187258740169929
372.0|1.0|0.36|0.0|0|2.841946092998262|5.683892185996516|8.52583827899478|11.367784371993041
372.2|1.0|0.36|0.0|0|2.130423547263492|4.260847094526978|6.39127064179047|8.521694189053962
372.4|1.0|0.36|0.0|0|2.6763625987066213|5.3527251974132355|8.029087796119857|10.705450394826478
372.6|1.0|0.36|0.0|0|2.8032078437181216|5.606415687436235|8.409623531154356|11.212831374872477
372.8|1.0|0.36|0.0|0|2.215647696001108|4.43129539200221|6.646943088003318|8.862590784004425
373.0|1.0|0.36|0.0|0|2.6914975427743073|5.382995085548607|8.074492628322915|10.76599017109722
373.2|1.0|0.36|0.0|0|2.2969079313613494|4.593815862722693|6.8907237940840425|9.187631725445392
373.4|1.0|0.36|0.0|0|2.825910259528903|5.651820519057798|8.477730778586702|11.303641038115604
373.6|1.0|0.36|0.0|0|2.1095229099324224|4.2190458198648395|6.3285687297972615|8.438091639729684
373.8|1.0|0.36|0.0|0|2.3727628292189933|4.7455256584379795|7.118288487656973|9.491051316875966
374.0|1.0|0.36|0.0|0|2.4585275118774756|4.917055023754944|7.37558253563242|9.834110047509895
374.2|1.0|0.36|0.0|0|2.537265256324902|5.074530512649797|7.611795768974698|10.1490610252996
374.4|1.0|0.36|0.0|0|3.417254143474277|6.834508286948545|10.251762430422822|13.6690165738971
374.6|1.0|0.36|0.0|0|2.7619471034494953|5.523894206898983|8.285841310348477|11.047788413797972
374.8|1.0|0.36|0.0|0|3.1808607321052143|6.36172146421042|9.542582196315633|12.723442928420848
375.0|1.0|0.36|0.0|0|2.6754617092927244|5.350923418585441|8.026385127878166|10.70184683717089
375.2|1.0|0.36|0.0|0|2.3363668921141674|4.6727337842283285|7.009100676342496|9.345467568456662
375.4|1.0|0.36|0.0|0|2.7300556145270845|5.460111229054162|8.190166843581245|10.92022245810833
375.6|1.0|0.36|0.0|0|2.3097005626140183|4.6194011252280305|6.929101687842048|9.238802250456066
375.8|1.0|0.36|0.0|0|2.9531158612162134|5.906231722432419|8.859347583648631|11.812463444864845
376.0|1.0|0.36|0.0|0|2.800685353539887|5.601370707079766|8.402056060619651|11.202741414159538
376.2|1.0|0.36|0.0|0|2.9496924803563185|5.899384960712629|8.849077441068948|11.798769921425267
376.4|1.0|0.36|0.0|0|2.901584980002374|5.80316996000474|8.704754940007115|11.60633992000949
376.6|1.0|0.36|0.0|0|3.216896313547043|6.4337926270940775|9.650688940641121|12.867585254188164
376.8|1.0|0.36|0.0|0|3.0379796541633577|6.075959308326707|9.113938962490066|12.151918616653422
377.0|1.0|0.36|0.0|0|3.3639214836538334|6.727842967307657|10.09176445096149|13.455685934615325
377.2|1.0|0.36|0.0|0|2.9655481360451112|5.9310962720902145|8.896644408135325|11.862192544180436
377.4|1.0|0.36|0.0|0|2.665191568945886|5.330383137891765|7.995574706837651|10.660766275783537
377.6|1.0|0.36|0.0|0|2.6794256232981595|5.358851246596311|8.03827686989447|10.71770249319263
377.8|1.0|0.36|0.0|0|2.170062686234016|4.340125372468026|6.510188058702042|8.680250744936059
378.0|1.0|0.36|0.0|0|2.5880754252482463|5.1761508504964855|7.764226275744731|10.352301700992978
378.2|1.0|0.36|0.0|0|2.877441140831218|5.754882281662428|8.632323422493645|11.509764563324863
378.4|1.0|0.36|0.0|0|2.673840108297302|5.347680216594597|8.021520324891899|10.695360433189201
378.6|1.0|0.36|0.0|0|2.2895206370158143|4.5790412740316215|6.868561911047436|9.15808254806325
378.8|1.0|0.36|0.0|0|2.712398179516897|5.424796359033786|8.137194538550684|10.849592718067582
379.0|1.0|0.36|0.0|0|2.8392434245900975|5.678486849180187|8.517730273770285|11.356973698360383
379.2|1.0|0.36|0.0|0|2.921764905133753|5.843529810267498|8.76529471540125|11.687059620535003
379.4|1.0|0.36|0.0|0|2.8940175076160837|5.788035015232159|8.682052522848243|11.576070030464328
379.6|1.0|0.36|0.0|0|2.613300332205838|5.226600664411669|7.839900996617507|10.453201328823345
379.8|1.0|0.36|0.0|0|3.4525690129288735|6.905138025857737|10.35770703878661|13.810276051715485
380.0|1.0|0.36|0.0|0|2.815820296570312|5.631640593140616|8.447460889710928|11.26328118628124
380.2|1.0|0.36|0.0|0|2.6410477297659987|5.28209545953199|7.923143189297988|10.564190919063988
380.4|1.0|0.36|0.0|0|3.524640175017997|7.049280350035985|10.573920525053982|14.098560700071978
380.6|1.0|0.36|0.0|0|2.8495135656930533|5.6990271313860985|8.54854069707915|11.398054262772204
380.8|1.0|0.36|0.0|0|2.7543796311877693|5.508759262375531|8.2631388935633|11.01751852475107
381.0|1.0|0.36|0.0|0|3.4608571962389427|6.921714392477876|10.382571588716818|13.843428784955762
381.2|1.0|0.36|0.0|0|2.8334777314588453|5.666955462917683|8.500433194376528|11.333910925835374
381.4|1.0|0.36|0.0|0|2.742668068198257|5.485336136396506|8.228004204594763|10.970672272793019
381.6|1.0|0.36|0.0|0|2.7916764574963624|5.583352914992717|8.37502937248908|11.166705829985442
381.8|1.0|0.36|0.0|0|2.0419561958755383|4.083912391751071|6.12586858762661|8.167824783502148
382.0|1.0|0.36|0.0|0|2.289340459128727|4.578680918257448|6.868021377386175|9.157361836514903
382.2|1.0|0.36|0.0|0|2.7493346504011447|5.498669300802282|8.248003951203428|10.997338601604572
382.4|1.0|0.36|0.0|0|2.676362598856215|5.352725197712423|8.029087796568637|10.705450395424853
382.6|1.0|0.36|0.0|0|3.0587001126410933|6.117400225282178|9.176100337923272|12.234800450564364
382.8|1.0|0.36|0.0|0|2.545733617738008|5.091467235476009|7.637200853214017|10.182934470952025
383.0|1.0|0.36|0.0|0|2.646813422481648|5.293626844963289|7.940440267444937|10.587253689926586
383.2|1.0|0.36|0.0|0|2.014569153963823|4.02913830792764|6.043707461891463|8.058276615855286
383.4|1.0|0.36|0.0|0|2.673840108013249|5.34768021602649|8.021520324039738|10.695360432052986
383.6|1.0|0.36|0.0|0|2.7208665416657483|5.441733083331489|8.162599624997238|10.883466166662986
383.8|1.0|0.36|0.0|0|2.282854054393249|4.565708108786492|6.84856216317974|9.131416217572989
384.0|1.0|0.36|0.0|0|2.6055526820977706|5.211105364195534|7.816658046293305|10.422210728391075
384.2|1.0|0.36|0.0|0|2.515463730262129|5.030927460524251|7.54639119078638|10.061854921048509
384.4|1.0|0.36|0.0|0|3.2204998716636357|6.4409997433272625|9.661499614990898|12.881999486654534
384.6|1.0|0.36|0.0|0|2.894017507927495|5.788035015854982|8.682052523782476|11.576070031709971
384.8|1.0|0.36|0.0|0|3.2457247782818768|6.491449556563745|9.737174334845621|12.982899113127498
385.0|1.0|0.36|0.0|0|2.540688636446723|5.081377272893439|7.622065909340162|10.162754545786886
385.2|1.0|0.36|0.0|0|3.1439242619933823|6.287848523986756|9.431772785980138|12.57569704797352
385.4|1.0|0.36|0.0|0|3.126987539042023|6.2539750780840375|9.38096261712606|12.507950156168084
385.6|1.0|0.36|0.0|0|2.3628530441626228|4.725706088325239|7.0885591324878625|9.451412176650486
385.8|1.0|0.36|0.0|0|2.9242873957421422|5.8485747914842765|8.77286218722642|11.697149582968562
386.0|1.0|0.36|0.0|0|2.6511376921605576|5.302275384321107|7.953413076481665|10.604550768642223
386.2|1.0|0.36|0.0|0|2.6149219330440996|5.229843866088192|7.844765799132292|10.459687732176391
386.4|1.0|0.36|0.0|0|2.7284340134495895|5.456868026899171|8.18530204034876|10.913736053798349
386.6|1.0|0.36|0.0|0|2.032947300445523|4.06589460089104|6.098841901336564|8.131789201782087
386.8|1.0|0.36|0.0|0|2.716542271643414|5.43308454328682|8.149626814930233|10.866169086573647
387.0|1.0|0.36|0.0|0|2.6500566247286064|5.300113249457206|7.9501698741858124|10.600226498914418
387.2|1.0|0.36|0.0|0|2.8141986958414806|5.628397391682953|8.442596087524434|11.256794783365915
387.4|1.0|0.36|0.0|0|2.788072899837282|5.576145799674556|8.364218699511838|11.152291599349121
387.6|1.0|0.36|0.0|0|3.063024382819424|6.12604876563884|9.189073148458265|12.25209753127769
387.8|1.0|0.36|0.0|0|2.381411368325937|4.762822736651867|7.144234104977804|9.52564547330374
388.0|1.0|0.36|0.0|0|2.9291521993378438|5.8583043986756795|8.787456598013522|11.716608797351366
388.2|1.0|0.36|0.0|0|2.6628492556855803|5.3256985113711535|7.988547767056734|10.651397022742314
388.4|1.0|0.36|0.0|0|2.1289821240725013|4.257964248144997|6.386946372217499|8.51592849629
388.6|1.0|0.36|0.0|0|2.878882563183436|5.757765126366864|8.6366476895503|11.515530252733736
388.8|1.0|0.36|0.0|0|2.419789261852277|4.839578523704547|7.259367785556823|9.6791570474091
389.0|1.0|0.36|0.0|0|2.8714952701283645|5.742990540256721|8.614485810385085|11.485981080513449
389.2|1.0|0.36|0.0|0|2.2331249527080237|4.466249905416041|6.699374858124065|8.93249981083209
389.4|1.0|0.36|0.0|0|1.9657409420382481|3.931481884076491|5.8972228261147395|7.862963768152987
389.6|1.0|0.36|0.0|0|2.497265761099409|4.994531522198811|7.49179728329822|9.989063044397628
389.8|1.0|0.36|0.0|0|1.8370939182367891|3.674187836473573|5.511281754710362|7.348375672947151
390.0|1.0|0.36|0.0|0|2.20123346354929|4.4024669270985735|6.603700390647863|8.804933854197154
390.2|1.0|0.36|0.0|0|2.487896510089051|4.975793020178096|7.463689530267147|9.951586040356199
390.4|1.0|0.36|0.0|0|2.5880754258972614|5.176150851794516|7.764226277691778|10.352301703589038
390.6|1.0|0.36|0.0|0|2.0835772921110056|4.167154584222005|6.250731876333011|8.334309168444017
390.8|1.0|0.36|0.0|0|3.0260879125428644|6.052175825085721|9.078263737628586|12.10435165017145
391.0|1.0|0.36|0.0|0|2.423212642365836|4.846425284731665|7.269637927097501|9.692850569463337
391.2|1.0|0.36|0.0|0|2.2633948406437434|4.52678968128748|6.790184521931224|9.053579362574967
391.4|1.0|0.36|0.0|0|2.732578105197756|5.465156210395505|8.19773431559326|10.930312420791017
391.6|1.0|0.36|0.0|0|2.556904648090133|5.113809296180259|7.670713944270392|10.227618592360525
391.8|1.0|0.36|0.0|0|2.8024871325574376|5.604974265114867|8.407461397672305|11.209948530229742
392.0|1.0|0.36|0.0|0|2.7495148284261837|5.49902965685236|8.248544485278543|10.998059313704728
392.2|1.0|0.36|0.0|0|2.8873509252734975|5.774701850546987|8.662052775820484|11.549403701093981
392.4|1.0|0.36|0.0|0|2.1370901293854714|4.2741802587709365|6.411270388156408|8.54836051754188
392.6|1.0|0.36|0.0|0|2.8914950172521667|5.7829900345043255|8.674485051756491|11.565980069008658
392.8|1.0|0.36|0.0|0|3.0286104029876904|6.057220805975373|9.085831208963063|12.114441611950754
393.0|1.0|0.36|0.0|0|2.788973789386803|5.577947578773598|8.366921368160401|11.155895157547205
393.2|1.0|0.36|0.0|0|3.0403219668992123|6.080643933798417|9.120965900697628|12.16128786759684
393.4|1.0|0.36|0.0|0|2.7268124120694144|5.453624824138821|8.180437236208235|10.90724964827765
393.6|1.0|0.36|0.0|0|2.7823072070669173|5.564614414133827|8.346921621200744|11.129228828267662
393.8|1.0|0.36|0.0|0|2.2079000461963023|4.415800092392599|6.623700138588902|8.831600184785204
394.0|1.0|0.36|0.0|0|3.2051847493648555|6.410369498729702|9.615554248094558|12.820738997459413
394.2|1.0|0.36|0.0|0|3.0219438203977216|6.043887640795434|9.065831461193156|12.087775281590877
394.4|1.0|0.36|0.0|0|3.06140278138337|6.1228055627667315|9.184208344150102|12.245611125533472
394.6|1.0|0.36|0.0|0|2.9066299608192665|5.813259921638525|8.71988988245779|11.626519843277059
394.8|1.0|0.36|0.0|0|3.0132952808617874|6.026590561723566|9.039885842585354|12.05318112344714
395.0|1.0|0.36|0.0|0|3.7314844096871127|7.462968819374215|11.194453229061327|14.92593763874844
395.2|1.0|0.36|0.0|0|2.89401750748046|5.788035014960912|8.682052522441372|11.576070029921832
395.4|1.0|0.36|0.0|0|2.4322215377999257|4.864443075599845|7.296664613399771|9.728886151199697
395.6|1.0|0.36|0.0|0|2.552580378126006|5.105160756252005|7.657741134378011|10.210321512504017
395.8|1.0|0.36|0.0|0|2.814198695812959|5.62839739162591|8.442596087438869|11.256794783251827
396.0|1.0|0.36|0.0|0|2.4477168375771745|4.895433675154343|7.343150512731517|9.790867350308693
396.2|1.0|0.36|0.0|0|2.4071768090402497|4.814353618080492|7.221530427120742|9.628707236160992
396.4|1.0|0.36|0.0|0|2.6105976638459856|5.221195327691964|7.83179299153795|10.442390655383935
396.6|1.0|0.36|0.0|0|2.9963585580000682|5.992717116000128|8.989075674000196|11.985434232000264
396.8|1.0|0.36|0.0|0|2.246458117502045|4.492916235004084|6.739374352506129|8.985832470008173
397.0|1.0|0.36|0.0|0|2.8210454562975817|5.6420909125951555|8.463136368892737|11.28418182519032
397.2|1.0|0.36|0.0|0|2.808252825585662|5.616505651171316|8.424758476756978|11.233011302342641
397.4|1.0|0.36|0.0|0|3.0385201877763057|6.077040375552603|9.11556056332891|12.154080751105214
397.6|1.0|0.36|0.0|0|3.0033854958316106|6.006770991663212|9.010156487494823|12.013541983326434
397.8|1.0|0.36|0.0|0|2.9772596996580276|5.954519399316047|8.931779098974074|11.909038798632103
398.0|1.0|0.36|0.0|0|2.575462971689997|5.1509259433799865|7.726388915069983|10.30185188675998
398.2|1.0|0.36|0.0|0|2.3533036155207103|4.706607231041414|7.059910846562125|9.413214462082834
398.4|1.0|0.36|0.0|0|2.722488142276418|5.444976284552829|8.167464426829246|10.889952569105665
398.6|1.0|0.36|0.0|0|2.6997857263899667|5.3995714527799255|8.099357179169893|10.799142905559858
398.8|1.0|0.36|0.0|0|2.461050002513805|4.922100005027603|7.383150007541407|9.844200010055213
399.0|1.0|0.36|0.0|0|2.376726743069014|4.753453486138021|7.130180229207035|9.506906972276049
399.2|1.0|0.36|0.0|0|2.8646485093899563|5.729297018779905|8.593945528169861|11.458594037559816
399.4|1.0|0.36|0.0|0|2.6956416345271306|5.391283269054254|8.086924903581384|10.782566538108515
399.6|1.0|0.36|0.0|0|2.3459163213765737|4.69183264275314|7.037748964129714|9.383665285506288
399.8|1.0|0.36|0.0|0|2.817622076229893|5.635244152459779|8.452866228689672|11.270488304919565
400.0|1.0|0.36|0.0|0|3.0882492894469786|6.176498578893949|9.264747868340928|12.352997157787907
400.2|1.0|0.36|0.0|0|2.9419448307890006|5.883889661577993|8.825834492366994|11.767779323155994
400.4|1.0|0.36|0.0|0|3.8511225382733425|7.702245076546674|11.553367614820017|15.40449015309336
400.6|1.0|0.36|0.0|0|3.2504094037180797|6.50081880743615|9.75122821115423|13.001637614872308
400.8|1.0|0.36|0.0|0|3.162122230209064|6.324244460418119|9.486366690627182|12.648488920836247
401.0|1.0|0.36|0.0|0|3.1127534843253697|6.2255069686507305|9.338260452976101|12.45101393730147
401.2|1.0|0.36|0.0|0|2.6028500137291872|5.205700027458367|7.808550041187554|10.411400054916742
401.4|1.0|0.36|0.0|0|3.311850069593059|6.623700139186109|9.935550208779167|13.247400278372227
401.6|1.0|0.36|0.0|0|3.1041049457149374|6.208209891429866|9.312314837144804|12.416419782859741
401.8|1.0|0.36|0.0|0|2.9907730424357606|5.981546084871512|8.972319127307273|11.963092169743033
402.0|1.0|0.36|0.0|0|3.272391107986917|6.544782215973825|9.817173323960741|13.08956443194766
402.2|1.0|0.36|0.0|0|2.951133903598532|5.902267807197056|8.853401710795588|11.80453561439412
402.4|1.0|0.36|0.0|0|2.8210454562969995|5.642090912593991|8.463136368890991|11.284181825187991
402.6|1.0|0.36|0.0|0|2.8232075908797585|5.646415181759509|8.469622772639267|11.292830363519027
402.8|1.0|0.36|0.0|0|2.888071636925454|5.7761432738509|8.664214910776353|11.552286547701808
403.0|1.0|0.36|0.0|0|3.1538340463972445|6.30766809279448|9.461502139191724|12.61533618558897
403.2|1.0|0.36|0.0|0|3.1068076130916626|6.213615226183316|9.320422839274979|12.427230452366642
403.4|1.0|0.36|0.0|0|2.900684090562284|5.80136818112456|8.702052271686844|11.602736362249127
403.6|1.0|0.36|0.0|0|3.176716640446105|6.353433280892201|9.530149921338307|12.70686656178441
403.8|1.0|0.36|0.0|0|3.2163557798566793|6.432711559713349|9.649067339570028|12.865423119426707
404.0|1.0|0.36|0.0|0|3.3994165315054152|6.798833063010822|10.198249594516238|13.597666126021652
404.2|1.0|0.36|0.0|0|2.738523976008294|5.47704795201658|8.215571928024874|10.954095904033167
404.4|1.0|0.36|0.0|0|2.4853740196191962|4.970748039238385|7.456122058857582|9.941496078476778
404.6|1.0|0.36|0.0|0|2.9614040444704033|5.922808088940799|8.884212133411202|11.845616177881604
404.8|1.0|0.36|0.0|0|2.6376243490743243|5.275248698148641|7.912873047222965|10.55049739629729
405.0|1.0|0.36|0.0|0|2.943025898134222|5.886051796268436|8.829077694402658|11.77210359253688
405.2|1.0|0.36|0.0|0|2.722668320732194|5.44533664146438|8.168004962196573|10.890673282928766
405.4|1.0|0.36|0.0|0|2.8738375826494327|5.747675165298857|8.621512747948291|11.495350330597724
405.6|1.0|0.36|0.0|0|2.926809886813865|5.853619773627722|8.780429660441586|11.707239547255451
405.8|1.0|0.36|0.0|0|2.628255097820659|5.25651019564131|7.884765293461969|10.513020391282627
406.0|1.0|0.36|0.0|0|2.7662713732366706|5.532542746473334|8.298814119710004|11.065085492946675
406.2|1.0|0.36|0.0|0|2.6527592930180277|5.305518586036048|7.958277879054076|10.611037172072104
406.4|1.0|0.36|0.0|0|2.5729404809686844|5.145880961937362|7.718821442906046|10.29176192387473
406.6|1.0|0.36|0.0|0|2.673840108186125|5.347680216372243|8.021520324558368|10.695360432744494
406.8|1.0|0.36|0.0|0|2.133126215371305|4.266252430742604|6.3993786461139095|8.532504861485215
407.0|1.0|0.36|0.0|0|2.7520373187860265|5.504074637572045|8.256111956358072|11.008149275144099
407.2|1.0|0.36|0.0|0|2.4736624561052327|4.947324912210458|7.420987368315691|9.894649824420924
407.4|1.0|0.36|0.0|0|2.483031706939221|4.966063413878435|7.449095120817655|9.932126827756877
407.6|1.0|0.36|0.0|0|3.003205318491094|6.006410636982179|9.009615955473272|12.012821273964366
407.8|1.0|0.36|0.0|0|2.784649519841189|5.56929903968237|8.353948559523559|11.13859807936475
408.0|1.0|0.36|0.0|0|2.944467321215782|5.888934642431556|8.833401963647338|11.77786928486312
408.2|1.0|0.36|0.0|0|3.4531095466692965|6.906219093338583|10.35932864000788|13.812438186677175
408.4|1.0|0.36|0.0|0|3.4925685078639104|6.985137015727811|10.477705523591721|13.97027403145563
408.6|1.0|0.36|0.0|0|2.6064535713900137|5.21290714278002|7.819360714170034|10.425814285560048
408.8|1.0|0.36|0.0|0|2.8534774791070983|5.7069549582141885|8.560432437321287|11.413909916428386
409.0|1.0|0.36|0.0|0|3.2893278309045155|6.578655661809022|9.867983492713538|13.157311323618053
409.2|1.0|0.36|0.0|0|2.9696922281751204|5.939384456350233|8.909076684525353|11.878768912700473
409.4|1.0|0.36|0.0|0|2.8024871324363656|5.604974264872723|8.407461397309088|11.209948529745454
409.6|1.0|0.36|0.0|0|2.730055614841988|5.460111229683968|8.190166844525956|10.920222459367944
409.8|1.0|0.36|0.0|0|2.9949171341862555|5.989834268372503|8.984751402558759|11.979668536745015
410.0|1.0|0.36|0.0|0|2.915098322454726|5.830196644909444|8.74529496736417|11.660393289818897
410.2|1.0|0.36|0.0|0|2.4702390757686246|4.940478151537243|7.4107172273058675|9.880956303074493
410.4|1.0|0.36|0.0|0|2.4718606769433267|4.943721353886646|7.415582030829973|9.8874427077733
410.6|1.0|0.36|0.0|0|2.798883574302893|5.597767148605778|8.39665072290867|11.195534297211564
410.8|1.0|0.36|0.0|0|2.737623086252136|5.475246172504264|8.212869258756399|10.950492345008536
411.0|1.0|0.36|0.0|0|2.3237544388440456|4.647508877688085|6.971263316532131|9.295017755376177
411.2|1.0|0.36|0.0|0|2.4005102269141956|4.801020453828385|7.2015306807425805|9.602040907656775
411.4|1.0|0.36|0.0|0|2.978160589522452|5.956321179044895|8.934481768567348|11.9126423580898
411.6|1.0|0.36|0.0|0|2.606453571591412|5.212907143182817|7.81936071477423|10.425814286365641
411.8|1.0|0.36|0.0|0|2.545913795262461|5.091827590524915|7.6377413857873755|10.183655181049836
412.0|1.0|0.36|0.0|0|2.1221353632089466|4.244270726417888|6.366406089626834|8.488541452835781
412.2|1.0|0.36|0.0|0|2.4491582609916827|4.898316521983358|7.347474782975041|9.796633043966724
412.4|1.0|0.36|0.0|0|2.489698289196824|4.979396578393641|7.469094867590465|9.958793156787289
412.6|1.0|0.36|0.0|0|2.5381661461270437|5.07633229225408|7.614498438381124|10.152664584508168
412.8|1.0|0.36|0.0|0|3.154734935965392|6.309469871930775|9.464204807896166|12.618939743861558
413.0|1.0|0.36|0.0|0|3.419596455966242|6.839192911932474|10.258789367898716|13.678385823864959
413.2|1.0|0.36|0.0|0|2.5062746566080043|5.012549313216002|7.518823969824006|10.02509862643201
413.4|1.0|0.36|0.0|0|2.943746609766388|5.887493219532768|8.831239829299156|11.774986439065545
413.6|1.0|0.36|0.0|0|3.3824798081594083|6.764959616318808|10.147439424478216|13.529919232637624
413.8|1.0|0.36|0.0|0|2.880684343326141|5.761368686652274|8.642053029978415|11.522737373304556
414.0|1.0|0.36|0.0|0|2.9048281826498012|5.8096563652995945|8.714484547949395|11.619312730599198
414.2|1.0|0.36|0.0|0|3.501217047163521|7.0024340943270325|10.503651141490554|14.004868188654076
414.4|1.0|0.36|0.0|0|2.4954639822978084|4.99092796459561|7.486391946893418|9.981855929191227
414.6|1.0|0.36|0.0|0|2.374384430338398|4.7487688606767895|7.123153291015187|9.497537721353584
414.8|1.0|0.36|0.0|0|2.603210369633164|5.206420739266321|7.8096311088994845|10.412841478532648
415.0|1.0|0.36|0.0|0|2.8846482565911744|5.769296513182341|8.653944769773515|11.53859302636469
415.2|1.0|0.36|0.0|0|2.5241122688801285|5.04822453776025|7.572336806640378|10.096449075520507
415.4|1.0|0.36|0.0|0|2.0448390420363305|4.089678084072655|6.134517126108985|8.179356168145315
415.6|1.0|0.36|0.0|0|3.0187006178207256|6.037401235641443|9.056101853462168|12.074802471282894
415.8|1.0|0.36|0.0|0|2.5988861000863857|5.197772200172764|7.79665830025915|10.395544400345536
416.0|1.0|0.36|0.0|0|2.5367247226508356|5.073449445301664|7.6101741679525|10.146898890603335
416.2|1.0|0.36|0.0|0|1.9556509791221488|3.911301958244292|5.866952937366441|7.822603916488589
416.4|1.0|0.36|0.0|0|2.3952850669925123|4.7905701339850175|7.18585520097753|9.581140267970042
416.6|1.0|0.36|0.0|0|2.8435676945629553|5.687135389125903|8.53070308368886|11.374270778251814
416.8|1.0|0.36|0.0|0|2.803928555119203|5.607857110238398|8.411785665357602|11.215714220476805
417.0|1.0|0.36|0.0|0|2.8956391091231515|5.791278218246295|8.686917327369446|11.582556436492599
417.2|1.0|0.36|0.0|0|2.9866289508639627|5.9732579017279175|8.95988685259188|11.946515803455844
417.4|1.0|0.36|0.0|0|2.720145829963151|5.440291659926294|8.160437489889446|10.880583319852596
417.6|1.0|0.36|0.0|0|2.293484550896103|4.586969101792199|6.880453652688302|9.173938203584404
417.8|1.0|0.36|0.0|0|3.216896313104665|6.433792626209321|9.650688939313985|12.867585252418651
418.0|1.0|0.36|0.0|0|2.7041099957627037|5.4082199915253995|8.112329987288103|10.816439983050806
418.2|1.0|0.36|0.0|0|3.309507756473034|6.619015512946058|9.928523269419092|13.238031025892127
418.4|1.0|0.36|0.0|0|2.5322202754212797|5.064440550842552|7.596660826263832|10.128881101685112
418.6|1.0|0.36|0.0|0|2.198710973234267|4.397421946468528|6.596132919702795|8.794843892937061
418.8|1.0|0.36|0.0|0|2.4466357700584944|4.893271540116982|7.339907310175477|9.78654308023397
419.0|1.0|0.36|0.0|0|2.8064510463504146|5.612902092700821|8.419353139051236|11.22580418540165
419.2|1.0|0.36|0.0|0|2.9605031547916614|5.921006309583315|8.881509464374975|11.842012619166637
419.4|1.0|0.36|0.0|0|3.2781568007171185|6.556313601434227|9.834470402151346|13.112627202868465
419.6|1.0|0.36|0.0|0|3.063745094517365|6.127490189034722|9.191235283552087|12.254980378069451
419.8|1.0|0.36|0.0|0|2.9410439410392453|5.8820878820784825|8.823131823117729|11.764175764156974
420.0|1.0|0.36|0.0|0|2.4583473340404476|4.916694668080888|7.375042002121336|9.833389336161783
420.2|1.0|0.36|0.0|0|2.8378020015393877|5.675604003078767|8.513406004618155|11.351208006157542
420.4|1.0|0.36|0.0|0|2.914197433328375|5.828394866656742|8.742592299985118|11.656789733313492
420.6|1.0|0.36|0.0|0|3.063745093962646|6.127490187925283|9.191235281887929|12.254980375850575
420.8|1.0|0.36|0.0|0|2.439969187673998|4.87993837534799|7.319907563021989|9.759876750695987
421.0|1.0|0.36|0.0|0|2.45510413195065|4.910208263901293|7.365312395851943|9.820416527802593
421.2|1.0|0.36|0.0|0|3.401939021429283|6.803878042858556|10.205817064287839|13.607756085717122
421.4|1.0|0.36|0.0|0|3.0352769851527435|6.070553970305479|9.105830955458222|12.141107940610967
421.6|1.0|0.36|0.0|0|3.11185259494989|6.223705189899771|9.33555778484966|12.447410379799551
421.8|1.0|0.36|0.0|0|3.235634814951921|6.471269629903833|9.706904444855754|12.942539259807674
422.0|1.0|0.36|0.0|0|3.055637088442457|6.111274176884905|9.166911265327363|12.222548353769819
422.2|1.0|0.36|0.0|0|2.912395654129216|5.824791308258424|8.737186962387641|11.649582616516858
422.4|1.0|0.36|0.0|0|2.825009370197079|5.65001874039415|8.475028110591229|11.300037480788308
422.6|1.0|0.36|0.0|0|2.7055514191399586|5.411102838279909|8.116654257419867|10.822205676559827
422.8|1.0|0.36|0.0|0|2.7257313446432843|5.4514626892865605|8.177194033929846|10.90292537857313
423.0|1.0|0.36|0.0|0|3.0673486523906495|6.13469730478129|9.20204595717194|12.269394609562589
423.2|1.0|0.36|0.0|0|2.8091537148261003|5.618307429652193|8.427461144478293|11.236614859304392
423.4|1.0|0.36|0.0|0|2.7965412608644717|5.5930825217289355|8.389623782593407|11.18616504345788
423.6|1.0|0.36|0.0|0|3.2882467633503287|6.576493526700648|9.864740290050976|13.152987053401304
423.8|1.0|0.36|0.0|0|2.751136428933826|5.502272857867644|8.253409286801471|11.004545715735295
424.0|1.0|0.36|0.0|0|2.955638351630771|5.911276703261534|8.866915054892306|11.822553406523078
424.2|1.0|0.36|0.0|0|2.7997844637511324|5.599568927502257|8.399353391253388|11.19913785500452
424.4|1.0|0.36|0.0|0|3.0889700011711128|6.1779400023422175|9.26691000351333|12.355880004684444
424.6|1.0|0.36|0.0|0|3.0015837168128954|6.003167433625783|9.004751150438677|12.006334867251574
424.8|1.0|0.36|0.0|0|2.773658667735292|5.547317335470577|8.32097600320587|11.094634670941161
425.0|1.0|0.36|0.0|0|3.277436089233382|6.554872178466755|9.832308267700137|13.109744356933518
425.2|1.0|0.36|0.0|0|2.943566431604561|5.887132863209114|8.830699294813675|11.774265726418237
425.4|1.0|0.36|0.0|0|2.7210467187670315|5.442093437534056|8.163140156301088|10.884186875068119
425.6|1.0|0.36|0.0|0|2.982484858971441|5.964969717942874|8.947454576914314|11.929939435885755
425.8|1.0|0.36|0.0|0|3.217797203158264|6.435594406316519|9.653391609474783|12.871188812633047
426.0|1.0|0.36|0.0|0|2.776361336135308|5.552722672270608|8.329084008405916|11.105445344541224
426.2|1.0|0.36|0.0|0|2.980863258166358|5.961726516332707|8.942589774499066|11.923453032665423
426.4|1.0|0.36|0.0|0|3.1639240092091523|6.327848018418296|9.491772027627448|12.6556960368366
426.6|1.0|0.36|0.0|0|3.129329851505466|6.258659703010923|9.38798955451639|12.517319406021855
426.8|1.0|0.36|0.0|0|3.038700365067928|6.077400730135848|9.116101095203776|12.154801460271704
427.0|1.0|0.36|0.0|0|2.3138446541206235|4.62768930824124|6.941533962361864|9.255378616482487
427.2|1.0|0.36|0.0|0|2.149702582639877|4.299405165279747|6.449107747919625|8.598810330559502
427.4|1.0|0.36|0.0|0|2.7141999587201306|5.428399917440253|8.142599876160384|10.856799834880514
427.6|1.0|0.36|0.0|0|2.772937955508244|5.54587591101648|8.318813866524724|11.091751822032968
427.8|1.0|0.36|0.0|0|2.646633244468251|5.293266488936494|7.939899733404745|10.586532977872995
428.0|1.0|0.36|0.0|0|2.2716830245946786|4.543366049189351|6.81504907378403|9.08673209837871
428.2|1.0|0.36|0.0|0|2.6862723837472755|5.372544767494544|8.058817151241819|10.745089534989095
428.4|1.0|0.36|0.0|0|2.073126973325854|4.1462539466517025|6.2193809199775565|8.29250789330341
428.6|1.0|0.36|0.0|0|3.168968990068536|6.337937980137064|9.5069069702056|12.675875960274137
428.8|1.0|0.36|0.0|0|2.561048739330729|5.122097478661451|7.68314621799218|10.24419495732291
429.0|1.0|0.36|0.0|0|2.688794874251473|5.377589748502939|8.066384622754413|10.755179497005885
429.2|1.0|0.36|0.0|0|2.8343786213832236|5.668757242766439|8.503135864149662|11.337514485532886
429.4|1.0|0.36|0.0|0|2.6518584037909774|5.303716807581948|7.955575211372925|10.607433615163902
429.6|1.0|0.36|0.0|0|2.774559557390751|5.549119114781495|8.323678672172246|11.098238229562996
429.8|1.0|0.36|0.0|0|2.059793808857796|4.1195876177155855|6.179381426573381|8.239175235431178
430.0|1.0|0.36|0.0|0|2.364294467450238|4.728588934900469|7.092883402350708|9.457177869800946
430.2|1.0|0.36|0.0|0|2.7502355400944385|5.50047108018887|8.250706620283308|11.000942160377747
430.4|1.0|0.36|0.0|0|2.6695158384193225|5.339031676838638|8.008547515257959|10.678063353677283
430.6|1.0|0.36|0.0|0|2.195467770821999|4.390935541643992|6.586403312465991|8.781871083287989
430.8|1.0|0.36|0.0|0|2.4978062951512423|4.9956125903024775|7.49341888545372|9.991225180604962
431.0|1.0|0.36|0.0|0|2.3549252165510572|4.709850433102108|7.064775649653165|9.419700866204222
431.2|1.0|0.36|0.0|0|2.887170747419007|5.774341494838006|8.661512242257013|11.548682989676019
431.4|1.0|0.36|0.0|0|2.771316354631565|5.542632709263122|8.313949063894688|11.085265418526253
431.6|1.0|0.36|0.0|0|2.9277107762347465|5.855421552469485|8.783132328704232|11.710843104938979
431.8|1.0|0.36|0.0|0|3.041222855983654|6.082445711967299|9.123668567950954|12.164891423934607
432.0|1.0|0.36|0.0|0|2.555823580559811|5.111647161119615|7.667470741679426|10.223294322239237
432.2|1.0|0.36|0.0|0|3.192572296260626|6.385144592521243|9.57771688878187|12.770289185042495
432.4|1.0|0.36|0.0|0|3.089150178757848|6.178300357515687|9.267450536273536|12.356600715031384
432.6|1.0|0.36|0.0|0|2.917620813818651|5.835241627637294|8.752862441455944|11.670483255274597
432.8|1.0|0.36|0.0|0|2.83672093425412|5.673441868508232|8.510162802762352|11.346883737016471
433.0|1.0|0.36|0.0|0|2.628435275931845|5.256870551863683|7.885305827795528|10.513741103727373
433.2|1.0|0.36|0.0|0|3.203563148326942|6.407126296653875|9.610689444980817|12.814252593307758
433.4|1.0|0.36|0.0|0|2.6754617093689763|5.3509234187379455|8.026385128106922|10.701846837475898
433.6|1.0|0.36|0.0|0|3.238878017637765|6.4777560352755215|9.716634052913287|12.955512070551052
433.8|1.0|0.36|0.0|0|3.142122483361166|6.284244966722323|9.42636745008349|12.568489933444654
434.0|1.0|0.36|0.0|0|2.6830291809927465|5.366058361985485|8.049087542978231|10.732116723970977
434.2|1.0|0.36|0.0|0|2.9259089969249934|5.851817993849979|8.777726990774973|11.703635987699965
434.4|1.0|0.36|0.0|0|3.2397789069393212|6.479557813878634|9.719336720817955|12.959115627757276
434.6|1.0|0.36|0.0|0|3.2219412952510202|6.443882590502032|9.665823885753053|12.887765181004072
434.8|1.0|0.36|0.0|0|2.382852791689804|4.765705583379601|7.148558375069405|9.53141116675921
435.0|1.0|0.36|0.0|0|2.392041864785717|4.784083729571428|7.176125594357145|9.568167459142861
435.2|1.0|0.36|0.0|0|2.670236550003758|5.340473100007509|8.010709650011266|10.680946200015025
435.4|1.0|0.36|0.0|0|3.074916124352606|6.149832248705203|9.224748373057809|12.299664497410415
435.6|1.0|0.36|0.0|0|2.263394841401607|4.526789682803208|6.790184524204815|9.05357936560642
435.8|1.0|0.36|0.0|0|2.8925760848261444|5.785152169652281|8.677728254478424|11.570304339304569
436.0|1.0|0.36|0.0|0|2.688074162307314|5.376148324614621|8.064222486921935|10.75229664922925
436.2|1.0|0.36|0.0|0|2.4695183636271416|4.939036727254276|7.408555090881418|9.87807345450856
436.4|1.0|0.36|0.0|0|2.8318561305117353|5.663712261023463|8.495568391535198|11.327424522046933
436.6|1.0|0.36|0.0|0|2.686452561563931|5.372905123127855|8.059357684691786|10.745810246255717
436.8|1.0|0.36|0.0|0|2.3069978941348404|4.613995788269674|6.920993682404514|9.227991576539354
437.0|1.0|0.36|0.0|0|3.110050815771686|6.220101631543363|9.330152447315049|12.440203263086735
437.2|1.0|0.36|0.0|0|1.8673638062732079|3.7347276125464104|5.602091418819618|7.469455225092826
437.4|1.0|0.36|0.0|0|2.2871783242345574|4.5743566484691085|6.861534972703666|9.148713296938224
437.6|1.0|0.36|0.0|0|2.3275381747726374|4.655076349545268|6.982614524317905|9.310152699090542
437.8|1.0|0.36|0.0|0|2.8232075912458847|5.646415182491761|8.469622773737646|11.292830364983532
438.0|1.0|0.36|0.0|0|2.2668182213639394|4.533636442727873|6.800454664091812|9.067272885455752
438.2|1.0|0.36|0.0|0|2.74609144774033|5.492182895480652|8.238274343220983|10.984365790961313
438.4|1.0|0.36|0.0|0|2.9444673213938977|5.888934642787787|8.833401964181684|11.777869285575582
438.6|1.0|0.36|0.0|0|2.56609372115345|5.1321874423068925|7.698281163460342|10.264374884613792
438.8|1.0|0.36|0.0|0|2.7594246130541458|5.5188492261082835|8.278273839162429|11.037698452216576
439.0|1.0|0.36|0.0|0|2.2205124994262606|4.441024998852515|6.661537498278776|8.882049997705037
439.2|1.0|0.36|0.0|0|3.1462665745971052|6.2925331491942025|9.438799723791307|12.585066298388412
439.4|1.0|0.36|0.0|0|3.0024846065469344|6.004969213093861|9.007453819640796|12.00993842618773
439.6|1.0|0.36|0.0|0|3.323561632998174|6.647123265996339|9.970684898994513|13.294246531992687
439.8|1.0|0.36|0.0|0|3.2338330363924643|6.46766607278492|9.701499109177384|12.935332145569848
440.0|1.0|0.36|0.0|0|2.661227654961988|5.322455309923968|7.983682964885956|10.644910619847945
440.2|1.0|0.36|0.0|0|2.244836516707439|4.489673033414872|6.734509550122311|8.97934606682975
440.4|1.0|0.36|0.0|0|2.7096955108974385|5.41939102179487|8.129086532692309|10.838782043589747
440.6|1.0|0.36|0.0|0|3.1430233723035808|6.286046744607153|9.429070116910735|12.572093489214314
440.8|1.0|0.36|0.0|0|2.7662713731487774|5.532542746297547|8.298814119446323|11.0650854925951
441.0|1.0|0.36|0.0|0|3.361579170846383|6.723158341692757|10.08473751253914|13.446316683385524
441.2|1.0|0.36|0.0|0|2.942665541603349|5.885331083206689|8.827996624810039|11.770662166413388
441.4|1.0|0.36|0.0|0|2.7268124119116717|5.453624823823335|8.180437235735008|10.90724964764668
441.6|1.0|0.36|0.0|0|2.9696922280464815|5.939384456092954|8.909076684139436|11.878768912185917
441.8|1.0|0.36|0.0|0|2.737623086193346|5.475246172386685|8.21286925858003|10.950492344773377
442.0|1.0|0.36|0.0|0|2.6754617092385913|5.350923418477175|8.026385127715766|10.701846836954358
442.2|1.0|0.36|0.0|0|2.5828502665035216|5.165700533007036|7.748550799510558|10.33140106601408
442.4|1.0|0.36|0.0|0|2.907711028697088|5.815422057394168|8.723133086091256|11.630844114788344
442.6|1.0|0.36|0.0|0|2.417266771325378|4.83453354265075|7.251800313976127|9.669067085301505
442.8|1.0|0.36|0.0|0|2.1524052516330285|4.304810503266051|6.45721575489908|8.609621006532109
443.0|1.0|0.36|0.0|0|2.4300594027340434|4.86011880546808|7.290178208202123|9.720237610936167
443.2|1.0|0.36|0.0|0|2.1531259629601864|4.306251925920367|6.459377888880553|8.61250385184074
443.4|1.0|0.36|0.0|0|2.9848271716071784|5.969654343214349|8.954481514821527|11.939308686428706
443.6|1.0|0.36|0.0|0|2.288439569740442|4.576879139480877|6.865318709221319|9.15375827896176
443.8|1.0|0.36|0.0|0|2.975638098462371|5.951276196924733|8.926914295387105|11.902552393849476
444.0|1.0|0.36|0.0|0|3.3287867920880703|6.657573584176131|9.986360376264201|13.31514716835227
444.2|1.0|0.36|0.0|0|2.7848296973225684|5.56965939464513|8.354489091967698|11.139318789290266
444.4|1.0|0.36|0.0|0|2.909152451936973|5.818304903873938|8.72745735581091|11.636609807747885
444.6|1.0|0.36|0.0|0|2.5945618301094533|5.1891236602188995|7.783685490328352|10.378247320437806
444.8|1.0|0.36|0.0|0|2.6940200332354314|5.388040066470855|8.082060099706286|10.776080132941717
445.0|1.0|0.36|0.0|0|3.4641003988235055|6.928200797647001|10.392301196470507|13.856401595294013
445.2|1.0|0.36|0.0|0|2.7653704842372124|5.530740968474417|8.29611145271163|11.06148193694884
445.4|1.0|0.36|0.0|0|2.4257351330493133|4.8514702660986195|7.277205399147933|9.702940532197246
445.6|1.0|0.36|0.0|0|3.148068353414422|6.296136706828835|9.444205060243258|12.59227341365768
445.8|1.0|0.36|0.0|0|3.0958167609921685|6.191633521984328|9.287450282976497|12.383267043968665
446.0|1.0|0.36|0.0|0|2.850054099449192|5.700108198898376|8.550162298347567|11.40021639779676
446.2|1.0|0.36|0.0|0|2.914918144870901|5.829836289741794|8.744754434612696|11.659672579483598
446.4|1.0|0.36|0.0|0|3.19077051703702|6.381541034074031|9.572311551111051|12.763082068148071
446.6|1.0|0.36|0.0|0|2.5812286651087946|5.162457330217582|7.743685995326377|10.324914660435171
446.8|1.0|0.36|0.0|0|2.5844718672457407|5.168943734491474|7.753415601737215|10.337887468982956
447.0|1.0|0.36|0.0|0|2.8653692210774198|5.7307384421548315|8.596107663232251|11.46147688430967
447.2|1.0|0.36|0.0|0|2.5374454342131525|5.074890868426298|7.61233630263945|10.149781736852603
447.4|1.0|0.36|0.0|0|2.784829697583921|5.569659395167834|8.354489092751756|11.139318790335675
447.6|1.0|0.36|0.0|0|3.1614015185722413|6.322803037144474|9.484204555716714|12.645606074288956
447.8|1.0|0.36|0.0|0|3.376714115123035|6.75342823024606|10.130142345369094|13.506856460492129
448.0|1.0|0.36|0.0|0|2.647714311878083|5.295428623756158|7.943142935634241|10.590857247512323
448.2|1.0|0.36|0.0|0|2.7502355398744136|5.500471079748819|8.250706619623234|11.000942159497647
448.4|1.0|0.36|0.0|0|2.8596035276947105|5.719207055389413|8.578810583084122|11.438414110778833
448.6|1.0|0.36|0.0|0|2.928611665984502|5.857223331968996|8.785834997953497|11.714446663937998
448.8|1.0|0.36|0.0|0|2.2606921722035644|4.521384344407122|6.782076516610687|9.04276868881425
449.0|1.0|0.36|0.0|0|2.5241122694429965|5.048224538885986|7.572336808328982|10.096449077771979
449.2|1.0|0.36|0.0|0|2.953656393983986|5.907312787967964|8.86096918195195|11.814625575935937
449.4|1.0|0.36|0.0|0|2.9857280615152586|5.971456123030508|8.957184184545767|11.942912246061026
449.6|1.0|0.36|0.0|0|3.1008617426763547|6.2017234853527015|9.302585228029056|12.403446970705412
449.8|1.0|0.36|0.0|0|2.486995620429518|4.973991240859029|7.460986861288547|9.947982481718066
450.0|1.0|0.36|0.0|0|3.24644548983197|6.492890979663931|9.739336469495901|12.985781959327872
450.2|1.0|0.36|0.0|0|2.4610500028525735|4.92210000570514|7.383150008557713|9.844200011410287
450.4|1.0|0.36|0.0|0|3.146266574547629|6.292533149095249|9.438799723642878|12.585066298190506
450.6|1.0|0.36|0.0|0|3.0293311144155477|6.058662228831087|9.087993343246636|12.117324457662182
450.8|1.0|0.36|0.0|0|3.0943753377057175|6.188750675411426|9.283126013117144|12.377501350822861
451.0|1.0|0.36|0.0|0|3.3723898456810306|6.7447796913620515|10.117169537043083|13.489559382724112
451.2|1.0|0.36|0.0|0|2.9174406357714933|5.8348812715429785|8.752321907314471|11.669762543085964
451.4|1.0|0.36|0.0|0|2.2102423589123665|4.420484717824727|6.630727076737093|8.84096943564946
451.6|1.0|0.36|0.0|0|2.6217686940316365|5.243537388063266|7.865306082094903|10.487074776126539
451.8|1.0|0.36|0.0|0|3.166446499870511|6.332892999741013|9.499339499611523|12.665785999482035
452.0|1.0|0.36|0.0|0|2.7545598099764925|5.509119619952978|8.26367942992947|11.018239239905963
452.2|1.0|0.36|0.0|0|2.8484324977087114|5.696864995417415|8.545297493126126|11.393729990834839
452.4|1.0|0.36|0.0|0|3.1192398888187043|6.238479777637401|9.357719666456104|12.47695955527481
452.6|1.0|0.36|0.0|0|3.2304096559883355|6.460819311976662|9.691228967964998|12.921638623953333
452.8|1.0|0.36|0.0|0|3.1698698803427425|6.339739760685476|9.509609641028218|12.679479521370961
453.0|1.0|0.36|0.0|0|3.0268086235964464|6.053617247192885|9.08042587078933|12.107234494385777
453.2|1.0|0.36|0.0|0|3.1614015188487277|6.3228030376974464|9.484204556546173|12.645606075394902
453.4|1.0|0.36|0.0|0|2.807351935775371|5.614703871550734|8.422055807326105|11.229407743101476
453.6|1.0|0.36|0.0|0|2.917800991296538|5.835601982593068|8.753402973889605|11.671203965186145
453.8|1.0|0.36|0.0|0|2.6922182549128797|5.384436509825752|8.076654764738633|10.768873019651512
454.0|1.0|0.36|0.0|0|3.0024846064101465|6.004969212820285|9.007453819230431|12.009938425640579
454.2|1.0|0.36|0.0|0|2.8504144552024107|5.700828910404813|8.551243365607224|11.401657820809636
454.4|1.0|0.36|0.0|0|3.170770768963851|6.341541537927693|9.512312306891545|12.683083075855395
454.6|1.0|0.36|0.0|0|2.682128291780248|5.364256583560488|8.046384875340737|10.728513167120983
454.8|1.0|0.36|0.0|0|2.6367234593722992|5.273446918744591|7.910170378116891|10.54689383748919
455.0|1.0|0.36|0.0|0|3.783916180053496|7.567832360106983|11.351748540160479|15.135664720213976
455.2|1.0|0.36|0.0|0|3.189329094227872|6.378658188455735|9.567987282683607|12.75731637691148
455.4|1.0|0.36|0.0|0|1.9925874500401568|3.9851749000803083|5.977762350120465|7.970349800160622
455.6|1.0|0.36|0.0|0|3.1792391311371495|6.35847826227429|9.53771739341144|12.71695652454859
455.8|1.0|0.36|0.0|0|2.5333013422385577|5.066602684477108|7.599904026715667|10.133205368954224
456.0|1.0|0.36|0.0|0|2.850234277199491|5.700468554398974|8.550702831598464|11.400937108797955
456.2|1.0|0.36|0.0|0|2.2987097103346623|4.597419420669318|6.896129131003981|9.194838841338644
456.4|1.0|0.36|0.0|0|2.647714311848397|5.295428623696787|7.9431429355451835|10.590857247393581
456.6|1.0|0.36|0.0|0|2.654561072303916|5.309122144607825|7.963683216911741|10.618244289215657
456.8|1.0|0.36|0.0|0|2.8605044173379452|5.7210088346758825|8.581513252013828|11.442017669351774
457.0|1.0|0.36|0.0|0|3.0042863852757753|6.008572770551543|9.012859155827318|12.017145541103094
457.2|1.0|0.36|0.0|0|2.7114972906449135|5.42299458128982|8.134491871934733|10.845989162579647
457.4|1.0|0.36|0.0|0|3.0487903280317576|6.097580656063507|9.146370984095265|12.195161312127022
457.6|1.0|0.36|0.0|0|2.875639361356737|5.751278722713466|8.626918084070203|11.50255744542694
457.8|1.0|0.36|0.0|0|2.5947420077957237|5.18948401559144|7.784226023387164|10.378968031182888
458.0|1.0|0.36|0.0|0|2.2506022093840894|4.501204418768173|6.751806628152262|9.002408837536352
458.2|1.0|0.36|0.0|0|2.7023082166514385|5.404616433302869|8.106924649954308|10.809232866605745
458.4|1.0|0.36|0.0|0|2.4358250958326995|4.871650191665392|7.307475287498091|9.74330038333079
458.6|1.0|0.36|0.0|0|2.820865278149143|5.641730556298278|8.46259583444742|11.283461112596562
458.8|1.0|0.36|0.0|0|2.7183440504770284|5.43668810095405|8.155032151431078|10.873376201908107
459.0|1.0|0.36|0.0|0|2.3945643556828164|4.789128711365627|7.183693067048443|9.57825742273126
459.2|1.0|0.36|0.0|0|2.935998959568681|5.871997919137354|8.807996878706035|11.743995838274715
459.4|1.0|0.36|0.0|0|2.910954230690261|5.821908461380514|8.732862692070775|11.643816922761037
459.6|1.0|0.36|0.0|0|3.0233852431672883|6.046770486334569|9.070155729501858|12.093540972669146
459.8|1.0|0.36|0.0|0|2.4491582606110045|4.898316521222002|7.347474781833006|9.796633042444011
460.0|1.0|0.36|0.0|0|2.440149365332329|4.880298730664651|7.32044809599698|9.76059746132931
460.2|1.0|0.36|0.0|0|2.4918604244088076|4.983720848817609|7.475581273226417|9.967441697635223
460.4|1.0|0.36|0.0|0|3.0889700008719254|6.177940001743843|9.266910002615768|12.355880003487695
460.6|1.0|0.36|0.0|0|2.6401468397257872|5.280293679451567|7.920440519177355|10.560587358903142
460.8|1.0|0.36|0.0|0|2.1185318053921236|4.237063610784242|6.3555954161763655|8.474127221568489
461.0|1.0|0.36|0.0|0|3.3936508382495987|6.7873016764991885|10.180952514748787|13.574603352998386
461.2|1.0|0.36|0.0|0|3.356534189891539|6.713068379783068|10.069602569674608|13.426136759566146
461.4|1.0|0.36|0.0|0|3.587702441190489|7.175404882380968|10.763107323571457|14.350809764761946
461.6|1.0|0.36|0.0|0|2.9132965432584776|5.826593086516947|8.739889629775424|11.653186173033903
461.8|1.0|0.36|0.0|0|2.87726096273633|5.754521925472652|8.631782888208981|11.50904385094531
462.0|1.0|0.36|0.0|0|2.6005077010835542|5.201015402167101|7.801523103250656|10.40203080433421
462.2|1.0|0.36|0.0|0|2.6904164750187216|5.380832950037436|8.071249425056157|10.76166590007488
462.4|1.0|0.36|0.0|0|2.9495123025501404|5.899024605100273|8.848536907650413|11.798049210200555
462.6|1.0|0.36|0.0|0|2.985007350121744|5.970014700243479|8.955022050365223|11.940029400486967
462.8|1.0|0.36|0.0|0|3.2968953035707846|6.59379060714156|9.890685910712346|13.18758121428313
463.0|1.0|0.36|0.0|0|2.5911384496605048|5.182276899321002|7.773415348981507|10.364553798642012
463.2|1.0|0.36|0.0|0|2.941764652676068|5.883529305352128|8.825293958028196|11.767058610704265
463.4|1.0|0.36|0.0|0|2.547715575034965|5.095431150069923|7.643146725104889|10.190862300139854
463.6|1.0|0.36|0.0|0|2.5287968947493957|5.057593789498785|7.5863906842481805|10.115187578997578
463.8|1.0|0.36|0.0|0|2.598886099364029|5.1977721987280505|7.796658298092079|10.395544397456108
464.0|1.0|0.36|0.0|0|2.0691630596644264|4.1383261193288465|6.207489178993273|8.2766522386577
464.2|1.0|0.36|0.0|0|2.75780301185034|5.5156060237006725|8.273409035551012|11.031212047401352
464.4|1.0|0.36|0.0|0|3.2320312572427823|6.464062514485556|9.696093771728338|12.92812502897112
464.6|1.0|0.36|0.0|0|2.7823072063532917|5.564614412706575|8.346921619059867|11.129228825413158
464.8|1.0|0.36|0.0|0|3.083384485733116|6.166768971466223|9.250153457199339|12.333537942932455
465.0|1.0|0.36|0.0|0|2.9084317402553306|5.816863480510653|8.725295220765984|11.633726961021313
465.2|1.0|0.36|0.0|0|2.473482278338636|4.946964556677265|7.4204468350159|9.893929113354536
465.4|1.0|0.36|0.0|0|2.95870137552731|5.917402751054611|8.876104126581922|11.834805502109232
465.6|1.0|0.36|0.0|0|3.073294522814106|6.146589045628204|9.21988356844231|12.293178091256417
465.8|1.0|0.36|0.0|0|2.6183453133876924|5.236690626775378|7.85503594016307|10.473381253550762
466.0|1.0|0.36|0.0|0|2.985728061828998|5.971456123657987|8.957184185486986|11.942912247315983
466.2|1.0|0.36|0.0|0|2.6534800050425136|5.306960010085019|7.960440015127533|10.613920020170045
466.4|1.0|0.36|0.0|0|2.816901365286324|5.63380273057264|8.450704095858963|11.267605461145287
466.6|1.0|0.36|0.0|0|3.004106207684966|6.008212415369923|9.012318623054888|12.016424830739854
466.8|1.0|0.36|0.0|0|2.881585232170767|5.763170464341526|8.644755696512293|11.52634092868306
467.0|1.0|0.36|0.0|0|2.5322202749614395|5.064440549922872|7.596660824884311|10.128881099845751
467.2|1.0|0.36|0.0|0|1.9994342095888005|3.9988684191775956|5.998302628766396|7.9977368383551966
467.4|1.0|0.36|0.0|0|2.5491569980559894|5.098313996111972|7.647470994167961|10.19662799222395
467.6|1.0|0.36|0.0|0|2.71726298263937|5.434525965278732|8.151788947918103|10.869051930557474
467.8|1.0|0.36|0.0|0|3.2675263047328946|6.53505260946578|9.802578914198675|13.07010521893157
468.0|1.0|0.36|0.0|0|2.5005089636344953|5.001017927268983|7.501526890903478|10.002035854537974
468.2|1.0|0.36|0.0|0|3.263922746500469|6.527845493000929|9.791768239501398|13.055690986001867
468.4|1.0|0.36|0.0|0|2.7024883952410916|5.404976790482175|8.107465185723267|10.80995358096436
468.6|1.0|0.36|0.0|0|3.0253672005608703|6.0507344011217326|9.076101601682604|12.101468802243474
468.8|1.0|0.36|0.0|0|2.408077698410491|4.8161553968209745|7.224233095231465|9.632310793641956
469.0|1.0|0.36|0.0|0|2.804829445449289|5.60965889089857|8.414488336347858|11.219317781797146
469.2|1.0|0.36|0.0|0|2.5963636092073306|5.192727218414654|7.789090827621985|10.385454436829315
469.4|1.0|0.36|0.0|0|2.444113279427986|4.8882265588559655|7.332339838283951|9.776453117711936
469.6|1.0|0.36|0.0|0|3.172392371013414|6.344784742026819|9.517177113040233|12.689569484053647
469.8|1.0|0.36|0.0|0|2.9006840901169952|5.8013681802339825|8.702052270350977|11.602736360467972
470.0|1.0|0.36|0.0|0|2.7541994539333996|5.508398907866792|8.262598361800192|11.016797815733591
470.2|1.0|0.36|0.0|0|2.5500578876165694|5.100115775233132|7.650173662849702|10.20023155046627
470.4|1.0|0.36|0.0|0|2.895819286886838|5.791638573773668|8.687457860660507|11.583277147547344
470.6|1.0|0.36|0.0|0|3.1749148611375158|6.349829722275023|9.52474458341254|12.699659444550054
470.8|1.0|0.36|0.0|0|2.9100533415382985|5.820106683076589|8.730160024614888|11.640213366153187
471.0|1.0|0.36|0.0|0|2.5796070640138375|5.159214128027667|7.738821192041505|10.318428256055341
471.2|1.0|0.36|0.0|0|2.5911384500178998|5.182276900035792|7.773415350053692|10.364553800071592
471.4|1.0|0.36|0.0|0|2.416546059421964|4.833092118843922|7.2496381782658865|9.666184237687851
471.6|1.0|0.36|0.0|0|2.8403244926902724|5.680648985380537|8.52097347807081|11.36129797076108
471.8|1.0|0.36|0.0|0|2.1633961035020204|4.3267922070040346|6.4901883105060545|8.653584414008074
472.0|1.0|0.36|0.0|0|2.937620560500075|5.875241121000141|8.812861681500216|11.750482242000292
472.2|1.0|0.36|0.0|0|2.3138446542801123|4.627689308560218|6.941533962840331|9.255378617120442
472.4|1.0|0.36|0.0|0|2.4954639822518243|4.9909279645036415|7.486391946755465|9.98185592900729
472.6|1.0|0.36|0.0|0|3.0145565265312353|6.029113053062462|9.043669579593697|12.058226106124932
472.8|1.0|0.36|0.0|0|2.924287396019793|5.848574792039578|8.77286218805937|11.697149584079163
473.0|1.0|0.36|0.0|0|2.800685352934527|5.601370705869046|8.402056058803574|11.2027414117381
473.2|1.0|0.36|0.0|0|1.910065969530262|3.8201319390605186|5.73019790859078|7.640263878121043
473.4|1.0|0.36|0.0|0|3.322840921405007|6.6456818428100055|9.968522764215013|13.29136368562002
473.6|1.0|0.36|0.0|0|2.308799672743773|4.61759934548754|6.926399018231313|9.235198690975087
473.8|1.0|0.36|0.0|0|2.8621260190004274|5.724252038000847|8.586378057001275|11.448504076001703
474.0|1.0|0.36|0.0|0|2.290421526605498|4.58084305321099|6.871264579816488|9.161686106421987
474.2|1.0|0.36|0.0|0|2.3509613029414345|4.701922605882862|7.052883908824296|9.40384521176573
474.4|1.0|0.36|0.0|0|2.7923971693567027|5.584794338713397|8.3771915080701|11.169588677426802
474.6|1.0|0.36|0.0|0|2.8839275448559807|5.767855089711953|8.651782634567935|11.535710179423916
474.8|1.0|0.36|0.0|0|2.330601199476516|4.661202398953026|6.9918035984295415|9.322404797906058
475.0|1.0|0.36|0.0|0|2.202855064658799|4.405710129317592|6.608565193976392|8.811420258635192
475.2|1.0|0.36|0.0|0|2.502310742617121|5.004621485234236|7.506932227851357|10.009242970468478
475.4|1.0|0.36|0.0|0|2.5812286649009932|5.162457329801979|7.7436859947029735|10.324914659603966
475.6|1.0|0.36|0.0|0|2.658705164380374|5.31741032876074|7.976115493141115|10.63482065752149
475.8|1.0|0.36|0.0|0|3.148068353536076|6.296136707072143|9.444205060608219|12.592273414144294
476.0|1.0|0.36|0.0|0|2.769514575830547|5.539029151661086|8.308543727491633|11.07805830332218
476.2|1.0|0.36|0.0|0|3.3235616332519595|6.64712326650391|9.97068489975587|13.29424653300783
476.4|1.0|0.36|0.0|0|2.8664502883394043|5.732900576678801|8.599350865018204|11.465801153357608
476.6|1.0|0.36|0.0|0|2.9275305979116846|5.855061195823361|8.782591793735046|11.71012239164673
476.8|1.0|0.36|0.0|0|2.6123994426586457|5.224798885317284|7.83719832797593|10.449597770634576
477.0|1.0|0.36|0.0|0|2.8947382195486013|5.789476439097195|8.684214658645796|11.578952878194398
477.2|1.0|0.36|0.0|0|2.56176945123065|5.123538902461293|7.685308353691943|10.247077804922593
477.4|1.0|0.36|0.0|0|3.043024634872566|6.086049269745123|9.12907390461769|12.172098539490255
477.6|1.0|0.36|0.0|0|3.041222856229872|6.082445712459736|9.123668568689608|12.164891424919482
477.8|1.0|0.36|0.0|0|3.232211435302746|6.464422870605483|9.696634305908228|12.928845741210974
478.0|1.0|0.36|0.0|0|2.374384430012435|4.748768860024863|7.1231532900372985|9.497537720049733
478.2|1.0|0.36|0.0|0|2.57185941384698|5.143718827693953|7.715578241540934|10.287437655387913
478.4|1.0|0.36|0.0|0|2.4837524183420485|4.967504836684091|7.451257255026139|9.935009673368187
478.6|1.0|0.36|0.0|0|2.4165460599045057|4.833092119809005|7.249638179713511|9.666184239618016
478.8|1.0|0.36|0.0|0|2.4709597873082405|4.941919574616475|7.412879361924715|9.883839149232955
479.0|1.0|0.36|0.0|0|2.6266334972978824|5.253266994595758|7.879900491893641|10.506533989191523
479.2|1.0|0.36|0.0|0|1.940516035238399|3.8810320704767927|5.821548105715192|7.762064140953591
479.4|1.0|0.36|0.0|0|3.0731143454666046|6.1462286909332|9.219343036399804|12.29245738186641
479.6|1.0|0.36|0.0|0|3.48932530508377|6.97865061016753|10.4679759152513|13.957301220335069
479.8|1.0|0.36|0.0|0|2.7385239763039886|5.47704795260797|8.215571928911958|10.954095905215947
480.0|1.0|0.36|0.0|0|2.162495214222583|4.32499042844516|6.487485642667743|8.649980856890327
480.2|1.0|0.36|0.0|0|3.2623011455475384|6.524602291095067|9.786903436642605|13.049204582190143
480.4|1.0|0.36|0.0|0|2.999962115908859|5.99992423181771|8.99988634772657|11.999848463635429
480.6|1.0|0.36|0.0|0|3.3001385052292638|6.600277010458519|9.900415515687781|13.200554020917046
480.8|1.0|0.36|0.0|0|2.5945618303137623|5.1891236606275175|7.783685490941279|10.378247321255042
481.0|1.0|0.36|0.0|0|2.0707846599974453|4.141569319994885|6.212353979992331|8.283138639989776
481.2|1.0|0.36|0.0|0|2.852576589694366|5.705153179388724|8.557729769083089|11.410306358777454
481.4|1.0|0.36|0.0|0|2.853837835415036|5.707675670830064|8.5615135062451|11.415351341660136
481.6|1.0|0.36|0.0|0|3.1168975760828497|6.233795152165691|9.350692728248541|12.467590304331392
481.8|1.0|0.36|0.0|0|2.8905941277014815|5.781188255402955|8.671782383104437|11.562376510805919
482.0|1.0|0.36|0.0|0|2.443212389741095|4.886424779482184|7.329637169223279|9.772849558964374
482.2|1.0|0.36|0.0|0|3.0671684740774827|6.134336948154957|9.20150542223244|12.268673896309922
482.4|1.0|0.36|0.0|0|1.9689841448393435|3.9379682896786816|5.906952434518025|7.875936579357369
482.6|1.0|0.36|0.0|0|2.6812274021591316|5.362454804318256|8.043682206477387|10.72490960863652
482.8|1.0|0.36|0.0|0|3.2150945343385713|6.430189068677134|9.645283603015704|12.860378137354276
483.0|1.0|0.36|0.0|0|2.8889725263667088|5.7779450527334095|8.666917579100117|11.555890105466826
483.2|1.0|0.36|0.0|0|3.3641016616357984|6.728203323271588|10.092304984907386|13.456406646543185
483.4|1.0|0.36|0.0|0|2.9864487730118006|5.972897546023593|8.959346319035394|11.945795092047195
483.6|1.0|0.36|0.0|0|2.826811149346179|5.65362229869235|8.480433448038529|11.307244597384708
483.8|1.0|0.36|0.0|0|3.1682482783484764|6.336496556696945|9.504744835045422|12.672993113393899
484.0|1.0|0.36|0.0|0|2.84356769500708|5.687135390014152|8.530703085021232|11.374270780028311
484.2|1.0|0.36|0.0|0|3.2792378683626913|6.558475736725374|9.837713605088066|13.116951473450756
484.4|1.0|0.36|0.0|0|3.090051068830074|6.180102137660139|9.270153206490212|12.360204275320287
484.6|1.0|0.36|0.0|0|2.7030289284256312|5.4060578568512545|8.109086785276887|10.812115713702516
484.8|1.0|0.36|0.0|0|2.9396025175508136|5.879205035101619|8.818807552652434|11.758410070203247
485.0|1.0|0.36|0.0|0|2.5192474658723243|5.0384949317446415|7.557742397616966|10.07698986348929
485.2|1.0|0.36|0.0|0|2.530778851598736|5.061557703197465|7.592336554796201|10.123115406394938
485.4|1.0|0.36|0.0|0|3.1118525947799234|6.223705189559839|9.335557784339763|12.447410379119685
485.6|1.0|0.36|0.0|0|2.904107470728343|5.808214941456678|8.71232241218502|11.616429882913364
485.8|1.0|0.36|0.0|0|3.114375085409268|6.228750170818527|9.343125256227795|12.457500341637063
486.0|1.0|0.36|0.0|0|2.7644695940311093|5.5289391880622105|8.29340878209332|11.057878376124428
486.2|1.0|0.36|0.0|0|3.0495110399369176|6.099022079873827|9.148533119810745|12.198044159747662
486.4|1.0|0.36|0.0|0|2.8947382192354443|5.789476438470881|8.684214657706324|11.578952876941768
486.6|1.0|0.36|0.0|0|2.7862711204320685|5.572542240864129|8.358813361296198|11.145084481728265
486.8|1.0|0.36|0.0|0|2.537445434284748|5.074890868569489|7.612336302854237|10.149781737138985
487.0|1.0|0.36|0.0|0|2.356006284361358|4.7120125687227095|7.068018853084068|9.424025137445426
487.2|1.0|0.36|0.0|0|2.267719110135806|4.5354382202716055|6.803157330407411|9.070876440543218
487.4|1.0|0.36|0.0|0|1.8024997601629018|3.6049995203257987|5.4074992804887|7.209999040651602
487.6|1.0|0.36|0.0|0|2.2457374063500923|4.4914748127001785|6.73721221905027|8.982949625400362
487.8|1.0|0.36|0.0|0|2.700866794160104|5.401733588320201|8.102600382480304|10.803467176640408
488.0|1.0|0.36|0.0|0|2.8754591836861825|5.750918367372357|8.626377551058539|11.501836734744723
488.2|1.0|0.36|0.0|0|2.667714059258581|5.335428118517154|8.003142177775734|10.670856237034316
488.4|1.0|0.36|0.0|0|2.626993852950984|5.253987705901961|7.8809815588529455|10.50797541180393
488.6|1.0|0.36|0.0|0|2.3936634661478475|4.787326932295689|7.180990398443536|9.574653864591385
488.8|1.0|0.36|0.0|0|2.2468184734840198|4.493636946968033|6.7404554204520535|8.987273893936074
489.0|1.0|0.36|0.0|0|2.328979598477601|4.657959196955196|6.986938795432797|9.3159183939104
489.2|1.0|0.36|0.0|0|2.310421274615803|4.620842549231599|6.931263823847402|9.241685098463206
489.4|1.0|0.36|0.0|0|3.091672669315015|6.183345338630021|9.275018007945036|12.366690677260051
489.6|1.0|0.36|0.0|0|2.6123994424135915|5.224798884827176|7.837198327240767|10.449597769654359
489.8|1.0|0.36|0.0|0|2.7578030117944605|5.515606023588914|8.273409035383374|11.031212047177835
490.0|1.0|0.36|0.0|0|2.3642944672348696|4.728588934469733|7.0928834017046025|9.457177868939473
490.2|1.0|0.36|0.0|0|2.7527580303954915|5.505516060790976|8.258274091186466|11.011032121581959
490.4|1.0|0.36|0.0|0|2.7778027592884635|5.555605518576919|8.333408277865383|11.111211037153845
490.6|1.0|0.36|0.0|0|2.691497542667787|5.382995085335566|8.074492628003354|10.765990170671142
490.8|1.0|0.36|0.0|0|2.139432441945539|4.278864883891072|6.418297325836611|8.557729767782149
491.0|1.0|0.36|0.0|0|2.2489806084532775|4.497961216906549|6.746941825359826|8.995922433813105
491.2|1.0|0.36|0.0|0|2.710596400625657|5.421192801251307|8.131789201876963|10.84238560250262
491.4|1.0|0.36|0.0|0|2.5736611929832747|5.147322385966542|7.720983578949817|10.294644771933092
491.6|1.0|0.36|0.0|0|2.634200969183587|5.268401938367167|7.902602907550754|10.536803876734341
491.8|1.0|0.36|0.0|0|2.276908183591442|4.553816367182878|6.83072455077432|9.107632734365763
492.0|1.0|0.36|0.0|0|2.407176808952938|4.814353617905869|7.221530426858807|9.628707235811746
492.2|1.0|0.36|0.0|0|2.290421526436696|4.5808430528733854|6.871264579310082|9.161686105746778
492.4|1.0|0.36|0.0|0|2.5500578880019042|5.100115776003801|7.650173664005706|10.20023155200761
492.6|1.0|0.36|0.0|0|2.5509587767033395|5.101917553406672|7.652876330110011|10.20383510681335
492.8|1.0|0.36|0.0|0|2.6821282919513783|5.364256583902749|8.046384875854129|10.728513167805506
493.0|1.0|0.36|0.0|0|2.7770820477156692|5.5541640954313305|8.331246143147|11.108328190862668
493.2|1.0|0.36|0.0|0|2.9833857486560036|5.966771497311999|8.950157245968002|11.933542994624005
493.4|1.0|0.36|0.0|0|2.1904227889259364|4.380845577851867|6.571268366777804|8.76169115570374
493.6|1.0|0.36|0.0|0|2.174206777823858|4.34841355564771|6.522620333471568|8.696827111295427
493.8|1.0|0.36|0.0|0|2.1533061411068792|4.306612282213753|6.459918423320632|8.613224564427512
494.0|1.0|0.36|0.0|0|2.4286179796140663|4.857235959228126|7.285853938842192|9.714471918456258
494.2|1.0|0.36|0.0|0|2.50032878570026|5.000657571400513|7.500986357100773|10.001315142801033
494.4|1.0|0.36|0.0|0|2.4486177270149367|4.897235454029867|7.345853181044804|9.79447090805974
494.6|1.0|0.36|0.0|0|2.0271816079714355|4.054363215942865|6.0815448239143|8.108726431885735
494.8|1.0|0.36|0.0|0|2.397086846249879|4.794173692499751|7.19126053874963|9.588347384999508
495.0|1.0|0.36|0.0|0|2.800685353399024|5.601370706798041|8.402056060197065|11.202741413596089
495.2|1.0|0.36|0.0|0|2.462491426267081|4.924982852534156|7.387474278801237|9.849965705068318
495.4|1.0|0.36|0.0|0|2.3390695611416614|4.678139122283317|7.017208683424978|9.35627824456664
495.6|1.0|0.36|0.0|0|2.123937142534416|4.247874285068827|6.371811427603243|8.495748570137659
495.8|1.0|0.36|0.0|0|2.4087984100036577|4.817596820007309|7.226395230010967|9.635193640014624
496.0|1.0|0.36|0.0|0|2.7412266443803697|5.482453288760732|8.223679933141101|10.964906577521472
496.2|1.0|0.36|0.0|0|2.190963322953905|4.381926645907804|6.572889968861709|8.763853291815614
496.4|1.0|0.36|0.0|0|2.3734835407917876|4.746967081583568|7.120450622375356|9.493934163167143
496.6|1.0|0.36|0.0|0|2.3810510133125375|4.762102026625068|7.143153039937606|9.524204053250143
496.8|1.0|0.36|0.0|0|2.6972632360365267|5.3945264720730455|8.091789708109573|10.789052944146098
497.0|1.0|0.36|0.0|0|2.773658667086859|5.5473173341737105|8.320976001260568|11.094634668347428
497.2|1.0|0.36|0.0|0|2.7678929746773817|5.535785949354755|8.303678924032138|11.07157189870952
497.4|1.0|0.36|0.0|0|2.6635699674766533|5.3271399349532995|7.990709902429953|10.654279869906606
497.6|1.0|0.36|0.0|0|3.102483343998322|6.204966687996635|9.307450031994959|12.40993337599328
497.8|1.0|0.36|0.0|0|3.318516652185356|6.6370333043707035|9.95554995655606|13.274066608741416
498.0|1.0|0.36|0.0|0|3.2219412943476375|6.443882588695266|9.665823883042902|12.887765177390541
498.2|1.0|0.36|0.0|0|2.8763600727345353|5.752720145469063|8.629080218203597|11.505440290938134
498.4|1.0|0.36|0.0|0|2.7963610832631844|5.592722166526362|8.389083249789547|11.18544433305273
498.6|1.0|0.36|0.0|0|2.4770858357823475|4.954171671564688|7.431257507347036|9.908343343129383
498.8|1.0|0.36|0.0|0|2.4988873624714345|4.997774724942863|7.496662087414297|9.995549449885731
499.0|1.0|0.36|0.0|0|3.2077072402637015|6.415414480527394|9.623121720791096|12.830828961054797
499.2|1.0|0.36|0.0|0|2.727533124068871|5.455066248137734|8.182599372206605|10.910132496275475
499.4|1.0|0.36|0.0|0|2.7779829367290976|5.555965873458187|8.333948810187284|11.111931746916381
499.6|1.0|0.36|0.0|0|2.451860929153629|4.903721858307251|7.35558278746088|9.80744371661451
499.8|1.0|0.36|0.0|0|2.3071780717291426|4.614356143458278|6.921534215187421|9.228712286916563
500.0|1.0|0.36|0.0|0|2.521589778894561|5.043179557789115|7.564769336683676|10.086359115578237
500.2|1.0|0.36|0.0|0|1.908444367678605|3.8168887353572045|5.725333103035809|7.633777470714414
500.4|1.0|0.36|0.0|0|2.5062746569362955|5.012549313872585|7.51882397080888|10.025098627745177
500.6|1.0|0.36|0.0|0|2.947890701180443|5.895781402360877|8.843672103541321|11.791562804721764
500.8|1.0|0.36|0.0|0|2.122135363499985|4.244270726999964|6.366406090499949|8.488541453999934
501.0|1.0|0.36|0.0|0|2.6233902944455645|5.246780588891122|7.870170883336686|10.49356117778225
501.2|1.0|0.36|0.0|0|2.493662203073038|4.98732440614607|7.480986609219108|9.974648812292145
501.4|1.0|0.36|0.0|0|2.780505427722822|5.561010855445636|8.341516283168458|11.122021710891278
501.6|1.0|0.36|0.0|0|2.6217686934373363|5.2435373868746655|7.865306080312002|10.487074773749338
501.8|1.0|0.36|0.0|0|3.1448251514503527|6.2896503029006965|9.43447545435105|12.579300605801402
502.0|1.0|0.36|0.0|0|2.722488142464429|5.44497628492885|8.167464427393279|10.889952569857707
502.2|1.0|0.36|0.0|0|2.905729071545068|5.811458143090128|8.717187214635196|11.622916286180264
502.4|1.0|0.36|0.0|0|2.3062771821557564|4.612554364311507|6.918831546467263|9.22510872862302
502.6|1.0|0.36|0.0|0|2.891314839106638|5.782629678213268|8.673944517319905|11.565259356426543
502.8|1.0|0.36|0.0|0|2.929512555322147|5.859025110644286|8.788537665966432|11.718050221288578
503.0|1.0|0.36|0.0|0|2.999781937858209|5.99956387571641|8.99934581357462|11.999127751432827
503.2|1.0|0.36|0.0|0|2.9462691000092334|5.892538200018459|8.838807300027693|11.785076400036926
503.4|1.0|0.36|0.0|0|2.5587064274039606|5.117412854807914|7.676119282211875|10.234825709615835
503.6|1.0|0.36|0.0|0|2.519067287933433|5.0381345758668585|7.557201863800292|10.076269151733724
503.8|1.0|0.36|0.0|0|2.7367221965146045|5.473444393029201|8.210166589543805|10.946888786058409
504.0|1.0|0.36|0.0|0|3.261580433803031|6.5231608676060535|9.784741301409085|13.046321735212116
504.2|1.0|0.36|0.0|0|2.6484350233426106|5.296870046685214|7.945305070027825|10.593740093370435
504.4|1.0|0.36|0.0|0|3.2118513318453945|6.42370266369078|9.635553995536174|12.84740532738157
504.6|1.0|0.36|0.0|0|2.8940175078774364|5.788035015754865|8.6820525236323|11.576070031509737
504.8|1.0|0.36|0.0|0|2.383573503496593|4.76714700699318|7.150720510489773|9.534294013986365
505.0|1.0|0.36|0.0|0|2.7695145757577873|5.5390291515155665|8.308543727273355|11.078058303031142
505.2|1.0|0.36|0.0|0|2.1736662442988037|4.347332488597601|6.520998732896405|8.69466497719521
505.4|1.0|0.36|0.0|0|3.0439255247020656|6.087851049404122|9.131776574106189|12.175702098808253
505.6|1.0|0.36|0.0|0|3.212572043473486|6.425144086946963|9.637716130420449|12.850288173893935
505.8|1.0|0.36|0.0|0|2.9696922281559117|5.939384456311815|8.909076684467728|11.878768912623638
506.0|1.0|0.36|0.0|0|2.491139713159066|4.982279426318125|7.473419139477191|9.964558852636257
506.2|1.0|0.36|0.0|0|3.0190609738702214|6.038121947740435|9.057182921610655|12.076243895480877
506.4|1.0|0.36|0.0|0|2.7981628624838804|5.596325724967753|8.394488587451633|11.192651449935513
506.6|1.0|0.36|0.0|0|3.0042863858252558|6.0085727716505035|9.01285915747576|12.017145543301014
506.8|1.0|0.36|0.0|0|3.621395709916254|7.242791419832498|10.864187129748752|14.485582839665007
507.0|1.0|0.36|0.0|0|3.282661248706284|6.565322497412559|9.847983746118842|13.130644994825127
507.2|1.0|0.36|0.0|0|3.1487890652939705|6.297578130587932|9.446367195881903|12.595156261175873
507.4|1.0|0.36|0.0|0|2.5722197699762206|5.144439539952434|7.716659309928654|10.288879079904875
507.6|1.0|0.36|0.0|0|2.7619471033674223|5.523894206734837|8.28584131010226|11.047788413469682
507.8|1.0|0.36|0.0|0|3.203382970751266|6.406765941502523|9.61014891225379|12.813531883005055
508.0|1.0|0.36|0.0|0|2.7426680674561092|5.4853361349122105|8.22800420236832|10.970672269824428
508.2|1.0|0.36|0.0|0|2.822486879408246|5.644973758816484|8.467460638224729|11.289947517632974
508.4|1.0|0.36|0.0|0|2.2315033518202854|4.4630067036405645|6.69451005546085|8.926013407281136
508.6|1.0|0.36|0.0|0|2.6215885159879715|5.243177031975935|7.8647655479639065|10.486354063951879
508.8|1.0|0.36|0.0|0|3.170770769502854|6.341541539005699|9.512312308508553|12.683083078011407
509.0|1.0|0.36|0.0|0|2.0983518803777423|4.196703760755479|6.295055641133222|8.393407521510964
509.2|1.0|0.36|0.0|0|2.4432123896229334|4.886424779245861|7.329637168868794|9.772849558491727
509.4|1.0|0.36|0.0|0|2.528256360545058|5.056512721090109|7.584769081635168|10.113025442180225
509.6|1.0|0.36|0.0|0|2.640146839769443|5.280293679538879|7.920440519308322|10.560587359077765
509.8|1.0|0.36|0.0|0|2.4994278963643612|4.998855792728716|7.4982836890930775|9.997711585457438
510.0|1.0|0.36|0.0|0|2.989151441948491|5.978302883896974|8.967454325845464|11.956605767793956
510.2|1.0|0.36|0.0|0|2.572039591648502|5.144079183296997|7.716118774945498|10.288158366594
510.4|1.0|0.36|0.0|0|2.1035770394152515|4.207154078830497|6.310731118245749|8.414308157661
510.6|1.0|0.36|0.0|0|2.0347490792849583|4.069498158569911|6.10424723785487|8.138996317139828
510.8|1.0|0.36|0.0|0|2.5423102375381883|5.0846204750763695|7.626930712614557|10.169240950152746
511.0|1.0|0.36|0.0|0|2.771136176591974|5.542272353183941|8.313408529775915|11.08454470636789
511.2|1.0|0.36|0.0|0|2.7578030117473125|5.515606023494617|8.27340903524193|11.031212046989243
511.4|1.0|0.36|0.0|0|2.4862749094073684|4.97254981881473|7.458824728222098|9.945099637629466
511.6|1.0|0.36|0.0|0|2.8394236026308524|5.678847205261697|8.518270807892549|11.357694410523402
511.8|1.0|0.36|0.0|0|2.8974408881028673|5.7948817762057265|8.692322664308595|11.589763552411462
512.0|1.0|0.36|0.0|0|3.020142040921494|6.04028408184298|9.060426122764474|12.08056816368597
512.2|1.0|0.36|0.0|0|2.8334777316858553|5.6669554633717025|8.500433195057557|11.333910926743412
512.4|1.0|0.36|0.0|0|3.1210416678385835|6.242083335677159|9.363125003515743|12.484166671354327
512.6|1.0|0.36|0.0|0|2.577805285107463|5.155610570214919|7.733415855322382|10.311221140429845
512.8|1.0|0.36|0.0|0|2.7889737889199777|5.577947577839947|8.366921366759925|11.155895155679902
513.0|1.0|0.36|0.0|0|3.1709509475762054|6.341901895152402|9.512852842728607|12.683803790304813
513.2|1.0|0.36|0.0|0|2.70591177476221|5.411823549524413|8.117735324286622|10.823647099048832
513.4|1.0|0.36|0.0|0|2.788973789282029|5.577947578564051|8.36692136784608|11.155895157128109
513.6|1.0|0.36|0.0|0|3.1008617425902076|6.201723485180406|9.302585227770614|12.403446970360822
513.8|1.0|0.36|0.0|0|2.042857085271973|4.08571417054394|6.128571255815913|8.171428341087887
514.0|1.0|0.36|0.0|0|2.1194326951069544|4.238865390213903|6.3582980853208575|8.47773078042781
514.2|1.0|0.36|0.0|0|2.1212344743404556|4.242468948680905|6.363703423021361|8.484937897361817
514.4|1.0|0.36|0.0|0|2.495463982042277|4.9909279640845465|7.486391946126823|9.9818559281691
514.6|1.0|0.36|0.0|0|2.745370736019688|5.490741472039369|8.236112208059057|10.981482944078746
514.8|1.0|0.36|0.0|0|2.656002495348805|5.312004990697603|7.968007486046408|10.624009981395213
515.0|1.0|0.36|0.0|0|3.150771022106058|6.301542044212107|9.452313066318165|12.603084088424223
515.2|1.0|0.36|0.0|0|2.972935430072251|5.945870860144493|8.918806290216743|11.891741720288994
515.4|1.0|0.36|0.0|0|2.5972644982166844|5.194528996433362|7.7917934946500464|10.38905799286673
515.6|1.0|0.36|0.0|0|2.76104621385108|5.522092427702153|8.283138641553233|11.044184855404312
515.8|1.0|0.36|0.0|0|2.9605031547840945|5.92100630956818|8.881509464352275|11.84201261913637
516.0|1.0|0.36|0.0|0|2.4987071847292848|4.997414369458563|7.496121554187848|9.994828738917134
516.2|1.0|0.36|0.0|0|2.9278909535758455|5.855781907151683|8.78367286072753|11.711563814303375
516.4|1.0|0.36|0.0|0|2.764649771849511|5.529299543699014|8.293949315548526|11.058599087398036
516.6|1.0|0.36|0.0|0|2.2549264790088657|4.509852958017725|6.764779437026591|9.019705916035457
516.8|1.0|0.36|0.0|0|2.3565468179428737|4.713093635885741|7.069640453828615|9.42618727177149
517.0|1.0|0.36|0.0|0|3.0605018916021827|6.1210037832043565|9.18150567480654|12.242007566408722
517.2|1.0|0.36|0.0|0|2.3289795981976225|4.657959196395239|6.986938794592861|9.315918392790483
517.4|1.0|0.36|0.0|0|2.1545673859823746|4.309134771964743|6.463702157947118|8.618269543929493
517.6|1.0|0.36|0.0|0|2.9469898118451265|5.893979623690244|8.84096943553537|11.787959247380497
517.8|1.0|0.36|0.0|0|3.2091486632014887|6.418297326402969|9.627445989604457|12.836594652805946
518.0|1.0|0.36|0.0|0|2.4223117530462352|4.844623506092464|7.266935259138699|9.689247012184934
518.2|1.0|0.36|0.0|0|3.08230341811199|6.164606836223972|9.246910254335962|12.329213672447953
518.4|1.0|0.36|0.0|0|2.58789524779015|5.1757904955802925|7.763685743370442|10.351580991160592
518.6|1.0|0.36|0.0|0|2.4078975203057076|4.815795040611408|7.223692560917115|9.631590081222823
518.8|1.0|0.36|0.0|0|2.7030289285286586|5.40605785705731|8.10908678558597|10.812115714114627
519.0|1.0|0.36|0.0|0|2.796721439348187|5.593442878696366|8.390164318044553|11.18688575739274
519.2|1.0|0.36|0.0|0|2.7475328714045486|5.49506574280909|8.24259861421364|10.990131485618187
519.4|1.0|0.36|0.0|0|3.4035606229433353|6.807121245886662|10.210681868829997|13.614242491773332
519.6|1.0|0.36|0.0|0|2.5046530556539097|5.009306111307812|7.513959166961722|10.018612222615632
519.8|1.0|0.36|0.0|0|2.5702378126111602|5.140475625222313|7.710713437833474|10.280951250444634
520.0|1.0|0.36|0.0|0|2.5617694512498588|5.1235389024997104|7.685308353749569|10.247077804999428
520.2|1.0|0.36|0.0|0|2.988070374183592|5.976140748367176|8.964211122550768|11.952281496734361
520.4|1.0|0.36|0.0|0|2.6089760622673226|5.217952124534638|7.82692818680196|10.435904249069283
520.6|1.0|0.36|0.0|0|3.1001410307432553|6.200282061486502|9.300423092229757|12.400564122973012
520.8|1.0|0.36|0.0|0|2.135468528979693|4.2709370579593795|6.406405586939072|8.541874115918764
521.0|1.0|0.36|0.0|0|3.545720989733239|7.0914419794664685|10.637162969199707|14.182883958932946
521.2|1.0|0.36|0.0|0|2.7132990694645582|5.426598138929109|8.139897208393668|10.853196277858226
521.4|1.0|0.36|0.0|0|2.475284057146639|4.950568114293271|7.42585217143991|9.90113622858655
521.6|1.0|0.36|0.0|0|2.596183431101965|5.192366862203923|7.788550293305889|10.384733724407853
521.8|1.0|0.36|0.0|0|2.8250093707500517|5.650018741500095|8.475028112250147|11.3000374830002
522.0|1.0|0.36|0.0|0|3.2700487950828423|6.540097590165675|9.810146385248517|13.080195180331359
522.2|1.0|0.36|0.0|0|2.9866289509809603|5.9732579019619125|8.959886852942873|11.946515803923832
522.4|1.0|0.36|0.0|0|2.3289795981469816|4.657959196293957|6.986938794440939|9.315918392587921
522.6|1.0|0.36|0.0|0|2.6997857263364153|5.399571452672824|8.099357179009239|10.799142905345654
522.8|1.0|0.36|0.0|0|2.730776326180205|5.461552652360403|8.192328978540608|10.923105304720814
523.0|1.0|0.36|0.0|0|2.538346323940207|5.076692647880407|7.6150389718206135|10.15338529576082
523.2|1.0|0.36|0.0|0|2.6536601828498556|5.307320365699704|7.96098054854956|10.614640731399415
523.4|1.0|0.36|0.0|0|2.599967167153957|5.1999343343079065|7.799901501461863|10.39986866861582
523.6|1.0|0.36|0.0|0|2.4862749089667364|4.972549817933466|7.458824726900202|9.945099635866939
523.8|1.0|0.36|0.0|0|2.781226139221692|5.562452278443376|8.34367841766507|11.124904556886761
524.0|1.0|0.36|0.0|0|2.943566431831571|5.887132863663134|8.830699295494705|11.774265727326275
524.2|1.0|0.36|0.0|0|2.4736624557612252|4.947324911522443|7.420987367283669|9.894649823044894
524.4|1.0|0.36|0.0|0|2.492220780172504|4.984441560345001|7.476662340517505|9.968883120690009
524.6|1.0|0.36|0.0|0|2.980863257675085|5.961726515350162|8.942589773025247|11.923453030700331
524.8|1.0|0.36|0.0|0|2.798343040076436|5.596686080152865|8.395029120229301|11.193372160305737
525.0|1.0|0.36|0.0|0|2.598886099693484|5.197772199386961|7.796658299080445|10.395544398773929
525.2|1.0|0.36|0.0|0|2.1196128731285007|4.239225746256996|6.358838619385496|8.478451492513997
525.4|1.0|0.36|0.0|0|2.8428469831362624|5.685693966272517|8.528540949408779|11.371387932545042
525.6|1.0|0.36|0.0|0|2.7765415138629055|5.553083027725804|8.329624541588709|11.106166055451615
525.8|1.0|0.36|0.0|0|2.943746609301891|5.887493218603773|8.831239827905664|11.774986437207556
526.0|1.0|0.36|0.0|0|2.3886184846627314|4.777236969325457|7.165855453988188|9.554473938650919
526.2|1.0|0.36|0.0|0|2.726632234267311|5.453264468534614|8.179896702801924|10.906528937069236
526.4|1.0|0.36|0.0|0|2.974737209632297|5.949474419264585|8.924211628896883|11.89894883852918
526.6|1.0|0.36|0.0|0|3.042303923515722|6.084607847031435|9.126911770547158|12.16921569406288
526.8|1.0|0.36|0.0|0|2.895458931214528|5.790917862429048|8.686376793643575|11.581835724858104
527.0|1.0|0.36|0.0|0|3.0462678372266265|6.092535674453244|9.138803511679871|12.185071348906497
527.2|1.0|0.36|0.0|0|2.7033892846485856|5.406778569297164|8.11016785394575|10.813557138594335
527.4|1.0|0.36|0.0|0|2.8102347819262676|5.620469563852527|8.430704345778794|11.240939127705062
527.6|1.0|0.36|0.0|0|3.3722096670174535|6.744419334034898|10.11662900105235|13.488838668069805
527.8|1.0|0.36|0.0|0|2.8451892958011036|5.6903785916022|8.535567887403303|11.380757183204407
528.0|1.0|0.36|0.0|0|2.7999646410433368|5.5999292820866655|8.399893923130003|11.19985856417334
528.2|1.0|0.36|0.0|0|2.650236802795555|5.300473605591103|7.950710408386658|10.600947211182213
528.4|1.0|0.36|0.0|0|2.5729404817568162|5.145880963513625|7.718821445270441|10.291761927027258
528.6|1.0|0.36|0.0|0|3.430587308424295|6.861174616848581|10.291761925272876|13.722349233697171
528.8|1.0|0.36|0.0|0|2.532580630864252|5.0651612617284965|7.597741892592748|10.130322523457
529.0|1.0|0.36|0.0|0|2.8772609628003583|5.7545219256007085|8.631782888401066|11.509043851201424
529.2|1.0|0.36|0.0|0|2.3651953567733313|4.730390713546655|7.095586070319986|9.460781427093318
529.4|1.0|0.36|0.0|0|2.852036055482461|5.704072110964914|8.556108166447375|11.408144221929836
529.6|1.0|0.36|0.0|0|2.651858403513327|5.303716807026646|7.955575210539973|10.6074336140533
529.8|1.0|0.36|0.0|0|2.361591799129967|4.7231835982599275|7.084775397389894|9.44636719651986
530.0|1.0|0.36|0.0|0|2.576183683892598|5.152367367785189|7.728551051677787|10.304734735570385
530.2|1.0|0.36|0.0|0|2.4468159480375493|4.8936318960750915|7.340447844112641|9.78726379215019
530.4|1.0|0.36|0.0|0|2.589877204197112|5.179754408394217|7.769631612591329|10.359508816788441
530.6|1.0|0.36|0.0|0|2.5576253595604816|5.115250719120956|7.672876078681438|10.23050143824192
530.8|1.0|0.36|0.0|0|2.8637476198183167|5.727495239636625|8.591242859454942|11.454990479273258
531.0|1.0|0.36|0.0|0|2.596363609134571|5.192727218269135|7.789090827403706|10.385454436538277
531.2|1.0|0.36|0.0|0|2.2448365169757762|4.489673033951546|6.734509550927323|8.9793460679031
531.4|1.0|0.36|0.0|0|2.460869824566182|4.921739649132357|7.3826094736985395|9.843479298264722
531.6|1.0|0.36|0.0|0|2.6569033848040293|5.3138067696080515|7.970710154412081|10.62761353921611
531.8|1.0|0.36|0.0|0|2.4223117530945477|4.844623506189088|7.2669352592836365|9.689247012378184
532.0|1.0|0.36|0.0|0|2.2826738767966184|4.5653477535932305|6.848021630389849|9.130695507186466
532.2|1.0|0.36|0.0|0|2.463752671304394|4.927505342608781|7.391258013913175|9.855010685217568
532.4|1.0|0.36|0.0|0|2.445194347076469|4.890388694152932|7.335583041229402|9.780777388305872
532.6|1.0|0.36|0.0|0|2.3435740084451413|4.6871480168902755|7.030722025335417|9.374296033780558
532.8|1.0|0.36|0.0|0|2.3963661346008323|4.792732269201658|7.1890984038024905|9.585464538403324
533.0|1.0|0.36|0.0|0|2.3684385595918886|4.736877119183771|7.10531567877566|9.473754238367547
533.2|1.0|0.36|0.0|0|2.921044193573182|5.842088387146356|8.763132580719539|11.684176774292721
533.4|1.0|0.36|0.0|0|2.4457348806475077|4.891469761295009|7.337204641942517|9.782939522590025
533.6|1.0|0.36|0.0|0|1.875651989583859|3.7513039791677127|5.626955968751572|7.502607958335431
533.8|1.0|0.36|0.0|0|2.208620757624742|4.4172415152494775|6.625862272874219|8.83448303049896
534.0|1.0|0.36|0.0|0|2.030604987530971|4.061209975061936|6.091814962592907|8.122419950123877
534.2|1.0|0.36|0.0|0|2.197990261603265|4.395980523206524|6.593970784809789|8.791961046413055
534.4|1.0|0.36|0.0|0|2.3601503757596967|4.720300751519387|7.080451127279084|9.440601503038781
534.6|1.0|0.36|0.0|0|2.5709585245419317|5.141917049083856|7.712875573625788|10.28383409816772
534.8|1.0|0.36|0.0|0|2.363393578096877|4.726787156193748|7.090180734290625|9.453574312387502
535.0|1.0|0.36|0.0|0|2.292763839222609|4.585527678445212|6.878291517667821|9.171055356890431
535.2|1.0|0.36|0.0|0|2.127180344936789|4.254360689873572|6.381541034810361|8.50872137974715
535.4|1.0|0.36|0.0|0|2.379789767441109|4.759579534882212|7.1393693023233205|9.519159069764429
535.6|1.0|0.36|0.0|0|2.879242919608953|5.758485839217898|8.637728758826851|11.516971678435805
535.8|1.0|0.36|0.0|0|2.5828502656758086|5.16570053135161|7.748550797027419|10.331401062703227
536.0|1.0|0.36|0.0|0|2.829333640384141|5.658667280768274|8.488000921152416|11.317334561536557
536.2|1.0|0.36|0.0|0|2.727533123340693|5.455066246681378|8.182599370022071|10.910132493362765
536.4|1.0|0.36|0.0|0|3.1531133349798646|6.306226669959721|9.459340004939586|12.612453339919451
536.6|1.0|0.36|0.0|0|2.0943879663251592|4.188775932650312|6.283163898975472|8.377551865300632
536.8|1.0|0.36|0.0|0|2.6552817837958016|5.310563567591595|7.965845351387397|10.6211271351832
537.0|1.0|0.36|0.0|0|3.2691479058284343|6.538295811656859|9.807443717485294|13.076591623313728
537.2|1.0|0.36|0.0|0|2.817622076477858|5.635244152955708|8.452866229433566|11.270488305911424
537.4|1.0|0.36|0.0|0|2.646813422234848|5.293626844469688|7.9404402667045355|10.587253688939384
537.6|1.0|0.36|0.0|0|3.0538353091559864|6.107670618311965|9.161505927467951|12.215341236623937
537.8|1.0|0.36|0.0|0|2.713299068917406|5.426598137834805|8.139897206752211|10.853196275669617
538.0|1.0|0.36|0.0|0|2.3230337273748614|4.646067454749716|6.969101182124577|9.292134909499438
538.2|1.0|0.36|0.0|0|2.5305986736074577|5.061197347214908|7.5917960208223665|10.122394694429824
538.4|1.0|0.36|0.0|0|2.7713163549761544|5.542632709952302|8.313949064928456|11.08526541990461
538.6|1.0|0.36|0.0|0|2.7752802683372306|5.550560536674454|8.325840805011685|11.101121073348915
538.8|1.0|0.36|0.0|0|2.989151441240686|5.978302882481364|8.96745432372205|11.956605764962735
539.0|1.0|0.36|0.0|0|2.4812299277365697|4.962459855473132|7.4436897832097015|9.924919710946272
539.2|1.0|0.36|0.0|0|2.396366134256825|4.792732268513643|7.189098402770469|9.585464537027294
539.4|1.0|0.36|0.0|0|2.3255562185228356|4.651112437045665|6.976668655568501|9.302224874091337
539.6|1.0|0.36|0.0|0|2.1651978827023433|4.33039576540468|6.4955936481070236|8.660791530809368
539.8|1.0|0.36|0.0|0|2.3533036155515603|4.706607231103114|7.059910846654675|9.413214462206236
540.0|1.0|0.36|0.0|0|2.6158228228759275|5.231645645751848|7.847468468627776|10.463291291503703
540.2|1.0|0.36|0.0|0|2.68374989237753|5.3674997847550525|8.051249677132581|10.734999569510112
540.4|1.0|0.36|0.0|0|2.7089747996768008|5.4179495993535935|8.126924399030395|10.835899198707196
540.6|1.0|0.36|0.0|0|2.95365639469703|5.907312789394052|8.860969184091081|11.814625578788112
540.8|1.0|0.36|0.0|0|2.040514772692115|4.081029545384224|6.12154431807634|8.162059090768455
541.0|1.0|0.36|0.0|0|2.9529356831364595|5.90587136627291|8.85880704940937|11.811742732545829
541.2|1.0|0.36|0.0|0|2.8208652787568305|5.641730557513653|8.462595836270484|11.283461115027315
541.4|1.0|0.36|0.0|0|2.9756380987860056|5.951276197572003|8.926914296358008|11.902552395144014
541.6|1.0|0.36|0.0|0|2.9882505516882545|5.976501103376501|8.964751655064756|11.95300220675301
541.8|1.0|0.36|0.0|0|3.1329334097070416|6.265866819414074|9.398800229121116|12.531733638828157
542.0|1.0|0.36|0.0|0|2.6905966534139614|5.381193306827915|8.071789960241876|10.762386613655837
542.2|1.0|0.36|0.0|0|2.642669330756182|5.285338661512357|7.928007992268539|10.570677323024722
542.4|1.0|0.36|0.0|0|2.7125783575989795|5.425156715197952|8.13773507279693|10.85031343039591
542.6|1.0|0.36|0.0|0|2.2315033513406544|4.4630067026813025|6.694510054021957|8.926013405362612
542.8|1.0|0.36|0.0|0|2.9495123025879755|5.899024605175943|8.848536907763918|11.798049210351895
543.0|1.0|0.36|0.0|0|2.940143051384951|5.880286102769894|8.820429154154844|11.760572205539795
543.2|1.0|0.36|0.0|0|2.8435676948656354|5.687135389731263|8.530703084596897|11.374270779462533
543.4|1.0|0.36|0.0|0|3.0605018918495652|6.121003783699122|9.181505675548687|12.242007567398252
543.6|1.0|0.36|0.0|0|3.312030247309015|6.624060494618021|9.936090741927037|13.248120989236051
543.8|1.0|0.36|0.0|0|2.6250118960614803|5.250023792122954|7.875035688184434|10.500047584245914
544.0|1.0|0.36|0.0|0|3.232751968426167|6.4655039368523255|9.698255905278492|12.93100787370466
544.2|1.0|0.36|0.0|0|2.7671722629683817|5.534344525936755|8.301516788905136|11.068689051873518
544.4|1.0|0.36|0.0|0|2.9907730427640518|5.981546085528095|8.972319128292147|11.963092171056198
544.6|1.0|0.36|0.0|0|2.9150983224867404|5.830196644973473|8.745294967460213|11.660393289946953
544.8|1.0|0.36|0.0|0|2.6660924588592048|5.332184917718402|7.998277376577607|10.664369835436812
545.0|1.0|0.36|0.0|0|3.2961745916702814|6.592349183340554|9.888523775010835|13.184698366681117
545.2|1.0|0.36|0.0|0|2.8662701101641894|5.732540220328371|8.59881033049256|11.46508044065675
545.4|1.0|0.36|0.0|0|3.223743073103254|6.447486146206499|9.671229219309753|12.894972292413007
545.6|1.0|0.36|0.0|0|2.6316784779372417|5.2633569558744755|7.895035433811717|10.526713911748958
545.8|1.0|0.36|0.0|0|3.2907692543353217|6.581538508670634|9.872307763005956|13.163077017341278
546.0|1.0|0.36|0.0|0|2.3633935778815087|4.726787155763011|7.0901807336445195|9.453574311526028
546.2|1.0|0.36|0.0|0|2.7527580306917687|5.5055160613835294|8.258274092075299|11.011032122767066
546.4|1.0|0.36|0.0|0|2.8352795107284354|5.670559021456863|8.505838532185297|11.341118042913733
546.6|1.0|0.36|0.0|0|3.1120327726908754|6.224065545381742|9.336098318072617|12.448131090763493
546.8|1.0|0.36|0.0|0|2.6021293017716403|5.204258603543273|7.806387905314914|10.408517207086554
547.0|1.0|0.36|0.0|0|2.329700309825714|4.6594006196514215|6.989100929477136|9.31880123930285
547.2|1.0|0.36|0.0|0|2.4821308168838754|4.964261633767744|7.4463924506516195|9.928523267535494
547.4|1.0|0.36|0.0|0|2.196909193744652|4.393818387489298|6.59072758123395|8.787636774978601
547.6|1.0|0.36|0.0|0|2.5142024842451813|5.028404968490356|7.542607452735537|10.056809936980718
547.8|1.0|0.36|0.0|0|2.5367247224651535|5.0734494449303|7.610174167395453|10.146898889860607
548.0|1.0|0.36|0.0|0|2.598165388082855|5.196330776165703|7.7944961642485575|10.392661552331413
548.2|1.0|0.36|0.0|0|2.9060894275619673|5.812178855123927|8.718268282685894|11.624357710247862
548.4|1.0|0.36|0.0|0|2.662849255773474|5.325698511546941|7.988547767320415|10.651397023093889
548.6|1.0|0.36|0.0|0|2.914017255355723|5.828034510711438|8.742051766067162|11.656069021422883
548.8|1.0|0.36|0.0|0|2.946269100080829|5.89253820016165|8.838807300242479|11.785076400323307
549.0|1.0|0.36|0.0|0|2.894017507440879|5.78803501488175|8.682052522322628|11.576070029763507
549.2|1.0|0.36|0.0|0|2.4448339910333763|4.889667982066746|7.334501973100123|9.7793359641335
549.4|1.0|0.36|0.0|0|2.69221825409448|5.384436508188953|8.076654762283432|10.768873016377913
549.6|1.0|0.36|0.0|0|3.0385201874777|6.077040374955392|9.115560562433092|12.154080749910793
549.8|1.0|0.36|0.0|0|2.9587013757519918|5.917402751503975|8.876104127255967|11.834805503007958
550.0|1.0|0.36|0.0|0|2.8799636313243564|5.759927262648705|8.63989089397306|11.519854525297417
550.2|1.0|0.36|0.0|0|2.4936622028815347|4.987324405763063|7.4809866086445975|9.974648811526134
550.4|1.0|0.36|0.0|0|2.927710775613671|5.855421551227334|8.783132326841004|11.710843102454676
550.6|1.0|0.36|0.0|0|2.9648274245538078|5.9296548491076075|8.894482273661415|11.859309698215222
550.8|1.0|0.36|0.0|0|2.5078962575772334|5.01579251515446|7.523688772731693|10.031585030308927
551.0|1.0|0.36|0.0|0|2.367537669730957|4.735075339461908|7.102613009192864|9.47015067892382
551.2|1.0|0.36|0.0|0|2.974737209337184|5.9494744186743596|8.924211628011545|11.898948837348728
551.4|1.0|0.36|0.0|0|2.4315008259221234|4.8630016518442405|7.294502477766364|9.726003303688486
551.6|1.0|0.36|0.0|0|2.1345676389819728|4.26913527796394|6.403702916945913|8.538270555927886
551.8|1.0|0.36|0.0|0|2.7277133016055473|5.455426603211087|8.183139904816635|10.910853206422182
552.0|1.0|0.36|0.0|0|3.1714914809801877|6.342982961960367|9.514474442940553|12.685965923920742
552.2|1.0|0.36|0.0|0|3.085726798730905|6.171453597461801|9.257180396192707|12.342907194923612
552.4|1.0|0.36|0.0|0|2.707353198837957|5.414706397675906|8.122059596513864|10.82941279535182
552.6|1.0|0.36|0.0|0|3.276535199608773|6.553070399217537|9.82960559882631|13.106140798435083
552.8|1.0|0.36|0.0|0|3.208608129835341|6.417216259670673|9.625824389506015|12.834432519341355
553.0|1.0|0.36|0.0|0|3.0974383621790937|6.1948767243581795|9.292315086537274|12.389753448716368
553.2|1.0|0.36|0.0|0|3.153113334936791|6.306226669873573|9.459340004810365|12.612453339747155
553.4|1.0|0.36|0.0|0|2.7192449403257366|5.438489880651466|8.157734820977202|10.87697976130294
553.6|1.0|0.36|0.0|0|2.951314081541498|5.902628163082988|8.853942244624486|11.805256326165983
553.8|1.0|0.36|0.0|0|3.02843022443238|6.056860448864751|9.08529067329713|12.113720897729511
554.0|1.0|0.36|0.0|0|2.5862736462097407|5.172547292419474|7.758820938629214|10.345094584838955
554.2|1.0|0.36|0.0|0|2.5619496291439305|5.123899258287854|7.685848887431784|10.247798516575715
554.4|1.0|0.36|0.0|0|2.306997893729133|4.61399578745826|6.920993681187392|9.227991574916524
554.6|1.0|0.36|0.0|0|2.8224868797487606|5.644973759497513|8.467460639246273|11.289947518995033
554.8|1.0|0.36|0.0|0|2.71654227190302|5.433084543806032|8.149626815709052|10.866169087612072
555.0|1.0|0.36|0.0|0|2.5005089635413627|5.001017927082719|7.501526890624081|10.002035854165443
555.2|1.0|0.36|0.0|0|2.913476721210175|5.826953442420342|8.740430163630517|11.653906884840692
555.4|1.0|0.36|0.0|0|2.046460643277389|4.092921286554772|6.139381929832161|8.18584257310955
555.6|1.0|0.36|0.0|0|3.063204560312445|6.126409120624882|9.189613680937327|12.252818241249772
555.8|1.0|0.36|0.0|0|2.6459125332080315|5.291825066416056|7.9377375996240875|10.583650132832119
556.0|1.0|0.36|0.0|0|2.4482573712588076|4.896514742517609|7.344772113776417|9.793029485035223
556.2|1.0|0.36|0.0|0|2.4583473338978385|4.916694667795671|7.375042001693509|9.833389335591347
556.4|1.0|0.36|0.0|0|2.8325768419326076|5.665153683865207|8.497730525797815|11.330307367730422
556.6|1.0|0.36|0.0|0|3.2925710334110803|6.585142066822151|9.877713100233231|13.170284133644312
556.8|1.0|0.36|0.0|0|3.06122260354867|6.122445207097332|9.183667810646002|12.244890414194671
557.0|1.0|0.36|0.0|0|2.9327557573333642|5.8655115146667205|8.798267272000084|11.731023029333448
557.2|1.0|0.36|0.0|0|2.74032575512538|5.480651510250752|8.220977265376131|10.96130302050151
557.4|1.0|0.36|0.0|0|2.724109743428419|5.44821948685683|8.17232923028525|10.896438973713668
557.6|1.0|0.36|0.0|0|2.3542045048926976|4.708409009785389|7.062613514678087|9.416818019570785
557.8|1.0|0.36|0.0|0|3.2414005079341615|6.482801015868314|9.724201523802476|12.965602031736637
558.0|1.0|0.36|0.0|0|2.8536576572957006|5.707315314591394|8.560972971887095|11.414630629182795
558.2|1.0|0.36|0.0|0|2.9091524518484975|5.818304903696987|8.727457355545484|11.636609807393981
558.4|1.0|0.36|0.0|0|3.1395999922591753|6.279199984518343|9.418799976777517|12.558399969036694
558.6|1.0|0.36|0.0|0|2.5702378130069725|5.140475626013938|7.71071343902091|10.280951252027883
558.8|1.0|0.36|0.0|0|2.932035045510859|5.86407009102171|8.796105136532569|11.728140182043427
559.0|1.0|0.36|0.0|0|2.858702638779653|5.717405277559298|8.576107916338952|11.434810555118604
559.2|1.0|0.36|0.0|0|2.7410464668978265|5.482092933795645|8.223139400693471|10.964185867591297
559.4|1.0|0.36|0.0|0|2.014388976152988|4.028777952305971|6.043166928458959|8.057555904611947
559.6|1.0|0.36|0.0|0|2.53762561209209|5.075251224184173|7.612876836276263|10.150502448368353
559.8|1.0|0.36|0.0|0|2.8453694733529145|5.690738946705821|8.536108420058735|11.381477893411649
560.0|1.0|0.36|0.0|0|2.4869956211105477|4.973991242221088|7.4609868633316365|9.947982484442184
560.2|1.0|0.36|0.0|0|3.1462665749504257|6.2925331499008434|9.438799724851268|12.585066299801694
560.4|1.0|0.36|0.0|0|2.85798192700255|5.715963854005092|8.573945781007641|11.43192770801019
560.6|1.0|0.36|0.0|0|2.4331224272336134|4.86624485446722|7.2993672817008335|9.732489708934446
560.8|1.0|0.36|0.0|0|2.825910259969535|5.651820519939062|8.477730779908597|11.303641039878132
561.0|1.0|0.36|0.0|0|2.8873509256163405|5.774701851232673|8.662052776849013|11.549403702465353
561.2|1.0|0.36|0.0|0|2.8091537145857024|5.618307429171398|8.4274611437571|11.236614858342802
561.4|1.0|0.36|0.0|0|3.5021179368684563|7.004235873736904|10.50635381060536|14.008471747473816
561.6|1.0|0.36|0.0|0|3.6860795777261988|7.372159155452388|11.058238733178586|14.744318310904784
561.8|1.0|0.36|0.0|0|2.991673932148845|5.983347864297682|8.975021796446526|11.96669572859537
562.0|1.0|0.36|0.0|0|3.0446462364989593|6.08929247299791|9.133938709496869|12.178584945995828
562.2|1.0|0.36|0.0|0|3.0068088759866103|6.013617751973213|9.020426627959823|12.027235503946434
562.4|1.0|0.36|0.0|0|2.54086881433381|5.081737628667613|7.622606443001422|10.163475257335232
562.6|1.0|0.36|0.0|0|2.4601491127780193|4.920298225556032|7.380447338334052|9.840596451112072
562.8|1.0|0.36|0.0|0|1.9437592375394905|3.8875184750789757|5.8312777126184665|7.775036950157957
563.0|1.0|0.36|0.0|0|2.390420263891576|4.780840527783146|7.1712607916747215|9.561681055566298
563.2|1.0|0.36|0.0|0|2.6797859788127267|5.359571957625446|8.039357936438172|10.7191439152509
563.4|1.0|0.36|0.0|0|2.8578017484268665|5.715603496853725|8.573405245280592|11.431206993707457
563.6|1.0|0.36|0.0|0|2.77293795616308|5.545875912326152|8.318813868489233|11.091751824652313
563.8|1.0|0.36|0.0|0|2.8041087332554184|5.60821746651083|8.412326199766248|11.216434933021667
564.0|1.0|0.36|0.0|0|2.3709610501100564|4.741922100220106|7.112883150330163|9.483844200440219
564.2|1.0|0.36|0.0|0|2.6997857268457324|5.399571453691458|8.09935718053719|10.799142907382922
564.4|1.0|0.36|0.0|0|2.94284571969067|5.885691439381332|8.828537159072003|11.771382878762672
564.6|1.0|0.36|0.0|0|2.113486823902933|4.22697364780586|6.340460471708793|8.453947295611727
564.8|1.0|0.36|0.0|0|2.2945656187232837|4.589131237446561|6.883696856169845|9.178262474893128
565.0|1.0|0.36|0.0|0|2.2978088206436973|4.5956176412873875|6.893426461931085|9.191235282574782
565.2|1.0|0.36|0.0|0|2.507175545888606|5.014351091777205|7.5215266376658105|10.028702183554417
565.4|1.0|0.36|0.0|0|2.7250106330832957|5.4500212661665834|8.175031899249879|10.900042532333176
565.6|1.0|0.36|0.0|0|2.4736624558921925|4.947324911784378|7.42098736767657|9.894649823568763
565.8|1.0|0.36|0.0|0|2.5351031218405136|5.07020624368102|7.605309365521534|10.140412487362047
566.0|1.0|0.36|0.0|0|3.0118538577255123|6.023707715451016|9.035561573176528|12.04741543090204
566.2|1.0|0.36|0.0|0|2.545193084215282|5.090386168430557|7.635579252645838|10.180772336861121
566.4|1.0|0.36|0.0|0|2.8006853530212563|5.601370706042505|8.402056059063762|11.202741412085018
566.6|1.0|0.36|0.0|0|2.7151008484681394|5.430201696936272|8.14530254540441|10.86040339387255
566.8|1.0|0.36|0.0|0|2.7486139387229946|5.497227877445982|8.245841816168976|10.994455754891971
567.0|1.0|0.36|0.0|0|2.6163633567997047|5.232726713599401|7.8490900703991064|10.465453427198812
567.2|1.0|0.36|0.0|0|2.7059117751743202|5.411823550348633|8.117735325522954|10.823647100697274
567.4|1.0|0.36|0.0|0|2.2650164419936503|4.530032883987294|6.795049325980944|9.060065767974594
567.6|1.0|0.36|0.0|0|2.389519374354861|4.7790387487097155|7.168558123064576|9.558077497419438
567.8|1.0|0.36|0.0|0|2.6358225700911158|5.271645140182224|7.90746771027334|10.543290280364456
568.0|1.0|0.36|0.0|0|2.8428469830163547|5.6856939660327015|8.528540949049056|11.37138793206541
568.2|1.0|0.36|0.0|0|2.4727615659910973|4.945523131982188|7.418284697973285|9.891046263964382
568.4|1.0|0.36|0.0|0|2.954557283904872|5.909114567809735|8.863671851714606|11.818229135619479
568.6|1.0|0.36|0.0|0|2.534202232215323|5.068404464430639|7.602606696645962|10.136808928861285
568.8|1.0|0.36|0.0|0|1.6367360882053632|3.273472176410722|4.910208264616085|6.546944352821448
569.0|1.0|0.36|0.0|0|2.3542045049794273|4.708409009958848|7.062613514938275|9.416818019917702
569.2|1.0|0.36|0.0|0|2.198710973338459|4.3974219466769116|6.59613292001537|8.794843893353828
569.4|1.0|0.36|0.0|0|2.3585287748207358|4.717057549641465|7.0755863244622015|9.434115099282938
569.6|1.0|0.36|0.0|0|2.1423152888438217|4.284630577687637|6.426945866531459|8.569261155375282
569.8|1.0|0.36|0.0|0|2.550238065355809|5.100476130711611|7.65071419606742|10.200952261423229
570.0|1.0|0.36|0.0|0|2.561949629271405|5.123899258542803|7.685848887814209|10.247798517085613
570.2|1.0|0.36|0.0|0|2.7511364295682896|5.502272859136571|8.25340928870486|11.00454571827315
570.4|1.0|0.36|0.0|0|2.9949171345145467|5.989834269029085|8.984751403543632|11.97966853805818
570.6|1.0|0.36|0.0|0|2.673659930195429|5.347319860390851|8.02097979058628|10.694639720781709
570.8|1.0|0.36|0.0|0|2.371141227918563|4.742282455837119|7.1134236837556815|9.484564911674244
571.0|1.0|0.36|0.0|0|2.8898734159837502|5.7797468319674925|8.669620247951242|11.559493663934994
571.2|1.0|0.36|0.0|0|2.9621247561712543|5.9242495123425005|8.886374268513755|11.848499024685008
571.4|1.0|0.36|0.0|0|2.962845467368027|5.925690934736046|8.888536402104073|11.8513818694721
571.6|1.0|0.36|0.0|0|2.5484362859878478|5.096872571975688|7.645308857963537|10.193745143951384
571.8|1.0|0.36|0.0|0|2.927710776105526|5.855421552211043|8.783132328316569|11.710843104422095
572.0|1.0|0.36|0.0|0|2.581228664944067|5.162457329888127|7.7436859948321946|10.324914659776262
572.2|1.0|0.36|0.0|0|2.761226391815583|5.522452783631158|8.283679175446741|11.044905567262324
572.4|1.0|0.36|0.0|0|2.189341722119136|4.378683444238265|6.568025166357401|8.757366888476538
572.6|1.0|0.36|0.0|0|2.8504144549113724|5.700828909822737|8.551243364734109|11.401657819645482
572.8|1.0|0.36|0.0|0|2.6333000793453563|5.266600158690705|7.899900238036062|10.533200317381418
573.0|1.0|0.36|0.0|0|2.7435689569718695|5.487137913943731|8.2307068709156|10.974275827887471
573.2|1.0|0.36|0.0|0|2.0531272260227724|4.1062544520455395|6.1593816780683115|8.212508904091084
573.4|1.0|0.36|0.0|0|2.272764091831634|4.5455281836632615|6.818292275494896|9.09105636732653
573.6|1.0|0.36|0.0|0|2.654380894184581|5.308761788369154|7.963142682553734|10.617523576738314
573.8|1.0|0.36|0.0|0|2.5626703410665526|5.125340682133098|7.6880110231996515|10.250681364266203
574.0|1.0|0.36|0.0|0|2.370060160669966|4.7401203213399254|7.110180482009891|9.480240642679856
574.2|1.0|0.36|0.0|0|2.287899036380697|4.575798072761388|6.863697109142085|9.151596145522783
574.4|1.0|0.36|0.0|0|2.7864512990426764|5.572902598085345|8.35935389712802|11.145805196170697
574.6|1.0|0.36|0.0|0|2.9848271718231287|5.9696543436462495|8.954481515469379|11.939308687292508
574.8|1.0|0.36|0.0|0|2.4794281486573184|4.958856297314631|7.438284445971949|9.917712594629267
575.0|1.0|0.36|0.0|0|2.1902426112996203|4.380485222599234|6.570727833898855|8.760970445198474
575.2|1.0|0.36|0.0|0|2.791676457697761|5.583352915395514|8.375029373093275|11.166705830791036
575.4|1.0|0.36|0.0|0|2.752758030314583|5.505516060629159|8.258274090943742|11.011032121258324
575.6|1.0|0.36|0.0|0|1.9911460265243677|3.9822920530487296|5.973438079573097|7.964584106097465
575.8|1.0|0.36|0.0|0|1.846282990960173|3.692565981920341|5.538848972880514|7.385131963840688
576.0|1.0|0.36|0.0|0|3.060682069552716|6.121364139105423|9.18204620865814|12.242728278210855
576.2|1.0|0.36|0.0|0|3.240319440884635|6.480638881769261|9.720958322653896|12.961277763538531
576.4|1.0|0.36|0.0|0|2.3669971359835493|4.733994271967092|7.100991407950642|9.46798854393419
576.6|1.0|0.36|0.0|0|3.0143763480888475|6.028752696177686|9.043129044266534|12.057505392355381
576.8|1.0|0.36|0.0|0|3.525541063908607|7.051082127817204|10.576623191725812|14.102164255634419
577.0|1.0|0.36|0.0|0|2.8940175076352923|5.788035015270577|8.682052522905868|11.576070030541162
577.2|1.0|0.36|0.0|0|3.212932399565473|6.425864799130937|9.63879719869641|12.851729598261883
577.4|1.0|0.36|0.0|0|3.221220583008838|6.442441166017667|9.663661749026504|12.884882332035343
577.6|1.0|0.36|0.0|0|2.872035803389738|5.744071606779468|8.616107410169207|11.488143213558944
577.8|1.0|0.36|0.0|0|3.2287880551134034|6.457576110226797|9.686364165340201|12.915152220453605
578.0|1.0|0.36|0.0|0|3.0260879122174837|6.0521758244349595|9.078263736652444|12.104351648869926
578.2|1.0|0.36|0.0|0|2.549156997619432|5.098313995238857|7.647470992858288|10.19662799047772
578.4|1.0|0.36|0.0|0|3.0116736800497192|6.02334736009943|9.035021040149148|12.046694720198868
578.6|1.0|0.36|0.0|0|2.532580630668674|5.065161261337341|7.597741892006015|10.130322522674689
578.8|1.0|0.36|0.0|0|2.148981871283033|4.29796374256606|6.446945613849093|8.595927485132126
579.0|1.0|0.36|0.0|0|2.157450233394631|4.314900466789257|6.472350700183887|8.629800933578519
579.2|1.0|0.36|0.0|0|2.6686149485810917|5.337229897162175|8.005844845743267|10.67445979432436
579.4|1.0|0.36|0.0|0|3.2421212199667964|6.484242439933584|9.72636365990038|12.968484879867177
579.6|1.0|0.36|0.0|0|2.0776314209244466|4.155262841848887|6.232894262773334|8.310525683697781
579.8|1.0|0.36|0.0|0|2.647534133942684|5.29506826788536|7.942602401828044|10.590136535770727
580.0|1.0|0.36|0.0|0|2.7678929741127676|5.535785948225527|8.303678922338294|11.071571896451061
580.2|1.0|0.36|0.0|0|2.6214083376596706|5.242816675319334|7.864225012979004|10.485633350638675
580.4|1.0|0.36|0.0|0|2.6569033848488495|5.313806769697692|7.970710154546541|10.62761353939539
580.6|1.0|0.36|0.0|0|2.052226336505266|4.104452673010526|6.156679009515792|8.208905346021059
580.8|1.0|0.36|0.0|0|2.391321153783358|4.782642307566709|7.173963461350067|9.565284615133425
581.0|1.0|0.36|0.0|0|2.177630158085378|4.3552603161707495|6.532890474256128|8.710520632341506
581.2|1.0|0.36|0.0|0|2.703209107012956|5.406418214025905|8.109627321038861|10.812836428051817
581.4|1.0|0.36|0.0|0|2.5711387022491565|5.142277404498306|7.713416106747463|10.284554808996619
581.6|1.0|0.36|0.0|0|3.095816761650497|6.191633523300985|9.287450284951483|12.38326704660198
581.8|1.0|0.36|0.0|0|2.447536659660984|4.895073319321962|7.342609978982946|9.79014663864393
582.0|1.0|0.36|0.0|0|2.4055552075611217|4.811110415122236|7.216665622683358|9.62222083024448
582.2|1.0|0.36|0.0|0|2.1574502329307164|4.3149004658614265|6.472350698792143|8.629800931722858
582.4|1.0|0.36|0.0|0|2.7293349030404377|5.458669806080867|8.188004709121305|10.917339612161744
582.6|1.0|0.36|0.0|0|1.9790741070773237|3.958148214154642|5.937222321231966|7.916296428309289
582.8|1.0|0.36|0.0|0|2.9024858696106848|5.804971739221362|8.707457608832046|11.60994347844273
583.0|1.0|0.36|0.0|0|2.5493371762509947|5.098674352501982|7.648011528752977|10.197348705003972
583.2|1.0|0.36|0.0|0|2.401411115616213|4.802822231232419|7.204233346848632|9.605644462464845
583.4|1.0|0.36|0.0|0|2.0432174409599995|4.086434881919993|6.129652322879992|8.17286976383999
583.6|1.0|0.36|0.0|0|2.6039310810901246|5.207862162180242|7.811793243270367|10.415724324360491
583.8|1.0|0.36|0.0|0|2.137991019441981|4.275982038883956|6.4139730583259364|8.551964077767918
584.0|1.0|0.36|0.0|0|2.628255098080265|5.256510196160522|7.884765294240787|10.513020392321053
584.2|1.0|0.36|0.0|0|3.0311328932811765|6.062265786562345|9.09339867984352|12.124531573124697
584.4|1.0|0.36|0.0|0|2.3010520230321|4.602104046064194|6.903156069096294|9.204208092128393
584.6|1.0|0.36|0.0|0|2.5459137958200904|5.091827591640174|7.637741387460264|10.183655183280354
584.8|1.0|0.36|0.0|0|2.3711412277806105|4.742282455561215|7.113423683341825|9.484564911122435
585.0|1.0|0.36|0.0|0|2.662669078112815|5.325338156225623|7.988007234338438|10.650676312451253
585.2|1.0|0.36|0.0|0|2.92969273301482|5.859385466029631|8.789078199044452|11.718770932059272
585.4|1.0|0.36|0.0|0|2.3994291593460386|4.798858318692071|7.198287478038109|9.59771663738415
585.6|1.0|0.36|0.0|0|3.099420319520289|6.1988406390405695|9.298260958560858|12.397681278081148
585.8|1.0|0.36|0.0|0|3.1334739437530543|6.2669478875061|9.400421831259154|12.533895775012208
586.0|1.0|0.36|0.0|0|2.756181410689608|5.512362821379208|8.268544232068816|11.024725642758424
586.2|1.0|0.36|0.0|0|2.7318573933199537|5.4637147866399|8.195572179959854|10.927429573279808
586.4|1.0|0.36|0.0|0|1.9817767761700105|3.9635535523400156|5.9453303285100265|7.9271071046800365
586.6|1.0|0.36|0.0|0|2.7167224495153666|5.433444899030725|8.150167348546091|10.86688979806146
586.8|1.0|0.36|0.0|0|2.473662456076129|4.947324912152251|7.42098736822838|9.894649824304508
587.0|1.0|0.36|0.0|0|2.7947394823527456|5.589478964705483|8.38421844705823|11.178957929410974
587.2|1.0|0.36|0.0|0|2.6140210432867774|5.228042086573548|7.842063129860326|10.456084173147103
587.4|1.0|0.36|0.0|0|2.2878990360273765|4.575798072054747|6.863697108082124|9.1515961441095
587.6|1.0|0.36|0.0|0|2.277809072969833|4.5556181459396585|6.833427218909492|9.111236291879324
587.8|1.0|0.36|0.0|0|2.663750145165252|5.327500290330497|7.991250435495749|10.655000580661001
588.0|1.0|0.36|0.0|0|2.905729071825629|5.81145814365125|8.717187215476878|11.622916287302507
588.2|1.0|0.36|0.0|0|2.861945840682604|5.7238916813652|8.585837522047804|11.447783362730409
588.4|1.0|0.36|0.0|0|2.6392459504149177|5.278491900829828|7.9177378512447465|10.556983801659664
588.6|1.0|0.36|0.0|0|2.7833882743178426|5.566776548635677|8.35016482295352|11.133553097271363
588.8|1.0|0.36|0.0|0|2.682128292039854|5.3642565840797|8.046384876119555|10.72851316815941
589.0|1.0|0.36|0.0|0|2.644110753681746|5.288221507363485|7.9323322610452305|10.576443014726976
589.2|1.0|0.36|0.0|0|2.9529356826370377|5.905871365274067|8.858807047911105|11.811742730548142
589.4|1.0|0.36|0.0|0|3.314372559519837|6.628745119039665|9.943117678559501|13.257490238079338
589.6|1.0|0.36|0.0|0|1.9673625431797717|3.934725086359538|5.902087629539309|7.869450172719081
589.8|1.0|0.36|0.0|0|2.0868204940477173|4.173640988095428|6.260461482143146|8.347281976190862
590.0|1.0|0.36|0.0|0|3.2134729332808667|6.4269458665617245|9.64041879984259|12.853891733123458
590.2|1.0|0.36|0.0|0|3.138879280366821|6.277758560733634|9.416637841100455|12.555517121467275
590.4|1.0|0.36|0.0|0|2.5181663980893814|5.036332796178756|7.5544991942681365|10.072665592357518
590.6|1.0|0.36|0.0|0|2.7999646415829216|5.599929283165836|8.399893924748758|11.19985856633168
590.8|1.0|0.36|0.0|0|2.3223130154644624|4.644626030928919|6.966939046393382|9.289252061857844
591.0|1.0|0.36|0.0|0|2.384474393312705|4.768948786625403|7.153423179938108|9.537897573250813
591.2|1.0|0.36|0.0|0|2.4313206479680978|4.862641295936189|7.293961943904287|9.725282591872384
591.4|1.0|0.36|0.0|0|2.3641142896417318|4.728228579283456|7.092342868925188|9.45645715856692
591.6|1.0|0.36|0.0|0|2.3147455434576862|4.629491086915366|6.9442366303730525|9.258982173830738
591.8|1.0|0.36|0.0|0|2.2734848033468027|4.546969606693599|6.820454410040401|9.093939213387204
592.0|1.0|0.36|0.0|0|2.8367209340230355|5.673441868046063|8.510162802069098|11.346883736092133
592.2|1.0|0.36|0.0|0|2.1255587434995706|4.251117486999135|6.376676230498706|8.502234973998275
592.4|1.0|0.36|0.0|0|2.4115010786085644|4.823002157217122|7.234503235825686|9.64600431443425
592.6|1.0|0.36|0.0|0|2.299790777374294|4.599581554748581|6.8993723321228755|9.199163109497169
592.8|1.0|0.36|0.0|0|2.0666405691008567|4.133281138201708|6.199921707302565|8.266562276403421
593.0|1.0|0.36|0.0|0|2.594561829705492|5.189123659410977|7.783685489116469|10.37824731882196
593.2|1.0|0.36|0.0|0|2.248079719040545|4.496159438081084|6.744239157121628|8.992318876162173
593.4|1.0|0.36|0.0|0|3.4540104359720165|6.908020871944023|10.36203130791604|13.816041743888057
593.6|1.0|0.36|0.0|0|2.6592456982104364|5.318491396420866|7.977737094631302|10.636982792841739
593.8|1.0|0.36|0.0|0|3.204283860021972|6.408567720043935|9.612851580065907|12.81713544008788
594.0|1.0|0.36|0.0|0|2.6417684409883826|5.283536881976758|7.925305322965141|10.567073763953523
594.2|1.0|0.36|0.0|0|2.9178009910881544|5.835601982176301|8.753402973264455|11.67120396435261
594.4|1.0|0.36|0.0|0|3.1833832225308316|6.366766445061654|9.550149667592486|12.733532890123318
594.6|1.0|0.36|0.0|0|2.7419473561254586|5.48389471225091|8.225842068376368|10.967789424501827
594.8|1.0|0.36|0.0|0|2.7646497725218095|5.529299545043611|8.29394931756542|11.05859909008723
595.0|1.0|0.36|0.0|0|2.9655481359019205|5.931096271803832|8.896644407705752|11.862192543607673
595.2|1.0|0.36|0.0|0|2.9143776114343227|5.8287552228686375|8.74313283430296|11.657510445737282
595.4|1.0|0.36|0.0|0|2.9359989595675167|5.871997919135025|8.807996878702543|11.74399583827006
595.6|1.0|0.36|0.0|0|2.7183440508873926|5.436688101774777|8.15503215266217|10.873376203549562
595.8|1.0|0.36|0.0|0|2.9866289507172796|5.97325790143455|8.959886852151831|11.94651580286911
596.0|1.0|0.36|0.0|0|2.9006840906461027|5.801368181292197|8.7020522719383|11.602736362584404
596.2|1.0|0.36|0.0|0|2.7878927218541527|5.575785443708297|8.363678165562451|11.151570887416604
596.4|1.0|0.36|0.0|0|2.638345060547583|5.276690121095159|7.915035181642742|10.553380242190325
596.6|1.0|0.36|0.0|0|3.196716387743366|6.3934327754867235|9.59014916323009|12.786865550973456
596.8|1.0|0.36|0.0|0|2.750956251532191|5.501912503064374|8.252868754596566|11.003825006128757
597.0|1.0|0.36|0.0|0|2.8293336402665616|5.658667280533115|8.488000920799678|11.317334561066238
597.2|1.0|0.36|0.0|0|2.4718606762506554|4.943721352501305|7.41558202875196|9.887442705002615
597.4|1.0|0.36|0.0|0|2.4770858359814176|4.954171671962829|7.431257507944246|9.908343343925663
597.6|1.0|0.36|0.0|0|2.5896970266010637|5.179394053202119|7.769091079803183|10.358788106404248
597.8|1.0|0.36|0.0|0|2.9091524522064747|5.818304904412941|8.727457356619416|11.63660980882589
598.0|1.0|0.36|0.0|0|2.79239716926066|5.584794338521312|8.377191507781973|11.169588677042631
598.2|1.0|0.36|0.0|0|2.1464593808853554|4.2929187617707045|6.43937814265606|8.585837523541414
598.4|1.0|0.36|0.0|0|2.5122205272939775|5.024441054587949|7.536661581881926|10.048882109175905
598.6|1.0|0.36|0.0|0|3.046448015316858|6.092896030633708|9.139344045950565|12.185792061267422
598.8|1.0|0.36|0.0|0|3.1797796647122625|6.359559329424516|9.539338994136779|12.719118658849041
599.0|1.0|0.36|0.0|0|3.509505230331564|7.019010460663118|10.52851569099468|14.038020921326245
599.2|1.0|0.36|0.0|0|2.860504417837367|5.721008835674726|8.581513253512094|11.442017671349461
599.4|1.0|0.36|0.0|0|3.043745346649669|6.08749069329933|9.131236039948998|12.174981386598668
599.6|1.0|0.36|0.0|0|2.665551924972681|5.331103849945355|7.996655774918035|10.662207699890716
599.8|1.0|0.36|0.0|0|2.6745608196320267|5.349121639264046|8.023682458896074|10.6982432785281
600.0|1.0|0.36|0.0|0|2.976358810654495|5.952717621308981|8.929076431963477|11.90543524261797
600.2|1.0|0.36|0.0|0|3.1278884282225072|6.255776856445006|9.383665284667513|12.51155371289002
600.4|1.0|0.36|0.0|0|3.1313118086144125|6.262623617228816|9.393935425843228|12.525247234457641
600.6|1.0|0.36|0.0|0|3.230229477889955|6.4604589557799015|9.690688433669857|12.920917911559812
600.8|1.0|0.36|0.0|0|3.082303418089871|6.1646068361797335|9.246910254269606|12.329213672359476
601.0|1.0|0.36|0.0|0|2.8754591833369365|5.750918366673865|8.626377550010801|11.501836733347739
601.2|1.0|0.36|0.0|0|2.7327582833182555|5.465516566636504|8.198274849954759|10.931033133273015
601.4|1.0|0.36|0.0|0|3.0806818172719823|6.161363634543956|9.242045451815939|12.32272726908792
601.6|1.0|0.36|0.0|0|2.6761824207066116|5.352364841413216|8.028547262119828|10.70472968282644
601.8|1.0|0.36|0.0|0|2.500508963943578|5.0010179278871485|7.501526891830726|10.002035855774304
602.0|1.0|0.36|0.0|0|2.745911270035433|5.491822540070859|8.237733810106292|10.983645080141725
602.2|1.0|0.36|0.0|0|2.785370231433774|5.5707404628675405|8.356110694301314|11.141480925735088
602.4|1.0|0.36|0.0|0|2.747713048998851|5.4954260979976945|8.243139146996546|10.990852195995396
602.6|1.0|0.36|0.0|0|2.64681342217664|5.293626844353272|7.9404402665299125|10.587253688706554
602.8|1.0|0.36|0.0|0|2.399609336326832|4.799218672653658|7.19882800898049|9.598437345307323
603.0|1.0|0.36|0.0|0|3.0758170137717418|6.151634027543475|9.227451041315216|12.303268055086958
603.2|1.0|0.36|0.0|0|2.7689740417728923|5.537948083545777|8.30692212531867|11.075896167091562
603.4|1.0|0.36|0.0|0|3.133654121350267|6.267308242700525|9.400962364050793|12.53461648540106
603.6|1.0|0.36|0.0|0|2.9116749423474566|5.823349884694905|8.735024827042361|11.646699769389818
603.8|1.0|0.36|0.0|0|2.6401468395668806|5.280293679133753|7.920440518700634|10.560587358267513
604.0|1.0|0.36|0.0|0|2.640327017877719|5.280654035755431|7.92098105363315|10.561308071510869
604.2|1.0|0.36|0.0|0|2.909152451664561|5.818304903329114|8.727457354993675|11.636609806658237
604.4|1.0|0.36|0.0|0|2.551859666570092|5.103719333140177|7.655578999710269|10.20743866628036
604.6|1.0|0.36|0.0|0|2.69978572603781|5.399571452075612|8.099357178113422|10.799142904151234
604.8|1.0|0.36|0.0|0|2.65095751437126|5.301915028742512|7.952872543113772|10.60383005748503
605.0|1.0|0.36|0.0|0|2.9116749427723723|5.8233498855447365|8.735024828317108|11.646699771089482
605.2|1.0|0.36|0.0|0|2.9082515628001446|5.816503125600281|8.724754688400425|11.63300625120057
605.4|1.0|0.36|0.0|0|2.472761565950352|4.945523131900697|7.41828469785105|9.891046263801401
605.6|1.0|0.36|0.0|0|2.631678478849938|5.263356957699868|7.895035436549806|10.526713915399743
605.8|1.0|0.36|0.0|0|2.597264498685256|5.194528997370505|7.791793496055761|10.389057994741018
606.0|1.0|0.36|0.0|0|2.679605801221335|5.359211602442662|8.038817403663998|10.718423204885331
606.2|1.0|0.36|0.0|0|2.801586242571941|5.603172485143875|8.404758727715816|11.206344970287757
606.4|1.0|0.36|0.0|0|2.645912532556688|5.291825065113368|7.937737597670057|10.583650130226745
606.6|1.0|0.36|0.0|0|2.7372627306298845|5.474525461259761|8.211788191889646|10.949050922519529
606.8|1.0|0.36|0.0|0|2.8073519359325316|5.614703871865055|8.422055807797587|11.22940774373012
607.0|1.0|0.36|0.0|0|3.1201407780969777|6.240281556193946|9.360422334290924|12.480563112387902
607.2|1.0|0.36|0.0|0|2.767172263168034|5.53434452633606|8.301516789504094|11.068689052672127
607.4|1.0|0.36|0.0|0|2.2641155523003564|4.528231104600707|6.7923466569010635|9.05646220920142
607.6|1.0|0.36|0.0|0|3.002484606040528|6.004969212081048|9.007453818121576|12.009938424162103
607.8|1.0|0.36|0.0|0|2.3812311904423424|4.762462380884679|7.143693571327021|9.524924761769364
608.0|1.0|0.36|0.0|0|2.523932091085592|5.0478641821711765|7.571796273256768|10.09572836434236
608.2|1.0|0.36|0.0|0|2.117811093329221|4.2356221866584365|6.353433279987657|8.471244373316878
608.4|1.0|0.36|0.0|0|2.7387041542649992|5.4774083085299905|8.21611246279499|10.95481661705999
608.6|1.0|0.36|0.0|0|2.9754579208715612|5.9509158417431145|8.926373762614675|11.901831683486236
608.8|1.0|0.36|0.0|0|2.7325781046930957|5.465156209386184|8.19773431407928|10.930312418772376
609.0|1.0|0.36|0.0|0|2.9596022653579737|5.919204530715939|8.878806796073913|11.838409061431888
609.2|1.0|0.36|0.0|0|3.1268073609843876|6.253614721968767|9.380422082953155|12.507229443937543
609.4|1.0|0.36|0.0|0|2.6880741623946256|5.376148324789244|8.06422248718387|10.752296649578495
609.6|1.0|0.36|0.0|0|2.354204504900265|4.708409009800523|7.062613514700788|9.416818019601052
609.8|1.0|0.36|0.0|0|2.361051265204444|4.722102530408881|7.083153795613325|9.444205060817769
610.0|1.0|0.36|0.0|0|2.4585275115282297|4.917055023056452|7.375582534584682|9.834110046112912
610.2|1.0|0.36|0.0|0|2.7293349025683735|5.458669805136739|8.188004707705113|10.917339610273487
610.4|1.0|0.36|0.0|0|2.7981628627004125|5.596325725400818|8.39448858810123|11.192651450801643
610.6|1.0|0.36|0.0|0|3.0033854961430215|6.006770992286035|9.010156488429056|12.013541984572077
610.8|1.0|0.36|0.0|0|2.790595390560923|5.581190781121838|8.37178617168276|11.162381562243684
611.0|1.0|0.36|0.0|0|3.5329283580876685|7.065856716175327|10.598785074262995|14.131713432350665
611.2|1.0|0.36|0.0|0|2.6131201535085005|5.226240307016994|7.839360460525494|10.452480614033995
611.4|1.0|0.36|0.0|0|3.2161756019026537|6.432351203805299|9.648526805707952|12.864702407610606
611.6|1.0|0.36|0.0|0|2.981583969380593|5.963167938761178|8.94475190814177|11.926335877522362
611.8|1.0|0.36|0.0|0|2.8125770946888977|5.625154189377787|8.437731284066686|11.250308378755582
612.0|1.0|0.36|0.0|0|2.2170891196868636|4.434178239373721|6.651267359060585|8.868356478747447
612.2|1.0|0.36|0.0|0|2.5174456865206616|5.034891373041316|7.552337059561978|10.06978274608264
612.4|1.0|0.36|0.0|0|3.115275974458785|6.230551948917561|9.345827923376346|12.46110389783513
612.6|1.0|0.36|0.0|0|2.7578030116215837|5.51560602324316|8.273409034864743|11.031212046486328
612.8|1.0|0.36|0.0|0|2.470239075365246|4.940478150730485|7.410717226095731|9.880956301460976
613.0|1.0|0.36|0.0|0|2.258349859106822|4.516699718213638|6.77504957732046|9.033399436427283
613.2|1.0|0.36|0.0|0|2.1059193523373705|4.211838704674736|6.317758057012106|8.423677409349477
613.4|1.0|0.36|0.0|0|2.688074162747364|5.376148325494721|8.064222488242084|10.752296650989448
613.6|1.0|0.36|0.0|0|3.133113587340343|6.266227174680677|9.39934076202102|12.532454349361362
613.8|1.0|0.36|0.0|0|2.640327017977254|5.280654035954501|7.9209810539317544|10.561308071909009
614.0|1.0|0.36|0.0|0|2.7091549775569024|5.418309955113798|8.1274649326707|10.836619910227602
614.2|1.0|0.36|0.0|0|2.5451930839015424|5.090386167803079|7.635579251704621|10.180772335606164
614.4|1.0|0.36|0.0|0|2.5626703409734204|5.125340681946834|7.6880110229202545|10.250681363893674
614.6|1.0|0.36|0.0|0|2.5172655085776956|5.034531017155384|7.55179652573308|10.069062034310775
614.8|1.0|0.36|0.0|0|2.525013158450022|5.050026316900037|7.575039475350058|10.10005263380008
615.0|1.0|0.36|0.0|0|2.0893429843324722|4.178685968664938|6.26802895299741|8.357371937329882
615.2|1.0|0.36|0.0|0|2.599606811264532|5.199213622529057|7.79882043379359|10.398427245058121
615.4|1.0|0.36|0.0|0|2.6722185068548447|5.344437013709682|8.016655520564527|10.688874027419372
615.6|1.0|0.36|0.0|0|2.1102436213661004|4.220487242732195|6.330730864098295|8.440974485464396
615.8|1.0|0.36|0.0|0|2.7376230861194224|5.475246172238837|8.212869258358259|10.950492344477682
616.0|1.0|0.36|0.0|0|2.2961872196389614|4.592374439277917|6.8885616589168785|9.18474887855584
616.2|1.0|0.36|0.0|0|2.597084320826109|5.194168641652211|7.79125296247832|10.388337283304429
616.4|1.0|0.36|0.0|0|2.9334764690103503|5.866952938020692|8.800429407031043|11.733905876041392
616.6|1.0|0.36|0.0|0|2.5275356492638843|5.0550712985277615|7.582606947791646|10.11014259705553
616.8|1.0|0.36|0.0|0|2.404474140619861|4.808948281239716|7.213422421859577|9.617896562479439
617.0|1.0|0.36|0.0|0|2.5778052851272535|5.1556105702545|7.733415855381754|10.311221140509007
617.2|1.0|0.36|0.0|0|2.239971713719426|4.479943427438846|6.719915141158271|8.959886854877697
617.4|1.0|0.36|0.0|0|2.6435702203091958|5.2871404406183835|7.93071066092758|10.574280881236776
617.6|1.0|0.36|0.0|0|2.6660924579773586|5.33218491595471|7.998277373932069|10.664369831909427
617.8|1.0|0.36|0.0|0|2.9797821905172923|5.959564381034576|8.939346571551868|11.91912876206916
618.0|1.0|0.36|0.0|0|2.354204504771626|4.708409009543245|7.062613514314871|9.416818019086497
618.2|1.0|0.36|0.0|0|2.863747619715289|5.72749523943057|8.59124285914586|11.454990478861149
618.4|1.0|0.36|0.0|0|2.63600274789904|5.272005495798073|7.908008243697113|10.544010991596153
618.6|1.0|0.36|0.0|0|2.699785726613484|5.399571453226961|8.099357179840444|10.799142906453929
618.8|1.0|0.36|0.0|0|2.396185956852862|4.7923719137057175|7.188557870558579|9.58474382741144
619.0|1.0|0.36|0.0|0|2.398888625262773|4.797777250525539|7.196665875788312|9.595554501051085
619.2|1.0|0.36|0.0|0|2.7518571404804266|5.503714280960846|8.255571421441273|11.0074285619217
619.4|1.0|0.36|0.0|0|2.8545585464697822|5.7091170929395565|8.56367563940934|11.41823418587912
619.6|1.0|0.36|0.0|0|2.6232101169513795|5.246420233902752|7.869630350854131|10.492840467805511
619.8|1.0|0.36|0.0|0|2.9141974331554983|5.828394866310989|8.742592299466487|11.656789732621984
620.0|1.0|0.36|0.0|0|2.4567257333261683|4.9134514666523295|7.370177199978498|9.826902933304666
620.2|1.0|0.36|0.0|0|2.6039310811029304|5.207862162205854|7.811793243308784|10.415724324411714
620.4|1.0|0.36|0.0|0|2.7141999590571526|5.428399918114298|8.14259987717145|10.856799836228603
620.6|1.0|0.36|0.0|0|2.357447707023823|4.714895414047639|7.072343121071462|9.429790828095285
620.8|1.0|0.36|0.0|0|2.6376243489177456|5.275248697835484|7.912873046753229|10.550497395670975
621.0|1.0|0.36|0.0|0|2.439969187602985|4.879938375205963|7.3199075628089485|9.759876750411934
621.2|1.0|0.36|0.0|0|3.052934419904489|6.105868839808969|9.158803259713459|12.211737679617947
621.4|1.0|0.36|0.0|0|2.870414201882088|5.740828403764168|8.611242605646257|11.481656807528346
621.6|1.0|0.36|0.0|0|2.122856075433667|4.245712150867328|6.368568226300995|8.49142430173466
621.8|1.0|0.36|0.0|0|2.473662455607557|4.947324911215107|7.420987366822664|9.894649822430221
622.0|1.0|0.36|0.0|0|2.372762829331334|4.745525658662661|7.118288487993995|9.49105131732533
622.2|1.0|0.36|0.0|0|2.378708699726851|4.757417399453695|7.136126099180546|9.514834798907398
622.4|1.0|0.36|0.0|0|2.536724722540823|5.073449445081639|7.610174167622462|10.146898890163286
622.6|1.0|0.36|0.0|0|2.4367259849299465|4.873451969859886|7.3101779547898325|9.746903939719779
622.8|1.0|0.36|0.0|0|2.4669958731584507|4.933991746316894|7.400987619475345|9.867983492633796
623.0|1.0|0.36|0.0|0|2.4678967628791018|4.935793525758197|7.403690288637299|9.8715870515164
623.2|1.0|0.36|0.0|0|2.3709610498766436|4.741922099753281|7.1128831496299245|9.483844199506567
623.4|1.0|0.36|0.0|0|2.50285127623589|5.005702552471773|7.508553828707663|10.011405104943552
623.6|1.0|0.36|0.0|0|2.5107791041972836|5.02155820839456|7.532337312591844|10.043116416789127
623.8|1.0|0.36|0.0|0|2.5761836836941097|5.152367367388212|7.728551051082322|10.304734734776432
624.0|1.0|0.36|0.0|0|2.9781605892354883|5.956321178470968|8.934481767706457|11.912642356941944
624.2|1.0|0.36|0.0|0|2.4821308178617643|4.964261635723521|7.446392453585285|9.92852327144705
624.4|1.0|0.36|0.0|0|2.9343773586076014|5.868754717215194|8.803132075822795|11.737509434430397
624.6|1.0|0.36|0.0|0|2.4794281488779255|4.958856297755844|7.438284446633769|9.917712595511695
624.8|1.0|0.36|0.0|0|2.634921680479895|5.269843360959783|7.904765041439678|10.539686721919573
625.0|1.0|0.36|0.0|0|2.7754604464682076|5.550920892936408|8.326381339404616|11.101841785872823
625.2|1.0|0.36|0.0|0|2.3610512652253988|4.72210253045079|7.083153795676189|9.444205060901588
625.4|1.0|0.36|0.0|0|2.2473590072285172|4.494718014457028|6.742077021685545|8.989436028914062
625.6|1.0|0.36|0.0|0|1.9109668588818767|3.821933717763748|5.7329005766456245|7.643867435527501
625.8|1.0|0.36|0.0|0|2.774739734907055|5.549479469814102|8.324219204721157|11.098958939628211
626.0|1.0|0.36|0.0|0|2.4608698246517475|4.921739649303488|7.3826094739552355|9.843479298606983
626.2|1.0|0.36|0.0|0|3.0116736796952344|6.023347359390461|9.035021039085695|12.04669471878093
626.4|1.0|0.36|0.0|0|2.7736586674710293|5.5473173349420515|8.320976002413081|11.09463466988411
626.6|1.0|0.36|0.0|0|2.4232126426242777|4.846425285248549|7.269637927872827|9.692850570497106
626.8|1.0|0.36|0.0|0|2.3569071732554607|4.713814346510914|7.0707215197663755|9.427628693021836
627.0|1.0|0.36|0.0|0|2.3783483445277693|4.756696689055532|7.1350450335833004|9.51339337811107
627.2|1.0|0.36|0.0|0|1.9506059977813874|3.9012119955627695|5.851817993344157|7.802423991125544
627.4|1.0|0.36|0.0|0|2.4794281485589478|4.9588562971178884|7.438284445676836|9.917712594235784
627.6|1.0|0.36|0.0|0|2.299430421856234|4.598860843712462|6.898291265568695|9.197721687424929
627.8|1.0|0.36|0.0|0|2.2432149153173686|4.486429830634731|6.7296447459521005|8.972859661269469
628.0|1.0|0.36|0.0|0|2.2450166948675196|4.490033389735033|6.735050084602553|8.980066779470073
628.2|1.0|0.36|0.0|0|2.6839300708996623|5.367860141799317|8.051790212698979|10.73572028359864
628.4|1.0|0.36|0.0|0|2.131504614567386|4.2630092291347665|6.3945138437021525|8.526018458269538
628.6|1.0|0.36|0.0|0|2.874558293840967|5.749116587681926|8.623674881522893|11.49823317536386
628.8|1.0|0.36|0.0|0|2.6655519246700012|5.3311038493399945|7.996655774009996|10.662207698679996
629.0|1.0|0.36|0.0|0|2.222134100955447|4.444268201910888|6.666402302866335|8.888536403821783
629.2|1.0|0.36|0.0|0|2.3307813773455583|4.6615627546911105|6.992344132036669|9.323125509382228
629.4|1.0|0.36|0.0|0|2.390240085629632|4.780480171259257|7.170720256888889|9.560960342518522
629.6|1.0|0.36|0.0|0|2.646092710603846|5.292185421207685|7.93827813181153|10.584370842415376
629.8|1.0|0.36|0.0|0|2.779784716138968|5.559569432277928|8.339354148416897|11.119138864555865
630.0|1.0|0.36|0.0|0|2.8738375826686413|5.747675165337275|8.621512748005916|11.495350330674558
630.2|1.0|0.36|0.0|0|2.8394236028369075|5.678847205673807|8.518270808510715|11.357694411347623
630.4|1.0|0.36|0.0|0|2.4904190007923193|4.980838001584631|7.471257002376951|9.96167600316927
630.6|1.0|0.36|0.0|0|2.687173272952207|5.374346545904406|8.061519818856613|10.74869309180882
630.8|1.0|0.36|0.0|0|2.783027918547744|5.56605583709548|8.349083755643223|11.132111674190966
631.0|1.0|0.36|0.0|0|3.0305923593253854|6.061184718650763|9.091777077976149|12.122369437301534
631.2|1.0|0.36|0.0|0|2.4399691876146266|4.879938375229246|7.319907562843873|9.7598767504585
631.4|1.0|0.36|0.0|0|2.9316746902780166|5.863349380556025|8.795024070834042|11.72669876111206
631.6|1.0|0.36|0.0|0|3.1421224826556893|6.28424496531137|9.426367447967058|12.568489930622748
631.8|1.0|0.36|0.0|0|2.615642644785696|5.231285289571385|7.8469279343570815|10.462570579142778
632.0|1.0|0.36|0.0|0|2.93599895975902|5.871997919518032|8.807996879277052|11.743995839036073
632.2|1.0|0.36|0.0|0|2.7805054278357444|5.561010855671482|8.341516283507225|11.12202171134297
632.4|1.0|0.36|0.0|0|2.7592444350034953|5.518488870006983|8.277733305010479|11.036977740013974
632.6|1.0|0.36|0.0|0|2.993295533895146|5.986591067790283|8.979886601685429|11.973182135580576
632.8|1.0|0.36|0.0|0|2.221233210756329|4.442466421512652|6.6636996322689805|8.88493284302531
633.0|1.0|0.36|0.0|0|2.4736624555819455|4.947324911163885|7.42098736674583|9.894649822327777
633.2|1.0|0.36|0.0|0|2.5619496290985286|5.12389925819705|7.685848887295578|10.247798516394107
633.4|1.0|0.36|0.0|0|2.6628492555650904|5.325698511130174|7.988547766695264|10.651397022260355
633.6|1.0|0.36|0.0|0|2.303033980202165|4.606067960404323|6.9091019406064875|9.212135920808652
633.8|1.0|0.36|0.0|0|2.233845664288967|4.467691328577928|6.701536992866895|8.935382657155863
634.0|1.0|0.36|0.0|0|3.0419435679807822|6.083887135961556|9.125830703942338|12.16777427192312
634.2|1.0|0.36|0.0|0|2.5734810149192366|5.146962029838466|7.720443044757703|10.29392405967694
634.4|1.0|0.36|0.0|0|3.1194200666714487|6.2388401333428884|9.358260200014337|12.477680266685786
634.6|1.0|0.36|0.0|0|2.6889750524243596|5.377950104848712|8.066925157273072|10.755900209697431
634.8|1.0|0.36|0.0|0|3.2722109302313793|6.54442186046275|9.816632790694129|13.088843720925508
635.0|1.0|0.36|0.0|0|2.8511351664067504|5.702270332813493|8.553405499220244|11.404540665626994
635.2|1.0|0.36|0.0|0|2.7089747995621316|5.417949599124256|8.126924398686388|10.83589919824852
635.4|1.0|0.36|0.0|0|3.057979401281339|6.11595880256267|9.173938203844008|12.231917605125348
635.6|1.0|0.36|0.0|0|2.298529532469695|4.5970590649393825|6.895588597409078|9.194118129878772
635.8|1.0|0.36|0.0|0|2.5466345070209377|5.093269014041868|7.639903521062806|10.186538028083744
636.0|1.0|0.36|0.0|0|3.333831773545247|6.667663547090484|10.001495320635732|13.335327094180977
636.2|1.0|0.36|0.0|0|3.5037395376624803|7.007479075324951|10.511218612987431|14.014958150649912
636.4|1.0|0.36|0.0|0|3.2269862757629046|6.4539725515258|9.680958827288704|12.90794510305161
636.6|1.0|0.36|0.0|0|2.9300530887278753|5.860106177455743|8.790159266183618|11.720212354911494
636.8|1.0|0.36|0.0|0|3.4541906140901877|6.908381228180366|10.362571842270553|13.816762456360742
637.0|1.0|0.36|0.0|0|3.0756368363398385|6.151273672679669|9.226910509019508|12.302547345359347
637.2|1.0|0.36|0.0|0|3.0350968073448192|6.0701936146896305|9.10529042203445|12.140387229379268
637.4|1.0|0.36|0.0|0|2.8176220761926403|5.635244152385273|8.452866228577914|11.270488304770554
637.6|1.0|0.36|0.0|0|2.508977325037124|5.017954650074241|7.526931975111365|10.03590930014849
637.8|1.0|0.36|0.0|0|2.7167224497039593|5.433444899407911|8.15016734911187|10.86688979881583
638.0|1.0|0.36|0.0|0|3.330408393254623|6.660816786509237|9.991225179763859|13.321633573018483
638.2|1.0|0.36|0.0|0|2.751136429003675|5.502272858007343|8.253409287011017|11.004545716014693
638.4|1.0|0.36|0.0|0|2.128801945914167|4.257603891828328|6.386405837742495|8.515207783656662
638.6|1.0|0.36|0.0|0|2.0808746231917774|4.1617492463835495|6.242623869575327|8.323498492767104
638.8|1.0|0.36|0.0|0|2.2918629497586536|4.583725899517301|6.875588849275955|9.167451799034609
639.0|1.0|0.36|0.0|0|2.032226588663763|4.064453177327521|6.096679765991285|8.128906354655047
639.2|1.0|0.36|0.0|0|2.3432136529492|4.686427305898394|7.029640958847594|9.372854611796795
639.4|1.0|0.36|0.0|0|1.8882644429447846|3.776528885889564|5.664793328834348|7.553057771779133
639.6|1.0|0.36|0.0|0|2.3390695606375833|4.67813912127516|7.017208681912743|9.356278242550326
639.8|1.0|0.36|0.0|0|2.7576228340721016|5.515245668144195|8.272868502216298|11.030491336288398
640.0|1.0|0.36|0.0|0|2.6853714940149827|5.370742988029958|8.05611448204494|10.741485976059924
640.2|1.0|0.36|0.0|0|2.380150123414353|4.760300246828699|7.140450370243052|9.520600493657405
640.4|1.0|0.36|0.0|0|2.7534787423466356|5.506957484693264|8.2604362270399|11.013914969386535
640.6|1.0|0.36|0.0|0|2.2288006831426195|4.457601366285233|6.686402049427852|8.91520273257047
640.8|1.0|0.36|0.0|0|2.5981653880333786|5.196330776066749|7.794496164100128|10.392661552133506
641.0|1.0|0.36|0.0|0|2.6426693305751563|5.2853386611503055|7.928007991725462|10.570677322300618
641.2|1.0|0.36|0.0|0|2.488797399917969|4.977594799835931|7.4663921997539|9.955189599671868
641.4|1.0|0.36|0.0|0|2.99996211576334|5.999924231526672|8.999886347290012|11.999848463053352
641.6|1.0|0.36|0.0|0|2.384654571196881|4.769309142393756|7.153963713590637|9.53861828478752
641.8|1.0|0.36|0.0|0|3.4673436007025917|6.934687201405174|10.402030802107765|13.869374402810356
642.0|1.0|0.36|0.0|0|2.950233014292319|5.90046602858463|8.850699042876949|11.800932057169268
642.2|1.0|0.36|0.0|0|2.5392472133960133|5.07849442679202|7.617741640188033|10.156988853584046
642.4|1.0|0.36|0.0|0|3.0284302249946657|6.0568604499893235|9.08529067498399|12.113720899978654
642.6|1.0|0.36|0.0|0|3.085726798516701|6.171453597033393|9.257180395550094|12.342907194066795
642.8|1.0|0.36|0.0|0|3.063745093907349|6.127490187814689|9.191235281722038|12.254980375629387
643.0|1.0|0.36|0.0|0|2.254025590004751|4.508051180009495|6.762076770014246|9.016102360018996
643.2|1.0|0.36|0.0|0|2.6284352758881893|5.256870551776371|7.885305827664561|10.51374110355275
643.4|1.0|0.36|0.0|0|2.692038075894818|5.384076151789629|8.076114227684448|10.768152303579265
643.6|1.0|0.36|0.0|0|3.0196015077043583|6.039203015408709|9.058804523113066|12.078406030817426
643.8|1.0|0.36|0.0|0|3.1269875388115205|6.253975077623033|9.380962616434553|12.507950155246075
644.0|1.0|0.36|0.0|0|3.6954488286102456|7.390897657220481|11.086346485830727|14.781795314440972
644.2|1.0|0.36|0.0|0|2.9830253927322365|5.966050785464464|8.949076178196702|11.932101570928937
644.4|1.0|0.36|0.0|0|3.171491480916741|6.342982961833473|9.514474442750215|12.685965923666956
644.6|1.0|0.36|0.0|0|2.8125770948338347|5.625154189667661|8.437731284501496|11.250308379335332
644.8|1.0|0.36|0.0|0|2.7563615884858907|5.5127231769717735|8.269084765457665|11.025446353943554
645.0|1.0|0.36|0.0|0|3.0790602153836546|6.1581204307673|9.237180646150955|12.31624086153461
645.2|1.0|0.36|0.0|0|2.194566881604844|4.389133763209681|6.583700644814526|8.77826752641937
645.4|1.0|0.36|0.0|0|2.419789262468696|4.8395785249373855|7.259367787406081|9.679157049874776
645.6|1.0|0.36|0.0|0|2.1581709443836026|4.316341888767199|6.4745128331508015|8.632683777534405
645.8|1.0|0.36|0.0|0|2.4651940946478885|4.93038818929577|7.395582283943658|9.860776378591547
646.0|1.0|0.36|0.0|0|2.716001737772606|5.432003475545204|8.148005213317811|10.864006951090417
646.2|1.0|0.36|0.0|0|2.7277133015828463|5.4554266031656855|8.183139904748531|10.910853206331378
646.4|1.0|0.36|0.0|0|1.935471054210213|3.8709421084204205|5.8064131626306335|7.741884216840846
646.6|1.0|0.36|0.0|0|2.814198695940434|5.62839739188086|8.442596087821293|11.256794783761727
646.8|1.0|0.36|0.0|0|2.8401443140319342|5.6802886280638605|8.520432942095795|11.360577256127728
647.0|1.0|0.36|0.0|0|2.914197433329539|5.82839486665907|8.74259229998861|11.65678973331815
647.2|1.0|0.36|0.0|0|2.4264558448951012|4.852911689790196|7.2793675346852975|9.7058233795804
647.4|1.0|0.36|0.0|0|3.028610402893976|6.057220805787944|9.08583120868192|12.114441611575897
647.6|1.0|0.36|0.0|0|2.9628454671811806|5.925690934362352|8.888536401543533|11.851381868724713
647.8|1.0|0.36|0.0|0|2.8563603252108467|5.712720650421685|8.569080975632533|11.42544130084338
648.0|1.0|0.36|0.0|0|2.3131239425955594|4.626247885191113|6.939371827786672|9.25249577038223
648.2|1.0|0.36|0.0|0|2.8352795109065507|5.6705590218130935|8.505838532719645|11.341118043626196
648.4|1.0|0.36|0.0|0|3.0754566578654368|6.150913315730865|9.226369973596302|12.301826631461738
648.6|1.0|0.36|0.0|0|3.12878931768006|6.257578635360111|9.386367953040171|12.51515727072023
648.8|1.0|0.36|0.0|0|3.0032053180033134|6.006410636006619|9.009615954009933|12.012821272013246
649.0|1.0|0.36|0.0|0|2.753839097860039|5.50767819572007|8.261517293580109|11.015356391440148
649.2|1.0|0.36|0.0|0|2.501950387078689|5.003900774157371|7.50585116123606|10.007801548314749
649.4|1.0|0.36|0.0|0|2.571138702242754|5.142277404485501|7.713416106728254|10.28455480897101
649.6|1.0|0.36|0.0|0|2.7563615883421178|5.5127231766842275|8.269084765026346|11.025446353368464
649.8|1.0|0.36|0.0|0|2.491319890560701|4.982639781121395|7.4739596716820955|9.965279562242797
650.0|1.0|0.36|0.0|0|2.45654555501824|4.913091110036473|7.369636665054713|9.826182220072953
650.2|1.0|0.36|0.0|0|2.3869968835404163|4.773993767080826|7.160990650621242|9.54798753416166
650.4|1.0|0.36|0.0|0|2.957980664161153|5.915961328322298|8.87394199248345|11.831922656644604
650.6|1.0|0.36|0.0|0|3.3507684965035907|6.701536993007172|10.052305489510763|13.403073986014354
650.8|1.0|0.36|0.0|0|2.896539998541705|5.793079997083402|8.689619995625106|11.586159994166813
651.0|1.0|0.36|0.0|0|2.5147430181229744|5.029486036245942|7.544229054368916|10.05897207249189
651.2|1.0|0.36|0.0|0|2.6576240966527283|5.3152481933054485|7.972872289958177|10.630496386610904
651.4|1.0|0.36|0.0|0|2.4624914254626513|4.9249828509252955|7.387474276387947|9.849965701850598
651.6|1.0|0.36|0.0|0|3.2304096561920623|6.460819312384116|9.691228968576178|12.92163862476824
651.8|1.0|0.36|0.0|0|2.8116762056935136|5.62335241138702|8.435028617080533|11.246704822774047
652.0|1.0|0.36|0.0|0|3.042123745459251|6.084247490918494|9.126371236377745|12.168494981836995
652.2|1.0|0.36|0.0|0|2.6790652672329474|5.358130534465888|8.037195801698836|10.716261068931782
652.4|1.0|0.36|0.0|0|3.3613989932189026|6.722797986437796|10.0841969796567|13.445595972875601
652.6|1.0|0.36|0.0|0|3.4631995093484904|6.926399018696972|10.389598528045463|13.852798037393953
652.8|1.0|0.36|0.0|0|2.7747397347202085|5.549479469440409|8.324219204160617|11.098958938880825
653.0|1.0|0.36|0.0|0|2.532220274733265|5.064440549466523|7.596660824199789|10.128881098933054
653.2|1.0|0.36|0.0|0|3.043925524629306|6.087851049258603|9.13177657388791|12.175702098517215
653.4|1.0|0.36|0.0|0|2.514923196109014|5.029846392218021|7.544769588327035|10.059692784436049
653.6|1.0|0.36|0.0|0|3.092573558933803|6.185147117867597|9.2777206768014|12.370294235735203
653.8|1.0|0.36|0.0|0|2.986268595141012|5.972537190282016|8.958805785423028|11.94507438056404
654.0|1.0|0.36|0.0|0|3.041222856262469|6.082445712524929|9.123668568787398|12.164891425049866
654.2|1.0|0.36|0.0|0|2.9059092498180714|5.811818499636135|8.717727749454207|11.623636999272279
654.4|1.0|0.36|0.0|0|2.6096967741742287|5.21939354834845|7.829090322522679|10.438787096696908
654.6|1.0|0.36|0.0|0|2.815099586010913|5.630199172021818|8.445298758032731|11.260398344043644
654.8|1.0|0.36|0.0|0|2.4450141686492155|4.890028337298424|7.33504250594764|9.780056674596855
655.0|1.0|0.36|0.0|0|2.61402104400506|5.228042088010113|7.8420631320151735|10.456084176020234
655.2|1.0|0.36|0.0|0|2.2725839138036847|4.545167827607363|6.817751741411048|9.090335655214732
655.4|1.0|0.36|0.0|0|2.773838845069406|5.547677690138805|8.321516535208211|11.095355380277617
655.6|1.0|0.36|0.0|0|2.7309565043076898|5.4619130086153715|8.192869512923062|10.923826017230752
655.8|1.0|0.36|0.0|0|2.608255350744587|5.216510701489167|7.824766052233754|10.43302140297834
656.0|1.0|0.36|0.0|0|2.677984199794012|5.355968399588016|8.033952599382028|10.711936799176039
656.2|1.0|0.36|0.0|0|2.523211379628049|5.046422759256091|7.569634138884139|10.092845518512188
656.4|1.0|0.36|0.0|0|2.2331249532871897|4.466249906574373|6.699374859861564|8.932499813148754
656.6|1.0|0.36|0.0|0|3.124465048011046|6.248930096022083|9.373395144033129|12.497860192044175
656.8|1.0|0.36|0.0|0|3.1059067241207257|6.211813448241443|9.317720172362169|12.423626896482896
657.0|1.0|0.36|0.0|0|3.3129311369900853|6.625862273980162|9.938793410970247|13.251724547960333
657.2|1.0|0.36|0.0|0|3.267346126589112|6.534692253178215|9.802038379767327|13.069384506356439
657.4|1.0|0.36|0.0|0|2.5693369232188004|5.138673846437594|7.7080107696563935|10.277347692875194
657.6|1.0|0.36|0.0|0|2.6257326075260083|5.25146521505201|7.877197822578018|10.502930430104026
657.8|1.0|0.36|0.0|0|3.105186012535708|6.210372025071408|9.315558037607115|12.420744050142824
658.0|1.0|0.36|0.0|0|2.4963648719358047|4.992729743871602|7.489094615807407|9.985459487743212
658.2|1.0|0.36|0.0|0|2.7949196603114275|5.589839320622848|8.384758980934276|11.179678641245703
658.4|1.0|0.36|0.0|0|2.9747372088494037|5.9494744176987995|8.924211626548203|11.898948835397608
658.6|1.0|0.36|0.0|0|2.559246961125757|5.118493922251507|7.677740883377264|10.236987844503021
658.8|1.0|0.36|0.0|0|2.688794874455782|5.377589748911557|8.06638462336734|10.755179497823121
659.0|1.0|0.36|0.0|0|2.962845467384325|5.925690934768642|8.888536402152967|11.851381869537292
659.2|1.0|0.36|0.0|0|3.272210929893193|6.544421859786377|9.81663278967957|13.088843719572763
659.4|1.0|0.36|0.0|0|3.2637425684795045|6.527485136959|9.791227705438505|13.05497027391801
659.6|1.0|0.36|0.0|0|2.6543808944954095|5.308761788990812|7.963142683486221|10.61752357798163
659.8|1.0|0.36|0.0|0|2.613300332062065|5.226600664124123|7.839900996186188|10.453201328248253
660.0|1.0|0.36|0.0|0|3.0597811801848027|6.119562360369597|9.1793435405544|12.239124720739204
660.2|1.0|0.36|0.0|0|2.6415882631519367|5.283176526303866|7.924764789455803|10.56635305260774
660.4|1.0|0.36|0.0|0|2.805009622894579|5.610019245789151|8.41502886868373|11.22003849157831
660.6|1.0|0.36|0.0|0|2.8082528249052143|5.6165056498104216|8.424758474715636|11.23301129962085
660.8|1.0|0.36|0.0|0|2.8410452032671336|5.682090406534259|8.523135609801393|11.364180813068526
661.0|1.0|0.36|0.0|0|3.0520335306989756|6.104067061397942|9.156100592096918|12.208134122795894
661.2|1.0|0.36|0.0|0|3.186626425567668|6.3732528511353275|9.559879276702995|12.746505702270664
661.4|1.0|0.36|0.0|0|3.2801387576718146|6.56027751534362|9.840416273015434|13.12055503068725
661.6|1.0|0.36|0.0|0|3.581936748441079|7.1638734968821485|10.745810245323227|14.327746993764306
661.8|1.0|0.36|0.0|0|2.440689899112333|4.881379798224659|7.322069697336992|9.762759596449325
662.0|1.0|0.36|0.0|0|3.1167173978191594|6.233434795638311|9.35015219345747|12.46686959127663
662.2|1.0|0.36|0.0|0|2.9997819381643813|5.999563876328754|8.999345814493136|11.999127752657516
662.4|1.0|0.36|0.0|0|2.5459137951082105|5.091827590216415|7.637741385324625|10.183655180432837
662.6|1.0|0.36|0.0|0|3.102663521580401|6.205327043160793|9.307990564741194|12.410654086321594
662.8|1.0|0.36|0.0|0|2.9242873960395834|5.848574792079159|8.772862188118742|11.697149584158327
663.0|1.0|0.36|0.0|0|3.487883881723977|6.975767763447944|10.463651645171922|13.9515355268959
663.2|1.0|0.36|0.0|0|3.4556320373812954|6.911264074762581|10.366896112143877|13.822528149525173
663.4|1.0|0.36|0.0|0|3.369146642668641|6.7382932853372735|10.107439928005915|13.476586570674556
663.6|1.0|0.36|0.0|0|2.451680751630922|4.903361503261838|7.355042254892759|9.806723006523681
663.8|1.0|0.36|0.0|0|2.8141986956563803|5.6283973913127525|8.442596086969132|11.256794782625514
664.0|1.0|0.36|0.0|0|2.5197879998496524|5.039575999699298|7.55936399954895|10.079151999398603
664.2|1.0|0.36|0.0|0|1.9185343309020408|3.8370686618040764|5.755602992706117|7.674137323608158
664.4|1.0|0.36|0.0|0|2.596363609489638|5.192727218979268|7.789090828468907|10.385454437958543
664.6|1.0|0.36|0.0|0|2.160873612880243|4.32174722576048|6.482620838640723|8.643494451520967
664.8|1.0|0.36|0.0|0|3.1318523419229343|6.26370468384586|9.395557025768793|12.527409367691728
665.0|1.0|0.36|0.0|0|2.6511376920528735|5.302275384105739|7.953413076158613|10.604550768211485
665.2|1.0|0.36|0.0|0|2.90266604709381|5.805332094187612|8.707998141281422|11.610664188375234
665.4|1.0|0.36|0.0|0|3.2666254150017657|6.533250830003523|9.799876245005288|13.066501660007054
665.6|1.0|0.36|0.0|0|3.394191371354394|6.788382742708778|10.182574114063172|13.576765485417566
665.8|1.0|0.36|0.0|0|2.6383450610493333|5.2766901220986595|7.915035183147992|10.553380244197326
666.0|1.0|0.36|0.0|0|2.2327645970572503|4.465529194114494|6.6982937911717455|8.931058388228996
666.2|1.0|0.36|0.0|0|3.1531133352668284|6.306226670533649|9.459340005800478|12.612453341067305
666.4|1.0|0.36|0.0|0|3.160680806995954|6.3213616139918996|9.482042420987854|12.642723227983808
666.6|1.0|0.36|0.0|0|2.3626728668186137|4.725345733637221|7.088018600455834|9.450691467274448
666.8|1.0|0.36|0.0|0|2.5069953685061797|5.013990737012352|7.520986105518531|10.027981474024712
667.0|1.0|0.36|0.0|0|2.98320557048952|5.966411140979032|8.949616711468552|11.932822281958073
667.2|1.0|0.36|0.0|0|2.5853727568115596|5.170745513623112|7.756118270434672|10.341491027246231
667.4|1.0|0.36|0.0|0|2.8421262718085223|5.6842525436170375|8.52637881542556|11.368505087234082
667.6|1.0|0.36|0.0|0|3.5768917675700536|7.153783535140097|10.73067530271015|14.307567070280205
667.8|1.0|0.36|0.0|0|2.3432136525027474|4.6864273050054885|7.029640957508236|9.372854610010984
668.0|1.0|0.36|0.0|0|3.1646447205368924|6.329289441073776|9.493934161610667|12.65857888214756
668.2|1.0|0.36|0.0|0|2.795820550152569|5.59164110030513|8.387461650457698|11.183282200610268
668.4|1.0|0.36|0.0|0|2.666993347079263|5.333986694158518|8.000980041237781|10.667973388317042
668.6|1.0|0.36|0.0|0|2.1448377791367257|4.289675558273445|6.434513337410171|8.579351116546897
668.8|1.0|0.36|0.0|0|2.4381674082390985|4.876334816478191|7.314502224717289|9.752669632956387
669.0|1.0|0.36|0.0|0|2.4767254800623073|4.9534509601246075|7.430176440186915|9.906901920249222
669.2|1.0|0.36|0.0|0|2.6215885156724856|5.243177031344964|7.86476554701745|10.486354062689935
669.4|1.0|0.36|0.0|0|3.0244663109706043|6.0489326219412005|9.073398932911804|12.097865243882408
669.6|1.0|0.36|0.0|0|2.130603725424737|4.261207450849468|6.391811176274205|8.52241490169894
669.8|1.0|0.36|0.0|0|2.7174431610625494|5.434886322125092|8.152329483187641|10.86977264425019
670.0|1.0|0.36|0.0|0|3.23203125696746|6.464062513934911|9.69609377090237|12.92812502786983
670.2|1.0|0.36|0.0|0|2.340691161758734|4.681382323517462|7.022073485276196|9.36276464703493
670.4|1.0|0.36|0.0|0|2.4342034945980435|4.86840698919608|7.3026104837941235|9.736813978392167
670.6|1.0|0.36|0.0|0|3.358876502192|6.717753004383991|10.07662950657599|13.435506008767991
670.8|1.0|0.36|0.0|0|3.2177972026955133|6.435594405391018|9.653391608086531|12.871188810782044
671.0|1.0|0.36|0.0|0|2.043938152696357|4.087876305392708|6.131814458089066|8.175752610785423
671.2|1.0|0.36|0.0|0|2.5477155744854847|5.095431148970963|7.643146723456447|10.190862297941933
671.4|1.0|0.36|0.0|0|2.852036056137297|5.704072112274586|8.556108168411884|11.408144224549181
671.6|1.0|0.36|0.0|0|2.601408590340873|5.2028171806817385|7.804225771022611|10.405634361363484
671.8|1.0|0.36|0.0|0|2.383753681097298|4.76750736219459|7.151261043291888|9.535014724389185
672.0|1.0|0.36|0.0|0|2.6392459505912873|5.278491901182567|7.917737851773854|10.55698380236514
672.2|1.0|0.36|0.0|0|2.416546060009862|4.8330921200197166|7.249638180029578|9.66618424003944
672.4|1.0|0.36|0.0|0|2.397987735650388|4.795975471300769|7.193963206951157|9.591950942601544
672.6|1.0|0.36|0.0|0|2.370961049697946|4.741922099395886|7.112883149093832|9.483844198791777
672.8|1.0|0.36|0.0|0|2.04465886418475|4.089317728369495|6.133976592554245|8.178635456738995
673.0|1.0|0.36|0.0|0|3.0203222188737735|6.040644437747539|9.060966656621313|12.081288875495085
673.2|1.0|0.36|0.0|0|2.9705931170668944|5.941186234133781|8.911779351200675|11.882372468267569
673.4|1.0|0.36|0.0|0|2.714740492590938|5.429480985181869|8.144221477772808|10.858961970363746
673.6|1.0|0.36|0.0|0|2.406275918975591|4.812551837951175|7.218827756926767|9.625103675902357
673.8|1.0|0.36|0.0|0|2.959602265285214|5.91920453057042|8.878806795855635|11.83840906114085
674.0|1.0|0.36|0.0|0|2.525733870260303|5.051467740520599|7.577201610780903|10.102935481041206
674.2|1.0|0.36|0.0|0|2.884828435093516|5.769656870187024|8.654485305280541|11.539313740374057
674.4|1.0|0.36|0.0|0|2.330421021380464|4.660842042760921|6.991263064141385|9.321684085521849
674.6|1.0|0.36|0.0|0|2.9889712635969072|5.977942527193806|8.966913790790713|11.95588505438762
674.8|1.0|0.36|0.0|0|3.112393128679835|6.2247862573596615|9.337179386039496|12.449572514719332
675.0|1.0|0.36|0.0|0|2.994917134691498|5.989834269382988|8.984751404074485|11.979668538765985
675.2|1.0|0.36|0.0|0|2.6078949948347896|5.215789989669572|7.823684984504362|10.431579979339151
675.4|1.0|0.36|0.0|0|2.6754617094091397|5.3509234188182715|8.026385128227412|10.701846837636552
675.6|1.0|0.36|0.0|0|2.852936945626864|5.70587389125372|8.558810836880584|11.411747782507447
675.8|1.0|0.36|0.0|0|2.6123994423827415|5.224798884765475|7.837198327148217|10.449597769530957
676.0|1.0|0.36|0.0|0|2.532400453038283|5.0648009060765595|7.597201359114842|10.129601812153126
676.2|1.0|0.36|0.0|0|2.683029180844899|5.36605836168979|8.04908754253469|10.732116723379589
676.4|1.0|0.36|0.0|0|2.7367221970338167|5.473444394067625|8.210166591101443|10.946888788135258
676.6|1.0|0.36|0.0|0|2.9495123022701617|5.899024604540315|8.848536906810477|11.798049209080638
676.8|1.0|0.36|0.0|0|2.3491595236148006|4.698319047229595|7.047478570844396|9.396638094459197
677.0|1.0|0.36|0.0|0|2.0196141354070294|4.0392282708140534|6.058842406221083|8.078456541628112
677.2|1.0|0.36|0.0|0|2.1405135097686454|4.281027019537285|6.42154052930593|8.562054039074575
677.4|1.0|0.36|0.0|0|2.772217244036731|5.544434488073454|8.316651732110186|11.088868976146916
677.6|1.0|0.36|0.0|0|2.5124007053358968|5.024801410671786|7.537202116007683|10.04960282134358
677.8|1.0|0.36|0.0|0|3.130591096881547|6.261182193763085|9.391773290644633|12.52236438752618
678.0|1.0|0.36|0.0|0|2.5743819047865713|5.148763809573135|7.723145714359707|10.297527619146278
678.2|1.0|0.36|0.0|0|3.1370775018050363|6.274155003610064|9.4112325054151|12.548310007220136
678.4|1.0|0.36|0.0|0|2.598886099894883|5.197772199789758|7.7966582996846405|10.395544399579522
678.6|1.0|0.36|0.0|0|3.2251844968588586|6.450368993717708|9.675553490576567|12.900737987435425
678.8|1.0|0.36|0.0|0|3.3565341894578915|6.713068378915774|10.069602568373666|13.426136757831557
679.0|1.0|0.36|0.0|0|2.959602265268916|5.919204530537824|8.87880679580674|11.838409061075657
679.2|1.0|0.36|0.0|0|2.7358213075588016|5.471642615117595|8.207463922676396|10.9432852302352
679.4|1.0|0.36|0.0|0|3.124465048056448|6.248930096112887|9.373395144169335|12.497860192225783
679.6|1.0|0.36|0.0|0|3.3424803132348493|6.684960626469689|10.027440939704539|13.369921252939386
679.8|1.0|0.36|0.0|0|2.8251895480236295|5.650379096047251|8.475568644070881|11.300758192094511
680.0|1.0|0.36|0.0|0|2.9772597004019214|5.954519400803835|8.931779101205757|11.909038801607679
680.2|1.0|0.36|0.0|0|3.0167186613235417|6.0334373226470746|9.050155983970617|12.066874645294158
680.4|1.0|0.36|0.0|0|2.364294468034643|4.728588936069279|7.092883404103922|9.457177872138566
680.6|1.0|0.36|0.0|0|2.8898734160914343|5.779746832182861|8.669620248274295|11.55949366436573
680.8|1.0|0.36|0.0|0|2.3927625766425646|4.785525153285123|7.178287729927687|9.571050306570253
681.0|1.0|0.36|0.0|0|2.370780872456382|4.741561744912758|7.112342617369141|9.483123489825523
681.2|1.0|0.36|0.0|0|2.489698289585069|4.979396579170132|7.4690948687552|9.958793158340269
681.4|1.0|0.36|0.0|0|2.678885089316757|5.357770178633507|8.036655267950264|10.71554035726702
681.6|1.0|0.36|0.0|0|2.9824848590971698|5.964969718194331|8.9474545772915|11.92993943638867
681.8|1.0|0.36|0.0|0|2.1592520115867977|4.318504023173589|6.477756034760387|8.637008046347184
682.0|1.0|0.36|0.0|0|3.099240141147168|6.198480282294328|9.297720423441497|12.396960564588664
682.2|1.0|0.36|0.0|0|2.30789878331125|4.6157975666224935|6.923696349933743|9.231595133244992
682.4|1.0|0.36|0.0|0|2.6046517926186814|5.209303585237355|7.813955377856036|10.418607170474717
682.6|1.0|0.36|0.0|0|2.090063696427389|4.180127392854772|6.270191089282162|8.36025478570955
682.8|1.0|0.36|0.0|0|2.6242911843187198|5.248582368637432|7.872873552956152|10.497164737274872
683.0|1.0|0.36|0.0|0|2.0615955875784877|4.123191175156969|6.184786762735457|8.246382350313944
683.2|1.0|0.36|0.0|0|2.293844906745364|4.587689813490722|6.881534720236086|9.17537962698145
683.4|1.0|0.36|0.0|0|2.7098756889469247|5.419751377893842|8.129627066840767|10.839502755787692
683.6|1.0|0.36|0.0|0|2.729154724988041|5.458309449976075|8.187464174964116|10.916618899952157
683.8|1.0|0.36|0.0|0|2.6057328599714698|5.211465719942932|7.817198579914402|10.422931439885872
684.0|1.0|0.36|0.0|0|2.952034793196365|5.904069586392722|8.856104379589087|11.808139172785452
684.2|1.0|0.36|0.0|0|2.490238823606053|4.980477647212099|7.470716470818151|9.960955294424204
684.4|1.0|0.36|0.0|0|2.514923196382008|5.029846392764009|7.544769589146017|10.059692785528025
684.6|1.0|0.36|0.0|0|2.8089735364611284|5.61794707292225|8.426920609383378|11.235894145844506
684.8|1.0|0.36|0.0|0|2.725731344838862|5.451462689677716|8.177194034516578|10.902925379355441
685.0|1.0|0.36|0.0|0|2.8277120382321326|5.655424076464257|8.48313611469639|11.310848152928521
685.2|1.0|0.36|0.0|0|2.6014085905230626|5.202817181046118|7.804225771569181|10.405634362092243
685.4|1.0|0.36|0.0|0|3.0086106554465397|6.0172213108930706|9.02583196633961|12.03444262178615
685.6|1.0|0.36|0.0|0|2.7250106331502346|5.450021266300461|8.175031899450696|10.90004253260093
685.8|1.0|0.36|0.0|0|2.865549399075101|5.731098798150194|8.596648197225294|11.462197596300395
686.0|1.0|0.36|0.0|0|3.208608129560019|6.417216259120029|9.625824388680048|12.834432518240067
686.2|1.0|0.36|0.0|0|3.1066274355608066|6.213254871121604|9.31988230668241|12.426509742243217
686.4|1.0|0.36|0.0|0|2.278529784741115|4.557059569482224|6.835589354223338|9.114119138964453
686.6|1.0|0.36|0.0|0|3.1547349359520043|6.309469871904|9.464204807856003|12.618939743808008
686.8|1.0|0.36|0.0|0|2.987169484586341|5.974338969172674|8.961508453759015|11.948677938345357
687.0|1.0|0.36|0.0|0|2.120513762565099|4.241027525130192|6.361541287695291|8.482055050260389
687.2|1.0|0.36|0.0|0|2.333303868265359|4.666607736530711|6.99991160479607|9.33321547306143
687.4|1.0|0.36|0.0|0|2.662849255424228|5.325698510848449|7.988547766272677|10.651397021696905
687.6|1.0|0.36|0.0|0|2.6570835627679505|5.314167125535893|7.971250688303844|10.628334251071793
687.8|1.0|0.36|0.0|0|2.5752827941329475|5.150565588265888|7.725848382398835|10.301131176531783
688.0|1.0|0.36|0.0|0|2.3549252164451193|4.709850432890232|7.064775649335352|9.41970086578047
688.2|1.0|0.36|0.0|0|2.7385239755030515|5.477047951006095|8.215571926509146|10.954095902012197
688.4|1.0|0.36|0.0|0|2.419969440450079|4.839938880900151|7.25990832135023|9.67987776180031
688.6|1.0|0.36|0.0|0|2.417266771657162|4.834533543314317|7.2518003149714785|9.66906708662864
688.8|1.0|0.36|0.0|0|2.831856130746312|5.663712261492616|8.495568392238928|11.327424522985241
689.0|1.0|0.36|0.0|0|2.4987071844073965|4.997414368814786|7.496121553222183|9.994828737629579
689.2|1.0|0.36|0.0|0|2.627534386130285|5.255068772260563|7.882603158390848|10.510137544521132
689.4|1.0|0.36|0.0|0|2.656903384936743|5.313806769873478|7.970710154810222|10.627613539746964
689.6|1.0|0.36|0.0|0|2.5507785988075216|5.101557197615036|7.652335796422558|10.20311439523008
689.8|1.0|0.36|0.0|0|2.701587505029168|5.403175010058328|8.104762515087495|10.806350020116662
690.0|1.0|0.36|0.0|0|3.074916124555169|6.149832249110329|9.224748373665497|12.299664498220666
690.2|1.0|0.36|0.0|0|3.213472933246524|6.426945866493039|9.640418799739564|12.853891732986087
690.4|1.0|0.36|0.0|0|2.7441094907408137|5.48821898148162|8.232328472222434|10.976437962963248
690.6|1.0|0.36|0.0|0|2.878882564124072|5.757765128248136|8.636647692372208|11.515530256496278
690.8|1.0|0.36|0.0|0|3.1570772488595713|6.314154497719134|9.471231746578706|12.628308995438276
691.0|1.0|0.36|0.0|0|2.9990612265962437|5.998122453192479|8.997183679788723|11.996244906384966
691.2|1.0|0.36|0.0|0|2.764649771784318|5.529299543568629|8.293949315352947|11.058599087137265
691.4|1.0|0.36|0.0|0|2.5997869895957435|5.19957397919148|7.799360968787223|10.399147958382967
691.6|1.0|0.36|0.0|0|2.789874678781491|5.579749357562975|8.369624036344467|11.159498715125958
691.8|1.0|0.36|0.0|0|2.8518558772199345|5.703711754439862|8.555567631659796|11.407423508879731
692.0|1.0|0.36|0.0|0|3.120320956690123|6.240641913380238|9.360962870070361|12.481283826760485
692.2|1.0|0.36|0.0|0|2.5996068118268183|5.1992136236536295|7.798820435480447|10.398427247307266
692.4|1.0|0.36|0.0|0|2.451680751118695|4.903361502237383|7.3550422533560775|9.806723004474772
692.6|1.0|0.36|0.0|0|2.7073531981854493|5.414706396370891|8.12205959455634|10.829412792741788
692.8|1.0|0.36|0.0|0|3.1673473890771886|6.334694778154368|9.502042167231556|12.669389556308746
693.0|1.0|0.36|0.0|0|3.053114598090763|6.106229196181518|9.159343794272282|12.212458392363043
693.2|1.0|0.36|0.0|0|2.932035045776868|5.864070091553728|8.796105137330596|11.728140183107463
693.4|1.0|0.36|0.0|0|2.757803011888757|5.515606023777506|8.273409035666264|11.03121204755502
693.6|1.0|0.36|0.0|0|2.9714940066944138|5.942988013388819|8.914482020083232|11.885976026777646
693.8|1.0|0.36|0.0|0|2.758703901295087|5.517407802590166|8.276111703885253|11.03481560518034
694.0|1.0|0.36|0.0|0|2.9185217033367397|5.837043406673471|8.755565110010211|11.674086813346952
694.2|1.0|0.36|0.0|0|2.7259115224349104|5.451823044869813|8.177734567304723|10.903646089739635
694.4|1.0|0.36|0.0|0|2.1875399428547846|4.375079885709563|6.562619828564348|8.750159771419131
694.6|1.0|0.36|0.0|0|2.222134101043341|4.4442682020866755|6.666402303130017|8.888536404173358
694.8|1.0|0.36|0.0|0|2.741947355923478|5.483894711846949|8.225842067770428|10.967789423693905
695.0|1.0|0.36|0.0|0|2.3170878565922632|4.63417571318452|6.951263569776783|9.268351426369046
695.2|1.0|0.36|0.0|0|3.001763895046318|6.003527790092627|9.005291685138944|12.007055580185263
695.4|1.0|0.36|0.0|0|2.8970805323391713|5.794161064678335|8.691241597017505|11.588322129356676
695.6|1.0|0.36|0.0|0|2.7158215599780693|5.4316431199561315|8.1474646799342|10.86328623991227
695.8|1.0|0.36|0.0|0|2.4491582613089142|4.898316522617822|7.347474783926736|9.79663304523565
696.0|1.0|0.36|0.0|0|3.348065828641996|6.696131657283983|10.044197485925979|13.392263314567975
696.2|1.0|0.36|0.0|0|3.1093301044270656|6.218660208854122|9.32799031328119|12.437320417708253
696.4|1.0|0.36|0.0|0|2.8596035276615317|5.719207055323056|8.578810582984588|11.43841411064612
696.6|1.0|0.36|0.0|0|2.7224881422944622|5.444976284588917|8.16746442688338|10.889952569177842
696.8|1.0|0.36|0.0|0|2.855279258509984|5.71055851701996|8.565837775529944|11.421117034039929
697.0|1.0|0.36|0.0|0|2.767892974389254|5.5357859487785|8.303678923167753|11.071571897557007
697.2|1.0|0.36|0.0|0|2.8907743058505027|5.781548611700997|8.6723229175515|11.563097223402004
697.4|1.0|0.36|0.0|0|2.609696773987382|5.219393547974757|7.8290903219621395|10.438787095949522
697.6|1.0|0.36|0.0|0|2.8504144547903003|5.700828909580593|8.551243364370894|11.401657819161194
697.8|1.0|0.36|0.0|0|2.2558273689943618|4.511654737988717|6.7674821069830795|9.023309475977442
698.0|1.0|0.36|0.0|0|2.356006283888712|4.712012567777417|7.068018851666129|9.42402513555484
698.2|1.0|0.36|0.0|0|2.3844743930193384|4.768948786038671|7.1534231790580085|9.537897572077346
698.4|1.0|0.36|0.0|0|2.243214915787105|4.4864298315742035|6.7296447473613075|8.972859663148412
698.6|1.0|0.36|0.0|0|2.308078961225112|4.616157922450218|6.92423688367533|9.232315844900443
698.8|1.0|0.36|0.0|0|2.288619747799823|4.57723949559964|6.865859243399464|9.154478991199287
699.0|1.0|0.36|0.0|0|2.0228573377133596|4.045714675426714|6.0685720131400736|8.091429350853433
699.2|1.0|0.36|0.0|0|1.8900662217574444|3.7801324435148835|5.670198665272328|7.560264887029772
699.4|1.0|0.36|0.0|0|2.290421526619468|4.5808430532389295|6.871264579858398|9.161686106477866
699.6|1.0|0.36|0.0|0|2.6805066905822628|5.361013381164518|8.041520071746781|10.722026762329044
699.8|1.0|0.36|0.0|0|3.2464454901538584|6.492890980307708|9.739336470461566|12.985781960615425
700.0|1.0|0.36|0.0|0|3.243922999126374|6.487845998252738|9.731768997379113|12.975691996505487
700.2|1.0|0.36|0.0|0|3.081402528674228|6.162805057348447|9.244207586022675|12.325610114696904
700.4|1.0|0.36|0.0|0|3.041222856313109|6.08244571262621|9.123668568939319|12.16489142525243
700.6|1.0|0.36|0.0|0|2.477806547104267|4.955613094208527|7.433419641312794|9.91122618841706
700.8|1.0|0.36|0.0|0|2.8669908222137046|5.733981644427401|8.600972466641105|11.46796328885481
701.0|1.0|0.36|0.0|0|3.2457247779285563|6.491449555857104|9.73717433378566|12.982899111714216
701.2|1.0|0.36|0.0|0|3.099960852626248|6.199921705252488|9.299882557878735|12.399843410504984
701.4|1.0|0.36|0.0|0|3.1352757227129797|6.2705514454259506|9.40582716813893|12.54110289085191
701.6|1.0|0.36|0.0|0|2.98140379178047|5.962807583560931|8.944211375341402|11.92561516712187
701.8|1.0|0.36|0.0|0|2.4978062946663724|4.9956125893327386|7.4934188839991105|9.991225178665484
702.0|1.0|0.36|0.0|0|2.923566684456894|5.84713336891378|8.770700053370673|11.694266737827569
702.2|1.0|0.36|0.0|0|3.161401518261412|6.322803036522815|9.484204554784228|12.64560607304564
702.4|1.0|0.36|0.0|0|2.6369036376656756|5.273807275331344|7.910710912997019|10.547614550662695
702.6|1.0|0.36|0.0|0|2.8529369455715665|5.705873891143125|8.558810836714692|11.411747782286259
702.8|1.0|0.36|0.0|0|3.332210172320486|6.664420344640964|9.99663051696145|13.328840689281936
703.0|1.0|0.36|0.0|0|2.8141986959084195|5.628397391816831|8.442596087725251|11.256794783633671
703.2|1.0|0.36|0.0|0|3.1916714064031866|6.383342812806364|9.575014219209551|12.766685625612737
703.4|1.0|0.36|0.0|0|3.03203378298553|6.064067565971051|9.09610134895658|12.128135131942111
703.6|1.0|0.36|0.0|0|2.6585249864374076|5.317049972874808|7.975574959312216|10.634099945749623
703.8|1.0|0.36|0.0|0|3.066447762767787|6.132895525535566|9.199343288303352|12.26579105107114
704.0|1.0|0.36|0.0|0|3.3069852659868806|6.613970531973751|9.920955797960632|13.227941063947512
704.2|1.0|0.36|0.0|0|2.8839275450812445|5.767855090162481|8.651782635243725|11.53571018032497
704.4|1.0|0.36|0.0|0|2.486995621121025|4.973991242242043|7.460986863363068|9.947982484484093
704.6|1.0|0.36|0.0|0|3.207707239552986|6.415414479105963|9.623121718658949|12.830828958211935
704.8|1.0|0.36|0.0|0|3.1532935129036224|6.306587025807236|9.459880538710859|12.61317405161448
705.0|1.0|0.36|0.0|0|2.9941964230302283|5.9883928460604485|8.982589269090676|11.976785692120904
705.2|1.0|0.36|0.0|0|3.0588802911387782|6.1177605822775485|9.176640873416327|12.235521164555104
705.4|1.0|0.36|0.0|0|2.1329460372781632|4.26589207455632|6.3988381118344835|8.531784149112648
705.6|1.0|0.36|0.0|0|2.4963648717361524|4.992729743472298|7.48909461520845|9.985459486944603
705.8|1.0|0.36|0.0|0|2.051505624891726|4.103011249783447|6.154516874675173|8.206022499566899
706.0|1.0|0.36|0.0|0|2.545012906579652|5.090025813159297|7.63503871973895|10.180051626318601
706.2|1.0|0.36|0.0|0|2.905909249501422|5.811818499002835|8.717727748504258|11.62363699800568
706.4|1.0|0.36|0.0|0|2.3574477074545594|4.714895414909113|7.072343122363672|9.429790829818232
706.6|1.0|0.36|0.0|0|2.578706173906105|5.157412347812203|7.736118521718308|10.314824695624413
706.8|1.0|0.36|0.0|0|2.861945840248375|5.723891680496742|8.585837520745116|11.447783360993492
707.0|1.0|0.36|0.0|0|2.8024871327343885|5.60497426546877|8.407461398203159|11.209948530937547
707.2|1.0|0.36|0.0|0|2.8806843427236917|5.761368685447375|8.642053028171066|11.522737370894758
707.4|1.0|0.36|0.0|0|2.312223052470365|4.6244461049407235|6.936669157411088|9.248892209881452
707.6|1.0|0.36|0.0|0|2.4147442806680943|4.8294885613361815|7.244232842004275|9.65897712267237
707.8|1.0|0.36|0.0|0|2.916900102025832|5.833800204051656|8.750700306077487|11.667600408103318
708.0|1.0|0.36|0.0|0|2.7788838265073745|5.557767653014741|8.336651479522116|11.11553530602949
708.2|1.0|0.36|0.0|0|2.697983947577889|5.39596789515577|8.09395184273366|10.791935790311546
708.4|1.0|0.36|0.0|0|3.1866264249931584|6.373252849986308|9.559879274979465|12.746505699972625
708.6|1.0|0.36|0.0|0|2.7981628627603667|5.5963257255207255|8.394488588281092|11.192651451041458
708.8|1.0|0.36|0.0|0|2.3122230531129775|4.624446106225949|6.936669159338925|9.248892212451903
709.0|1.0|0.36|0.0|0|2.7266322343790694|5.453264468758132|8.179896703137201|10.90652893751627
709.2|1.0|0.36|0.0|0|2.9015849796321733|5.803169959264339|8.704754938896512|11.606339918528686
709.4|1.0|0.36|0.0|0|2.7087946212250995|5.417589242450192|8.126383863675292|10.835178484900391
709.6|1.0|0.36|0.0|0|2.591138450049332|5.182276900098657|7.773415350147989|10.36455380019732
709.8|1.0|0.36|0.0|0|2.043938152900084|4.087876305800162|6.131814458700246|8.17575261160033
710.0|1.0|0.36|0.0|0|3.380858206723936|6.7617164134478625|10.142574620171798|13.523432826895736
710.2|1.0|0.36|0.0|0|3.230229478414988|6.460458956829967|9.690688435244956|12.920917913659943
710.4|1.0|0.36|0.0|0|3.221941294436113|6.443882588872217|9.665823883308331|12.887765177744443
710.6|1.0|0.36|0.0|0|3.223743073735389|6.447486147470769|9.671229221206158|12.894972294941548
710.8|1.0|0.36|0.0|0|2.679065267534463|5.358130535068919|8.037195802603382|10.716261070137845
711.0|1.0|0.36|0.0|0|2.9823046810762053|5.964609362152402|8.946914043228608|11.929218724304812
711.2|1.0|0.36|0.0|0|2.7664515515294648|5.532903103058922|8.299354654588386|11.065806206117852
711.4|1.0|0.36|0.0|0|3.2177972026990056|6.435594405398002|9.653391608097008|12.871188810796014
711.6|1.0|0.36|0.0|0|2.6871732728777014|5.374346545755395|8.061519818633096|10.748693091510797
711.8|1.0|0.36|0.0|0|3.3379758654453355|6.675951730890662|10.013927596335998|13.351903461781333
712.0|1.0|0.36|0.0|0|2.70410999607295|5.408219992145893|8.112329988218844|10.816439984291794
712.2|1.0|0.36|0.0|0|1.9900649591349082|3.980129918269811|5.97019487740472|7.9602598365396275
712.4|1.0|0.36|0.0|0|3.0985194299562164|6.197038859912424|9.29555828986864|12.394077719824857
712.6|1.0|0.36|0.0|0|2.190242611397991|4.380485222795976|6.570727834193967|8.760970445591958
712.8|1.0|0.36|0.0|0|2.7997844635177196|5.599568927035431|8.39935339055315|11.199137854070871
713.0|1.0|0.36|0.0|0|2.5255536925513318|5.051107385102657|7.576661077653989|10.102214770205322
713.2|1.0|0.36|0.0|0|2.3372677820443664|4.674535564088726|7.011803346133092|9.349071128177458
713.4|1.0|0.36|0.0|0|2.27528658258205|4.550573165164094|6.8258597477461445|9.101146330328195
713.6|1.0|0.36|0.0|0|2.3324029784271283|4.6648059568542495|6.997208935281378|9.329611913708506
713.8|1.0|0.36|0.0|0|2.3542045044980497|4.708409008996093|7.062613513494143|9.416818017992194
714.0|1.0|0.36|0.0|0|2.905909249701074|5.81181849940214|8.717727749103215|11.623636998804288
714.2|1.0|0.36|0.0|0|2.6486152016167783|5.2972304032335495|7.945845604850328|10.594460806467106
714.4|1.0|0.36|0.0|0|2.931134156407791|5.862268312815574|8.793402469223365|11.724536625631156
714.6|1.0|0.36|0.0|0|3.0815827067103263|6.163165413420645|9.244748120130971|12.326330826841296
714.8|1.0|0.36|0.0|0|2.5677153225179086|5.13543064503581|7.703145967553719|10.270861290071627
715.0|1.0|0.36|0.0|0|2.488797399782345|4.977594799564683|7.466392199347029|9.955189599129373
715.2|1.0|0.36|0.0|0|2.61654353428283|5.233087068565653|7.849630602848483|10.466174137131313
715.4|1.0|0.36|0.0|0|3.050231751547547|6.100463503095085|9.150695254642633|12.20092700619018
715.6|1.0|0.36|0.0|0|2.6199669143056985|5.23993382861139|7.859900742917088|10.479867657222787
715.8|1.0|0.36|0.0|0|2.565913543289646|5.1318270865792845|7.697740629868931|10.263654173158576
716.0|1.0|0.36|0.0|0|2.60068787876575|5.201375757531493|7.802063636297244|10.402751515062993
716.2|1.0|0.36|0.0|0|2.491139712483275|4.982279424966543|7.4734191374498185|9.964558849933093
716.4|1.0|0.36|0.0|0|2.82086527846521|5.641730556930413|8.462595835395623|11.283461113860833
716.6|1.0|0.36|0.0|0|1.927723403952552|3.8554468079050985|5.78317021185765|7.710893615810202
716.8|1.0|0.36|0.0|0|2.9705931176140465|5.941186235228085|8.911779352842132|11.882372470456177
717.0|1.0|0.36|0.0|0|2.979962368221607|5.959924736443206|8.939887104664813|11.919849472886419
717.2|1.0|0.36|0.0|0|2.458347333695858|4.91669466739171|7.375042001087568|9.833389334783426
717.4|1.0|0.36|0.0|0|3.363200771761479|6.7264015435229485|10.089602315284427|13.452803087045908
717.6|1.0|0.36|0.0|0|2.721587252580796|5.4431745051615845|8.164761757742381|10.886349010323176
717.8|1.0|0.36|0.0|0|3.112753484525022|6.225506969050035|9.338260453575058|12.451013938100079
718.0|1.0|0.36|0.0|0|2.4704192535212517|4.940838507042497|7.411257760563749|9.881677014085
718.2|1.0|0.36|0.0|0|2.1909633235720705|4.381926647144135|6.572889970716205|8.763853294288275
718.4|1.0|0.36|0.0|0|2.633480257574122|5.266960515148236|7.900440772722359|10.533921030296481
718.6|1.0|0.36|0.0|0|2.842846982941267|5.685693965882526|8.528540948823792|11.37138793176506
718.8|1.0|0.36|0.0|0|3.079780927816758|6.159561855633507|9.239342783450265|12.319123711267023
719.0|1.0|0.36|0.0|0|2.9410439412971052|5.8820878825942025|8.823131823891307|11.764175765188414
719.2|1.0|0.36|0.0|0|2.7914962800318635|5.582992560063719|8.374488840095582|11.165985120127445
719.4|1.0|0.36|0.0|0|2.486094731576161|4.972189463152315|7.458284194728476|9.944378926304637
719.6|1.0|0.36|0.0|0|2.5318599192099667|5.063719838419926|7.595579757629894|10.12743967683986
719.8|1.0|0.36|0.0|0|2.3642944674752675|4.728588934950528|7.092883402425795|9.457177869901063
720.0|1.0|0.36|0.0|0|2.933476469200107|5.866952938400206|8.800429407600314|11.73390587680042
720.2|1.0|0.36|0.0|0|2.3884383071848445|4.776876614369683|7.165314921554527|9.553753228739371
720.4|1.0|0.36|0.0|0|2.486995620602977|4.973991241205947|7.460986861808924|9.9479824824119
720.6|1.0|0.36|0.0|0|2.5122205272474116|5.024441054494816|7.536661581742227|10.04888210898964
720.8|1.0|0.36|0.0|0|3.437434068705191|6.874868137410373|10.312302206115564|13.749736274820755
721.0|1.0|0.36|0.0|0|2.335826358679917|4.6716527173598275|7.007479076039744|9.343305434719662
721.2|1.0|0.36|0.0|0|2.997439625412228|5.994879250824448|8.992318876236677|11.989758501648906
721.4|1.0|0.36|0.0|0|2.5098782147647603|5.019756429529513|7.529634644294274|10.039512859059034
721.6|1.0|0.36|0.0|0|2.934377358862551|5.868754717725094|8.803132076587644|11.737509435450194
721.8|1.0|0.36|0.0|0|2.7545598090864973|5.509119618172988|8.263679427259484|11.018239236345982
722.0|1.0|0.36|0.0|0|3.088069111477237|6.1761382229544655|9.264207334431703|12.35227644590894
722.2|1.0|0.36|0.0|0|2.702308216854583|5.404616433709158|8.106924650563741|10.809232867418325
722.4|1.0|0.36|0.0|0|2.8853689680446433|5.7707379360892785|8.656106904133921|11.541475872178564
722.6|1.0|0.36|0.0|0|3.612206636336053|7.224413272672097|10.83661990900815|14.448826545344202
722.8|1.0|0.36|0.0|0|3.2195989817846593|6.43919796356931|9.65879694535397|12.878395927138628
723.0|1.0|0.36|0.0|0|2.4248342433938546|4.849668486787702|7.274502730181557|9.699336973575411
723.2|1.0|0.36|0.0|0|2.6259127853310225|5.251825570662038|7.87773835599306|10.503651141324083
723.4|1.0|0.36|0.0|0|2.7963610836962496|5.592722167392491|8.38908325108874|11.185444334784991
723.6|1.0|0.36|0.0|0|2.8073519353038887|5.61470387060777|8.42205580591166|11.229407741215548
723.8|1.0|0.36|0.0|0|2.7417671780526893|5.4835343561053715|8.225301534158062|10.96706871221075
724.0|1.0|0.36|0.0|0|2.1978100831084904|4.3956201662169745|6.593430249325465|8.791240332433956
724.2|1.0|0.36|0.0|0|2.328078708937976|4.656157417875945|6.984236126813921|9.312314835751897
724.4|1.0|0.36|0.0|0|2.5190672879235376|5.038134575847068|7.557201863770605|10.076269151694143
724.6|1.0|0.36|0.0|0|2.2785297847661443|4.557059569532282|6.835589354298427|9.11411913906457
724.8|1.0|0.36|0.0|0|2.6342009693034947|5.268401938606982|7.902602907910477|10.536803877213972
725.0|1.0|0.36|0.0|0|2.650056624388674|5.300113248777341|7.950169873166014|10.600226497554688
725.2|1.0|0.36|0.0|0|2.85527925823699|5.710558516473972|8.565837774710962|11.421117032947953
725.4|1.0|0.36|0.0|0|2.8421262710035107|5.684252542007013|8.526378813010524|11.368505084014034
725.6|1.0|0.36|0.0|0|3.370948421721117|6.741896843442224|10.112845265163342|13.483793686884457
725.8|1.0|0.36|0.0|0|2.6761824213370007|5.352364842673993|8.028547264010994|10.704729685347996
726.0|1.0|0.36|0.0|0|2.5174456865893466|5.034891373178686|7.552337059768033|10.06978274635738
726.2|1.0|0.36|0.0|0|3.2732919973251438|6.546583994650279|9.819875991975422|13.093167989300566
726.4|1.0|0.36|0.0|0|3.1824823335785215|6.364964667157034|9.547447000735556|12.729929334314077
726.6|1.0|0.36|0.0|0|2.786271120596214|5.57254224119242|8.358813361788634|11.145084482384847
726.8|1.0|0.36|0.0|0|2.7206863632384946|5.441372726476981|8.162059089715475|10.882745452953971
727.0|1.0|0.36|0.0|0|2.6705969057069185|5.341193811413829|8.011790717120748|10.682387622827665
727.2|1.0|0.36|0.0|0|2.672038328850179|5.34407665770035|8.016114986550528|10.688153315400706
727.4|1.0|0.36|0.0|0|3.1295100292563465|6.259020058512685|9.38853008776903|12.518040117025377
727.6|1.0|0.36|0.0|0|2.8687926007545346|5.737585201509061|8.606377802263596|11.475170403018131
727.8|1.0|0.36|0.0|0|2.5855529343301917|5.171105868660376|7.756658802990568|10.34221173732076
728.0|1.0|0.36|0.0|0|2.647534133578304|5.2950682671566005|7.942602400734904|10.590136534313208
728.2|1.0|0.36|0.0|0|2.5704179906105877|5.140835981221168|7.7112539718317565|10.281671962442344
728.4|1.0|0.36|0.0|0|3.0529344194510513|6.1058688389020945|9.158803258353146|12.211737677804196
728.6|1.0|0.36|0.0|0|3.1278884283994586|6.255776856798908|9.383665285198367|12.511553713597825
728.8|1.0|0.36|0.0|0|2.842666804672338|5.685333609344668|8.528000414017006|11.370667218689343
729.0|1.0|0.36|0.0|0|2.992214466259468|5.984428932518928|8.976643398778396|11.968857865037865
729.2|1.0|0.36|0.0|0|2.4972657612664646|4.994531522532922|7.491797283799388|9.989063045065851
729.4|1.0|0.36|0.0|0|2.529157250573628|5.058314501147249|7.587471751720877|10.116629002294506
729.6|1.0|0.36|0.0|0|2.5812286651239287|5.16245733024785|7.743685995371779|10.324914660495708
729.8|1.0|0.36|0.0|0|2.473662455893357|4.947324911786707|7.4209873676800635|9.89464982357342
730.0|1.0|0.36|0.0|0|2.6655519247386863|5.331103849477365|7.996655774216051|10.662207698954736
730.2|1.0|0.36|0.0|0|2.515643907815104|5.0312878156302006|7.546931723445304|10.062575631260408
730.4|1.0|0.36|0.0|0|2.4037534284871094|4.807506856974212|7.2112602854613215|9.61501371394843
730.6|1.0|0.36|0.0|0|2.565373009606267|5.130746019212527|7.696119028818793|10.261492038425061
730.8|1.0|0.36|0.0|0|2.7082540881901536|5.4165081763803|8.124762264570453|10.833016352760607
731.0|1.0|0.36|0.0|0|2.7839288080984286|5.567857616196849|8.351786424295279|11.135715232393707
731.2|1.0|0.36|0.0|0|2.3776276324398373|4.7552552648796675|7.132882897319504|9.510510529759342
731.4|1.0|0.36|0.0|0|2.707353198351341|5.414706396702674|8.122059595054015|10.829412793405357
731.6|1.0|0.36|0.0|0|3.1320325200120016|6.264065040023994|9.396097560035995|12.528130080047998
731.8|1.0|0.36|0.0|0|2.4862749090010787|4.97254981800215|7.458824727003229|9.945099636004308
732.0|1.0|0.36|0.0|0|2.8394236025644957|5.678847205128983|8.51827080769348|11.357694410257976
732.2|1.0|0.36|0.0|0|2.09925276920316|4.198505538406314|6.297758307609474|8.397011076812634
732.4|1.0|0.36|0.0|0|2.5172655083885207|5.034531016777034|7.551796525165555|10.069062033554076
732.6|1.0|0.36|0.0|0|2.846810896953687|5.693621793907366|8.540432690861053|11.387243587814739
732.8|1.0|0.36|0.0|0|2.7495148281048776|5.499029656209747|8.248544484314625|10.998059312419503
733.0|1.0|0.36|0.0|0|3.3817590960487753|6.763518192097541|10.145277288146316|13.527036384195092
733.2|1.0|0.36|0.0|0|3.17329326060368|6.346586521207352|9.519879781811031|12.693173042414712
733.4|1.0|0.36|0.0|0|2.9880703743145594|5.976140748629111|8.96421112294367|11.95228149725823
733.6|1.0|0.36|0.0|0|2.6588853419997056|5.317770683999403|7.976656025999109|10.635541367998814
733.8|1.0|0.36|0.0|0|3.2001397685176953|6.400279537035382|9.600419305553077|12.800559074070772
734.0|1.0|0.36|0.0|0|3.0605018918745945|6.12100378374918|9.181505675623775|12.24200756749837
734.2|1.0|0.36|0.0|0|3.3168950505187995|6.63379010103759|9.95068515155639|13.26758020207519
734.4|1.0|0.36|0.0|0|2.486274909123897|4.972549818247787|7.458824727371684|9.94509963649558
734.6|1.0|0.36|0.0|0|2.5668144330859675|5.133628866171928|7.700443299257895|10.267257732343863
734.8|1.0|0.36|0.0|0|2.4830317065503937|4.96606341310078|7.449095119651174|9.932126826201568
735.0|1.0|0.36|0.0|0|2.8655493987898835|5.731098797579759|8.596648196369642|11.462197595159525
735.2|1.0|0.36|0.0|0|2.8610449512954825|5.722089902590957|8.58313485388644|11.444179805181923
735.4|1.0|0.36|0.0|0|2.328979598384469|4.657959196768932|6.9869387951534|9.315918393537869
735.6|1.0|0.36|0.0|0|2.7541994536120935|5.508398907224179|8.262598360836273|11.016797814448367
735.8|1.0|0.36|0.0|0|2.621768693287161|5.243537386574314|7.865306079861475|10.487074773148636
736.0|1.0|0.36|0.0|0|3.185004824462815|6.370009648925621|9.555014473388438|12.740019297851251
736.2|1.0|0.36|0.0|0|2.7459112698090054|5.491822539618004|8.23773380942701|10.983645079236014
736.4|1.0|0.36|0.0|0|3.3558134777873088|6.711626955574608|10.067440433361917|13.423253911149224
736.6|1.0|0.36|0.0|0|2.9855478838691516|5.971095767738294|8.956643651607447|11.942191535476598
736.8|1.0|0.36|0.0|0|2.7610462143039354|5.522092428607864|8.2831386429118|11.044184857215734
737.0|1.0|0.36|0.0|0|2.6215885157836625|5.243177031567318|7.86476554735098|10.486354063134643
737.2|1.0|0.36|0.0|0|2.0675414583465335|4.135082916693062|6.202624375039595|8.270165833386129
737.4|1.0|0.36|0.0|0|2.7572624781035144|5.514524956207021|8.271787434310536|11.02904991241405
737.6|1.0|0.36|0.0|0|2.642669330358042|5.285338660716077|7.928007991074119|10.57067732143216
737.8|1.0|0.36|0.0|0|2.2212332108046415|4.442466421609277|6.663699632413918|8.884932843218559
738.0|1.0|0.36|0.0|0|2.10339686149033|4.206793722980653|6.310190584470983|8.413587445961314
738.2|1.0|0.36|0.0|0|2.687353451204838|5.3747069024096685|8.062060353614505|10.749413804819344
738.4|1.0|0.36|0.0|0|2.2223142784263494|4.444628556852693|6.666942835279042|8.88925711370539
738.6|1.0|0.36|0.0|0|2.1952875930559843|4.390575186111962|6.585862779167946|8.78115037222393
738.8|1.0|0.36|0.0|0|2.2668182209332026|4.533636441866399|6.800454662799602|9.067272883732805
739.0|1.0|0.36|0.0|0|2.344114541573801|4.688229083147596|7.032343624721397|9.3764581662952
739.2|1.0|0.36|0.0|0|2.3560062836215385|4.712012567243071|7.068018850864609|9.424025134486149
739.4|1.0|0.36|0.0|0|2.4399691872554854|4.879938374510964|7.319907561766449|9.759876749021934
739.6|1.0|0.36|0.0|0|2.508797147088919|5.017594294177831|7.5263914412667505|10.03518858835567
739.8|1.0|0.36|0.0|0|2.9662688476353676|5.932537695270727|8.898806542906096|11.865075390541463
740.0|1.0|0.36|0.0|0|2.579607064049344|5.1592141280986805|7.738821192148025|10.318428256197368
740.2|1.0|0.36|0.0|0|2.7266322338918716|5.453264467783735|8.179896701675606|10.906528935567477
740.4|1.0|0.36|0.0|0|2.757803011198414|5.51560602239682|8.273409033595234|11.03121204479365
740.6|1.0|0.36|0.0|0|2.7174431612243666|5.434886322448726|8.152329483673093|10.86977264489746
740.8|1.0|0.36|0.0|0|3.271490218886177|6.5429804377723455|9.814470656658523|13.0859608755447
741.0|1.0|0.36|0.0|0|2.7965412614919503|5.5930825229838925|8.389623784475843|11.186165045967794
741.2|1.0|0.36|0.0|0|2.32141212606861|4.642824252137213|6.964236378205824|9.285648504274434
741.4|1.0|0.36|0.0|0|2.523211379782881|5.046422759565755|7.569634139348636|10.092845519131517
741.6|1.0|0.36|0.0|0|3.3390569329232704|6.678113865846532|10.017170798769802|13.356227731693073
741.8|1.0|0.36|0.0|0|2.2181701870198616|4.436340374039717|6.6545105610595785|8.87268074807944
742.0|1.0|0.36|0.0|0|2.5066350121150047|5.013270024230002|7.5199050363450075|10.026540048460012
742.2|1.0|0.36|0.0|0|2.7360014853172494|5.472002970634491|8.208004455951741|10.94400594126899
742.4|1.0|0.36|0.0|0|2.2615930621075697|4.523186124215133|6.7847791863227025|9.046372248430272
742.6|1.0|0.36|0.0|0|2.7949196598847657|5.589839319769523|8.384758979654288|11.179678639539054
742.8|1.0|0.36|0.0|0|2.9781605897855505|5.956321179571093|8.934481769356644|11.912642359142193
743.0|1.0|0.36|0.0|0|2.313844654164279|4.627689308328551|6.941533962492831|9.25537861665711
743.2|1.0|0.36|0.0|0|3.1168975760572386|6.233795152114468|9.350692728171706|12.467590304228946
743.4|1.0|0.36|0.0|0|2.8251895482180434|5.650379096436079|8.475568644654121|11.300758192872165
743.6|1.0|0.36|0.0|0|2.717443160900732|5.434886321801457|8.15232948270219|10.869772643602921
743.8|1.0|0.36|0.0|0|2.3668169583776058|4.733633916755204|7.10045087513281|9.467267833510416
744.0|1.0|0.36|0.0|0|2.098532057891718|4.19706411578343|6.295596173675149|8.394128231566867
744.2|1.0|0.36|0.0|0|2.211143248269802|4.422286496539598|6.6334297448094|8.844572993079202
744.4|1.0|0.36|0.0|0|2.7410464667854857|5.482092933570963|8.223139400356448|10.964185867141934
744.6|1.0|0.36|0.0|0|2.485374019900921|4.970748039801835|7.456122059702756|9.941496079603677
744.8|1.0|0.36|0.0|0|2.961223866238727|5.922447732477446|8.883671598716173|11.8448954649549
745.0|1.0|0.36|0.0|0|2.8605044174124514|5.721008834824895|8.581513252237345|11.442017669649797
745.2|1.0|0.36|0.0|0|3.163924009133482|6.327848018266956|9.491772027400438|12.655696036533922
745.4|1.0|0.36|0.0|0|2.8334777318185687|5.666955463637129|8.500433195455699|11.333910927274266
745.6|1.0|0.36|0.0|0|2.735280773653069|5.470561547306131|8.2058423209592|10.94112309461227
745.8|1.0|0.36|0.0|0|2.598886099480444|5.197772198960881|7.796658298441325|10.39554439792177
746.0|1.0|0.36|0.0|0|2.484292951963728|4.9685859039274485|7.452878855891176|9.937171807854904
746.2|1.0|0.36|0.0|0|3.034376095869232|6.068752191738455|9.103128287607687|12.13750438347692
746.4|1.0|0.36|0.0|0|2.678164378071672|5.356328756143336|8.034493134215008|10.71265751228668
746.6|1.0|0.36|0.0|0|2.548436286069921|5.0968725721398345|7.645308858209755|10.193745144279676
746.8|1.0|0.36|0.0|0|2.472941744605198|4.945883489210389|7.4188252338155865|9.891766978420785
747.0|1.0|0.36|0.0|0|2.3509613026148894|4.701922605229772|7.052883907844661|9.40384521045955
747.2|1.0|0.36|0.0|0|2.145738668873093|4.29147733774618|6.437216006619273|8.582954675492367
747.4|1.0|0.36|0.0|0|2.179251759338078|4.358503518676151|6.537755278014228|8.717007037352307
747.6|1.0|0.36|0.0|0|2.372762828634006|4.745525657268006|7.118288485902012|9.49105131453602
747.8|1.0|0.36|0.0|0|2.7862711209227586|5.57254224184551|8.358813362768268|11.145084483691027
748.0|1.0|0.36|0.0|0|3.2565354526921904|6.513070905384372|9.769606358076562|13.026141810768753
748.2|1.0|0.36|0.0|0|2.989872153701147|5.979744307402285|8.969616461103433|11.95948861480458
748.4|1.0|0.36|0.0|0|3.0705918544612385|6.141183708922469|9.211775563383707|12.282367417844947
748.6|1.0|0.36|0.0|0|2.517806042140585|5.035612084281163|7.5534181264217475|10.071224168562333
748.8|1.0|0.36|0.0|0|2.28843956961937|4.576879139238733|6.865318708858103|9.153758278477474
749.0|1.0|0.36|0.0|0|2.9453682105941725|5.890736421188337|8.83610463178251|11.781472842376681
749.2|1.0|0.36|0.0|0|2.6241110061306996|5.248222012261392|7.872333018392092|10.496444024522791
749.4|1.0|0.36|0.0|0|2.6601465868722904|5.320293173744574|7.980439760616864|10.640586347489155
749.6|1.0|0.36|0.0|0|2.5844718673278133|5.1689437346556195|7.753415601983433|10.337887469311246
749.8|1.0|0.36|0.0|0|2.9596022652648415|5.919204530529675|8.878806795794516|11.838409061059359
750.0|1.0|0.36|0.0|0|3.035276985101521|6.070553970203034|9.105830955304555|12.141107940406075
750.2|1.0|0.36|0.0|0|2.534022053923111|5.068044107846215|7.602066161769326|10.136088215692437
750.4|1.0|0.36|0.0|0|2.5979852102819154|5.195970420563824|7.79395563084574|10.391940841127655
750.6|1.0|0.36|0.0|0|2.5257338703557637|5.05146774071152|7.577201611067284|10.102935481423048
750.8|1.0|0.36|0.0|0|2.742668067692432|5.485336135384856|8.228004203077289|10.970672270769722
751.0|1.0|0.36|0.0|0|2.445014168826749|4.890028337653491|7.33504250648024|9.780056675306989
751.2|1.0|0.36|0.0|0|2.772037066132764|5.5440741322655205|8.316111198398284|11.088148264531048
751.4|1.0|0.36|0.0|0|2.5486164642788958|5.097232928557784|7.645849392836681|10.194465857115576
751.6|1.0|0.36|0.0|0|2.606453571802124|5.212907143604241|7.819360715406365|10.425814287208489
751.8|1.0|0.36|0.0|0|2.333664223237431|4.667328446474856|7.000992669712287|9.334656892949717
752.0|1.0|0.36|0.0|0|2.830234529561715|5.660469059123422|8.490703588685136|11.320938118246852
752.2|1.0|0.36|0.0|0|3.0168988388997997|6.0337976777995905|9.05069651669939|12.06759535559919
752.4|1.0|0.36|0.0|0|2.8484324981167473|5.6968649962334865|8.545297494350233|11.39372999246698
752.6|1.0|0.36|0.0|0|2.238350112006885|4.476700224013764|6.715050336020649|8.953400448027534
752.8|1.0|0.36|0.0|0|2.279610852558983|4.5592217051179595|6.838832557676942|9.118443410235924
753.0|1.0|0.36|0.0|0|2.6770833102922214|5.354166620584435|8.031249930876657|10.708333241168877
753.2|1.0|0.36|0.0|0|2.7954601940029558|5.5909203880059035|8.38638058200886|11.181840776011816
753.4|1.0|0.36|0.0|0|2.703209106727156|5.406418213454305|8.109627320181461|10.812836426908618
753.6|1.0|0.36|0.0|0|2.828432750345094|5.65686550069018|8.485298251035275|11.313731001380367
753.8|1.0|0.36|0.0|0|2.7747397346375533|5.5494794692750995|8.324219203912653|11.098958938550206
754.0|1.0|0.36|0.0|0|2.5592469600000207|5.118493920000034|7.677740880000055|10.236987840000076
754.2|1.0|0.36|0.0|0|2.994196423311953|5.988392846623898|8.982589269935852|11.976785693247805
754.4|1.0|0.36|0.0|0|2.5394273911567895|5.078854782313572|7.6182821734703605|10.157709564627151
754.6|1.0|0.36|0.0|0|2.416185704517995|4.832371409035984|7.2485571135539795|9.664742818071975
754.8|1.0|0.36|0.0|0|3.340498355818566|6.680996711637123|10.021495067455689|13.361993423274255
755.0|1.0|0.36|0.0|0|3.3228409214434245|6.645681842886839|9.968522764330263|13.291363685773689
755.2|1.0|0.36|0.0|0|3.0529344197711934|6.105868839542379|9.158803259313572|12.211737679084765
755.4|1.0|0.36|0.0|0|3.036898586497412|6.073797172994816|9.110695759492227|12.14759434598964
755.6|1.0|0.36|0.0|0|3.1019428103440467|6.2038856206880855|9.305828431032133|12.407771241376178
755.8|1.0|0.36|0.0|0|2.7511364292592067|5.502272858518406|8.253409287777613|11.00454571703682
756.0|1.0|0.36|0.0|0|2.8323966643691554|5.664793328738303|8.497189993107458|11.329586657476614
756.2|1.0|0.36|0.0|0|3.1109517053968765|6.221903410793745|9.332855116190622|12.443806821587497
756.4|1.0|0.36|0.0|0|3.1783382417715647|6.356676483543121|9.535014725314685|12.71335296708625
756.6|1.0|0.36|0.0|0|3.330408393710971|6.660816787421933|9.991225181132904|13.321633574843874
756.8|1.0|0.36|0.0|0|2.6628492559195753|5.325698511839144|7.988547767758718|10.651397023678294
757.0|1.0|0.36|0.0|0|2.755821054630217|5.511642109260426|8.267463163890643|11.02328421852086
757.2|1.0|0.36|0.0|0|3.179239131126672|6.358478262253335|9.537717393380007|12.71695652450668
757.4|1.0|0.36|0.0|0|3.0114935020351576|6.022987004070307|9.034480506105465|12.045974008140622
757.6|1.0|0.36|0.0|0|2.183576028590325|4.367152057180645|6.55072808577097|8.734304114361295
757.8|1.0|0.36|0.0|0|2.5450129064288944|5.090025812857782|7.635038719286676|10.18005162571557
758.0|1.0|0.36|0.0|0|2.0086232832534026|4.017246566506799|6.025869849760202|8.034493133013603
758.2|1.0|0.36|0.0|0|2.1925849240575936|4.385169848115181|6.577754772172775|8.77033969623037
758.4|1.0|0.36|0.0|0|2.8925760847685185|5.785152169537029|8.677728254305547|11.570304339074067
758.6|1.0|0.36|0.0|0|2.8181626101245665|5.636325220249125|8.454487830373692|11.272650440498257
758.8|1.0|0.36|0.0|0|2.572219769475635|5.1444395389512625|7.716659308426896|10.288879077902532
759.0|1.0|0.36|0.0|0|3.056357800479748|6.112715600959488|9.169073401439237|12.225431201918985
759.2|1.0|0.36|0.0|0|2.2817729874543167|4.563545974908627|6.845318962362944|9.127091949817261
759.4|1.0|0.36|0.0|0|2.741767178351877|5.483534356703746|8.225301535055623|10.9670687134075
759.6|1.0|0.36|0.0|0|2.369159270981911|4.738318541963815|7.107477812945726|9.476637083927637
759.8|1.0|0.36|0.0|0|2.683749893156348|5.367499786312689|8.051249679469038|10.734999572625386
760.0|1.0|0.36|0.0|0|3.2950935237284313|6.590187047456854|9.885280571185286|13.180374094913716
760.2|1.0|0.36|0.0|0|2.43150082589593|4.863001651791853|7.294502477687783|9.726003303583713
760.4|1.0|0.36|0.0|0|2.7862711204803805|5.572542240960754|8.358813361441134|11.145084481921515
760.6|1.0|0.36|0.0|0|2.788072899759866|5.5761457995197246|8.36421869927959|11.152291599039456
760.8|1.0|0.36|0.0|0|2.8619458405289357|5.7238916810578635|8.5858375215868|11.447783362115736
761.0|1.0|0.36|0.0|0|2.871134913746503|5.742269827492998|8.613404741239501|11.484539654986003
761.2|1.0|0.36|0.0|0|2.739244687868634|5.478489375737261|8.217734063605894|10.956978751474528
761.4|1.0|0.36|0.0|0|3.313471670396978|6.6269433407939475|9.940415011190925|13.253886681587904
761.6|1.0|0.36|0.0|0|3.204283860083672|6.408567720167335|9.612851580251007|12.81713544033468
761.8|1.0|0.36|0.0|0|3.019241151497702|6.038482302995396|9.057723454493098|12.0769646059908
762.0|1.0|0.36|0.0|0|3.2684271940169887|6.536854388033968|9.805281582050956|13.073708776067946
762.2|1.0|0.36|0.0|0|3.055456910409851|6.110913820819693|9.166370731229545|12.221827641639395
762.4|1.0|0.36|0.0|0|3.36248006091337|6.724960121826731|10.087440182740101|13.449920243653471
762.6|1.0|0.36|0.0|0|3.755988604782618|7.5119772095652255|11.267965814347844|15.023954419130462
762.8|1.0|0.36|0.0|0|3.2505895816005097|6.5011791632010105|9.75176874480152|13.00235832640203
763.0|1.0|0.36|0.0|0|2.772037066270134|5.544074132540261|8.316111198810395|11.088148265080529
763.2|1.0|0.36|0.0|0|2.3442947197478516|4.688589439495697|7.032884159243549|9.377178878991401
763.4|1.0|0.36|0.0|0|3.0538353093288633|6.1076706186577185|9.161505927986582|12.215341237315444
763.6|1.0|0.36|0.0|0|2.901404801974425|5.802809603948842|8.704214405923267|11.605619207897691
763.8|1.0|0.36|0.0|0|2.980683080544698|5.961366161089387|8.942049241634086|11.922732322178783
764.0|1.0|0.36|0.0|0|3.381578918354938|6.763157836709866|10.144736755064805|13.526315673419743
764.2|1.0|0.36|0.0|0|3.0075295878533534|6.015059175706698|9.022588763560051|12.030118351413405
764.4|1.0|0.36|0.0|0|2.9024858692585283|5.8049717385170485|8.707457607775577|11.609943477034106
764.6|1.0|0.36|0.0|0|3.325543590018063|6.651087180036117|9.97663077005418|13.302174360072243
764.8|1.0|0.36|0.0|0|3.027168979447454|6.0543379588949|9.081506938342354|12.108675917789808
765.0|1.0|0.36|0.0|0|2.906810138431613|5.813620276863218|8.720430415294832|11.627240553726445
765.2|1.0|0.36|0.0|0|2.493842381178404|4.987684762356801|7.481527143535204|9.975369524713608
765.4|1.0|0.36|0.0|0|2.9201433042140006|5.840286608427993|8.760429912641994|11.680573216855993
765.6|1.0|0.36|0.0|0|2.9788813010999027|5.957762602199797|8.9366439032997|11.915525204399604
765.8|1.0|0.36|0.0|0|2.9293323777423965|5.858664755484785|8.787997133227181|11.717329510969577
766.0|1.0|0.36|0.0|0|3.15275297924178|6.305505958483551|9.458258937725331|12.611011916967112
766.2|1.0|0.36|0.0|0|3.1033842330396904|6.206768466079372|9.310152699119062|12.413536932158753
766.4|1.0|0.36|0.0|0|2.5340220540412726|5.068044108082538|7.60206616212381|10.136088216165083
766.6|1.0|0.36|0.0|0|2.7779829372453992|5.555965874490791|8.33394881173619|11.11193174898159
766.8|1.0|0.36|0.0|0|2.527175293476323|5.054350586952639|7.581525880428962|10.108701173905285
767.0|1.0|0.36|0.0|0|2.9529356825439055|5.905871365087802|8.858807047631707|11.811742730175613
767.2|1.0|0.36|0.0|0|2.453662708329505|4.907325416659003|7.360988124988507|9.814650833318012
767.4|1.0|0.36|0.0|0|2.925008106984899|5.85001621396979|8.775024320954689|11.700032427939588
767.6|1.0|0.36|0.0|0|2.658524986316336|5.317049972632664|7.975574958949|10.634099945265335
767.8|1.0|0.36|0.0|0|2.1952875929698368|4.390575185939667|6.5858627789095046|8.781150371879342
768.0|1.0|0.36|0.0|0|2.377087098789054|4.754174197578102|7.131261296367156|9.50834839515621
768.2|1.0|0.36|0.0|0|2.459428400953186|4.918856801906365|7.378285202859551|9.837713603812738
768.4|1.0|0.36|0.0|0|2.7259115228382895|5.451823045676571|8.177734568514861|10.903646091353151
768.6|1.0|0.36|0.0|0|1.6655645523971194|3.3311291047942344|4.996693657191353|6.662258209588473
768.8|1.0|0.36|0.0|0|2.5314995633251987|5.06299912665039|7.594498689975589|10.125998253300788
769.0|1.0|0.36|0.0|0|3.032033782852816|6.064067565705624|9.09610134855844|12.128135131411257
769.2|1.0|0.36|0.0|0|2.6864525618095674|5.372905123619127|8.059357685428694|10.745810247238262
769.4|1.0|0.36|0.0|0|2.3322228006261887|4.664445601252371|6.996668401878559|9.328891202504748
769.6|1.0|0.36|0.0|0|2.5289770723629066|5.057954144725806|7.586931217088713|10.11590828945162
769.8|1.0|0.36|0.0|0|3.3531108094996336|6.706221618999258|10.059332428498891|13.412443237998525
770.0|1.0|0.36|0.0|0|3.400317420255745|6.8006348405114805|10.200952260767226|13.601269681022972
770.2|1.0|0.36|0.0|0|2.875639361599463|5.751278723198918|8.62691808479838|11.502557446397843
770.4|1.0|0.36|0.0|0|3.114194907522763|6.228389815045517|9.342584722568281|12.456779630091043
770.6|1.0|0.36|0.0|0|2.487175798775281|4.974351597550555|7.461527396325836|9.948703195101118
770.8|1.0|0.36|0.0|0|2.4516807512514083|4.903361502502809|7.355042253754218|9.806723005005626
771.0|1.0|0.36|0.0|0|2.5619496289687254|5.123899257937444|7.685848886906169|10.247798515874894
771.2|1.0|0.36|0.0|0|2.2147468067804605|4.429493613560915|6.644240420341375|8.858987227121835
771.4|1.0|0.36|0.0|0|2.9967189133394303|5.993437826678853|8.990156740018282|11.986875653357712
771.6|1.0|0.36|0.0|0|2.3837536815175575|4.767507363035109|7.151261044552666|9.535014726070223
771.8|1.0|0.36|0.0|0|2.6367234596243385|5.27344691924867|7.9101703788730084|10.546893838497347
772.0|1.0|0.36|0.0|0|2.5913186273502675|5.182637254700528|7.773955882050795|10.365274509401063
772.2|1.0|0.36|0.0|0|3.0875285778043353|6.175057155608662|9.262585733412998|12.350114311217332
772.4|1.0|0.36|0.0|0|2.1464593805302883|4.292918761060571|6.4393781415908595|8.585837522121148
772.6|1.0|0.36|0.0|0|2.7073531984619357|5.414706396923863|8.1220595953858|10.829412793847734
772.8|1.0|0.36|0.0|0|2.7156413822196215|5.431282764439236|8.146924146658858|10.862565528878479
773.0|1.0|0.36|0.0|0|2.9210441933572318|5.8420883867144555|8.763132580071687|11.68417677342892
773.2|1.0|0.36|0.0|0|2.96302564510552|5.926051290211032|8.889076935316552|11.852102580422072
773.4|1.0|0.36|0.0|0|2.4305999364622424|4.8611998729244785|7.2917998093867205|9.722399745848962
773.6|1.0|0.36|0.0|0|2.450059149923038|4.90011829984607|7.350177449769108|9.800236599692145
773.8|1.0|0.36|0.0|0|3.4837397906777947|6.96747958135558|10.451219372033375|13.934959162711168
774.0|1.0|0.36|0.0|0|2.512220527636821|5.024441055273635|7.5366615829104555|10.048882110547277
774.2|1.0|0.36|0.0|0|2.8493333872541577|5.6986667745083075|8.548000161762465|11.397333549016624
774.4|1.0|0.36|0.0|0|2.4500591500889297|4.900118300177853|7.3501774502667825|9.800236600355714
774.6|1.0|0.36|0.0|0|2.414744281019668|4.82948856203933|7.244232843058999|9.658977124078667
774.8|1.0|0.36|0.0|0|2.480329038464117|4.960658076928228|7.440987115392344|9.921316153856463
775.0|1.0|0.36|0.0|0|2.4745633454277436|4.94912669085548|7.423690036283223|9.898253381710967
775.2|1.0|0.36|0.0|0|2.7401455773552903|5.4802911547105735|8.220436732065863|10.960582309421154
775.4|1.0|0.36|0.0|0|3.104285122848235|6.208570245696461|9.312855368544696|12.417140491392932
775.6|1.0|0.36|0.0|0|2.577805284643548|5.155610569287089|7.733415853930637|10.311221138574185
775.8|1.0|0.36|0.0|0|2.7880729002499747|5.576145800499941|8.364218700749916|11.15229160099989
776.0|1.0|0.36|0.0|0|2.695281278485784|5.3905625569715605|8.085843835457345|10.781125113943128
776.2|1.0|0.36|0.0|0|2.7990637522930073|5.598127504586007|8.397191256879013|11.19625500917202
776.4|1.0|0.36|0.0|0|2.9545572843431755|5.909114568686342|8.863671853029517|11.818229137372693
776.6|1.0|0.36|0.0|0|2.7131188913568645|5.426237782713722|8.139356674070585|10.85247556542745
776.8|1.0|0.36|0.0|0|2.7754604463069725|5.550920892613937|8.32638133892091|11.101841785227881
777.0|1.0|0.36|0.0|0|3.1641041868552593|6.32820837371051|9.49231256056577|12.656416747421028
777.2|1.0|0.36|0.0|0|2.851135165856106|5.702270331712204|8.55340549756831|11.404540663424417
777.4|1.0|0.36|0.0|0|2.865369221171716|5.730738442343424|8.59610766351514|11.461476884686856
777.6|1.0|0.36|0.0|0|3.168068101117972|6.336136202235936|9.504204303353909|12.672272404471881
777.8|1.0|0.36|0.0|0|2.8073519359680383|5.614703871936069|8.422055807904107|11.229407743872146
778.0|1.0|0.36|0.0|0|2.6023094798688566|5.204618959737706|7.806928439606563|10.40923791947542
778.2|1.0|0.36|0.0|0|2.7336591728305235|5.46731834566104|8.200977518491563|10.934636691322087
778.4|1.0|0.36|0.0|0|2.5628505189693556|5.125701037938704|7.68855155690806|10.251402075877415
778.6|1.0|0.36|0.0|0|2.4113209005742124|4.822641801148418|7.23396270172263|9.645283602296843
778.8|1.0|0.36|0.0|0|2.599786989311108|5.199573978622208|7.799360967933317|10.399147957244423
779.0|1.0|0.36|0.0|0|2.784829698002434|5.569659396004861|8.354489094007294|11.139318792009728
779.2|1.0|0.36|0.0|0|2.2542057673528344|4.508411534705663|6.762617302058497|9.016823069411332
779.4|1.0|0.36|0.0|0|2.5644721203186807|5.128944240637354|7.693416360956034|10.257888481274716
779.6|1.0|0.36|0.0|0|2.6821282915963116|5.364256583192616|8.046384874788927|10.72851316638524
779.8|1.0|0.36|0.0|0|3.1529331570875394|6.30586631417507|9.458799471262608|12.611732628350149
780.0|1.0|0.36|0.0|0|2.550958777089256|5.101917554178505|7.652876331267762|10.203835108357017
780.2|1.0|0.36|0.0|0|2.978160588943868|5.956321177887728|8.934481766831595|11.912642355775462
780.4|1.0|0.36|0.0|0|3.1758157512679492|6.35163150253589|9.527447253803839|12.703263005071788
780.6|1.0|0.36|0.0|0|1.9506059984583426|3.9012119969166794|5.851817995375022|7.802423993833364
780.8|1.0|0.36|0.0|0|2.2219539229542735|4.443907845908541|6.665861768862815|8.887815691817089
781.0|1.0|0.36|0.0|0|2.577084572861206|5.154169145722405|7.731253718583612|10.308338291444818
781.2|1.0|0.36|0.0|0|2.968971515910237|5.937943031820466|8.906914547730702|11.87588606364094
781.4|1.0|0.36|0.0|0|3.2590579427900987|6.518115885580188|9.777173828370287|13.036231771160386
781.6|1.0|0.36|0.0|0|1.9201559318392554|3.8403118636785054|5.760467795517761|7.680623727357016
781.8|1.0|0.36|0.0|0|2.2952863301499766|4.590572660299947|6.885858990449924|9.181145320599901
782.0|1.0|0.36|0.0|0|2.7594246129249247|5.518849225849841|8.278273838774766|11.037698451699692
782.2|1.0|0.36|0.0|0|2.813297806658086|5.626595613316164|8.43989341997425|11.253191226632337
782.4|1.0|0.36|0.0|0|2.803207843707644|5.60641568741528|8.409623531122925|11.212831374830568
782.6|1.0|0.36|0.0|0|2.814198695919479|5.62839739183895|8.44259608775843|11.256794783677908
782.8|1.0|0.36|0.0|0|2.9646472465049034|5.929294493009799|8.893941739514702|11.858588986019607
783.0|1.0|0.36|0.0|0|2.328258886387341|4.656517772774675|6.984776659162017|9.313035545549358
783.2|1.0|0.36|0.0|0|3.12680736104667|6.253614722093332|9.380422083140001|12.507229444186672
783.4|1.0|0.36|0.0|0|2.672939218510294|5.3458784370205805|8.018817655530874|10.691756874041168
783.6|1.0|0.36|0.0|0|2.7527580306597543|5.5055160613195016|8.258274091979256|11.01103212263901
783.8|1.0|0.36|0.0|0|2.8412253816897306|5.682450763379453|8.523676145069185|11.364901526758915
784.0|1.0|0.36|0.0|0|2.8612251292617317|5.722450258523455|8.583675387785188|11.44490051704692
784.2|1.0|0.36|0.0|0|3.0176195508276606|6.035239101655312|9.052858652482973|12.070478203310634
784.4|1.0|0.36|0.0|0|2.865369220884752|5.730738441769496|8.596107662654248|11.461476883539001
784.6|1.0|0.36|0.0|0|2.7435689573379958|5.4871379146759836|8.230706872013979|10.974275829351974
784.8|1.0|0.36|0.0|0|2.866270110693879|5.73254022138775|8.59881033208163|11.465080442775509
785.0|1.0|0.36|0.0|0|1.8765528793219726|3.7531057586439402|5.629658637965913|7.506211517287885
785.2|1.0|0.36|0.0|0|2.806631223724692|5.613262447449376|8.419893671174068|11.226524894898759
785.4|1.0|0.36|0.0|0|2.387897773232546|4.775795546465085|7.163693319697631|9.551591092930177
785.6|1.0|0.36|0.0|0|2.941224118893736|5.882448237787464|8.823672356681199|11.764896475574936
785.8|1.0|0.36|0.0|0|2.407897520555418|4.81579504111083|7.223692561666248|9.631590082221667
786.0|1.0|0.36|0.0|0|2.783748630091434|5.5674972601828605|8.351245890274294|11.134994520365728
786.2|1.0|0.36|0.0|0|2.940323229509525|5.880646459019041|8.820969688528566|11.761292918038091
786.4|1.0|0.36|0.0|0|2.9781605893070835|5.956321178614159|8.934481767921243|11.912642357228327
786.6|1.0|0.36|0.0|0|2.210242358368125|4.420484716736244|6.630727075104368|8.840969433472493
786.8|1.0|0.36|0.0|0|2.700686615977322|5.401373231954637|8.10205984793196|10.802746463909282
787.0|1.0|0.36|0.0|0|3.2170764911797627|6.434152982359516|9.651229473539278|12.86830596471904
787.2|1.0|0.36|0.0|0|2.6635699677118123|5.3271399354236175|7.990709903135429|10.654279870847242
787.4|1.0|0.36|0.0|0|2.3752853196329693|4.7505706392659315|7.1258559588989|9.50114127853187
787.6|1.0|0.36|0.0|0|2.9412241194007245|5.882448238801441|8.823672358202165|11.76489647760289
787.8|1.0|0.36|0.0|0|2.5569046477664985|5.11380929553299|7.6707139432994875|10.227618591065987
788.0|1.0|0.36|0.0|0|2.6543808946339436|5.30876178926788|7.963142683901824|10.617523578535767
788.2|1.0|0.36|0.0|0|2.8132978065416707|5.6265956130833334|8.439893419625005|11.253191226166676
788.4|1.0|0.36|0.0|0|2.4551041315105997|4.910208263021193|7.365312394531792|9.820416526042392
788.6|1.0|0.36|0.0|0|2.1471800923906286|4.294360184781251|6.44154027717188|8.588720369562509
788.8|1.0|0.36|0.0|0|2.8673511776787954|5.734702355357583|8.602053533036377|11.469404710715173
789.0|1.0|0.36|0.0|0|2.3104212742246477|4.620842548449288|6.9312638226739365|9.241685096898584
789.2|1.0|0.36|0.0|0|2.481410105530524|4.962820211061041|7.4442303165915655|9.92564042212209
789.4|1.0|0.36|0.0|0|2.5711387022858276|5.142277404571648|7.713416106857475|10.284554809143303
789.6|1.0|0.36|0.0|0|3.1127534845948714|6.225506969189734|9.338260453784605|12.451013938379477
789.8|1.0|0.36|0.0|0|3.2718505741102883|6.543701148220568|9.815551722330856|13.087402296441145
790.0|1.0|0.36|0.0|0|2.3785285221168326|4.757057044233659|7.135585566350492|9.514114088467323
790.2|1.0|0.36|0.0|0|2.0740278632112332|4.14805572642246|6.2220835896336935|8.296111452844928
790.4|1.0|0.36|0.0|0|2.7275331237941307|5.455066247588253|8.182599371382384|10.910132495176516
790.6|1.0|0.36|0.0|0|2.3441145422973224|4.688229084594639|7.0323436268919615|9.376458169189284
790.8|1.0|0.36|0.0|0|2.7596047906298216|5.519209581259635|8.278814371889457|11.03841916251928
791.0|1.0|0.36|0.0|0|2.3147455441666556|4.629491088333305|6.94423663249996|9.258982176666615
791.2|1.0|0.36|0.0|0|3.3152734489302413|6.630546897860474|9.945820346790715|13.261093795720956
791.4|1.0|0.36|0.0|0|2.9359989597322445|5.871997919464481|8.807996879196725|11.74399583892897
791.6|1.0|0.36|0.0|0|3.1059067235857976|6.211813447171586|9.317720170757383|12.423626894343181
791.8|1.0|0.36|0.0|0|2.9907730432547424|5.981546086509476|8.972319129764218|11.96309217301896
792.0|1.0|0.36|0.0|0|3.236175348795371|6.472350697590733|9.708526046386105|12.944701395181475
792.2|1.0|0.36|0.0|0|2.6745608199143343|5.3491216398286605|8.023682459742995|10.698243279657328
792.4|1.0|0.36|0.0|0|3.17995984268375|6.359919685367491|9.539879528051243|12.719839370734991
792.6|1.0|0.36|0.0|0|3.0428444571554456|6.085688914310882|9.128533371466329|12.171377828621774
792.8|1.0|0.36|0.0|0|3.0950960494816564|6.190192098963304|9.28528814844496|12.380384197926617
793.0|1.0|0.36|0.0|0|3.0176195508497794|6.035239101699551|9.05285865254933|12.070478203399109
793.2|1.0|0.36|0.0|0|3.0949158717994605|6.189831743598913|9.284747615398373|12.379663487197833
793.4|1.0|0.36|0.0|0|2.910233518885218|5.820467037770428|8.730700556655647|11.640934075540866
793.6|1.0|0.36|0.0|0|3.048790328339094|6.09758065667818|9.146370985017274|12.195161313356369
793.8|1.0|0.36|0.0|0|2.4704192537174117|4.940838507434816|7.411257761152228|9.88167701486964
794.0|1.0|0.36|0.0|0|2.7803252500429543|5.560650500085901|8.340975750128855|11.121301000171808
794.2|1.0|0.36|0.0|0|3.061402781375803|6.122805562751598|9.1842083441274|12.245611125503203
794.4|1.0|0.36|0.0|0|2.8502342773979787|5.7004685547959495|8.55070283219393|11.400937109591908
794.6|1.0|0.36|0.0|0|2.6997857262962524|5.399571452592497|8.099357178888749|10.799142905185
794.8|1.0|0.36|0.0|0|2.670236550061966|5.3404731001239245|8.01070965018589|10.680946200247856
795.0|1.0|0.36|0.0|0|2.417086593374845|4.834173186749683|7.251259780124528|9.668346373499373
795.2|1.0|0.36|0.0|0|1.8244814645772582|3.6489629291545116|5.47344439373177|7.2979258583090285
795.4|1.0|0.36|0.0|0|2.7578030119085475|5.515606023817088|8.273409035725635|11.031212047634183
795.6|1.0|0.36|0.0|0|2.4262756671616827|4.852551334323359|7.278827001485042|9.705102668646726
795.8|1.0|0.36|0.0|0|2.328078708922842|4.6561574178456775|6.984236126768519|9.31231483569136
796.0|1.0|0.36|0.0|0|3.000863005989816|6.001726011979623|9.00258901796944|12.003452023959255
796.2|1.0|0.36|0.0|0|2.6635699672123905|5.327139934424774|7.990709901637165|10.654279868849555
796.4|1.0|0.36|0.0|0|2.5610487398813735|5.12209747976274|7.683146219644113|10.244194959525487
796.6|1.0|0.36|0.0|0|2.328078708681862|4.656157417363718|6.984236126045579|9.312314834727442
796.8|1.0|0.36|0.0|0|2.698884836704822|5.397769673409636|8.096654510114458|10.79553934681928
797.0|1.0|0.36|0.0|0|2.448257370919457|4.8965147418389074|7.344772112758364|9.793029483677822
797.2|1.0|0.36|0.0|0|2.558526249197896|5.117052498395785|7.675578747593681|10.234104996791578
797.4|1.0|0.36|0.0|0|2.399609337243021|4.799218674486035|7.198828011729056|9.598437348972077
797.6|1.0|0.36|0.0|0|2.8705943806062013|5.741188761212395|8.611783141818595|11.482377522424796
797.8|1.0|0.36|0.0|0|2.350961302725484|4.701922605450961|7.052883908176445|9.40384521090193
798.0|1.0|0.36|0.0|0|2.2752865825395587|4.550573165079111|6.8258597476186695|9.101146330158228
798.2|1.0|0.36|0.0|0|2.422491931176048|4.844983862352089|7.2674757935281376|9.689967724704186
798.4|1.0|0.36|0.0|0|2.320691414686155|4.641382829372303|6.962074244058458|9.282765658744612
798.6|1.0|0.36|0.0|0|3.047889438050336|6.095778876100664|9.143668314151|12.191557752201335
798.8|1.0|0.36|0.0|0|2.5014098533045055|5.002819706609005|7.50422955991351|10.005639413218017
799.0|1.0|0.36|0.0|0|2.9513140811794463|5.9026281623588845|8.85394224353833|11.805256324717778
799.2|1.0|0.36|0.0|0|2.774559556387833|5.549119112775658|8.323678669163492|11.098238225551324
799.4|1.0|0.36|0.0|0|3.056537977880219|6.113075955760429|9.169613933640647|12.226151911520867
799.6|1.0|0.36|0.0|0|2.3626728664233836|4.725345732846761|7.0880185992701445|9.450691465693527
799.8|1.0|0.36|0.0|0|2.813297806282647|5.626595612565286|8.439893418847932|11.253191225130578
800.0|1.0|0.36|0.0|0|1.9758309048862448|3.951661809772484|5.927492714658729|7.903323619544973
800.2|1.0|0.36|0.0|0|2.881405054259233|5.762810108518458|8.64421516277769|11.525620217036924
800.4|1.0|0.36|0.0|0|2.233124952521177|4.466249905042348|6.699374857563525|8.932499810084702
800.6|1.0|0.36|0.0|0|2.228260149611744|4.456520299223482|6.684780448835227|8.91304059844697
800.8|1.0|0.36|0.0|0|2.303754691401848|4.6075093828036895|6.911264074205537|9.215018765607384
801.0|1.0|0.36|0.0|0|2.4239333542389816|4.847866708477957|7.271800062716938|9.69573341695592
801.2|1.0|0.36|0.0|0|2.8284327504783895|5.656865500956771|8.485298251435161|11.313731001913549
801.4|1.0|0.36|0.0|0|2.466815695736443|4.933631391472879|7.400447087209322|9.867262782945765
801.6|1.0|0.36|0.0|0|2.444113279695741|4.888226559391476|7.332339839087217|9.776453118782959
801.8|1.0|0.36|0.0|0|2.2590705710323546|4.518141142064703|6.777211713097058|9.036282284129413
802.0|1.0|0.36|0.0|0|2.6997857266082455|5.399571453216483|8.099357179824729|10.799142906432973
802.2|1.0|0.36|0.0|0|2.6794256232079374|5.358851246415868|8.038276869623806|10.717702492831743
802.4|1.0|0.36|0.0|0|2.51492319625919|5.0298463925183725|7.544769588777562|10.059692785036752
802.6|1.0|0.36|0.0|0|2.8612251290312294|5.722450258062451|8.583675387093681|11.44490051612491
802.8|1.0|0.36|0.0|0|3.062123492884569|6.124246985769129|9.186370478653698|12.248493971538267
803.0|1.0|0.36|0.0|0|2.559246960236926|5.118493920473845|7.677740880710771|10.236987840947696
803.2|1.0|0.36|0.0|0|2.9967189134343086|5.993437826868609|8.990156740302918|11.986875653737227
803.4|1.0|0.36|0.0|0|3.0950960495148347|6.190192099029661|9.285288148544495|12.38038419805933
803.6|1.0|0.36|0.0|0|2.771136176768344|5.54227235353668|8.313408530305024|11.084544707073366
803.8|1.0|0.36|0.0|0|2.8242886584869145|5.648577316973821|8.472865975460735|11.29715463394765
804.0|1.0|0.36|0.0|0|2.658344807868127|5.316689615736247|7.975034423604375|10.633379231472501
804.2|1.0|0.36|0.0|0|3.126086649543725|6.252173299087441|9.378259948631166|12.504346598174891
804.4|1.0|0.36|0.0|0|2.9480708794359844|5.89614175887196|8.844212638307944|11.792283517743929
804.6|1.0|0.36|0.0|0|2.5988860994891754|5.197772198978344|7.796658298467518|10.395544397956694
804.8|1.0|0.36|0.0|0|2.6839300706336533|5.367860141267299|8.051790211900952|10.735720282534604
805.0|1.0|0.36|0.0|0|2.763568704777865|5.527137409555723|8.290706114333588|11.054274819111454
805.2|1.0|0.36|0.0|0|2.36771784792538|4.735435695850754|7.103153543776134|9.470871391701515
805.4|1.0|0.36|0.0|0|2.498707184810194|4.9974143696203805|7.496121554430574|9.994828739240768
805.6|1.0|0.36|0.0|0|2.9165397460816918|5.8330794921633755|8.749619238245067|11.66615898432676
805.8|1.0|0.36|0.0|0|2.3273579967115094|4.654715993423013|6.982073990134522|9.30943198684603
806.0|1.0|0.36|0.0|0|3.043024635068144|6.086049270136279|9.129073905204422|12.172098540272566
806.2|1.0|0.36|0.0|0|2.389519374417725|4.779038748835444|7.168558123253169|9.558077497670894
806.4|1.0|0.36|0.0|0|2.7460914477211213|5.492182895442236|8.238274343163356|10.984365790884478
806.6|1.0|0.36|0.0|0|3.0293311147805095|6.058662229561011|9.087993344341522|12.117324459122031
806.8|1.0|0.36|0.0|0|2.502310742439588|5.004621484879169|7.506932227318757|10.009242969758345
807.0|1.0|0.36|0.0|0|2.496184693737307|4.992369387474607|7.488554081211914|9.984738774949221
807.2|1.0|0.36|0.0|0|2.570237813397546|5.140475626795085|7.71071344019263|10.280951253590176
807.4|1.0|0.36|0.0|0|2.7578030118561605|5.515606023712314|8.273409035568475|11.031212047424635
807.6|1.0|0.36|0.0|0|2.9419448308192684|5.883889661638529|8.825834492457798|11.767779323277066
807.8|1.0|0.36|0.0|0|2.7596047904557808|5.519209580911554|8.278814371367334|11.038419161823114
808.0|1.0|0.36|0.0|0|2.323213905118175|4.646427810236344|6.969641715354519|9.292855620472693
808.2|1.0|0.36|0.0|0|2.410600188984538|4.821200377969069|7.2318005669536065|9.642400755938144
808.4|1.0|0.36|0.0|0|2.6217686938325664|5.243537387665126|7.8653060814976925|10.487074775330258
808.6|1.0|0.36|0.0|0|2.574562082871564|5.149124165743121|7.723686248614685|10.29824833148625
808.8|1.0|0.36|0.0|0|3.6264406912669105|7.252881382533811|10.879322073800722|14.505762765067633
809.0|1.0|0.36|0.0|0|2.6080751732323573|5.216150346464707|7.824225519697065|10.432300692929422
809.2|1.0|0.36|0.0|0|3.028790580689677|6.057581161379345|9.086371742069023|12.1151623227587
809.4|1.0|0.36|0.0|0|2.9192424145416616|5.838484829083315|8.757727243624977|11.676969658166637
809.6|1.0|0.36|0.0|0|2.685551672006261|5.371103344012515|8.056655016018777|10.742206688025037
809.8|1.0|0.36|0.0|0|2.9048281821724986|5.809656364344989|8.714484546517488|11.619312728689986
810.0|1.0|0.36|0.0|0|2.1734860668500207|4.346972133700035|6.520458200550056|8.693944267400077
810.2|1.0|0.36|0.0|0|2.4821308172494194|4.964261634498832|7.446392451748252|9.92852326899767
810.4|1.0|0.36|0.0|0|2.3727628287422724|4.745525657484539|7.1182884862268105|9.491051314969082
810.6|1.0|0.36|0.0|0|2.9024858689255804|5.804971737851153|8.707457606776734|11.609943475702314
810.8|1.0|0.36|0.0|0|2.494563092931642|4.9891261858632765|7.483689278794918|9.97825237172656
811.0|1.0|0.36|0.0|0|2.8369011123396946|5.673802224679381|8.510703337019077|11.347604449358771
811.2|1.0|0.36|0.0|0|3.2051847492624104|6.410369498524812|9.615554247787221|12.820738997049633
811.4|1.0|0.36|0.0|0|2.619246203080986|5.238492406161965|7.8577386092429515|10.476984812323938
811.6|1.0|0.36|0.0|0|2.5114998157566903|5.022999631513374|7.534499447270063|10.045999263026754
811.8|1.0|0.36|0.0|0|2.1657384165376445|4.331476833075283|6.497215249612927|8.662953666150571
812.0|1.0|0.36|0.0|0|2.5509587770019446|5.101917554003882|7.652876331005827|10.203835108007771
812.2|1.0|0.36|0.0|0|2.1801526487851537|4.360305297570301|6.540457946355454|8.720610595140608
812.4|1.0|0.36|0.0|0|2.7669920848647624|5.533984169729517|8.300976254594278|11.067968339459041
812.6|1.0|0.36|0.0|0|2.5307788515748713|5.061557703149735|7.592336554724606|10.123115406299478
812.8|1.0|0.36|0.0|0|2.801586242235501|5.603172484470994|8.404758726706495|11.206344968941996
813.0|1.0|0.36|0.0|0|2.47348227850802|4.946964557016033|7.420446835524053|9.893929114032073
813.2|1.0|0.36|0.0|0|2.8165410088450904|5.633082017690174|8.449623026535264|11.266164035380354
813.4|1.0|0.36|0.0|0|2.453302352340545|4.906604704681083|7.359907057021628|9.813209409362173
813.6|1.0|0.36|0.0|0|2.7796045382227774|5.559209076445547|8.338813614668325|11.1184181528911
813.8|1.0|0.36|0.0|0|2.6662726358551323|5.3325452717102575|7.99881790756539|10.665090543420522
814.0|1.0|0.36|0.0|0|3.3572549008746893|6.71450980174937|10.071764702624058|13.429019603498748
814.2|1.0|0.36|0.0|0|2.957800486015042|5.915600972030076|8.873401458045118|11.83120194406016
814.4|1.0|0.36|0.0|0|2.7233890320308296|5.446778064061652|8.170167096092483|10.893556128123311
814.6|1.0|0.36|0.0|0|2.418888372922668|4.8377767458453285|7.256665118767996|9.675553491690664
814.8|1.0|0.36|0.0|0|2.414924458884054|4.829848917768102|7.244773376652156|9.65969783553621
815.0|1.0|0.36|0.0|0|2.5342022313928485|5.068404462785691|7.602606694178539|10.136808925571387
815.2|1.0|0.36|0.0|0|2.787172010383222|5.5743440207664365|8.361516031149659|11.14868804153288
815.4|1.0|0.36|0.0|0|2.507355723893854|5.014711447787701|7.522067171681556|10.02942289557541
815.6|1.0|0.36|0.0|0|2.661227654613906|5.322455309227805|7.983682963841711|10.644910618455617
815.8|1.0|0.36|0.0|0|2.47708583609143|4.954171672182854|7.4312575082742836|9.908343344365715
816.0|1.0|0.36|0.0|0|2.3812311904865804|4.7624623809731546|7.1436935714597345|9.524924761946314
816.2|1.0|0.36|0.0|0|2.530778851596408|5.0615577031928085|7.592336554789217|10.123115406385624
816.4|1.0|0.36|0.0|0|2.5105989258817885|5.02119785176357|7.531796777645359|10.042395703527147
816.6|1.0|0.36|0.0|0|2.9015849799744347|5.803169959948861|8.704754939923296|11.60633991989773
816.8|1.0|0.36|0.0|0|2.785550408767306|5.571100817534604|8.35665122630191|11.142201635069217
817.0|1.0|0.36|0.0|0|2.7619471040583474|5.523894208116687|8.285841312175034|11.04778841623338
817.2|1.0|0.36|0.0|0|3.032754494519907|6.065508989039805|9.098263483559712|12.131017978079619
817.4|1.0|0.36|0.0|0|2.6140210435754874|5.228042087150968|7.842063130726455|10.456084174301942
817.6|1.0|0.36|0.0|0|2.4028525390441087|4.80570507808821|7.2085576171323185|9.611410156176428
817.8|1.0|0.36|0.0|0|2.641047729640852|5.282095459281697|7.923143188922549|10.564190918563401
818.0|1.0|0.36|0.0|0|2.500508963437171|5.0010179268743356|7.501526890311506|10.002035853748678
818.2|1.0|0.36|0.0|0|3.03852018727572|6.077040374551431|9.11556056182715|12.15408074910287
818.4|1.0|0.36|0.0|0|2.8302345297997844|5.660469059599561|8.490703589399345|11.320938119199129
818.6|1.0|0.36|0.0|0|3.1430233721126597|6.2860467442253105|9.42907011633797|12.57209348845063
818.8|1.0|0.36|0.0|0|2.989872152811152|5.979744305622296|8.969616458433448|11.959488611244598
819.0|1.0|0.36|0.0|0|2.8974408880731817|5.794881776146355|8.692322664219537|11.589763552292718
819.2|1.0|0.36|0.0|0|2.5996068113535897|5.199213622707172|7.7988204340607625|10.398427245414352
819.4|1.0|0.36|0.0|0|2.1961884823290183|4.392376964658031|6.588565446987049|8.784753929316068
819.6|1.0|0.36|0.0|0|2.3927625764132268|4.785525152826446|7.178287729239673|9.5710503056529
819.8|1.0|0.36|0.0|0|2.4305999362940223|4.861199872588038|7.29179980888206|9.722399745176082
820.0|1.0|0.36|0.0|0|2.0592532746272645|4.118506549254524|6.177759823881788|8.237013098509053
820.2|1.0|0.36|0.0|0|2.6610474768286827|5.322094953657358|7.9831424304860406|10.644189907314724
820.4|1.0|0.36|0.0|0|1.8068240301322673|3.61364806026453|5.420472090396797|7.227296120529065
820.6|1.0|0.36|0.0|0|2.603030191152941|5.206060382305875|7.809090573458816|10.412120764611757
820.8|1.0|0.36|0.0|0|2.5603280281036884|5.12065605620737|7.680984084311057|10.241312112414747
821.0|1.0|0.36|0.0|0|2.4473564817267492|4.894712963453491|7.342069445180241|9.78942592690699
821.2|1.0|0.36|0.0|0|2.486995620582022|4.973991241164037|7.4609868617460595|9.947982482328081
821.4|1.0|0.36|0.0|0|2.8612251289712756|5.722450257942543|8.58367538691382|11.444900515885095
821.6|1.0|0.36|0.0|0|2.7131188911898088|5.4262377823796095|8.139356673569418|10.852475564759226
821.8|1.0|0.36|0.0|0|3.4168937876622687|6.8337875753245285|10.250681362986796|13.667575150649066
822.0|1.0|0.36|0.0|0|2.7005064376955876|5.401012875391167|8.101519313086754|10.802025750782343
822.2|1.0|0.36|0.0|0|2.6023094803595472|5.204618960719087|7.806928441078635|10.409237921438182
822.4|1.0|0.36|0.0|0|3.1630231201153975|6.326046240230786|9.489069360346184|12.652092480461581
822.6|1.0|0.36|0.0|0|3.4859019248111904|6.971803849622371|10.457705774433562|13.943607699244751
822.8|1.0|0.36|0.0|0|3.4397763816604887|6.879552763320968|10.319329144981456|13.759105526641946
823.0|1.0|0.36|0.0|0|3.0050070973340217|6.0100141946680345|9.015021292002057|12.020028389336078
823.2|1.0|0.36|0.0|0|3.6010356062173408|7.202071212434672|10.803106818652013|14.404142424869354
823.4|1.0|0.36|0.0|0|3.094375338532266|6.188750677064523|9.28312601559679|12.377501354129055
823.6|1.0|0.36|0.0|0|3.43292962148262|6.865859242965231|10.298788864447852|13.731718485930472
823.8|1.0|0.36|0.0|0|3.128609140073534|6.257218280147059|9.385827420220593|12.514436560294127
824.0|1.0|0.36|0.0|0|2.8217661680647894|5.643532336129572|8.465298504194362|11.28706467225915
824.2|1.0|0.36|0.0|0|2.739965398680072|5.4799307973601366|8.219896196040208|10.95986159472028
824.4|1.0|0.36|0.0|0|2.9286116655386314|5.857223331077254|8.785834996615886|11.714446662154517
824.6|1.0|0.36|0.0|0|2.222854812312291|4.445709624624576|6.668564436936867|8.891419249249159
824.8|1.0|0.36|0.0|0|2.2698812454118182|4.53976249082363|6.809643736235448|9.079524981647266
825.0|1.0|0.36|0.0|0|2.6475341340329055|5.295068268065804|7.94260240209871|10.590136536131615
825.2|1.0|0.36|0.0|0|2.9141974330297695|5.828394866059531|8.742592299089301|11.656789732119071
825.4|1.0|0.36|0.0|0|2.7241097436571753|5.448219487314343|8.172329230971517|10.896438974628692
825.6|1.0|0.36|0.0|0|2.6536601826210995|5.307320365242192|7.960980547863291|10.61464073048439
825.8|1.0|0.36|0.0|0|2.3069978942896725|4.613995788579339|6.920993682869011|9.227991577158685
826.0|1.0|0.36|0.0|0|3.0219438201998154|6.043887640399623|9.065831460599439|12.087775280799253
826.2|1.0|0.36|0.0|0|3.098519430082527|6.197038860165045|9.295558290247572|12.394077720330099
826.4|1.0|0.36|0.0|0|2.770955999421424|5.54191199884284|8.312867998264265|11.083823997685688
826.6|1.0|0.36|0.0|0|2.793117880750799|5.586235761501591|8.37935364225239|11.172471523003189
826.8|1.0|0.36|0.0|0|2.8241084808734036|5.6482169617468|8.472325442620203|11.296433923493607
827.0|1.0|0.36|0.0|0|2.975457920489137|5.950915840978266|8.926373761467403|11.901831681956539
827.2|1.0|0.36|0.0|0|2.811676205323895|5.623352410647782|8.435028615971678|11.246704821295573
827.4|1.0|0.36|0.0|0|2.891495017208511|5.782990034417014|8.674485051625524|11.565980068834035
827.6|1.0|0.36|0.0|0|2.9190622361755256|5.838124472351043|8.75718670852657|11.676248944702095
827.8|1.0|0.36|0.0|0|2.6702365500753538|5.3404731001506995|8.010709650226053|10.680946200301408
828.0|1.0|0.36|0.0|0|3.4734696495020794|6.946939299004149|10.420408948506228|13.893878598008307
828.2|1.0|0.36|0.0|0|2.9210441931342963|5.842088386268585|8.763132579402882|11.684176772537178
828.4|1.0|0.36|0.0|0|2.259971460343224|4.519942920686442|6.779914381029666|9.03988584137289
828.6|1.0|0.36|0.0|0|3.528063555106058|7.056127110212106|10.584190665318165|14.112254220424223
828.8|1.0|0.36|0.0|0|3.0302320041018564|6.060464008203705|9.09069601230556|12.120928016407417
829.0|1.0|0.36|0.0|0|2.0934870765032265|4.186974153006447|6.280461229509673|8.3739483060129
829.2|1.0|0.36|0.0|0|2.124477676380777|4.248955352761548|6.3734330291423245|8.497910705523102
829.4|1.0|0.36|0.0|0|2.853657657362058|5.707315314724108|8.560972972086164|11.414630629448222
829.6|1.0|0.36|0.0|0|2.5114998161303834|5.02299963226076|7.534499448391143|10.045999264521527
829.8|1.0|0.36|0.0|0|2.483572240933429|4.967144481866851|7.45071672280028|9.934288963733708
830.0|1.0|0.36|0.0|0|2.8788825637527067|5.757765127505405|8.636647691258112|11.51553025501082
830.2|1.0|0.36|0.0|0|3.0439255246572454|6.087851049314483|9.13177657397173|12.175702098628975
830.4|1.0|0.36|0.0|0|2.6215885154798184|5.24317703095963|7.864765546439448|10.486354061919267
830.6|1.0|0.36|0.0|0|2.5124007057369475|5.024801411473888|7.537202117210835|10.049602822947783
830.8|1.0|0.36|0.0|0|2.91816134728899|5.836322694577972|8.754484041866963|11.672645389155953
831.0|1.0|0.36|0.0|0|2.430419758796345|4.860839517592683|7.291259276389027|9.721679035185373
831.2|1.0|0.36|0.0|0|2.9091524519969267|5.8183049039938455|8.727457355990772|11.6366098079877
831.4|1.0|0.36|0.0|0|2.8781618521938825|5.756323704387757|8.63448555658164|11.512647408775521
831.6|1.0|0.36|0.0|0|3.129510029396627|6.259020058793245|9.388530088189873|12.5180401175865
831.8|1.0|0.36|0.0|0|2.3927625767013545|4.785525153402703|7.178287730104057|9.571050306805411
832.0|1.0|0.36|0.0|0|3.0801412833097883|6.160282566619569|9.240423849929357|12.320565133239144
832.2|1.0|0.36|0.0|0|2.830775063424374|5.66155012684874|8.492325190273114|11.323100253697486
832.4|1.0|0.36|0.0|0|2.56429194121971|5.128583882439413|7.692875823659124|10.257167764878833
832.6|1.0|0.36|0.0|0|2.2583498595422156|4.516699719084425|6.77504957862664|9.033399438168855
832.8|1.0|0.36|0.0|0|2.574562082155028|5.149124164310049|7.723686246465077|10.298248328620105
833.0|1.0|0.36|0.0|0|2.5005089637590596|5.001017927518112|7.501526891277171|10.002035855036231
833.2|1.0|0.36|0.0|0|2.699605548332331|5.399211096664655|8.098816644996987|10.798422193329317
833.4|1.0|0.36|0.0|0|3.3412190677190696|6.6824381354381295|10.0236572031572|13.364876270876268
833.6|1.0|0.36|0.0|0|2.2271790823142528|4.454358164628499|6.681537246942753|8.908716329257006
833.8|1.0|0.36|0.0|0|2.5560037580644734|5.11200751612894|7.668011274193414|10.224015032257887
834.0|1.0|0.36|0.0|0|2.2297015727707206|4.459403145541435|6.689104718312155|8.918806291082875
834.2|1.0|0.36|0.0|0|2.6601465875812598|5.320293175162512|7.980439762743772|10.640586350325032
834.4|1.0|0.36|0.0|0|2.8696934908430585|5.739386981686109|8.609080472529167|11.478773963372225
834.6|1.0|0.36|0.0|0|3.2891476531536346|6.57829530630726|9.867442959460895|13.15659061261453
834.8|1.0|0.36|0.0|0|2.6814075798040746|5.362815159608141|8.044222739412216|10.725630319216291
835.0|1.0|0.36|0.0|0|3.003385495561527|6.006770991123045|9.010156486684572|12.0135419822461
835.2|1.0|0.36|0.0|0|2.8763600729825|5.752720145964992|8.629080218947493|11.505440291929991
835.4|1.0|0.36|0.0|0|2.649335913152902|5.298671826305797|7.948007739458698|10.5973436526116
835.6|1.0|0.36|0.0|0|2.6839300712733554|5.367860142546704|8.051790213820059|10.735720285093414
835.8|1.0|0.36|0.0|0|2.136549595770777|4.273099191541548|6.409648787312325|8.546198383083103
836.0|1.0|0.36|0.0|0|2.6796058009588184|5.35921160191763|8.038817402876447|10.718423203835266
836.2|1.0|0.36|0.0|0|2.8527567674929766|5.705513534985945|8.558270302478922|11.4110270699719
836.4|1.0|0.36|0.0|0|2.581228665188539|5.162457330377071|7.7436859955656105|10.32491466075415
836.6|1.0|0.36|0.0|0|2.904107470561287|5.808214941122566|8.712322411683854|11.616429882245141
836.8|1.0|0.36|0.0|0|3.164104186698099|6.328208373396189|9.492312560094287|12.656416746792386
837.0|1.0|0.36|0.0|0|2.7147404921817384|5.42948098436347|8.144221476545209|10.858961968726947
837.2|1.0|0.36|0.0|0|2.821045455911083|5.642090911822158|8.463136367733242|11.284181823644323
837.4|1.0|0.36|0.0|0|2.4669958738499576|4.933991747699908|7.400987621549866|9.867983495399823
837.6|1.0|0.36|0.0|0|2.5376256121770733|5.0752512243541394|7.612876836531213|10.150502448708286
837.8|1.0|0.36|0.0|0|2.2524039881880182|4.50480797637603|6.757211964564048|9.009615952752066
838.0|1.0|0.36|0.0|0|2.385195104458255|4.770390208916504|7.1555853133747584|9.540780417833014
838.2|1.0|0.36|0.0|0|2.8853689685667656|5.770737937133523|8.65610690570029|11.541475874267055
838.4|1.0|0.36|0.0|0|3.280859469960563|6.561718939921117|9.84257840988168|13.123437879842243
838.6|1.0|0.36|0.0|0|3.174914861518776|6.349829723037543|9.52474458455632|12.699659446075096
838.8|1.0|0.36|0.0|0|2.867351177789972|5.734702355579936|8.602053533369908|11.46940471115988
839.0|1.0|0.36|0.0|0|2.17582837906026|4.351656758120514|6.527485137180774|8.703313516241034
839.2|1.0|0.36|0.0|0|2.896539998388619|5.79307999677723|8.689619995165849|11.586159993554467
839.4|1.0|0.36|0.0|0|3.005007097226337|6.010014194452666|9.015021291679004|12.020028388905342
839.6|1.0|0.36|0.0|0|2.7015875054104277|5.403175010820848|8.104762516231276|10.806350021641704
839.8|1.0|0.36|0.0|0|2.2129450273001585|4.425890054600311|6.63883508190047|8.851780109200629
840.0|1.0|0.36|0.0|0|2.744289668858985|5.488579337717963|8.232869006576948|10.977158675435932
840.2|1.0|0.36|0.0|0|2.4922207797766918|4.984441559553376|7.476662339330068|9.96888311910676
840.4|1.0|0.36|0.0|0|2.2071793343540067|4.414358668708007|6.621538003062014|8.828717337416021
840.6|1.0|0.36|0.0|0|2.7224881420994667|5.444976284198926|8.167464426298393|10.88995256839786
840.8|1.0|0.36|0.0|0|2.9325755797605986|5.865151159521189|8.797726739281789|11.730302319042387
841.0|1.0|0.36|0.0|0|2.9615842221875237|5.9231684443750385|8.884752666562562|11.846336888750086
841.2|1.0|0.36|0.0|0|2.2733046255091924|4.546609251018379|6.819913876527571|9.093218502036763
841.4|1.0|0.36|0.0|0|2.867351177925596|5.734702355851184|8.602053533776779|11.469404711702374
841.6|1.0|0.36|0.0|0|2.9999621163459986|5.999924232691989|8.999886349037988|11.999848465383986
841.8|1.0|0.36|0.0|0|3.287706229582548|6.575412459165087|9.863118688747635|13.150824918330184
842.0|1.0|0.36|0.0|0|2.9772596998553515|5.954519399710695|8.931779099566047|11.909038799421399
842.2|1.0|0.36|0.0|0|2.6096967742702715|5.219393548540536|7.829090322810807|10.438787097081079
842.4|1.0|0.36|0.0|0|2.910053341222813|5.820106682445618|8.73016002366843|11.640213364891245
842.6|1.0|0.36|0.0|0|2.9653679580125054|5.930735916025002|8.896103874037507|11.861471832050013
842.8|1.0|0.36|0.0|0|2.9967189136613186|5.993437827322629|8.990156740983947|11.986875654645267
843.0|1.0|0.36|0.0|0|3.0875285776658012|6.175057155331594|9.262585732997394|12.350114310663196
843.2|1.0|0.36|0.0|0|3.0134754586237276|6.026950917247447|9.040426375871174|12.053901834494903
843.4|1.0|0.36|0.0|0|2.4734822780109265|4.946964556021846|7.420446834032773|9.893929112043699
843.6|1.0|0.36|0.0|0|3.2320312575448797|6.464062515089751|9.696093772634631|12.92812503017951
843.8|1.0|0.36|0.0|0|3.2361753491475276|6.472350698295046|9.708526047442573|12.944701396590101
844.0|1.0|0.36|0.0|0|2.8695133127516628|5.7390266255033175|8.60853993825498|11.478053251006642
844.2|1.0|0.36|0.0|0|3.337975865046031|6.675951730092053|10.013927595138084|13.351903460184115
844.4|1.0|0.36|0.0|0|2.976538987936804|5.953077975873599|8.929616963810403|11.906155951747207
844.6|1.0|0.36|0.0|0|2.874558293814191|5.749116587628374|8.623674881442566|11.498233175256757
844.8|1.0|0.36|0.0|0|2.908431740183735|5.816863480367462|8.725295220551198|11.633726960734933
845.0|1.0|0.36|0.0|0|2.7098756888520463|5.419751377704085|8.12962706655613|10.839502755408178
845.2|1.0|0.36|0.0|0|2.751857141442599|5.503714282885191|8.25557142432779|11.00742856577039
845.4|1.0|0.36|0.0|0|3.2237430741387683|6.447486148277528|9.671229222416295|12.894972296555064
845.6|1.0|0.36|0.0|0|2.785550409808641|5.571100819617274|8.356651229425916|11.142201639234557
845.8|1.0|0.36|0.0|0|2.561048739366236|5.1220974787324645|7.6831462180987|10.244194957464936
846.0|1.0|0.36|0.0|0|2.137991019109615|4.275982038219224|6.41397305732884|8.551964076438455
846.2|1.0|0.36|0.0|0|2.797442151148573|5.594884302297139|8.392326453445712|11.189768604594285
846.4|1.0|0.36|0.0|0|2.719064762310011|5.438129524620014|8.157194286930025|10.876259049240037
846.6|1.0|0.36|0.0|0|2.468437296408813|4.9368745928176185|7.405311889226431|9.873749185635244
846.8|1.0|0.36|0.0|0|2.1808733603043966|4.361746720608787|6.542620080913184|8.723493441217581
847.0|1.0|0.36|0.0|0|2.673840107942817|5.347680215885627|8.021520323828444|10.695360431771261
847.2|1.0|0.36|0.0|0|2.2214133893529673|4.442826778705928|6.664240168058895|8.885653557411862
847.4|1.0|0.36|0.0|0|2.900684090562284|5.80136818112456|8.702052271686844|11.602736362249127
847.6|1.0|0.36|0.0|0|2.8999633783753986|5.799926756750789|8.699890135126187|11.599853513501587
847.8|1.0|0.36|0.0|0|3.0698711433104497|6.1397422866208915|9.209613429931341|12.279484573241792
848.0|1.0|0.36|0.0|0|2.3920418647211066|4.784083729442207|7.176125594163313|9.56816745888442
848.2|1.0|0.36|0.0|0|3.014196170000944|6.02839234000188|9.042588510002824|12.056784680003767
848.4|1.0|0.36|0.0|0|3.5087845192145353|7.017569038429061|10.526353557643597|14.035138076858132
848.6|1.0|0.36|0.0|0|3.548423658325922|7.096847316651834|10.645270974977757|14.193694633303679
848.8|1.0|0.36|0.0|0|3.206085639274682|6.412171278549355|9.618256917824038|12.824342557098719
849.0|1.0|0.36|0.0|0|2.4188883723976344|4.837776744795263|7.256665117192897|9.67555348959053
849.2|1.0|0.36|0.0|0|2.752758030353|5.505516060705992|8.258274091058993|11.011032121411992
849.4|1.0|0.36|0.0|0|2.799784463550898|5.599568927101788|8.399353390652687|11.199137854203585
849.6|1.0|0.36|0.0|0|2.864648509100664|5.72929701820132|8.593945527301985|11.45859403640265
849.8|1.0|0.36|0.0|0|2.3626728663267587|4.725345732653511|7.08801859898027|9.45069146530703
850.0|1.0|0.36|0.0|0|2.8579819271422484|5.715963854284489|8.573945781426737|11.431927708568985
850.2|1.0|0.36|0.0|0|2.1556484535650835|4.311296907130161|6.466945360695244|8.622593814260329
850.4|1.0|0.36|0.0|0|2.730776325927584|5.46155265185516|8.192328977782745|10.92310530371033
850.6|1.0|0.36|0.0|0|2.111324688894094|4.222649377788182|6.333974066682276|8.44529875557637
850.8|1.0|0.36|0.0|0|2.6552817839477236|5.310563567895439|7.965845351843163|10.621127135790887
851.0|1.0|0.36|0.0|0|1.6529520993441125|3.3059041986882205|4.958856298032333|6.611808397376445
851.2|1.0|0.36|0.0|0|2.9293323768704456|5.858664753740883|8.787997130611329|11.717329507481775
851.4|1.0|0.36|0.0|0|3.5532884613092786|7.106576922618547|10.659865383927826|14.213153845237105
851.6|1.0|0.36|0.0|0|3.0185204397712395|6.037040879542471|9.05556131931371|12.07408175908495
851.8|1.0|0.36|0.0|0|2.7174431611469507|5.4348863222938935|8.152329483440845|10.869772644587794
852.0|1.0|0.36|0.0|0|2.3484388123266418|4.696877624653277|7.0453164369799195|9.393755249306562
852.2|1.0|0.36|0.0|0|2.30699789434788|4.613995788695754|6.920993683043634|9.227991577391515
852.4|1.0|0.36|0.0|0|2.8089735363802197|5.617947072760432|8.426920609140652|11.235894145520872
852.6|1.0|0.36|0.0|0|2.826630971585403|5.653261943170798|8.479892914756201|11.306523886341603
852.8|1.0|0.36|0.0|0|2.534022053826486|5.068044107652965|7.602066161479452|10.136088215305938
853.0|1.0|0.36|0.0|0|2.622489404904775|5.244978809809543|7.867468214714317|10.489957619619092
853.2|1.0|0.36|0.0|0|2.178531047430008|4.35706209486001|6.5355931422900175|8.714124189720025
853.4|1.0|0.36|0.0|0|2.734920418305558|5.469840836611108|8.204761254916665|10.939681673222223
853.6|1.0|0.36|0.0|0|2.1253785653458928|4.250757130691779|6.3761356960376725|8.501514261383566
853.8|1.0|0.36|0.0|0|2.8839275450404993|5.767855090080991|8.65178263512149|11.535710180161988
854.0|1.0|0.36|0.0|0|1.9891640699788713|3.9783281399577373|5.967492209936609|7.95665627991548
854.2|1.0|0.36|0.0|0|2.6585249862144726|5.317049972428937|7.97557495864341|10.634099944857882
854.4|1.0|0.36|0.0|0|2.2120441380963913|4.4240882761927764|6.636132414289168|8.84817655238556
854.6|1.0|0.36|0.0|0|2.7779829373554117|5.555965874710816|8.333948812066227|11.11193174942164
854.8|1.0|0.36|0.0|0|2.7932980589545355|5.586596117909064|8.3798941768636|11.173192235818135
855.0|1.0|0.36|0.0|0|2.8646485091012464|5.729297018202485|8.593945527303731|11.458594036404977
855.2|1.0|0.36|0.0|0|2.6509575141570556|5.301915028314103|7.952872542471159|10.603830056628214
855.4|1.0|0.36|0.0|0|3.2286078772664797|6.4572157545329505|9.68582363179943|12.91443150906591
855.6|1.0|0.36|0.0|0|2.9134767217014477|5.826953443402887|8.740430165104335|11.653906886805782
855.8|1.0|0.36|0.0|0|2.6763625988381707|5.3527251976763335|8.029087796514505|10.705450395352674
856.0|1.0|0.36|0.0|0|2.725731344581002|5.451462689161996|8.177194033742998|10.902925378324001
856.2|1.0|0.36|0.0|0|2.885549146197739|5.77109829239547|8.65664743859321|11.542196584790947
856.4|1.0|0.36|0.0|0|3.101582453852173|6.203164907704338|9.30474736155651|12.406329815408682
856.6|1.0|0.36|0.0|0|2.6064535715483386|5.21290714309667|7.819360714645009|10.425814286193347
856.8|1.0|0.36|0.0|0|3.1077085030835616|6.215417006167114|9.323125509250676|12.430834012334238
857.0|1.0|0.36|0.0|0|2.6197867367818275|5.239573473563648|7.859360210345476|10.479146947127303
857.2|1.0|0.36|0.0|0|2.4583473343588436|4.91669466871768|7.375042003076524|9.833389337435367
857.4|1.0|0.36|0.0|0|2.852036055696665|5.704072111393322|8.556108167089988|11.408144222786651
857.6|1.0|0.36|0.0|0|2.7596047907054913|5.519209581410975|8.278814372116466|11.038419162821958
857.8|1.0|0.36|0.0|0|2.8660899328091207|5.7321798656182334|8.598269798427355|11.464359731236476
858.0|1.0|0.36|0.0|0|3.075636835879416|6.1512736717588234|9.22691050763824|12.302547343517656
858.2|1.0|0.36|0.0|0|2.4736624558025526|4.947324911605099|7.420987367407651|9.894649823210203
858.4|1.0|0.36|0.0|0|2.5929402288130974|5.185880457626188|7.778820686439285|10.371760915252382
858.6|1.0|0.36|0.0|0|2.4601491133845435|4.92029822676908|7.380447340153623|9.840596453538167
858.8|1.0|0.36|0.0|0|2.566093720708161|5.132187441416315|7.698281162124476|10.264374882832637
859.0|1.0|0.36|0.0|0|3.0426642789552014|6.085328557910395|9.127992836865596|12.170657115820797
859.2|1.0|0.36|0.0|0|3.3421199574886153|6.684239914977221|10.026359872465836|13.368479829954452
859.4|1.0|0.36|0.0|0|2.4677165848069147|4.935433169613822|7.403149754420737|9.870866339227652
859.6|1.0|0.36|0.0|0|2.401230937764051|4.802461875528095|7.203692813292146|9.604923751056196
859.8|1.0|0.36|0.0|0|2.046280465461898|4.092560930923789|6.138841396385687|8.185121861847584
860.0|1.0|0.36|0.0|0|2.4298792247561525|4.859758449512299|7.289637674268452|9.719516899024605
860.2|1.0|0.36|0.0|0|2.15745023339987|4.314900466799734|6.472350700199604|8.629800933599475
860.4|1.0|0.36|0.0|0|2.468617474806381|4.937234949612755|7.405852424419136|9.874469899225517
860.6|1.0|0.36|0.0|0|2.4468159482150824|4.893631896430159|7.340447844645241|9.787263792860324
860.8|1.0|0.36|0.0|0|2.8075321134156574|5.615064226831307|8.422596340246963|11.230128453662621
861.0|1.0|0.36|0.0|0|2.5241122693300735|5.04822453866014|7.572336807990213|10.096449077320287
861.2|1.0|0.36|0.0|0|2.426455844839222|4.852911689678438|7.279367534517659|9.705823379356882
861.4|1.0|0.36|0.0|0|2.694020033347772|5.388040066695536|8.082060100043309|10.77608013339108
861.6|1.0|0.36|0.0|0|2.5527605559956306|5.105521111991254|7.658281667986884|10.211042223982515
861.8|1.0|0.36|0.0|0|2.7242899213125953|5.4485798426251835|8.17286976393778|10.897159685250374
862.0|1.0|0.36|0.0|0|2.6342009692802115|5.268401938560416|7.9026029078406275|10.536803877120839
862.2|1.0|0.36|0.0|0|2.865369220876021|5.730738441752034|8.596107662628055|11.461476883504076
862.4|1.0|0.36|0.0|0|3.2253646750340734|6.450729350068138|9.676094025102211|12.901458700136285
862.6|1.0|0.36|0.0|0|2.345736143498218|4.691472286996429|7.037208430494648|9.382944573992866
862.8|1.0|0.36|0.0|0|3.022664531606136|6.045329063212264|9.067993594818399|12.090658126424534
863.0|1.0|0.36|0.0|0|3.0731143453606666|6.146228690721324|9.219343036081991|12.292457381442658
863.2|1.0|0.36|0.0|0|3.3774348268070056|6.754869653614001|10.132304480421007|13.509739307228013
863.4|1.0|0.36|0.0|0|2.814018518261148|5.628037036522289|8.442055554783437|11.256074073044585
863.6|1.0|0.36|0.0|0|2.7426680677919673|5.485336135583927|8.228004203375894|10.970672271167862
863.8|1.0|0.36|0.0|0|3.2529318940179683|6.505863788035928|9.758795682053897|13.011727576071864
864.0|1.0|0.36|0.0|0|3.2397789075272185|6.479557815054428|9.719336722581646|12.959115630108865
864.2|1.0|0.36|0.0|0|2.8169013644784013|5.633802728956796|8.450704093435197|11.267605457913598
864.4|1.0|0.36|0.0|0|3.111852594895757|6.223705189791505|9.335557784687262|12.447410379583019
864.6|1.0|0.36|0.0|0|3.214554000713982|6.429108001427955|9.643662002141935|12.858216002855919
864.8|1.0|0.36|0.0|0|2.5145628405077174|5.029125681015428|7.543688521523145|10.058251362030862
865.0|1.0|0.36|0.0|0|3.1278884281998063|6.255776856399604|9.38366528459941|12.511553712799216
865.2|1.0|0.36|0.0|0|3.371849311379486|6.743698622758963|10.115547934138448|13.487397245517935
865.4|1.0|0.36|0.0|0|2.619606558750968|5.2392131175019285|7.858819676252897|10.478426235003864
865.6|1.0|0.36|0.0|0|2.488797400154874|4.977594800309741|7.4663922004646155|9.955189600619489
865.8|1.0|0.36|0.0|0|2.6500566245534016|5.300113249106795|7.950169873660197|10.6002264982136
866.0|1.0|0.36|0.0|0|2.988070374187085|5.976140748374161|8.964211122561245|11.95228149674833
866.2|1.0|0.36|0.0|0|2.5896970267471646|5.179394053494322|7.769091080241487|10.358788106988651
866.4|1.0|0.36|0.0|0|2.689875941318462|5.379751882636917|8.06962782395538|10.759503765273841
866.6|1.0|0.36|0.0|0|2.556003757969013|5.112007515938019|7.668011273907031|10.224015031876045
866.8|1.0|0.36|0.0|0|3.061222603356003|6.122445206711997|9.183667810068|12.244890413424002
867.0|1.0|0.36|0.0|0|2.7073531984334136|5.41470639686682|8.122059595300234|10.829412793733647
867.2|1.0|0.36|0.0|0|2.6005077008710966|5.201015401742185|7.801523102613282|10.40203080348438
867.4|1.0|0.36|0.0|0|1.789166595258868|3.578333190517731|5.367499785776599|7.156666381035467
867.6|1.0|0.36|0.0|0|2.4896982894488633|4.9793965788977195|7.469094868346583|9.958793157795446
867.8|1.0|0.36|0.0|0|2.6064535715564876|5.212907143112968|7.819360714669456|10.425814286225943
868.0|1.0|0.36|0.0|0|2.635101858794808|5.270203717589609|7.905305576384417|10.540407435179224
868.2|1.0|0.36|0.0|0|3.024466310951978|6.048932621903948|9.073398932855925|12.097865243807902
868.4|1.0|0.36|0.0|0|2.265016442295166|4.530032884590326|6.795049326885492|9.060065769180657
868.6|1.0|0.36|0.0|0|3.0403219665429813|6.0806439330859545|9.120965899628937|12.161287866171918
868.8|1.0|0.36|0.0|0|2.7520373191358547|5.504074638271701|8.256111957407557|11.00814927654341
869.0|1.0|0.36|0.0|0|3.1361766117223335|6.272353223444658|9.408529835166991|12.544706446889325
869.2|1.0|0.36|0.0|0|2.180873360419648|4.36174672083929|6.542620081258938|8.723493441678585
869.4|1.0|0.36|0.0|0|2.5333013427804714|5.066602685560936|7.599904028341407|10.133205371121878
869.6|1.0|0.36|0.0|0|2.6722185068059505|5.344437013611893|8.016655520417844|10.688874027223793
869.8|1.0|0.36|0.0|0|3.1109517047496076|6.221903409499206|9.332855114248813|12.443806818998421
870.0|1.0|0.36|0.0|0|2.7217674308177107|5.443534861635414|8.165302292453125|10.887069723270836
870.2|1.0|0.36|0.0|0|3.1763562847324676|6.352712569464926|9.529068854197394|12.705425138929861
870.4|1.0|0.36|0.0|0|3.0621234931121606|6.124246986224313|9.186370479336473|12.248493972448635
870.6|1.0|0.36|0.0|0|2.9217649048444607|5.8435298096889134|8.765294714533374|11.687059619377836
870.8|1.0|0.36|0.0|0|2.461950892644238|4.92390178528847|7.385852677932707|9.847803570576945
871.0|1.0|0.36|0.0|0|2.4147442806698405|4.829488561339674|7.244232842009514|9.658977122679355
871.2|1.0|0.36|0.0|0|2.470959787584145|4.941919575168283|7.412879362752428|9.883839150336573
871.4|1.0|0.36|0.0|0|3.1505908448051225|6.301181689610236|9.451772534415358|12.602363379220481
871.6|1.0|0.36|0.0|0|3.017619550558741|6.035239101117474|9.052858651676216|12.070478202234955
871.8|1.0|0.36|0.0|0|3.2296889446745656|6.459377889349122|9.689066834023688|12.918755778698253
872.0|1.0|0.36|0.0|0|2.5895168485515776|5.179033697103147|7.768550545654725|10.358067394206302
872.2|1.0|0.36|0.0|0|2.6560024952323897|5.312004990464772|7.968007485697162|10.624009980929552
872.4|1.0|0.36|0.0|0|3.0194213297480044|6.038842659496001|9.058263989244006|12.07768531899201
872.6|1.0|0.36|0.0|0|2.7839288078475537|5.567857615695099|8.351786423542652|11.135715231390206
872.8|1.0|0.36|0.0|0|2.7545598097005883|5.509119619401169|8.263679429101757|11.018239238802346
873.0|1.0|0.36|0.0|0|2.66284925618442|5.325698512368833|7.988547768553253|10.651397024737673
873.2|1.0|0.36|0.0|0|3.0765377256774835|6.153075451354959|9.229613177032443|12.306150902709927
873.4|1.0|0.36|0.0|0|3.2246439631196|6.449287926239191|9.67393188935879|12.898575852478391
873.6|1.0|0.36|0.0|0|2.6880741625331597|5.376148325066312|8.064222487599473|10.752296650132632
873.8|1.0|0.36|0.0|0|3.0370787640626102|6.0741575281252125|9.111236292187822|12.148315056250434
874.0|1.0|0.36|0.0|0|2.725010633405184|5.45002126681036|8.175031900215544|10.900042533620729
874.2|1.0|0.36|0.0|0|2.9343773585796615|5.868754717159315|8.803132075738976|11.737509434318637
874.4|1.0|0.36|0.0|0|2.6105976637912707|5.221195327582533|7.8317929913738045|10.442390655165074
874.6|1.0|0.36|0.0|0|2.6426693307200937|5.28533866144018|7.928007992160273|10.570677322880368
874.8|1.0|0.36|0.0|0|2.6214083372999473|5.242816674599887|7.864225011899834|10.485633349199782
875.0|1.0|0.36|0.0|0|2.4862749092880425|4.972549818576078|7.458824727864121|9.945099637152163
875.2|1.0|0.36|0.0|0|2.3803303010965484|4.760660602193091|7.140990903289639|9.521321204386188
875.4|1.0|0.36|0.0|0|2.7192449396959297|5.438489879391852|8.157734819087782|10.876979758783712
875.6|1.0|0.36|0.0|0|2.864648509289839|5.72929701857967|8.59394552786951|11.458594037159349
875.8|1.0|0.36|0.0|0|3.0100520788057503|6.020104157611492|9.030156236417241|12.040208315222992
876.0|1.0|0.36|0.0|0|2.438167408668089|4.876334817336171|7.314502226004261|9.75266963467235
876.2|1.0|0.36|0.0|0|2.635822570107996|5.271645140215985|7.9074677103239805|10.543290280431977
876.4|1.0|0.36|0.0|0|2.4305999366112543|4.8611998732225015|7.291799809833756|9.72239974644501
876.6|1.0|0.36|0.0|0|2.601408590257636|5.2028171805152645|7.8042257707729|10.405634361030536
876.8|1.0|0.36|0.0|0|2.5626703411719087|5.12534068234381|7.688011023515719|10.250681364687628
877.0|1.0|0.36|0.0|0|2.534022053971423|5.068044107942839|7.602066161914262|10.136088215885685
877.2|1.0|0.36|0.0|0|2.497085583859591|4.994171167719175|7.491256751578766|9.988342335438357
877.4|1.0|0.36|0.0|0|3.0421237458096613|6.084247491619314|9.126371237428975|12.168494983238636
877.6|1.0|0.36|0.0|0|3.0322139605152216|6.064427921030434|9.096641881545656|12.128855842060878
877.8|1.0|0.36|0.0|0|3.2370762384095024|6.474152476818996|9.711228715228499|12.948304953638
878.0|1.0|0.36|0.0|0|2.028623030495366|4.057246060990726|6.085869091486092|8.114492121981458
878.2|1.0|0.36|0.0|0|2.6608672991598747|5.321734598319742|7.982601897479617|10.643469196639492
878.4|1.0|0.36|0.0|0|2.583751155525681|5.167502311051355|7.751253466577036|10.335004622102717
878.6|1.0|0.36|0.0|0|2.6803265122964537|5.3606530245929|8.040979536889353|10.721306049185808
878.8|1.0|0.36|0.0|0|2.900864267814325|5.801728535628642|8.702592803442966|11.603457071257292
879.0|1.0|0.36|0.0|0|2.805730334285766|5.611460668571524|8.417191002857288|11.222921337143054
879.2|1.0|0.36|0.0|0|3.038520187458492|6.077040374916975|9.115560562375467|12.154080749833959
879.4|1.0|0.36|0.0|0|2.754559809272762|5.509119618545516|8.263679427818278|11.018239237091041
879.6|1.0|0.36|0.0|0|2.295106152295486|4.590212304590966|6.885318456886452|9.180424609181939
879.8|1.0|0.36|0.0|0|2.4736624556349147|4.947324911269822|7.420987366904737|9.894649822539652
880.0|1.0|0.36|0.0|0|2.7167224496341102|5.4334448992682125|8.150167348902324|10.866889798536434
880.2|1.0|0.36|0.0|0|2.459248223891484|4.918496447782961|7.377744671674445|9.83699289556593
880.4|1.0|0.36|0.0|0|2.6644708568963713|5.328941713792735|7.993412570689106|10.657883427585476
880.6|1.0|0.36|0.0|0|3.254012961483098|6.508025922966186|9.762038884449284|13.016051845932381
880.8|1.0|0.36|0.0|0|2.994917134518621|5.989834269037234|8.984751403555856|11.979668538074478
881.0|1.0|0.36|0.0|0|2.845189296063038|5.690378592126069|8.535567888189107|11.380757184252145
881.2|1.0|0.36|0.0|0|2.9815839693334447|5.9631679386668806|8.944751908000326|11.92633587733377
881.4|1.0|0.36|0.0|0|3.110951705519113|6.221903411038217|9.33285511655733|12.443806822076443
881.6|1.0|0.36|0.0|0|2.785370231244599|5.570740462489191|8.35611069373379|11.141480924978389
881.8|1.0|0.36|0.0|0|3.0334752060845522|6.066950412169096|9.100425618253649|12.1339008243382
882.0|1.0|0.36|0.0|0|2.4565455551282525|4.913091110256498|7.369636665384751|9.826182220513003
882.2|1.0|0.36|0.0|0|3.1884282044088494|6.37685640881769|9.56528461322654|12.753712817635389
882.4|1.0|0.36|0.0|0|2.7619471037870995|5.523894207574192|8.285841311361292|11.047788415148391
882.6|1.0|0.36|0.0|0|2.840144314191423|5.680288628382838|8.520432942574262|11.360577256765685
882.8|1.0|0.36|0.0|0|2.044658864204541|4.089317728409076|6.1339765926136165|8.178635456818158
883.0|1.0|0.36|0.0|0|2.7259115223359576|5.451823044671907|8.177734567007864|10.903646089343821
883.2|1.0|0.36|0.0|0|3.2808594692131767|6.561718938426345|9.84257840763952|13.123437876852698
883.4|1.0|0.36|0.0|0|2.6830291813355895|5.366058362671171|8.049087544006762|10.732116725342351
883.6|1.0|0.36|0.0|0|2.952935683095714|5.90587136619142|8.858807049287133|11.811742732382847
883.8|1.0|0.36|0.0|0|2.643570220167169|5.287140440334331|7.930710660501499|10.574280880668669
884.0|1.0|0.36|0.0|0|2.474383167473718|4.948766334947429|7.423149502421147|9.897532669894865
884.2|1.0|0.36|0.0|0|2.632579367834844|5.265158735669681|7.897738103504525|10.53031747133937
884.4|1.0|0.36|0.0|0|2.4965450497006554|4.993090099401304|7.489635149101959|9.986180198802614
884.6|1.0|0.36|0.0|0|2.675281531288058|5.350563062576109|8.025844593864166|10.701126125152225
884.8|1.0|0.36|0.0|0|2.7527580306900226|5.505516061380037|8.25827409207006|11.011032122760081
885.0|1.0|0.36|0.0|0|2.8023069544503256|5.604613908900643|8.406920863350969|11.209227817801295
885.2|1.0|0.36|0.0|0|2.483752418421793|4.967504836843579|7.451257255265372|9.935009673687166
885.4|1.0|0.36|0.0|0|2.738523976115978|5.477047952231948|8.215571928347927|10.954095904463903
885.6|1.0|0.36|0.0|0|3.0050070969644027|6.010014193928797|9.0150212908932|12.020028387857604
885.8|1.0|0.36|0.0|0|1.9682634331699245|3.9365268663398436|5.904790299509768|7.8730537326796926
886.0|1.0|0.36|0.0|0|2.538166145666039|5.076332291332071|7.61449843699811|10.15266458266415
886.2|1.0|0.36|0.0|0|2.8378020013740777|5.675604002748147|8.513406004122226|11.351208005496304
886.4|1.0|0.36|0.0|0|2.1592520117311524|4.318504023462299|6.477756035193451|8.637008046924604
886.6|1.0|0.36|0.0|0|2.7437491347256606|5.487498269451314|8.231247404176974|10.974996538902635
886.8|1.0|0.36|0.0|0|2.9057290719228357|5.811458143845663|8.717187215768499|11.622916287691334
887.0|1.0|0.36|0.0|0|2.5642919418215775|5.128583883643148|7.692875825464725|10.257167767286303
887.2|1.0|0.36|0.0|0|3.265003813516817|6.530007627033625|9.795011440550443|13.06001525406726
887.4|1.0|0.36|0.0|0|3.0017638946563263|6.003527789312645|9.005291683968972|12.007055578625298
887.6|1.0|0.36|0.0|0|2.7761811578850053|5.552362315770003|8.328543473655008|11.104724631540014
887.8|1.0|0.36|0.0|0|2.8987021336064234|5.797404267212839|8.696106400819263|11.594808534425686
888.0|1.0|0.36|0.0|0|2.8594233501114674|5.718846700222927|8.578270050334394|11.437693400445863
888.2|1.0|0.36|0.0|0|3.0217636426078416|6.043527285215674|9.065290927823517|12.087054570431357
888.4|1.0|0.36|0.0|0|3.1741941497311954|6.348388299462382|9.522582449193578|12.696776598924773
888.6|1.0|0.36|0.0|0|2.437446696935806|4.874893393871605|7.31234009080741|9.749786787743217
888.8|1.0|0.36|0.0|0|2.875459183669302|5.750918367338596|8.626377551007899|11.501836734677202
889.0|1.0|0.36|0.0|0|2.65870516403171|5.317410328063413|7.976115492095123|10.634820656126832
889.2|1.0|0.36|0.0|0|2.534922943839922|5.069845887679837|7.604768831519759|10.139691775359681
889.4|1.0|0.36|0.0|0|2.669696016632954|5.339392033265901|8.009088049898855|10.67878406653181
889.6|1.0|0.36|0.0|0|2.319610347133714|4.639220694267421|6.958831041401136|9.27844138853485
889.8|1.0|0.36|0.0|0|2.494563093359468|4.989126186718929|7.483689280078397|9.978252373437865
890.0|1.0|0.36|0.0|0|2.7486139388551263|5.497227877710245|8.24584181656537|10.994455755420496
890.2|1.0|0.36|0.0|0|2.940143051373309|5.88028610274661|8.82042915411992|11.76057220549323
890.4|1.0|0.36|0.0|0|2.4087984095991146|4.817596819198222|7.226395228797337|9.635193638396451
890.6|1.0|0.36|0.0|0|3.045366947708538|6.090733895417067|9.136100843125604|12.181467790834143
890.8|1.0|0.36|0.0|0|2.7720370660896902|5.544074132179373|8.316111198269063|11.088148264358754
891.0|1.0|0.36|0.0|0|2.53924721296062|5.078494425921233|7.617741638881853|10.156988851842472
891.2|1.0|0.36|0.0|0|3.248967980906021|6.497935961812033|9.746903942718054|12.995871923624074
891.4|1.0|0.36|0.0|0|3.1781580641242937|6.3563161282485785|9.534474192372873|12.712632256497166
891.6|1.0|0.36|0.0|0|2.5095178586302813|5.0190357172605555|7.528553575890837|10.038071434521118
891.8|1.0|0.36|0.0|0|2.48951811152627|4.979036223052533|7.468554334578802|9.958072446105072
892.0|1.0|0.36|0.0|0|2.3069978935160926|4.613995787032179|6.920993680548272|9.227991574064365
892.2|1.0|0.36|0.0|0|2.876360073207764|5.75272014641552|8.629080219623283|11.505440292831047
892.4|1.0|0.36|0.0|0|2.4385277642239838|4.87705552844796|7.315583292671945|9.754111056895928
892.6|1.0|0.36|0.0|0|2.9731156079686505|5.946231215937293|8.919346823905943|11.892462431874595
892.8|1.0|0.36|0.0|0|2.630056877121681|5.2601137542433545|7.890170631365035|10.520227508486716
893.0|1.0|0.36|0.0|0|3.0648261617013515|6.129652323402694|9.194478485104046|12.259304646805397
893.2|1.0|0.36|0.0|0|2.6760022429167316|5.352004485833456|8.028006728750187|10.70400897166692
893.4|1.0|0.36|0.0|0|2.5390670350671303|5.078134070134253|7.617201105201384|10.156268140268514
893.6|1.0|0.36|0.0|0|2.4752840575168396|4.950568115033673|7.425852172550512|9.901136230067351
893.8|1.0|0.36|0.0|0|2.5686162116366926|5.137232423273378|7.705848634910071|10.274464846546763
894.0|1.0|0.36|0.0|0|1.8639404258970187|3.7278808517940325|5.591821277691051|7.45576170358807
894.2|1.0|0.36|0.0|0|2.793838592599498|5.587677185198988|8.381515777798485|11.175354370397983
894.4|1.0|0.36|0.0|0|2.3810510124533923|4.7621020249067785|7.143153037360171|9.524204049813562
894.6|1.0|0.36|0.0|0|2.7352807734732076|5.470561546946407|8.205842320419615|10.941123093892822
894.8|1.0|0.36|0.0|0|2.0824962241400518|4.164992448280097|6.2474886724201495|8.329984896560202
895.0|1.0|0.36|0.0|0|3.0705918542493627|6.141183708498717|9.21177556274808|12.282367416997442
895.2|1.0|0.36|0.0|0|2.552400199810511|5.1048003996210145|7.657200599431525|10.209600799242036
895.4|1.0|0.36|0.0|0|3.0934744483663263|6.186948896732644|9.28042334509897|12.373897793465297
895.6|1.0|0.36|0.0|0|2.877260962868461|5.754521925736914|8.631782888605375|11.509043851473837
895.8|1.0|0.36|0.0|0|3.085726798941035|6.171453597882061|9.257180396823095|12.34290719576413
896.0|1.0|0.36|0.0|0|2.973836319315599|5.94767263863119|8.92150895794679|11.895345277262388
896.2|1.0|0.36|0.0|0|2.9006840900599515|5.801368180119895|8.702052270179847|11.602736360239799
896.4|1.0|0.36|0.0|0|2.5610487398901047|5.122097479780202|7.683146219670307|10.244194959560412
896.6|1.0|0.36|0.0|0|2.712398179931336|5.424796359862664|8.137194539793999|10.849592719725335
896.8|1.0|0.36|0.0|0|2.4316810040624137|4.86336200812482|7.295043012187234|9.726724016249648
897.0|1.0|0.36|0.0|0|2.826811149794378|5.653622299588748|8.480433449383126|11.307244599177505
897.2|1.0|0.36|0.0|0|3.155635825737848|6.311271651475687|9.466907477213535|12.622543302951383
897.4|1.0|0.36|0.0|0|2.805730334843977|5.611460669687946|8.417191004531924|11.222921339375901
897.6|1.0|0.36|0.0|0|2.752758030058469|5.505516060116931|8.2582740901754|11.01103212023387
897.8|1.0|0.36|0.0|0|2.791316102087151|5.582632204174294|8.373948306261445|11.165264408348596
898.0|1.0|0.36|0.0|0|2.503932343698109|5.007864687396211|7.51179703109432|10.015729374792429
898.2|1.0|0.36|0.0|0|2.420509973916926|4.8410199478338445|7.26152992175077|9.682039895667696
898.4|1.0|0.36|0.0|0|2.754559809349596|5.509119618699184|8.26367942804878|11.018239237398378
898.6|1.0|0.36|0.0|0|2.522310490375969|5.044620980751931|7.5669314711279|10.08924196150387
898.8|1.0|0.36|0.0|0|2.672759040905514|5.345518081811021|8.018277122716535|10.69103616362205
899.0|1.0|0.36|0.0|0|2.4432123903284104|4.886424780656814|7.329637170985224|9.772849561313635
899.2|1.0|0.36|0.0|0|2.5954627190600172|5.190925438120027|7.786388157180045|10.381850876240062
899.4|1.0|0.36|0.0|0|2.8275318608147817|5.655063721629555|8.482595582444336|11.310127443259118
899.6|1.0|0.36|0.0|0|2.6408675517764664|5.281735103552926|7.922602655329392|10.563470207105858
899.8|1.0|0.36|0.0|0|2.9480708792200336|5.896141758440059|8.844212637660092|11.792283516880127
900.0|1.0|0.36|0.0|0|2.790054856350764|5.580109712701521|8.370164569052285|11.16021942540305
900.2|1.0|0.36|0.0|0|2.684830960496331|5.369661920992655|8.054492881488986|10.739323841985318
900.4|1.0|0.36|0.0|0|3.326264301550694|6.652528603101379|9.978792904652073|13.305057206202767
900.6|1.0|0.36|0.0|0|2.839243424265881|5.678486848531754|8.517730272797635|11.356973697063514
900.8|1.0|0.36|0.0|0|2.5533010899642274|5.106602179928448|7.659903269892674|10.213204359856903
901.0|1.0|0.36|0.0|0|3.1253659377881586|6.250731875576308|9.376097813364467|12.501463751152626
901.2|1.0|0.36|0.0|0|3.18338322332362|6.366766446647231|9.550149669970851|12.733532893294472
901.4|1.0|0.36|0.0|0|2.883927545449117|5.767855090898226|8.651782636347344|11.53571018179646
901.6|1.0|0.36|0.0|0|3.2641029245598503|6.528205849119692|9.792308773679542|13.056411698239392
901.8|1.0|0.36|0.0|0|2.860144061563772|5.720288123127536|8.580432184691308|11.44057624625508
902.0|1.0|0.36|0.0|0|2.9444673212268415|5.888934642453675|8.833401963680517|11.777869284907359
902.2|1.0|0.36|0.0|0|2.7141999590315415|5.428399918063075|8.142599877094616|10.856799836126159
902.4|1.0|0.36|0.0|0|2.783928808305066|5.567857616610124|8.35178642491519|11.135715233220255
902.6|1.0|0.36|0.0|0|2.8587026387668475|5.717405277533687|8.576107916300534|11.434810555067381
902.8|1.0|0.36|0.0|0|2.359249486307383|4.718498972614759|7.077748458922142|9.436997945229525
903.0|1.0|0.36|0.0|0|2.2288006829988465|4.457601365997687|6.686402048996533|8.915202731995379
903.2|1.0|0.36|0.0|0|2.0051999035145873|4.010399807029169|6.015599710543756|8.020799614058344
903.4|1.0|0.36|0.0|0|2.42321264244267|4.846425284885333|7.269637927328003|9.692850569770673
903.6|1.0|0.36|0.0|0|2.396366134628772|4.792732269257537|7.18909840388631|9.585464538515081
903.8|1.0|0.36|0.0|0|2.8963598203740575|5.792719640748107|8.689079461122164|11.585439281496221
904.0|1.0|0.36|0.0|0|2.3406911619281185|4.68138232385623|7.0220734857843485|9.362764647712467
904.2|1.0|0.36|0.0|0|2.623390294457206|5.246780588914405|7.87017088337161|10.493561177828816
904.4|1.0|0.36|0.0|0|3.1889687377488034|6.377937475497598|9.566906213246401|12.755874950995205
904.6|1.0|0.36|0.0|0|3.0143763485917616|6.028752697183514|9.043129045775276|12.057505394367038
904.8|1.0|0.36|0.0|0|2.653299827013982|5.3065996540279565|7.959899481041939|10.61319930805592
905.0|1.0|0.36|0.0|0|3.11509579667589|6.230191593351771|9.34528739002766|12.46038318670355
905.2|1.0|0.36|0.0|0|2.6862723838543774|5.372544767708748|8.058817151563126|10.745089535417502
905.4|1.0|0.36|0.0|0|2.6417684411985123|5.2835368823970175|7.92530532359553|10.567073764794042
905.6|1.0|0.36|0.0|0|2.0515056248335184|4.1030112496670315|6.15451687450055|8.206022499334068
905.8|1.0|0.36|0.0|0|2.2945656178775264|4.589131235755047|6.883696853632573|9.178262471510099
906.0|1.0|0.36|0.0|0|2.8857293238851733|5.771458647770339|8.657187971655512|11.542917295540684
906.2|1.0|0.36|0.0|0|1.9637589853408297|3.927517970681654|5.891276956022484|7.8550359413633135
906.4|1.0|0.36|0.0|0|3.1168975763983355|6.233795152796662|9.350692729194998|12.467590305593333
906.6|1.0|0.36|0.0|0|2.7754604464763566|5.550920892952706|8.326381339429062|11.10184178590542
906.8|1.0|0.36|0.0|0|2.7174431607301837|5.43488632146036|8.152329482190543|10.869772642920728
907.0|1.0|0.36|0.0|0|2.3978075582446783|4.79561511648935|7.193422674734029|9.591230232978708
907.2|1.0|0.36|0.0|0|2.07006394914468|4.140127898289355|6.210191847434034|8.280255796578714
907.4|1.0|0.36|0.0|0|2.64519182129123|5.290383642582453|7.9355754638736835|10.580767285164914
907.6|1.0|0.36|0.0|0|2.3961859570088584|4.792371914017711|7.1885578710265685|9.584743828035426
907.8|1.0|0.36|0.0|0|3.2453644221671887|6.4907288443343685|9.736093266501557|12.981457688668746
908.0|1.0|0.36|0.0|0|2.5509587767883226|5.101917553576638|7.652876330364961|10.203835107153283
908.2|1.0|0.36|0.0|0|2.5300581399624957|5.060116279924984|7.59017441988748|10.120232559849976
908.4|1.0|0.36|0.0|0|2.739424865308104|5.4788497306162|8.218274595924303|10.957699461232407
908.6|1.0|0.36|0.0|0|2.928611665233623|5.857223330467238|8.785834995700862|11.714446660934485
908.8|1.0|0.36|0.0|0|2.5745620825298854|5.149124165059764|7.723686247589648|10.298248330119534
909.0|1.0|0.36|0.0|0|2.658705164274436|5.317410328548864|7.9761154928233005|10.634820657097736
909.2|1.0|0.36|0.0|0|3.1329334092920207|6.265866818584033|9.398800227876054|12.531733637168074
909.4|1.0|0.36|0.0|0|2.8412253819790227|5.6824507639580375|8.52367614593706|11.364901527916084
909.6|1.0|0.36|0.0|0|2.9260891745652797|5.8521783491305515|8.778267523695831|11.70435669826111
909.8|1.0|0.36|0.0|0|2.7435689573903823|5.4871379147807575|8.23070687217114|10.974275829561522
910.0|1.0|0.36|0.0|0|2.641768441082097|5.283536882164187|7.925305323246284|10.56707376432838
910.2|1.0|0.36|0.0|0|3.0233852435450563|6.046770487090104|9.070155730635161|12.093540974180216
910.4|1.0|0.36|0.0|0|2.802306954573144|5.60461390914628|8.406920863719424|11.209227818292568
910.6|1.0|0.36|0.0|0|2.8015862427995333|5.603172485599059|8.404758728398592|11.206344971198126
910.8|1.0|0.36|0.0|0|2.9639265345764607|5.9278530691529125|8.891779603729374|11.855706138305834
911.0|1.0|0.36|0.0|0|2.578706174399124|5.157412348798241|7.736118523197365|10.314824697596489
911.2|1.0|0.36|0.0|0|2.4147442812199027|4.829488562439799|7.244232843659701|9.658977124879604
911.4|1.0|0.36|0.0|0|2.6830291811964733|5.3660583623929385|8.049087543589412|10.732116724785884
911.6|1.0|0.36|0.0|0|2.78464951995353|5.569299039907052|8.353948559860582|11.138598079814113
911.8|1.0|0.36|0.0|0|2.7435689573042352|5.4871379146084625|8.230706871912698|10.974275829216934
912.0|1.0|0.36|0.0|0|2.4138433913938955|4.827686782787785|7.24153017418168|9.655373565575575
912.2|1.0|0.36|0.0|0|2.277628895589735|4.5552577911794625|6.832886686769197|9.110515582358932
912.4|1.0|0.36|0.0|0|2.3880779505847043|4.776155901169402|7.164233851754107|9.55231180233881
912.6|1.0|0.36|0.0|0|2.029523920570502|4.059047841140998|6.0885717617115|8.118095682282002
912.8|1.0|0.36|0.0|0|2.0446588646125763|4.089317729225147|6.1339765938377235|8.1786354584503
913.0|1.0|0.36|0.0|0|2.135468528139174|4.270937056278342|6.4064055844175165|8.54187411255669
913.2|1.0|0.36|0.0|0|2.588075425385034|5.176150850770061|7.764226276155095|10.35230170154013
913.4|1.0|0.36|0.0|0|2.598886100096863|5.197772200193719|7.7966583002905825|10.395544400387445
913.6|1.0|0.36|0.0|0|2.340691162659789|4.6813823253195705|7.02207348797936|9.362764650639148
913.8|1.0|0.36|0.0|0|2.6736599301983395|5.347319860396671|8.02097979059501|10.694639720793349
914.0|1.0|0.36|0.0|0|2.265196619903438|4.53039323980687|6.795589859710308|9.060786479613746
914.2|1.0|0.36|0.0|0|2.1196128728654022|4.239225745730798|6.3588386185962005|8.478451491461604
914.4|1.0|0.36|0.0|0|2.217089119486047|4.434178238972088|6.651267358458135|8.868356477944182
914.6|1.0|0.36|0.0|0|2.2551066578039918|4.510213315607977|6.76531997341197|9.020426631215962
914.8|1.0|0.36|0.0|0|2.938701628230631|5.877403256461254|8.816104884691885|11.754806512922517
915.0|1.0|0.36|0.0|0|2.861945840963747|5.723891681927486|8.585837522891234|11.447783363854981
915.2|1.0|0.36|0.0|0|3.4305873084935623|6.861174616987115|10.291761925480678|13.72234923397424
915.4|1.0|0.36|0.0|0|3.5129286109947166|7.0258572219894235|10.53878583298414|14.051714443978856
915.6|1.0|0.36|0.0|0|2.7743793786776973|5.548758757355388|8.323138136033085|11.097517514710782
915.8|1.0|0.36|0.0|0|3.385182476800404|6.770364953600798|10.155547430401201|13.540729907201605
916.0|1.0|0.36|0.0|0|2.8217661680502375|5.643532336100468|8.465298504150706|11.287064672200943
916.2|1.0|0.36|0.0|0|2.4929414913302774|4.985882982660548|7.478824473990826|9.971765965321103
916.4|1.0|0.36|0.0|0|3.0368985864566667|6.073797172913324|9.11069575936999|12.147594345826658
916.6|1.0|0.36|0.0|0|2.60393108151213|5.207862163024253|7.811793244536384|10.415724326048514
916.8|1.0|0.36|0.0|0|2.8736574047495402|5.7473148094990725|8.620972214248614|11.494629618998154
917.0|1.0|0.36|0.0|0|2.750415717926228|5.500831435852448|8.251247153778676|11.001662871704905
917.2|1.0|0.36|0.0|0|2.5156439078995048|5.031287815799002|7.546931723698508|10.062575631598012
917.4|1.0|0.36|0.0|0|3.3296876815072056|6.659375363014402|9.989063044521608|13.318750726028814
917.6|1.0|0.36|0.0|0|2.8350993329141083|5.670198665828209|8.505297998742316|11.340397331656424
917.8|1.0|0.36|0.0|0|3.3792366053623875|6.758473210724766|10.137709816087153|13.516946421449541
918.0|1.0|0.36|0.0|0|2.9412241187173667|5.882448237434725|8.823672356152091|11.764896474869458
918.2|1.0|0.36|0.0|0|2.7979826843604703|5.5959653687209325|8.393948053081402|11.191930737441874
918.4|1.0|0.36|0.0|0|3.3338317737204517|6.6676635474408945|10.001495321161347|13.335327094881798
918.6|1.0|0.36|0.0|0|3.4347314001072693|6.86946280021453|10.304194200321799|13.738925600429068
918.8|1.0|0.36|0.0|0|3.051492996518503|6.102985993036997|9.1544789895555|12.205971986074003
919.0|1.0|0.36|0.0|0|3.3747321575018607|6.749464315003712|10.124196472505572|13.498928630007434
919.2|1.0|0.36|0.0|0|2.735100595352708|5.470201190705408|8.205301786058117|10.940402381410824
919.4|1.0|0.36|0.0|0|2.7871720101521373|5.574344020304268|8.361516030456405|11.148688040608542
919.6|1.0|0.36|0.0|0|2.54573361773859|5.091467235477173|7.637200853215763|10.182934470954352
919.8|1.0|0.36|0.0|0|3.634909052695151|7.269818105390292|10.904727158085443|14.539636210780593
920.0|1.0|0.36|0.0|0|2.5642919420712884|5.12858388414257|7.692875826213858|10.257167768285147
920.2|1.0|0.36|0.0|0|2.4012309379613748|4.802461875922742|7.203692813884118|9.604923751845492
920.4|1.0|0.36|0.0|0|2.5844718667556323|5.168943733511258|7.753415600266889|10.337887467022522
920.6|1.0|0.36|0.0|0|2.6133003321097954|5.226600664219584|7.839900996329379|10.453201328439174
920.8|1.0|0.36|0.0|0|3.0196015074779305|6.039203014955853|9.058804522433784|12.078406029911713
921.0|1.0|0.36|0.0|0|2.5940212962095415|5.188042592419076|7.782063888628618|10.376085184838159
921.2|1.0|0.36|0.0|0|2.8839275453618054|5.767855090723603|8.651782636085409|11.535710181447214
921.4|1.0|0.36|0.0|0|2.8561801475676503|5.7123602951352925|8.568540442702941|11.424720590270592
921.6|1.0|0.36|0.0|0|2.9477105235477237|5.895421047095439|8.843131570643163|11.790842094190886
921.8|1.0|0.36|0.0|0|2.6325793676072524|5.265158735214497|7.89773810282175|10.530317470429
922.0|1.0|0.36|0.0|0|2.9556383516860687|5.911276703372129|8.866915055058199|11.822553406744266
922.2|1.0|0.36|0.0|0|2.2590705709252528|4.518141141850499|6.777211712775752|9.036282283701004
922.4|1.0|0.36|0.0|0|3.0159979495772884|6.031995899154569|9.047993848731858|12.063991798309146
922.6|1.0|0.36|0.0|0|2.8451892955868994|5.690378591173792|8.53556788676069|11.38075718234759
922.8|1.0|0.36|0.0|0|2.9165397462772695|5.833079492554531|8.749619238831801|11.666158985109071
923.0|1.0|0.36|0.0|0|2.8871707477583577|5.774341495516707|8.661512243275064|11.548682991033422
923.2|1.0|0.36|0.0|0|2.936719671160684|5.873439342321359|8.810159013482043|11.746878684642727
923.4|1.0|0.36|0.0|0|3.1806805545784327|6.3613611091568565|9.54204166373529|12.722722218313722
923.6|1.0|0.36|0.0|0|3.1091499259386937|6.218299851877379|9.327449777816073|12.436599703754766
923.8|1.0|0.36|0.0|0|2.8781618521496446|5.756323704299281|8.634485556448926|11.512647408598571
924.0|1.0|0.36|0.0|0|2.3287994201364945|4.657598840272983|6.986398260409477|9.315197680545973
924.2|1.0|0.36|0.0|0|2.4287981577025515|4.857596315405097|7.286394473107648|9.715192630810199
924.4|1.0|0.36|0.0|0|2.392942754724065|4.785885509448123|7.178828264172188|9.571771018896253
924.6|1.0|0.36|0.0|0|2.265376797724168|4.53075359544833|6.796130393172498|9.061507190896666
924.8|1.0|0.36|0.0|0|2.5612289176037324|5.122457835207458|7.68368675281119|10.244915670414922
925.0|1.0|0.36|0.0|0|2.8428469825722305|5.685693965144453|8.528540947716683|11.371387930288913
925.2|1.0|0.36|0.0|0|2.5686162117938536|5.1372324235877|7.705848635381553|10.274464847175407
925.4|1.0|0.36|0.0|0|2.321231948492934|4.642463896985862|6.963695845478796|9.28492779397173
925.6|1.0|0.36|0.0|0|2.3273579970479497|4.654715994095893|6.982073991143843|9.309431988191793
925.8|1.0|0.36|0.0|0|2.6754617095988964|5.350923419197786|8.026385128796683|10.701846838395578
926.0|1.0|0.36|0.0|0|3.069150431368619|6.13830086273723|9.20745129410585|12.276601725474467
926.2|1.0|0.36|0.0|0|3.0662675849121324|6.132535169824257|9.19880275473639|12.26507033964852
926.4|1.0|0.36|0.0|0|2.700506437872539|5.40101287574507|8.10151931361761|10.802025751490149
926.6|1.0|0.36|0.0|0|3.0123943919129696|6.024788783825931|9.037183175738901|12.04957756765187
926.8|1.0|0.36|0.0|0|2.8266309712844695|5.653261942568931|8.4798929138534|11.306523885137869
927.0|1.0|0.36|0.0|0|3.417974855090727|6.8359497101814455|10.253924565272172|13.6718994203629
927.2|1.0|0.36|0.0|0|2.742668067553898|5.485336135107788|8.228004202661687|10.970672270215584
927.4|1.0|0.36|0.0|0|2.876540251005793|5.753080502011578|8.62962075301737|11.506161004023163
927.6|1.0|0.36|0.0|0|2.9511339035292647|5.9022678070585215|8.853401710587786|11.80453561411705
927.8|1.0|0.36|0.0|0|3.3154536272684374|6.630907254536866|9.946360881805303|13.26181450907374
928.0|1.0|0.36|0.0|0|2.825910260098174|5.65182052019634|8.477730780294515|11.303641040392687
928.2|1.0|0.36|0.0|0|2.573661193476876|5.1473223869537446|7.72098358043062|10.294644773907496
928.4|1.0|0.36|0.0|0|2.47528405704594|4.9505681140918725|7.425852171137812|9.901136228183752
928.6|1.0|0.36|0.0|0|3.122843447262424|6.245686894524839|9.368530341787263|12.491373789049687
928.8|1.0|0.36|0.0|0|2.6956416347617074|5.391283269523408|8.086924904285114|10.782566539046822
929.0|1.0|0.36|0.0|0|2.808252824851081|5.616505649702155|8.424758474553236|11.233011299404318
929.2|1.0|0.36|0.0|0|2.6151021114393393|5.230204222878672|7.8453063343180105|10.46040844575735
929.4|1.0|0.36|0.0|0|2.7032091061485723|5.406418212297137|8.109627318445709|10.812836424594282
929.6|1.0|0.36|0.0|0|2.554922690755341|5.109845381510675|7.664768072266015|10.219690763021356
929.8|1.0|0.36|0.0|0|2.7293349025450904|5.458669805090174|8.188004707635264|10.917339610180354
930.0|1.0|0.36|0.0|0|1.963038273908898|3.926076547817791|5.889114821726689|7.852153095635587
930.2|1.0|0.36|0.0|0|2.331321910702975|4.662643821405943|6.993965732108918|9.325287642811892
930.4|1.0|0.36|0.0|0|2.717443161128906|5.434886322257805|8.15232948338671|10.869772644515617
930.6|1.0|0.36|0.0|0|2.2556471912353317|4.511294382470657|6.7669415737059895|9.022588764941322
930.8|1.0|0.36|0.0|0|2.987169484373301|5.9743389687465935|8.961508453119896|11.948677937493196
931.0|1.0|0.36|0.0|0|2.4727615663933125|4.945523132786618|7.418284699179931|9.891046265573243
931.2|1.0|0.36|0.0|0|2.7552805210050453|5.510561042010083|8.265841563015128|11.021122084020174
931.4|1.0|0.36|0.0|0|2.491139712831939|4.982279425663871|7.47341913849581|9.96455885132775
931.6|1.0|0.36|0.0|0|2.428978335459253|4.857956670918499|7.286935006377752|9.715913341837005
931.8|1.0|0.36|0.0|0|2.3736637184390585|4.747327436878111|7.120991155317169|9.494654873756229
932.0|1.0|0.36|0.0|0|2.999962116160316|5.999924232320624|8.99988634848094|11.999848464641257
932.2|1.0|0.36|0.0|0|3.043565168912176|6.087130337824344|9.130695506736519|12.174260675648695
932.4|1.0|0.36|0.0|0|2.7284340134408582|5.4568680268817085|8.185302040322567|10.913736053763426
932.6|1.0|0.36|0.0|0|2.905188537764482|5.810377075528956|8.715565613293437|11.62075415105792
932.8|1.0|0.36|0.0|0|3.280859469139835|6.561718938279661|9.842578407419495|13.123437876559331
933.0|1.0|0.36|0.0|0|2.9183415253926093|5.8366830507852105|8.75502457617782|11.67336610157043
933.2|1.0|0.36|0.0|0|3.004826919222835|6.009653838445662|9.014480757668498|12.019307676891334
933.4|1.0|0.36|0.0|0|2.5945618301781384|5.18912366035627|7.783685490534408|10.378247320712546
933.6|1.0|0.36|0.0|0|2.64339004231035|5.286780084620693|7.930170126931043|10.573560169241393
933.8|1.0|0.36|0.0|0|2.77636133602937|5.552722672058732|8.329084008088103|11.105445344117472
934.0|1.0|0.36|0.0|0|3.1329334096924897|6.2658668193849705|9.39880022907746|12.53173363876995
934.2|1.0|0.36|0.0|0|2.3491595234727742|4.698319046945541|7.047478570418316|9.39663809389109
934.4|1.0|0.36|0.0|0|2.8880716371786574|5.776143274357307|8.664214911535964|11.552286548714621
934.6|1.0|0.36|0.0|0|2.725911522667159|5.451823045334311|8.177734568001469|10.903646090668628
934.8|1.0|0.36|0.0|0|2.6839300705259688|5.36786014105193|8.051790211577899|10.735720282103868
935.0|1.0|0.36|0.0|0|2.726812411974536|5.453624823949064|8.1804372359236|10.907249647898135
935.2|1.0|0.36|0.0|0|2.098712235825953|4.1974244716519005|6.296136707477854|8.394848943303806
935.4|1.0|0.36|0.0|0|2.7325781049660898|5.4651562099321715|8.19773431489826|10.930312419864352
935.6|1.0|0.36|0.0|0|2.145558491310223|4.29111698262044|6.436675473930663|8.582233965240887
935.8|1.0|0.36|0.0|0|2.408077698162526|4.816155396325046|7.2242330944875714|9.632310792650099
936.0|1.0|0.36|0.0|0|2.2379897562856805|4.475979512571355|6.713969268857036|8.951959025142717
936.2|1.0|0.36|0.0|0|2.234025842162666|4.468051684325326|6.702077526487992|8.936103368650658
936.4|1.0|0.36|0.0|0|2.6349216807662765|5.269843361532546|7.9047650422988225|10.539686723065099
936.6|1.0|0.36|0.0|0|2.824288659051529|5.64857731810305|8.472865977154578|11.297154636206107
936.8|1.0|0.36|0.0|0|2.8460901848186064|5.692180369637205|8.538270554455812|11.384360739274419
937.0|1.0|0.36|0.0|0|2.9630256450246115|5.926051290049215|8.889076935073826|11.852102580098437
937.2|1.0|0.36|0.0|0|2.739424865702752|5.478849731405496|8.218274597108248|10.957699462810998
937.4|1.0|0.36|0.0|0|2.572940481405824|5.145880962811641|7.718821444217465|10.29176192562329
937.6|1.0|0.36|0.0|0|2.826630971565612|5.653261943131217|8.47989291469683|11.306523886262442
937.8|1.0|0.36|0.0|0|2.3601503757137126|4.720300751427419|7.0804511271411315|9.440601502854845
938.0|1.0|0.36|0.0|0|2.5527605557360245|5.105521111472042|7.658281667208066|10.21104222294409
938.2|1.0|0.36|0.0|0|3.2909494325978477|6.5818988651956865|9.872848297793535|13.163797730391382
938.4|1.0|0.36|0.0|0|2.947169989456891|5.894339978913774|8.841509968370664|11.788679957827556
938.6|1.0|0.36|0.0|0|2.749514827958194|5.499029655916381|8.248544483874575|10.998059311832769
938.8|1.0|0.36|0.0|0|2.2718632027320584|4.543726405464111|6.815589608196169|9.087452810928227
939.0|1.0|0.36|0.0|0|1.955650979686763|3.9113019593735205|5.866952939060283|7.822603918747046
939.2|1.0|0.36|0.0|0|2.2498814979806796|4.499762995961353|6.749644493942032|8.999525991922711
939.4|1.0|0.36|0.0|0|2.145738668704873|4.29147733740974|6.437216006114613|8.582954674819486
939.6|1.0|0.36|0.0|0|2.5754629722877893|5.1509259445755715|7.726388916863361|10.30185188915115
939.8|1.0|0.36|0.0|0|2.582670088250891|5.165340176501775|7.748010264752665|10.330680353003556
940.0|1.0|0.36|0.0|0|2.8419460931589153|5.683892186317823|8.525838279476739|11.367784372635654
940.2|1.0|0.36|0.0|0|2.461050002455015|4.922100004910023|7.383150007365038|9.844200009820053
940.4|1.0|0.36|0.0|0|2.583030443809114|5.166060887618221|7.749091331427334|10.332121775236448
940.6|1.0|0.36|0.0|0|2.1556484540755645|4.311296908151124|6.466945362226688|8.622593816302253
940.8|1.0|0.36|0.0|0|2.8435676945623736|5.687135389124739|8.530703083687113|11.374270778249485
941.0|1.0|0.36|0.0|0|1.9506059979123547|3.901211995824704|5.8518179937370585|7.802423991649413
941.2|1.0|0.36|0.0|0|2.653660182550086|5.307320365100165|7.9609805476502515|10.614640730200337
941.4|1.0|0.36|0.0|0|2.536544544816718|5.073089089633429|7.609633634450146|10.146178179266865
941.6|1.0|0.36|0.0|0|2.6974434136576044|5.394886827315201|8.092330240972805|10.78977365463041
941.8|1.0|0.36|0.0|0|2.6316784789168763|5.263356957833746|7.895035436750622|10.526713915667498
942.0|1.0|0.36|0.0|0|2.5071755460673035|5.0143510921346|7.5215266382019035|10.028702184269207
942.2|1.0|0.36|0.0|0|2.5032116323534885|5.006423264706971|7.509634897060459|10.012846529413947
942.4|1.0|0.36|0.0|0|2.5484362866246397|5.096872573249272|7.645308859873912|10.193745146498552
942.6|1.0|0.36|0.0|0|2.572039591886571|5.144079183773135|7.716118775659706|10.288158367546277
942.8|1.0|0.36|0.0|0|2.62483171831351|5.249663436627013|7.874495154940523|10.499326873254033
943.0|1.0|0.36|0.0|0|3.0830241304141266|6.166048260828244|9.24907239124237|12.332096521656498
943.2|1.0|0.36|0.0|0|3.0150970602891203|6.030194120578232|9.045291180867352|12.060388241156472
943.4|1.0|0.36|0.0|0|2.9116749424976325|5.823349884995256|8.73502482749289|11.646699769990521
943.6|1.0|0.36|0.0|0|2.6333000790450045|5.266600158090002|7.899900237135006|10.533200316180011
943.8|1.0|0.36|0.0|0|2.7839288080425493|5.5678576160850906|8.35178642412764|11.135715232170188
944.0|1.0|0.36|0.0|0|2.6655519238556757|5.331103847711344|7.996655771567021|10.662207695422696
944.2|1.0|0.36|0.0|0|2.4754642350680682|4.950928470136129|7.426392705204198|9.901856940272266
944.4|1.0|0.36|0.0|0|2.2686199998675165|4.537239999735027|6.805859999602544|9.07447999947006
944.6|1.0|0.36|0.0|0|2.6718581512343396|5.343716302468672|8.01557445370301|10.687432604937351
944.8|1.0|0.36|0.0|0|2.6864525610354053|5.3729051220708035|8.059357683106208|10.745810244141614
945.0|1.0|0.36|0.0|0|3.526441953626348|7.052883907252686|10.579325860879035|14.105767814505382
945.2|1.0|0.36|0.0|0|2.7523976747610166|5.504795349522025|8.257193024283042|11.009590699044058
945.4|1.0|0.36|0.0|0|2.5963636091363176|5.192727218272627|7.789090827408945|10.385454436545261
945.6|1.0|0.36|0.0|0|2.534022053955125|5.068044107910243|7.602066161865368|10.136088215820493
945.8|1.0|0.36|0.0|0|2.036190502634856|4.0723810052697065|6.108571507904562|8.144762010539418
946.0|1.0|0.36|0.0|0|2.68122740239138|5.362454804782753|8.043682207174133|10.724909609565513
946.2|1.0|0.36|0.0|0|2.4197892620833614|4.839578524166716|7.259367786250077|9.679157048333439
946.4|1.0|0.36|0.0|0|2.5970843206706946|5.194168641341382|7.791252962012076|10.388337282682771
946.6|1.0|0.36|0.0|0|2.2223142785334513|4.444628557066896|6.666942835600348|8.8892571141338
946.8|1.0|0.36|0.0|0|2.793298058502262|5.586596117004516|8.379894175506779|11.173192234009042
947.0|1.0|0.36|0.0|0|2.408798410250458|4.81759682050091|7.226395230751368|9.635193641001827
947.2|1.0|0.36|0.0|0|2.1170903821411793|4.234180764282353|6.3512711464235325|8.468361528564712
947.4|1.0|0.36|0.0|0|2.6788850896328245|5.357770179265642|8.036655268898466|10.71554035853129
947.6|1.0|0.36|0.0|0|2.7949196599703305|5.589839319940654|8.384758979910984|11.179678639881315
947.8|1.0|0.36|0.0|0|2.8596035278850493|5.719207055770091|8.578810583655141|11.438414111540189
948.0|1.0|0.36|0.0|0|2.8059105124679653|5.611821024935923|8.417731537403888|11.223642049871852
948.2|1.0|0.36|0.0|0|2.545012905633196|5.0900258112663845|7.63503871689958|10.180051622532776
948.4|1.0|0.36|0.0|0|2.046460643377506|4.092921286755007|6.1393819301325125|8.185842573510019
948.6|1.0|0.36|0.0|0|3.0123943914176223|6.024788782835237|9.037183174252858|12.049577565670482
948.8|1.0|0.36|0.0|0|3.0538353096117525|6.107670619223496|9.161505928835249|12.215341238447001
949.0|1.0|0.36|0.0|0|3.225364674568412|6.450729349136815|9.676094023705227|12.90145869827364
949.2|1.0|0.36|0.0|0|3.143924262169169|6.2878485243383295|9.4317727865075|12.575697048676668
949.4|1.0|0.36|0.0|0|2.8529369456553857|5.705873891310763|8.558810836966149|11.411747782621536
949.6|1.0|0.36|0.0|0|2.63420096878079|5.268401937561572|7.902602906342363|10.536803875123153
949.8|1.0|0.36|0.0|0|2.1120454010693375|4.22409080213867|6.336136203208007|8.448181604277345
950.0|1.0|0.36|0.0|0|2.4660949834244117|4.932189966848816|7.3982849502732275|9.86437993369764
950.2|1.0|0.36|0.0|0|2.9941964227723683|5.988392845544729|8.982589268317097|11.976785691089464
950.4|1.0|0.36|0.0|0|2.4161857043311485|4.832371408662291|7.248557112993439|9.664742817324589
950.6|1.0|0.36|0.0|0|3.3916688809753426|6.783337761950675|10.175006642926018|13.566675523901361
950.8|1.0|0.36|0.0|0|3.17401397176029|6.348027943520571|9.52204191528086|12.696055887041151
951.0|1.0|0.36|0.0|0|2.477806547789371|4.955613095578735|7.433419643368106|9.911226191157477
951.2|1.0|0.36|0.0|0|2.6466332441841973|5.2932664883683875|7.939899732552585|10.586532976736782
951.4|1.0|0.36|0.0|0|2.7871720100601696|5.574344020120331|8.3615160301805|11.14868804024067
951.6|1.0|0.36|0.0|0|3.1797796648205288|6.359559329641049|9.539338994461577|12.719118659282106
951.8|1.0|0.36|0.0|0|2.673840108046427|5.347680216092846|8.021520324139274|10.6953604321857
952.0|1.0|0.36|0.0|0|2.355105394400891|4.710210788801776|7.0653161832026665|9.420421577603559
952.2|1.0|0.36|0.0|0|3.015097059943949|6.030194119887889|9.045291179831837|12.060388239775786
952.4|1.0|0.36|0.0|0|2.3812311904045074|4.7624623808090085|7.143693571213516|9.524924761618024
952.6|1.0|0.36|0.0|0|2.6257326072599994|5.251465214519992|7.877197821779991|10.50293042903999
952.8|1.0|0.36|0.0|0|2.8687926009646643|5.7375852019293205|8.606377802893984|11.475170403858648
953.0|1.0|0.36|0.0|0|3.1008617429411998|6.201723485882391|9.30258522882359|12.40344697176479
953.2|1.0|0.36|0.0|0|2.4702390754345127|4.940478150869018|7.4107172263035315|9.880956301738044
953.4|1.0|0.36|0.0|0|2.935098069919625|5.870196139839242|8.805294209758868|11.740392279678492
953.6|1.0|0.36|0.0|0|2.423212642800065|4.846425285600123|7.269637928400188|9.692850571200253
953.8|1.0|0.36|0.0|0|2.845189295280145|5.690378590560282|8.535567885840427|11.380757181120574
954.0|1.0|0.36|0.0|0|2.518346576510232|5.036693153020457|7.55503972953069|10.073386306040922
954.2|1.0|0.36|0.0|0|2.4624914253869816|4.924982850773956|7.387474276160938|9.84996570154792
954.4|1.0|0.36|0.0|0|2.325556218327258|4.651112436654509|6.976668654981768|9.302224873309026
954.6|1.0|0.36|0.0|0|2.9075308508722837|5.815061701744559|8.722592552616844|11.630123403489126
954.8|1.0|0.36|0.0|0|2.8511351664888234|5.702270332977639|8.553405499466463|11.404540665955285
955.0|1.0|0.36|0.0|0|3.205184749192561|6.410369498385113|9.615554247577675|12.820738996770235
955.2|1.0|0.36|0.0|0|2.5981653879181272|5.196330775836247|7.794496163754374|10.392661551672502
955.4|1.0|0.36|0.0|0|2.786271120603781|5.572542241207554|8.358813361811334|11.145084482415117
955.6|1.0|0.36|0.0|0|3.415452364309461|6.830904728618913|10.246357092928374|13.661809457237835
955.8|1.0|0.36|0.0|0|2.862126018690181|5.724252037380354|8.586378056070535|11.448504074760715
956.0|1.0|0.36|0.0|0|3.1657257886382313|6.331451577276454|9.497177365914686|12.662903154552916
956.2|1.0|0.36|0.0|0|2.7579831898794533|5.515966379758899|8.273949569638352|11.031932759517806
956.4|1.0|0.36|0.0|0|3.589504220792445|7.179008441584879|10.768512662377324|14.35801688316977
956.6|1.0|0.36|0.0|0|3.12104166790203|6.242083335804051|9.363125003706081|12.484166671608111
956.8|1.0|0.36|0.0|0|2.724109743420852|5.448219486841697|8.172329230262548|10.8964389736834
957.0|1.0|0.36|0.0|0|2.670416728238927|5.340833456477847|8.011250184716772|10.6816669129557
957.2|1.0|0.36|0.0|0|2.76969475355407|5.539389507108132|8.309084260662203|11.078779014216272
957.4|1.0|0.36|0.0|0|2.4763651241827778|4.952730248365548|7.429095372548327|9.905460496731104
957.6|1.0|0.36|0.0|0|3.5118475437979244|7.023695087595839|10.535542631393763|14.047390175191689
957.8|1.0|0.36|0.0|0|3.010052078880256|6.020104157760503|9.03015623664076|12.040208315521015
958.0|1.0|0.36|0.0|0|2.7819468512077608|5.5638937024155135|8.345840553623274|11.127787404831036
958.2|1.0|0.36|0.0|0|2.538526501631716|5.0770530032634245|7.61557950489514|10.154106006526856
958.4|1.0|0.36|0.0|0|2.977259699547433|5.954519399094858|8.931779098642291|11.909038798189725
958.6|1.0|0.36|0.0|0|2.8082528252765795|5.616505650553151|8.42475847582973|11.233011301106309
958.8|1.0|0.36|0.0|0|3.1514917339151753|6.302983467830342|9.454475201745517|12.605966935660692
959.0|1.0|0.36|0.0|0|2.8882518149941485|5.776503629988289|8.664755444982438|11.553007259976587
959.2|1.0|0.36|0.0|0|3.0547361985722117|6.109472397144415|9.164208595716627|12.21894479428884
959.4|1.0|0.36|0.0|0|2.772937955766104|5.5458759115322|8.318813867298303|11.091751823064408
959.6|1.0|0.36|0.0|0|2.459248223413017|4.918496446826027|7.377744670239044|9.836992893652061
959.8|1.0|0.36|0.0|0|3.1448251512885355|6.289650302577062|9.434475453865598|12.579300605154133
960.0|1.0|0.36|0.0|0|3.0284302248689374|6.056860449737866|9.085290674606803|12.11372089947574
960.2|1.0|0.36|0.0|0|2.5560037586017303|5.112007517203454|7.668011275805183|10.224015034406914
960.4|1.0|0.36|0.0|0|3.2666254152922223|6.533250830584436|9.799876245876657|13.06650166116888
960.6|1.0|0.36|0.0|0|2.354204504795491|4.708409009590976|7.062613514386467|9.416818019181957
960.8|1.0|0.36|0.0|0|2.337447960025749|4.674895920051492|7.012343880077242|9.349791840102991
961.0|1.0|0.36|0.0|0|2.6316784782044147|5.263356956408822|7.895035434613237|10.526713912817652
961.2|1.0|0.36|0.0|0|2.661948366070285|5.323896732140563|7.985845098210848|10.647793464281133
961.4|1.0|0.36|0.0|0|2.9268098871881403|5.853619774376272|8.780429661564412|11.707239548752552
961.6|1.0|0.36|0.0|0|2.7678929737559543|5.535785947511902|8.303678921267856|11.07157189502381
961.8|1.0|0.36|0.0|0|2.5491569984081455|5.098313996816284|7.64747099522443|10.196627993632575
962.0|1.0|0.36|0.0|0|2.3945643557060996|4.789128711412193|7.183693067118292|9.578257422824391
962.2|1.0|0.36|0.0|0|3.0592406465212143|6.11848129304242|9.177721939563634|12.236962586084848
962.4|1.0|0.36|0.0|0|2.888251814446997|5.776503628893986|8.664755443340981|11.553007257787979
962.6|1.0|0.36|0.0|0|3.0889700008393293|6.17794000167865|9.26691000251798|12.355880003357308
962.8|1.0|0.36|0.0|0|2.9621247557940684|5.924249511588129|8.886374267382198|11.848499023176267
963.0|1.0|0.36|0.0|0|3.0219438202597693|6.0438876405195305|9.0658314607793|12.087775281039068
963.2|1.0|0.36|0.0|0|3.133654121351431|6.267308242702853|9.400962364054285|12.534616485405715
963.4|1.0|0.36|0.0|0|2.3970868463697865|4.794173692739566|7.1912605391093525|9.588347385479139
963.6|1.0|0.36|0.0|0|2.5772647509275726|5.154529501855138|7.73179425278271|10.309059003710283
963.8|1.0|0.36|0.0|0|2.6450116440863374|5.290023288172667|7.935034932259004|10.58004657634534
964.0|1.0|0.36|0.0|0|2.574562082742925|5.149124165485843|7.723686248228769|10.298248330971694
964.2|1.0|0.36|0.0|0|2.9568995967955587|5.913799193591109|8.870698790386667|11.827598387182228
964.4|1.0|0.36|0.0|0|2.8662701104604666|5.732540220920925|8.598810331381392|11.465080441841858
964.6|1.0|0.36|0.0|0|2.6668131699715762|5.333626339943145|8.000439509914722|10.667252679886298
964.8|1.0|0.36|0.0|0|3.4181550332368382|6.836310066473667|10.254465099710504|13.672620132947344
965.0|1.0|0.36|0.0|0|2.1760085569089296|4.352017113817854|6.528025670726783|8.704034227635713
965.2|1.0|0.36|0.0|0|2.4626716032769784|4.925343206553951|7.388014809830929|9.850686413107907
965.4|1.0|0.36|0.0|0|2.6754617091559365|5.350923418311865|8.026385127467801|10.701846836623737
965.6|1.0|0.36|0.0|0|2.8520360556663973|5.704072111332787|8.556108166999183|11.40814422266558
965.8|1.0|0.36|0.0|0|3.2361753493803582|6.472350698760708|9.708526048141065|12.944701397521424
966.0|1.0|0.36|0.0|0|2.746271625727534|5.49254325145506|8.238814877182595|10.985086502910129
966.2|1.0|0.36|0.0|0|2.6206876263103935|5.24137525262078|7.862062878931174|10.482750505241567
966.4|1.0|0.36|0.0|0|2.4787074375752147|4.957414875150423|7.4361223127256375|9.914829750300852
966.6|1.0|0.36|0.0|0|3.1370775015099235|6.274155003019838|9.411232504529762|12.548310006039685
966.8|1.0|0.36|0.0|0|3.1008617428771714|6.201723485754334|9.302585228631505|12.403446971508677
967.0|1.0|0.36|0.0|0|2.972935430599612|5.945870861199216|8.918806291798829|11.89174172239844
967.2|1.0|0.36|0.0|0|3.017439372813099|6.034878745626189|9.052318118439288|12.069757491252387
967.4|1.0|0.36|0.0|0|3.1783382417773858|6.356676483554763|9.535014725332148|12.713352967109534
967.6|1.0|0.36|0.0|0|2.396185956489064|4.792371912978122|7.188557869467186|9.584743825956249
967.8|1.0|0.36|0.0|0|2.699065014718219|5.398130029436431|8.09719504415465|10.79626005887287
968.0|1.0|0.36|0.0|0|3.001583717354809|6.003167434709609|9.004751152064419|12.006334869419227
968.2|1.0|0.36|0.0|0|2.909152451953271|5.818304903906534|8.727457355859805|11.636609807813077
968.4|1.0|0.36|0.0|0|3.146266574663462|6.292533149326916|9.438799723990378|12.585066298653839
968.6|1.0|0.36|0.0|0|3.2262655646709057|6.452531129341802|9.678796694012707|12.905062258683612
968.8|1.0|0.36|0.0|0|2.9235666840965884|5.847133368193169|8.770700052289758|11.694266736386346
969.0|1.0|0.36|0.0|0|2.670236550229604|5.3404731004592|8.010709650688804|10.680946200918408
969.2|1.0|0.36|0.0|0|2.7855504093633523|5.571100818726697|8.35665122809005|11.142201637453402
969.4|1.0|0.36|0.0|0|2.922485616796187|5.844971233592366|8.767456850388553|11.68994246718474
969.6|1.0|0.36|0.0|0|2.9949171344342203|5.9898342688684325|8.984751403302653|11.979668537736872
969.8|1.0|0.36|0.0|0|2.711497289841066|5.422994579682124|8.13449186952319|10.845989159364255
970.0|1.0|0.36|0.0|0|2.851855877739729|5.70371175547945|8.55556763321918|11.407423510958909
970.2|1.0|0.36|0.0|0|2.811676205628903|5.623352411257799|8.435028616886703|11.246704822515605
970.4|1.0|0.36|0.0|0|2.9889712637197254|5.977942527439442|8.966913791159168|11.955885054878893
970.6|1.0|0.36|0.0|0|2.353483793544585|4.706967587089164|7.060451380633749|9.413935174178334
970.8|1.0|0.36|0.0|0|2.8529369460011393|5.705873892002271|8.55881083800341|11.411747784004548
971.0|1.0|0.36|0.0|0|2.8176220759179|5.635244151835793|8.452866227753693|11.270488303671593
971.2|1.0|0.36|0.0|0|2.658705163779671|5.317410327559334|7.976115491339005|10.634820655118675
971.4|1.0|0.36|0.0|0|2.9621247561404043|5.9242495122808005|8.886374268421205|11.848499024561608
971.6|1.0|0.36|0.0|0|2.292763839627735|4.5855276792554625|6.878291518883198|9.171055358510932
971.8|1.0|0.36|0.0|0|2.583030443498285|5.166060886996563|7.749091330494847|10.332121773993133
972.0|1.0|0.36|0.0|0|2.476905658214239|4.953811316428471|7.43071697464271|9.907622632856949
972.2|1.0|0.36|0.0|0|2.645191821178307|5.290383642356607|7.9355754635349145|10.580767284713222
972.4|1.0|0.36|0.0|0|2.2785297849134096|4.557059569826813|6.835589354740223|9.114119139653633
972.6|1.0|0.36|0.0|0|2.867891711745763|5.735783423491518|8.603675135237282|11.471566846983043
972.8|1.0|0.36|0.0|0|3.1159966868761724|6.231993373752336|9.347990060628508|12.46398674750468
973.0|1.0|0.36|0.0|0|3.063925271928313|6.127850543856618|9.191775815784931|12.255701087713245
973.2|1.0|0.36|0.0|0|2.5684360332600793|5.1368720665201515|7.705308099780232|10.27374413304031
973.4|1.0|0.36|0.0|0|3.0017638951039434|6.003527790207879|9.005291685311821|12.007055580415765
973.6|1.0|0.36|0.0|0|2.6569033846870322|5.3138067693740565|7.970710154061089|10.627613538748122
973.8|1.0|0.36|0.0|0|3.048610150106836|6.097220300213664|9.1458304503205|12.194440600427336
974.0|1.0|0.36|0.0|0|3.1269875389314286|6.253975077862848|9.380962616794276|12.507950155725705
974.2|1.0|0.36|0.0|0|2.4340233167324934|4.868046633464981|7.302069950197474|9.736093266929968
974.4|1.0|0.36|0.0|0|3.275454132267626|6.550908264535243|9.82636239680287|13.101816529070495
974.6|1.0|0.36|0.0|0|3.6381522548443206|7.2763045096886305|10.914456764532952|14.552609019377272
974.8|1.0|0.36|0.0|0|3.4817578332754815|6.963515666550953|10.445273499826435|13.927031333101915
975.0|1.0|0.36|0.0|0|2.7637488825887|5.527497765177392|8.291246647766092|11.054995530354793
975.2|1.0|0.36|0.0|0|3.1109517054347116|6.221903410869414|9.332855116304126|12.443806821738837
975.4|1.0|0.36|0.0|0|2.5477155747503297|5.095431149500652|7.6431467242509825|10.190862299001312
975.6|1.0|0.36|0.0|0|2.4583473343763056|4.916694668752604|7.37504200312891|9.833389337505215
975.8|1.0|0.36|0.0|0|2.8662701107253112|5.7325402214506145|8.598810332175926|11.465080442901238
976.0|1.0|0.36|0.0|0|2.8140185181493895|5.628037036298771|8.44205555444816|11.256074072597551
976.2|1.0|0.36|0.0|0|2.8502342765813253|5.700468553162643|8.550702829743969|11.400937106325292
976.4|1.0|0.36|0.0|0|2.73924468727608|5.478489374552153|8.217734061828232|10.956978749104312
976.6|1.0|0.36|0.0|0|2.9396025177091385|5.879205035418269|8.818807553127408|11.758410070836547
976.8|1.0|0.36|0.0|0|2.682128291742995|5.364256583485982|8.046384875228977|10.728513166971972
977.0|1.0|0.36|0.0|0|2.7738388457481076|5.547677691496207|8.321516537244316|11.095355382992423
977.2|1.0|0.36|0.0|0|2.6516782261454526|5.303356452290897|7.95503467843635|10.606712904581801
977.4|1.0|0.36|0.0|0|2.9277107758598895|5.855421551719771|8.78313232757966|11.710843103439549
977.6|1.0|0.36|0.0|0|2.7889737894921587|5.57794757898431|8.366921368476469|11.155895157968628
977.8|1.0|0.36|0.0|0|2.306277182006745|4.612554364013484|6.918831546020228|9.225108728026973
978.0|1.0|0.36|0.0|0|2.786271120787135|5.572542241574262|8.358813362361397|11.145084483148532
978.2|1.0|0.36|0.0|0|2.8224868796049876|5.644973759209967|8.467460638814956|11.289947518419941
978.4|1.0|0.36|0.0|0|3.090771779766658|6.181543559533308|9.272315339299967|12.363087119066625
978.6|1.0|0.36|0.0|0|3.0664477625687168|6.1328955251374255|9.199343287706142|12.265791050274858
978.8|1.0|0.36|0.0|0|3.1286091395834257|6.2572182791668425|9.385827418750267|12.514436558333694
979.0|1.0|0.36|0.0|0|2.5704179907456295|5.140835981491252|7.711253972236881|10.28167196298251
979.2|1.0|0.36|0.0|0|3.0563577997987186|6.112715599597428|9.169073399396147|12.225431199194865
979.4|1.0|0.36|0.0|0|2.799063752043878|5.598127504087749|8.397191256131627|11.196255008175505
979.6|1.0|0.36|0.0|0|3.0605018921033507|6.121003784206692|9.181505676310044|12.242007568413394
979.8|1.0|0.36|0.0|0|2.9376205606944885|5.875241121388969|8.812861682083458|11.750482242777945
980.0|1.0|0.36|0.0|0|2.623029938624825|5.2460598772496425|7.869089815874467|10.492119754499292
980.2|1.0|0.36|0.0|0|2.986448773022278|5.972897546044548|8.959346319066826|11.945795092089105
980.4|1.0|0.36|0.0|0|2.446635769943243|4.89327153988648|7.339907309829723|9.786543079772967
980.6|1.0|0.36|0.0|0|2.8068114016664936|5.61362280333298|8.420434204999474|11.227245606665967
980.8|1.0|0.36|0.0|0|2.94626909984567|5.892538199691332|8.838807299537002|11.785076399382671
981.0|1.0|0.36|0.0|0|2.981583969410279|5.963167938820549|8.944751908230828|11.926335877641106
981.2|1.0|0.36|0.0|0|2.8080726472911217|5.616145294582235|8.424217941873357|11.23229058916448
981.4|1.0|0.36|0.0|0|3.38680407780805|6.77360815561609|10.16041223342414|13.547216311232189
981.6|1.0|0.36|0.0|0|2.626633496703|5.253266993405993|7.8799004901089935|10.506533986811993
981.8|1.0|0.36|0.0|0|3.133834299511512|6.267668599023015|9.401502898534527|12.535337198046038
982.0|1.0|0.36|0.0|0|3.2322114351711964|6.464422870342384|9.69663430551358|12.928845740684777
982.2|1.0|0.36|0.0|0|3.169149168648876|6.3382983372977435|9.50744750594662|12.676596674595496
982.4|1.0|0.36|0.0|0|2.3432136526703857|4.686427305340764|7.02964095801115|9.372854610681536
982.6|1.0|0.36|0.0|0|2.5669946110365003|5.1339892220729935|7.700983833109494|10.267978444145994
982.8|1.0|0.36|0.0|0|2.6999659040366555|5.399931808073304|8.099897712109959|10.799863616146615
983.0|1.0|0.36|0.0|0|2.3727628292242318|4.745525658448457|7.1182884876726895|9.491051316896922
983.2|1.0|0.36|0.0|0|2.2817729869578054|4.563545973915605|6.84531896087341|9.127091947831214
983.4|1.0|0.36|0.0|0|2.088442095564098|4.17688419112819|6.2653262866922885|8.353768382256387
983.6|1.0|0.36|0.0|0|2.8763600732915826|5.752720146583157|8.62908021987474|11.505440293166323
983.8|1.0|0.36|0.0|0|2.611678730879796|5.223357461759585|7.8350361926393814|10.446714923519178
984.0|1.0|0.36|0.0|0|2.9496924808033533|5.899384961606699|8.849077442410053|11.798769923213406
984.2|1.0|0.36|0.0|0|2.5702378128422447|5.140475625684482|7.710713438526727|10.280951251368972
984.4|1.0|0.36|0.0|0|2.846090185157957|5.692180370315906|8.538270555473863|11.384360740631822
984.6|1.0|0.36|0.0|0|2.574562082841878|5.149124165683749|7.7236862485256275|10.298248331367505
984.8|1.0|0.36|0.0|0|2.5700576352019584|5.14011527040391|7.7101729056058685|10.280230540807827
985.0|1.0|0.36|0.0|0|2.1794319372746416|4.358863874549277|6.538295811823918|8.71772774909856
985.2|1.0|0.36|0.0|0|2.563751408062528|5.127502816125049|7.691254224187578|10.255005632250105
985.4|1.0|0.36|0.0|0|2.535283299010482|5.0705665980209575|7.605849897031439|10.14113319604192
985.6|1.0|0.36|0.0|0|2.604831970909729|5.209663941819451|7.81449591272918|10.419327883638909
985.8|1.0|0.36|0.0|0|2.684830960520196|5.369661921040385|8.05449288156058|10.739323842080777
986.0|1.0|0.36|0.0|0|2.399429159074209|4.798858318148412|7.19828747722262|9.597716636296829
986.2|1.0|0.36|0.0|0|2.5055539449822413|5.011107889964475|7.516661834946717|10.022215779928958
986.4|1.0|0.36|0.0|0|2.720866541525468|5.441733083050928|8.162599624576396|10.883466166101863
986.6|1.0|0.36|0.0|0|2.7178035169263626|5.435607033852718|8.15341055077908|10.871214067705443
986.8|1.0|0.36|0.0|0|2.6333000794629355|5.266600158925864|7.8999002383888|10.533200317851735
987.0|1.0|0.36|0.0|0|2.3615917983814163|4.723183596762826|7.084775395144242|9.446367193525658
987.2|1.0|0.36|0.0|0|2.6704167280375284|5.340833456075049|8.011250184112578|10.681666912150106
987.4|1.0|0.36|0.0|0|3.0041062082012675|6.008212416402527|9.012318624603795|12.016424832805063
987.6|1.0|0.36|0.0|0|3.2069865285838053|6.413973057167602|9.620959585751406|12.827946114335212
987.8|1.0|0.36|0.0|0|2.8882518143608493|5.776503628721691|8.664755443082539|11.55300725744339
988.0|1.0|0.36|0.0|0|3.1242848702246584|6.248569740449308|9.372854610673967|12.497139480898625
988.2|1.0|0.36|0.0|0|2.6653717462305235|5.33074349246104|7.996115238691563|10.661486984922087
988.4|1.0|0.36|0.0|0|2.9159992120333507|5.831998424066693|8.747997636100044|11.663996848133396
988.6|1.0|0.36|0.0|0|3.0134754587605155|6.026950917521023|9.04042637628154|12.053901835042055
988.8|1.0|0.36|0.0|0|2.7745595571136827|5.5491191142273575|8.32367867134104|11.098238228454722
989.0|1.0|0.36|0.0|0|2.7181638728169517|5.436327745633895|8.154491618450848|10.872655491267798
989.2|1.0|0.36|0.0|0|2.887170747244384|5.77434149448876|8.661512241733144|11.548682988977527
989.4|1.0|0.36|0.0|0|2.429879225479092|4.859758450958177|7.289637676437269|9.71951690191636
989.6|1.0|0.36|0.0|0|2.645191821467017|5.290383642934027|7.935575464401045|10.580767285868061
989.8|1.0|0.36|0.0|0|2.8251895485923186|5.650379097184629|8.475568645776947|11.300758194369266
990.0|1.0|0.36|0.0|0|2.641768441214811|5.283536882429614|7.925305323644425|10.567073764859234
990.2|1.0|0.36|0.0|0|2.751857141350049|5.50371428270009|8.25557142405014|11.00742856540019
990.4|1.0|0.36|0.0|0|3.045366948302838|6.090733896605667|9.136100844908505|12.181467793211343
990.6|1.0|0.36|0.0|0|2.587174535969391|5.174349071938774|7.761523607908166|10.348698143877556
990.8|1.0|0.36|0.0|0|3.361759348619965|6.723518697239921|10.085278045859885|13.447037394479851
991.0|1.0|0.36|0.0|0|2.6392459506483306|5.278491901296654|7.917737851944985|10.556983802593315
991.2|1.0|0.36|0.0|0|2.926809886402337|5.853619772804665|8.780429659207002|11.707239545609339
991.4|1.0|0.36|0.0|0|2.7385239761340223|5.477047952268037|8.21557192840206|10.954095904536082
991.6|1.0|0.36|0.0|0|2.6754617095144955|5.350923419028984|8.02638512854348|10.701846838057975
991.8|1.0|0.36|0.0|0|2.8754591838119112|5.7509183676238145|8.626377551435725|11.501836735247636
992.0|1.0|0.36|0.0|0|2.4196090841433056|4.839218168286604|7.25882725242991|9.678436336573215
992.2|1.0|0.36|0.0|0|2.5970843210472982|5.194168642094589|7.791252963141887|10.388337284189186
992.4|1.0|0.36|0.0|0|2.394384177335889|4.788768354671772|7.183152532007662|9.577536709343551
992.6|1.0|0.36|0.0|0|2.703209106071156|5.406418212142305|8.10962731821346|10.812836424284617
992.8|1.0|0.36|0.0|0|2.5466345074656442|5.093269014931281|7.639903522396925|10.18653802986257
993.0|1.0|0.36|0.0|0|2.715100848192817|5.430201696385627|8.145302544578444|10.86040339277126
993.2|1.0|0.36|0.0|0|2.4803290382912406|4.960658076582474|7.440987114873715|9.921316153164955
993.4|1.0|0.36|0.0|0|2.5569046475231905|5.113809295046374|7.670713942569564|10.227618590092755
993.6|1.0|0.36|0.0|0|2.862846730193708|5.725693460387408|8.588540190581115|11.451386920774823
993.8|1.0|0.36|0.0|0|3.409326315833026|6.818652631666042|10.227978947499068|13.637305263332093
994.0|1.0|0.36|0.0|0|2.5417697037151106|5.083539407430214|7.625309111145325|10.167078814860435
994.2|1.0|0.36|0.0|0|2.3131239425076657|4.626247885015325|6.939371827522991|9.252495770030658
994.4|1.0|0.36|0.0|0|2.2498814974119905|4.499762994823975|6.749644492235966|8.999525989647957
994.6|1.0|0.36|0.0|0|2.912575832107107|5.825151664214205|8.737727496321313|11.65030332842842
994.8|1.0|0.36|0.0|0|2.3432136524835387|4.686427304967071|7.02964095745061|9.37285460993415
995.0|1.0|0.36|0.0|0|2.703929818378531|5.407859636757054|8.111789455135586|10.815719273514116
995.2|1.0|0.36|0.0|0|2.487896510192079|4.975793020384151|7.46368953057623|9.951586040768309
995.4|1.0|0.36|0.0|0|2.4565455545717874|4.913091109143568|7.3696366637153545|9.826182218287142
995.6|1.0|0.36|0.0|0|2.1120454007812097|4.224090801562413|6.3361362023436225|8.448181603124832
995.8|1.0|0.36|0.0|0|2.025379828772859|4.050759657545711|6.076139486318571|8.101519315091428
996.0|1.0|0.36|0.0|0|2.3911409753595967|4.782281950719186|7.173422926078783|9.56456390143838
996.2|1.0|0.36|0.0|0|2.202855064711186|4.405710129422366|6.608565194133552|8.81142025884474
996.4|1.0|0.36|0.0|0|2.0075422163773347|4.015084432754664|6.022626649131999|8.030168865509333
996.6|1.0|0.36|0.0|0|2.547715574630422|5.095431149260837|7.643146723891259|10.190862298521681
996.8|1.0|0.36|0.0|0|2.7084342656674587|5.416868531334909|8.125302797002368|10.833737062669828
997.0|1.0|0.36|0.0|0|2.5457336178398715|5.091467235679736|7.637200853519607|10.182934471359479
997.2|1.0|0.36|0.0|0|2.4567257329192964|4.913451465838587|7.370177198757883|9.82690293167718
997.4|1.0|0.36|0.0|0|3.0203222189930994|6.04064443798619|9.06096665697929|12.081288875972389
997.6|1.0|0.36|0.0|0|2.43654580749979|4.873091614999573|7.309637422499363|9.746183229999152
997.8|1.0|0.36|0.0|0|2.4113209005305567|4.822641801061106|7.233962701591663|9.64528360212222
998.0|1.0|0.36|0.0|0|2.4154649925831495|4.830929985166292|7.246394977749442|9.661859970332591
998.2|1.0|0.36|0.0|0|3.0738350574020323|6.147670114804056|9.221505172206088|12.29534022960812
998.4|1.0|0.36|0.0|0|2.9839262826810615|5.967852565362115|8.951778848043176|11.935705130724239
998.6|1.0|0.36|0.0|0|2.2743856930255446|4.548771386051083|6.823157079076627|9.097542772102171
998.8|1.0|0.36|0.0|0|2.243935627019966|4.487871254039926|6.731806881059892|8.975742508079858
999.0|1.0|0.36|0.0|0|2.7392446871567544|5.478489374313501|8.217734061470255|10.956978748627009
999.2|1.0|0.36|0.0|0|2.5367247222771425|5.073449444554278|7.6101741668314205|10.146898889108563
999.4|1.0|0.36|0.0|0|2.5325806306023173|5.0651612612046275|7.597741891806945|10.130322522409262
999.6|1.0|0.36|0.0|0|2.5003287858190038|5.000657571638|7.500986357457005|10.001315143276008
999.8|1.0|0.36|0.0|0|2.7215872528828937|5.44317450576578|8.164761758648673|10.886349011531568
