times(ps)|lambda_restraints|lambda_electrostatics|lambda_sterics|(1.0, 0.6, 0.0)|(1.0, 0.62, 0.0)|(1.0, 0.64, 0.0)|(1.0, 0.66, 0.0)|(1.0, 0.68, 0.0)
0.0|1.0|0.64|0.0|0|1.7556535046227524|3.5113070092455048|5.266960513868257|7.0226140184910095
0.2|1.0|0.64|0.0|0|1.8689854067779395|3.737970813555879|5.606956220333819|7.475941627111758
0.4|1.0|0.64|0.0|0|1.779076632885846|3.558153265771692|5.337229898657538|7.116306531543384
0.6|1.0|0.64|0.0|0|1.387910400896218|2.775820801792436|4.163731202688654|5.551641603584872
0.8|1.0|0.64|0.0|0|1.4789002431399434|2.957800486279887|4.43670072941983|5.915600972559774
1.0|1.0|0.64|0.0|0|1.1904354172339673|2.3808708344679346|3.571306251701902|4.761741668935869
1.2|1.0|0.64|0.0|0|1.4082705042255124|2.8165410084510247|4.224811512676537|5.6330820169020495
1.4|1.0|0.64|0.0|0|0.9425106204993798|1.8850212409987597|2.8275318614981395|3.7700424819975193
1.6|1.0|0.64|0.0|0|1.7102486733067797|3.4204973466135593|5.1307460199203385|6.840994693227119
1.8|1.0|0.64|0.0|0|1.3653881631640263|2.7307763263280527|4.096164489492079|5.461552652656105
2.0|1.0|0.64|0.0|0|1.228272777266103|2.456545554532206|3.684818331798309|4.913091109064412
2.2|1.0|0.64|0.0|0|1.1165624754421888|2.2331249508843776|3.3496874263265664|4.466249901768755
2.4|1.0|0.64|0.0|0|1.058365012204159|2.116730024408318|3.1750950366124773|4.233460048816636
2.6|1.0|0.64|0.0|0|1.8852014177094696|3.770402835418939|5.655604253128409|7.540805670837878
2.8|1.0|0.64|0.0|0|1.203948759684573|2.407897519369146|3.611846279053719|4.815795038738292
3.0|1.0|0.64|0.0|0|1.1954803983506292|2.3909607967012585|3.5864411950518873|4.781921593402517
3.2|1.0|0.64|0.0|0|0.8549441585276516|1.7098883170553032|2.564832475582955|3.4197766341106064
3.4|1.0|0.64|0.0|0|1.1583637497754544|2.316727499550909|3.4750912493263635|4.633454999101818
3.6|1.0|0.64|0.0|0|1.0560227007750664|2.112045401550133|3.1680681023251993|4.224090803100266
3.8|1.0|0.64|0.0|0|1.0264735241315803|2.0529470482631607|3.0794205723947408|4.105894096526321
4.0|1.0|0.64|0.0|0|1.9826776640431507|3.9653553280863014|5.948032992129452|7.930710656172603
4.2|1.0|0.64|0.0|0|1.3803429285250617|2.7606858570501234|4.141028785575185|5.521371714100247
4.4|1.0|0.64|0.0|0|1.4300720308773465|2.860144061754693|4.29021609263204|5.720288123509386
4.6|1.0|0.64|0.0|0|1.6951137290004423|3.3902274580008847|5.085341187001327|6.780454916001769
4.8|1.0|0.64|0.0|0|1.3151185277092747|2.6302370554185495|3.9453555831278244|5.260474110837099
5.0|1.0|0.64|0.0|0|1.399261608841481|2.798523217682962|4.197784826524443|5.597046435365924
5.2|1.0|0.64|0.0|0|1.7421401625132436|3.484280325026487|5.226420487539731|6.968560650052974
5.4|1.0|0.64|0.0|0|1.4124145959544707|2.8248291919089414|4.237243787863412|5.649658383817883
5.6|1.0|0.64|0.0|0|1.3940364497737041|2.7880728995474082|4.182109349321112|5.5761457990948164
5.8|1.0|0.64|0.0|0|1.9414169250318098|3.8828338500636197|5.82425077509543|7.765667700127239
6.0|1.0|0.64|0.0|0|1.9498852858372282|3.8997705716744564|5.849655857511685|7.799541143348913
6.2|1.0|0.64|0.0|0|1.2688128051732213|2.5376256103464425|3.8064384155196636|5.075251220692885
6.4|1.0|0.64|0.0|0|1.6992578212608365|3.398515642521673|5.097773463782509|6.797031285043346
6.6|1.0|0.64|0.0|0|2.0399742389016335|4.079948477803267|6.1199227167049015|8.159896955606534
6.8|1.0|0.64|0.0|0|1.3596224699186872|2.7192449398373744|4.078867409756062|5.438489879674749
7.0|1.0|0.64|0.0|0|1.5488092703523593|3.0976185407047185|4.6464278110570785|6.195237081409437
7.2|1.0|0.64|0.0|0|1.1989037793769977|2.3978075587539953|3.5967113381309934|4.795615117507991
7.4|1.0|0.64|0.0|0|1.194759687309853|2.389519374619706|3.584279061929559|4.779038749239412
7.6|1.0|0.64|0.0|0|1.4630445868190158|2.9260891736380317|4.389133760457048|5.852178347276063
7.8|1.0|0.64|0.0|0|0.878547464473523|1.757094928947046|2.6356423934205693|3.514189857894092
8.0|1.0|0.64|0.0|0|0.8583675380877692|1.7167350761755384|2.5751026142633076|3.433470152351077
8.2|1.0|0.64|0.0|0|1.5958357028081096|3.191671405616219|4.787507108424329|6.383342811232438
8.4|1.0|0.64|0.0|0|1.6235831009794506|3.247166201958901|4.870749302938352|6.494332403917802
8.6|1.0|0.64|0.0|0|1.5706107964570415|3.141221592914083|4.711832389371125|6.282443185828166
8.8|1.0|0.64|0.0|0|1.7473653199087145|3.494730639817429|5.242095959726144|6.989461279634858
9.0|1.0|0.64|0.0|0|1.0214285421540272|2.0428570843080545|3.0642856264620812|4.085714168616109
9.2|1.0|0.64|0.0|0|1.6430423142079977|3.2860846284159955|4.929126942623993|6.572169256831991
9.4|1.0|0.64|0.0|0|1.1812463445059267|2.3624926890118534|3.54373903351778|4.724985378023707
9.6|1.0|0.64|0.0|0|0.8817906664370101|1.7635813328740202|2.6453719993110303|3.5271626657480404
9.8|1.0|0.64|0.0|0|0.8608900292858024|1.7217800585716048|2.582670087857407|3.4435601171432095
10.0|1.0|0.64|0.0|0|1.3066501654853357|2.6133003309706715|3.919950496456007|5.226600661941343
10.2|1.0|0.64|0.0|0|1.840697476220668|3.681394952441336|5.522092428662004|7.362789904882672
10.4|1.0|0.64|0.0|0|1.120706568620518|2.241413137241036|3.362119705861554|4.482826274482072
10.6|1.0|0.64|0.0|0|1.2780018794478394|2.5560037588956788|3.8340056383435184|5.1120075177913575
10.8|1.0|0.64|0.0|0|1.060166792119854|2.120333584239708|3.1805003763595625|4.240667168479416
11.0|1.0|0.64|0.0|0|1.3965589394792928|2.7931178789585855|4.189676818437878|5.586235757917171
11.2|1.0|0.64|0.0|0|1.342685746343342|2.685371492686684|4.0280572390300255|5.370742985373368
11.4|1.0|0.64|0.0|0|1.746284253582127|3.492568507164254|5.238852760746381|6.985137014328508
11.6|1.0|0.64|0.0|0|0.6290010656532837|1.2580021313065675|1.887003196959851|2.516004262613135
11.8|1.0|0.64|0.0|0|1.708446893980728|3.416893787961456|5.125340681942184|6.833787575922912
12.0|1.0|0.64|0.0|0|1.2216061948775325|2.443212389755065|3.6648185846325974|4.88642477951013
12.2|1.0|0.64|0.0|0|1.1653906892077077|2.3307813784154154|3.4961720676231227|4.661562756830831
12.4|1.0|0.64|0.0|0|1.604304065263715|3.20860813052743|4.812912195791146|6.41721626105486
12.6|1.0|0.64|0.0|0|0.6201723481161758|1.2403446962323517|1.8605170443485275|2.4806893924647033
12.8|1.0|0.64|0.0|0|1.363045849768679|2.726091699537358|4.089137549306037|5.452183399074716
13.0|1.0|0.64|0.0|0|1.3511541087849777|2.7023082175699553|4.053462326354933|5.404616435139911
13.2|1.0|0.64|0.0|0|1.0088160881452504|2.0176321762905007|3.0264482644357513|4.0352643525810015
13.4|1.0|0.64|0.0|0|0.9634112573281172|1.9268225146562343|2.8902337719843514|3.8536450293124687
13.6|1.0|0.64|0.0|0|1.3176410178758682|2.6352820357517364|3.9529230536276043|5.270564071503473
13.8|1.0|0.64|0.0|0|1.1720572705217647|2.3441145410435293|3.5161718115652945|4.688229082087059
14.0|1.0|0.64|0.0|0|0.9895370537281278|1.9790741074562557|2.9686111611843833|3.9581482149125113
14.2|1.0|0.64|0.0|0|1.6799787846236738|3.3599575692473476|5.039936353871021|6.719915138494695
14.4|1.0|0.64|0.0|0|1.469711169623189|2.939422339246378|4.409133508869568|5.878844678492756
14.6|1.0|0.64|0.0|0|1.3958382292214095|2.791676458442819|4.187514687664229|5.583352916885638
14.8|1.0|0.64|0.0|0|1.6082679780927733|3.2165359561855467|4.82480393427832|6.433071912371093
15.0|1.0|0.64|0.0|0|1.5976374819170465|3.195274963834093|4.792912445751139|6.390549927668186
15.2|1.0|0.64|0.0|0|1.2686326276487683|2.5372652552975365|3.805897882946305|5.074530510595073
15.4|1.0|0.64|0.0|0|1.0088160889269793|2.0176321778539585|3.026448266780938|4.035264355707917
15.6|1.0|0.64|0.0|0|1.3199833311903069|2.6399666623806137|3.9599499935709206|5.2799333247612275
15.8|1.0|0.64|0.0|0|0.9542221830523349|1.9084443661046697|2.8626665491570047|3.8168887322093394
16.0|1.0|0.64|0.0|0|1.5738539985206457|3.1477079970412913|4.721561995561937|6.295415994082583
16.2|1.0|0.64|0.0|0|1.4360179020388764|2.8720358040777527|4.308053706116629|5.744071608155505
16.4|1.0|0.64|0.0|0|1.5873673409258495|3.174734681851699|4.762102022777548|6.349469363703398
16.6|1.0|0.64|0.0|0|1.4176397556811584|2.835279511362317|4.252919267043475|5.670559022724634
16.8|1.0|0.64|0.0|0|1.503404437976425|3.00680887595285|4.510213313929275|6.0136177519057
17.0|1.0|0.64|0.0|0|1.3376407653500804|2.6752815307001607|4.012922296050241|5.3505630614003215
17.2|1.0|0.64|0.0|0|1.4662877894652788|2.9325755789305576|4.398863368395836|5.865151157861115
17.4|1.0|0.64|0.0|0|1.4850262918870443|2.9700525837740885|4.455078875661133|5.940105167548177
17.6|1.0|0.64|0.0|0|1.6336730627570082|3.2673461255140164|4.901019188271025|6.534692251028033
17.8|1.0|0.64|0.0|0|1.5470074913580916|3.094014982716183|4.6410224740742745|6.188029965432366
18.0|1.0|0.64|0.0|0|2.08033408860618|4.16066817721236|6.241002265818539|8.32133635442472
18.2|1.0|0.64|0.0|0|2.0675414570869197|4.135082914173839|6.202624371260759|8.270165828347679
18.4|1.0|0.64|0.0|0|1.9606959603255398|3.9213919206510797|5.88208788097662|7.842783841302159
18.6|1.0|0.64|0.0|0|1.9767317938228388|3.9534635876456776|5.930195381468517|7.906927175291355
18.8|1.0|0.64|0.0|0|1.9574527574016265|3.914905514803253|5.872358272204879|7.829811029606506
19.0|1.0|0.64|0.0|0|1.6682672209298486|3.336534441859697|5.0048016627895455|6.673068883719394
19.2|1.0|0.64|0.0|0|1.4594410289608652|2.9188820579217305|4.378323086882596|5.837764115843461
19.4|1.0|0.64|0.0|0|1.430972920324422|2.861945840648844|4.292918760973265|5.723891681297688
19.6|1.0|0.64|0.0|0|1.8347516047727566|3.669503209545513|5.50425481431827|7.339006419091026
19.8|1.0|0.64|0.0|0|1.5648451035760822|3.1296902071521644|4.694535310728247|6.259380414304329
20.0|1.0|0.64|0.0|0|0.8884572485461839|1.7769144970923678|2.6653717456385517|3.5538289941847356
20.2|1.0|0.64|0.0|0|1.432053987362889|2.864107974725778|4.296161962088667|5.728215949451556
20.4|1.0|0.64|0.0|0|1.0870133003027886|2.1740266006055773|3.261039900908366|4.348053201211155
20.6|1.0|0.64|0.0|0|1.1794445652194565|2.358889130438913|3.5383336956583693|4.717778260877826
20.8|1.0|0.64|0.0|0|1.6579970802052426|3.3159941604104852|4.973991240615728|6.6319883208209705
21.0|1.0|0.64|0.0|0|0.9693571278452882|1.9387142556905763|2.9080713835358645|3.8774285113811526
21.2|1.0|0.64|0.0|0|1.5816016483126456|3.163203296625291|4.744804944937936|6.326406593250582
21.4|1.0|0.64|0.0|0|1.8244814638554834|3.6489629277109668|5.47344439156645|7.2979258554219335
21.6|1.0|0.64|0.0|0|1.5297104118630536|3.059420823726107|4.589131235589161|6.118841647452214
21.8|1.0|0.64|0.0|0|1.652952099317919|3.305904198635838|4.958856297953758|6.611808397271676
22.0|1.0|0.64|0.0|0|1.4174595778930246|2.834919155786049|4.252378733679074|5.669838311572098
22.2|1.0|0.64|0.0|0|1.366469230311924|2.732938460623848|4.099407690935772|5.465876921247696
22.4|1.0|0.64|0.0|0|1.1846697246423001|2.3693394492846003|3.5540091739269006|4.7386788985692005
22.6|1.0|0.64|0.0|0|1.6850237654417302|3.3700475308834603|5.055071296325191|6.740095061766921
22.8|1.0|0.64|0.0|0|1.1734986941306862|2.3469973882613724|3.5204960823920586|4.693994776522745
23.0|1.0|0.64|0.0|0|1.2578219537681445|2.515643907536289|3.773465861304434|5.031287815072578
23.2|1.0|0.64|0.0|0|1.3080915892345377|2.6161831784690754|3.924274767703613|5.232366356938151
23.4|1.0|0.64|0.0|0|1.4217838466656407|2.8435676933312815|4.265351539996922|5.687135386662563
23.6|1.0|0.64|0.0|0|1.4855668259656536|2.971133651931307|4.456700477896961|5.942267303862614
23.8|1.0|0.64|0.0|0|1.3763790146121768|2.7527580292243536|4.12913704383653|5.505516058448707
24.0|1.0|0.64|0.0|0|1.368631364583854|2.737262729167708|4.105894093751561|5.474525458335416
24.2|1.0|0.64|0.0|0|0.9322404793556788|1.8644809587113575|2.796721438067036|3.728961917422715
24.4|1.0|0.64|0.0|0|1.242687009133516|2.485374018267032|3.7280610274005483|4.970748036534064
24.6|1.0|0.64|0.0|0|1.0994455749198107|2.1988911498396213|3.2983367247594315|4.397782299679243
24.8|1.0|0.64|0.0|0|2.063217187980774|4.126434375961548|6.189651563942322|8.252868751923096
25.0|1.0|0.64|0.0|0|1.0324193944473528|2.0648387888947055|3.097258183342058|4.129677577789411
25.2|1.0|0.64|0.0|0|0.9423304418980851|1.8846608837961702|2.826991325694255|3.7693217675923405
25.4|1.0|0.64|0.0|0|1.6814202081254932|3.3628404162509864|5.044260624376479|6.725680832501973
25.6|1.0|0.64|0.0|0|1.3208842210046725|2.641768442009345|3.9626526630140178|5.28353688401869
25.8|1.0|0.64|0.0|0|0.8994481008168085|1.798896201633617|2.6983443024504257|3.597792403267234
26.0|1.0|0.64|0.0|0|0.9298981667927009|1.8597963335854018|2.789694500378103|3.7195926671708035
26.2|1.0|0.64|0.0|0|1.508449419650716|3.016898839301432|4.525348258952149|6.033797678602864
26.4|1.0|0.64|0.0|0|1.6605195702140934|3.3210391404281867|4.98155871064228|6.642078280856373
26.6|1.0|0.64|0.0|0|1.3318750724941504|2.6637501449883008|3.995625217482451|5.3275002899766015
26.8|1.0|0.64|0.0|0|1.6075472670851756|3.215094534170351|4.822641801255527|6.430189068340702
27.0|1.0|0.64|0.0|0|1.3452082367765263|2.6904164735530527|4.0356247103295795|5.380832947106105
27.2|1.0|0.64|0.0|0|1.1196255008986928|2.2392510017973857|3.3588765026960785|4.478502003594771
27.4|1.0|0.64|0.0|0|1.8983544050349173|3.7967088100698345|5.695063215104752|7.593417620139669
27.6|1.0|0.64|0.0|0|1.4300720310444024|2.860144062088805|4.290216093133208|5.72028812417761
27.8|1.0|0.64|0.0|0|1.542683221905028|3.085366443810056|4.628049665715084|6.170732887620112
28.0|1.0|0.64|0.0|0|1.5369175280554932|3.0738350561109864|4.610752584166479|6.147670112221973
28.2|1.0|0.64|0.0|0|1.6057454878976583|3.2114909757953165|4.817236463692975|6.422981951590633
28.4|1.0|0.64|0.0|0|1.226831354071038|2.453662708142076|3.680494062213114|4.907325416284152
28.6|1.0|0.64|0.0|0|1.8044817165040892|3.6089634330081783|5.413445149512268|7.217926866016357
28.8|1.0|0.64|0.0|0|1.8615981120907252|3.7231962241814505|5.584794336272176|7.446392448362901
29.0|1.0|0.64|0.0|0|1.5169177809776753|3.0338355619553505|4.550753342933025|6.067671123910701
29.2|1.0|0.64|0.0|0|1.3502532186335896|2.700506437267179|4.050759655900769|5.401012874534358
29.4|1.0|0.64|0.0|0|1.673852735710681|3.347705471421362|5.021558207132043|6.695410942842724
29.6|1.0|0.64|0.0|0|1.0569235902704541|2.1138471805409083|3.1707707708113624|4.2276943610818165
29.8|1.0|0.64|0.0|0|1.110616605632823|2.221233211265646|3.331849816898469|4.442466422531292
30.0|1.0|0.64|0.0|0|1.6806994966632933|3.3613989933265866|5.04209848998988|6.722797986653173
30.2|1.0|0.64|0.0|0|1.380523107054761|2.761046214109522|4.141569321164283|5.522092428219044
30.4|1.0|0.64|0.0|0|1.2452094996953393|2.4904189993906787|3.7356284990860185|4.980837998781357
30.6|1.0|0.64|0.0|0|1.5084494190989075|3.016898838197815|4.525348257296723|6.03379767639563
30.8|1.0|0.64|0.0|0|1.7363744694035284|3.4727489388070567|5.209123408210585|6.945497877614113
31.0|1.0|0.64|0.0|0|1.7068252923904235|3.413650584780847|5.120475877171271|6.827301169561694
31.2|1.0|0.64|0.0|0|1.22178637280129|2.44357274560258|3.6653591184038703|4.88714549120516
31.4|1.0|0.64|0.0|0|1.275479387518718|2.550958775037436|3.8264381625561543|5.101917550074872
31.6|1.0|0.64|0.0|0|1.373676345961286|2.747352691922572|4.121029037883858|5.494705383845144
31.8|1.0|0.64|0.0|0|0.9129614435572884|1.8259228871145767|2.738884330671865|3.6518457742291535
32.0|1.0|0.64|0.0|0|1.6605195702740472|3.3210391405480943|4.981558710822141|6.642078281096189
32.2|1.0|0.64|0.0|0|1.1257515489531225|2.251503097906245|3.3772546468593676|4.50300619581249
32.4|1.0|0.64|0.0|0|1.7370951802528014|3.474190360505603|5.211285540758404|6.948380721011206
32.6|1.0|0.64|0.0|0|1.609349045521814|3.218698091043628|4.828047136565442|6.437396182087256
32.8|1.0|0.64|0.0|0|1.4007030320185017|2.8014060640370033|4.202109096055505|5.602812128074007
33.0|1.0|0.64|0.0|0|1.9691643214668164|3.938328642933633|5.90749296440045|7.876657285867266
33.2|1.0|0.64|0.0|0|1.220885482763407|2.441770965526814|3.662656448290221|4.883541931053628
33.4|1.0|0.64|0.0|0|1.4527744464733419|2.9055488929466837|4.358323339420026|5.8110977858933675
33.6|1.0|0.64|0.0|0|1.9244802018406353|3.8489604036812706|5.773440605521905|7.697920807362541
33.8|1.0|0.64|0.0|0|1.989344246847324|3.978688493694648|5.968032740541972|7.957376987389296
34.0|1.0|0.64|0.0|0|1.3502532176091349|2.7005064352182697|4.050759652827404|5.401012870436539
34.2|1.0|0.64|0.0|0|1.205029827185791|2.410059654371582|3.6150894815573733|4.820119308743164
34.4|1.0|0.64|0.0|0|1.2055703607545012|2.4111407215090024|3.6167110822635036|4.822281443018005
34.6|1.0|0.64|0.0|0|1.5066476398683166|3.0132952797366332|4.51994291960495|6.0265905594732665
34.8|1.0|0.64|0.0|0|1.3252084903407388|2.6504169806814777|3.9756254710222163|5.300833961362955
35.0|1.0|0.64|0.0|0|1.394757161306335|2.78951432261267|4.184271483919005|5.57902864522534
35.2|1.0|0.64|0.0|0|1.726464683588712|3.452929367177424|5.1793940507661365|6.905858734354848
35.4|1.0|0.64|0.0|0|1.0787251162878246|2.1574502325756493|3.2361753488634744|4.3149004651512985
35.6|1.0|0.64|0.0|0|0.9954829232854545|1.990965846570909|2.9864487698563633|3.981931693141818
35.8|1.0|0.64|0.0|0|1.044130958415336|2.088261916830672|3.132392875246008|4.176523833661344
36.0|1.0|0.64|0.0|0|1.0441309582081166|2.0882619164162333|3.13239287462435|4.1765238328324665
36.2|1.0|0.64|0.0|0|1.5178186703240513|3.0356373406481025|4.553456010972154|6.071274681296205
36.4|1.0|0.64|0.0|0|1.25205626087729|2.50411252175458|3.75616878263187|5.00822504350916
36.6|1.0|0.64|0.0|0|1.0828692079964104|2.165738415992821|3.248607623989231|4.331476831985642
36.8|1.0|0.64|0.0|0|1.2459302127204148|2.4918604254408296|3.7377906381612442|4.983720850881659
37.0|1.0|0.64|0.0|0|1.0324193940195263|2.0648387880390526|3.0972581820585794|4.129677576078105
37.2|1.0|0.64|0.0|0|1.138364002906602|2.276728005813204|3.415092008719806|4.553456011626408
37.4|1.0|0.64|0.0|0|1.1560214372910569|2.3120428745821138|3.468064311873171|4.6240857491642275
37.6|1.0|0.64|0.0|0|1.6781770062440788|3.3563540124881577|5.0345310187322365|6.712708024976315
37.8|1.0|0.64|0.0|0|1.346109127250385|2.69221825450077|4.038327381751154|5.38443650900154
38.0|1.0|0.64|0.0|0|0.8171067989373121|1.6342135978746242|2.4513203968119366|3.2684271957492483
38.2|1.0|0.64|0.0|0|1.0171042716345993|2.0342085432691985|3.0513128149037976|4.068417086538397
38.4|1.0|0.64|0.0|0|1.4947558983537614|2.989511796707523|4.484267695061284|5.979023593415046
38.6|1.0|0.64|0.0|0|1.6740329137421228|3.3480658274842456|5.022098741226368|6.696131654968491
38.8|1.0|0.64|0.0|0|1.3434064582368603|2.6868129164737207|4.0302193747105814|5.373625832947441
39.0|1.0|0.64|0.0|0|1.4702517038647798|2.9405034077295595|4.410755111594339|5.881006815459119
39.2|1.0|0.64|0.0|0|1.4064687244908431|2.8129374489816863|4.219406173472529|5.625874897963373
39.4|1.0|0.64|0.0|0|0.8684575006138774|1.7369150012277548|2.6053725018416323|3.4738300024555095
39.6|1.0|0.64|0.0|0|0.8273769383807674|1.6547538767615348|2.4821308151423023|3.3095077535230697
39.8|1.0|0.64|0.0|0|1.7210593461117256|3.4421186922234512|5.163178038335177|6.8842373844469025
40.0|1.0|0.64|0.0|0|1.7271853960951573|3.4543707921903146|5.181556188285472|6.908741584380629
40.2|1.0|0.64|0.0|0|0.7682785861199961|1.5365571722399922|2.3048357583599883|3.0731143444799844
40.4|1.0|0.64|0.0|0|1.5387193071388188|3.0774386142776375|4.616157921416456|6.154877228555275
40.6|1.0|0.64|0.0|0|1.1073734031437208|2.2147468062874416|3.322120209431162|4.429493612574883
40.8|1.0|0.64|0.0|0|1.1493548542831569|2.2987097085663137|3.4480645628494706|4.5974194171326275
41.0|1.0|0.64|0.0|0|1.4974585674697314|2.9949171349394628|4.492375702409194|5.9898342698789255
41.2|1.0|0.64|0.0|0|1.1971019994461687|2.3942039988923374|3.591305998338506|4.788407997784675
41.4|1.0|0.64|0.0|0|1.0953014835016812|2.1906029670033624|3.2859044505050434|4.381205934006725
41.6|1.0|0.64|0.0|0|0.921429804995424|1.842859609990848|2.764289414986272|3.685719219981696
41.8|1.0|0.64|0.0|0|1.0425093574402864|2.0850187148805728|3.127528072320859|4.1700374297611456
42.0|1.0|0.64|0.0|0|1.0246717443887619|2.0493434887775237|3.0740152331662856|4.098686977555047
42.2|1.0|0.64|0.0|0|1.1686338901455757|2.3372677802911515|3.505901670436727|4.674535560582303
42.4|1.0|0.64|0.0|0|1.4763777529698576|2.9527555059397153|4.429133258909573|5.9055110118794305
42.6|1.0|0.64|0.0|0|1.522683473778308|3.045366947556616|4.568050421334924|6.090733895113232
42.8|1.0|0.64|0.0|0|0.5783710741117835|1.156742148223567|1.7351132223353505|2.313484296447134
43.0|1.0|0.64|0.0|0|1.6329523510485902|3.2659047020971803|4.898857053145771|6.531809404194361
43.2|1.0|0.64|0.0|0|0.992780254978571|1.985560509957142|2.978340764935713|3.971121019914284
43.4|1.0|0.64|0.0|0|1.4825038004352258|2.9650076008704516|4.447511401305678|5.930015201740903
43.6|1.0|0.64|0.0|0|1.0594460801244723|2.1188921602489446|3.178338240373417|4.237784320497889
43.8|1.0|0.64|0.0|0|1.284668460879476|2.569336921758952|3.854005382638428|5.138673843517904
44.0|1.0|0.64|0.0|0|1.3082717670407158|2.6165435340814316|3.9248153011221474|5.233087068162863
44.2|1.0|0.64|0.0|0|1.609168868225535|3.21833773645107|4.827506604676604|6.43667547290214
44.4|1.0|0.64|0.0|0|1.2569210637937078|2.5138421275874157|3.7707631913811235|5.027684255174831
44.6|1.0|0.64|0.0|0|1.0819683185778568|2.1639366371557136|3.2459049557335704|4.327873274311427
44.8|1.0|0.64|0.0|0|1.4900712734565618|2.9801425469131235|4.470213820369685|5.960285093826247
45.0|1.0|0.64|0.0|0|0.9077362830878709|1.8154725661757418|2.723208849263613|3.6309451323514836
45.2|1.0|0.64|0.0|0|1.2257502864272112|2.4515005728544224|3.6772508592816333|4.903001145708845
45.4|1.0|0.64|0.0|0|1.3502532187534975|2.700506437506995|4.050759656260492|5.40101287501399
45.6|1.0|0.64|0.0|0|1.572232397163754|3.144464794327508|4.716697191491262|6.288929588655016
45.8|1.0|0.64|0.0|0|0.961789656318725|1.92357931263745|2.885368968956175|3.8471586252749
46.0|1.0|0.64|0.0|0|1.4596212067810133|2.9192424135620265|4.37886362034304|5.838484827124053
46.2|1.0|0.64|0.0|0|1.6597988594544602|3.3195977189089203|4.97939657836338|6.639195437817841
46.4|1.0|0.64|0.0|0|1.7623200871137685|3.524640174227537|5.286960261341306|7.049280348455074
46.6|1.0|0.64|0.0|0|1.5947546353604425|3.189509270720885|4.7842639060813275|6.37901854144177
46.8|1.0|0.64|0.0|0|1.8201571944862387|3.6403143889724774|5.460471583458716|7.280628777944955
47.0|1.0|0.64|0.0|0|1.7010595992248287|3.4021191984496575|5.103178797674486|6.804238396899315
47.2|1.0|0.64|0.0|0|1.386468978156919|2.772937956313838|4.1594069344707565|5.545875912627676
47.4|1.0|0.64|0.0|0|1.3316948937228892|2.6633897874457784|3.995084681168668|5.326779574891557
47.6|1.0|0.64|0.0|0|1.2365609603782661|2.4731219207565323|3.7096828811347984|4.9462438415130645
47.8|1.0|0.64|0.0|0|1.5841241387522327|3.1682482775044654|4.752372416256699|6.336496555008931
48.0|1.0|0.64|0.0|0|1.633673063059106|3.267346126118212|4.901019189177318|6.534692252236424
48.2|1.0|0.64|0.0|0|1.7891665949026372|3.5783331898052744|5.367499784707912|7.156666379610549
48.4|1.0|0.64|0.0|0|1.4190811790904276|2.8381623581808553|4.2572435372712825|5.6763247163617105
48.6|1.0|0.64|0.0|0|1.7327709111466554|3.4655418222933108|5.198312733439966|6.9310836445866215
48.8|1.0|0.64|0.0|0|1.5134944012481732|3.0269888024963465|4.54048320374452|6.053977604992693
49.0|1.0|0.64|0.0|0|1.6262857694318533|3.2525715388637066|4.87885730829556|6.505143077727413
49.2|1.0|0.64|0.0|0|1.509170130938875|3.01834026187775|4.527510392816625|6.0366805237555
49.4|1.0|0.64|0.0|0|1.516737602661016|3.033475205322032|4.550212807983048|6.066950410644064
49.6|1.0|0.64|0.0|0|1.8280850223335454|3.656170044667091|5.484255067000636|7.312340089334182
49.8|1.0|0.64|0.0|0|1.7527706578234226|3.505541315646845|5.258311973470268|7.01108263129369
50.0|1.0|0.64|0.0|0|1.7765541418071387|3.5531082836142773|5.329662425421416|7.106216567228555
50.2|1.0|0.64|0.0|0|1.7361942907783683|3.4723885815567366|5.208582872335105|6.944777163113473
50.4|1.0|0.64|0.0|0|1.8210580837773176|3.642116167554635|5.463174251331953|7.28423233510927
50.6|1.0|0.64|0.0|0|1.201606447455707|2.403212894911414|3.6048193423671213|4.806425789822828
50.8|1.0|0.64|0.0|0|1.6100697572284859|3.2201395144569718|4.830209271685457|6.4402790289139435
51.0|1.0|0.64|0.0|0|1.2376420283480558|2.4752840566961116|3.7129260850441677|4.950568113392223
51.2|1.0|0.64|0.0|0|1.7504283451504323|3.5008566903008647|5.251285035451296|7.001713380601729
51.4|1.0|0.64|0.0|0|1.7421401623805302|3.4842803247610603|5.22642048714159|6.968560649522121
51.6|1.0|0.64|0.0|0|1.2443086105072882|2.4886172210145765|3.7329258315218645|4.977234442029153
51.8|1.0|0.64|0.0|0|1.3511541085329384|2.7023082170658768|4.053462325598815|5.4046164341317535
52.0|1.0|0.64|0.0|0|1.3862887989106834|2.7725775978213667|4.15886639673205|5.545155195642733
52.2|1.0|0.64|0.0|0|1.4470087542547858|2.8940175085095716|4.341026262764357|5.788035017019143
52.4|1.0|0.64|0.0|0|0.9399881291500068|1.8799762583000137|2.8199643874500206|3.7599525166000274
52.6|1.0|0.64|0.0|0|1.5520524724770817|3.1041049449541633|4.6561574174312454|6.208209889908327
52.8|1.0|0.64|0.0|0|1.9170929072349117|3.8341858144698233|5.751278721704735|7.668371628939647
53.0|1.0|0.64|0.0|0|1.0895357898040685|2.179071579608137|3.268607369412205|4.358143159216274
53.2|1.0|0.64|0.0|0|2.0684423478215486|4.136884695643097|6.205327043464646|8.273769391286194
53.4|1.0|0.64|0.0|0|1.7524103020055934|3.504820604011187|5.25723090601678|7.009641208022374
53.6|1.0|0.64|0.0|0|1.2452095003094303|2.4904190006188607|3.7356285009282906|4.980838001237721
53.8|1.0|0.64|0.0|0|1.0828692076611341|2.1657384153222683|3.2486076229834024|4.331476830644537
54.0|1.0|0.64|0.0|0|1.2360204272717248|2.4720408545434496|3.7080612818151746|4.944081709086899
54.2|1.0|0.64|0.0|0|0.9113398426753709|1.8226796853507419|2.734019528026113|3.6453593707014837
54.4|1.0|0.64|0.0|0|1.1534989465819683|2.3069978931639366|3.4604968397459044|4.613995786327873
54.6|1.0|0.64|0.0|0|1.3570999792439409|2.7141999584878818|4.071299937731823|5.4283999169757635
54.8|1.0|0.64|0.0|0|1.2601642656989873|2.5203285313979746|3.780492797096962|5.040657062795949
55.0|1.0|0.64|0.0|0|0.9189073144661969|1.8378146289323938|2.756721943398591|3.6756292578647876
55.2|1.0|0.64|0.0|0|1.501602659460042|3.003205318920084|4.504807978380126|6.006410637840168
55.4|1.0|0.64|0.0|0|1.5857457407814233|3.1714914815628465|4.757237222344269|6.342982963125693
55.6|1.0|0.64|0.0|0|1.4167388661712188|2.8334777323424376|4.250216598513656|5.666955464684875
55.8|1.0|0.64|0.0|0|1.54106161934673|3.08212323869346|4.62318485804019|6.16424647738692
56.0|1.0|0.64|0.0|0|1.3680908317939624|2.736181663587925|4.104272495381887|5.47236332717585
56.2|1.0|0.64|0.0|0|1.5662865264661392|3.1325730529322784|4.698859579398417|6.265146105864557
56.4|1.0|0.64|0.0|0|1.0475543388695232|2.0951086777390464|3.14266301660857|4.190217355478093
56.6|1.0|0.64|0.0|0|1.5253861417080057|3.0507722834160114|4.576158425124017|6.101544566832023
56.8|1.0|0.64|0.0|0|1.3502532190788783|2.7005064381577566|4.050759657236634|5.401012876315513
57.0|1.0|0.64|0.0|0|1.2983619827841186|2.5967239655682373|3.895085948352356|5.1934479311364745
57.2|1.0|0.64|0.0|0|1.5116926211956903|3.0233852423913805|4.5350778635870705|6.046770484782761
57.4|1.0|0.64|0.0|0|1.4646661878348108|2.9293323756696217|4.393998563504432|5.858664751339243
57.6|1.0|0.64|0.0|0|1.0776440489228125|2.155288097845625|3.2329321467684378|4.31057619569125
57.8|1.0|0.64|0.0|0|1.1062923353980305|2.212584670796061|3.3188770061940915|4.425169341592122
58.0|1.0|0.64|0.0|0|1.3695322543976376|2.739064508795275|4.108596763192913|5.47812901759055
58.2|1.0|0.64|0.0|0|1.543764288206586|3.087528576413172|4.631292864619758|6.175057152826344
58.4|1.0|0.64|0.0|0|1.3277309804275876|2.6554619608551753|3.983192941282763|5.3109239217103505
58.6|1.0|0.64|0.0|0|1.359622469759198|2.719244939518396|4.078867409277595|5.438489879036792
58.8|1.0|0.64|0.0|0|1.5199808053503525|3.039961610700705|4.559942416051057|6.07992322140141
59.0|1.0|0.64|0.0|0|1.612592248329312|3.225184496658624|4.837776744987936|6.450368993317248
59.2|1.0|0.64|0.0|0|1.4814227333845351|2.9628454667690702|4.444268200153605|5.9256909335381405
59.4|1.0|0.64|0.0|0|1.6419612463429818|3.2839224926859636|4.925883739028945|6.567844985371927
59.6|1.0|0.64|0.0|0|1.599979795296096|3.199959590592192|4.799939385888288|6.399919181184384
59.8|1.0|0.64|0.0|0|1.481422733011424|2.962845466022848|4.444268199034272|5.925690932045696
60.0|1.0|0.64|0.0|0|1.6277271919895444|3.255454383979089|4.883181575968633|6.510908767958178
60.2|1.0|0.64|0.0|0|1.6235831001208876|3.247166200241775|4.870749300362663|6.49433240048355
60.4|1.0|0.64|0.0|0|1.5596199439727947|3.1192398879455894|4.678859831918384|6.238479775891179
60.6|1.0|0.64|0.0|0|1.3470100162125902|2.6940200324251804|4.041030048637771|5.388040064850361
60.8|1.0|0.64|0.0|0|1.6387180443503908|3.2774360887007816|4.916154133051172|6.554872177401563
61.0|1.0|0.64|0.0|0|1.29656020287017|2.59312040574034|3.88968060861051|5.18624081148068
61.2|1.0|0.64|0.0|0|1.557277631228209|3.114555262456418|4.671832893684627|6.229110524912836
61.4|1.0|0.64|0.0|0|1.6360153760522387|3.2720307521044774|4.908046128156716|6.544061504208955
61.6|1.0|0.64|0.0|0|1.6244839901360697|3.2489679802721394|4.873451970408209|6.497935960544279
61.8|1.0|0.64|0.0|0|1.0929591709328825|2.185918341865765|3.2788775127986476|4.37183668373153
62.0|1.0|0.64|0.0|0|1.3570999779581336|2.7141999559162673|4.071299933874402|5.428399911832535
62.2|1.0|0.64|0.0|0|1.5235843642015257|3.0471687284030513|4.570753092604577|6.094337456806103
62.4|1.0|0.64|0.0|0|1.274578499281198|2.549156998562396|3.823735497843594|5.098313997124792
62.6|1.0|0.64|0.0|0|1.494755898958539|2.989511797917078|4.484267696875617|5.979023595834156
62.8|1.0|0.64|0.0|0|1.1603457066620477|2.3206914133240955|3.4810371199861434|4.641382826648191
63.0|1.0|0.64|0.0|0|1.6167363394569854|3.2334726789139707|4.850209018370956|6.466945357827941
63.2|1.0|0.64|0.0|0|1.1104364279244339|2.2208728558488677|3.3313092837733014|4.4417457116977355
63.4|1.0|0.64|0.0|0|0.7374681643676019|1.4749363287352037|2.212404493102806|2.9498726574704075
63.6|1.0|0.64|0.0|0|1.5673675941274283|3.1347351882548566|4.702102782382285|6.269470376509713
63.8|1.0|0.64|0.0|0|1.708446893783404|3.416893787566808|5.125340681350212|6.833787575133616
64.0|1.0|0.64|0.0|0|1.192057018711349|2.384114037422698|3.576171056134047|4.768228074845396
64.2|1.0|0.64|0.0|0|1.3217851095885282|2.6435702191770565|3.9653553287655847|5.287140438354113
64.4|1.0|0.64|0.0|0|1.3671899420995044|2.734379884199009|4.101569826298514|5.468759768398018
64.6|1.0|0.64|0.0|0|0.5412544253340461|1.0825088506680922|1.6237632760021383|2.1650177013361844
64.8|1.0|0.64|0.0|0|0.7715217883070007|1.5430435766140014|2.314565364921002|3.0860871532280028
65.0|1.0|0.64|0.0|0|1.3351182747929136|2.670236549585827|4.005354824378741|5.340473099171654
65.2|1.0|0.64|0.0|0|1.6868255452107421|3.3736510904214843|5.060476635632226|6.7473021808429685
65.4|1.0|0.64|0.0|0|1.4116938839468651|2.8233877678937302|4.235081651840596|5.6467755357874605
65.6|1.0|0.64|0.0|0|1.7116900959261707|3.4233801918523414|5.135070287778513|6.846760383704683
65.8|1.0|0.64|0.0|0|1.9473627960379252|3.8947255920758503|5.842088388113776|7.789451184151701
66.0|1.0|0.64|0.0|0|1.5841241393151009|3.1682482786302018|4.752372417945303|6.3364965572604035
66.2|1.0|0.64|0.0|0|1.5967365922289916|3.193473184457983|4.790209776686974|6.386946368915966
66.4|1.0|0.64|0.0|0|1.3653881634137373|2.7307763268274745|4.096164490241212|5.461552653654949
66.6|1.0|0.64|0.0|0|1.7437617631081972|3.4875235262163944|5.231285289324592|6.975047052432789
66.8|1.0|0.64|0.0|0|1.8187157709820911|3.6374315419641823|5.456147312946273|7.274863083928365
67.0|1.0|0.64|0.0|0|1.511872799736449|3.023745599472898|4.535618399209347|6.047491198945796
67.2|1.0|0.64|0.0|0|1.1140399856201848|2.2280799712403696|3.3421199568605546|4.456159942480739
67.4|1.0|0.64|0.0|0|0.742332967406838|1.484665934813676|2.226998902220514|2.969331869627352
67.6|1.0|0.64|0.0|0|0.8399893925519435|1.679978785103887|2.5199681776558305|3.359957570207774
67.8|1.0|0.64|0.0|0|0.9077362840570284|1.8154725681140569|2.7232088521710853|3.6309451362281138
68.0|1.0|0.64|0.0|0|1.1484539651306123|2.2969079302612245|3.4453618953918372|4.593815860522449
68.2|1.0|0.64|0.0|0|1.2947584234178078|2.5895168468356156|3.8842752702534233|5.179033693671231
68.4|1.0|0.64|0.0|0|1.3158392386761273|2.6316784773522546|3.947517716028382|5.263356954704509
68.6|1.0|0.64|0.0|0|0.8666557220870171|1.7333114441740343|2.5999671662610515|3.4666228883480685
68.8|1.0|0.64|0.0|0|1.0551218110939964|2.1102436221879928|3.165365433281989|4.2204872443759855
69.0|1.0|0.64|0.0|0|1.3351182741025707|2.6702365482051413|4.005354822307712|5.340473096410283
69.2|1.0|0.64|0.0|0|0.588461036488298|1.176922072976596|1.7653831094648937|2.353844145953192
69.4|1.0|0.64|0.0|0|1.2989025161712209|2.5978050323424418|3.8967075485136626|5.1956100646848835
69.6|1.0|0.64|0.0|0|1.6134931372606676|3.226986274521335|4.8404794117820025|6.45397254904267
69.8|1.0|0.64|0.0|0|0.8801690645760398|1.7603381291520797|2.6405071937281197|3.5206762583041593
70.0|1.0|0.64|0.0|0|1.52538614136167|3.05077228272334|4.57615842408501|6.10154456544668
70.2|1.0|0.64|0.0|0|1.030797793327948|2.061595586655896|3.0923933799838443|4.123191173311792
70.4|1.0|0.64|0.0|0|1.287190951529193|2.574381903058386|3.8615728545875787|5.148763806116772
70.6|1.0|0.64|0.0|0|1.1030491329572407|2.2060982659144814|3.3091473988717217|4.412196531828963
70.8|1.0|0.64|0.0|0|1.2484527018549862|2.4969054037099725|3.745358105564959|4.993810807419945
71.0|1.0|0.64|0.0|0|1.0744008458725884|2.148801691745177|3.2232025376177655|4.297603383490354
71.2|1.0|0.64|0.0|0|1.3142176384077187|2.6284352768154373|3.9426529152231558|5.256870553630875
71.4|1.0|0.64|0.0|0|1.2399843418836838|2.4799686837673676|3.7199530256510513|4.959937367534735
71.6|1.0|0.64|0.0|0|1.2704344065784254|2.540868813156851|3.8113032197352767|5.081737626313702
71.8|1.0|0.64|0.0|0|1.4470087531005278|2.8940175062010556|4.341026259301583|5.788035012402111
72.0|1.0|0.64|0.0|0|1.091337569555618|2.182675139111236|3.2740127086668536|4.365350278222472
72.2|1.0|0.64|0.0|0|1.8643007804319511|3.7286015608639023|5.592902341295853|7.4572031217278045
72.4|1.0|0.64|0.0|0|1.5547551407327425|3.109510281465485|4.664265422198227|6.21902056293097
72.6|1.0|0.64|0.0|0|0.8808897765458104|1.7617795530916207|2.6426693296374313|3.5235591061832414
72.8|1.0|0.64|0.0|0|1.0030503965565012|2.0061007931130024|3.009151189669504|4.012201586226005
73.0|1.0|0.64|0.0|0|1.3855680886626955|2.771136177325391|4.156704265988086|5.542272354650782
73.2|1.0|0.64|0.0|0|1.0659324857289911|2.1318649714579823|3.1977974571869736|4.2637299429159645
73.4|1.0|0.64|0.0|0|1.282145970380517|2.564291940761034|3.846437911141551|5.128583881522068
73.6|1.0|0.64|0.0|0|1.543403932686198|3.086807865372396|4.630211798058594|6.173615730744792
73.8|1.0|0.64|0.0|0|1.4048471242387326|2.809694248477465|4.214541372716198|5.61938849695493
74.0|1.0|0.64|0.0|0|1.767365068758956|3.534730137517912|5.302095206276868|7.069460275035824
74.2|1.0|0.64|0.0|0|1.6295289711974343|3.2590579423948687|4.888586913592303|6.518115884789737
74.4|1.0|0.64|0.0|0|1.6799787847796703|3.3599575695593407|5.0399363543390105|6.719915139118681
74.6|1.0|0.64|0.0|0|1.0861124109948297|2.1722248219896594|3.258337232984489|4.344449643979319
74.8|1.0|0.64|0.0|0|2.061775764878259|4.123551529756518|6.185327294634777|8.247103059513035
75.0|1.0|0.64|0.0|0|1.3183617300668278|2.6367234601336555|3.9550851902004833|5.273446920267311
75.2|1.0|0.64|0.0|0|1.6707897114363746|3.341579422872749|5.012369134309124|6.683158845745498
75.4|1.0|0.64|0.0|0|1.7563742156350068|3.5127484312700137|5.2691226469050205|7.025496862540027
75.6|1.0|0.64|0.0|0|1.434396299850779|2.868792599701558|4.303188899552337|5.737585199403116
75.8|1.0|0.64|0.0|0|1.4570987162779796|2.914197432555959|4.371296148833939|5.828394865111918
76.0|1.0|0.64|0.0|0|1.118184077660554|2.236368155321108|3.3545522329816624|4.472736310642216
76.2|1.0|0.64|0.0|0|0.8935022313339877|1.7870044626679753|2.680506694001963|3.5740089253359506
76.4|1.0|0.64|0.0|0|2.0340283681300955|4.068056736260191|6.1020851043902855|8.136113472520382
76.6|1.0|0.64|0.0|0|1.3082717668503767|2.6165435337007534|3.9248153005511304|5.233087067401507
76.8|1.0|0.64|0.0|0|1.1149408751825114|2.229881750365023|3.344822625547534|4.459763500730046
77.0|1.0|0.64|0.0|0|1.1014275319426097|2.2028550638852193|3.304282595827829|4.405710127770439
77.2|1.0|0.64|0.0|0|1.4023246331844723|2.8046492663689446|4.206973899553417|5.609298532737889
77.4|1.0|0.64|0.0|0|1.562142434297713|3.124284868595426|4.686427302893139|6.248569737190852
77.6|1.0|0.64|0.0|0|1.655654766952504|3.311309533905008|4.966964300857512|6.622619067810016
77.8|1.0|0.64|0.0|0|0.798548474044074|1.597096948088148|2.395645422132222|3.194193896176296
78.0|1.0|0.64|0.0|0|1.164309621322319|2.328619242644638|3.492928863966957|4.657238485289276
78.2|1.0|0.64|0.0|0|1.0677342635253453|2.1354685270506906|3.2032027905760363|4.270937054101381
78.4|1.0|0.64|0.0|0|1.19620111047465|2.3924022209493|3.58860333142395|4.7848044418986
78.6|1.0|0.64|0.0|0|1.547908380714945|3.09581676142989|4.643725142144835|6.19163352285978
78.8|1.0|0.64|0.0|0|1.4050273009890237|2.8100546019780475|4.215081902967071|5.620109203956095
79.0|1.0|0.64|0.0|0|1.2491734134958836|2.4983468269917672|3.7475202404876504|4.9966936539835345
79.2|1.0|0.64|0.0|0|1.5107917319872664|3.0215834639745327|4.532375195961799|6.043166927949065
79.4|1.0|0.64|0.0|0|1.4536753360473098|2.9073506720946196|4.36102600814193|5.814701344189239
79.6|1.0|0.64|0.0|0|1.3780006161349605|2.756001232269921|4.134001848404881|5.512002464539842
79.8|1.0|0.64|0.0|0|1.4324143433215808|2.8648286866431616|4.297243029964743|5.729657373286323
80.0|1.0|0.64|0.0|0|1.4124145962041814|2.824829192408363|4.2372437886125445|5.649658384816726
80.2|1.0|0.64|0.0|0|1.2309754462318971|2.4619508924637943|3.6929263386956914|4.923901784927589
80.4|1.0|0.64|0.0|0|1.6093490454822328|3.2186980909644656|4.828047136446698|6.437396181928931
80.6|1.0|0.64|0.0|0|1.412414596230957|2.824829192461914|4.237243788692871|5.649658384923828
80.8|1.0|0.64|0.0|0|1.1787238534301296|2.3574477068602593|3.536171560290389|4.714895413720519
81.0|1.0|0.64|0.0|0|1.1643096211587556|2.328619242317511|3.4929288634762665|4.657238484635022
81.2|1.0|0.64|0.0|0|1.415837976607146|2.831675953214292|4.247513929821438|5.663351906428584
81.4|1.0|0.64|0.0|0|1.6208804321038783|3.2417608642077567|4.862641296311635|6.483521728415513
81.6|1.0|0.64|0.0|0|1.1214272801775962|2.2428545603551924|3.3642818405327883|4.485709120710385
81.8|1.0|0.64|0.0|0|1.678897716979265|3.35779543395853|5.036693150937794|6.71559086791706
82.0|1.0|0.64|0.0|0|1.186291325520143|2.372582651040286|3.558873976560429|4.745165302080572
82.2|1.0|0.64|0.0|0|1.7623200870992166|3.5246401741984332|5.28696026129765|7.0492803483968665
82.4|1.0|0.64|0.0|0|1.5300707672000877|3.0601415344001754|4.590212301600263|6.120283068800351
82.6|1.0|0.64|0.0|0|1.7790766318852564|3.558153263770513|5.337229895655769|7.116306527541026
82.8|1.0|0.64|0.0|0|1.3324156055442302|2.6648312110884604|3.997246816632691|5.329662422176921
83.0|1.0|0.64|0.0|0|1.522683473664803|3.045366947329606|4.568050420994409|6.090733894659212
83.2|1.0|0.64|0.0|0|1.7909683751402206|3.581936750280441|5.372905125420662|7.163873500560882
83.4|1.0|0.64|0.0|0|1.6235831006307868|3.2471662012615736|4.87074930189236|6.494332402523147
83.6|1.0|0.64|0.0|0|1.7960133556259112|3.5920267112518225|5.388040066877734|7.184053422503645
83.8|1.0|0.64|0.0|0|1.8547513521136731|3.7095027042273463|5.56425405634102|7.419005408454693
84.0|1.0|0.64|0.0|0|1.6779968280094923|3.3559936560189847|5.033990484028477|6.711987312037969
84.2|1.0|0.64|0.0|0|2.2534850558807396|4.506970111761479|6.760455167642219|9.013940223522958
84.4|1.0|0.64|0.0|0|2.4106001884734747|4.821200376946949|7.231800565420423|9.642400753893899
84.6|1.0|0.64|0.0|0|1.9794344616914186|3.958868923382837|5.9383033850742555|7.917737846765674
84.8|1.0|0.64|0.0|0|2.2215935669798657|4.443187133959731|6.664780700939597|8.886374267919463
85.0|1.0|0.64|0.0|0|1.3225058216101035|2.645011643220207|3.9675174648303106|5.290023286440414
85.2|1.0|0.64|0.0|0|1.6664654420485037|3.3329308840970073|4.9993963261455105|6.665861768194015
85.4|1.0|0.64|0.0|0|1.1280938615632485|2.256187723126497|3.384281584689746|4.512375446252994
85.6|1.0|0.64|0.0|0|1.2140387226123142|2.4280774452246283|3.6421161678369423|4.856154890449257
85.8|1.0|0.64|0.0|0|1.720158457079671|3.440316914159342|5.160475371239013|6.880633828318684
86.0|1.0|0.64|0.0|0|1.2846684615872812|2.5693369231745624|3.8540053847618436|5.138673846349125
86.2|1.0|0.64|0.0|0|1.3470100165193446|2.694020033038689|4.041030049558034|5.388040066077378
86.4|1.0|0.64|0.0|0|1.544665178439465|3.08933035687893|4.633995535318395|6.17866071375786
86.6|1.0|0.64|0.0|0|1.4848461133590913|2.9696922267181827|4.454538340077273|5.939384453436365
86.8|1.0|0.64|0.0|0|1.6570961905625896|3.314192381125179|4.971288571687769|6.628384762250358
87.0|1.0|0.64|0.0|0|1.6907894591859092|3.3815789183718183|5.072368377557727|6.763157836743637
87.2|1.0|0.64|0.0|0|1.3864689777430625|2.772937955486125|4.159406933229188|5.54587591097225
87.4|1.0|0.64|0.0|0|2.3432136528770227|4.686427305754045|7.029640958631068|9.37285461150809
87.6|1.0|0.64|0.0|0|1.4922334073839023|2.9844668147678046|4.476700222151707|5.968933629535609
87.8|1.0|0.64|0.0|0|1.4343963013292536|2.868792602658507|4.303188903987761|5.737585205317014
88.0|1.0|0.64|0.0|0|1.6160156282136464|3.232031256427293|4.848046884640939|6.464062512854586
88.2|1.0|0.64|0.0|0|1.3334966746822476|2.6669933493644953|4.000490024046743|5.333986698728991
88.4|1.0|0.64|0.0|0|1.748806744071191|3.497613488142382|5.2464202322135725|6.995226976284764
88.6|1.0|0.64|0.0|0|0.9599878764530885|1.919975752906177|2.8799636293592656|3.839951505812354
88.8|1.0|0.64|0.0|0|1.6302496833301863|3.2604993666603725|4.890749049990559|6.520998733320745
89.0|1.0|0.64|0.0|0|0.9389070617180559|1.8778141234361119|2.816721185154168|3.7556282468722237
89.2|1.0|0.64|0.0|0|1.046653449361912|2.093306898723824|3.139960348085736|4.186613797447648
89.4|1.0|0.64|0.0|0|0.8574666488665397|1.7149332977330793|2.572399946599619|3.4298665954661587
89.6|1.0|0.64|0.0|0|1.2695335171819908|2.5390670343639816|3.8086005515459727|5.078134068727963
89.8|1.0|0.64|0.0|0|1.325028311882635|2.65005662376527|3.9750849356479048|5.30011324753054
90.0|1.0|0.64|0.0|0|1.585565562070116|3.171131124140232|4.756696686210348|6.342262248280464
90.2|1.0|0.64|0.0|0|1.5091701310657677|3.0183402621315354|4.527510393197303|6.036680524263071
90.4|1.0|0.64|0.0|0|1.4880893157952246|2.9761786315904493|4.4642679473856735|5.9523572631808985
90.6|1.0|0.64|0.0|0|1.4244865152816069|2.8489730305632137|4.273459545844821|5.697946061126427
90.8|1.0|0.64|0.0|0|1.4360179019731016|2.8720358039462033|4.308053705919305|5.744071607892407
91.0|1.0|0.64|0.0|0|1.567187416403323|3.134374832806646|4.701562249209969|6.268749665613292
91.2|1.0|0.64|0.0|0|1.2956593137781613|2.5913186275563227|3.886977941334484|5.182637255112645
91.4|1.0|0.64|0.0|0|1.3949373395781743|2.7898746791563487|4.184812018734523|5.579749358312697
91.6|1.0|0.64|0.0|0|1.4688102804147651|2.9376205608295303|4.406430841244296|5.8752411216590605
91.8|1.0|0.64|0.0|0|1.0500768296344913|2.1001536592689827|3.1502304889034742|4.200307318537965
92.0|1.0|0.64|0.0|0|1.2493535930215158|2.4987071860430317|3.7480607790645477|4.997414372086063
92.2|1.0|0.64|0.0|0|1.6697086429392236|3.339417285878447|5.009125928817671|6.678834571756894
92.4|1.0|0.64|0.0|0|1.8574540204962267|3.7149080409924533|5.57236206148868|7.429816081984907
92.6|1.0|0.64|0.0|0|1.6749338027992067|3.3498676055984133|5.024801408397621|6.699735211196827
92.8|1.0|0.64|0.0|0|1.5698900839121794|3.139780167824359|4.709670251736538|6.279560335648718
93.0|1.0|0.64|0.0|0|1.3106140786391927|2.6212281572783853|3.9318422359175784|5.242456314556771
93.2|1.0|0.64|0.0|0|1.9187145088484994|3.8374290176969987|5.756143526545498|7.6748580353939975
93.4|1.0|0.64|0.0|0|1.8623188244248756|3.7246376488497512|5.586956473274627|7.4492752976995025
93.6|1.0|0.64|0.0|0|1.8302471578383137|3.6604943156766274|5.490741473514941|7.320988631353255
93.8|1.0|0.64|0.0|0|1.8506072608625999|3.7012145217251997|5.551821782587799|7.402429043450399
94.0|1.0|0.64|0.0|0|2.09276636497467|4.18553272994934|6.2782990949240105|8.37106545989868
94.2|1.0|0.64|0.0|0|1.8210580840497295|3.642116168099459|5.463174252149188|7.284232336198918
94.4|1.0|0.64|0.0|0|1.4082705045922206|2.816541009184441|4.224811513776662|5.633082018368882
94.6|1.0|0.64|0.0|0|1.5100710202695349|3.0201420405390698|4.530213060808605|6.0402840810781395
94.8|1.0|0.64|0.0|0|0.9920595437928578|1.9841190875857155|2.9761786313785734|3.968238175171431
95.0|1.0|0.64|0.0|0|1.2971007372601902|2.5942014745203803|3.89130221178057|5.188402949040761
95.2|1.0|0.64|0.0|0|0.928276565739653|1.856553131479306|2.784829697218959|3.713106262958612
95.4|1.0|0.64|0.0|0|1.4443060847936444|2.888612169587289|4.3329182543809335|5.777224339174578
95.6|1.0|0.64|0.0|0|1.622682211308276|3.245364422616552|4.868046633924828|6.490728845233104
95.8|1.0|0.64|0.0|0|1.5185393817286252|3.0370787634572505|4.555618145185876|6.074157526914501
96.0|1.0|0.64|0.0|0|1.803580827430125|3.60716165486025|5.410742482290376|7.2143233097205
96.2|1.0|0.64|0.0|0|1.1282740394328732|2.2565480788657464|3.384822118298619|4.513096157731493
96.4|1.0|0.64|0.0|0|1.1805256323859805|2.361051264771961|3.5415768971579413|4.722102529543922
96.6|1.0|0.64|0.0|0|1.1030491330684173|2.2060982661368347|3.309147399205252|4.412196532273669
96.8|1.0|0.64|0.0|0|2.1280812336626713|4.256162467325343|6.384243700988014|8.512324934650685
97.0|1.0|0.64|0.0|0|1.7118702744791532|3.4237405489583064|5.135610823437459|6.847481097916613
97.2|1.0|0.64|0.0|0|1.6086283344664858|3.2172566689329716|4.825885003399457|6.434513337865943
97.4|1.0|0.64|0.0|0|1.647907117424185|3.29581423484837|4.943721352272555|6.59162846969674
97.6|1.0|0.64|0.0|0|1.203948760382483|2.407897520764966|3.6118462811474488|4.815795041529932
97.8|1.0|0.64|0.0|0|1.4579996067914194|2.9159992135828388|4.373998820374258|5.8319984271656775
98.0|1.0|0.64|0.0|0|1.7271853957441652|3.4543707914883304|5.181556187232495|6.908741582976661
98.2|1.0|0.64|0.0|0|1.6504296081239604|3.300859216247921|4.951288824371882|6.601718432495842
98.4|1.0|0.64|0.0|0|1.7405185603676379|3.4810371207352757|5.221555681102914|6.962074241470551
98.6|1.0|0.64|0.0|0|1.4965576770488418|2.9931153540976836|4.489673031146526|5.986230708195367
98.8|1.0|0.64|0.0|0|2.0542082930152556|4.108416586030511|6.162624879045767|8.216833172061023
99.0|1.0|0.64|0.0|0|1.4891703829838674|2.978340765967735|4.467511148951602|5.95668153193547
99.2|1.0|0.64|0.0|0|1.7983556682034412|3.5967113364068823|5.395067004610324|7.193422672813765
99.4|1.0|0.64|0.0|0|1.3527757095365098|2.7055514190730197|4.0583271286095295|5.411102838146039
99.6|1.0|0.64|0.0|0|1.1675528233358647|2.3351056466717295|3.502658470007594|4.670211293343459
99.8|1.0|0.64|0.0|0|1.133138842775371|2.266277685550742|3.399416528326113|4.532555371101484
100.0|1.0|0.64|0.0|0|1.5884484085493036|3.176896817098607|4.765345225647911|6.353793634197214
100.2|1.0|0.64|0.0|0|1.567187416069793|3.134374832139586|4.701562248209379|6.268749664279172
100.4|1.0|0.64|0.0|0|1.2956593131856073|2.5913186263712147|3.886977939556822|5.182637252742429
100.6|1.0|0.64|0.0|0|1.4552969368320203|2.9105938736640407|4.365890810496062|5.821187747328081
100.8|1.0|0.64|0.0|0|1.6446639155031895|3.289327831006379|4.933991746509569|6.578655662012758
101.0|1.0|0.64|0.0|0|1.9406962135725205|3.881392427145041|5.822088640717562|7.762784854290082
101.2|1.0|0.64|0.0|0|1.8513279720145528|3.7026559440291056|5.553983916043658|7.405311888058211
101.4|1.0|0.64|0.0|0|1.685744478187409|3.371488956374818|5.057233434562226|6.742977912749636
101.6|1.0|0.64|0.0|0|1.3637665615353047|2.7275331230706095|4.091299684605914|5.455066246141219
101.8|1.0|0.64|0.0|0|1.1695347801822946|2.3390695603645892|3.508604340546884|4.6781391207291785
102.0|1.0|0.64|0.0|0|0.9230514070729268|1.8461028141458535|2.76915422121878|3.692205628291707
102.2|1.0|0.64|0.0|0|1.2207053047936653|2.4414106095873307|3.662115914380996|4.882821219174661
102.4|1.0|0.64|0.0|0|1.484125402052306|2.968250804104612|4.452376206156918|5.936501608209224
102.6|1.0|0.64|0.0|0|1.0466534497821713|2.0933068995643427|3.139960349346514|4.186613799128685
102.8|1.0|0.64|0.0|0|1.0055728863645355|2.011145772729071|3.0167186590936064|4.022291545458142
103.0|1.0|0.64|0.0|0|1.2443086104968109|2.4886172209936217|3.7329258314904323|4.977234441987243
103.2|1.0|0.64|0.0|0|1.3293525810306903|2.6587051620613806|3.988057743092071|5.317410324122761
103.4|1.0|0.64|0.0|0|1.508449419853861|3.016898839707722|4.525348259561583|6.033797679415444
103.6|1.0|0.64|0.0|0|1.1425080948619881|2.2850161897239762|3.427524284585964|4.5700323794479525
103.8|1.0|0.64|0.0|0|2.055829894329656|4.111659788659312|6.167489682988967|8.223319577318623
104.0|1.0|0.64|0.0|0|1.6370964420988472|3.2741928841976944|4.911289326296542|6.548385768395389
104.2|1.0|0.64|0.0|0|1.5243050747836255|3.048610149567251|4.572915224350877|6.097220299134502
104.4|1.0|0.64|0.0|0|1.1399856038566223|2.2799712077132446|3.419956811569867|4.559942415426489
104.6|1.0|0.64|0.0|0|1.537638240111411|3.075276480222822|4.612914720334233|6.150552960445644
104.8|1.0|0.64|0.0|0|1.158543927691063|2.317087855382126|3.475631783073189|4.634175710764252
105.0|1.0|0.64|0.0|0|1.6614204599853852|3.3228409199707705|4.9842613799561555|6.645681839941541
105.2|1.0|0.64|0.0|0|1.5916916108905586|3.183383221781117|4.775074832671676|6.366766443562234
105.4|1.0|0.64|0.0|0|1.5253861417807653|3.0507722835615305|4.576158425342296|6.101544567123061
105.6|1.0|0.64|0.0|0|1.3459289488138177|2.6918578976276355|4.0377868464414535|5.383715795255271
105.8|1.0|0.64|0.0|0|1.2895332648319902|2.5790665296639803|3.8685997944959705|5.158133059327961
106.0|1.0|0.64|0.0|0|1.2468311016232485|2.493662203246497|3.7404933048697453|4.987324406492994
106.2|1.0|0.64|0.0|0|1.104670733922977|2.209341467845954|3.3140122017689313|4.418682935691908
106.4|1.0|0.64|0.0|0|0.8104402161098558|1.6208804322197117|2.4313206483295673|3.2417608644394234
106.6|1.0|0.64|0.0|0|1.4707922375353533|2.9415844750707065|4.41237671260606|5.883168950141413
106.8|1.0|0.64|0.0|0|1.1913363073091032|2.3826726146182065|3.57400892192731|4.765345229236413
107.0|1.0|0.64|0.0|0|1.1709762029349815|2.341952405869963|3.5129286088049443|4.683904811739926
107.2|1.0|0.64|0.0|0|1.776554142265815|3.55310828453163|5.329662426797445|7.10621656906326
107.4|1.0|0.64|0.0|0|1.302506074117265|2.60501214823453|3.907518222351795|5.21002429646906
107.6|1.0|0.64|0.0|0|1.8927688906691054|3.7855377813382107|5.6783066720073165|7.5710755626764215
107.8|1.0|0.64|0.0|0|1.5596199436712792|3.1192398873425584|4.678859831013837|6.238479774685117
108.0|1.0|0.64|0.0|0|1.6428621357312674|3.2857242714625348|4.928586407193802|6.5714485429250695
108.2|1.0|0.64|0.0|0|1.4981792784854784|2.9963585569709568|4.494537835456435|5.9927171139419135
108.4|1.0|0.64|0.0|0|1.2861098845879326|2.5722197691758653|3.8583296537637977|5.1444395383517305
108.6|1.0|0.64|0.0|0|1.503224260901335|3.00644852180267|4.509672782704006|6.01289704360534
108.8|1.0|0.64|0.0|0|1.8725889643881253|3.7451779287762506|5.617766893164376|7.490355857552501
109.0|1.0|0.64|0.0|0|1.2030478706199221|2.4060957412398443|3.6091436118597664|4.8121914824796885
109.2|1.0|0.64|0.0|0|1.3475505502580212|2.6951011005160423|4.042651650774063|5.390202201032085
109.4|1.0|0.64|0.0|0|1.6529520981281545|3.305904196256309|4.958856294384463|6.611808392512618
109.6|1.0|0.64|0.0|0|1.3855680876679266|2.771136175335853|4.156704263003779|5.542272350671706
109.8|1.0|0.64|0.0|0|0.9716994413611255|1.943398882722251|2.9150983240833765|3.886797765444502
110.0|1.0|0.64|0.0|0|1.6075472666654982|3.2150945333309964|4.822641799996495|6.430189066661993
110.2|1.0|0.64|0.0|0|2.083577290782707|4.167154581565414|6.25073187234812|8.334309163130827
110.4|1.0|0.64|0.0|0|1.903759742027616|3.807519484055232|5.711279226082848|7.615038968110464
110.6|1.0|0.64|0.0|0|1.8378146283770929|3.6756292567541857|5.513443885131278|7.3512585135083715
110.8|1.0|0.64|0.0|0|1.5426832199358629|3.0853664398717258|4.628049659807588|6.1707328797434515
111.0|1.0|0.64|0.0|0|1.6034031754505136|3.206806350901027|4.8102095263515405|6.413612701802054
111.2|1.0|0.64|0.0|0|1.176922074330506|2.353844148661012|3.530766222991518|4.707688297322024
111.4|1.0|0.64|0.0|0|1.3520549978787324|2.704109995757465|4.056164993636197|5.40821999151493
111.6|1.0|0.64|0.0|0|1.5152961795299793|3.0305923590599586|4.545888538589938|6.061184718119917
111.8|1.0|0.64|0.0|0|1.4039462343533535|2.807892468706707|4.211838703060061|5.615784937413414
112.0|1.0|0.64|0.0|0|2.103757217095701|4.207514434191402|6.311271651287103|8.415028868382803
112.2|1.0|0.64|0.0|0|1.6100697580480496|3.2201395160960993|4.830209274144149|6.4402790321921985
112.4|1.0|0.64|0.0|0|1.8322291149786922|3.6644582299573845|5.496687344936077|7.328916459914769
112.6|1.0|0.64|0.0|0|1.5648451039474471|3.1296902078948943|4.694535311842341|6.2593804157897885
112.8|1.0|0.64|0.0|0|1.309893367792248|2.619786735584496|3.929680103376744|5.239573471168992
113.0|1.0|0.64|0.0|0|0.8971057879977169|1.7942115759954338|2.691317363993151|3.5884231519908676
113.2|1.0|0.64|0.0|0|1.3594422919559304|2.7188845839118607|4.078326875867791|5.437769167823721
113.4|1.0|0.64|0.0|0|1.7109693841409186|3.421938768281837|5.132908152422756|6.843877536563674
113.6|1.0|0.64|0.0|0|1.4160181546729302|2.8320363093458605|4.248054464018791|5.664072618691721
113.8|1.0|0.64|0.0|0|1.7588967067480568|3.5177934134961135|5.2766901202441705|7.035586826992227
114.0|1.0|0.64|0.0|0|1.7008794221084114|3.4017588442168227|5.1026382663252345|6.8035176884336455
114.2|1.0|0.64|0.0|0|1.887543730778854|3.775087461557708|5.662631192336563|7.550174923115416
114.4|1.0|0.64|0.0|0|0.9046732605068254|1.8093465210136508|2.7140197815204763|3.6186930420273016
114.6|1.0|0.64|0.0|0|1.026653701266042|2.053307402532084|3.0799611037981256|4.106614805064168
114.8|1.0|0.64|0.0|0|0.8180076881661087|1.6360153763322174|2.454023064498326|3.2720307526644348
115.0|1.0|0.64|0.0|0|1.4403421709639965|2.880684341927993|4.321026512891989|5.761368683855986
115.2|1.0|0.64|0.0|0|1.4007030317577314|2.8014060635154627|4.202109095273194|5.6028121270309255
115.4|1.0|0.64|0.0|0|1.7185368559457144|3.4370737118914287|5.155610567837143|6.8741474237828575
115.6|1.0|0.64|0.0|0|1.9196153970994072|3.8392307941988144|5.758846191298222|7.678461588397629
115.8|1.0|0.64|0.0|0|1.5100710199534673|3.0201420399069345|4.530213059860402|6.040284079813869
116.0|1.0|0.64|0.0|0|1.5419625100807766|3.083925020161553|4.62588753024233|6.167850040323106
116.2|1.0|0.64|0.0|0|1.5057467507314881|3.0114935014629762|4.517240252194465|6.0229870029259525
116.4|1.0|0.64|0.0|0|2.3871770613401915|4.774354122680383|7.161531184020575|9.548708245360766
116.6|1.0|0.64|0.0|0|1.3216049315052818|2.6432098630105636|3.964814794515845|5.286419726021127
116.8|1.0|0.64|0.0|0|1.619979541964714|3.239959083929428|4.859938625894142|6.479918167858856
117.0|1.0|0.64|0.0|0|2.308799672314201|4.617599344628402|6.926399016942602|9.235198689256803
117.2|1.0|0.64|0.0|0|1.5208816948783364|3.0417633897566727|4.562645084635009|6.083526779513345
117.4|1.0|0.64|0.0|0|1.409711927758764|2.819423855517528|4.229135783276291|5.638847711035056
117.6|1.0|0.64|0.0|0|1.9070029449771408|3.8140058899542817|5.721008834931422|7.628011779908563
117.8|1.0|0.64|0.0|0|1.6536728096730091|3.3073456193460182|4.961018429019028|6.6146912386920365
118.0|1.0|0.64|0.0|0|1.6933119491458652|3.3866238982917305|5.0799358474375955|6.773247796583461
118.2|1.0|0.64|0.0|0|1.4949360764119788|2.9898721528239576|4.484808229235936|5.979744305647915
118.4|1.0|0.64|0.0|0|1.8406974756013386|3.681394951202677|5.522092426804016|7.362789902405354
118.6|1.0|0.64|0.0|0|1.7774550310673674|3.5549100621347347|5.332365093202102|7.109820124269469
118.8|1.0|0.64|0.0|0|1.8120491888164558|3.6240983776329116|5.4361475664493675|7.248196755265823
119.0|1.0|0.64|0.0|0|1.3543973110441596|2.7087946220883192|4.063191933132479|5.4175892441766385
119.2|1.0|0.64|0.0|0|1.1855706137948447|2.3711412275896895|3.556711841384534|4.742282455179379
119.4|1.0|0.64|0.0|0|1.7345726894499982|3.4691453788999964|5.203718068349994|6.938290757799993
119.6|1.0|0.64|0.0|0|1.205570361148567|2.411140722297134|3.616711083445701|4.822281444594268
119.8|1.0|0.64|0.0|0|1.6352946634317065|3.270589326863413|4.905883990295119|6.541178653726826
120.0|1.0|0.64|0.0|0|1.5855655627191314|3.171131125438263|4.756696688157394|6.342262250876526
120.2|1.0|0.64|0.0|0|1.633853240582977|3.267706481165954|4.901559721748931|6.535412962331908
120.4|1.0|0.64|0.0|0|1.4772786418156478|2.9545572836312957|4.4318359254469435|5.909114567262591
120.6|1.0|0.64|0.0|0|1.2603444433677953|2.5206888867355906|3.781033330103386|5.041377773471181
120.8|1.0|0.64|0.0|0|1.2796234801685216|2.559246960337043|3.838870440505565|5.118493920674086
121.0|1.0|0.64|0.0|0|1.1062923362967567|2.2125846725935134|3.3188770088902704|4.425169345187027
121.2|1.0|0.64|0.0|0|1.7969142442452737|3.5938284884905474|5.390742732735821|7.187656976981095
121.4|1.0|0.64|0.0|0|1.3073708769935195|2.614741753987039|3.9221126309805583|5.229483507974078
121.6|1.0|0.64|0.0|0|1.7041226238646792|3.4082452477293583|5.112367871594038|6.816490495458717
121.8|1.0|0.64|0.0|0|1.6513304970652112|3.3026609941304224|4.953991491195634|6.605321988260845
122.0|1.0|0.64|0.0|0|1.579079158343376|3.158158316686752|4.7372374750301285|6.316316633373504
122.2|1.0|0.64|0.0|0|1.3318750728783209|2.6637501457566417|3.995625218634963|5.327500291513283
122.4|1.0|0.64|0.0|0|1.8597963333089154|3.7195926666178307|5.5793889999267465|7.4391853332356614
122.6|1.0|0.64|0.0|0|2.126459633408815|4.25291926681763|6.3793789002264445|8.50583853363526
122.8|1.0|0.64|0.0|0|1.4947558977938038|2.9895117955876076|4.484267693381411|5.979023591175215
123.0|1.0|0.64|0.0|0|1.660699748466724|3.321399496933448|4.982099245400172|6.642798993866896
123.2|1.0|0.64|0.0|0|1.9448403044953029|3.8896806089906057|5.834520913485909|7.7793612179812115
123.4|1.0|0.64|0.0|0|1.345208237114713|2.690416474229426|4.035624711344139|5.380832948458852
123.6|1.0|0.64|0.0|0|1.8118690114188956|3.623738022837791|5.4356070342566865|7.247476045675582
123.8|1.0|0.64|0.0|0|1.595655525258045|3.19131105051609|4.7869665757741355|6.38262210103218
124.0|1.0|0.64|0.0|0|1.2545787516399298|2.5091575032798596|3.7637362549197895|5.018315006559719
124.2|1.0|0.64|0.0|0|1.276019921822009|2.552039843644018|3.8280597654660267|5.104079687288036
124.4|1.0|0.64|0.0|0|1.3662890516803612|2.7325781033607224|4.098867155041083|5.465156206721445
124.6|1.0|0.64|0.0|0|1.727185395188864|3.454370790377728|5.181556185566592|6.908741580755456
124.8|1.0|0.64|0.0|0|1.5016026591212734|3.003205318242547|4.5048079773638205|6.006410636485094
125.0|1.0|0.64|0.0|0|1.2016064480610669|2.4032128961221337|3.6048193441832006|4.8064257922442675
125.2|1.0|0.64|0.0|0|1.5461066018696887|3.0922132037393775|4.638319805609067|6.184426407478755
125.4|1.0|0.64|0.0|0|2.0070016822335326|4.014003364467065|6.021005046700599|8.02800672893413
125.6|1.0|0.64|0.0|0|1.2115162322472326|2.423032464494465|3.634548696741698|4.84606492898893
125.8|1.0|0.64|0.0|0|1.7632209765893656|3.526441953178731|5.289662929768097|7.052883906357462
126.0|1.0|0.64|0.0|0|1.8785348362673557|3.7570696725347115|5.635604508802067|7.514139345069423
126.2|1.0|0.64|0.0|0|1.535295927090921|3.070591854181842|4.605887781272763|6.141183708363684
126.4|1.0|0.64|0.0|0|1.2796234796429065|2.559246959285813|3.838870438928719|5.118493918571626
126.6|1.0|0.64|0.0|0|1.2569210635748471|2.5138421271496942|3.770763190724541|5.0276842542993885
126.8|1.0|0.64|0.0|0|1.6756545155285874|3.3513090310571747|5.026963546585762|6.702618062114349
127.0|1.0|0.64|0.0|0|0.9675553485960708|1.9351106971921417|2.9026660457882123|3.8702213943842834
127.2|1.0|0.64|0.0|0|1.4486303549888557|2.8972607099777115|4.345891064966567|5.794521419955423
127.4|1.0|0.64|0.0|0|0.929717988379999|1.859435976759998|2.789153965139997|3.718871953519996
127.6|1.0|0.64|0.0|0|1.6680870428751238|3.3361740857502475|5.004261128625371|6.672348171500495
127.8|1.0|0.64|0.0|0|1.6992578200961013|3.3985156401922025|5.097773460288304|6.797031280384405
128.0|1.0|0.64|0.0|0|0.973501220376348|1.947002440752696|2.920503661129044|3.894004881505392
128.2|1.0|0.64|0.0|0|1.7891665955312799|3.5783331910625598|5.367499786593839|7.1566663821251195
128.4|1.0|0.64|0.0|0|1.2088135638681716|2.4176271277363433|3.626440691604515|4.8352542554726865
128.6|1.0|0.64|0.0|0|1.631871284260416|3.263742568520832|4.895613852781248|6.527485137041664
128.8|1.0|0.64|0.0|0|1.4007030321873037|2.8014060643746075|4.2021090965619114|5.602812128749215
129.0|1.0|0.64|0.0|0|1.0181853405310548|2.0363706810621096|3.0545560215931644|4.072741362124219
129.2|1.0|0.64|0.0|0|0.7945845602272318|1.5891691204544636|2.3837536806816955|3.178338240908927
129.4|1.0|0.64|0.0|0|0.8895383162278457|1.7790766324556915|2.6686149486835373|3.558153264911383
129.6|1.0|0.64|0.0|0|0.8425118835340262|1.6850237670680523|2.5275356506020783|3.3700475341361047
129.8|1.0|0.64|0.0|0|0.8457550854055451|1.6915101708110902|2.5372652562166356|3.3830203416221805
130.0|1.0|0.64|0.0|0|1.0661126633518152|2.1322253267036304|3.1983379900554456|4.264450653407261
130.2|1.0|0.64|0.0|0|1.230074555926259|2.460149111852518|3.6902236677787763|4.920298223705036
130.4|1.0|0.64|0.0|0|1.2534976841352192|2.5069953682704385|3.760493052405658|5.013990736540877
130.6|1.0|0.64|0.0|0|1.9549302672460926|3.9098605344921853|5.864790801738278|7.819721068984371
130.8|1.0|0.64|0.0|0|1.6495287187938825|3.299057437587765|4.948586156381648|6.59811487517553
131.0|1.0|0.64|0.0|0|1.5091701312619274|3.018340262523855|4.527510393785782|6.03668052504771
131.2|1.0|0.64|0.0|0|0.8464757969614591|1.6929515939229183|2.5394273908843776|3.3859031878458365
131.4|1.0|0.64|0.0|0|1.4677292124781538|2.9354584249563076|4.403187637434462|5.870916849912615
131.6|1.0|0.64|0.0|0|1.426648650793942|2.853297301587884|4.279945952381826|5.706594603175768
131.8|1.0|0.64|0.0|0|1.6504296075931066|3.3008592151862133|4.95128882277932|6.601718430372427
132.0|1.0|0.64|0.0|0|1.402144454616356|2.804288909232712|4.206433363849068|5.608577818465424
132.2|1.0|0.64|0.0|0|1.3192626188247243|2.6385252376494486|3.957787856474173|5.277050475298897
132.4|1.0|0.64|0.0|0|1.2376420286798395|2.475284057359679|3.7129260860395186|4.950568114719358
132.6|1.0|0.64|0.0|0|1.937272831597367|3.874545663194734|5.811818494792101|7.749091326389468
132.8|1.0|0.64|0.0|0|1.0046719974774179|2.0093439949548357|3.0140159924322534|4.0186879899096715
133.0|1.0|0.64|0.0|0|1.259443553694292|2.518887107388584|3.7783306610828764|5.037774214777168
133.2|1.0|0.64|0.0|0|2.134027104935378|4.268054209870756|6.402081314806134|8.536108419741511
133.4|1.0|0.64|0.0|0|1.0181853404827426|2.036370680965485|3.0545560214482275|4.07274136193097
133.6|1.0|0.64|0.0|0|1.0089962666539949|2.0179925333079898|3.026988799961985|4.0359850666159796
133.8|1.0|0.64|0.0|0|1.3967391184187739|2.7934782368375477|4.190217355256322|5.586956473675095
134.0|1.0|0.64|0.0|0|1.2477319909213123|2.4954639818426245|3.7431959727639366|4.990927963685249
134.2|1.0|0.64|0.0|0|1.6848435881937636|3.369687176387527|5.0545307645812905|6.739374352775054
134.4|1.0|0.64|0.0|0|1.6806994955521093|3.3613989911042186|5.042098486656328|6.722797982208437
134.6|1.0|0.64|0.0|0|1.341784857240274|2.683569714480548|4.025354571720822|5.367139428961096
134.8|1.0|0.64|0.0|0|1.2282727777480624|2.456545555496125|3.6848183332441873|4.91309111099225
135.0|1.0|0.64|0.0|0|1.4796209551085497|2.9592419102170995|4.43886286532565|5.918483820434199
135.2|1.0|0.64|0.0|0|1.2965602030267485|2.593120406053497|3.8896806090802456|5.186240812106994
135.4|1.0|0.64|0.0|0|1.419081177954796|2.838162355909592|4.257243533864388|5.676324711819184
135.6|1.0|0.64|0.0|0|1.2181828142155438|2.4363656284310875|3.6545484426466315|4.872731256862175
135.8|1.0|0.64|0.0|0|1.555475852757228|3.110951705514456|4.6664275582716845|6.221903411028912
136.0|1.0|0.64|0.0|0|1.4149370868707787|2.8298741737415574|4.244811260612336|5.659748347483115
136.2|1.0|0.64|0.0|0|1.4915126958460327|2.9830253916920655|4.4745380875380985|5.966050783384131
136.4|1.0|0.64|0.0|0|1.2374618504423427|2.4749237008846854|3.712385551327028|4.949847401769371
136.6|1.0|0.64|0.0|0|1.2082730298035322|2.4165460596070645|3.624819089410597|4.833092119214129
136.8|1.0|0.64|0.0|0|1.288272019288853|2.576544038577706|3.864816057866559|5.153088077155412
137.0|1.0|0.64|0.0|0|1.0619685713085356|2.1239371426170712|3.1859057139256066|4.2478742852341425
137.2|1.0|0.64|0.0|0|1.573133287293605|3.14626657458721|4.719399861880815|6.29253314917442
137.4|1.0|0.64|0.0|0|1.8230400404165281|3.6460800808330562|5.469120121249585|7.2921601616661125
137.6|1.0|0.64|0.0|0|1.7412392726045816|3.482478545209163|5.2237178178137444|6.964957090418326
137.8|1.0|0.64|0.0|0|1.4839452246617306|2.9678904493234612|4.451835673985192|5.9357808986469225
138.0|1.0|0.64|0.0|0|1.3374605869542586|2.6749211739085172|4.012381760862776|5.3498423478170345
138.2|1.0|0.64|0.0|0|1.3235868887905975|2.647173777581195|3.9707606663717923|5.29434755516239
138.4|1.0|0.64|0.0|0|1.0610676813765905|2.122135362753181|3.183203044129771|4.244270725506362
138.6|1.0|0.64|0.0|0|1.1443098734464738|2.2886197468929477|3.4329296203394217|4.577239493785895
138.8|1.0|0.64|0.0|0|0.7926026033563547|1.5852052067127094|2.377807810069064|3.1704104134254187
139.0|1.0|0.64|0.0|0|1.3864689782069775|2.772937956413955|4.159406934620932|5.54587591282791
139.2|1.0|0.64|0.0|0|1.6073670890223017|3.2147341780446035|4.822101267066905|6.429468356089207
139.4|1.0|0.64|0.0|0|1.4798011315194903|2.9596022630389807|4.439403394558471|5.919204526077961
139.6|1.0|0.64|0.0|0|1.5990789055527435|3.198157811105487|4.79723671665823|6.396315622210974
139.8|1.0|0.64|0.0|0|1.4561978273640865|2.912395654728173|4.368593482092259|5.824791309456346
140.0|1.0|0.64|0.0|0|1.118364255107591|2.236728510215182|3.355092765322773|4.473457020430364
140.2|1.0|0.64|0.0|0|1.7318700212531273|3.4637400425062546|5.195610063759382|6.927480085012509
140.4|1.0|0.64|0.0|0|0.8650341213028886|1.7300682426057772|2.5951023639086657|3.4601364852115544
140.6|1.0|0.64|0.0|0|1.3543973109527736|2.708794621905547|4.063191932858321|5.417589243811094
140.8|1.0|0.64|0.0|0|1.3653881633322464|2.730776326664493|4.09616448999674|5.461552653328986
141.0|1.0|0.64|0.0|0|1.3172806622443034|2.634561324488607|3.95184198673291|5.269122648977214
141.2|1.0|0.64|0.0|0|1.0156628487212593|2.0313256974425187|3.0469885461637776|4.062651394885037
141.4|1.0|0.64|0.0|0|0.9810686926875505|1.962137385375101|2.9432060780626514|3.924274770750202
141.6|1.0|0.64|0.0|0|1.0922384594858168|2.1844769189716335|3.2767153784574505|4.368953837943267
141.8|1.0|0.64|0.0|0|1.0062935991340791|2.0125871982681582|3.0188807974022374|4.0251743965363165
142.0|1.0|0.64|0.0|0|1.3570999786391633|2.7141999572783266|4.07129993591749|5.428399914556653
142.2|1.0|0.64|0.0|0|1.444306084905403|2.888612169810806|4.332918254716209|5.777224339621612
142.4|1.0|0.64|0.0|0|1.220885483492749|2.441770966985498|3.662656450478247|4.883541933970996
142.6|1.0|0.64|0.0|0|0.8608900292997722|1.7217800585995444|2.5826700878993165|3.443560117199089
142.8|1.0|0.64|0.0|0|1.1149408752692407|2.2298817505384814|3.3448226258077223|4.459763501076963
143.0|1.0|0.64|0.0|0|0.9055741494894036|1.8111482989788072|2.716722448468211|3.6222965979576145
143.2|1.0|0.64|0.0|0|1.383225775063039|2.766451550126078|4.149677325189117|5.532903100252156
143.4|1.0|0.64|0.0|0|1.7792568095395125|3.558513619079025|5.337770428618537|7.11702723815805
143.6|1.0|0.64|0.0|0|1.1005266425659657|2.2010532851319313|3.301579927697897|4.402106570263863
143.8|1.0|0.64|0.0|0|1.1711563813022814|2.342312762604563|3.5134691439068444|4.684625525209126
144.0|1.0|0.64|0.0|0|1.2610651556745882|2.5221303113491764|3.783195467023764|5.044260622698353
144.2|1.0|0.64|0.0|0|1.5041251486673732|3.0082502973347465|4.512375446002119|6.016500594669493
144.4|1.0|0.64|0.0|0|1.2425068308284983|2.4850136616569967|3.7275204924854948|4.970027323313993
144.6|1.0|0.64|0.0|0|1.2452094997180405|2.490418999436081|3.7356284991541213|4.980837998872162
144.8|1.0|0.64|0.0|0|1.3385416548448859|2.6770833096897717|4.015624964534658|5.354166619379543
145.0|1.0|0.64|0.0|0|1.1963812878023612|2.3927625756047224|3.589143863407083|4.785525151209445
145.2|1.0|0.64|0.0|0|0.9996270154492239|1.9992540308984479|2.998881046347672|3.9985080617968958
145.4|1.0|0.64|0.0|0|1.2981818036158814|2.596363607231763|3.8945454108476443|5.192727214463526
145.6|1.0|0.64|0.0|0|1.6143940268032033|3.2287880536064066|4.84318208040961|6.457576107212813
145.8|1.0|0.64|0.0|0|1.2752992103283771|2.5505984206567542|3.825897630985131|5.1011968413135085
146.0|1.0|0.64|0.0|0|1.3183617299742776|2.636723459948555|3.9550851899228325|5.27344691989711
146.2|1.0|0.64|0.0|0|1.2241286862286518|2.4482573724573036|3.672386058685955|4.896514744914607
146.4|1.0|0.64|0.0|0|1.9010570741014106|3.802114148202821|5.703171222304232|7.604228296405642
146.6|1.0|0.64|0.0|0|1.0877340118814036|2.1754680237628072|3.263202035644211|4.3509360475256145
146.8|1.0|0.64|0.0|0|1.2392636289371888|2.4785272578743776|3.7177908868115663|4.957054515748755
147.0|1.0|0.64|0.0|0|1.3316948951280223|2.6633897902560446|3.9950846853840667|5.326779580512089
147.2|1.0|0.64|0.0|0|0.9945820339256907|1.9891640678513813|2.983746101777072|3.9783281357027627
147.4|1.0|0.64|0.0|0|1.87817447959562|3.75634895919124|5.63452343878686|7.51269791838248
147.6|1.0|0.64|0.0|0|1.4016039217112133|2.8032078434224266|4.204811765133639|5.606415686844853
147.8|1.0|0.64|0.0|0|1.5234041855763658|3.0468083711527316|4.570212556729097|6.093616742305463
148.0|1.0|0.64|0.0|0|1.4343963005754643|2.8687926011509286|4.303188901726394|5.737585202301857
148.2|1.0|0.64|0.0|0|1.5951149915310103|3.1902299830620207|4.7853449745930305|6.380459966124041
148.4|1.0|0.64|0.0|0|1.8666430950339434|3.733286190067887|5.5999292851018305|7.466572380135774
148.6|1.0|0.64|0.0|0|0.5673802223475655|1.134760444695131|1.7021406670426964|2.269520889390262
148.8|1.0|0.64|0.0|0|0.7315222936199286|1.4630445872398572|2.194566880859786|2.9260891744797144
149.0|1.0|0.64|0.0|0|1.433495410954348|2.866990821908696|4.300486232863045|5.733981643817392
149.2|1.0|0.64|0.0|0|1.0441309590515457|2.0882619181030915|3.132392877154637|4.176523836206183
149.4|1.0|0.64|0.0|0|1.4351170124608337|2.8702340249216673|4.3053510373825015|5.740468049843335
149.6|1.0|0.64|0.0|0|0.636208182041301|1.272416364082602|1.908624546123903|2.544832728165204
149.8|1.0|0.64|0.0|0|1.2239485070697276|2.447897014139455|3.6718455212091827|4.89579402827891
150.0|1.0|0.64|0.0|0|1.1989037787541759|2.3978075575083517|3.596711336262527|4.7956151150167035
150.2|1.0|0.64|0.0|0|1.1635889097175105|2.327177819435021|3.4907667291525315|4.654355638870042
150.4|1.0|0.64|0.0|0|0.9246730070532075|1.849346014106415|2.7740190211596225|3.69869202821283
150.6|1.0|0.64|0.0|0|1.3722349232574937|2.7444698465149875|4.116704769772481|5.488939693029975
150.8|1.0|0.64|0.0|0|1.7295277089491734|3.459055417898347|5.18858312684752|6.918110835796694
151.0|1.0|0.64|0.0|0|1.609349045619603|3.218698091239206|4.8280471368588085|6.437396182478412
151.2|1.0|0.64|0.0|0|1.142688273503446|2.285376547006892|3.4280648205103383|4.570753094013784
151.4|1.0|0.64|0.0|0|1.4670085015747476|2.934017003149495|4.401025504724243|5.86803400629899
151.6|1.0|0.64|0.0|0|1.0776440484810164|2.1552880969620327|3.2329321454430495|4.310576193924065
151.8|1.0|0.64|0.0|0|1.1889939939562475|2.377987987912495|3.5669819818687425|4.75597597582499
152.0|1.0|0.64|0.0|0|1.0778242262196738|2.1556484524393476|3.233472678659021|4.311296904878695
152.2|1.0|0.64|0.0|0|1.3736763455922494|2.7473526911844988|4.121029036776749|5.4947053823689975
152.4|1.0|0.64|0.0|0|0.9936811454652352|1.9873622909304705|2.9810434363957055|3.974724581860941
152.6|1.0|0.64|0.0|0|1.219083704337828|2.438167408675656|3.657251113013484|4.876334817351312
152.8|1.0|0.64|0.0|0|1.4048471238656215|2.809694247731243|4.214541371596864|5.619388495462486
153.0|1.0|0.64|0.0|0|1.440161993010553|2.880323986021106|4.320485979031659|5.760647972042212
153.2|1.0|0.64|0.0|0|1.318361729339814|2.636723458679628|3.955085188019442|5.273446917359256
153.4|1.0|0.64|0.0|0|0.8506198886828504|1.7012397773657009|2.5518596660485513|3.4024795547314017
153.6|1.0|0.64|0.0|0|1.2778217015916027|2.5556434031832054|3.8334651047748083|5.111286806366411
153.8|1.0|0.64|0.0|0|1.7086270719714245|3.417254143942849|5.125881215914274|6.834508287885698
154.0|1.0|0.64|0.0|0|0.6133255887852289|1.2266511775704578|1.8399767663556865|2.4533023551409157
154.2|1.0|0.64|0.0|0|0.723774644284277|1.447549288568554|2.1713239328528307|2.895098577137108
154.4|1.0|0.64|0.0|0|1.4612428082898272|2.9224856165796544|4.383728424869481|5.844971233159309
154.6|1.0|0.64|0.0|0|1.4770984642609268|2.9541969285218537|4.431295392782781|5.908393857043707
154.8|1.0|0.64|0.0|0|1.6767355824512211|3.3534711649024422|5.030206747353663|6.7069423298048845
155.0|1.0|0.64|0.0|0|1.9246603795595019|3.8493207591190037|5.773981138678505|7.6986415182380075
155.2|1.0|0.64|0.0|0|1.3250283113244234|2.650056622648847|3.97508493397327|5.300113245297694
155.4|1.0|0.64|0.0|0|1.593853745873204|3.187707491746408|4.781561237619612|6.375414983492816
155.6|1.0|0.64|0.0|0|1.3727754569443653|2.7455509138887306|4.118326370833096|5.491101827777461
155.8|1.0|0.64|0.0|0|1.1610664185910728|2.3221328371821457|3.4831992557732185|4.644265674364291
156.0|1.0|0.64|0.0|0|1.2569210638216475|2.513842127643295|3.7707631914649427|5.02768425528659
156.2|1.0|0.64|0.0|0|1.6806994973472333|3.3613989946944667|5.0420984920417|6.722797989388933
156.4|1.0|0.64|0.0|0|1.3025060738378682|2.6050121476757364|3.9075182215136044|5.210024295351473
156.6|1.0|0.64|0.0|0|1.4830443343281525|2.966088668656305|4.449133002984458|5.93217733731261
156.8|1.0|0.64|0.0|0|1.8859221295808692|3.7718442591617385|5.6577663887426075|7.543688518323477
157.0|1.0|0.64|0.0|0|1.4561978264956283|2.9123956529912567|4.368593479486885|5.824791305982513
157.2|1.0|0.64|0.0|0|1.9540293779555957|3.9080587559111915|5.862088133866788|7.816117511822383
157.4|1.0|0.64|0.0|0|1.7143927642150099|3.4287855284300197|5.14317829264503|6.857571056860039
157.6|1.0|0.64|0.0|0|1.6176372294279295|3.235274458855859|4.852911688283789|6.470548917711718
157.8|1.0|0.64|0.0|0|1.580520580853919|3.161041161707838|4.741561742561757|6.322082323415676
158.0|1.0|0.64|0.0|0|1.5882682318310268|3.1765364636620537|4.76480469549308|6.353072927324107
158.2|1.0|0.64|0.0|0|1.9289846496586704|3.857969299317341|5.786953948976011|7.715938598634682
158.4|1.0|0.64|0.0|0|1.3913337800628518|2.7826675601257036|4.174001340188555|5.565335120251407
158.6|1.0|0.64|0.0|0|1.4579996060207498|2.9159992120414997|4.373998818062249|5.831998424082999
158.8|1.0|0.64|0.0|0|1.7974547783506585|3.594909556701317|5.392364335051975|7.189819113402634
159.0|1.0|0.64|0.0|0|1.38052310709376|2.76104621418752|4.14156932128128|5.52209242837504
159.2|1.0|0.64|0.0|0|1.7378158925648328|3.4756317851296656|5.213447677694498|6.951263570259331
159.4|1.0|0.64|0.0|0|1.712590985684075|3.42518197136815|5.137772957052225|6.8503639427363
159.6|1.0|0.64|0.0|0|1.6823210968420623|3.3646421936841246|5.046963290526187|6.729284387368249
159.8|1.0|0.64|0.0|0|1.4174595775129286|2.8349191550258572|4.252378732538785|5.6698383100517145
160.0|1.0|0.64|0.0|0|1.4192613559513132|2.8385227119026264|4.257784067853939|5.677045423805253
160.2|1.0|0.64|0.0|0|1.6461053390946487|3.2922106781892975|4.938316017283946|6.584421356378595
160.4|1.0|0.64|0.0|0|1.8749312781484349|3.7498625562968697|5.624793834445304|7.499725112593739
160.6|1.0|0.64|0.0|0|1.8470037022681225|3.694007404536245|5.541011106804367|7.38801480907249
160.8|1.0|0.64|0.0|0|1.8086258079257111|3.6172516158514223|5.425877423777133|7.234503231702845
161.0|1.0|0.64|0.0|0|1.7143927648413244|3.428785529682649|5.143178294523973|6.857571059365298
161.2|1.0|0.64|0.0|0|1.6318712835805504|3.263742567161101|4.895613850741651|6.527485134322202
161.4|1.0|0.64|0.0|0|1.2695335173467186|2.539067034693437|3.8086005520401556|5.078134069386874
161.6|1.0|0.64|0.0|0|1.9289846486639015|3.857969297327803|5.786953945991705|7.715938594655606
161.8|1.0|0.64|0.0|0|1.1753004735941077|2.3506009471882154|3.5259014207823234|4.701201894376431
162.0|1.0|0.64|0.0|0|1.5832232495961958|3.1664464991923915|4.7496697487885875|6.332892998384783
162.2|1.0|0.64|0.0|0|1.7700677378143899|3.5401354756287797|5.310203213443169|7.0802709512575595
162.4|1.0|0.64|0.0|0|1.752410302596401|3.504820605192802|5.257230907789204|7.009641210385604
162.6|1.0|0.64|0.0|0|1.4814227332302847|2.9628454664605695|4.444268199690854|5.925690932921139
162.8|1.0|0.64|0.0|0|1.4543960482941487|2.9087920965882974|4.3631881448824466|5.817584193176595
163.0|1.0|0.64|0.0|0|1.6277271918836065|3.255454383767213|4.883181575650819|6.510908767534426
163.2|1.0|0.64|0.0|0|1.3307940056186647|2.6615880112373294|3.992382016855994|5.323176022474659
163.4|1.0|0.64|0.0|0|1.7506085229752368|3.5012170459504737|5.25182556892571|7.002434091900947
163.6|1.0|0.64|0.0|0|1.9870019342319591|3.9740038684639183|5.961005802695878|7.948007736927837
163.8|1.0|0.64|0.0|0|1.6066463771683643|3.2132927543367287|4.819939131505093|6.426585508673457
164.0|1.0|0.64|0.0|0|1.3754781255399589|2.7509562510799177|4.126434376619876|5.501912502159835
164.2|1.0|0.64|0.0|0|1.6999785322684344|3.399957064536869|5.099935596805303|6.799914129073738
164.4|1.0|0.64|0.0|0|1.3980003638629581|2.7960007277259162|4.194001091588874|5.5920014554518325
164.6|1.0|0.64|0.0|0|1.2837675712531211|2.5675351425062423|3.851302713759363|5.1350702850124845
164.8|1.0|0.64|0.0|0|1.5536740737664527|3.1073481475329054|4.661022221299358|6.214696295065811
165.0|1.0|0.64|0.0|0|1.6007005063479314|3.2014010126958627|4.802101519043794|6.4028020253917255
165.2|1.0|0.64|0.0|0|1.5596199445094694|3.119239889018939|4.678859833528408|6.238479778037878
165.4|1.0|0.64|0.0|0|1.3318750727182498|2.6637501454364996|3.99562521815475|5.327500290872999
165.6|1.0|0.64|0.0|0|1.4484501767251654|2.896900353450331|4.345350530175496|5.793800706900662
165.8|1.0|0.64|0.0|0|1.423405448191917|2.846810896383834|4.270216344575751|5.693621792767668
166.0|1.0|0.64|0.0|0|1.643042314726628|3.286084629453256|4.929126944179884|6.572169258906512
166.2|1.0|0.64|0.0|0|1.0307977929525087|2.0615955859050175|3.0923933788575257|4.123191171810035
166.4|1.0|0.64|0.0|0|1.352054997648812|2.704109995297624|4.056164992946436|5.408219990595248
166.6|1.0|0.64|0.0|0|2.161053790283042|4.322107580566084|6.4831613708491265|8.644215161132168
166.8|1.0|0.64|0.0|0|2.0583523845305916|4.116704769061183|6.1750571535917755|8.233409538122366
167.0|1.0|0.64|0.0|0|1.5823223603819512|3.1646447207639024|4.746967081145853|6.329289441527805
167.2|1.0|0.64|0.0|0|1.6605195708945408|3.3210391417890817|4.981558712683623|6.642078283578163
167.4|1.0|0.64|0.0|0|1.7178161445679159|3.4356322891358317|5.153448433703748|6.8712645782716635
167.6|1.0|0.64|0.0|0|1.2652092477201962|2.5304184954403923|3.7956277431605883|5.060836990880785
167.8|1.0|0.64|0.0|0|0.6944056448392809|1.3888112896785618|2.083216934517843|2.7776225793571236
168.0|1.0|0.64|0.0|0|1.1005266426113676|2.201053285222735|3.301579927834103|4.40210657044547
168.2|1.0|0.64|0.0|0|1.1855706139997357|2.3711412279994715|3.556711841999207|4.742282455998943
168.4|1.0|0.64|0.0|0|1.4504321332846315|2.900864266569263|4.3512963998538945|5.801728533138526
168.6|1.0|0.64|0.0|0|1.0835899196600085|2.167179839320017|3.2507697589800255|4.334359678640034
168.8|1.0|0.64|0.0|0|1.5882682315318393|3.1765364630636785|4.764804694595518|6.353072926127357
169.0|1.0|0.64|0.0|0|0.9718796190229486|1.9437592380458972|2.9156388570688456|3.8875184760917945
169.2|1.0|0.64|0.0|0|1.7423203392233715|3.484640678446743|5.2269610176701145|6.969281356893486
169.4|1.0|0.64|0.0|0|0.8951238316163661|1.7902476632327322|2.6853714948490985|3.5804953264654644
169.6|1.0|0.64|0.0|0|0.8962048984330621|1.7924097968661241|2.6886146952991865|3.5848195937322482
169.8|1.0|0.64|0.0|0|1.2922359332593636|2.584471866518727|3.8767077997780905|5.168943733037454
170.0|1.0|0.64|0.0|0|1.1794445649185228|2.3588891298370456|3.5383336947555684|4.717778259674091
170.2|1.0|0.64|0.0|0|1.460522097622162|2.921044195244324|4.381566292866486|5.842088390488648
170.4|1.0|0.64|0.0|0|1.4942153639858602|2.9884307279717204|4.48264609195758|5.976861455943441
170.6|1.0|0.64|0.0|0|1.3949373391037818|2.7898746782075636|4.184812017311346|5.579749356415127
170.8|1.0|0.64|0.0|0|1.7034019120311146|3.406803824062229|5.110205736093344|6.813607648124458
171.0|1.0|0.64|0.0|0|1.3201635090907815|2.640327018181563|3.9604905272723445|5.280654036363126
171.2|1.0|0.64|0.0|0|1.2954791354521888|2.5909582709043777|3.886437406356566|5.181916541808755
171.4|1.0|0.64|0.0|0|1.1315172415820427|2.2630344831640854|3.394551724746128|4.526068966328171
171.6|1.0|0.64|0.0|0|1.7524103021278294|3.504820604255659|5.257230906383488|7.009641208511318
171.8|1.0|0.64|0.0|0|1.184669724124252|2.369339448248504|3.554009172372756|4.738678896497008
172.0|1.0|0.64|0.0|0|1.255119284851245|2.51023856970249|3.7653578545537343|5.02047713940498
172.2|1.0|0.64|0.0|0|1.5199808057578061|3.0399616115156123|4.559942417273418|6.079923223031225
172.4|1.0|0.64|0.0|0|1.4933144746249323|2.9866289492498646|4.479943423874797|5.973257898499729
172.6|1.0|0.64|0.0|0|1.93547105359554|3.87094210719108|5.80641316078662|7.74188421438216
172.8|1.0|0.64|0.0|0|1.2360204273811553|2.4720408547623105|3.7080612821434658|4.944081709524621
173.0|1.0|0.64|0.0|0|1.0652117739123068|2.1304235478246136|3.195635321736921|4.260847095649227
173.2|1.0|0.64|0.0|0|0.6153075449471367|1.2306150898942734|1.8459226348414102|2.4612301797885467
173.4|1.0|0.64|0.0|0|0.9668346372823007|1.9336692745646014|2.900503911846902|3.8673385491292027
173.6|1.0|0.64|0.0|0|1.0507975411217203|2.1015950822434406|3.152392623365161|4.203190164486881
173.8|1.0|0.64|0.0|0|0.5007143972488125|1.001428794497625|1.5021431917464374|2.00285758899525
174.0|1.0|0.64|0.0|0|0.9718796181125808|1.9437592362251617|2.9156388543377423|3.8875184724503233
174.2|1.0|0.64|0.0|0|0.8877365368971376|1.7754730737942752|2.6632096106914127|3.5509461475885504
174.4|1.0|0.64|0.0|0|1.6900687475479224|3.3801374950958447|5.070206242643767|6.760274990191689
174.6|1.0|0.64|0.0|0|1.3259292020549778|2.6518584041099555|3.977787606164933|5.303716808219911
174.8|1.0|0.64|0.0|0|1.3569198017456814|2.7138396034913628|4.070759405237044|5.4276792069827255
175.0|1.0|0.64|0.0|0|1.207372139626533|2.414744279253066|3.6221164188795987|4.829488558506132
175.2|1.0|0.64|0.0|0|1.0758422698196966|2.151684539639393|3.227526809459089|4.303369079278786
175.4|1.0|0.64|0.0|0|1.1915164841449597|2.3830329682899194|3.574549452434879|4.766065936579839
175.6|1.0|0.64|0.0|0|0.4453997811145386|0.8907995622290772|1.336199343343616|1.7815991244581544
175.8|1.0|0.64|0.0|0|0.8978264993836645|1.795652998767329|2.6934794981509937|3.591305997534658
176.0|1.0|0.64|0.0|0|1.3075510553549987|2.6151021107099974|3.922653166064996|5.230204221419995
176.2|1.0|0.64|0.0|0|0.9821497589774671|1.9642995179549343|2.9464492769324013|3.9285990359098686
176.4|1.0|0.64|0.0|0|1.119985856297427|2.239971712594854|3.359957568892281|4.479943425189708
176.6|1.0|0.64|0.0|0|1.8026799378305456|3.605359875661091|5.408039813491637|7.210719751322182
176.8|1.0|0.64|0.0|0|2.1324055031029294|4.264811006205859|6.397216509308788|8.529622012411718
177.0|1.0|0.64|0.0|0|1.2626867575407972|2.5253735150815944|3.788060272622391|5.050747030163189
177.2|1.0|0.64|0.0|0|1.5848448506306172|3.1696897012612344|4.754534551891852|6.339379402522469
177.4|1.0|0.64|0.0|0|1.5143952899018782|3.0287905798037564|4.543185869705635|6.057581159607513
177.6|1.0|0.64|0.0|0|1.8934896030696127|3.7869792061392253|5.680468809208838|7.573958412278451
177.8|1.0|0.64|0.0|0|1.1594448179734183|2.3188896359468365|3.478334453920255|4.637779271893673
178.0|1.0|0.64|0.0|0|1.005392709285371|2.010785418570742|3.016178127856113|4.021570837141484
178.2|1.0|0.64|0.0|0|1.705203690201162|3.410407380402324|5.115611070603486|6.820814760804648
178.4|1.0|0.64|0.0|0|1.2511553709709562|2.5023107419419124|3.753466112912869|5.004621483883825
178.6|1.0|0.64|0.0|0|1.435117011763506|2.870234023527012|4.305351035290518|5.740468047054024
178.8|1.0|0.64|0.0|0|1.3172806628712|2.6345613257424|3.9518419886136|5.2691226514848
179.0|1.0|0.64|0.0|0|1.1300758185930326|2.2601516371860653|3.3902274557790983|4.5203032743721305
179.2|1.0|0.64|0.0|0|1.222326905587689|2.444653811175378|3.6669807167630677|4.889307622350756
179.4|1.0|0.64|0.0|0|1.5623226128745604|3.124645225749121|4.686967838623682|6.249290451498242
179.6|1.0|0.64|0.0|0|1.4511528451397329|2.9023056902794657|4.353458535419199|5.804611380558931
179.8|1.0|0.64|0.0|0|1.2241286856960516|2.448257371392103|3.672386057088155|4.896514742784206
180.0|1.0|0.64|0.0|0|1.5419625094858944|3.083925018971789|4.625887528457683|6.167850037943578
180.2|1.0|0.64|0.0|0|1.1844895464589364|2.368979092917873|3.5534686393768093|4.737958185835746
180.4|1.0|0.64|0.0|0|1.5361968164419537|3.0723936328839074|4.6085904493258605|6.144787265767815
180.6|1.0|0.64|0.0|0|1.1434089834836787|2.2868179669673574|3.4302269504510363|4.573635933934715
180.8|1.0|0.64|0.0|0|1.5671874162793407|3.1343748325586813|4.701562248838022|6.268749665117363
181.0|1.0|0.64|0.0|0|1.3585414018272435|2.717082803654487|4.075624205481731|5.434165607308974
181.2|1.0|0.64|0.0|0|1.6632222394942089|3.3264444789884178|4.989666718482626|6.6528889579768355
181.4|1.0|0.64|0.0|0|1.7742118295771085|3.548423659154217|5.322635488731326|7.096847318308434
181.6|1.0|0.64|0.0|0|1.4252072266762856|2.8504144533525713|4.2756216800288565|5.7008289067051425
181.8|1.0|0.64|0.0|0|1.0871934775280543|2.1743869550561086|3.261580432584163|4.348773910112217
182.0|1.0|0.64|0.0|0|2.0363706806668795|4.072741361333759|6.109112042000639|8.145482722667518
182.2|1.0|0.64|0.0|0|1.4940351864806156|2.9880703729612312|4.482105559441847|5.9761407459224625
182.4|1.0|0.64|0.0|0|1.7470049660169769|3.4940099320339537|5.24101489805093|6.988019864067907
182.6|1.0|0.64|0.0|0|1.8008781581942475|3.601756316388495|5.402634474582742|7.20351263277699
182.8|1.0|0.64|0.0|0|1.5309716573904748|3.0619433147809496|4.592914972171425|6.123886629561899
183.0|1.0|0.64|0.0|0|1.4352971892111248|2.8705943784222496|4.305891567633375|5.741188756844499
183.2|1.0|0.64|0.0|0|1.2603444440063334|2.5206888880126668|3.781033332019|5.0413777760253335
183.4|1.0|0.64|0.0|0|1.5884484086016906|3.176896817203381|4.7653452258050715|6.353793634406762
183.6|1.0|0.64|0.0|0|1.237642027567491|2.475284055134982|3.7129260827024733|4.950568110269964
183.8|1.0|0.64|0.0|0|0.8354849445552107|1.6709698891104214|2.5064548336656323|3.341939778220843
184.0|1.0|0.64|0.0|0|1.248632880341612|2.497265760683224|3.745898641024836|4.994531521366448
184.2|1.0|0.64|0.0|0|1.6933119492745041|3.3866238985490082|5.079935847823513|6.7732477970980165
184.4|1.0|0.64|0.0|0|1.2425068319396826|2.485013663879365|3.7275204958190478|4.97002732775873
184.6|1.0|0.64|0.0|0|1.4915126964479|2.9830253928958|4.4745380893436995|5.9660507857916
184.8|1.0|0.64|0.0|0|1.208092850885588|2.416185701771176|3.624278552656764|4.832371403542352
185.0|1.0|0.64|0.0|0|1.3318750725867006|2.663750145173401|3.995625217760102|5.327500290346802
185.2|1.0|0.64|0.0|0|0.7145855698524981|1.4291711397049962|2.1437567095574943|2.8583422794099924
185.4|1.0|0.64|0.0|0|1.4461078644293606|2.892215728858721|4.338323593288082|5.784431457717442
185.6|1.0|0.64|0.0|0|1.4772786416491739|2.9545572832983478|4.431835924947522|5.9091145665966955
185.8|1.0|0.64|0.0|0|1.1473728972644321|2.2947457945288643|3.4421186917932967|4.589491589057729
186.0|1.0|0.64|0.0|0|1.3925950267177554|2.7851900534355107|4.177785080153266|5.5703801068710215
186.2|1.0|0.64|0.0|0|1.560520833501943|3.121041667003886|4.681562500505828|6.242083334007772
186.4|1.0|0.64|0.0|0|1.3661088744166785|2.732217748833357|4.098326623250036|5.464435497666714
186.6|1.0|0.64|0.0|0|1.3511541080265317|2.7023082160530634|4.053462324079596|5.404616432106127
186.8|1.0|0.64|0.0|0|1.8448415669886178|3.6896831339772356|5.534524700965854|7.379366267954471
187.0|1.0|0.64|0.0|0|1.8043015392596151|3.6086030785192302|5.412904617778845|7.2172061570384605
187.2|1.0|0.64|0.0|0|1.461242808438839|2.922485616877678|4.383728425316517|5.844971233755356
187.4|1.0|0.64|0.0|0|1.585745740155691|3.171491480311382|4.757237220467072|6.342982960622764
187.6|1.0|0.64|0.0|0|1.4394412819534785|2.878882563906957|4.318323845860435|5.757765127813914
187.8|1.0|0.64|0.0|0|1.1668321117863536|2.333664223572707|3.5004963353590606|4.667328447145414
188.0|1.0|0.64|0.0|0|0.6026950908399891|1.2053901816799781|1.8080852725199672|2.4107803633599563
188.2|1.0|0.64|0.0|0|1.5518722940288732|3.1037445880577463|4.655616882086619|6.207489176115493
188.4|1.0|0.64|0.0|0|0.9711589072289653|1.9423178144579305|2.9134767216868958|3.884635628915861
188.6|1.0|0.64|0.0|0|1.225029575029622|2.450059150059244|3.675088725088866|4.900118300118488
188.8|1.0|0.64|0.0|0|1.796734066890787|3.593468133781574|5.390202200672361|7.186936267563148
189.0|1.0|0.64|0.0|0|1.001969328955748|2.003938657911496|3.005907986867244|4.007877315822992
189.2|1.0|0.64|0.0|0|1.666285264291802|3.332570528583604|4.998855792875406|6.665141057167208
189.4|1.0|0.64|0.0|0|0.758188623464667|1.516377246929334|2.274565870394001|3.032754493858668
189.6|1.0|0.64|0.0|0|1.3217851104872547|2.6435702209745093|3.9653553314617636|5.287140441949019
189.8|1.0|0.64|0.0|0|1.5839439608657282|3.1678879217314564|4.751831882597184|6.335775843462913
190.0|1.0|0.64|0.0|0|1.6688077538833037|3.3376155077666074|5.006423261649911|6.675231015533215
190.2|1.0|0.64|0.0|0|1.5873673419316778|3.1747346838633557|4.762102025795033|6.349469367726711
190.4|1.0|0.64|0.0|0|1.6262857690826074|3.2525715381652147|4.878857307247822|6.505143076330429
190.6|1.0|0.64|0.0|0|1.2149396123777854|2.4298792247555707|3.644818837133356|4.859758449511141
190.8|1.0|0.64|0.0|0|1.5032242595631409|3.0064485191262817|4.509672778689423|6.0128970382525635
191.0|1.0|0.64|0.0|0|1.3216049330018007|2.6432098660036014|3.964814799005402|5.286419732007203
191.2|1.0|0.64|0.0|0|1.5605208330188194|3.1210416660376388|4.681562499056458|6.2420833320752775
191.4|1.0|0.64|0.0|0|1.854030641081046|3.708061282162092|5.5620919232431385|7.416122564324184
191.6|1.0|0.64|0.0|0|1.3172806617344044|2.634561323468809|3.9518419852032127|5.269122646937618
191.8|1.0|0.64|0.0|0|1.4109731724712777|2.8219463449425555|4.232919517413833|5.643892689885111
192.0|1.0|0.64|0.0|0|1.336920053760988|2.673840107521976|4.010760161282964|5.347680215043952
192.2|1.0|0.64|0.0|0|1.380523107008195|2.76104621401639|4.141569321024584|5.52209242803278
192.4|1.0|0.64|0.0|0|1.735293401154924|3.470586802309848|5.205880203464772|6.941173604619696
192.6|1.0|0.64|0.0|0|1.1837688344158244|2.3675376688316487|3.551306503247473|4.7350753376632975
192.8|1.0|0.64|0.0|0|1.046653449711158|2.093306899422316|3.139960349133474|4.186613798844632
193.0|1.0|0.64|0.0|0|1.144129696150777|2.288259392301554|3.432389088452331|4.576518784603108
193.2|1.0|0.64|0.0|0|1.6799787850398584|3.359957570079717|5.0399363551195755|6.719915140159434
193.4|1.0|0.64|0.0|0|2.010425061610296|4.020850123220592|6.031275184830889|8.041700246441184
193.6|1.0|0.64|0.0|0|1.4477294647553949|2.8954589295107898|4.343188394266185|5.7909178590215795
193.8|1.0|0.64|0.0|0|1.965740941679107|3.931481883358214|5.89722282503732|7.862963766716428
194.0|1.0|0.64|0.0|0|1.7385366045334392|3.4770732090668783|5.2156098136003175|6.954146418133757
194.2|1.0|0.64|0.0|0|1.2848486390360643|2.5696972780721286|3.854545917108193|5.139394556144257
194.4|1.0|0.64|0.0|0|1.9203361101413627|3.8406722202827255|5.761008330424088|7.681344440565451
194.6|1.0|0.64|0.0|0|1.3661088740685967|2.7322177481371934|4.09832662220579|5.464435496274387
194.8|1.0|0.64|0.0|0|1.3870095116453025|2.774019023290605|4.161028534935907|5.54803804658121
195.0|1.0|0.64|0.0|0|1.3740367028518825|2.748073405703765|4.122110108555647|5.49614681140753
195.2|1.0|0.64|0.0|0|1.421783847541666|2.843567695083332|4.265351542624998|5.687135390166664
195.4|1.0|0.64|0.0|0|1.815292391486002|3.630584782972004|5.445877174458006|7.261169565944008
195.6|1.0|0.64|0.0|0|1.2425068314612155|2.485013662922431|3.7275204943836466|4.970027325844862
195.8|1.0|0.64|0.0|0|1.7808784112334268|3.5617568224668537|5.34263523370028|7.123513644933707
196.0|1.0|0.64|0.0|0|1.1280938615562637|2.2561877231125274|3.3842815846687913|4.512375446225055
196.2|1.0|0.64|0.0|0|1.635294664468967|3.270589328937934|4.905883993406901|6.541178657875868
196.4|1.0|0.64|0.0|0|1.4889902056643054|2.977980411328611|4.466970616992916|5.955960822657222
196.6|1.0|0.64|0.0|0|0.8962048990192133|1.7924097980384266|2.68861469705764|3.584819596076853
196.8|1.0|0.64|0.0|0|1.7623200875817582|3.5246401751635164|5.286960262745274|7.049280350327033
197.0|1.0|0.64|0.0|0|1.9304260722658382|3.8608521445316764|5.791278216797514|7.721704289063353
197.2|1.0|0.64|0.0|0|1.5805205821467112|3.1610411642934224|4.741561746440134|6.322082328586845
197.4|1.0|0.64|0.0|0|1.1468323644698841|2.2936647289397682|3.440497093409652|4.5873294578795365
197.6|1.0|0.64|0.0|0|1.0062935980490884|2.0125871960981767|3.018880794147265|4.025174392196353
197.8|1.0|0.64|0.0|0|1.280344192152262|2.560688384304524|3.8410325764567856|5.121376768609048
198.0|1.0|0.64|0.0|0|1.7597975960467027|3.5195951920934054|5.2793927881401075|7.039190384186811
198.2|1.0|0.64|0.0|0|1.5572776322579025|3.114555264515805|4.671832896773708|6.22911052903161
198.4|1.0|0.64|0.0|0|1.7623200871207534|3.5246401742415068|5.28696026136226|7.0492803484830135
198.6|1.0|0.64|0.0|0|1.0389057984174006|2.077811596834801|3.1167173952522016|4.155623193669602
198.8|1.0|0.64|0.0|0|1.238362740224112|2.476725480448224|3.715088220672336|4.953450960896448
199.0|1.0|0.64|0.0|0|1.2383627398958208|2.4767254797916416|3.715088219687462|4.953450959583283
199.2|1.0|0.64|0.0|0|1.0062935983802899|2.0125871967605797|3.01888079514087|4.0251743935211595
199.4|1.0|0.64|0.0|0|1.29313682248816|2.58627364497632|3.8794104674644805|5.17254728995264
199.6|1.0|0.64|0.0|0|1.5102511981385773|3.0205023962771547|4.530753594415732|6.041004792554309
199.8|1.0|0.64|0.0|0|1.1014275317831208|2.2028550635662416|3.3042825953493624|4.405710127132483
200.0|1.0|0.64|0.0|0|1.3534964214032528|2.7069928428065055|4.0604892642097585|5.413985685613011
200.2|1.0|0.64|0.0|0|1.5277284550078924|3.055456910015785|4.583185365023677|6.11091382003157
200.4|1.0|0.64|0.0|0|1.6561953021230889|3.3123906042461777|4.968585906369267|6.624781208492355
200.6|1.0|0.64|0.0|0|1.861598112893409|3.723196225786818|5.584794338680227|7.446392451573636
200.8|1.0|0.64|0.0|0|1.2239485074405103|2.4478970148810206|3.671845522321531|4.895794029762041
201.0|1.0|0.64|0.0|0|1.5731332868558834|3.1462665737117668|4.71939986056765|6.2925331474235335
201.2|1.0|0.64|0.0|0|1.3974598302680545|2.794919660536109|4.192379490804163|5.589839321072218
201.4|1.0|0.64|0.0|0|1.2181828148383658|2.4363656296767315|3.6545484445150973|4.872731259353463
201.6|1.0|0.64|0.0|0|1.1273731502360906|2.2547463004721813|3.3821194507082724|4.5094926009443626
201.8|1.0|0.64|0.0|0|1.648808006914334|3.297616013828668|4.946424020743002|6.595232027657336
202.0|1.0|0.64|0.0|0|1.4821434457850422|2.9642868915700844|4.446430337355127|5.928573783140169
202.2|1.0|0.64|0.0|0|1.8599765119032252|3.7199530238064504|5.579929535709676|7.439906047612901
202.4|1.0|0.64|0.0|0|1.6462855155742742|3.2925710311485483|4.938856546722823|6.585142062297097
202.6|1.0|0.64|0.0|0|1.3956580509507344|2.7913161019014687|4.186974152852203|5.5826322038029375
202.8|1.0|0.64|0.0|0|1.3461091270798364|2.692218254159673|4.038327381239509|5.384436508319346
203.0|1.0|0.64|0.0|0|1.4740354388247956|2.948070877649591|4.422106316474387|5.896141755299182
203.2|1.0|0.64|0.0|0|1.3300732935062853|2.6601465870125707|3.9902198805188562|5.320293174025141
203.4|1.0|0.64|0.0|0|1.2688128056994186|2.537625611398837|3.8064384170982555|5.075251222797674
203.6|1.0|0.64|0.0|0|1.3749375921284093|2.7498751842568185|4.1248127763852285|5.499750368513637
203.8|1.0|0.64|0.0|0|1.2677317388443055|2.535463477688611|3.8031952165329166|5.070926955377222
204.0|1.0|0.64|0.0|0|1.6439432038395914|3.2878864076791827|4.931829611518774|6.575772815358365
204.2|1.0|0.64|0.0|0|0.8666557223931894|1.7333114447863789|2.5999671671795683|3.4666228895727578
204.4|1.0|0.64|0.0|0|1.1578232167341058|2.3156464334682116|3.4734696502023175|4.631292866936423
204.6|1.0|0.64|0.0|0|1.0080953779810815|2.016190755962163|3.0242861339432445|4.032381511924326
204.8|1.0|0.64|0.0|0|1.5891691196180195|3.178338239236039|4.767507358854059|6.356676478472078
205.0|1.0|0.64|0.0|0|0.8194491112063413|1.6388982224126827|2.458347333619024|3.2777964448253654
205.2|1.0|0.64|0.0|0|2.0734873285819795|4.146974657163959|6.2204619857459384|8.293949314327918
205.4|1.0|0.64|0.0|0|1.2098946306912706|2.419789261382541|3.6296838920738113|4.839578522765082
205.6|1.0|0.64|0.0|0|1.1763815403135969|2.3527630806271937|3.529144620940791|4.7055261612543875
205.8|1.0|0.64|0.0|0|1.573853998704|3.147707997408|4.7215619961119994|6.295415994816
206.0|1.0|0.64|0.0|0|1.3772799039620454|2.7545598079240907|4.131839711886136|5.509119615848181
206.2|1.0|0.64|0.0|0|1.3594422924693221|2.7188845849386443|4.078326877407966|5.4377691698772885
206.4|1.0|0.64|0.0|0|1.3502532188070484|2.700506437614097|4.050759656421145|5.401012875228194
206.6|1.0|0.64|0.0|0|1.9127686377166555|3.825537275433311|5.738305913149967|7.651074550866622
206.8|1.0|0.64|0.0|0|1.6841228764754501|3.3682457529509002|5.052368629426351|6.7364915059018005
207.0|1.0|0.64|0.0|0|1.3578206904651609|2.7156413809303217|4.0734620713954826|5.431282761860643
207.2|1.0|0.64|0.0|0|1.531872546715896|3.063745093431792|4.5956176401476885|6.127490186863584
207.4|1.0|0.64|0.0|0|1.1516971678752463|2.3033943357504927|3.455091503625739|4.606788671500985
207.6|1.0|0.64|0.0|0|1.6680870421405432|3.3361740842810863|5.004261126421629|6.672348168562173
207.8|1.0|0.64|0.0|0|1.3637665609119007|2.7275331218238015|4.091299682735702|5.455066243647603
208.0|1.0|0.64|0.0|0|1.5588992329378393|3.1177984658756785|4.676697698813518|6.235596931751357
208.2|1.0|0.64|0.0|0|1.5942141011782238|3.1884282023564476|4.782642303534671|6.376856404712895
208.4|1.0|0.64|0.0|0|1.9842992654984135|3.968598530996827|5.9528977964952405|7.937197061993654
208.6|1.0|0.64|0.0|0|1.720338635302616|3.440677270605232|5.161015905907848|6.881354541210464
208.8|1.0|0.64|0.0|0|1.4032255223207188|2.8064510446414377|4.209676566962156|5.612902089282875
209.0|1.0|0.64|0.0|0|1.1484539654571573|2.2969079309143146|3.445361896371472|4.593815861828629
209.2|1.0|0.64|0.0|0|1.4772786414268206|2.9545572828536413|4.431835924280462|5.9091145657072826
209.4|1.0|0.64|0.0|0|1.3729556348768541|2.7459112697537083|4.118866904630562|5.4918225395074165
209.6|1.0|0.64|0.0|0|1.4461078627133988|2.8922157254267975|4.338323588140196|5.784431450853595
209.8|1.0|0.64|0.0|0|1.0776440477144216|2.155288095428843|3.2329321431432647|4.310576190857686
210.0|1.0|0.64|0.0|0|1.3437668147520174|2.687533629504035|4.031300444256052|5.37506725900807
210.2|1.0|0.64|0.0|0|1.2846684612229011|2.5693369224458023|3.854005383668704|5.1386738448916045
210.4|1.0|0.64|0.0|0|1.736194290973364|3.472388581946728|5.2085828729200925|6.944777163893456
210.6|1.0|0.64|0.0|0|1.2915152215183492|2.5830304430366984|3.8745456645550473|5.166060886073397
210.8|1.0|0.64|0.0|0|1.0626892818865608|2.1253785637731215|3.1880678456596825|4.250757127546243
211.0|1.0|0.64|0.0|0|1.5226834738685298|3.0453669477370595|4.568050421605589|6.090733895474119
211.2|1.0|0.64|0.0|0|1.5848448505008141|3.1696897010016283|4.754534551502442|6.339379402003257
211.4|1.0|0.64|0.0|0|1.5841241387696952|3.1682482775393903|4.752372416309085|6.336496555078781
211.6|1.0|0.64|0.0|0|1.629348793192186|3.258697586384372|4.888046379576558|6.517395172768744
211.8|1.0|0.64|0.0|0|1.7942115768318778|3.5884231536637556|5.382634730495634|7.176846307327511
212.0|1.0|0.64|0.0|0|1.1558412593824334|2.311682518764867|3.4675237781473|4.623365037529734
212.2|1.0|0.64|0.0|0|0.9003489903878661|1.8006979807757322|2.7010469711635983|3.6013959615514644
212.4|1.0|0.64|0.0|0|0.8810699542937808|1.7621399085875615|2.6432098628813425|3.524279817175123
212.6|1.0|0.64|0.0|0|0.8280976514978109|1.6561953029956218|2.4842929544934327|3.3123906059912436
212.8|1.0|0.64|0.0|0|1.282145970396815|2.56429194079363|3.846437911190445|5.12858388158726
213.0|1.0|0.64|0.0|0|1.3830455981427816|2.766091196285563|4.149136794428345|5.532182392571126
213.2|1.0|0.64|0.0|0|1.2713352967274851|2.5426705934549703|3.8140058901824556|5.0853411869099405
213.4|1.0|0.64|0.0|0|0.960168055037503|1.920336110075006|2.880504165112509|3.840672220150012
213.6|1.0|0.64|0.0|0|1.47295437144756|2.94590874289512|4.418863114342679|5.89181748579024
213.8|1.0|0.64|0.0|0|1.4089912154537172|2.8179824309074344|4.226973646361151|5.635964861814869
214.0|1.0|0.64|0.0|0|1.781599122511108|3.563198245022216|5.3447973675333245|7.126396490044432
214.2|1.0|0.64|0.0|0|2.0851988931460093|4.1703977862920185|6.255596679438027|8.340795572584037
214.4|1.0|0.64|0.0|0|1.895111202310074|3.790222404620148|5.685333606930222|7.580444809240296
214.6|1.0|0.64|0.0|0|1.7623200868070141|3.5246401736140283|5.286960260421043|7.0492803472280565
214.8|1.0|0.64|0.0|0|1.145751296862146|2.291502593724292|3.437253890586438|4.583005187448584
215.0|1.0|0.64|0.0|0|1.5848448516498335|3.169689703299667|4.7545345549495|6.339379406599334
215.2|1.0|0.64|0.0|0|0.9019705911341597|1.8039411822683193|2.705911773402479|3.6078823645366387
215.4|1.0|0.64|0.0|0|1.95420955587004|3.90841911174008|5.862628667610121|7.81683822348016
215.6|1.0|0.64|0.0|0|1.7311493098875523|3.4622986197751047|5.193447929662657|6.924597239550209
215.8|1.0|0.64|0.0|0|0.8686376790027142|1.7372753580054283|2.6059130370081425|3.4745507160108566
216.0|1.0|0.64|0.0|0|0.743774391118787|1.487548782237574|2.231323173356361|2.975097564475148
216.2|1.0|0.64|0.0|0|1.7630407984129868|3.5260815968259736|5.2891223952389606|7.052163193651947
216.4|1.0|0.64|0.0|0|1.3419650343089609|2.6839300686179217|4.025895102926882|5.367860137235843
216.6|1.0|0.64|0.0|0|0.988816342068022|1.977632684136044|2.9664490262040664|3.955265368272088
216.8|1.0|0.64|0.0|0|1.257821953460226|2.515643906920452|3.773465860380678|5.031287813840904
217.0|1.0|0.64|0.0|0|1.5942141013121014|3.188428202624203|4.782642303936304|6.376856405248406
217.2|1.0|0.64|0.0|0|1.0426895352877918|2.0853790705755837|3.1280686058633758|4.170758141151167
217.4|1.0|0.64|0.0|0|1.0826890304358685|2.165378060871737|3.2480670913076057|4.330756121743474
217.6|1.0|0.64|0.0|0|1.4444862628070418|2.8889725256140837|4.333458788421125|5.777945051228167
217.8|1.0|0.64|0.0|0|1.2172819245327275|2.434563849065455|3.6518457735981826|4.86912769813091
218.0|1.0|0.64|0.0|0|1.6630420615896597|3.3260841231793195|4.989126184768979|6.652168246358639
218.2|1.0|0.64|0.0|0|1.5779980908217854|3.155996181643571|4.733994272465356|6.311992363287142
218.4|1.0|0.64|0.0|0|1.4974585675075665|2.994917135015133|4.492375702522699|5.989834270030266
218.6|1.0|0.64|0.0|0|1.3603431812342035|2.720686362468407|4.081029543702611|5.441372724936814
218.8|1.0|0.64|0.0|0|1.3125960365292861|2.6251920730585723|3.937788109587858|5.2503841461171445
219.0|1.0|0.64|0.0|0|0.8947634749376456|1.7895269498752913|2.6842904248129367|3.5790538997505825
219.2|1.0|0.64|0.0|0|1.483224512850285|2.96644902570057|4.449673538550855|5.93289805140114
219.4|1.0|0.64|0.0|0|0.8767456850205789|1.7534913700411578|2.6302370550617367|3.5069827400823157
219.6|1.0|0.64|0.0|0|1.5934933900024058|3.1869867800048115|4.780480170007217|6.373973560009623
219.8|1.0|0.64|0.0|0|1.0046719974471499|2.0093439948942997|3.0140159923414496|4.018687989788599
220.0|1.0|0.64|0.0|0|1.2360204273503053|2.4720408547006105|3.7080612820509153|4.944081709401221
220.2|1.0|0.64|0.0|0|1.5461066007206696|3.0922132014413393|4.638319802162009|6.1844264028826785
220.4|1.0|0.64|0.0|0|1.8524090390041255|3.704818078008251|5.557227117012376|7.409636156016502
220.6|1.0|0.64|0.0|0|1.266830848635292|2.533661697270584|3.800492545905876|5.067323394541168
220.8|1.0|0.64|0.0|0|1.5974573035747759|3.1949146071495518|4.792371910724327|6.3898292142991036
221.0|1.0|0.64|0.0|0|1.259443554900937|2.518887109801874|3.778330664702811|5.037774219603748
221.2|1.0|0.64|0.0|0|1.350253218720901|2.700506437441802|4.050759656162703|5.401012874883604
221.4|1.0|0.64|0.0|0|1.2637678239750687|2.5275356479501374|3.791303471925206|5.055071295900275
221.6|1.0|0.64|0.0|0|2.1315046144335086|4.263009228867017|6.394513843300525|8.526018457734034
221.8|1.0|0.64|0.0|0|1.7965538882970593|3.5931077765941186|5.389661664891178|7.186215553188237
222.0|1.0|0.64|0.0|0|2.214026095349111|4.428052190698222|6.642078286047332|8.856104381396444
222.2|1.0|0.64|0.0|0|1.5915114338346772|3.1830228676693544|4.774534301504032|6.366045735338709
222.4|1.0|0.64|0.0|0|1.4704318801185594|2.940863760237119|4.411295640355679|5.881727520474238
222.6|1.0|0.64|0.0|0|1.940516035079492|3.881032070158984|5.8215481052384765|7.762064140317968
222.8|1.0|0.64|0.0|0|1.4796209540637224|2.959241908127445|4.438862862191167|5.91848381625489
223.0|1.0|0.64|0.0|0|1.8565531309595116|3.713106261919023|5.569659392878535|7.426212523838046
223.2|1.0|0.64|0.0|0|1.7960133553168287|3.5920267106336574|5.388040065950486|7.184053421267315
223.4|1.0|0.64|0.0|0|1.797454778157409|3.594909556314818|5.392364334472227|7.189819112629636
223.6|1.0|0.64|0.0|0|1.664843840404648|3.329687680809296|4.994531521213944|6.659375361618592
223.8|1.0|0.64|0.0|0|1.4871884269284796|2.9743768538569593|4.461565280785439|5.9487537077139185
224.0|1.0|0.64|0.0|0|2.0127673746139063|4.025534749227813|6.038302123841719|8.051069498455625
224.2|1.0|0.64|0.0|0|1.7497076338063942|3.4994152676127883|5.249122901419183|6.998830535225577
224.4|1.0|0.64|0.0|0|1.5091701303282765|3.018340260656553|4.52751039098483|6.036680521313106
224.6|1.0|0.64|0.0|0|1.452053735170631|2.904107470341262|4.356161205511893|5.808214940682524
224.8|1.0|0.64|0.0|0|1.9397953230375442|3.8795906460750884|5.819385969112632|7.759181292150177
225.0|1.0|0.64|0.0|0|1.6428621356940145|3.285724271388029|4.928586407082043|6.571448542776058
225.2|1.0|0.64|0.0|0|1.3897121796989826|2.7794243593979653|4.1691365390969475|5.558848718795931
225.4|1.0|0.64|0.0|0|1.370433144431446|2.740866288862892|4.111299433294338|5.481732577725784
225.6|1.0|0.64|0.0|0|0.9659337473474452|1.9318674946948904|2.8978012420423354|3.8637349893897808
225.8|1.0|0.64|0.0|0|0.9787263790832376|1.9574527581664751|2.9361791372497126|3.9149055163329503
226.0|1.0|0.64|0.0|0|1.313316748221988|2.626633496443976|3.9399502446659644|5.253266992887952
226.2|1.0|0.64|0.0|0|0.805215056929156|1.610430113858312|2.4156451707874678|3.220860227716624
226.4|1.0|0.64|0.0|0|1.065932484549704|2.131864969099408|3.197797453649112|4.263729938198816
226.6|1.0|0.64|0.0|0|1.2857495285524068|2.5714990571048135|3.85724858565722|5.142998114209627
226.8|1.0|0.64|0.0|0|1.0088160887465356|2.017632177493071|3.0264482662396066|4.035264354986142
227.0|1.0|0.64|0.0|0|1.7100684941123487|3.4201369882246975|5.130205482337046|6.840273976449395
227.2|1.0|0.64|0.0|0|0.8709799924108673|1.7419599848217346|2.612939977232602|3.4839199696434693
227.4|1.0|0.64|0.0|0|1.7722298722038992|3.5444597444077983|5.316689616611698|7.088919488815597
227.6|1.0|0.64|0.0|0|1.4443060846516176|2.888612169303235|4.332918253954853|5.77722433860647
227.8|1.0|0.64|0.0|0|1.987722646523618|3.975445293047236|5.963167939570854|7.950890586094472
228.0|1.0|0.64|0.0|0|0.9365647488943076|1.8731294977886153|2.809694246682923|3.7462589955772305
228.2|1.0|0.64|0.0|0|0.9255738966795624|1.8511477933591247|2.7767216900386873|3.7022955867182494
228.4|1.0|0.64|0.0|0|1.6497088976443062|3.2994177952886123|4.949126692932919|6.598835590577225
228.6|1.0|0.64|0.0|0|1.3722349240351481|2.7444698480702963|4.116704772105444|5.4889396961405925
228.8|1.0|0.64|0.0|0|0.9297179887269166|1.8594359774538332|2.78915396618075|3.7188719549076663
229.0|1.0|0.64|0.0|0|1.2316961568378622|2.4633923136757243|3.6950884705135865|4.926784627351449
229.2|1.0|0.64|0.0|0|1.3401632551947853|2.6803265103895706|4.020489765584356|5.360653020779141
229.4|1.0|0.64|0.0|0|1.4007030316122122|2.8014060632244244|4.202109094836636|5.602812126448849
229.6|1.0|0.64|0.0|0|1.2207053047645615|2.441410609529123|3.6621159142936843|4.882821219058246
229.8|1.0|0.64|0.0|0|1.7657434678141741|3.5314869356283483|5.297230403442523|7.0629738712566965
230.0|1.0|0.64|0.0|0|2.031325699450683|4.062651398901366|6.093977098352048|8.125302797802732
230.2|1.0|0.64|0.0|0|1.1264722607692248|2.2529445215384496|3.379416782307674|4.505889043076899
230.4|1.0|0.64|0.0|0|1.0810674285469586|2.162134857093917|3.243202285640876|4.324269714187834
230.6|1.0|0.64|0.0|0|1.3585414026409866|2.717082805281973|4.075624207922959|5.434165610563946
230.8|1.0|0.64|0.0|0|1.0709774657682292|2.1419549315364583|3.2129323973046877|4.283909863072917
231.0|1.0|0.64|0.0|0|0.863412520343555|1.72682504068711|2.5902375610306647|3.45365008137422
231.2|1.0|0.64|0.0|0|1.5646649260132122|3.1293298520264243|4.693994778039636|6.258659704052849
231.4|1.0|0.64|0.0|0|1.369712432009984|2.739424864019968|4.109137296029952|5.478849728039936
231.6|1.0|0.64|0.0|0|0.7244953549536883|1.4489907099073767|2.173486064861065|2.8979814198147533
231.8|1.0|0.64|0.0|0|0.8902590280299781|1.7805180560599563|2.6707770840899343|3.5610361121199126
232.0|1.0|0.64|0.0|0|1.257821953315871|2.515643906631742|3.773465859947613|5.031287813263484
232.2|1.0|0.64|0.0|0|1.8911472889652958|3.7822945779305917|5.673441866895887|7.564589155861183
232.4|1.0|0.64|0.0|0|1.0870132999145437|2.1740265998290873|3.2610398997436305|4.348053199658175
232.6|1.0|0.64|0.0|0|1.0904366790194773|2.1808733580389545|3.2713100370584316|4.361746716077909
232.8|1.0|0.64|0.0|0|1.277100989703323|2.554201979406646|3.8313029691099687|5.108403958813292
233.0|1.0|0.64|0.0|0|1.2787225910200517|2.5574451820401034|3.8361677730601547|5.114890364080207
233.2|1.0|0.64|0.0|0|0.8432325938681614|1.6864651877363228|2.529697781604484|3.3729303754726456
233.4|1.0|0.64|0.0|0|1.2057505388133005|2.411501077626601|3.617251616439902|4.823002155253202
233.6|1.0|0.64|0.0|0|0.9879154522332837|1.9758309044665674|2.963746356699851|3.951661808933135
233.8|1.0|0.64|0.0|0|1.4259279388678272|2.8518558777356544|4.277783816603482|5.703711755471309
234.0|1.0|0.64|0.0|0|1.4007030314824092|2.8014060629648183|4.202109094447227|5.602812125929637
234.2|1.0|0.64|0.0|0|1.7893467729922865|3.578693545984573|5.36804031897686|7.157387091969146
234.4|1.0|0.64|0.0|0|0.9844920714804911|1.9689841429609822|2.9534762144414732|3.9379682859219645
234.6|1.0|0.64|0.0|0|1.2374618506379205|2.474923701275841|3.712385551913761|4.949847402551682
234.8|1.0|0.64|0.0|0|1.3264697357098352|2.6529394714196703|3.979409207129505|5.305878942839341
235.0|1.0|0.64|0.0|0|1.2039487602928431|2.4078975205856863|3.611846280878529|4.815795041171373
235.2|1.0|0.64|0.0|0|1.3670097637147423|2.7340195274294845|4.1010292911442265|5.468039054858969
235.4|1.0|0.64|0.0|0|1.1720572714955788|2.3441145429911576|3.5161718144867367|4.688229085982315
235.6|1.0|0.64|0.0|0|1.5235843640856923|3.0471687281713846|4.570753092257077|6.094337456342769
235.8|1.0|0.64|0.0|0|1.4075497930613359|2.8150995861226717|4.222649379184007|5.6301991722453435
236.0|1.0|0.64|0.0|0|1.3334966737910885|2.666993347582177|4.000490021373265|5.333986695164354
236.2|1.0|0.64|0.0|0|1.1189047884760668|2.2378095769521336|3.3567143654282003|4.475619153904267
236.4|1.0|0.64|0.0|0|1.2956593135889864|2.591318627177973|3.8869779407669593|5.182637254355946
236.6|1.0|0.64|0.0|0|0.9163848241179957|1.8327696482359914|2.749154472353987|3.665539296471983
236.8|1.0|0.64|0.0|0|1.3569198019121553|2.7138396038243107|4.0707594057364656|5.427679207648621
237.0|1.0|0.64|0.0|0|1.4437655516201644|2.887531103240329|4.331296654860493|5.775062206480658
237.2|1.0|0.64|0.0|0|0.7035947180201771|1.4071894360403543|2.110784154060531|2.8143788720807086
237.4|1.0|0.64|0.0|0|0.997104525900796|1.994209051801592|2.991313577702388|3.988418103603184
237.6|1.0|0.64|0.0|0|1.5646649249619817|3.1293298499239635|4.693994774885946|6.258659699847927
237.8|1.0|0.64|0.0|0|1.29710073759372|2.59420147518744|3.89130221278116|5.18840295037488
238.0|1.0|0.64|0.0|0|1.6781770045089084|3.3563540090178168|5.034531013526726|6.7127080180356336
238.2|1.0|0.64|0.0|0|1.0046719964599478|2.0093439929198955|3.0140159893798435|4.018687985839791
238.4|1.0|0.64|0.0|0|1.0668333749420718|2.1336667498841435|3.200500124826215|4.267333499768287
238.6|1.0|0.64|0.0|0|0.990257764981362|1.980515529962724|2.970773294944086|3.961031059925448
238.8|1.0|0.64|0.0|0|1.1996244904916977|2.3992489809833955|3.598873471475093|4.798497961966791
239.0|1.0|0.64|0.0|0|1.886102307758412|3.772204615516824|5.658306923275236|7.544409231033648
239.2|1.0|0.64|0.0|0|1.3149383489822515|2.629876697964503|3.9448150469467547|5.259753395929006
239.4|1.0|0.64|0.0|0|1.814391501601787|3.628783003203574|5.443174504805361|7.257566006407148
239.6|1.0|0.64|0.0|0|1.9785335730796232|3.9570671461592464|5.935600719238869|7.914134292318493
239.8|1.0|0.64|0.0|0|1.1695347800391038|2.3390695600782077|3.5086043401173113|4.678139120156415
240.0|1.0|0.64|0.0|0|1.1920570184354449|2.3841140368708897|3.5761710553063346|4.7682280737417795
240.2|1.0|0.64|0.0|0|1.3873698669619638|2.7747397339239277|4.162109600885891|5.549479467847855
240.4|1.0|0.64|0.0|0|1.748086032889552|3.496172065779104|5.244258098668657|6.992344131558208
240.6|1.0|0.64|0.0|0|1.8279048453830198|3.6558096907660396|5.483714536149059|7.311619381532079
240.8|1.0|0.64|0.0|0|1.9547500892053375|3.909500178410675|5.864250267616013|7.81900035682135
241.0|1.0|0.64|0.0|0|2.1533061400841707|4.306612280168341|6.459918420252512|8.613224560336683
241.2|1.0|0.64|0.0|0|1.2360204272839486|2.472040854567897|3.7080612818518452|4.944081709135794
241.4|1.0|0.64|0.0|0|0.680712124665734|1.361424249331468|2.0421363739972023|2.722848498662936
241.6|1.0|0.64|0.0|0|0.7987286518234766|1.5974573036469533|2.39618595547043|3.1949146072939065
241.8|1.0|0.64|0.0|0|1.7722298720985434|3.544459744197087|5.31668961629563|7.088919488394174
242.0|1.0|0.64|0.0|0|1.3073708773381088|2.6147417546762175|3.9221126320143265|5.229483509352435
242.2|1.0|0.64|0.0|0|0.9214298045221957|1.8428596090443914|2.764289413566587|3.685719218088783
242.4|1.0|0.64|0.0|0|1.6733122023753837|3.3466244047507674|5.019936607126151|6.693248809501535
242.6|1.0|0.64|0.0|0|1.136742401215016|2.273484802430032|3.410227203645048|4.546969604860064
242.8|1.0|0.64|0.0|0|1.6515106748265695|3.303021349653139|4.954532024479708|6.606042699306278
243.0|1.0|0.64|0.0|0|0.9846722496935408|1.9693444993870817|2.9540167490806226|3.9386889987741633
243.2|1.0|0.64|0.0|0|0.5353085559309698|1.0706171118619396|1.6059256677929092|2.1412342237238793
243.4|1.0|0.64|0.0|0|1.4940351864020354|2.9880703728040707|4.482105559206106|5.9761407456081415
243.6|1.0|0.64|0.0|0|1.0695360430958691|2.1390720861917383|3.208608129287607|4.2781441723834766
243.8|1.0|0.64|0.0|0|1.1619673076143964|2.3239346152287927|3.485901922843189|4.6478692304575855
244.0|1.0|0.64|0.0|0|1.4612428077351083|2.9224856154702166|4.383728423205325|5.844971230940433
244.2|1.0|0.64|0.0|0|1.430072030881421|2.860144061762842|4.290216092644263|5.720288123525684
244.4|1.0|0.64|0.0|0|1.3125960369285907|2.6251920738571815|3.937788110785772|5.250384147714363
244.6|1.0|0.64|0.0|0|0.9760237101389803|1.9520474202779605|2.928071130416941|3.904094840555921
244.8|1.0|0.64|0.0|0|1.0425093573605417|2.0850187147210835|3.1275280720816254|4.170037429442167
245.0|1.0|0.64|0.0|0|1.509170131357388|3.018340262714776|4.527510394072164|6.036680525429552
245.2|1.0|0.64|0.0|0|1.5898898326401845|3.179779665280369|4.769669497920554|6.359559330560738
245.4|1.0|0.64|0.0|0|1.482143444604009|2.964286889208018|4.446430333812026|5.928573778416036
245.6|1.0|0.64|0.0|0|1.355478378122208|2.710956756244416|4.066435134366624|5.421913512488832
245.8|1.0|0.64|0.0|0|1.9304260722576891|3.8608521445153783|5.791278216773067|7.721704289030757
246.0|1.0|0.64|0.0|0|1.6976362200139572|3.3952724400279144|5.092908660041871|6.790544880055829
246.2|1.0|0.64|0.0|0|1.3677304759930133|2.7354609519860267|4.10319142797904|5.470921903972053
246.4|1.0|0.64|0.0|0|1.5210618715395698|3.0421237430791397|4.5631856146187095|6.084247486158279
246.6|1.0|0.64|0.0|0|1.623583100466059|3.247166200932118|4.8707493013981775|6.494332401864236
246.8|1.0|0.64|0.0|0|1.743041051085458|3.486082102170916|5.229123153256373|6.972164204341832
247.0|1.0|0.64|0.0|0|1.7983556681469797|3.5967113362939593|5.395067004440939|7.193422672587919
247.2|1.0|0.64|0.0|0|1.292956645039959|2.585913290079918|3.8788699351198774|5.171826580159836
247.4|1.0|0.64|0.0|0|1.2525967940932616|2.5051935881865233|3.757790382279785|5.0103871763730465
247.6|1.0|0.64|0.0|0|1.2284529552428296|2.456905910485659|3.685358865728489|4.913811820971318
247.8|1.0|0.64|0.0|0|1.7396176707203284|3.4792353414406567|5.218853012160984|6.958470682881313
248.0|1.0|0.64|0.0|0|1.5596199438767522|3.1192398877535044|4.678859831630256|6.238479775507009
248.2|1.0|0.64|0.0|0|1.7733109387964958|3.5466218775929916|5.319932816389487|7.093243755185983
248.4|1.0|0.64|0.0|0|1.483945223881166|2.967890447762332|4.451835671643497|5.935780895524664
248.6|1.0|0.64|0.0|0|0.9212496265582748|1.8424992531165496|2.7637488796748246|3.684998506233099
248.8|1.0|0.64|0.0|0|1.175300472904929|2.350600945809858|3.525901418714787|4.701201891619716
249.0|1.0|0.64|0.0|0|1.57907915779506|3.15815831559012|4.73723747338518|6.31631663118024
249.2|1.0|0.64|0.0|0|0.719450373894652|1.438900747789304|2.1583511216839564|2.877801495578608
249.4|1.0|0.64|0.0|0|1.2080928516783762|2.4161857033567524|3.624278555035129|4.832371406713505
249.6|1.0|0.64|0.0|0|1.349532506775578|2.699065013551156|4.048597520326734|5.398130027102312
249.8|1.0|0.64|0.0|0|1.671330245607534|3.342660491215068|5.013990736822602|6.685320982430136
250.0|1.0|0.64|0.0|0|0.9516996941878468|1.9033993883756937|2.8550990825635405|3.8067987767513873
250.2|1.0|0.64|0.0|0|1.3907932477840235|2.781586495568047|4.172379743352071|5.563172991136094
250.4|1.0|0.64|0.0|0|1.0425093580951226|2.085018716190245|3.1275280742853675|4.17003743238049
250.6|1.0|0.64|0.0|0|1.3435866354027541|2.6871732708055083|4.030759906208263|5.3743465416110165
250.8|1.0|0.64|0.0|0|1.4561978267924873|2.9123956535849747|4.368593480377462|5.824791307169949
251.0|1.0|0.64|0.0|0|0.97944709059666|1.95889418119332|2.9383412717899797|3.91778836238664
251.2|1.0|0.64|0.0|0|0.8517009564430926|1.7034019128861853|2.5551028693292777|3.4068038257723705
251.4|1.0|0.64|0.0|0|1.336920054087533|2.673840108175066|4.010760162262599|5.347680216350132
251.6|1.0|0.64|0.0|0|1.5388994857604863|3.0777989715209726|4.6166984572814584|6.155597943041945
251.8|1.0|0.64|0.0|0|1.209714452654008|2.419428905308016|3.629143357962024|4.838857810616032
252.0|1.0|0.64|0.0|0|1.2259304638276818|2.4518609276553636|3.6777913914830456|4.903721855310727
252.2|1.0|0.64|0.0|0|1.36953225540463|2.73906451080926|4.10859676621389|5.47812902161852
252.4|1.0|0.64|0.0|0|1.2527769722143431|2.5055539444286863|3.7583309166430294|5.011107888857373
252.6|1.0|0.64|0.0|0|1.470431880737307|2.940863761474614|4.411295642211921|5.881727522949228
252.8|1.0|0.64|0.0|0|1.4486303545063142|2.8972607090126283|4.345891063518942|5.794521418025257
253.0|1.0|0.64|0.0|0|1.6538529884512552|3.3077059769025103|4.961558965353765|6.615411953805021
253.2|1.0|0.64|0.0|0|0.8127825285890147|1.6255650571780293|2.438347585767044|3.2511301143560587
253.4|1.0|0.64|0.0|0|1.4763777523912736|2.952755504782547|4.42913325717382|5.905511009565094
253.6|1.0|0.64|0.0|0|1.457819428269287|2.915638856538574|4.373458284807861|5.831277713077148
253.8|1.0|0.64|0.0|0|1.0475543383293562|2.0951086766587124|3.1426630149880683|4.190217353317425
254.0|1.0|0.64|0.0|0|1.371334034582834|2.742668069165668|4.114002103748502|5.485336138331336
254.2|1.0|0.64|0.0|0|1.8976336934155569|3.7952673868311138|5.692901080246671|7.5905347736622275
254.4|1.0|0.64|0.0|0|1.1316974197293177|2.2633948394586354|3.395092259187953|4.526789678917271
254.6|1.0|0.64|0.0|0|0.9853929614432864|1.9707859228865727|2.956178884329859|3.9415718457731455
254.8|1.0|0.64|0.0|0|1.424306337120362|2.848612674240724|4.272919011361086|5.697225348481448
255.0|1.0|0.64|0.0|0|1.3066501663718384|2.613300332743677|3.919950499115515|5.226600665487354
255.2|1.0|0.64|0.0|0|1.3578206903842522|2.7156413807685045|4.073462071152757|5.431282761537009
255.4|1.0|0.64|0.0|0|0.8356651224975947|1.6713302449951895|2.506995367492784|3.342660489990379
255.6|1.0|0.64|0.0|0|1.2929566448688286|2.585913289737657|3.878869934606486|5.171826579475314
255.8|1.0|0.64|0.0|0|1.2830468604579812|2.5660937209159624|3.8491405813739434|5.132187441831925
256.0|1.0|0.64|0.0|0|1.3756583035312373|2.7513166070624746|4.126974910593712|5.502633214124949
256.2|1.0|0.64|0.0|0|1.0331401054788156|2.0662802109576313|3.099420316436447|4.1325604219152625
256.4|1.0|0.64|0.0|0|1.3419650349562302|2.6839300699124604|4.02589510486869|5.367860139824921
256.6|1.0|0.64|0.0|0|1.3543973105261113|2.7087946210522227|4.063191931578334|5.417589242104445
256.8|1.0|0.64|0.0|0|1.2208854834712122|2.4417709669424243|3.6626564504136363|4.883541933884849
257.0|1.0|0.64|0.0|0|1.28214597019076|2.56429194038152|3.8464379105722797|5.12858388076304
257.2|1.0|0.64|0.0|0|1.0207078307826314|2.0414156615652628|3.062123492347894|4.0828313231305255
257.4|1.0|0.64|0.0|0|1.6900687472609586|3.380137494521917|5.070206241782875|6.760274989043834
257.6|1.0|0.64|0.0|0|1.4342161226115435|2.868432245223087|4.302648367834631|5.736864490446174
257.8|1.0|0.64|0.0|0|1.6495287186960936|3.2990574373921873|4.948586156088282|6.5981148747843745
258.0|1.0|0.64|0.0|0|1.2805243696522677|2.5610487393045354|3.841573108956803|5.122097478609071
258.2|1.0|0.64|0.0|0|1.0877340116287824|2.1754680232575647|3.2632020348863473|4.350936046515129
258.4|1.0|0.64|0.0|0|2.1102436211443294|4.220487242288659|6.330730863432987|8.440974484577318
258.6|1.0|0.64|0.0|0|1.4351170117303276|2.870234023460655|4.3053510351909825|5.74046804692131
258.8|1.0|0.64|0.0|0|1.198903778299574|2.397807556599148|3.5967113348987216|4.795615113198296
259.0|1.0|0.64|0.0|0|1.4410628825990728|2.8821257651981456|4.323188647797219|5.764251530396291
259.2|1.0|0.64|0.0|0|1.8590756216080644|3.7181512432161288|5.577226864824193|7.4363024864322576
259.4|1.0|0.64|0.0|0|1.4351170119497705|2.870234023899541|4.305351035849312|5.740468047799082
259.6|1.0|0.64|0.0|0|1.8329498262843134|3.6658996525686267|5.49884947885294|7.331799305137253
259.8|1.0|0.64|0.0|0|1.4967378554056645|2.993475710811329|4.490213566216993|5.986951421622658
260.0|1.0|0.64|0.0|0|1.190255238991814|2.380510477983628|3.5707657169754414|4.761020955967256
260.2|1.0|0.64|0.0|0|1.7976349562575358|3.5952699125150716|5.392904868772607|7.190539825030143
260.4|1.0|0.64|0.0|0|2.144837778569783|4.289675557139566|6.434513335709349|8.579351114279133
260.6|1.0|0.64|0.0|0|1.4252072266826885|2.850414453365377|4.275621680048065|5.700828906730754
260.8|1.0|0.64|0.0|0|1.703401912315168|3.406803824630336|5.110205736945504|6.813607649260672
261.0|1.0|0.64|0.0|0|1.2071919622283904|2.414383924456781|3.6215758866851715|4.828767848913562
261.2|1.0|0.64|0.0|0|1.3416046794020815|2.683209358804163|4.0248140382062445|5.366418717608326
261.4|1.0|0.64|0.0|0|1.414396553419066|2.828793106838132|4.243189660257198|5.657586213676264
261.6|1.0|0.64|0.0|0|0.8819708437134985|1.763941687426997|2.6459125311404956|3.527883374853994
261.8|1.0|0.64|0.0|0|0.8953040085959955|1.790608017191991|2.6859120257879865|3.581216034383982
262.0|1.0|0.64|0.0|0|1.5268275660049417|3.0536551320098835|4.580482698014825|6.107310264019767
262.2|1.0|0.64|0.0|0|1.435297188907281|2.870594377814562|4.305891566721843|5.741188755629124
262.4|1.0|0.64|0.0|0|1.8035808278649363|3.6071616557298727|5.410742483594809|7.214323311459745
262.6|1.0|0.64|0.0|0|1.0803467174700936|2.160693434940187|3.2410401524102808|4.321386869880374
262.8|1.0|0.64|0.0|0|1.2324168686533823|2.4648337373067646|3.697250605960147|4.929667474613529
263.0|1.0|0.64|0.0|0|1.2814252591843263|2.5628505183686525|3.8442757775529786|5.125701036737305
263.2|1.0|0.64|0.0|0|1.9206964661570982|3.8413929323141964|5.762089398471295|7.682785864628393
263.4|1.0|0.64|0.0|0|1.493134297531798|2.986268595063596|4.4794028925953935|5.972537190127192
263.6|1.0|0.64|0.0|0|1.250254481441226|2.500508962882452|3.750763444323678|5.001017925764904
263.8|1.0|0.64|0.0|0|1.0803467179689332|2.1606934359378664|3.2410401539068|4.321386871875733
264.0|1.0|0.64|0.0|0|1.3360191641945869|2.6720383283891738|4.00805749258376|5.3440766567783475
264.2|1.0|0.64|0.0|0|0.9801678022922724|1.9603356045845448|2.940503406876817|3.9206712091690896
264.4|1.0|0.64|0.0|0|1.6329523513832842|3.2659047027665684|4.898857054149853|6.531809405533137
264.6|1.0|0.64|0.0|0|0.9693571278481986|1.9387142556963972|2.9080713835445957|3.8774285113927944
264.8|1.0|0.64|0.0|0|1.172777981996188|2.345555963992376|3.518333945988564|4.691111927984752
265.0|1.0|0.64|0.0|0|1.4495312445418689|2.8990624890837378|4.348593733625607|5.7981249781674755
265.2|1.0|0.64|0.0|0|1.3055690985388366|2.6111381970776733|3.91670729561651|5.2222763941553465
265.4|1.0|0.64|0.0|0|1.3475505505735066|2.695101101147013|4.0426516517205195|5.390202202294026
265.6|1.0|0.64|0.0|0|1.8850212400459003|3.7700424800918007|5.655063720137701|7.540084960183601
265.8|1.0|0.64|0.0|0|1.5520524715649677|3.1041049431299355|4.656157414694903|6.208209886259871
266.0|1.0|0.64|0.0|0|1.2216061946697312|2.4432123893394624|3.6648185840091934|4.886424778678925
266.2|1.0|0.64|0.0|0|1.0291761916468394|2.0583523832936788|3.0875285749405186|4.1167047665873575
266.4|1.0|0.64|0.0|0|1.4376395033387248|2.8752790066774496|4.312918510016174|5.750558013354899
266.6|1.0|0.64|0.0|0|1.5587190548825325|3.117438109765065|4.676157164647598|6.23487621953013
266.8|1.0|0.64|0.0|0|1.0095368008746308|2.0190736017492616|3.0286104026238925|4.038147203498523
267.0|1.0|0.64|0.0|0|1.025752812041902|2.051505624083804|3.077258436125706|4.103011248167608
267.2|1.0|0.64|0.0|0|0.7455761699622969|1.4911523399245938|2.2367285098868908|2.9823046798491877
267.4|1.0|0.64|0.0|0|1.571331507720171|3.142663015440342|4.713994523160513|6.285326030880684
267.6|1.0|0.64|0.0|0|1.2434077206969971|2.4868154413939942|3.7302231620909914|4.9736308827879885
267.8|1.0|0.64|0.0|0|1.6814202079264229|3.3628404158528458|5.044260623779269|6.7256808317056915
268.0|1.0|0.64|0.0|0|1.9961910075828218|3.9923820151656435|5.988573022748465|7.984764030331287
268.2|1.0|0.64|0.0|0|1.6554745889909115|3.310949177981823|4.966423766972734|6.621898355963646
268.4|1.0|0.64|0.0|0|1.6715104230318698|3.3430208460637396|5.01453126909561|6.686041692127479
268.6|1.0|0.64|0.0|0|1.9581734698370583|3.9163469396741166|5.874520409511175|7.832693879348233
268.8|1.0|0.64|0.0|0|1.8327696478919842|3.6655392957839683|5.498308943675952|7.331078591567937
269.0|1.0|0.64|0.0|0|1.9068227674026292|3.8136455348052585|5.7204683022078875|7.627291069610517
269.2|1.0|0.64|0.0|0|1.767365068790388|3.534730137580776|5.302095206371164|7.069460275161552
269.4|1.0|0.64|0.0|0|1.4958369656174924|2.9916739312349847|4.487510896852477|5.983347862469969
269.6|1.0|0.64|0.0|0|2.1206939405889735|4.241387881177947|6.36208182176692|8.482775762355894
269.8|1.0|0.64|0.0|0|1.489891095227214|2.979782190454428|4.469673285681642|5.959564380908856
270.0|1.0|0.64|0.0|0|1.4814227334258625|2.962845466851725|4.4442682002775875|5.92569093370345
270.2|1.0|0.64|0.0|0|1.3661088745063183|2.7322177490126367|4.098326623518955|5.464435498025273
270.4|1.0|0.64|0.0|0|0.9356638604763438|1.8713277209526875|2.806991581429031|3.742655441905375
270.6|1.0|0.64|0.0|0|0.8028727432264721|1.6057454864529441|2.408618229679416|3.2114909729058883
270.8|1.0|0.64|0.0|0|1.5671874159318409|3.1343748318636817|4.701562247795523|6.268749663727363
271.0|1.0|0.64|0.0|0|1.1963812876597524|2.3927625753195048|3.589143862979257|4.7855251506390095
271.2|1.0|0.64|0.0|0|0.9998071935767084|1.9996143871534169|2.999421580730125|3.9992287743068338
271.4|1.0|0.64|0.0|0|0.9374656391341714|1.8749312782683427|2.812396917402514|3.7498625565366854
271.6|1.0|0.64|0.0|0|1.146111652449473|2.292223304898946|3.4383349573484185|4.584446609797892
271.8|1.0|0.64|0.0|0|1.0661126628506472|2.1322253257012944|3.1983379885519416|4.264450651402589
272.0|1.0|0.64|0.0|0|1.375478125267547|2.750956250535094|4.126434375802641|5.501912501070188
272.2|1.0|0.64|0.0|0|1.0569235898560154|2.113847179712031|3.1707707695680467|4.227694359424062
272.4|1.0|0.64|0.0|0|1.1324181313143356|2.264836262628671|3.3972543939430064|4.529672525257342
272.6|1.0|0.64|0.0|0|1.2731370752304805|2.546274150460961|3.819411225691441|5.092548300921922
272.8|1.0|0.64|0.0|0|1.5909708990377853|3.1819417980755706|4.772912697113356|6.363883596151141
273.0|1.0|0.64|0.0|0|1.2534976842661865|2.506995368532373|3.7604930527985596|5.013990737064746
273.2|1.0|0.64|0.0|0|1.671330245524879|3.342660491049758|5.0139907365746375|6.685320982099516
273.4|1.0|0.64|0.0|0|1.3981805411411927|2.7963610822823854|4.194541623423579|5.592722164564771
273.6|1.0|0.64|0.0|0|1.5235843628330636|3.0471687256661273|4.570753088499191|6.094337451332255
273.8|1.0|0.64|0.0|0|1.1947596872207953|2.3895193744415906|3.5842790616623854|4.779038748883181
274.0|1.0|0.64|0.0|0|1.5731332869949997|3.1462665739899993|4.719399860984999|6.292533147979999
274.2|1.0|0.64|0.0|0|1.4064687247207635|2.812937449441527|4.21940617416229|5.625874898883054
274.4|1.0|0.64|0.0|0|2.2743856929405615|4.548771385881123|6.8231570788216835|9.097542771762246
274.6|1.0|0.64|0.0|0|1.6942128392122702|3.3884256784245403|5.08263851763681|6.776851356849081
274.8|1.0|0.64|0.0|0|1.5891691205126712|3.1783382410253425|4.767507361538014|6.356676482050685
275.0|1.0|0.64|0.0|0|1.75060852258932|3.50121704517864|5.25182556776796|7.00243409035728
275.2|1.0|0.64|0.0|0|1.8235805753152834|3.647161150630567|5.47074172594585|7.294322301261134
275.4|1.0|0.64|0.0|0|1.4628644097852535|2.925728819570507|4.38859322935576|5.851457639141014
275.6|1.0|0.64|0.0|0|1.135120800595033|2.270241601190066|3.405362401785099|4.540483202380132
275.8|1.0|0.64|0.0|0|1.414216375704856|2.828432751409712|4.242649127114568|5.656865502819424
276.0|1.0|0.64|0.0|0|1.6882669691205971|3.3765339382411943|5.064800907361791|6.753067876482389
276.2|1.0|0.64|0.0|0|1.5664667044475222|3.1329334088950445|4.699400113342567|6.265866817790089
276.4|1.0|0.64|0.0|0|1.4316936312871997|2.8633872625743995|4.295080893861599|5.726774525148799
276.6|1.0|0.64|0.0|0|1.7758334303082681|3.5516668606165362|5.327500290924804|7.1033337212330725
276.8|1.0|0.64|0.0|0|1.464666187919212|2.929332375838424|4.393998563757636|5.858664751676848
277.0|1.0|0.64|0.0|0|1.6527719211950913|3.3055438423901826|4.958315763585274|6.611087684780365
277.2|1.0|0.64|0.0|0|1.3502532186621115|2.700506437324223|4.050759655986334|5.401012874648446
277.4|1.0|0.64|0.0|0|1.673132025012166|3.346264050024332|5.019396075036497|6.692528100048664
277.6|1.0|0.64|0.0|0|1.4655670781532548|2.9311341563065096|4.396701234459765|5.862268312613019
277.8|1.0|0.64|0.0|0|1.2115162317897203|2.4230324635794407|3.634548695369161|4.846064927158881
278.0|1.0|0.64|0.0|0|1.3589017582649843|2.7178035165299685|4.076705274794953|5.435607033059937
278.2|1.0|0.64|0.0|0|1.4864677155780386|2.972935431156077|4.4594031467341155|5.945870862312154
278.4|1.0|0.64|0.0|0|1.798535846402521|3.597071692805042|5.395607539207563|7.194143385610084
278.6|1.0|0.64|0.0|0|1.6059256657894017|3.2118513315788033|4.817776997368205|6.423702663157607
278.8|1.0|0.64|0.0|0|1.483945223769407|2.967890447538814|4.451835671308221|5.935780895077628
279.0|1.0|0.64|0.0|0|1.4695309926330824|2.939061985266165|4.408592977899247|5.87812397053233
279.2|1.0|0.64|0.0|0|1.5385391288384576|3.077078257676915|4.615617386515373|6.15415651535383
279.4|1.0|0.64|0.0|0|1.2468311010452464|2.493662202090493|3.740493303135739|4.987324404180986
279.6|1.0|0.64|0.0|0|1.6143940277060043|3.2287880554120085|4.843182083118013|6.457576110824017
279.8|1.0|0.64|0.0|0|1.4259279393102056|2.851855878620411|4.277783817930617|5.703711757240822
280.0|1.0|0.64|0.0|0|1.5704306181427106|3.140861236285421|4.711291854428132|6.281722472570842
280.2|1.0|0.64|0.0|0|1.2342186478700035|2.468437295740007|3.70265594361001|4.936874591480014
280.4|1.0|0.64|0.0|0|1.3089924787840586|2.617984957568117|3.926977436352175|5.235969915136234
280.6|1.0|0.64|0.0|0|1.7243025488528672|3.4486050977057343|5.172907646558602|6.897210195411469
280.8|1.0|0.64|0.0|0|1.6965551515959685|3.393110303191937|5.089665454787905|6.786220606383874
281.0|1.0|0.64|0.0|0|1.6052049539005397|3.2104099078010795|4.8156148617016195|6.420819815602159
281.2|1.0|0.64|0.0|0|1.4493510667607201|2.8987021335214402|4.34805320028216|5.7974042670428805
281.4|1.0|0.64|0.0|0|1.2897134419658698|2.5794268839317396|3.8691403258976096|5.158853767863479
281.6|1.0|0.64|0.0|0|1.5421426877350328|3.0842853754700656|4.626428063205098|6.168570750940131
281.8|1.0|0.64|0.0|0|1.2954791349481105|2.590958269896221|3.8864374048443313|5.181916539792442
282.0|1.0|0.64|0.0|0|1.5235843628802117|3.0471687257604234|4.570753088640635|6.094337451520847
282.2|1.0|0.64|0.0|0|1.800157446849627|3.600314893699254|5.400472340548881|7.200629787398508
282.4|1.0|0.64|0.0|0|1.6111508245131714|3.2223016490263428|4.833452473539514|6.4446032980526855
282.6|1.0|0.64|0.0|0|0.599271711808397|1.198543423616794|1.797815135425191|2.397086847233588
282.8|1.0|0.64|0.0|0|1.4284504296770333|2.8569008593540666|4.2853512890311|5.713801718708133
283.0|1.0|0.64|0.0|0|1.6077274447353571|3.2154548894707142|4.823182334206071|6.4309097789414285
283.2|1.0|0.64|0.0|0|1.7724100504739924|3.5448201009479847|5.3172301514219775|7.089640201895969
283.4|1.0|0.64|0.0|0|1.2915152220765607|2.5830304441531213|3.8745456662296816|5.166060888306243
283.6|1.0|0.64|0.0|0|1.1938587967283103|2.3877175934566206|3.581576390184931|4.775435186913241
283.8|1.0|0.64|0.0|0|0.9844920712709435|1.968984142541887|2.9534762138128308|3.937968285083774
284.0|1.0|0.64|0.0|0|0.8792681756592363|1.7585363513184726|2.637804526977709|3.5170727026369453
284.2|1.0|0.64|0.0|0|1.4360179015994086|2.872035803198817|4.308053704798225|5.744071606397634
284.4|1.0|0.64|0.0|0|1.1298956409370304|2.259791281874061|3.3896869228110913|4.519582563748122
284.6|1.0|0.64|0.0|0|1.411693884455018|2.823387768910036|4.235081653365055|5.646775537820072
284.8|1.0|0.64|0.0|0|1.410792995274534|2.821585990549068|4.232378985823601|5.643171981098136
285.0|1.0|0.64|0.0|0|1.490791984664394|2.981583969328788|4.472375953993182|5.963167938657576
285.2|1.0|0.64|0.0|0|1.6068265551561505|3.213653110312301|4.820479665468452|6.427306220624602
285.4|1.0|0.64|0.0|0|1.03476170787064|2.06952341574128|3.1042851236119193|4.13904683148256
285.6|1.0|0.64|0.0|0|0.871700703569223|1.743401407138446|2.615102110707669|3.486802814276892
285.8|1.0|0.64|0.0|0|0.9374656392290498|1.8749312784580996|2.8123969176871495|3.749862556916199
286.0|1.0|0.64|0.0|0|1.6352946650114624|3.2705893300229247|4.905883995034387|6.5411786600458495
286.2|1.0|0.64|0.0|0|1.5688090175233096|3.137618035046619|4.706427052569929|6.275236070093238
286.4|1.0|0.64|0.0|0|1.864841315168307|3.729682630336614|5.594523945504921|7.459365260673228
286.6|1.0|0.64|0.0|0|1.3318750725564326|2.663750145112865|3.9956252176692977|5.32750029022573
286.8|1.0|0.64|0.0|0|1.603222997321865|3.20644599464373|4.809668991965595|6.41289198928746
287.0|1.0|0.64|0.0|0|1.02485192227061|2.04970384454122|3.0745557668118297|4.09940768908244
287.2|1.0|0.64|0.0|0|1.3907932469237143|2.7815864938474286|4.1723797407711425|5.563172987694857
287.4|1.0|0.64|0.0|0|1.2569210645079159|2.5138421290158317|3.7707631935237473|5.027684258031663
287.6|1.0|0.64|0.0|0|1.2333177581493522|2.4666355162987044|3.699953274448056|4.933271032597409
287.8|1.0|0.64|0.0|0|0.8727817714813871|1.7455635429627743|2.6183453144441615|3.4911270859255485
288.0|1.0|0.64|0.0|0|1.1855706140305857|2.3711412280611714|3.556711842091757|4.742282456122343
288.2|1.0|0.64|0.0|0|1.4821434452116968|2.9642868904233937|4.446430335635091|5.928573780846787
288.4|1.0|0.64|0.0|0|0.969176949674148|1.938353899348296|2.9075308490224443|3.876707798696592
288.6|1.0|0.64|0.0|0|1.1989037789503356|2.3978075579006712|3.5967113368510066|4.7956151158013425
288.8|1.0|0.64|0.0|0|1.2906143319560226|2.581228663912045|3.871842995868068|5.16245732782409
289.0|1.0|0.64|0.0|0|0.6726041183585773|1.3452082367171545|2.0178123550757316|2.690416473434309
289.2|1.0|0.64|0.0|0|1.2291736671101545|2.458347334220309|3.6875210013304636|4.916694668440618
289.4|1.0|0.64|0.0|0|1.4805218435707515|2.961043687141503|4.441565530712254|5.922087374283006
289.6|1.0|0.64|0.0|0|1.9381737221131352|3.8763474442262704|5.814521166339405|7.752694888452541
289.8|1.0|0.64|0.0|0|1.903759742354161|3.807519484708322|5.711279227062483|7.615038969416644
290.0|1.0|0.64|0.0|0|1.3016051844198966|2.603210368839793|3.90481555325969|5.206420737679586
290.2|1.0|0.64|0.0|0|1.2898936203221103|2.5797872406442206|3.869680860966331|5.159574481288441
290.4|1.0|0.64|0.0|0|1.6345739522168894|3.269147904433779|4.903721856650668|6.538295808867558
290.6|1.0|0.64|0.0|0|1.645384627694149|3.290769255388298|4.936153883082447|6.581538510776596
290.8|1.0|0.64|0.0|0|2.016190754533747|4.032381509067494|6.048572263601241|8.064763018134988
291.0|1.0|0.64|0.0|0|1.18971470531833|2.37942941063666|3.56914411595499|4.75885882127332
291.2|1.0|0.64|0.0|0|1.711870273427923|3.423740546855846|5.135610820283769|6.847481093711692
291.4|1.0|0.64|0.0|0|1.2990826931316417|2.5981653862632834|3.897248079394925|5.196330772526567
291.6|1.0|0.64|0.0|0|0.7699001875426628|1.5398003750853255|2.309700562627988|3.079600750170651
291.8|1.0|0.64|0.0|0|0.7801703278953216|1.5603406557906432|2.3405109836859648|3.1206813115812864
292.0|1.0|0.64|0.0|0|1.386468977808837|2.772937955617674|4.159406933426512|5.545875911235348
292.2|1.0|0.64|0.0|0|1.3149383493256768|2.6298766986513535|3.94481504797703|5.259753397302707
292.4|1.0|0.64|0.0|0|1.647366583049881|3.294733166099762|4.942099749149643|6.589466332199524
292.6|1.0|0.64|0.0|0|0.97530299879436|1.95060599758872|2.92590899638308|3.90121199517744
292.8|1.0|0.64|0.0|0|1.8379948065616207|3.6759896131232415|5.513984419684862|7.351979226246483
293.0|1.0|0.64|0.0|0|1.3342173848761025|2.668434769752205|4.002652154628308|5.33686953950441
293.2|1.0|0.64|0.0|0|1.5731332868209589|3.1462665736419178|4.719399860462876|6.2925331472838355
293.4|1.0|0.64|0.0|0|1.183588656556677|2.367177313113354|3.5507659696700316|4.734354626226708
293.6|1.0|0.64|0.0|0|1.1334991991595609|2.2669983983191218|3.400497597478682|4.5339967966382435
293.8|1.0|0.64|0.0|0|1.655654767271482|3.311309534542964|4.966964301814446|6.622619069085928
294.0|1.0|0.64|0.0|0|1.3082717665808752|2.6165435331617504|3.924815299742626|5.233087066323501
294.2|1.0|0.64|0.0|0|0.9971045256464285|1.994209051292857|2.9913135769392856|3.988418102585714
294.4|1.0|0.64|0.0|0|1.3929553818289435|2.785910763657887|4.178866145486831|5.571821527315774
294.6|1.0|0.64|0.0|0|1.8361930291535116|3.672386058307023|5.508579087460535|7.344772116614046
294.8|1.0|0.64|0.0|0|1.5169177800021147|3.0338355600042295|4.550753340006344|6.067671120008459
295.0|1.0|0.64|0.0|0|1.3208842204697442|2.6417684409394884|3.9626526614092326|5.283536881878977
295.2|1.0|0.64|0.0|0|1.6875462566950605|3.375092513390121|5.062638770085182|6.750185026780242
295.4|1.0|0.64|0.0|0|1.3082717670744761|2.6165435341489522|3.9248153012234286|5.2330870682979045
295.6|1.0|0.64|0.0|0|1.2325970466283627|2.4651940932567253|3.697791139885088|4.930388186513451
295.8|1.0|0.64|0.0|0|1.4697111693676574|2.939422338735315|4.409133508102972|5.87884467747063
296.0|1.0|0.64|0.0|0|1.5807007588428692|3.1614015176857384|4.742102276528608|6.322803035371477
296.2|1.0|0.64|0.0|0|0.4866605209955019|0.9733210419910038|1.4599815629865056|1.9466420839820076
296.4|1.0|0.64|0.0|0|1.5462867794220816|3.092573558844163|4.6388603382662446|6.185147117688326
296.6|1.0|0.64|0.0|0|1.0920582813670636|2.1841165627341272|3.276174844101191|4.3682331254682545
296.8|1.0|0.64|0.0|0|1.5570974537829183|3.1141949075658366|4.671292361348756|6.228389815131673
297.0|1.0|0.64|0.0|0|1.704302801926971|3.408605603853942|5.112908405780913|6.817211207707884
297.2|1.0|0.64|0.0|0|1.3401632558746508|2.6803265117493016|4.020489767623952|5.360653023498603
297.4|1.0|0.64|0.0|0|1.5270077426254298|3.0540154852508596|4.5810232278762895|6.108030970501719
297.6|1.0|0.64|0.0|0|1.4479096433089593|2.8958192866179187|4.343728929926878|5.791638573235837
297.8|1.0|0.64|0.0|0|1.0156628491089223|2.0313256982178447|3.046988547326767|4.062651396435689
298.0|1.0|0.64|0.0|0|1.1771022527827892|2.3542045055655785|3.5313067583483675|4.708409011131157
298.2|1.0|0.64|0.0|0|1.409171394206352|2.818342788412704|4.227514182619056|5.636685576825408
298.4|1.0|0.64|0.0|0|1.341784856976593|2.683569713953186|4.025354570929779|5.367139427906372
298.6|1.0|0.64|0.0|0|1.6545737002691037|3.3091474005382073|4.9637211008073105|6.618294801076415
298.8|1.0|0.64|0.0|0|1.4075497926113907|2.8150995852227814|4.222649377834172|5.630199170445563
299.0|1.0|0.64|0.0|0|1.425207227476641|2.850414454953282|4.2756216824299225|5.700828909906564
299.2|1.0|0.64|0.0|0|1.0677342640486323|2.1354685280972645|3.2032027921458965|4.270937056194529
299.4|1.0|0.64|0.0|0|1.4158379755890942|2.8316759511781884|4.247513926767282|5.663351902356377
299.6|1.0|0.64|0.0|0|0.7026938287867239|1.4053876575734479|2.108081486360172|2.8107753151468957
299.8|1.0|0.64|0.0|0|0.9266549643717016|1.8533099287434032|2.7799648931151046|3.7066198574868063
300.0|1.0|0.64|0.0|0|1.238362739859732|2.476725479719464|3.7150882195791963|4.953450959438928
300.2|1.0|0.64|0.0|0|1.5066476401494597|3.0132952802989195|4.519942920448379|6.026590560597839
300.4|1.0|0.64|0.0|0|1.560520833631164|3.121041667262328|4.681562500893492|6.242083334524656
300.6|1.0|0.64|0.0|0|0.8742231943539818|1.7484463887079635|2.622669583061945|3.496892777415927
300.8|1.0|0.64|0.0|0|1.4025048114877439|2.8050096229754877|4.207514434463232|5.6100192459509755
301.0|1.0|0.64|0.0|0|1.0929591705591892|2.1859183411183785|3.278877511677568|4.371836682236757
301.2|1.0|0.64|0.0|0|1.272056007909706|2.544112015819412|3.816168023729118|5.088224031638824
301.4|1.0|0.64|0.0|0|1.257101241661586|2.514202483323172|3.771303724984758|5.028404966646344
301.6|1.0|0.64|0.0|0|1.2920557561056933|2.5841115122113867|3.87616726831708|5.168223024422773
301.8|1.0|0.64|0.0|0|1.4715129489131518|2.9430258978263035|4.414538846739456|5.886051795652607
302.0|1.0|0.64|0.0|0|1.639799111267786|3.279598222535572|4.919397333803358|6.559196445071144
302.2|1.0|0.64|0.0|0|1.6740329135523657|3.3480658271047314|5.022098740657097|6.696131654209463
302.4|1.0|0.64|0.0|0|1.8372740962717233|3.6745481925434467|5.51182228881517|7.349096385086893
302.6|1.0|0.64|0.0|0|1.9405160352715773|3.8810320705431547|5.821548105814732|7.762064141086309
302.8|1.0|0.64|0.0|0|1.9733084139687724|3.946616827937545|5.919925241906317|7.89323365587509
303.0|1.0|0.64|0.0|0|1.9675427204859461|3.9350854409718923|5.902628161457838|7.870170881943785
303.2|1.0|0.64|0.0|0|1.6495287177170408|3.2990574354340816|4.948586153151123|6.598114870868163
303.4|1.0|0.64|0.0|0|1.6116913585271702|3.2233827170543403|4.8350740755815105|6.446765434108681
303.6|1.0|0.64|0.0|0|1.6235831008624533|3.2471662017249066|4.87074930258736|6.494332403449813
303.8|1.0|0.64|0.0|0|1.5152961796848117|3.0305923593696233|4.5458885390544355|6.061184718739247
304.0|1.0|0.64|0.0|0|1.4695309920841841|2.9390619841683683|4.408592976252552|5.878123968336737
304.2|1.0|0.64|0.0|0|1.2399843403999704|2.479968680799941|3.7199530211999114|4.959937361599882
304.4|1.0|0.64|0.0|0|1.1284542178636194|2.256908435727239|3.385362653590858|4.513816871454478
304.6|1.0|0.64|0.0|0|1.7111495628126447|3.4222991256252895|5.133448688437934|6.844598251250579
304.8|1.0|0.64|0.0|0|2.0340283673570974|4.068056734714195|6.1020851020712925|8.13611346942839
305.0|1.0|0.64|0.0|0|1.2929566441767395|2.585913288353479|3.8788699325302183|5.171826576706958
305.2|1.0|0.64|0.0|0|1.408270503379173|2.816541006758346|4.224811510137519|5.633082013516692
305.4|1.0|0.64|0.0|0|1.8835798176063707|3.7671596352127414|5.650739452819112|7.534319270425483
305.6|1.0|0.64|0.0|0|1.3769195475796017|2.7538390951592033|4.130758642738805|5.507678190318407
305.8|1.0|0.64|0.0|0|1.5428633987624212|3.0857267975248424|4.628590196287264|6.171453595049685
306.0|1.0|0.64|0.0|0|1.4779993529204525|2.955998705840905|4.433998058761357|5.91199741168181
306.2|1.0|0.64|0.0|0|1.8850212402385675|3.770042480477135|5.655063720715703|7.54008496095427
306.4|1.0|0.64|0.0|0|1.3468298390397115|2.693659678079423|4.040489517119135|5.387319356158846
306.6|1.0|0.64|0.0|0|1.9455610169004667|3.8911220338009334|5.8366830507014|7.782244067601867
306.8|1.0|0.64|0.0|0|1.5488092704751775|3.097618540950355|4.646427811425532|6.19523708190071
307.0|1.0|0.64|0.0|0|1.6875462561252077|3.3750925122504154|5.062638768375623|6.750185024500831
307.2|1.0|0.64|0.0|0|1.5765566675068126|3.153113335013625|4.729670002520438|6.30622667002725
307.4|1.0|0.64|0.0|0|1.421783846486361|2.843567692972722|4.2653515394590835|5.687135385945444
307.6|1.0|0.64|0.0|0|1.5453858895093449|3.0907717790186897|4.636157668528035|6.181543558037379
307.8|1.0|0.64|0.0|0|1.0551218105753661|2.1102436211507323|3.165365431726098|4.2204872423014645
308.0|1.0|0.64|0.0|0|1.4662877896771547|2.9325755793543093|4.398863369031464|5.865151158708619
308.2|1.0|0.64|0.0|0|1.4830443342600497|2.9660886685200993|4.449133002780149|5.932177337040199
308.4|1.0|0.64|0.0|0|1.8161932801525125|3.632386560305025|5.448579840457537|7.26477312061005
308.6|1.0|0.64|0.0|0|1.3318750710523466|2.663750142104693|3.99562521315704|5.327500284209386
308.8|1.0|0.64|0.0|0|1.362865671249457|2.725731342498914|4.088597013748371|5.451462684997828
309.0|1.0|0.64|0.0|0|1.4807020219322307|2.9614040438644613|4.442106065796692|5.922808087728923
309.2|1.0|0.64|0.0|0|1.431153097826174|2.862306195652348|4.293459293478522|5.724612391304696
309.4|1.0|0.64|0.0|0|1.2745784979965549|2.5491569959931097|3.823735493989665|5.0983139919862195
309.6|1.0|0.64|0.0|0|0.9742219311837116|1.9484438623674232|2.922665793551135|3.8968877247348463
309.8|1.0|0.64|0.0|0|1.4497114222438554|2.899422844487711|4.349134266731566|5.798845688975422
310.0|1.0|0.64|0.0|0|0.49747119533363776|0.9949423906672755|1.4924135860009131|1.989884781334551
310.2|1.0|0.64|0.0|0|1.0560227005562055|2.112045401112411|3.168068101668617|4.224090802224822
310.4|1.0|0.64|0.0|0|0.6371090717252815|1.274218143450563|1.9113272151758445|2.548436286901126
310.6|1.0|0.64|0.0|0|1.5376382392202517|3.0752764784405033|4.612914717660756|6.150552956881007
310.8|1.0|0.64|0.0|0|1.5857457406166955|3.171491481233391|4.757237221850087|6.342982962466782
311.0|1.0|0.64|0.0|0|1.7286268186400426|3.4572536372800853|5.185880455920128|6.914507274560171
311.2|1.0|0.64|0.0|0|1.4369187908252947|2.8738375816505894|4.310756372475884|5.747675163301179
311.4|1.0|0.64|0.0|0|1.2704344077355938|2.5408688154711876|3.8113032232067816|5.081737630942375
311.6|1.0|0.64|0.0|0|1.0021495060023162|2.0042990120046325|3.0064485180069487|4.008598024009265
311.8|1.0|0.64|0.0|0|1.523584362540279|3.047168725080558|4.570753087620837|6.094337450161116
312.0|1.0|0.64|0.0|0|1.6428621366998428|3.2857242733996856|4.928586410099529|6.571448546799371
312.2|1.0|0.64|0.0|0|1.6351144859485809|3.2702289718971618|4.905343457845743|6.5404579437943235
312.4|1.0|0.64|0.0|0|1.6630420614103802|3.3260841228207605|4.98912618423114|6.652168245641521
312.6|1.0|0.64|0.0|0|1.7648425775347294|3.529685155069459|5.2945277326041875|7.059370310138918
312.8|1.0|0.64|0.0|0|0.9498979144479389|1.8997958288958778|2.849693743343817|3.7995916577917557
313.0|1.0|0.64|0.0|0|1.6050247759028584|3.210049551805717|4.815074327708576|6.420099103611434
313.2|1.0|0.64|0.0|0|1.3351182745856944|2.670236549171389|4.005354823757083|5.340473098342778
313.4|1.0|0.64|0.0|0|1.2383627401135175|2.476725480227035|3.715088220340552|4.95345096045407
313.6|1.0|0.64|0.0|0|1.574754888172612|3.149509776345224|4.724264664517836|6.299019552690448
313.8|1.0|0.64|0.0|0|1.0055728870135507|2.0111457740271015|3.0167186610406524|4.022291548054203
314.0|1.0|0.64|0.0|0|0.9113398429931848|1.8226796859863696|2.7340195289795544|3.6453593719727393
314.2|1.0|0.64|0.0|0|1.4217838468559798|2.8435676937119596|4.26535154056794|5.687135387423919
314.4|1.0|0.64|0.0|0|1.2695335175958473|2.5390670351916946|3.808600552787542|5.078134070383389
314.6|1.0|0.64|0.0|0|1.0954816621966903|2.1909633243933806|3.286444986590071|4.381926648786761
314.8|1.0|0.64|0.0|0|1.2902539762307434|2.580507952461487|3.8707619286922306|5.161015904922974
315.0|1.0|0.64|0.0|0|1.3720547454408383|2.7441094908816765|4.116164236322515|5.488218981763353
315.2|1.0|0.64|0.0|0|1.6471864057215877|3.2943728114431754|4.941559217164763|6.588745622886351
315.4|1.0|0.64|0.0|0|1.4525942689942908|2.9051885379885816|4.357782806982872|5.810377075977163
315.6|1.0|0.64|0.0|0|1.2493535915430414|2.4987071830860828|3.748060774629124|4.9974143661721655
315.8|1.0|0.64|0.0|0|1.6488080073264442|3.2976160146528883|4.9464240219793325|6.595232029305777
316.0|1.0|0.64|0.0|0|1.568809018254398|3.137618036508796|4.706427054763194|6.275236073017592
316.2|1.0|0.64|0.0|0|1.3030466069193802|2.6060932138387605|3.9091398207581403|5.212186427677521
316.4|1.0|0.64|0.0|0|1.678177006435|3.35635401287|5.034531019305|6.71270802574
316.6|1.0|0.64|0.0|0|1.9019579633546544|3.803915926709309|5.705873890063963|7.607831853418618
316.8|1.0|0.64|0.0|0|1.5756557782739415|3.151311556547883|4.726967334821825|6.302623113095766
317.0|1.0|0.64|0.0|0|1.2864702403376589|2.5729404806753178|3.8594107210129764|5.1458809613506356
317.2|1.0|0.64|0.0|0|1.7918692629592277|3.5837385259184553|5.375607788877683|7.167477051836911
317.4|1.0|0.64|0.0|0|1.5740341764211203|3.1480683528422406|4.722102529263361|6.296136705684481
317.6|1.0|0.64|0.0|0|1.3803429284028255|2.760685856805651|4.141028785208476|5.521371713611302
317.8|1.0|0.64|0.0|0|1.2870107738062517|2.5740215476125035|3.8610323214187554|5.148043095225007
318.0|1.0|0.64|0.0|0|0.98701456250914|1.97402912501828|2.96104368752742|3.94805825003656
318.2|1.0|0.64|0.0|0|1.5235843636316726|3.047168727263345|4.570753090895018|6.09433745452669
318.4|1.0|0.64|0.0|0|1.0929591710743272|2.1859183421486543|3.2788775132229815|4.371836684297309
318.6|1.0|0.64|0.0|0|1.4057480139023404|2.8114960278046808|4.217244041707021|5.6229920556093616
318.8|1.0|0.64|0.0|0|1.6118715367518612|3.2237430735037225|4.8356146102555835|6.447486147007445
319.0|1.0|0.64|0.0|0|1.28214597090555|2.5642919418111|3.84643791271665|5.1285838836222
319.2|1.0|0.64|0.0|0|1.0796260057168556|2.1592520114337113|3.238878017150567|4.3185040228674225
319.4|1.0|0.64|0.0|0|1.2848486401711137|2.5696972803422273|3.854545920513341|5.139394560684455
319.6|1.0|0.64|0.0|0|1.267731737329742|2.535463474659484|3.8031952119892263|5.070926949318968
319.8|1.0|0.64|0.0|0|1.126652439289029|2.253304878578058|3.3799573178670865|4.506609757156116
320.0|1.0|0.64|0.0|0|1.1560214367404125|2.312042873480825|3.4680643102212376|4.62408574696165
320.2|1.0|0.64|0.0|0|0.925573897489231|1.851147794978462|2.7767216924676927|3.702295589956924
320.4|1.0|0.64|0.0|0|1.156742148816703|2.313484297633406|3.470226446450109|4.626968595266812
320.6|1.0|0.64|0.0|0|1.224128686307814|2.448257372615628|3.6723860589234425|4.896514745231256
320.8|1.0|0.64|0.0|0|1.3131365701102198|2.6262731402204396|3.939409710330659|5.252546280440879
321.0|1.0|0.64|0.0|0|1.2502544811711425|2.500508962342285|3.7507634435134274|5.00101792468457
321.2|1.0|0.64|0.0|0|1.2479121683386631|2.4958243366773263|3.743736505015989|4.991648673354653
321.4|1.0|0.64|0.0|0|1.0686351531813862|2.1372703063627725|3.2059054595441587|4.274540612725545
321.6|1.0|0.64|0.0|0|1.419982067801758|2.839964135603516|4.259946203405274|5.679928271207032
321.8|1.0|0.64|0.0|0|1.3452082372113376|2.6904164744226753|4.0356247116340125|5.380832948845351
322.0|1.0|0.64|0.0|0|1.3401632558432186|2.680326511686437|4.020489767529656|5.360653023372874
322.2|1.0|0.64|0.0|0|1.385568087640569|2.771136175281138|4.156704262921707|5.542272350562276
322.4|1.0|0.64|0.0|0|1.2554796400788484|2.5109592801576968|3.766438920236545|5.0219185603153935
322.6|1.0|0.64|0.0|0|1.1720572709955752|2.3441145419911504|3.5161718129867254|4.688229083982301
322.8|1.0|0.64|0.0|0|1.4443060841673299|2.8886121683346597|4.33291825250199|5.7772243366693194
323.0|1.0|0.64|0.0|0|1.1266524391068389|2.2533048782136778|3.3799573173205166|4.5066097564273555
323.2|1.0|0.64|0.0|0|2.0406949498411286|4.081389899682257|6.122084849523386|8.162779799364515
323.4|1.0|0.64|0.0|0|1.5942141022806768|3.1884282045613537|4.782642306842031|6.376856409122707
323.6|1.0|0.64|0.0|0|1.4291711402480736|2.858342280496147|4.2875134207442205|5.716684560992294
323.8|1.0|0.64|0.0|0|2.17943193715939|4.35886387431878|6.538295811478171|8.71772774863756
324.0|1.0|0.64|0.0|0|1.5401607301662457|3.0803214603324913|4.620482190498737|6.160642920664983
324.2|1.0|0.64|0.0|0|1.5605208337656236|3.121041667531247|4.681562501296871|6.242083335062494
324.4|1.0|0.64|0.0|0|1.6208804324752433|3.2417608649504865|4.86264129742573|6.483521729900973
324.6|1.0|0.64|0.0|0|1.6637627726711812|3.3275255453423624|4.991288318013544|6.655051090684725
324.8|1.0|0.64|0.0|0|1.1650303324585558|2.3300606649171116|3.495090997375667|4.660121329834223
325.0|1.0|0.64|0.0|0|1.8513279721670568|3.7026559443341136|5.553983916501171|7.405311888668227
325.2|1.0|0.64|0.0|0|1.825382353942261|3.650764707884522|5.476147061826783|7.301529415769044
325.4|1.0|0.64|0.0|0|0.8792681757232648|1.7585363514465295|2.6378045271697945|3.517072702893059
325.6|1.0|0.64|0.0|0|1.368090830842267|2.736181661684534|4.1042724925268015|5.472363323369068
325.8|1.0|0.64|0.0|0|1.5689891953556812|3.1379783907113623|4.7069675860670435|6.275956781422725
326.0|1.0|0.64|0.0|0|1.7882657055795441|3.5765314111590882|5.364797116738632|7.1530628223181765
326.2|1.0|0.64|0.0|0|1.5225032959866818|3.0450065919733635|4.567509887960045|6.090013183946727
326.4|1.0|0.64|0.0|0|1.363946739669192|2.727893479338384|4.091840219007576|5.455786958676768
326.6|1.0|0.64|0.0|0|1.2461103898414887|2.4922207796829774|3.738331169524466|4.984441559365955
326.8|1.0|0.64|0.0|0|2.005380080900506|4.010760161801012|6.0161402427015185|8.021520323602024
327.0|1.0|0.64|0.0|0|1.8336705375835316|3.667341075167063|5.501011612750594|7.334682150334126
327.2|1.0|0.64|0.0|0|1.5091701315803234|3.018340263160647|4.52751039474097|6.036680526321294
327.4|1.0|0.64|0.0|0|1.2562003523582836|2.5124007047165673|3.768601057074851|5.024801409433135
327.6|1.0|0.64|0.0|0|0.9583662759466105|1.916732551893221|2.8750988278398317|3.833465103786442
327.8|1.0|0.64|0.0|0|1.449531243570383|2.899062487140766|4.3485937307111495|5.798124974281532
328.0|1.0|0.64|0.0|0|0.6866579950100282|1.3733159900200564|2.059973985030085|2.746631980040113
328.2|1.0|0.64|0.0|0|1.358901758657304|2.717803517314608|4.076705275971912|5.435607034629216
328.4|1.0|0.64|0.0|0|0.9684562377695701|1.9369124755391403|2.9053687133087105|3.8738249510782805
328.6|1.0|0.64|0.0|0|0.7616120038216475|1.523224007643295|2.284836011464942|3.04644801528659
328.8|1.0|0.64|0.0|0|1.4855668252153569|2.9711336504307138|4.456700475646071|5.9422673008614275
329.0|1.0|0.64|0.0|0|1.0026900407369257|2.0053800814738514|3.008070122210777|4.010760162947703
329.2|1.0|0.64|0.0|0|1.6280875479383408|3.2561750958766815|4.884262643815022|6.512350191753363
329.4|1.0|0.64|0.0|0|1.3417848574137328|2.6835697148274655|4.0253545722411985|5.367139429654931
329.6|1.0|0.64|0.0|0|1.1608862405840783|2.3217724811681566|3.482658721752235|4.643544962336313
329.8|1.0|0.64|0.0|0|0.6999911611812428|1.3999823223624857|2.0999734835437285|2.7999646447249713
330.0|1.0|0.64|0.0|0|1.6832219875667958|3.3664439751335915|5.049665962700387|6.732887950267183
330.2|1.0|0.64|0.0|0|1.1012473542703092|2.2024947085406184|3.3037420628109277|4.404989417081237
330.4|1.0|0.64|0.0|0|1.2097144529165245|2.419428905833049|3.6291433587495736|4.838857811666098
330.6|1.0|0.64|0.0|0|2.01456915432471|4.02913830864942|6.0437074629741305|8.05827661729884
330.8|1.0|0.64|0.0|0|1.6082679780479534|3.216535956095907|4.82480393414386|6.433071912191814
331.0|1.0|0.64|0.0|0|1.8329498260479902|3.6658996520959803|5.4988494781439705|7.331799304191961
331.2|1.0|0.64|0.0|0|1.2316961569548595|2.463392313909719|3.6950884708645786|4.926784627819438
331.4|1.0|0.64|0.0|0|0.9569248530536433|1.9138497061072866|2.87077455916093|3.827699412214573
331.6|1.0|0.64|0.0|0|1.4066489027393994|2.8132978054787987|4.219946708218198|5.626595610957597
331.8|1.0|0.64|0.0|0|1.8482649476587556|3.696529895317511|5.544794842976267|7.393059790635022
332.0|1.0|0.64|0.0|0|1.4915126962988883|2.9830253925977765|4.474538088896665|5.966050785195553
332.2|1.0|0.64|0.0|0|1.8549315311521075|3.709863062304215|5.564794593456322|7.41972612460843
332.4|1.0|0.64|0.0|0|1.4107929951971176|2.8215859903942353|4.232378985591353|5.643171980788471
332.6|1.0|0.64|0.0|0|1.269533517493402|2.539067034986804|3.8086005524802053|5.078134069973608
332.8|1.0|0.64|0.0|0|1.5001612353685791|3.0003224707371583|4.5004837061057374|6.000644941474317
333.0|1.0|0.64|0.0|0|1.32088422007335|2.6417684401467|3.96265266022005|5.2835368802934
333.2|1.0|0.64|0.0|0|1.673132025012748|3.346264050025496|5.019396075038244|6.692528100050992
333.4|1.0|0.64|0.0|0|1.8689854073332406|3.737970814666481|5.606956221999722|7.475941629332962
333.6|1.0|0.64|0.0|0|1.194038975368022|2.388077950736044|3.5821169261040664|4.776155901472088
333.8|1.0|0.64|0.0|0|1.6958344404440155|3.391668880888031|5.087503321332046|6.783337761776062
334.0|1.0|0.64|0.0|0|1.3410641450947163|2.6821282901894326|4.023192435284149|5.364256580378865
334.2|1.0|0.64|0.0|0|1.1720572701434149|2.3441145402868298|3.516171810430245|4.6882290805736595
334.4|1.0|0.64|0.0|0|1.4369187913864165|2.873837582772833|4.31075637415925|5.747675165545666
334.6|1.0|0.64|0.0|0|0.9870145624398728|1.9740291248797457|2.9610436873196186|3.9480582497594914
334.8|1.0|0.64|0.0|0|1.2392636296071589|2.4785272592143177|3.717790888821477|4.957054518428635
335.0|1.0|0.64|0.0|0|1.7570949283865063|3.5141898567730125|5.271284785159519|7.028379713546025
335.2|1.0|0.64|0.0|0|0.9868343856988949|1.9736687713977898|2.9605031570966847|3.9473375427955797
335.4|1.0|0.64|0.0|0|1.139805425486994|2.279610850973988|3.419416276460982|4.559221701947976
335.6|1.0|0.64|0.0|0|2.0904240530659464|4.180848106131893|6.271272159197839|8.361696212263785
335.8|1.0|0.64|0.0|0|1.1012473547144337|2.2024947094288674|3.303742064143301|4.404989418857735
336.0|1.0|0.64|0.0|0|1.085571876683972|2.171143753367944|3.2567156300519158|4.342287506735888
336.2|1.0|0.64|0.0|0|1.1491746766417064|2.2983493532834127|3.4475240299251193|4.596698706566825
336.4|1.0|0.64|0.0|0|0.9498979134199916|1.8997958268399833|2.849693740259975|3.7995916536799665
336.6|1.0|0.64|0.0|0|1.6093490454030703|3.2186980908061407|4.828047136209211|6.437396181612281
336.8|1.0|0.64|0.0|0|1.4527744463714785|2.905548892742957|4.358323339114436|5.811097785485914
337.0|1.0|0.64|0.0|0|1.1592646398645603|2.3185292797291206|3.477793919593681|4.637058559458241
337.2|1.0|0.64|0.0|0|1.2021469809557321|2.4042939619114643|3.6064409428671964|4.8085879238229285
337.4|1.0|0.64|0.0|0|1.981776775481414|3.963553550962828|5.945330326444242|7.927107101925656
337.6|1.0|0.64|0.0|0|1.9524077763548138|3.9048155527096275|5.857223329064442|7.809631105419255
337.8|1.0|0.64|0.0|0|1.2956593140750203|2.5913186281500407|3.886977942225061|5.182637256300081
338.0|1.0|0.64|0.0|0|1.1163822980067934|2.232764596013587|3.3491468940203806|4.465529192027174
338.2|1.0|0.64|0.0|0|1.5435841106902821|3.0871682213805642|4.630752332070847|6.1743364427611285
338.4|1.0|0.64|0.0|0|1.1567421487352123|2.3134842974704246|3.4702264462056367|4.626968594940849
338.6|1.0|0.64|0.0|0|1.5832232500799015|3.166446500159803|4.749669750239704|6.332893000319606
338.8|1.0|0.64|0.0|0|0.8136834179918522|1.6273668359837044|2.4410502539755567|3.2547336719674087
339.0|1.0|0.64|0.0|0|0.9803479798632916|1.9606959597265832|2.9410439395898744|3.9213919194531663
339.2|1.0|0.64|0.0|0|1.0524191414332027|2.1048382828664054|3.157257424299608|4.209676565732811
339.4|1.0|0.64|0.0|0|1.357820690618247|2.715641381236494|4.073462071854741|5.431282762472988
339.6|1.0|0.64|0.0|0|1.6781770051538494|3.3563540103076988|5.034531015461548|6.7127080206153975
339.8|1.0|0.64|0.0|0|1.8378146295389177|3.6756292590778354|5.513443888616753|7.351258518155671
340.0|1.0|0.64|0.0|0|1.4165586880844798|2.8331173761689596|4.249676064253439|5.666234752337919
340.2|1.0|0.64|0.0|0|1.422504558375223|2.845009116750446|4.267513675125669|5.690018233500892
340.4|1.0|0.64|0.0|0|2.124477676547251|4.248955353094502|6.3734330296417525|8.497910706189003
340.6|1.0|0.64|0.0|0|1.582322360100808|3.164644720201616|4.746967080302424|6.329289440403232
340.8|1.0|0.64|0.0|0|1.624483989552829|3.248967979105658|4.873451968658487|6.497935958211316
341.0|1.0|0.64|0.0|0|1.1727779831388043|2.3455559662776087|3.518333949416413|4.691111932555217
341.2|1.0|0.64|0.0|0|1.0509777191729528|2.1019554383459056|3.152933157518858|4.203910876691811
341.4|1.0|0.64|0.0|0|1.2821459704596794|2.5642919409193587|3.846437911379038|5.1285838818387175
341.6|1.0|0.64|0.0|0|1.0390859766607181|2.0781719533214362|3.117257929982155|4.1563439066428725
341.8|1.0|0.64|0.0|0|0.9129614437487916|1.8259228874975832|2.738884331246375|3.6518457749951665
342.0|1.0|0.64|0.0|0|0.8693583902245162|1.7387167804490324|2.6080751706735485|3.477433560898065
342.2|1.0|0.64|0.0|0|1.7262845059274712|3.4525690118549424|5.1788535177824135|6.905138023709885
342.4|1.0|0.64|0.0|0|1.0567434122395944|2.113486824479189|3.1702302367187833|4.226973648958378
342.6|1.0|0.64|0.0|0|1.165030333250762|2.330060666501524|3.495090999752286|4.660121333003048
342.8|1.0|0.64|0.0|0|1.0893556132627429|2.1787112265254858|3.2680668397882284|4.3574224530509715
343.0|1.0|0.64|0.0|0|1.1223281685449193|2.2446563370898387|3.366984505634758|4.489312674179677
343.2|1.0|0.64|0.0|0|1.7891665954544458|3.5783331909088916|5.367499786363338|7.156666381817783
343.4|1.0|0.64|0.0|0|1.1039500225841776|2.2079000451683553|3.3118500677525327|4.4158000903367105
343.6|1.0|0.64|0.0|0|1.5951149909762912|3.1902299819525823|4.785344972928874|6.380459963905165
343.8|1.0|0.64|0.0|0|1.2226872626034322|2.4453745252068644|3.6680617878102963|4.890749050413729
344.0|1.0|0.64|0.0|0|1.6850237653683886|3.370047530736777|5.055071296105166|6.740095061473554
344.2|1.0|0.64|0.0|0|1.6621411719202313|3.3242823438404625|4.986423515760693|6.648564687680925
344.4|1.0|0.64|0.0|0|1.5488092696573599|3.0976185393147198|4.64642780897208|6.1952370786294395
344.6|1.0|0.64|0.0|0|1.8547513518022622|3.7095027036045245|5.564254055406787|7.419005407209049
344.8|1.0|0.64|0.0|0|1.6437630252918476|3.287526050583695|4.931289075875543|6.57505210116739
345.0|1.0|0.64|0.0|0|2.261773239226897|4.523546478453794|6.785319717680692|9.047092956907589
345.2|1.0|0.64|0.0|0|1.8437605001986974|3.687521000397395|5.5312815005960925|7.37504200079479
345.4|1.0|0.64|0.0|0|1.2789027685264602|2.5578055370529205|3.8367083055793807|5.115611074105841
345.6|1.0|0.64|0.0|0|1.209894631166827|2.419789262333654|3.629683893500481|4.839578524667308
345.8|1.0|0.64|0.0|0|1.225029575357331|2.450059150714662|3.6750887260719933|4.900118301429324
346.0|1.0|0.64|0.0|0|1.4361980797996525|2.872396159599305|4.308594239398957|5.74479231919861
346.2|1.0|0.64|0.0|0|1.4342161221604341|2.8684322443208683|4.302648366481303|5.736864488641737
346.4|1.0|0.64|0.0|0|1.5075485294061959|3.0150970588123918|4.522645588218587|6.0301941176247835
346.6|1.0|0.64|0.0|0|1.2425068314588872|2.4850136629177744|3.7275204943766616|4.970027325835549
346.8|1.0|0.64|0.0|0|1.335118274857524|2.670236549715048|4.0053548245725725|5.340473099430096
347.0|1.0|0.64|0.0|0|1.1695347799814781|2.3390695599629563|3.508604339944435|4.678139119925913
347.2|1.0|0.64|0.0|0|1.3014250057219772|2.6028500114439543|3.9042750171659315|5.205700022887909
347.4|1.0|0.64|0.0|0|1.3938562716479659|2.7877125432959318|4.181568814943898|5.5754250865918635
347.6|1.0|0.64|0.0|0|1.410792995487574|2.821585990975148|4.232378986462722|5.643171981950296
347.8|1.0|0.64|0.0|0|1.901057073959384|3.802114147918768|5.703171221878152|7.604228295837536
348.0|1.0|0.64|0.0|0|0.9280963882704972|1.8561927765409945|2.784289164811492|3.712385553081989
348.2|1.0|0.64|0.0|0|1.5343950365576906|3.068790073115381|4.603185109673072|6.137580146230762
348.4|1.0|0.64|0.0|0|1.7497076339705397|3.4994152679410795|5.249122901911619|6.998830535882159
348.6|1.0|0.64|0.0|0|1.3140374598815117|2.6280749197630233|3.942112379644535|5.256149839526047
348.8|1.0|0.64|0.0|0|1.8783546579262491|3.7567093158524982|5.635063973778747|7.5134186317049965
349.0|1.0|0.64|0.0|0|1.444306084403653|2.888612168807306|4.332918253210959|5.777224337614612
349.2|1.0|0.64|0.0|0|1.431693631289528|2.863387262579056|4.295080893868584|5.726774525158112
349.4|1.0|0.64|0.0|0|1.315659060777399|2.631318121554798|3.946977182332197|5.262636243109596
349.6|1.0|0.64|0.0|0|1.2828666822594834|2.565733364518967|3.8486000467784502|5.131466729037934
349.8|1.0|0.64|0.0|0|1.7327709103748217|3.4655418207496433|5.1983127311244655|6.931083641499287
350.0|1.0|0.64|0.0|0|1.5185393829236287|3.0370787658472573|4.555618148770886|6.074157531694515
350.2|1.0|0.64|0.0|0|1.2922359330661142|2.5844718661322283|3.8767077991983423|5.168943732264457
350.4|1.0|0.64|0.0|0|1.5311518352502038|3.0623036705004076|4.593455505750612|6.124607341000815
350.6|1.0|0.64|0.0|0|1.6136733157665017|3.2273466315330035|4.841019947299505|6.454693263066007
350.8|1.0|0.64|0.0|0|1.338361476172578|2.676722952345156|4.015084428517733|5.353445904690312
351.0|1.0|0.64|0.0|0|1.8951112026243953|3.7902224052487905|5.6853336078731855|7.580444810497581
351.2|1.0|0.64|0.0|0|1.6680870428978247|3.3361740857956494|5.004261128693474|6.672348171591299
351.4|1.0|0.64|0.0|0|1.6605195708700937|3.3210391417401874|4.981558712610281|6.642078283480375
351.6|1.0|0.64|0.0|0|1.4545762250665588|2.9091524501331176|4.363728675199677|5.818304900266235
351.8|1.0|0.64|0.0|0|0.9792669123807|1.9585338247614|2.9378007371421|3.9170676495228
352.0|1.0|0.64|0.0|0|1.3434064590209176|2.686812918041835|4.030219377062752|5.37362583608367
352.2|1.0|0.64|0.0|0|1.6983569302596166|3.3967138605192333|5.09507079077885|6.793427721038467
352.4|1.0|0.64|0.0|0|1.333496673476767|2.666993346953534|4.000490020430301|5.333986693907068
352.6|1.0|0.64|0.0|0|1.2778217013139521|2.5556434026279042|3.8334651039418564|5.1112868052558085
352.8|1.0|0.64|0.0|0|1.6951137285918245|3.390227457183649|5.085341185775474|6.780454914367298
353.0|1.0|0.64|0.0|0|0.7969268727535389|1.5938537455070778|2.390780618260617|3.1877074910141556
353.2|1.0|0.64|0.0|0|1.6134931372618317|3.2269862745236635|4.840479411785495|6.453972549047327
353.4|1.0|0.64|0.0|0|1.652952099294636|3.305904198589272|4.958856297883908|6.611808397178544
353.6|1.0|0.64|0.0|0|1.6891678575670828|3.3783357151341655|5.0675035727012485|6.756671430268331
353.8|1.0|0.64|0.0|0|1.617637229416288|3.235274458832576|4.852911688248864|6.470548917665152
354.0|1.0|0.64|0.0|0|1.6740329140162808|3.3480658280325617|5.0220987420488425|6.696131656065123
354.2|1.0|0.64|0.0|0|1.6814202079095426|3.362840415819085|5.044260623728628|6.72568083163817
354.4|1.0|0.64|0.0|0|1.7217800582293437|3.4435601164586873|5.165340174688031|6.887120232917375
354.6|1.0|0.64|0.0|0|1.3073708772787371|2.6147417545574743|3.922112631836211|5.2294835091149485
354.8|1.0|0.64|0.0|0|1.7614191979105833|3.5228383958211666|5.28425759373175|7.045676791642333
355.0|1.0|0.64|0.0|0|1.4352971897629336|2.8705943795258673|4.305891569288801|5.7411887590517345
355.2|1.0|0.64|0.0|0|1.2493535917258134|2.498707183451627|3.74806077517744|4.997414366903254
355.4|1.0|0.64|0.0|0|1.308992478470319|2.617984956940638|3.9269774354109575|5.235969913881276
355.6|1.0|0.64|0.0|0|1.046653449027218|2.093306898054436|3.139960347081654|4.186613796108872
355.8|1.0|0.64|0.0|0|1.4250270495610324|2.850054099122065|4.275081148683097|5.70010819824413
356.0|1.0|0.64|0.0|0|1.2443086109950683|2.4886172219901366|3.732925832985205|4.977234443980273
356.2|1.0|0.64|0.0|0|1.1190849669807368|2.2381699339614736|3.3572549009422104|4.476339867922947
356.4|1.0|0.64|0.0|0|0.7783685479272396|1.5567370958544793|2.335105643781719|3.1134741917089586
356.6|1.0|0.64|0.0|0|1.5864664522872787|3.1729329045745573|4.759399356861836|6.345865809149115
356.8|1.0|0.64|0.0|0|0.9861136732436725|1.972227346487345|2.9583410197310176|3.94445469297469
357.0|1.0|0.64|0.0|0|1.6336730631679544|3.2673461263359087|4.901019189503863|6.534692252671817
357.2|1.0|0.64|0.0|0|1.5933132128888987|3.1866264257777974|4.779939638666696|6.373252851555595
357.4|1.0|0.64|0.0|0|1.1823274113581292|2.3646548227162585|3.546982234074388|4.729309645432517
357.6|1.0|0.64|0.0|0|1.2862900624284532|2.5725801248569065|3.8588701872853597|5.145160249713813
357.8|1.0|0.64|0.0|0|1.679258072317463|3.358516144634926|5.037774216952389|6.717032289269852
358.0|1.0|0.64|0.0|0|0.7951250936771983|1.5902501873543966|2.3853752810315947|3.180500374708793
358.2|1.0|0.64|0.0|0|1.5706107959750821|3.1412215919501643|4.711832387925246|6.2824431839003285
358.4|1.0|0.64|0.0|0|1.4151172647596117|2.8302345295192235|4.245351794278835|5.660469059038447
358.6|1.0|0.64|0.0|0|1.2931368227064388|2.5862736454128776|3.8794104681193167|5.172547290825755
358.8|1.0|0.64|0.0|0|1.2230476181261485|2.446095236252297|3.6691428543784457|4.892190472504594
359.0|1.0|0.64|0.0|0|1.428450428787038|2.856900857574076|4.285351286361114|5.713801715148152
359.2|1.0|0.64|0.0|0|1.3504333966289426|2.700866793257885|4.0513001898868275|5.40173358651577
359.4|1.0|0.64|0.0|0|1.2940377122699294|2.5880754245398587|3.8821131368097883|5.1761508490797175
359.6|1.0|0.64|0.0|0|1.012239468958579|2.024478937917158|3.036718406875737|4.048957875834316
359.8|1.0|0.64|0.0|0|0.9915190108132091|1.9830380216264183|2.9745570324396273|3.9660760432528366
360.0|1.0|0.64|0.0|0|0.8313408528454609|1.6626817056909218|2.4940225585363827|3.3253634113818435
360.2|1.0|0.64|0.0|0|0.9558437854098164|1.9116875708196328|2.8675313562294495|3.8233751416392656
360.4|1.0|0.64|0.0|0|0.90305165930593|1.80610331861186|2.70915497791779|3.61220663722372
360.6|1.0|0.64|0.0|0|1.436017901153538|2.872035802307076|4.3080537034606134|5.744071604614152
360.8|1.0|0.64|0.0|0|1.0136808919423501|2.0273617838847002|3.0410426758270503|4.0547235677694005
361.0|1.0|0.64|0.0|0|1.5302509453758844|3.0605018907517687|4.5907528361276535|6.121003781503537
361.2|1.0|0.64|0.0|0|1.2199845930712774|2.4399691861425548|3.6599537792138324|4.8799383722851095
361.4|1.0|0.64|0.0|0|1.2282727766939217|2.4565455533878433|3.684818330081765|4.913091106775687
361.6|1.0|0.64|0.0|0|1.456197827610305|2.91239565522061|4.3685934828309145|5.82479131044122
361.8|1.0|0.64|0.0|0|1.677456293305151|3.354912586610302|5.0323688799154525|6.709825173220604
362.0|1.0|0.64|0.0|0|1.4376395023788804|2.8752790047577608|4.312918507136641|5.7505580095155215
362.2|1.0|0.64|0.0|0|1.7942115758033486|3.588423151606697|5.3826347274100454|7.176846303213394
362.4|1.0|0.64|0.0|0|0.7421527903480462|1.4843055806960923|2.2264583710441386|2.9686111613921846
362.6|1.0|0.64|0.0|0|0.9686364167009023|1.9372728334018046|2.905909250102707|3.874545666803609
362.8|1.0|0.64|0.0|0|0.7969268737151295|1.593853747430259|2.3907806211453884|3.187707494860518
363.0|1.0|0.64|0.0|0|1.4598013850284055|2.919602770056811|4.379404155085217|5.839205540113622
363.2|1.0|0.64|0.0|0|1.0913375694083525|2.182675138816705|3.2740127082250576|4.36535027763341
363.4|1.0|0.64|0.0|0|0.7026938285963849|1.4053876571927697|2.1080814857891546|2.8107753143855394
363.6|1.0|0.64|0.0|0|0.8526018457725885|1.705203691545177|2.5578055373177655|3.410407383090354
363.8|1.0|0.64|0.0|0|0.991158654441243|1.982317308882486|2.973475963323729|3.964634617764972
364.0|1.0|0.64|0.0|0|1.7556535045756043|3.5113070091512086|5.266960513726813|7.022614018302417
364.2|1.0|0.64|0.0|0|1.2922359340748528|2.5844718681497056|3.8767078022245585|5.168943736299411
364.4|1.0|0.64|0.0|0|1.4082705044822081|2.8165410089644163|4.224811513446625|5.633082017928833
364.6|1.0|0.64|0.0|0|1.9423178137152006|3.8846356274304013|5.826953441145602|7.7692712548608025
364.8|1.0|0.64|0.0|0|1.750428345375696|3.500856690751392|5.251285036127087|7.001713381502784
365.0|1.0|0.64|0.0|0|1.45709871574829|2.91419743149658|4.37129614724487|5.82839486299316
365.2|1.0|0.64|0.0|0|1.3082717668550334|2.616543533710067|3.9248153005651|5.233087067420134
365.4|1.0|0.64|0.0|0|1.2644885362300566|2.5289770724601133|3.79346560869017|5.0579541449202265
365.6|1.0|0.64|0.0|0|1.1443098736507828|2.2886197473015657|3.4329296209523483|4.577239494603131
365.8|1.0|0.64|0.0|0|1.5637640359828962|3.1275280719657923|4.691292107948688|6.255056143931585
366.0|1.0|0.64|0.0|0|1.582502538968694|3.165005077937388|4.7475076169060815|6.330010155874776
366.2|1.0|0.64|0.0|0|2.077631421079279|4.155262842158558|6.232894263237837|8.310525684317115
366.4|1.0|0.64|0.0|0|1.5679081281385165|3.135816256277033|4.703724384415549|6.271632512554066
366.6|1.0|0.64|0.0|0|1.7756532516598251|3.5513065033196503|5.326959754979476|7.1026130066393005
366.8|1.0|0.64|0.0|0|1.8179950599442252|3.6359901198884503|5.453985179832675|7.271980239776901
367.0|1.0|0.64|0.0|0|2.009704350774411|4.019408701548822|6.0291130523232335|8.038817403097644
367.2|1.0|0.64|0.0|0|1.9388944336783625|3.877788867356725|5.816683301035087|7.75557773471345
367.4|1.0|0.64|0.0|0|1.4579996066348406|2.9159992132696813|4.373998819904522|5.8319984265393625
367.6|1.0|0.64|0.0|0|1.5848448509769528|3.1696897019539056|4.754534552930859|6.339379403907811
367.8|1.0|0.64|0.0|0|1.3012448287988092|2.6024896575976184|3.903734486396428|5.204979315195237
368.0|1.0|0.64|0.0|0|1.4931342973891892|2.9862685947783785|4.479402892167568|5.972537189556757
368.2|1.0|0.64|0.0|0|0.9549428952456228|1.9098857904912456|2.8648286857368683|3.8197715809824913
368.4|1.0|0.64|0.0|0|1.1450305848568687|2.2900611697137374|3.4350917545706063|4.580122339427475
368.6|1.0|0.64|0.0|0|1.2796234801359254|2.559246960271851|3.838870440407776|5.118493920543702
368.8|1.0|0.64|0.0|0|1.6111508252588116|3.222301650517623|4.8334524757764346|6.444603301035246
369.0|1.0|0.64|0.0|0|1.1668321113323337|2.3336642226646673|3.500496333997001|4.667328445329335
369.2|1.0|0.64|0.0|0|1.3325957838766056|2.665191567753211|3.9977873516298166|5.330383135506422
369.4|1.0|0.64|0.0|0|1.5857457410579097|3.1714914821158193|4.757237223173728|6.342982964231639
369.6|1.0|0.64|0.0|0|1.3385416555550194|2.6770833111100387|4.015624966665058|5.354166622220077
369.8|1.0|0.64|0.0|0|1.2729568974877485|2.545913794975497|3.818870692463246|5.091827589950994
370.0|1.0|0.64|0.0|0|1.3646674509096204|2.7293349018192408|4.094002352728861|5.4586698036384815
370.2|1.0|0.64|0.0|0|1.3720547455642385|2.744109491128477|4.116164236692716|5.488218982256954
370.4|1.0|0.64|0.0|0|1.6437630259065206|3.287526051813041|4.931289077719561|6.575052103626082
370.6|1.0|0.64|0.0|0|2.0902438736765196|4.180487747353039|6.27073162102956|8.360975494706079
370.8|1.0|0.64|0.0|0|1.0347617070318675|2.069523414063735|3.1042851210956024|4.13904682812747
371.0|1.0|0.64|0.0|0|1.2277322439238207|2.4554644878476415|3.6831967317714622|4.910928975695283
371.2|1.0|0.64|0.0|0|1.8785348360525693|3.7570696721051386|5.635604508157708|7.514139344210277
371.4|1.0|0.64|0.0|0|1.3030466068920226|2.606093213784045|3.9091398206760677|5.21218642756809
371.6|1.0|0.64|0.0|0|1.4052074795425882|2.8104149590851764|4.215622438627765|5.620829918170353
371.8|1.0|0.64|0.0|0|1.5823223596630864|3.164644719326173|4.746967078989259|6.329289438652346
372.0|1.0|0.64|0.0|0|1.7052036907617019|3.4104073815234037|5.115611072285105|6.8208147630468074
372.2|1.0|0.64|0.0|0|1.2064712504821375|2.412942500964275|3.6194137514464124|4.82588500192855
372.4|1.0|0.64|0.0|0|1.1053914468706363|2.2107828937412726|3.3161743406119086|4.421565787482545
372.6|1.0|0.64|0.0|0|1.4922334078839061|2.9844668157678123|4.476700223651719|5.9689336315356245
372.8|1.0|0.64|0.0|0|1.24430861135712|2.48861722271424|3.7329258340713602|4.97723444542848
373.0|1.0|0.64|0.0|0|1.3444875253585644|2.688975050717129|4.033462576075693|5.377950101434258
373.2|1.0|0.64|0.0|0|1.3232265336159628|2.6464530672319255|3.9696796008478885|5.292906134463851
373.4|1.0|0.64|0.0|0|1.3965589401539196|2.793117880307839|4.1896768204617585|5.586235760615678
373.6|1.0|0.64|0.0|0|1.6318712836195497|3.2637425672390994|4.895613850858649|6.527485134478199
373.8|1.0|0.64|0.0|0|1.5655658145836802|3.1311316291673603|4.696697443751041|6.262263258334721
374.0|1.0|0.64|0.0|0|1.5875475196295898|3.1750950392591797|4.7626425588887695|6.350190078518359
374.2|1.0|0.64|0.0|0|1.5169177813397268|3.0338355626794535|4.5507533440191805|6.067671125358907
374.4|1.0|0.64|0.0|0|1.4208829577342852|2.8417659154685704|4.262648873202855|5.683531830937141
374.6|1.0|0.64|0.0|0|1.8900662215438222|3.7801324430876444|5.670198664631466|7.560264886175289
374.8|1.0|0.64|0.0|0|1.740338383459022|3.480676766918044|5.221015150377066|6.961353533836088
375.0|1.0|0.64|0.0|0|2.0826764025480973|4.1653528050961945|6.248029207644291|8.330705610192389
375.2|1.0|0.64|0.0|0|1.6623213497211706|3.3246426994423413|4.986964049163512|6.6492853988846825
375.4|1.0|0.64|0.0|0|1.190255238522078|2.380510477044156|3.570765715566234|4.761020954088312
375.6|1.0|0.64|0.0|0|1.1399856040207679|2.2799712080415357|3.4199568120623036|4.5599424160830715
375.8|1.0|0.64|0.0|0|1.518359204225127|3.036718408450254|4.555077612675381|6.073436816900508
376.0|1.0|0.64|0.0|0|1.3358389869425458|2.6716779738850915|4.007516960827637|5.343355947770183
376.2|1.0|0.64|0.0|0|1.3873698664578855|2.774739732915771|4.1621095993736565|5.549479465831542
376.4|1.0|0.64|0.0|0|1.4855668251618057|2.9711336503236114|4.456700475485417|5.942267300647223
376.6|1.0|0.64|0.0|0|1.13349919907807|2.26699839815614|3.40049759723421|4.53399679631228
376.8|1.0|0.64|0.0|0|1.588268231544645|3.17653646308929|4.764804694633935|6.35307292617858
377.0|1.0|0.64|0.0|0|1.6428621357382522|3.2857242714765045|4.928586407214757|6.571448542953009
377.2|1.0|0.64|0.0|0|0.8980066775588792|1.7960133551177584|2.694020032676638|3.592026710235517
377.4|1.0|0.64|0.0|0|1.2208854831411746|2.4417709662823492|3.662656449423524|4.8835419325646985
377.6|1.0|0.64|0.0|0|0.9365647486550742|1.8731294973101484|2.8096942459652223|3.746258994620297
377.8|1.0|0.64|0.0|0|1.4798011317558135|2.959602263511627|4.4394033952674405|5.919204527023254
378.0|1.0|0.64|0.0|0|1.1470125419105182|2.2940250838210363|3.4410376257315543|4.588050167642073
378.2|1.0|0.64|0.0|0|1.0727792449010314|2.1455584898020628|3.218337734703094|4.2911169796041255
378.4|1.0|0.64|0.0|0|1.5554758514754954|3.1109517029509908|4.666427554426486|6.2219034059019815
378.6|1.0|0.64|0.0|0|1.6219614998874037|3.2439229997748074|4.865884499662211|6.487845999549615
378.8|1.0|0.64|0.0|0|0.8079177246714251|1.6158354493428502|2.423753174014275|3.2316708986857003
379.0|1.0|0.64|0.0|0|1.3098933680105267|2.6197867360210534|3.92968010403158|5.239573472042107
379.2|1.0|0.64|0.0|0|1.2007055574160779|2.4014111148321557|3.6021166722482336|4.8028222296643115
379.4|1.0|0.64|0.0|0|1.3594422919728106|2.7188845839456213|4.078326875918432|5.4377691678912425
379.6|1.0|0.64|0.0|0|1.6958344405115364|3.391668881023073|5.0875033215346095|6.783337762046146
379.8|1.0|0.64|0.0|0|1.5924123222188806|3.1848246444377613|4.777236966656641|6.3696492888755225
380.0|1.0|0.64|0.0|0|1.81258972288808|3.62517944577616|5.43776916866424|7.25035889155232
380.2|1.0|0.64|0.0|0|1.540521086325172|3.081042172650344|4.621563258975516|6.162084345300688
380.4|1.0|0.64|0.0|0|1.7497076336503976|3.499415267300795|5.249122900951193|6.99883053460159
380.6|1.0|0.64|0.0|0|0.9592671656486353|1.9185343312972707|2.877801496945906|3.8370686625945414
380.8|1.0|0.64|0.0|0|0.8861149363836747|1.7722298727673493|2.658344809151024|3.5444597455346987
381.0|1.0|0.64|0.0|0|1.117463365069708|2.234926730139416|3.352390095209124|4.469853460278832
381.2|1.0|0.64|0.0|0|0.9127812652563452|1.8255625305126904|2.7383437957690355|3.6511250610253807
381.4|1.0|0.64|0.0|0|1.6352946641540635|3.270589328308127|4.905883992462191|6.541178656616254
381.6|1.0|0.64|0.0|0|1.3511541075975413|2.7023082151950826|4.053462322792624|5.404616430390165
381.8|1.0|0.64|0.0|0|1.4504321344569338|2.9008642689138675|4.351296403370801|5.801728537827735
382.0|1.0|0.64|0.0|0|0.9702580174762997|1.9405160349525994|2.910774052428899|3.881032069905199
382.2|1.0|0.64|0.0|0|1.2940377126290707|2.5880754252581415|3.8821131378872122|5.176150850516283
382.4|1.0|0.64|0.0|0|1.4855668254487695|2.971133650897539|4.456700476346309|5.942267301795078
382.6|1.0|0.64|0.0|0|1.400703032378807|2.801406064757614|4.202109097136421|5.602812129515228
382.8|1.0|0.64|0.0|0|1.6136733156081768|3.2273466312163537|4.841019946824531|6.454693262432707
383.0|1.0|0.64|0.0|0|1.6401594677165863|3.2803189354331725|4.920478403149759|6.560637870866345
383.2|1.0|0.64|0.0|0|1.5084494196774918|3.0168988393549836|4.525348259032475|6.033797678709967
383.4|1.0|0.64|0.0|0|1.5100710211117998|3.0201420422235996|4.5302130633354|6.040284084447199
383.6|1.0|0.64|0.0|0|1.2661101374210568|2.5322202748421136|3.7983304122631703|5.064440549684227
383.8|1.0|0.64|0.0|0|1.4324143437680334|2.864828687536067|4.297243031304101|5.729657375072134
384.0|1.0|0.64|0.0|0|1.4183604666916667|2.8367209333833334|4.2550814000749995|5.673441866766667
384.2|1.0|0.64|0.0|0|1.2560201745125243|2.5120403490250487|3.768060523537573|5.024080698050097
384.4|1.0|0.64|0.0|0|1.2686326276755437|2.5372652553510875|3.8058978830266312|5.074530510702175
384.6|1.0|0.64|0.0|0|1.3343975634040555|2.668795126808111|4.003192690212167|5.337590253616222
384.8|1.0|0.64|0.0|0|1.297100737274742|2.594201474549484|3.8913022118242258|5.188402949098968
385.0|1.0|0.64|0.0|0|0.9893568759207856|1.9787137518415712|2.9680706277623568|3.9574275036831423
385.2|1.0|0.64|0.0|0|1.1039500231825523|2.2079000463651046|3.311850069547657|4.415800092730209
385.4|1.0|0.64|0.0|0|1.740518561286155|3.48103712257231|5.2215556838584645|6.96207424514462
385.6|1.0|0.64|0.0|0|1.454576225411148|2.909152450822296|4.363728676233444|5.818304901644592
385.8|1.0|0.64|0.0|0|1.4695309912366805|2.939061982473361|4.408592973710042|5.878123964946722
386.0|1.0|0.64|0.0|0|1.4143965524854152|2.8287931049708304|4.243189657456245|5.657586209941661
386.2|1.0|0.64|0.0|0|1.3704331432358607|2.7408662864717215|4.111299429707582|5.481732572943443
386.4|1.0|0.64|0.0|0|1.1578232160955677|2.3156464321911354|3.473469648286703|4.631292864382271
386.6|1.0|0.64|0.0|0|1.267911916220329|2.535823832440658|3.803735748660987|5.071647664881316
386.8|1.0|0.64|0.0|0|1.3772799041250268|2.7545598082500535|4.13183971237508|5.509119616500107
387.0|1.0|0.64|0.0|0|1.3461091265262815|2.692218253052563|4.038327379578845|5.384436506105126
387.2|1.0|0.64|0.0|0|1.6740329143940487|3.3480658287880973|5.022098743182146|6.696131657576195
387.4|1.0|0.64|0.0|0|2.1055589956621423|4.211117991324285|6.316676986986428|8.42223598264857
387.6|1.0|0.64|0.0|0|1.7052036919753315|3.410407383950663|5.115611075925995|6.820814767901326
387.8|1.0|0.64|0.0|0|1.5210618732136223|3.0421237464272446|4.563185619640866|6.084247492854489
388.0|1.0|0.64|0.0|0|1.5394400180294192|3.0788800360588384|4.618320054088257|6.157760072117677
388.2|1.0|0.64|0.0|0|1.7185368560603835|3.437073712120767|5.15561056818115|6.874147424241534
388.4|1.0|0.64|0.0|0|1.7062847590149628|3.4125695180299256|5.118854277044888|6.825139036059851
388.6|1.0|0.64|0.0|0|0.7315222942811677|1.4630445885623353|2.1945668828435028|2.9260891771246706
388.8|1.0|0.64|0.0|0|1.8363732056372117|3.6727464112744235|5.509119616911635|7.345492822548847
389.0|1.0|0.64|0.0|0|1.4007030331774162|2.8014060663548324|4.202109099532248|5.602812132709665
389.2|1.0|0.64|0.0|0|1.4497114223986878|2.8994228447973756|4.349134267196063|5.798845689594751
389.4|1.0|0.64|0.0|0|1.7361942911456587|3.4723885822913174|5.208582873436976|6.944777164582635
389.6|1.0|0.64|0.0|0|1.1980028893466816|2.3960057786933633|3.594008668040045|4.792011557386727
389.8|1.0|0.64|0.0|0|1.1936786190891882|2.3873572381783763|3.5810358572675645|4.774714476356753
390.0|1.0|0.64|0.0|0|1.504845860107454|3.009691720214908|4.5145375803223615|6.019383440429816
390.2|1.0|0.64|0.0|0|1.4093515718227732|2.8187031436455463|4.2280547154683195|5.637406287291093
390.4|1.0|0.64|0.0|0|1.1653906893363466|2.330781378672693|3.49617206800904|4.661562757345386
390.6|1.0|0.64|0.0|0|1.080346718247166|2.160693436494332|3.2410401547414978|4.321386872988664
390.8|1.0|0.64|0.0|0|1.2677317378646706|2.5354634757293413|3.8031952135940115|5.0709269514586826
391.0|1.0|0.64|0.0|0|1.0576443005556948|2.1152886011113896|3.1729329016670844|4.230577202222779
391.2|1.0|0.64|0.0|0|1.182867945084|2.365735890168|3.5486038352520004|4.731471780336
391.4|1.0|0.64|0.0|0|1.5797998697788003|3.1595997395576005|4.739399609336401|6.319199479115201
391.6|1.0|0.64|0.0|0|0.942510619566311|1.885021239132622|2.8275318586989333|3.770042478265244
391.8|1.0|0.64|0.0|0|1.0408877558715186|2.081775511743037|3.1226632676145556|4.163551023486074
392.0|1.0|0.64|0.0|0|1.7565543945023108|3.5131087890046215|5.269663183506932|7.026217578009243
392.2|1.0|0.64|0.0|0|1.9810560641193313|3.9621121282386627|5.943168192357994|7.924224256477325
392.4|1.0|0.64|0.0|0|1.3199833308364044|2.639966661672809|3.959949992509213|5.279933323345618
392.6|1.0|0.64|0.0|0|1.541061620007969|3.082123240015938|4.6231848600239065|6.164246480031876
392.8|1.0|0.64|0.0|0|1.5172781371901525|3.034556274380305|4.551834411570457|6.06911254876061
393.0|1.0|0.64|0.0|0|1.7025010237348048|3.4050020474696097|5.107503071204414|6.810004094939219
393.2|1.0|0.64|0.0|0|1.5951149906718651|3.1902299813437303|4.785344972015595|6.3804599626874605
393.4|1.0|0.64|0.0|0|1.6893480347422898|3.3786960694845796|5.068044104226869|6.757392138969159
393.6|1.0|0.64|0.0|0|1.1936786193930322|2.3873572387860644|3.5810358581790966|4.774714477572129
393.8|1.0|0.64|0.0|0|1.365207984855516|2.730415969711032|4.095623954566548|5.460831939422064
394.0|1.0|0.64|0.0|0|1.3471901948039897|2.6943803896079794|4.04157058441197|5.388760779215959
394.2|1.0|0.64|0.0|0|1.6614204604830607|3.3228409209661214|4.9842613814491825|6.645681841932243
394.4|1.0|0.64|0.0|0|1.7776352091698224|3.555270418339645|5.332905627509468|7.11054083667929
394.6|1.0|0.64|0.0|0|1.68574447737483|3.37148895474966|5.05723343212449|6.74297790949932
394.8|1.0|0.64|0.0|0|1.3873698677076038|2.7747397354152077|4.162109603122811|5.549479470830415
395.0|1.0|0.64|0.0|0|0.6909822650509893|1.3819645301019785|2.072946795152968|2.763929060203957
395.2|1.0|0.64|0.0|0|1.7315096653642847|3.4630193307285695|5.1945289960928545|6.926038661457139
395.4|1.0|0.64|0.0|0|1.2012460916116845|2.402492183223369|3.6037382748350533|4.804984366446738
395.6|1.0|0.64|0.0|0|1.4695309915649717|2.9390619831299434|4.4085929746949155|5.878123966259887
395.8|1.0|0.64|0.0|0|2.6853714939317457|5.370742987863491|8.056114481795237|10.741485975726983
396.0|1.0|0.64|0.0|0|1.9379935438628326|3.8759870877256652|5.813980631588498|7.7519741754513305
396.2|1.0|0.64|0.0|0|1.827904844419101|3.655809688838202|5.483714533257303|7.311619377676404
396.4|1.0|0.64|0.0|0|1.7396176709857551|3.4792353419715103|5.218853012957266|6.958470683943021
396.6|1.0|0.64|0.0|0|1.6125922475976417|3.2251844951952835|4.837776742792926|6.450368990390567
396.8|1.0|0.64|0.0|0|1.0003477270371521|2.0006954540743043|3.0010431811114566|4.0013909081486085
397.0|1.0|0.64|0.0|0|1.7866441044659602|3.5732882089319205|5.359932313397881|7.146576417863841
397.2|1.0|0.64|0.0|0|1.672411312728074|3.344822625456148|5.017233938184222|6.689645250912296
397.4|1.0|0.64|0.0|0|1.0189060512196748|2.0378121024393496|3.056718153659024|4.075624204878699
397.6|1.0|0.64|0.0|0|1.843219966323233|3.686439932646466|5.529659898969699|7.372879865292932
397.8|1.0|0.64|0.0|0|1.8228598630608774|3.645719726121755|5.4685795891826325|7.29143945224351
398.0|1.0|0.64|0.0|0|1.457819428246004|2.915638856492008|4.373458284738012|5.831277712984016
398.2|1.0|0.64|0.0|0|1.14160720547021|2.28321441094042|3.42482161641063|4.56642882188084
398.4|1.0|0.64|0.0|0|2.012947552934058|4.025895105868116|6.0388426588021735|8.051790211736233
398.6|1.0|0.64|0.0|0|1.714572942287197|3.429145884574394|5.143718826861591|6.858291769148788
398.8|1.0|0.64|0.0|0|1.166832112389967|2.333664224779934|3.500496337169901|4.667328449559868
399.0|1.0|0.64|0.0|0|1.2612453336821647|2.5224906673643295|3.783736001046494|5.044981334728659
399.2|1.0|0.64|0.0|0|0.9835911821876662|1.9671823643753323|2.9507735465629983|3.9343647287506647
399.4|1.0|0.64|0.0|0|0.9718796184007087|1.9437592368014174|2.915638855202126|3.8875184736028348
399.6|1.0|0.64|0.0|0|1.056923588772771|2.113847177545542|3.170770766318313|4.227694355091084
399.8|1.0|0.64|0.0|0|0.7053964968776569|1.4107929937553139|2.116189490632971|2.8215859875106277
400.0|1.0|0.64|0.0|0|0.723053932121257|1.446107864242514|2.169161796363771|2.892215728485028
400.2|1.0|0.64|0.0|0|1.2913350431399897|2.5826700862799794|3.8740051294199693|5.165340172559959
400.4|1.0|0.64|0.0|0|1.8161932802182872|3.6323865604365744|5.448579840654862|7.264773120873149
400.6|1.0|0.64|0.0|0|1.5695297288644374|3.139059457728875|4.708589186593312|6.27811891545775
400.8|1.0|0.64|0.0|0|1.365388162872406|2.730776325744812|4.096164488617218|5.461552651489624
401.0|1.0|0.64|0.0|0|1.4343963007070137|2.8687926014140275|4.303188902121041|5.737585202828055
401.2|1.0|0.64|0.0|0|1.170976203736501|2.341952407473002|3.5129286112095026|4.683904814946004
401.4|1.0|0.64|0.0|0|1.6767355824931307|3.3534711649862614|5.030206747479392|6.706942329972523
401.6|1.0|0.64|0.0|0|1.2172819251695193|2.4345638503390385|3.651845775508558|4.869127700678077
401.8|1.0|0.64|0.0|0|1.2241286858601972|2.4482573717203944|3.672386057580592|4.896514743440789
402.0|1.0|0.64|0.0|0|1.0576443014718835|2.115288602943767|3.1729329044156502|4.230577205887534
402.2|1.0|0.64|0.0|0|1.762500264634147|3.525000529268294|5.287500793902441|7.050001058536588
402.4|1.0|0.64|0.0|0|1.5217825843067854|3.0435651686135707|4.565347752920356|6.0871303372271415
402.6|1.0|0.64|0.0|0|1.1383640028367528|2.2767280056735055|3.4150920085102583|4.553456011347011
402.8|1.0|0.64|0.0|0|1.3066501663089742|2.6133003326179485|3.9199504989269225|5.226600665235897
403.0|1.0|0.64|0.0|0|1.5084494188381372|3.0168988376762744|4.525348256514412|6.033797675352549
403.2|1.0|0.64|0.0|0|1.3697124322253524|2.739424864450705|4.1091372966760575|5.47884972890141
403.4|1.0|0.64|0.0|0|1.3091726561728876|2.618345312345775|3.927517968518663|5.23669062469155
403.6|1.0|0.64|0.0|0|1.1830481228913423|2.3660962457826846|3.549144368674027|4.732192491565369
403.8|1.0|0.64|0.0|0|1.62430381225655|3.2486076245131|4.87291143676965|6.4972152490262
404.0|1.0|0.64|0.0|0|1.0785449374455502|2.1570898748911005|3.235634812336651|4.314179749782201
404.2|1.0|0.64|0.0|0|1.444306084738347|2.888612169476694|4.332918254215041|5.777224338953388
404.4|1.0|0.64|0.0|0|1.4057480134069933|2.8114960268139866|4.217244040220979|5.622992053627973
404.6|1.0|0.64|0.0|0|1.5235843627253793|3.0471687254507587|4.570753088176138|6.094337450901517
404.8|1.0|0.64|0.0|0|1.534395037470969|3.068790074941938|4.603185112412906|6.137580149883876
405.0|1.0|0.64|0.0|0|1.7430410513549592|3.4860821027099185|5.229123154064878|6.972164205419837
405.2|1.0|0.64|0.0|0|1.5538542517542386|3.1077085035084773|4.661562755262716|6.2154170070169545
405.4|1.0|0.64|0.0|0|1.365388162491728|2.730776324983456|4.096164487475184|5.461552649966912
405.6|1.0|0.64|0.0|0|1.6934921273106025|3.386984254621205|5.080476381931808|6.77396850924241
405.8|1.0|0.64|0.0|0|1.7059244033572047|3.4118488067144095|5.117773210071614|6.823697613428819
406.0|1.0|0.64|0.0|0|1.5655658155120924|3.131131631024185|4.696697446536277|6.26226326204837
406.2|1.0|0.64|0.0|0|1.5951149912748965|3.190229982549793|4.78534497382469|6.380459965099586
406.4|1.0|0.64|0.0|0|1.78664410517784|3.57328821035568|5.35993231553352|7.14657642071136
406.6|1.0|0.64|0.0|0|1.8749312766175734|3.749862553235147|5.62479382985272|7.499725106470294
406.8|1.0|0.64|0.0|0|1.9228585997107457|3.8457171994214914|5.768575799132237|7.691434398842983
407.0|1.0|0.64|0.0|0|1.7614191971282722|3.5228383942565444|5.284257591384817|7.045676788513089
407.2|1.0|0.64|0.0|0|1.4421439505589673|2.8842879011179345|4.326431851676902|5.768575802235869
407.4|1.0|0.64|0.0|0|1.2342186483362467|2.4684372966724935|3.70265594500874|4.936874593344987
407.6|1.0|0.64|0.0|0|1.1938587964442569|2.3877175928885137|3.5815763893327706|4.775435185777027
407.8|1.0|0.64|0.0|0|1.0886349010991407|2.1772698021982815|3.2659047032974224|4.354539604396563
408.0|1.0|0.64|0.0|0|0.978546200848069|1.957092401696138|2.935638602544207|3.914184803392276
408.2|1.0|0.64|0.0|0|1.3082717670907744|2.616543534181549|3.9248153012723233|5.233087068363098
408.4|1.0|0.64|0.0|0|1.4039462338411262|2.8078924676822523|4.211838701523378|5.615784935364505
408.6|1.0|0.64|0.0|0|1.053139853319154|2.106279706638308|3.1594195599574624|4.212559413276616
408.8|1.0|0.64|0.0|0|1.397459828880384|2.794919657760768|4.192379486641152|5.589839315521536
409.0|1.0|0.64|0.0|0|1.5479083807248404|3.0958167614496808|4.643725142174521|6.1916335228993615
409.2|1.0|0.64|0.0|0|1.4529546250030412|2.9059092500060824|4.358863875009123|5.811818500012165
409.4|1.0|0.64|0.0|0|1.743941941564555|3.48788388312911|5.231825824693665|6.97576776625822
409.6|1.0|0.64|0.0|0|1.729527708627285|3.45905541725457|5.1885831258818556|6.91811083450914
409.8|1.0|0.64|0.0|0|1.5570974533515995|3.114194906703199|4.671292360054799|6.228389813406398
410.0|1.0|0.64|0.0|0|1.087734011868598|2.175468023737196|3.263202035605794|4.350936047474392
410.2|1.0|0.64|0.0|0|1.463044586302714|2.926089172605428|4.389133758908142|5.852178345210856
410.4|1.0|0.64|0.0|0|1.01728445146815|2.0345689029363|3.05185335440445|4.0691378058726
410.6|1.0|0.64|0.0|0|1.0592659025336626|2.118531805067325|3.1777977076009876|4.23706361013465
410.8|1.0|0.64|0.0|0|1.1864715028303918|2.3729430056607836|3.5594145084911757|4.745886011321567
411.0|1.0|0.64|0.0|0|1.0407075785519564|2.081415157103913|3.122122735655869|4.162830314207826
411.2|1.0|0.64|0.0|0|1.6616006384429072|3.3232012768858143|4.984801915328721|6.646402553771629
411.4|1.0|0.64|0.0|0|1.6066463771980504|3.2132927543961007|4.81993913159415|6.4265855087922015
411.6|1.0|0.64|0.0|0|1.5545749629219077|3.1091499258438153|4.6637248887657226|6.218299851687631
411.8|1.0|0.64|0.0|0|1.5587190546793876|3.1174381093587753|4.676157164038163|6.234876218717551
412.0|1.0|0.64|0.0|0|1.2971007368131553|2.5942014736263106|3.891302210439466|5.188402947252621
412.2|1.0|0.64|0.0|0|1.2199845935124916|2.439969187024983|3.6599537805374744|4.879938374049966
412.4|1.0|0.64|0.0|0|1.0920582802797445|2.184116560559489|3.2761748408392335|4.368233121118978
412.6|1.0|0.64|0.0|0|1.9372728328057582|3.8745456656115165|5.811818498417274|7.749091331223033
412.8|1.0|0.64|0.0|0|1.3149383491184574|2.629876698236915|3.9448150473553723|5.25975339647383
413.0|1.0|0.64|0.0|0|1.1560214378190004|2.3120428756380007|3.4680643134570013|4.624085751276001
413.2|1.0|0.64|0.0|0|1.0190862300898889|2.0381724601797777|3.057258690269667|4.076344920359555
413.4|1.0|0.64|0.0|0|1.3376407652231876|2.6752815304463753|4.012922295669563|5.350563060892751
413.6|1.0|0.64|0.0|0|2.025560005279842|4.051120010559684|6.076680015839525|8.102240021119368
413.8|1.0|0.64|0.0|0|1.1576430382183762|2.3152860764367524|3.472929114655129|4.630572152873505
414.0|1.0|0.64|0.0|0|1.5462867791869226|3.092573558373845|4.638860337560768|6.18514711674769
414.2|1.0|0.64|0.0|0|1.6536728111899006|3.3073456223798012|4.961018433569702|6.6146912447596025
414.4|1.0|0.64|0.0|0|2.0945681432291186|4.189136286458237|6.283704429687355|8.378272572916474
414.6|1.0|0.64|0.0|0|1.3208842209220177|2.6417684418440355|3.962652662766053|5.283536883688071
414.8|1.0|0.64|0.0|0|1.4032255236164213|2.8064510472328426|4.209676570849264|5.612902094465685
415.0|1.0|0.64|0.0|0|1.4623238753201453|2.9246477506402906|4.386971625960436|5.849295501280581
415.2|1.0|0.64|0.0|0|1.596556414503722|3.193112829007444|4.789669243511166|6.386225658014888
415.4|1.0|0.64|0.0|0|1.7958331778575682|3.5916663557151365|5.387499533572704|7.183332711430273
415.6|1.0|0.64|0.0|0|1.5561965641356088|3.1123931282712176|4.668589692406826|6.224786256542435
415.8|1.0|0.64|0.0|0|1.8965526266209798|3.7931052532419596|5.689657879862939|7.586210506483919
416.0|1.0|0.64|0.0|0|1.5747548882989226|3.1495097765978453|4.724264664896768|6.2990195531956905
416.2|1.0|0.64|0.0|0|1.6673663302510993|3.3347326605021985|5.002098990753297|6.669465321004397
416.4|1.0|0.64|0.0|0|1.4181802890222766|2.836360578044553|4.254540867066829|5.672721156089106
416.6|1.0|0.64|0.0|0|1.4089912155602373|2.8179824311204746|4.226973646680712|5.635964862240949
416.8|1.0|0.64|0.0|0|1.690068747280167|3.380137494560334|5.070206241840501|6.760274989120668
417.0|1.0|0.64|0.0|0|1.3030466080678174|2.6060932161356347|3.909139824203452|5.212186432271269
417.2|1.0|0.64|0.0|0|2.1743869558587923|4.3487739117175845|6.523160867576377|8.697547823435169
417.4|1.0|0.64|0.0|0|1.617817406613032|3.235634813226064|4.853452219839096|6.471269626452128
417.6|1.0|0.64|0.0|0|1.615114738728154|3.230229477456308|4.845344216184462|6.460458954912616
417.8|1.0|0.64|0.0|0|1.6933119499858018|3.3866238999716036|5.079935849957406|6.773247799943207
418.0|1.0|0.64|0.0|0|1.2536778617440734|2.5073557234881467|3.7610335852322203|5.0147114469762935
418.2|1.0|0.64|0.0|0|1.1120580287999484|2.224116057599897|3.336174086399845|4.448232115199794
418.4|1.0|0.64|0.0|0|1.152598056936987|2.305196113873974|3.4577941708109603|4.610392227747948
418.6|1.0|0.64|0.0|0|1.2956593142508075|2.591318628501615|3.8869779427524227|5.18263725700323
418.8|1.0|0.64|0.0|0|1.4704318816057653|2.9408637632115306|4.4112956448172955|5.881727526423061
419.0|1.0|0.64|0.0|0|1.1569223268929647|2.3138446537859294|3.470766980678894|4.627689307571859
419.2|1.0|0.64|0.0|0|1.182867945524632|2.365735891049264|3.5486038365738963|4.731471782098528
419.4|1.0|0.64|0.0|0|1.3839464870537643|2.7678929741075287|4.151839461161293|5.535785948215057
419.6|1.0|0.64|0.0|0|1.6268263029947425|3.253652605989485|4.8804789089842275|6.50730521197897
419.8|1.0|0.64|0.0|0|1.710068495063462|3.420136990126924|5.130205485190386|6.840273980253848
420.0|1.0|0.64|0.0|0|1.4915126960614011|2.9830253921228023|4.474538088184203|5.9660507842456045
420.2|1.0|0.64|0.0|0|1.1062923357856935|2.212584671571387|3.318877007357081|4.425169343142774
420.4|1.0|0.64|0.0|0|1.6286280815152|3.2572561630304|4.8858842445456|6.5145123260608
420.6|1.0|0.64|0.0|0|1.862318824335236|3.724637648670472|5.586956473005707|7.449275297340944
420.8|1.0|0.64|0.0|0|1.5419625102943988|3.0839250205887976|4.625887530883197|6.167850041177595
421.0|1.0|0.64|0.0|0|2.0987122353963805|4.197424470792761|6.296136706189142|8.394848941585522
421.2|1.0|0.64|0.0|0|1.3933157378353656|2.786631475670731|4.179947213506097|5.573262951341462
421.4|1.0|0.64|0.0|0|1.4671886783826644|2.934377356765329|4.401566035147993|5.868754713530658
421.6|1.0|0.64|0.0|0|1.8891653328249247|3.7783306656498494|5.667495998474775|7.556661331299699
421.8|1.0|0.64|0.0|0|2.2801513860275757|4.560302772055151|6.840454158082727|9.120605544110303
422.0|1.0|0.64|0.0|0|1.4468285757285788|2.8936571514571576|4.340485727185737|5.787314302914315
422.2|1.0|0.64|0.0|0|1.5412417979986652|3.0824835959973305|4.623725393995996|6.164967191994661
422.4|1.0|0.64|0.0|0|1.3234067111433263|2.6468134222866526|3.970220133429979|5.293626844573305
422.6|1.0|0.64|0.0|0|1.6444837375445074|3.2889674750890148|4.933451212633522|6.5779349501780295
422.8|1.0|0.64|0.0|0|1.3468298386660185|2.693659677332037|4.040489515998055|5.387319354664074
423.0|1.0|0.64|0.0|0|1.3116951461933797|2.6233902923867594|3.9350854385801393|5.246780584773519
423.2|1.0|0.64|0.0|0|1.613312960104087|3.226625920208174|4.8399388803122605|6.453251840416348
423.4|1.0|0.64|0.0|0|1.9253810903121502|3.8507621806243004|5.77614327093645|7.701524361248601
423.6|1.0|0.64|0.0|0|1.60916886792984|3.21833773585968|4.82750660378952|6.43667547171936
423.8|1.0|0.64|0.0|0|1.4225045579305164|2.845009115861033|4.267513673791549|5.690018231722066
424.0|1.0|0.64|0.0|0|1.4252072270336806|2.8504144540673613|4.275621681101042|5.7008289081347225
424.2|1.0|0.64|0.0|0|1.156922326408677|2.313844652817354|3.4707669792260307|4.627689305634708
424.4|1.0|0.64|0.0|0|1.630249682909927|3.260499365819854|4.890749048729781|6.520998731639708
424.6|1.0|0.64|0.0|0|1.187912926672726|2.375825853345452|3.5637387800181783|4.751651706690904
424.8|1.0|0.64|0.0|0|1.4511528452497455|2.902305690499491|4.353458535749236|5.804611380998982
425.0|1.0|0.64|0.0|0|0.9769245998963024|1.9538491997926049|2.930773799688907|3.9076983995852097
425.2|1.0|0.64|0.0|0|1.1794445652904697|2.3588891305809394|3.5383336958714096|4.717778261161879
425.4|1.0|0.64|0.0|0|1.2679119166493193|2.5358238332986387|3.8037357499479585|5.071647666597277
425.6|1.0|0.64|0.0|0|1.7893467735592292|3.5786935471184584|5.368040320677688|7.157387094236917
425.8|1.0|0.64|0.0|0|1.3594422920432419|2.7188845840864837|4.078326876129726|5.437769168172967
426.0|1.0|0.64|0.0|0|1.477278641489685|2.95455728297937|4.431835924469055|5.90911456595874
426.2|1.0|0.64|0.0|0|1.745383363984876|3.490766727969752|5.236150091954628|6.981533455939504
426.4|1.0|0.64|0.0|0|1.2156603242078574|2.431320648415715|3.646980972623572|4.86264129683143
426.6|1.0|0.64|0.0|0|1.8985345833504124|3.7970691667008247|5.695603750051237|7.5941383334016495
426.8|1.0|0.64|0.0|0|1.4644860102841644|2.9289720205683287|4.393458030852493|5.8579440411366575
427.0|1.0|0.64|0.0|0|1.5032242599187897|3.0064485198375794|4.509672779756369|6.012897039675159
427.2|1.0|0.64|0.0|0|1.8194364822760707|3.6388729645521414|5.458309446828212|7.277745929104283
427.4|1.0|0.64|0.0|0|1.8549315300246252|3.7098630600492504|5.564794590073875|7.419726120098501
427.6|1.0|0.64|0.0|0|1.610970647351352|3.221941294702704|4.832911942054056|6.443882589405408
427.8|1.0|0.64|0.0|0|0.8280976504442522|1.6561953008885044|2.4842929513327565|3.312390601777009
428.0|1.0|0.64|0.0|0|0.8691782135714319|1.7383564271428638|2.6075346407142956|3.4767128542857275
428.2|1.0|0.64|0.0|0|1.4226847362925776|2.8453694725851553|4.268054208877733|5.6907389451703105
428.4|1.0|0.64|0.0|0|1.7329510889068493|3.4659021778136987|5.1988532667205485|6.931804355627397
428.6|1.0|0.64|0.0|0|1.476377751861584|2.952755503723168|4.429133255584752|5.905511007446336
428.8|1.0|0.64|0.0|0|1.396558939945536|2.793117879891072|4.189676819836608|5.586235759782144
429.0|1.0|0.64|0.0|0|1.0533200319274338|2.1066400638548677|3.1599600957823015|4.213280127709735
429.2|1.0|0.64|0.0|0|1.220885483340245|2.44177096668049|3.6626564500207346|4.88354193336098
429.4|1.0|0.64|0.0|0|1.3250283117656374|2.650056623531275|3.9750849352969126|5.30011324706255
429.6|1.0|0.64|0.0|0|0.7614318260189619|1.5228636520379237|2.2842954780568854|3.0457273040758475
429.8|1.0|0.64|0.0|0|1.33764076537802|2.67528153075604|4.01292229613406|5.35056306151208
430.0|1.0|0.64|0.0|0|0.8136834185337655|1.627366837067531|2.4410502556012963|3.254733674135062
430.2|1.0|0.64|0.0|0|1.059986613948714|2.119973227897428|3.179959841846142|4.239946455794856
430.4|1.0|0.64|0.0|0|1.513494400471683|3.026988800943366|4.540483201415049|6.053977601886732
430.6|1.0|0.64|0.0|0|1.2940377125353564|2.5880754250707128|3.882113137606069|5.1761508501414255
430.8|1.0|0.64|0.0|0|1.1922371955181017|2.3844743910362034|3.576711586554305|4.768948782072407
431.0|1.0|0.64|0.0|0|0.9380061724781998|1.8760123449563997|2.8140185174345995|3.7520246899127994
431.2|1.0|0.64|0.0|0|0.8421515267941876|1.6843030535883752|2.5264545803825627|3.3686061071767504
431.4|1.0|0.64|0.0|0|1.0904366801999286|2.180873360399857|3.271310040599786|4.361746720799714
431.6|1.0|0.64|0.0|0|1.0225096095365016|2.045019219073003|3.067528828609505|4.090038438146006
431.8|1.0|0.64|0.0|0|0.9592671645118398|1.9185343290236796|2.8778014935355194|3.837068658047359
432.0|1.0|0.64|0.0|0|1.2688128059945314|2.537625611989063|3.806438417983594|5.075251223978126
432.2|1.0|0.64|0.0|0|1.140886493999279|2.281772987998558|3.4226594819978375|4.563545975997116
432.4|1.0|0.64|0.0|0|1.1745797612163016|2.349159522432603|3.5237392836489048|4.698319044865206
432.6|1.0|0.64|0.0|0|0.9003489898005509|1.8006979796011018|2.7010469694016526|3.6013959592022036
432.8|1.0|0.64|0.0|0|1.5318725468561765|3.063745093712353|4.59561764056853|6.127490187424706
433.0|1.0|0.64|0.0|0|1.1014275327418008|2.2028550654836017|3.3042825982254027|4.405710130967203
433.2|1.0|0.64|0.0|0|1.3695322544733075|2.739064508946615|4.108596763419922|5.47812901789323
433.4|1.0|0.64|0.0|0|1.106652691179771|2.213305382359542|3.319958073539313|4.426610764719084
433.6|1.0|0.64|0.0|0|1.8001574465743049|3.6003148931486098|5.400472339722914|7.2006297862972195
433.8|1.0|0.64|0.0|0|1.411693884507405|2.82338776901481|4.235081653522215|5.64677553802962
434.0|1.0|0.64|0.0|0|1.3434064586035686|2.686812917207137|4.030219375810706|5.373625834414274
434.2|1.0|0.64|0.0|0|1.7336718008643963|3.4673436017287926|5.201015402593189|6.934687203457585
434.4|1.0|0.64|0.0|0|0.9650328578747585|1.930065715749517|2.8950985736242756|3.860131431499034
434.6|1.0|0.64|0.0|0|1.5084494191373246|3.016898838274649|4.525348257411974|6.033797676549298
434.8|1.0|0.64|0.0|0|1.0929591699398598|2.1859183398797195|3.2788775098195795|4.371836679759439
435.0|1.0|0.64|0.0|0|0.8767456856835641|1.7534913713671283|2.6302370570506923|3.5069827427342566
435.2|1.0|0.64|0.0|0|1.672231135447511|3.344462270895022|5.016693406342533|6.688924541790044
435.4|1.0|0.64|0.0|0|1.7722298713936486|3.5444597427872973|5.316689614180945|7.0889194855745945
435.6|1.0|0.64|0.0|0|1.5545749630098011|3.1091499260196023|4.663724889029404|6.2182998520392045
435.8|1.0|0.64|0.0|0|1.61853811853449|3.23707623706898|4.85561435560347|6.47415247413796
436.0|1.0|0.64|0.0|0|1.2745784990821278|2.5491569981642557|3.8237354972463833|5.098313996328511
436.2|1.0|0.64|0.0|0|1.954209556232674|3.908419112465348|5.862628668698021|7.816838224930696
436.4|1.0|0.64|0.0|0|1.7538517256570063|3.5077034513140126|5.26155517697102|7.015406902628025
436.6|1.0|0.64|0.0|0|1.5772773792868262|3.1545547585736524|4.731832137860478|6.309109517147305
436.8|1.0|0.64|0.0|0|1.6578169018676285|3.315633803735257|4.973450705602886|6.631267607470514
437.0|1.0|0.64|0.0|0|1.6680870435503325|3.336174087100665|5.004261130650998|6.67234817420133
437.2|1.0|0.64|0.0|0|1.6832219869515408|3.3664439739030816|5.049665960854623|6.732887947806163
437.4|1.0|0.64|0.0|0|1.0457525595015622|2.0915051190031244|3.1372576785046866|4.183010238006249
437.6|1.0|0.64|0.0|0|0.5616145293775485|1.123229058755097|1.6848435881326456|2.246458117510194
437.8|1.0|0.64|0.0|0|1.483945224565106|2.967890449130212|4.451835673695317|5.935780898260424
438.0|1.0|0.64|0.0|0|1.3534964212396892|2.7069928424793783|4.0604892637190675|5.413985684958757
438.2|1.0|0.64|0.0|0|1.9895244253543223|3.9790488507086446|5.968573276062967|7.958097701417289
438.4|1.0|0.64|0.0|0|1.5017828367667985|3.003565673533597|4.505348510300395|6.007131347067194
438.6|1.0|0.64|0.0|0|1.2131378332915495|2.426275666583099|3.639413499874648|4.852551333166198
438.8|1.0|0.64|0.0|0|1.4025048108625937|2.8050096217251874|4.207514432587781|5.610019243450375
439.0|1.0|0.64|0.0|0|1.087914188510623|2.175828377021246|3.2637425655318686|4.351656754042492
439.2|1.0|0.64|0.0|0|1.2434077210107364|2.4868154420214728|3.730223163032209|4.9736308840429455
439.4|1.0|0.64|0.0|0|1.562142435012503|3.124284870025006|4.686427305037509|6.248569740050012
439.6|1.0|0.64|0.0|0|1.5493498033151276|3.0986996066302552|4.648049409945383|6.1973992132605105
439.8|1.0|0.64|0.0|0|1.97493001401541|3.94986002803082|5.92479004204623|7.89972005606164
440.0|1.0|0.64|0.0|0|1.6781770059658463|3.3563540119316926|5.034531017897539|6.712708023863385
440.2|1.0|0.64|0.0|0|0.9718796185363325|1.943759237072665|2.915638855608998|3.88751847414533
440.4|1.0|0.64|0.0|0|1.36863136528351|2.73726273056702|4.10589409585053|5.47452546113404
440.6|1.0|0.64|0.0|0|1.6529520991607585|3.305904198321517|4.958856297482275|6.611808396643034
440.8|1.0|0.64|0.0|0|2.376186208599249|4.752372417198498|7.128558625797748|9.504744834396996
441.0|1.0|0.64|0.0|0|1.685023765569205|3.37004753113841|5.055071296707615|6.74009506227682
441.2|1.0|0.64|0.0|0|1.5933132118912194|3.186626423782439|4.779939635673658|6.373252847564878
441.4|1.0|0.64|0.0|0|1.7825000130286224|3.5650000260572448|5.347500039085867|7.1300000521144895
441.6|1.0|0.64|0.0|0|1.7134918746387136|3.426983749277427|5.14047562391614|6.853967498554854
441.8|1.0|0.64|0.0|0|1.5612415452831205|3.122483090566241|4.683724635849361|6.244966181132482
442.0|1.0|0.64|0.0|0|1.900156184651425|3.80031236930285|5.700468553954275|7.6006247386057
442.2|1.0|0.64|0.0|0|1.0298969035496712|2.0597938070993425|3.0896907106490135|4.119587614198685
442.4|1.0|0.64|0.0|0|0.7691794757643954|1.5383589515287908|2.3075384272931863|3.0767179030575815
442.6|1.0|0.64|0.0|0|0.5219753914058679|1.0439507828117358|1.5659261742176036|2.0879015656234716
442.8|1.0|0.64|0.0|0|0.8659350110718522|1.7318700221437044|2.5978050332155567|3.463740044287409
443.0|1.0|0.64|0.0|0|1.2677317382930788|2.5354634765861577|3.8031952148792367|5.070926953172315
443.2|1.0|0.64|0.0|0|0.9347629706677989|1.8695259413355978|2.804288912003397|3.7390518826711956
443.4|1.0|0.64|0.0|0|1.1048509120871324|2.2097018241742648|3.3145527362613967|4.4194036483485295
443.6|1.0|0.64|0.0|0|1.4754768620571135|2.950953724114227|4.426430586171341|5.901907448228454
443.8|1.0|0.64|0.0|0|2.1913236787304067|4.382647357460813|6.573971036191221|8.765294714921627
444.0|1.0|0.64|0.0|0|1.2956593131355487|2.5913186262710974|3.886977939406646|5.182637252542195
444.2|1.0|0.64|0.0|0|1.4830443349713474|2.9660886699426947|4.449133004914041|5.932177339885389
444.4|1.0|0.64|0.0|0|1.0760224479303007|2.1520448958606013|3.2280673437909018|4.304089791721203
444.6|1.0|0.64|0.0|0|1.2316961573733727|2.4633923147467454|3.695088472120118|4.926784629493491
444.8|1.0|0.64|0.0|0|1.7369150028185703|3.4738300056371405|5.21074500845571|6.947660011274281
445.0|1.0|0.64|0.0|0|1.568809016880115|3.13761803376023|4.706427050640345|6.27523606752046
445.2|1.0|0.64|0.0|0|1.7100684944220135|3.420136988844027|5.130205483266041|6.840273977688054
445.4|1.0|0.64|0.0|0|1.5855655622639475|3.171131124527895|4.756696686791843|6.34226224905579
445.6|1.0|0.64|0.0|0|1.717635967425305|3.43527193485061|5.152907902275915|6.87054386970122
445.8|1.0|0.64|0.0|0|1.551511937963079|3.103023875926158|4.654535813889238|6.206047751852316
446.0|1.0|0.64|0.0|0|1.8464631685661168|3.6929263371322336|5.539389505698351|7.385852674264467
446.2|1.0|0.64|0.0|0|1.7354735790012652|3.4709471580025304|5.206420737003795|6.941894316005061
446.4|1.0|0.64|0.0|0|1.359442292067107|2.718884584134214|4.078326876201321|5.437769168268428
446.6|1.0|0.64|0.0|0|1.5257464977283977|3.0514929954567953|4.577239493185193|6.102985990913591
446.8|1.0|0.64|0.0|0|1.3754781255283173|2.7509562510566345|4.126434376584951|5.501912502113269
447.0|1.0|0.64|0.0|0|2.031325698846487|4.062651397692974|6.0939770965394615|8.125302795385949
447.2|1.0|0.64|0.0|0|1.6311505727539786|3.262301145507957|4.893451718261935|6.524602291015914
447.4|1.0|0.64|0.0|0|1.0425093566434234|2.0850187132868467|3.1275280699302703|4.1700374265736935
447.6|1.0|0.64|0.0|0|1.292055755458424|2.584111510916848|3.876167266375272|5.168223021833696
447.8|1.0|0.64|0.0|0|1.2720560076460254|2.544112015292051|3.816168022938076|5.088224030584102
448.0|1.0|0.64|0.0|0|1.4443060856248497|2.8886121712496995|4.3329182568745495|5.777224342499399
448.2|1.0|0.64|0.0|0|1.1897147055191464|2.3794294110382928|3.5691441165574394|4.7588588220765855
448.4|1.0|0.64|0.0|0|1.8850212405656948|3.7700424811313895|5.655063721697084|7.540084962262779
448.6|1.0|0.64|0.0|0|0.7347654961352243|1.4695309922704487|2.204296488405673|2.9390619845408974
448.8|1.0|0.64|0.0|0|1.4637652986386105|2.927530597277221|4.391295895915832|5.855061194554442
449.0|1.0|0.64|0.0|0|1.2720560081012093|2.5441120162024187|3.816168024303628|5.088224032404837
449.2|1.0|0.64|0.0|0|1.9097056128695857|3.8194112257391715|5.729116838608757|7.638822451478343
449.4|1.0|0.64|0.0|0|1.2394438080122938|2.4788876160245876|3.7183314240368817|4.957775232049175
449.6|1.0|0.64|0.0|0|1.0280951248580832|2.0561902497161664|3.0842853745742493|4.112380499432333
449.8|1.0|0.64|0.0|0|1.4107929949060793|2.8215859898121587|4.232378984718238|5.643171979624317
450.0|1.0|0.64|0.0|0|1.664843840594987|3.329687681189974|4.994531521784961|6.659375362379948
450.2|1.0|0.64|0.0|0|1.6244839895435157|3.2489679790870314|4.8734519686305475|6.497935958174063
450.4|1.0|0.64|0.0|0|1.4115137059672282|2.8230274119344565|4.234541117901685|5.646054823868913
450.6|1.0|0.64|0.0|0|1.180165276643821|2.360330553287642|3.5404958299314635|4.720661106575284
450.8|1.0|0.64|0.0|0|1.214038722954575|2.42807744590915|3.6421161688637254|4.8561548918183
451.0|1.0|0.64|0.0|0|1.2711551180970866|2.542310236194173|3.8134653542912598|5.084620472388346
451.2|1.0|0.64|0.0|0|1.666465442088085|3.33293088417617|4.999396326264255|6.66586176835234
451.4|1.0|0.64|0.0|0|1.585925918243594|3.171851836487188|4.757777754730782|6.343703672974376
451.6|1.0|0.64|0.0|0|1.6370964433724309|3.2741928867448618|4.911289330117293|6.5483857734897235
451.8|1.0|0.64|0.0|0|2.0448390428570584|4.089678085714117|6.134517128571175|8.179356171428234
452.0|1.0|0.64|0.0|0|1.7084468930732706|3.416893786146541|5.125340679219812|6.833787572293082
452.2|1.0|0.64|0.0|0|1.4124145961063928|2.8248291922127855|4.237243788319178|5.649658384425571
452.4|1.0|0.64|0.0|0|1.0945807716716092|2.1891615433432183|3.2837423150148273|4.378323086686437
452.6|1.0|0.64|0.0|0|1.6111508246365716|3.222301649273143|4.833452473909714|6.444603298546286
452.8|1.0|0.64|0.0|0|1.610970647283249|3.221941294566498|4.832911941849748|6.443882589132996
453.0|1.0|0.64|0.0|0|1.942317814506825|3.88463562901365|5.826953443520475|7.7692712580273
453.2|1.0|0.64|0.0|0|1.3453884153952833|2.6907768307905666|4.03616524618585|5.381553661581133
453.4|1.0|0.64|0.0|0|1.714212586440264|3.428425172880528|5.142637759320792|6.856850345761056
453.6|1.0|0.64|0.0|0|1.1181840777641638|2.2363681555283277|3.3545522332924915|4.472736311056655
453.8|1.0|0.64|0.0|0|1.5167376028094455|3.033475205618891|4.550212808428336|6.066950411237782
454.0|1.0|0.64|0.0|0|1.2585426644940174|2.517085328988035|3.775627993482052|5.03417065797607
454.2|1.0|0.64|0.0|0|1.0853916986036356|2.170783397207271|3.256175095810907|4.341566794414542
454.4|1.0|0.64|0.0|0|1.0929591705976063|2.1859183411952126|3.2788775117928193|4.371836682390425
454.6|1.0|0.64|0.0|0|1.3318750725843722|2.6637501451687444|3.995625217753117|5.327500290337489
454.8|1.0|0.64|0.0|0|0.9095380636374474|1.8190761272748948|2.7286141909123423|3.6381522545497895
455.0|1.0|0.64|0.0|0|1.543764289339307|3.087528578678614|4.631292868017922|6.175057157357228
455.2|1.0|0.64|0.0|0|1.8187157710216724|3.6374315420433447|5.456147313065017|7.2748630840866895
455.4|1.0|0.64|0.0|0|1.6488080067571733|3.2976160135143466|4.94642402027152|6.595232027028693
455.6|1.0|0.64|0.0|0|1.5983581936761053|3.1967163873522106|4.795074581028316|6.393432774704421
455.8|1.0|0.64|0.0|0|1.4560176492616315|2.912035298523263|4.368052947784895|5.824070597046526
456.0|1.0|0.64|0.0|0|1.5772773783089373|3.1545547566178747|4.731832134926813|6.309109513235749
456.2|1.0|0.64|0.0|0|1.3552982006908871|2.7105964013817743|4.065894602072662|5.4211928027635485
456.4|1.0|0.64|0.0|0|1.4198018896632143|2.8396037793264286|4.2594056689896425|5.679207558652857
456.6|1.0|0.64|0.0|0|1.148634143282544|2.297268286565088|3.445902429847632|4.594536573130176
456.8|1.0|0.64|0.0|0|1.7203386358241566|3.440677271648313|5.1610159074724695|6.881354543296626
457.0|1.0|0.64|0.0|0|2.0415958398330276|4.083191679666055|6.124787519499083|8.16638335933211
457.2|1.0|0.64|0.0|0|1.5091701312141972|3.0183402624283944|4.527510393642592|6.036680524856789
457.4|1.0|0.64|0.0|0|1.2738577867398282|2.5477155734796564|3.821573360219485|5.095431146959313
457.6|1.0|0.64|0.0|0|1.4486303554271593|2.8972607108543187|4.345891066281478|5.794521421708637
457.8|1.0|0.64|0.0|0|1.3839464864792548|2.7678929729585096|4.151839459437764|5.535785945917019
458.0|1.0|0.64|0.0|0|2.0374517473334|4.0749034946668|6.112355242000199|8.1498069893336
458.2|1.0|0.64|0.0|0|1.7615993759693827|3.5231987519387653|5.2847981279081475|7.046397503877531
458.4|1.0|0.64|0.0|0|1.6614204605855063|3.3228409211710126|4.984261381756519|6.645681842342025
458.6|1.0|0.64|0.0|0|1.6077274446788956|3.2154548893577912|4.823182334036687|6.4309097787155824
458.8|1.0|0.64|0.0|0|1.4848461136320852|2.9696922272641704|4.4545383408962556|5.939384454528341
459.0|1.0|0.64|0.0|0|1.2408852301357558|2.4817704602715116|3.7226556904072674|4.963540920543023
459.2|1.0|0.64|0.0|0|1.3670097631105467|2.7340195262210933|4.10102928933164|5.468039052442187
459.4|1.0|0.64|0.0|0|1.3999823202489654|2.799964640497931|4.199946960746897|5.599929280995862
459.6|1.0|0.64|0.0|0|1.4486303547781438|2.8972607095562877|4.345891064334432|5.794521419112575
459.8|1.0|0.64|0.0|0|1.241245586439619|2.482491172879238|3.723736759318857|4.964982345758476
460.0|1.0|0.64|0.0|0|1.8570936650648961|3.7141873301297923|5.571280995194689|7.428374660259585
460.2|1.0|0.64|0.0|0|2.0197943124215834|4.039588624843167|6.0593829372647505|8.079177249686333
460.4|1.0|0.64|0.0|0|1.6650240187620526|3.3300480375241053|4.9950720562861575|6.6600960750482106
460.6|1.0|0.64|0.0|0|1.0826890299806846|2.1653780599613692|3.248067089942054|4.3307561199227385
460.8|1.0|0.64|0.0|0|1.0037711072276587|2.0075422144553174|3.0113133216829766|4.015084428910635
461.0|1.0|0.64|0.0|0|1.081247606673861|2.162495213347722|3.2437428200215828|4.324990426695444
461.2|1.0|0.64|0.0|0|1.2140387232962542|2.4280774465925083|3.6421161698887623|4.856154893185017
461.4|1.0|0.64|0.0|0|0.9389070615067621|1.8778141230135241|2.8167211845202864|3.7556282460270483
461.6|1.0|0.64|0.0|0|0.8120618171477697|1.6241236342955394|2.4361854514433094|3.248247268591079
461.8|1.0|0.64|0.0|0|1.0280951248219945|2.056190249643989|3.0842853744659835|4.112380499287978
462.0|1.0|0.64|0.0|0|1.2628669347084371|2.5257338694168743|3.7886008041253114|5.0514677388337486
462.2|1.0|0.64|0.0|0|1.6361955532745938|3.2723911065491875|4.908586659823782|6.544782213098375
462.4|1.0|0.64|0.0|0|1.7006992438837203|3.4013984877674406|5.102097731651161|6.802796975534881
462.6|1.0|0.64|0.0|0|1.4226847368630127|2.8453694737260253|4.268054210589038|5.690738947452051
462.8|1.0|0.64|0.0|0|1.293857534657583|2.587715069315166|3.8815726039727485|5.175430138630332
463.0|1.0|0.64|0.0|0|1.3082717669499118|2.6165435338998235|3.9248153008497355|5.233087067799647
463.2|1.0|0.64|0.0|0|1.7203386349778171|3.4406772699556343|5.161015904933452|6.8813545399112686
463.4|1.0|0.64|0.0|0|1.5152961796784088|3.0305923593568176|4.545888539035227|6.061184718713635
463.6|1.0|0.64|0.0|0|1.7934908641345115|3.586981728269023|5.380472592403535|7.173963456538046
463.8|1.0|0.64|0.0|0|1.3738565243378993|2.7477130486757986|4.121569573013698|5.495426097351597
464.0|1.0|0.64|0.0|0|1.755653504285148|3.511307008570296|5.266960512855444|7.022614017140592
464.2|1.0|0.64|0.0|0|1.5016026588343097|3.0032053176686193|4.504807976502929|6.006410635337239
464.4|1.0|0.64|0.0|0|1.340163255640074|2.680326511280148|4.020489766920222|5.360653022560296
464.6|1.0|0.64|0.0|0|1.128994750858402|2.257989501716804|3.3869842525752056|4.515979003433608
464.8|1.0|0.64|0.0|0|1.1853904357604925|2.370780871520985|3.5561713072814776|4.74156174304197
465.0|1.0|0.64|0.0|0|1.282866682445166|2.565733364890332|3.8486000473354975|5.131466729780664
465.2|1.0|0.64|0.0|0|1.298001626073384|2.596003252146768|3.894004878220152|5.192006504293536
465.4|1.0|0.64|0.0|0|1.1122382064233545|2.224476412846709|3.336714619270063|4.448952825693418
465.6|1.0|0.64|0.0|0|1.5711513307370493|3.1423026614740985|4.713453992211147|6.284605322948197
465.8|1.0|0.64|0.0|0|1.9978126084845298|3.9956252169690596|5.993437825453589|7.991250433938119
466.0|1.0|0.64|0.0|0|1.1736788724706286|2.3473577449412573|3.5210366174118857|4.6947154898825145
466.2|1.0|0.64|0.0|0|1.563043324183674|3.126086648367348|4.689129972551022|6.252173296734696
466.4|1.0|0.64|0.0|0|1.515116001874559|3.030232003749118|4.545348005623677|6.060464007498236
466.6|1.0|0.64|0.0|0|1.9936685175454494|3.9873370350908988|5.981005552636349|7.9746740701817975
466.8|1.0|0.64|0.0|0|1.8666430940473235|3.733286188094647|5.599929282141971|7.466572376189294
467.0|1.0|0.64|0.0|0|2.13564870588307|4.27129741176614|6.40694611764921|8.54259482353228
467.2|1.0|0.64|0.0|0|1.6731320241489462|3.3462640482978925|5.019396072446839|6.692528096595785
467.4|1.0|0.64|0.0|0|1.3727754577749887|2.7455509155499773|4.118326373324966|5.491101831099955
467.6|1.0|0.64|0.0|0|1.0659324848809055|2.131864969761811|3.197797454642717|4.263729939523622
467.8|1.0|0.64|0.0|0|1.4343962997390203|2.8687925994780406|4.303188899217061|5.737585198956081
468.0|1.0|0.64|0.0|0|2.062496476814851|4.124992953629702|6.187489430444553|8.249985907259404
468.2|1.0|0.64|0.0|0|1.8379948079219337|3.6759896158438674|5.513984423765801|7.351979231687735
468.4|1.0|0.64|0.0|0|1.6167363396944725|3.233472679388945|4.850209019083418|6.46694535877789
468.6|1.0|0.64|0.0|0|1.3704331430193282|2.7408662860386563|4.1112994290579845|5.481732572077313
468.8|1.0|0.64|0.0|0|1.3569198012352002|2.7138396024704003|4.0707594037056|5.427679204940801
469.0|1.0|0.64|0.0|0|1.4007030316873|2.8014060633746|4.2021090950619|5.6028121267492
469.2|1.0|0.64|0.0|0|2.182675140153735|4.36535028030747|6.548025420461205|8.73070056061494
469.4|1.0|0.64|0.0|0|1.9136695274477842|3.8273390548955684|5.741008582343352|7.654678109791137
469.6|1.0|0.64|0.0|0|1.5612415447953403|3.1224830895906805|4.683724634386021|6.244966179181361
469.8|1.0|0.64|0.0|0|1.6176372294407353|3.2352744588814706|4.852911688322206|6.470548917762941
470.0|1.0|0.64|0.0|0|1.6453846272086972|3.2907692544173943|4.936153881626091|6.581538508834789
470.2|1.0|0.64|0.0|0|0.9307990555913429|1.8615981111826858|2.7923971667740286|3.7231962223653716
470.4|1.0|0.64|0.0|0|1.4765579304483267|2.9531158608966535|4.42967379134498|5.906231721793307
470.6|1.0|0.64|0.0|0|1.7286268194916208|3.4572536389832416|5.185880458474863|6.914507277966483
470.8|1.0|0.64|0.0|0|1.4637652992870438|2.9275305985740876|4.391295897861132|5.855061197148175
471.0|1.0|0.64|0.0|0|1.1048509118164667|2.2097018236329333|3.3145527354494|4.419403647265867
471.2|1.0|0.64|0.0|0|1.4486303553165647|2.8972607106331294|4.3458910659496945|5.794521421266259
471.4|1.0|0.64|0.0|0|1.1443098740710422|2.2886197481420845|3.4329296222131265|4.577239496284169
471.6|1.0|0.64|0.0|0|0.5614343512878991|1.1228687025757982|1.6843030538636974|2.2457374051515964
471.8|1.0|0.64|0.0|0|1.1257515487115608|2.2515030974231216|3.3772546461346824|4.503006194846243
472.0|1.0|0.64|0.0|0|1.139985603906681|2.279971207813362|3.4199568117200427|4.559942415626724
472.2|1.0|0.64|0.0|0|1.740518560595812|3.481037121191624|5.221555681787436|6.962074242383248
472.4|1.0|0.64|0.0|0|1.621961499175524|3.243922998351048|4.865884497526571|6.487845996702096
472.6|1.0|0.64|0.0|0|1.8010583366086956|3.6021166732173913|5.403175009826087|7.2042333464347825
472.8|1.0|0.64|0.0|0|1.8549315304291685|3.709863060858337|5.564794591287505|7.419726121716674
473.0|1.0|0.64|0.0|0|1.1181840772519365|2.236368154503873|3.354552231755809|4.472736309007746
473.2|1.0|0.64|0.0|0|1.1198056780692434|2.2396113561384867|3.3594170342077296|4.479222712276973
473.4|1.0|0.64|0.0|0|1.5621424354251954|3.1242848708503907|4.686427306275586|6.2485697417007815
473.6|1.0|0.64|0.0|0|1.8965526266425166|3.793105253285033|5.68965787992755|7.586210506570066
473.8|1.0|0.64|0.0|0|1.7942115765938085|3.588423153187617|5.382634729781426|7.176846306375234
474.0|1.0|0.64|0.0|0|1.1534989473898904|2.306997894779781|3.460496842169672|4.613995789559562
474.2|1.0|0.64|0.0|0|1.4378196817293079|2.8756393634586157|4.313459045187924|5.751278726917231
474.4|1.0|0.64|0.0|0|2.0246591168700268|4.0493182337400535|6.073977350610081|8.098636467480107
474.6|1.0|0.64|0.0|0|1.6234029218199444|3.2468058436398888|4.870208765459833|6.4936116872797776
474.8|1.0|0.64|0.0|0|1.0367436646699215|2.073487329339843|3.1102309940097648|4.146974658679686
475.0|1.0|0.64|0.0|0|0.9019705911568607|1.8039411823137215|2.705911773470582|3.607882364627443
475.2|1.0|0.64|0.0|0|0.8457550853997243|1.6915101707994487|2.537265256199173|3.3830203415988973
475.4|1.0|0.64|0.0|0|1.3686313651438116|2.737262730287623|4.1058940954314345|5.474525460575246
475.6|1.0|0.64|0.0|0|1.422504558693619|2.845009117387238|4.267513676080856|5.690018234774476
475.8|1.0|0.64|0.0|0|1.0668333743547564|2.133666748709513|3.2005001230642693|4.267333497419026
476.0|1.0|0.64|0.0|0|1.5943942792760222|3.1887885585520443|4.7831828378280665|6.377577117104089
476.2|1.0|0.64|0.0|0|1.4781795318517847|2.9563590637035695|4.434538595555354|5.912718127407139
476.4|1.0|0.64|0.0|0|1.6116913585108719|3.2233827170217437|4.835074075532615|6.4467654340434875
476.6|1.0|0.64|0.0|0|1.4192613561218617|2.8385227122437233|4.257784068365585|5.677045424487447
476.8|1.0|0.64|0.0|0|1.7354735797038316|3.4709471594076633|5.206420739111495|6.941894318815327
477.0|1.0|0.64|0.0|0|2.1062797081458866|4.212559416291773|6.31883912443766|8.425118832583546
477.2|1.0|0.64|0.0|0|1.0971032619359913|2.1942065238719826|3.291309785807974|4.388413047743965
477.4|1.0|0.64|0.0|0|1.9235793122329068|3.8471586244658136|5.77073793669872|7.694317248931627
477.6|1.0|0.64|0.0|0|1.4722336604195894|2.9444673208391787|4.416700981258768|5.8889346416783575
477.8|1.0|0.64|0.0|0|1.8044817170937328|3.6089634341874657|5.4134451512811985|7.217926868374931
478.0|1.0|0.64|0.0|0|1.6244839897233774|3.2489679794467548|4.873451969170132|6.4979359588935095
478.2|1.0|0.64|0.0|0|1.5731332870066412|3.1462665740132825|4.719399861019924|6.292533148026565
478.4|1.0|0.64|0.0|0|1.0080953776126271|2.0161907552252543|3.024286132837881|4.0323815104505085
478.6|1.0|0.64|0.0|0|1.6765554042614546|3.353110808522909|5.029666212784364|6.706221617045818
478.8|1.0|0.64|0.0|0|1.4729543719027438|2.9459087438054876|4.418863115708231|5.891817487610975
479.0|1.0|0.64|0.0|0|1.2711551185447036|2.5423102370894073|3.8134653556341105|5.084620474178815
479.2|1.0|0.64|0.0|0|0.8237733803305317|1.6475467606610634|2.471320140991595|3.295093521322127
479.4|1.0|0.64|0.0|0|1.1282740392477728|2.2565480784955456|3.384822117743318|4.513096156991091
479.6|1.0|0.64|0.0|0|1.1163822981441636|2.232764596288327|3.349146894432491|4.465529192576654
479.8|1.0|0.64|0.0|0|1.8506072608503763|3.7012145217007526|5.551821782551129|7.402429043401505
480.0|1.0|0.64|0.0|0|1.3839464866474749|2.7678929732949498|4.151839459942424|5.5357859465898995
480.2|1.0|0.64|0.0|0|1.118184076869512|2.236368153739024|3.3545522306085362|4.472736307478048
480.4|1.0|0.64|0.0|0|1.0953014838835233|2.1906029677670467|3.28590445165057|4.381205935534093
480.6|1.0|0.64|0.0|0|1.2064712504047213|2.4129425008094425|3.619413751214164|4.825885001618885
480.8|1.0|0.64|0.0|0|0.8466559744760169|1.6933119489520339|2.5399679234280508|3.3866238979040677
481.0|1.0|0.64|0.0|0|0.9028714811179096|1.8057429622358192|2.708614443353729|3.6114859244716384
481.2|1.0|0.64|0.0|0|1.6370964433508939|3.2741928867017878|4.911289330052682|6.5483857734035755
481.4|1.0|0.64|0.0|0|1.5102511983149465|3.020502396629893|4.53075359494484|6.041004793259786
481.6|1.0|0.64|0.0|0|1.2306150903098763|2.4612301806197525|3.6918452709296283|4.922460361239505
481.8|1.0|0.64|0.0|0|0.8421515278745217|1.6843030557490435|2.5264545836235652|3.368606111498087
482.0|1.0|0.64|0.0|0|1.3334966737020306|2.6669933474040612|4.000490021106092|5.3339866948081225
482.2|1.0|0.64|0.0|0|1.4731345505139337|2.9462691010278674|4.419403651541801|5.892538202055735
482.4|1.0|0.64|0.0|0|1.0509777189802854|2.1019554379605707|3.152933156940856|4.203910875921141
482.6|1.0|0.64|0.0|0|1.7453833636292273|3.4907667272584546|5.236150090887682|6.981533454516909
482.8|1.0|0.64|0.0|0|1.6985371084581145|3.397074216916229|5.095611325374343|6.794148433832458
483.0|1.0|0.64|0.0|0|1.5217825846665087|3.0435651693330175|4.565347753999526|6.087130338666035
483.2|1.0|0.64|0.0|0|1.4098921052197706|2.819784210439541|4.229676315659312|5.639568420879082
483.4|1.0|0.64|0.0|0|1.276200099551935|2.55240019910387|3.8286002986558048|5.10480039820774
483.6|1.0|0.64|0.0|0|1.179624742809102|2.359249485618204|3.5388742284273063|4.718498971236408
483.8|1.0|0.64|0.0|0|1.0693558644328742|2.1387117288657485|3.2080675932986225|4.277423457731497
484.0|1.0|0.64|0.0|0|1.0172844506026022|2.0345689012052044|3.0518533518078064|4.069137802410409
484.2|1.0|0.64|0.0|0|0.8866554697143154|1.7733109394286308|2.6599664091429465|3.5466218788572617
484.4|1.0|0.64|0.0|0|1.7345726895856222|3.4691453791712443|5.203718068756866|6.938290758342489
484.6|1.0|0.64|0.0|0|1.1778229645610565|2.355645929122113|3.5334688936831693|4.711291858244226
484.8|1.0|0.64|0.0|0|1.661240282626242|3.322480565252484|4.983720847878726|6.644961130504968
485.0|1.0|0.64|0.0|0|1.2608849782234768|2.5217699564469536|3.7826549346704303|5.043539912893907
485.2|1.0|0.64|0.0|0|2.0232176942005773|4.046435388401155|6.069653082601731|8.09287077680231
485.4|1.0|0.64|0.0|0|1.6102499355783235|3.220499871156647|4.83074980673497|6.440999742313294
485.6|1.0|0.64|0.0|0|1.73619429129176|3.47238858258352|5.2085828738752795|6.94477716516704
485.8|1.0|0.64|0.0|0|1.2106153420347265|2.421230684069453|3.6318460261041796|4.842461368138906
486.0|1.0|0.64|0.0|0|1.4378196809603845|2.875639361920769|4.313459042881154|5.751278723841538
486.2|1.0|0.64|0.0|0|1.8008781587315041|3.6017563174630083|5.402634476194512|7.203512634926017
486.4|1.0|0.64|0.0|0|1.590790721792147|3.181581443584294|4.772372165376441|6.363162887168588
486.6|1.0|0.64|0.0|0|1.389892357834616|2.779784715669232|4.169677073503848|5.559569431338464
486.8|1.0|0.64|0.0|0|1.624483989849106|3.248967979698212|4.873451969547318|6.497935959396424
487.0|1.0|0.64|0.0|0|1.4504321335116415|2.900864267023283|4.351296400534924|5.801728534046566
487.2|1.0|0.64|0.0|0|1.6772761161258691|3.3545522322517383|5.031828348377608|6.7091044645034765
487.4|1.0|0.64|0.0|0|1.602502286137316|3.205004572274632|4.807506858411948|6.410009144549264
487.6|1.0|0.64|0.0|0|1.568088305681596|3.136176611363192|4.704264917044788|6.272353222726384
487.8|1.0|0.64|0.0|0|0.8875563589861857|1.7751127179723714|2.662669076958557|3.5502254359447427
488.0|1.0|0.64|0.0|0|1.3949373397330067|2.7898746794660134|4.18481201919902|5.579749358932027
488.2|1.0|0.64|0.0|0|1.8111482993984844|3.622296598796969|5.433444898195453|7.244593197593938
488.4|1.0|0.64|0.0|0|1.1668321115069566|2.3336642230139133|3.50049633452087|4.667328446027827
488.6|1.0|0.64|0.0|0|1.1280938617303047|2.2561877234606094|3.384281585190914|4.512375446921219
488.8|1.0|0.64|0.0|0|1.49998105810315|2.9999621162063|4.4999431743094505|5.9999242324126
489.0|1.0|0.64|0.0|0|1.618538118496655|3.23707623699331|4.855614355489966|6.47415247398662
489.2|1.0|0.64|0.0|0|1.2634074679220806|2.526814935844161|3.7902224037662413|5.053629871688322
489.4|1.0|0.64|0.0|0|1.5536740738200037|3.1073481476400073|4.661022221460011|6.214696295280015
489.6|1.0|0.64|0.0|0|1.8118690107250601|3.6237380214501203|5.435607032175181|7.2474760429002405
489.8|1.0|0.64|0.0|0|1.188813815890463|2.377627631780926|3.5664414476713895|4.755255263561852
490.0|1.0|0.64|0.0|0|0.9617896558588845|1.923579311717769|2.8853689675766536|3.847158623435538
490.2|1.0|0.64|0.0|0|1.2812450811511382|2.5624901623022764|3.843735243453415|5.124980324604553
490.4|1.0|0.64|0.0|0|1.4875487825711038|2.9750975651422076|4.462646347713312|5.950195130284415
490.6|1.0|0.64|0.0|0|1.1989037781691887|2.3978075563383774|3.5967113345075665|4.795615112676755
490.8|1.0|0.64|0.0|0|0.9718796187231792|1.9437592374463584|2.9156388561695374|3.8875184748927167
491.0|1.0|0.64|0.0|0|1.528629344874645|3.05725868974929|4.5858880346239355|6.11451737949858
491.2|1.0|0.64|0.0|0|1.3906130698515347|2.7812261397030693|4.171839209554604|5.562452279406139
491.4|1.0|0.64|0.0|0|0.9828704704745914|1.9657409409491828|2.9486114114237743|3.9314818818983657
491.6|1.0|0.64|0.0|0|1.130796530668741|2.261593061337482|3.3923895920062237|4.523186122674964
491.8|1.0|0.64|0.0|0|1.2794433024135663|2.5588866048271326|3.838329907240699|5.117773209654265
492.0|1.0|0.64|0.0|0|1.4713327706523718|2.9426655413047436|4.413998311957116|5.885331082609487
492.2|1.0|0.64|0.0|0|1.3318750726757582|2.6637501453515164|3.995625218027275|5.327500290703033
492.4|1.0|0.64|0.0|0|1.1172831883723857|2.2345663767447714|3.351849565117157|4.469132753489543
492.6|1.0|0.64|0.0|0|1.2677317385101936|2.535463477020387|3.8031952155305806|5.070926954040774
492.8|1.0|0.64|0.0|0|1.5772773786797203|3.1545547573594406|4.731832136039161|6.309109514718881
493.0|1.0|0.64|0.0|0|1.2484527023491694|2.4969054046983388|3.745358107047508|4.9938108093966775
493.2|1.0|0.64|0.0|0|1.504125149410103|3.008250298820206|4.5123754482303085|6.016500597640412
493.4|1.0|0.64|0.0|0|1.466287790258067|2.932575580516134|4.398863370774201|5.865151161032268
493.6|1.0|0.64|0.0|0|1.4814227337902426|2.962845467580485|4.444268201370727|5.92569093516097
493.8|1.0|0.64|0.0|0|1.2275520651129783|2.4551041302259566|3.682656195338935|4.910208260451913
494.0|1.0|0.64|0.0|0|1.3434064584370948|2.6868129168741897|4.030219375311284|5.373625833748379
494.2|1.0|0.64|0.0|0|1.332595783789294|2.665191567578588|3.997787351367882|5.330383135157176
494.4|1.0|0.64|0.0|0|0.9136821559112295|1.827364311822459|2.741046467733688|3.654728623644918
494.6|1.0|0.64|0.0|0|0.6026950917975051|1.2053901835950103|1.8080852753925154|2.4107803671900205
494.8|1.0|0.64|0.0|0|1.283046859407915|2.56609371881583|3.849140578223745|5.13218743763166
495.0|1.0|0.64|0.0|0|1.292235932838522|2.584471865677044|3.8767077985155662|5.168943731354088
495.2|1.0|0.64|0.0|0|1.1518773456220526|2.303754691244105|3.4556320368661577|4.60750938248821
495.4|1.0|0.64|0.0|0|1.616195805619938|3.232391611239876|4.8485874168598135|6.464783222479752
495.6|1.0|0.64|0.0|0|0.8819708451838241|1.7639416903676481|2.645912535551472|3.5278833807352963
495.8|1.0|0.64|0.0|0|1.5343950366938965|3.068790073387793|4.603185110081689|6.137580146775586
496.0|1.0|0.64|0.0|0|1.4419637715996954|2.8839275431993907|4.325891314799087|5.767855086398781
496.2|1.0|0.64|0.0|0|1.6691681108635399|3.3383362217270798|5.00750433259062|6.6766724434541596
496.4|1.0|0.64|0.0|0|1.6866453672572985|3.373290734514597|5.059936101771895|6.746581469029194
496.6|1.0|0.64|0.0|0|1.3342173844430374|2.668434768886075|4.002652153329112|5.33686953777215
496.8|1.0|0.64|0.0|0|1.684122876680341|3.368245753360682|5.052368630041023|6.736491506721364
497.0|1.0|0.64|0.0|0|2.2754667601425917|4.5509335202851835|6.826400280427776|9.101867040570367
497.2|1.0|0.64|0.0|0|2.1812337163853246|4.362467432770649|6.543701149155973|8.724934865541298
497.4|1.0|0.64|0.0|0|1.215840501167114|2.431681002334228|3.647521503501342|4.863362004668456
497.6|1.0|0.64|0.0|0|1.5343950371496626|3.0687900742993253|4.603185111448988|6.1375801485986505
497.8|1.0|0.64|0.0|0|1.192057017647313|2.384114035294626|3.5761710529419393|4.768228070589252
498.0|1.0|0.64|0.0|0|1.2475518132623995|2.495103626524799|3.7426554397871983|4.990207253049598
498.2|1.0|0.64|0.0|0|1.3316948943544424|2.663389788708885|3.995084683063327|5.32677957741777
498.4|1.0|0.64|0.0|0|1.380523107443006|2.761046214886012|4.141569322329018|5.522092429772024
498.6|1.0|0.64|0.0|0|2.2922233057726427|4.584446611545285|6.876669917317928|9.16889322309057
498.8|1.0|0.64|0.0|0|1.9884433580376226|3.9768867160752452|5.965330074112868|7.9537734321504905
499.0|1.0|0.64|0.0|0|1.7967340661858924|3.5934681323717848|5.3902021985576765|7.1869362647435695
499.2|1.0|0.64|0.0|0|1.8104275880486256|3.620855176097251|5.431282764145877|7.241710352194502
499.4|1.0|0.64|0.0|0|1.6738527354551493|3.3477054709102987|5.021558206365448|6.695410941820597
499.6|1.0|0.64|0.0|0|1.6864651894720752|3.3729303789441505|5.0593955684162255|6.745860757888301
499.8|1.0|0.64|0.0|0|1.7614191973471331|3.5228383946942663|5.284257592041399|7.045676789388533
500.0|1.0|0.64|0.0|0|1.2711551183549465|2.542310236709893|3.8134653550648396|5.084620473419786
500.2|1.0|0.64|0.0|0|1.177822963100044|2.355645926200088|3.5334688893001327|4.711291852400176
500.4|1.0|0.64|0.0|0|1.8698862969112833|3.7397725938225665|5.60965889073385|7.479545187645133
500.6|1.0|0.64|0.0|0|1.7235818371799556|3.4471636743599112|5.1707455115398675|6.8943273487198224
500.8|1.0|0.64|0.0|0|1.7650227561499938|3.5300455122999876|5.295068268449982|7.060091024599975
501.0|1.0|0.64|0.0|0|1.7017803110746914|3.403560622149383|5.105340933224074|6.807121244298766
501.2|1.0|0.64|0.0|0|1.2466509232582768|2.4933018465165535|3.7399527697748307|4.986603693033107
501.4|1.0|0.64|0.0|0|1.047554338889896|2.095108677779792|3.1426630166696876|4.190217355559584
501.6|1.0|0.64|0.0|0|1.365388163693134|2.730776327386268|4.096164491079402|5.461552654772536
501.8|1.0|0.64|0.0|0|1.5201609838544405|3.040321967708881|4.560482951563321|6.080643935417762
502.0|1.0|0.64|0.0|0|1.421783846462496|2.843567692924992|4.2653515393874875|5.687135385849984
502.2|1.0|0.64|0.0|0|1.5160168919694856|3.0320337839389713|4.548050675908457|6.0640675678779425
502.4|1.0|0.64|0.0|0|1.152598057393335|2.30519611478667|3.4577941721800047|4.61039222957334
502.6|1.0|0.64|0.0|0|1.2399843408359459|2.4799686816718918|3.7199530225078377|4.9599373633437835
502.8|1.0|0.64|0.0|0|1.7084468929580194|3.416893785916039|5.125340678874059|6.833787571832078
503.0|1.0|0.64|0.0|0|1.6026824632775984|3.205364926555197|4.808047389832796|6.410729853110394
503.2|1.0|0.64|0.0|0|0.9088173522666337|1.8176347045332675|2.7264520567999013|3.635269409066535
503.4|1.0|0.64|0.0|0|0.7911611800681574|1.5823223601363148|2.373483540204472|3.1646447202726296
503.6|1.0|0.64|0.0|0|1.4662877891800612|2.9325755783601224|4.398863367540184|5.865151156720245
503.8|1.0|0.64|0.0|0|1.455296937352397|2.910593874704794|4.365890812057191|5.821187749409588
504.0|1.0|0.64|0.0|0|1.4981792779924594|2.996358555984919|4.494537833977378|5.992717111969838
504.2|1.0|0.64|0.0|0|0.926474786410109|1.852949572820218|2.779424359230327|3.705899145640436
504.4|1.0|0.64|0.0|0|1.2500743035506467|2.5001486071012935|3.7502229106519405|5.000297214202587
504.6|1.0|0.64|0.0|0|1.0223294317396368|2.0446588634792735|3.06698829521891|4.089317726958547
504.8|1.0|0.64|0.0|0|1.0147619600547486|2.0295239201094972|3.044285880164246|4.0590478402189945
505.0|1.0|0.64|0.0|0|0.9870145623077414|1.9740291246154829|2.961043686923224|3.9480582492309657
505.2|1.0|0.64|0.0|0|1.2502544806990783|2.5005089613981566|3.750763442097235|5.001017922796313
505.4|1.0|0.64|0.0|0|1.183768834784861|2.367537669569722|3.5513065043545824|4.735075339139444
505.6|1.0|0.64|0.0|0|1.9751101932639739|3.9502203865279477|5.925330579791922|7.900440773055895
505.8|1.0|0.64|0.0|0|1.3452082382753736|2.6904164765507472|4.035624714826121|5.3808329531014945
506.0|1.0|0.64|0.0|0|1.4461078642029328|2.8922157284058656|4.338323592608798|5.784431456811731
506.2|1.0|0.64|0.0|0|1.0187258735171063|2.0374517470342126|3.0561776205513187|4.074903494068425
506.4|1.0|0.64|0.0|0|1.1113373178383346|2.222674635676669|3.3340119535150037|4.445349271353338
506.6|1.0|0.64|0.0|0|0.9535014727013195|1.907002945402639|2.8605044181039583|3.814005890805278
506.8|1.0|0.64|0.0|0|1.2688128061551844|2.537625612310369|3.8064384184655533|5.075251224620738
507.0|1.0|0.64|0.0|0|1.2226872624910914|2.4453745249821828|3.668061787473274|4.8907490499643655
507.2|1.0|0.64|0.0|0|1.3695322543306987|2.7390645086613974|4.108596762992096|5.478129017322795
507.4|1.0|0.64|0.0|0|1.5864664522930993|3.1729329045861987|4.759399356879298|6.345865809172397
507.6|1.0|0.64|0.0|0|1.60520495396224|3.21040990792448|4.815614861886719|6.42081981584896
507.8|1.0|0.64|0.0|0|1.5866466301062625|3.173293260212525|4.759939890318787|6.34658652042505
508.0|1.0|0.64|0.0|0|1.259443554414903|2.518887108829806|3.778330663244709|5.037774217659612
508.2|1.0|0.64|0.0|0|1.2814252593816502|2.5628505187633004|3.844275778144951|5.125701037526601
508.4|1.0|0.64|0.0|0|1.444306084411802|2.888612168823604|4.332918253235406|5.777224337647208
508.6|1.0|0.64|0.0|0|1.3882707569579373|2.7765415139158747|4.164812270873812|5.553083027831749
508.8|1.0|0.64|0.0|0|1.0720585335197403|2.1441170670394807|3.216175600559221|4.288234134078961
509.0|1.0|0.64|0.0|0|0.9650328584492681|1.9300657168985362|2.8950985753478045|3.8601314337970725
509.2|1.0|0.64|0.0|0|1.2603444444766512|2.5206888889533023|3.7810333334299537|5.041377777906605
509.4|1.0|0.64|0.0|0|1.8918680002226045|3.783736000445209|5.675604000667813|7.567472000890418
509.6|1.0|0.64|0.0|0|1.1834084784414165|2.366816956882833|3.5502254353242493|4.733633913765666
509.8|1.0|0.64|0.0|0|1.2410654085309953|2.4821308170619907|3.7231962255929862|4.964261634123981
510.0|1.0|0.64|0.0|0|1.620880432003179|3.241760864006358|4.862641296009538|6.483521728012716
510.2|1.0|0.64|0.0|0|1.6866453674761595|3.373290734952319|5.059936102428478|6.746581469904638
510.4|1.0|0.64|0.0|0|1.6176372299826485|3.235274459965297|4.852911689947946|6.470548919930594
510.6|1.0|0.64|0.0|0|1.251155371067581|2.502310742135162|3.7534661132027427|5.004621484270324
510.8|1.0|0.64|0.0|0|1.5025035484432023|3.0050070968864047|4.507510645329607|6.010014193772809
511.0|1.0|0.64|0.0|0|1.4897109169978662|2.9794218339957323|4.469132750993598|5.958843667991465
511.2|1.0|0.64|0.0|0|1.481422733095243|2.962845466190486|4.444268199285729|5.925690932380972
511.4|1.0|0.64|0.0|0|1.584844851274394|3.169689702548788|4.754534553823182|6.339379405097576
511.6|1.0|0.64|0.0|0|1.1989037785294943|2.3978075570589885|3.5967113355884828|4.795615114117977
511.8|1.0|0.64|0.0|0|1.104670734954999|2.209341469909998|3.3140122048649965|4.418682939819996
512.0|1.0|0.64|0.0|0|1.459621206732701|2.919242413465402|4.378863620198103|5.838484826930804
512.2|1.0|0.64|0.0|0|1.1888138158951198|2.3776276317902396|3.566441447685359|4.755255263580479
512.4|1.0|0.64|0.0|0|0.9279162101267147|1.8558324202534293|2.783748630380144|3.7116648405068586
512.6|1.0|0.64|0.0|0|1.489891095091008|2.979782190182016|4.469673285273024|5.959564380364032
512.8|1.0|0.64|0.0|0|1.4082705033093237|2.8165410066186474|4.224811509927972|5.633082013237295
513.0|1.0|0.64|0.0|0|1.1938587982783804|2.3877175965567607|3.581576394835141|4.7754351931135215
513.2|1.0|0.64|0.0|0|1.07277924481372|2.14555848962744|3.2183377344411594|4.29111697925488
513.4|1.0|0.64|0.0|0|1.0392661543446602|2.0785323086893204|3.1177984630339806|4.157064617378641
513.6|1.0|0.64|0.0|0|1.563764036391514|3.127528072783028|4.691292109174541|6.255056145566056
513.8|1.0|0.64|0.0|0|1.487188426581562|2.974376853163124|4.461565279744686|5.948753706326248
514.0|1.0|0.64|0.0|0|1.562322612809368|3.124645225618736|4.686967838428104|6.249290451237472
514.2|1.0|0.64|0.0|0|1.685023765805528|3.370047531611056|5.055071297416585|6.740095063222112
514.4|1.0|0.64|0.0|0|1.4057480136974494|2.811496027394899|4.217244041092348|5.622992054789798
514.6|1.0|0.64|0.0|0|0.938006172031165|1.87601234406233|2.814018516093495|3.75202468812466
514.8|1.0|0.64|0.0|0|1.8506072609289566|3.701214521857913|5.551821782786869|7.402429043715826
515.0|1.0|0.64|0.0|0|1.2644885366380925|2.528977073276185|3.793465609914277|5.05795414655237
515.2|1.0|0.64|0.0|0|1.652231386235218|3.304462772470436|4.9566941587056546|6.608925544940872
515.4|1.0|0.64|0.0|0|1.5522326494444874|3.1044652988889747|4.656697948333462|6.208930597777949
515.6|1.0|0.64|0.0|0|1.0796260060090581|2.1592520120181162|3.2388780180271746|4.3185040240362325
515.8|1.0|0.64|0.0|0|0.7700803644646664|1.5401607289293329|2.310241093393999|3.0803214578586657
516.0|1.0|0.64|0.0|0|0.9794470909651145|1.958894181930229|2.9383412728953435|3.917788363860458
516.2|1.0|0.64|0.0|0|1.4745759723987444|2.9491519447974888|4.423727917196233|5.8983038895949775
516.4|1.0|0.64|0.0|0|1.8396164088964013|3.6792328177928026|5.518849226689204|7.358465635585605
516.6|1.0|0.64|0.0|0|2.086820492298577|4.173640984597154|6.260461476895731|8.347281969194308
516.8|1.0|0.64|0.0|0|1.651510675462197|3.303021350924394|4.954532026386591|6.606042701848788
517.0|1.0|0.64|0.0|0|1.3342173859482875|2.668434771896575|4.002652157844863|5.33686954379315
517.2|1.0|0.64|0.0|0|1.3770997271785759|2.7541994543571517|4.131299181535727|5.5083989087143035
517.4|1.0|0.64|0.0|0|1.949705107604388|3.899410215208776|5.849115322813164|7.798820430417552
517.6|1.0|0.64|0.0|0|1.6758346929127599|3.3516693858255198|5.027504078738279|6.7033387716510395
517.8|1.0|0.64|0.0|0|1.3864689782849757|2.7729379565699515|4.159406934854927|5.545875913139903
518.0|1.0|0.64|0.0|0|1.5151160010445177|3.0302320020890354|4.545348003133554|6.060464004178071
518.2|1.0|0.64|0.0|0|1.3502532188128693|2.7005064376257386|4.050759656438608|5.401012875251477
518.4|1.0|0.64|0.0|0|1.6010608619416613|3.2021217238833226|4.803182585824984|6.404243447766645
518.6|1.0|0.64|0.0|0|1.6992578204959878|3.3985156409919757|5.0977734614879635|6.797031281983951
518.8|1.0|0.64|0.0|0|1.4695309917308637|2.9390619834617273|4.408592975192591|5.878123966923455
519.0|1.0|0.64|0.0|0|2.1542070296854963|4.3084140593709925|6.462621089056489|8.616828118741985
519.2|1.0|0.64|0.0|0|1.3131365714332799|2.6262731428665598|3.9394097142998397|5.2525462857331195
519.4|1.0|0.64|0.0|0|1.1255713717796616|2.251142743559323|3.3767141153389852|4.502285487118646
519.6|1.0|0.64|0.0|0|0.9718796183925597|1.9437592367851193|2.915638855177679|3.8875184735702386
519.8|1.0|0.64|0.0|0|1.072599067344564|2.145198134689128|3.217797202033692|4.290396269378256
520.0|1.0|0.64|0.0|0|1.1693546020425867|2.3387092040851734|3.50806380612776|4.677418408170347
520.2|1.0|0.64|0.0|0|1.3720547454972996|2.744109490994599|4.116164236491899|5.488218981989198
520.4|1.0|0.64|0.0|0|1.7203386355668788|3.4406772711337577|5.161015906700636|6.881354542267515
520.6|1.0|0.64|0.0|0|1.1821472333249414|2.364294466649883|3.546441699974824|4.728588933299766
520.8|1.0|0.64|0.0|0|0.9333215468615534|1.8666430937231069|2.7999646405846605|3.7332861874462138
521.0|1.0|0.64|0.0|0|0.7524229306564673|1.5048458613129345|2.257268791969402|3.009691722625869
521.2|1.0|0.64|0.0|0|1.2736776088882482|2.5473552177764964|3.8210328266647444|5.094710435552993
521.4|1.0|0.64|0.0|0|1.1702554918022372|2.3405109836044744|3.510766475406711|4.681021967208949
521.6|1.0|0.64|0.0|0|1.4461078640801146|2.892215728160229|4.338323592240344|5.784431456320458
521.8|1.0|0.64|0.0|0|1.147012542069425|2.29402508413885|3.4410376262082747|4.5880501682777
522.0|1.0|0.64|0.0|0|1.062689283232904|2.125378566465808|3.188067849698712|4.250757132931616
522.2|1.0|0.64|0.0|0|1.5091701313620447|3.0183402627240894|4.527510394086134|6.036680525448179
522.4|1.0|0.64|0.0|0|1.2502544809819676|2.500508961963935|3.7507634429459027|5.00101792392787
522.6|1.0|0.64|0.0|0|1.1088148264418134|2.217629652883627|3.3264444793254397|4.435259305767254
522.8|1.0|0.64|0.0|0|1.6444837371952614|3.288967474390523|4.933451211585784|6.577934948781046
523.0|1.0|0.64|0.0|0|1.1913363069546186|2.382672613909237|3.574008920863856|4.765345227818474
523.2|1.0|0.64|0.0|0|1.0338608177157593|2.0677216354315187|3.101582453147278|4.135443270863037
523.4|1.0|0.64|0.0|0|1.2174621029937418|2.4349242059874836|3.6523863089812254|4.869848411974967
523.6|1.0|0.64|0.0|0|1.543584110636149|3.087168221272298|4.630752331908447|6.174336442544596
523.8|1.0|0.64|0.0|0|1.686465188908625|3.37293037781725|5.059395566725875|6.7458607556345
524.0|1.0|0.64|0.0|0|1.4075497916713369|2.8150995833426737|4.222649375014011|5.6301991666853475
524.2|1.0|0.64|0.0|0|1.1434089843963748|2.2868179687927497|3.4302269531891247|4.573635937585499
524.4|1.0|0.64|0.0|0|1.7302484202320936|3.460496840464187|5.19074526069628|6.920993680928374
524.6|1.0|0.64|0.0|0|1.1165624760120418|2.2331249520240837|3.3496874280361255|4.466249904048167
524.8|1.0|0.64|0.0|0|1.4639454776165088|2.9278909552330177|4.3918364328495265|5.855781910466035
525.0|1.0|0.64|0.0|0|1.4990801694529376|2.9981603389058753|4.497240508358813|5.996320677811751
525.2|1.0|0.64|0.0|0|1.4839452245784936|2.9678904491569873|4.451835673735481|5.935780898313975
525.4|1.0|0.64|0.0|0|1.26520924823708|2.53041849647416|3.7956277447112403|5.06083699294832
525.6|1.0|0.64|0.0|0|1.9239396674302425|3.847879334860485|5.771819002290727|7.69575866972097
525.8|1.0|0.64|0.0|0|1.1787238539318798|2.3574477078637597|3.5361715617956393|4.714895415727519
526.0|1.0|0.64|0.0|0|1.3459289490373352|2.6918578980746704|4.037786847112005|5.383715796149341
526.2|1.0|0.64|0.0|0|1.3318750725913573|2.6637501451827146|3.9956252177740716|5.327500290365429
526.4|1.0|0.64|0.0|0|1.1165624768048301|2.2331249536096602|3.3496874304144906|4.4662499072193205
526.6|1.0|0.64|0.0|0|1.657997080009665|3.31599416001933|4.973991240028995|6.63198832003866
526.8|1.0|0.64|0.0|0|1.9237594897323305|3.847518979464661|5.771278469196991|7.695037958929322
527.0|1.0|0.64|0.0|0|1.5866466288862298|3.1732932577724595|4.75993988665869|6.346586515544919
527.2|1.0|0.64|0.0|0|1.299623226489058|2.599246452978116|3.898869679467174|5.198492905956232
527.4|1.0|0.64|0.0|0|1.5731332870759085|3.146266574151817|4.719399861227725|6.292533148303634
527.6|1.0|0.64|0.0|0|1.5552956746041322|3.1105913492082644|4.665887023812397|6.221182698416529
527.8|1.0|0.64|0.0|0|1.7776352091575989|3.5552704183151977|5.332905627472797|7.1105408366303955
528.0|1.0|0.64|0.0|0|1.8354723167361242|3.6709446334722484|5.506416950208373|7.341889266944497
528.2|1.0|0.64|0.0|0|1.8127699003333708|3.6255398006667416|5.4383097010001125|7.251079601333483
528.4|1.0|0.64|0.0|0|1.3992616086907232|2.7985232173814465|4.197784826072169|5.597046434762893
528.6|1.0|0.64|0.0|0|1.2594435543078009|2.5188871086156017|3.778330662923403|5.0377742172312034
528.8|1.0|0.64|0.0|0|0.8749439068359797|1.7498878136719593|2.624831720507939|3.4997756273439187
529.0|1.0|0.64|0.0|0|1.1821472333825669|2.3642944667651338|3.546441700147701|4.7285889335302675
529.2|1.0|0.64|0.0|0|1.6515106757031768|3.3030213514063536|4.95453202710953|6.606042702812707
529.4|1.0|0.64|0.0|0|1.3327759625116609|2.6655519250233217|3.998327887534982|5.3311038500466434
529.6|1.0|0.64|0.0|0|1.8623188244033388|3.7246376488066777|5.586956473210017|7.449275297613355
529.8|1.0|0.64|0.0|0|1.1745797616179345|2.349159523235869|3.523739284853803|4.698319046471738
530.0|1.0|0.64|0.0|0|1.8446613893768533|3.6893227787537066|5.53398416813056|7.378645557507413
530.2|1.0|0.64|0.0|0|1.0668333739088858|2.1336667478177715|3.200500121726657|4.267333495635543
530.4|1.0|0.64|0.0|0|1.3713340334512771|2.7426680669025543|4.114002100353831|5.4853361338051085
530.6|1.0|0.64|0.0|0|1.9390746119653357|3.8781492239306714|5.817223835896007|7.756298447861343
530.8|1.0|0.64|0.0|0|1.5185393813200077|3.0370787626400153|4.5556181439600225|6.074157525280031
531.0|1.0|0.64|0.0|0|2.0363706799439405|4.072741359887881|6.109112039831822|8.145482719775762
531.2|1.0|0.64|0.0|0|1.6536728105437957|3.3073456210875913|4.961018431631387|6.614691242175183
531.4|1.0|0.64|0.0|0|1.5034044376050602|3.0068088752101203|4.51021331281518|6.013617750420241
531.6|1.0|0.64|0.0|0|1.7916890859341963|3.5833781718683926|5.375067257802589|7.166756343736785
531.8|1.0|0.64|0.0|0|2.0070016824622887|4.014003364924577|6.021005047386867|8.028006729849155
532.0|1.0|0.64|0.0|0|1.9430385259096528|3.8860770518193055|5.829115577728959|7.772154103638611
532.2|1.0|0.64|0.0|0|1.2762000996875589|2.5524001993751178|3.828600299062676|5.1048003987502355
532.4|1.0|0.64|0.0|0|1.7093477830756472|3.4186955661512943|5.1280433492269415|6.837391132302589
532.6|1.0|0.64|0.0|0|1.725383616954206|3.450767233908412|5.176150850862618|6.901534467816824
532.8|1.0|0.64|0.0|0|1.5992590832506552|3.1985181665013105|4.797777249751966|6.397036333002621
533.0|1.0|0.64|0.0|0|1.9931279840937368|3.9862559681874736|5.979383952281211|7.972511936374947
533.2|1.0|0.64|0.0|0|1.008996266699397|2.017992533398794|3.026988800098191|4.035985066797588
533.4|1.0|0.64|0.0|0|1.6152949173829998|3.2305898347659996|4.845884752149|6.461179669531999
533.6|1.0|0.64|0.0|0|1.3190824416285625|2.638164883257125|3.9572473248856874|5.27632976651425
533.8|1.0|0.64|0.0|0|1.491512695552084|2.983025391104168|4.474538086656252|5.966050782208336
534.0|1.0|0.64|0.0|0|1.7606984861654944|3.521396972330989|5.282095458496483|7.042793944661978
534.2|1.0|0.64|0.0|0|1.8994354729703644|3.798870945940729|5.698306418911093|7.597741891881458
534.4|1.0|0.64|0.0|0|0.7682785856607377|1.5365571713214754|2.304835756982213|3.073114342642951
534.6|1.0|0.64|0.0|0|1.4897109179600387|2.9794218359200775|4.469132753880117|5.958843671840155
534.8|1.0|0.64|0.0|0|1.1558412596280696|2.311682519256139|3.467523778884209|4.623365038512278
535.0|1.0|0.64|0.0|0|1.5688090166496127|3.1376180332992254|4.706427049948838|6.275236066598451
535.2|1.0|0.64|0.0|0|1.884841063073256|3.769682126146512|5.654523189219767|7.539364252293024
535.4|1.0|0.64|0.0|0|1.3098933682078506|2.6197867364157013|3.9296801046235523|5.2395734728314025
535.6|1.0|0.64|0.0|0|1.3747574129886937|2.7495148259773874|4.124272238966081|5.499029651954775
535.8|1.0|0.64|0.0|0|1.2493535919353609|2.4987071838707218|3.748060775806083|4.9974143677414435
536.0|1.0|0.64|0.0|0|1.7235818379948629|3.4471636759897257|5.170745513984589|6.8943273519794515
536.2|1.0|0.64|0.0|0|1.6017815740546226|3.2035631481092453|4.805344722163868|6.4071262962184905
536.4|1.0|0.64|0.0|0|1.4529546243138625|2.905909248627725|4.358863872941587|5.81181849725545
536.6|1.0|0.64|0.0|0|1.3165599515207589|2.6331199030415178|3.9496798545622767|5.2662398060830355
536.8|1.0|0.64|0.0|0|1.3250283127318847|2.6500566254637694|3.975084938195654|5.300113250927539
537.0|1.0|0.64|0.0|0|1.2207053044432552|2.4414106088865104|3.6621159133297656|4.882821217773021
537.2|1.0|0.64|0.0|0|1.0154826725204484|2.030965345040897|3.046448017561345|4.061930690081794
537.4|1.0|0.64|0.0|0|1.3653881633223512|2.7307763266447025|4.0961644899670535|5.461552653289405
537.6|1.0|0.64|0.0|0|1.5621424352587214|3.124284870517443|4.6864273057761645|6.248569741034886
537.8|1.0|0.64|0.0|0|1.421783847571934|2.843567695143868|4.265351542715802|5.687135390287736
538.0|1.0|0.64|0.0|0|1.3493523293908232|2.6987046587816463|4.04805698817247|5.397409317563293
538.2|1.0|0.64|0.0|0|1.2628669348574488|2.5257338697148977|3.7886008045723463|5.051467739429795
538.4|1.0|0.64|0.0|0|1.2745784985163493|2.5491569970326986|3.823735495549048|5.098313994065397
538.6|1.0|0.64|0.0|0|1.2225070840725687|2.4450141681451374|3.6675212522177056|4.890028336290275
538.8|1.0|0.64|0.0|0|1.4513330232689636|2.9026660465379273|4.353999069806891|5.8053320930758545
539.0|1.0|0.64|0.0|0|1.7253836160735243|3.4507672321470486|5.176150848220573|6.901534464294097
539.2|1.0|0.64|0.0|0|1.648808006662877|3.297616013325754|4.946424019988631|6.595232026651508
539.4|1.0|0.64|0.0|0|1.3309741828078416|2.6619483656156833|3.992922548423525|5.3238967312313665
539.6|1.0|0.64|0.0|0|1.312415858965252|2.624831717930504|3.9372475768957553|5.249663435861008
539.8|1.0|0.64|0.0|0|2.098712236663561|4.197424473327122|6.296136709990684|8.394848946654244
540.0|1.0|0.64|0.0|0|1.7019604890979843|3.4039209781959685|5.105881467293952|6.807841956391937
540.2|1.0|0.64|0.0|0|1.2012460919108718|2.4024921838217437|3.6037382757326153|4.804984367643487
540.4|1.0|0.64|0.0|0|1.8533099289907857|3.7066198579815715|5.559929786972357|7.413239715963143
540.6|1.0|0.64|0.0|0|1.456197826676654|2.912395653353308|4.368593480029962|5.824791306706616
540.8|1.0|0.64|0.0|0|1.4864677151467198|2.9729354302934397|4.4594031454401595|5.945870860586879
541.0|1.0|0.64|0.0|0|1.1048509123310224|2.209701824662045|3.314552736993067|4.41940364932409
541.2|1.0|0.64|0.0|0|1.3470100163831387|2.6940200327662773|4.041030049149416|5.388040065532555
541.4|1.0|0.64|0.0|0|1.4981792777398382|2.9963585554796763|4.494537833219514|5.992717110959353
541.6|1.0|0.64|0.0|0|1.1853904356021678|2.3707808712043357|3.5561713068065033|4.741561742408671
541.8|1.0|0.64|0.0|0|0.9509789819893203|1.9019579639786406|2.852936945967961|3.803915927957281
542.0|1.0|0.64|0.0|0|1.2974610915529785|2.594922183105957|3.8923832746589357|5.189844366211914
542.2|1.0|0.64|0.0|0|1.2745784982608177|2.5491569965216354|3.823735494782453|5.098313993043271
542.4|1.0|0.64|0.0|0|1.4695309915579868|2.9390619831159737|4.408592974673961|5.878123966231947
542.6|1.0|0.64|0.0|0|1.6497088971122882|3.2994177942245764|4.949126691336865|6.598835588449153
542.8|1.0|0.64|0.0|0|1.6605195710167768|3.3210391420335537|4.9815587130503305|6.642078284067107
543.0|1.0|0.64|0.0|0|1.0533200312562994|2.1066400625125987|3.1599600937688983|4.213280125025197
543.2|1.0|0.64|0.0|0|0.8398092145880226|1.6796184291760452|2.5194276437640677|3.3592368583520904
543.4|1.0|0.64|0.0|0|1.4848461140895974|2.969692228179195|4.454538342268792|5.93938445635839
543.6|1.0|0.64|0.0|0|1.2425068318913701|2.4850136637827402|3.7275204956741104|4.9700273275654805
543.8|1.0|0.64|0.0|0|1.2486328807420808|2.4972657614841616|3.745898642226242|4.994531522968323
544.0|1.0|0.64|0.0|0|1.308271767385305|2.61654353477061|3.9248153021559156|5.23308706954122
544.2|1.0|0.64|0.0|0|1.8145716798218217|3.6291433596436433|5.443715039465465|7.258286719287287
544.4|1.0|0.64|0.0|0|1.4963774997601298|2.9927549995202596|4.48913249928039|5.985509999040519
544.6|1.0|0.64|0.0|0|1.3495325064921064|2.699065012984213|4.04859751947632|5.398130025968426
544.8|1.0|0.64|0.0|0|1.5387193073157701|3.0774386146315402|4.61615792194731|6.1548772292630805
545.0|1.0|0.64|0.0|0|0.7994493636139676|1.5988987272279351|2.398348090841903|3.1977974544558703
545.2|1.0|0.64|0.0|0|1.4459276861842967|2.8918553723685934|4.3377830585528905|5.783710744737187
545.4|1.0|0.64|0.0|0|1.5115124442073298|3.0230248884146596|4.534537332621989|6.046049776829319
545.6|1.0|0.64|0.0|0|1.0003477278415822|2.0006954556831644|3.001043183524746|4.001390911366329
545.8|1.0|0.64|0.0|0|1.435837724063314|2.871675448126628|4.307513172189942|5.743350896253256
546.0|1.0|0.64|0.0|0|1.5992590824927917|3.1985181649855834|4.797777247478375|6.397036329971167
546.2|1.0|0.64|0.0|0|1.6235831008892287|3.2471662017784575|4.8707493026676865|6.494332403556915
546.4|1.0|0.64|0.0|0|1.7262845065689196|3.4525690131378393|5.178853519706759|6.9051380262756785
546.6|1.0|0.64|0.0|0|1.4915126955544125|2.983025391108825|4.474538086663237|5.96605078221765
546.8|1.0|0.64|0.0|0|1.3248481338116118|2.6496962676232236|3.974544401434836|5.299392535246447
547.0|1.0|0.64|0.0|0|1.3325957837793987|2.6651915675587974|3.9977873513381965|5.330383135117595
547.2|1.0|0.64|0.0|0|1.735473580069376|3.470947160138752|5.206420740208127|6.941894320277504
547.4|1.0|0.64|0.0|0|1.3929553819342995|2.785910763868599|4.178866145802898|5.571821527737198
547.6|1.0|0.64|0.0|0|1.6506097860430615|3.301219572086123|4.951829358129184|6.602439144172246
547.8|1.0|0.64|0.0|0|1.3048483868455525|2.609696773691105|3.9145451605366577|5.21939354738221
548.0|1.0|0.64|0.0|0|1.095301483242075|2.19060296648415|3.285904449726225|4.3812059329683
548.2|1.0|0.64|0.0|0|1.5956555254152058|3.1913110508304117|4.786966576245618|6.382622101660823
548.4|1.0|0.64|0.0|0|1.7504283449746452|3.5008566899492903|5.251285034923935|7.001713379898581
548.6|1.0|0.64|0.0|0|2.250962564503427|4.501925129006854|6.752887693510281|9.003850258013708
548.8|1.0|0.64|0.0|0|1.2879116639151482|2.5758233278302964|3.8637349917454444|5.151646655660593
549.0|1.0|0.64|0.0|0|1.585565563232523|3.171131126465046|4.756696689697569|6.342262252930092
549.2|1.0|0.64|0.0|0|1.219984593652772|2.439969187305544|3.659953780958316|4.879938374611088
549.4|1.0|0.64|0.0|0|1.764121866120842|3.528243732241684|5.292365598362526|7.056487464483368
549.6|1.0|0.64|0.0|0|1.0468336276873025|2.093667255374605|3.1405008830619074|4.18733451074921
549.8|1.0|0.64|0.0|0|1.1122382067947192|2.2244764135894384|3.336714620384158|4.448952827178877
550.0|1.0|0.64|0.0|0|1.170255491504796|2.340510983009592|3.510766474514388|4.681021966019184
550.2|1.0|0.64|0.0|0|1.7228611261246276|3.445722252249255|5.168583378373882|6.89144450449851
550.4|1.0|0.64|0.0|0|1.8415983656595942|3.6831967313191885|5.524795096978783|7.366393462638377
550.6|1.0|0.64|0.0|0|0.8271967604837853|1.6543935209675706|2.481590281451356|3.3087870419351413
550.8|1.0|0.64|0.0|0|1.3452082366729168|2.6904164733458336|4.03562471001875|5.380832946691667
551.0|1.0|0.64|0.0|0|1.2307952679420133|2.4615905358840267|3.69238580382604|4.923181071768053
551.2|1.0|0.64|0.0|0|1.3502532183908638|2.7005064367817275|4.050759655172591|5.401012873563455
551.4|1.0|0.64|0.0|0|1.5588992323755533|3.1177984647511066|4.67669769712666|6.235596929502213
551.6|1.0|0.64|0.0|0|1.9749300144409079|3.9498600288818158|5.924790043322724|7.8997200577636315
551.8|1.0|0.64|0.0|0|1.106472513328191|2.212945026656382|3.3194175399845727|4.425890053312764
552.0|1.0|0.64|0.0|0|1.5041251499642398|3.0082502999284797|4.51237544989272|6.016500599856959
552.2|1.0|0.64|0.0|0|1.5277284555527162|3.0554569111054324|4.583185366658149|6.110913822210865
552.4|1.0|0.64|0.0|0|1.448630354756025|2.89726070951205|4.345891064268075|5.7945214190241
552.6|1.0|0.64|0.0|0|1.2309754449815966|2.4619508899631932|3.6929263349447896|4.9239017799263864
552.8|1.0|0.64|0.0|0|0.6084607847995362|1.2169215695990725|1.825382354398609|2.433843139198145
553.0|1.0|0.64|0.0|0|1.0250321008148613|2.0500642016297226|3.075096302444584|4.100128403259445
553.2|1.0|0.64|0.0|0|1.2626867570827027|2.5253735141654055|3.788060271248108|5.050747028330811
553.4|1.0|0.64|0.0|0|1.421783847411863|2.843567694823726|4.265351542235589|5.687135389647452
553.6|1.0|0.64|0.0|0|1.8725889650400511|3.7451779300801022|5.617766895120154|7.4903558601602045
553.8|1.0|0.64|0.0|0|1.4637652993254608|2.9275305986509217|4.3912958979763825|5.855061197301843
554.0|1.0|0.64|0.0|0|1.4915126964350942|2.9830253928701884|4.474538089305283|5.966050785740377
554.2|1.0|0.64|0.0|0|1.1163822981860732|2.2327645963721463|3.3491468945582192|4.465529192744293
554.4|1.0|0.64|0.0|0|1.0789052941132113|2.1578105882264227|3.236715882339634|4.315621176452845
554.6|1.0|0.64|0.0|0|1.163588909037063|2.327177818074126|3.490766727111189|4.654355636148252
554.8|1.0|0.64|0.0|0|1.1248506604047734|2.249701320809547|3.3745519812143203|4.499402641619094
555.0|1.0|0.64|0.0|0|1.311334791388946|2.622669582777892|3.934004374166838|5.245339165555784
555.2|1.0|0.64|0.0|0|1.0425093568488966|2.085018713697793|3.1275280705466892|4.170037427395586
555.4|1.0|0.64|0.0|0|1.1562016159959614|2.3124032319919228|3.468604847987884|4.6248064639838455
555.6|1.0|0.64|0.0|0|1.775833430588829|3.551666861177658|5.327500291766487|7.103333722355316
555.8|1.0|0.64|0.0|0|1.8127699008793585|3.625539801758717|5.438309702638076|7.251079603517434
556.0|1.0|0.64|0.0|0|1.2470112786133551|2.4940225572267103|3.7410338358400654|4.988045114453421
556.2|1.0|0.64|0.0|0|1.6713302450854113|3.3426604901708226|5.013990735256234|6.685320980341645
556.4|1.0|0.64|0.0|0|1.5924123224057272|3.1848246448114543|4.777236967217181|6.369649289622909
556.6|1.0|0.64|0.0|0|1.1652105102589132|2.3304210205178264|3.4956315307767394|4.660842041035653
556.8|1.0|0.64|0.0|0|0.9684562385198668|1.9369124770397337|2.9053687155596006|3.8738249540794674
557.0|1.0|0.64|0.0|0|1.4223243799060596|2.8446487598121193|4.2669731397181785|5.689297519624239
557.2|1.0|0.64|0.0|0|1.2729568978643522|2.5459137957287044|3.8188706935930568|5.091827591457409
557.4|1.0|0.64|0.0|0|1.4479096442274761|2.8958192884549523|4.343728932682429|5.791638576909905
557.6|1.0|0.64|0.0|0|1.170255492257421|2.340510984514842|3.510766476772263|4.681021969029684
557.8|1.0|0.64|0.0|0|1.5452057115244693|3.0904114230489386|4.635617134573408|6.180822846097877
558.0|1.0|0.64|0.0|0|1.0012486174696833|2.0024972349393666|3.00374585240905|4.004994469878733
558.2|1.0|0.64|0.0|0|2.312223052888296|4.624446105776592|6.936669158664888|9.248892211553184
558.4|1.0|0.64|0.0|0|1.4745759725698748|2.9491519451397497|4.423727917709624|5.898303890279499
558.6|1.0|0.64|0.0|0|1.4749363287800237|2.9498726575600474|4.4248089863400715|5.899745315120095
558.8|1.0|0.64|0.0|0|2.0886222734214988|4.1772445468429975|6.265866820264497|8.354489093685995
559.0|1.0|0.64|0.0|0|1.9255612689006392|3.8511225378012783|5.776683806701918|7.702245075602557
559.2|1.0|0.64|0.0|0|1.4864677157596466|2.9729354315192933|4.459403147278939|5.945870863038587
559.4|1.0|0.64|0.0|0|2.1232164303277403|4.246432860655481|6.369649290983221|8.492865721310961
559.6|1.0|0.64|0.0|0|1.2819657931034465|2.563931586206893|3.8458973793103395|5.127863172413786
559.8|1.0|0.64|0.0|0|1.6235831003007493|3.2471662006014985|4.870749300902248|6.494332401202997
560.0|1.0|0.64|0.0|0|1.8313282247254408|3.6626564494508815|5.493984674176322|7.325312898901763
560.2|1.0|0.64|0.0|0|1.9994342100369995|3.998868420073999|5.998302630110999|7.997736840147998
560.4|1.0|0.64|0.0|0|1.7203386357502328|3.4406772715004657|5.1610159072506985|6.881354543000931
560.6|1.0|0.64|0.0|0|1.886823019245059|3.773646038490118|5.6604690577351775|7.547292076980236
560.8|1.0|0.64|0.0|0|1.6875462565250943|3.3750925130501885|5.062638769575282|6.750185026100377
561.0|1.0|0.64|0.0|0|1.602502286069213|3.205004572138426|4.807506858207639|6.410009144276852
561.2|1.0|0.64|0.0|0|1.6082679792254944|3.2165359584509887|4.824803937676483|6.433071916901977
561.4|1.0|0.64|0.0|0|1.701960489507766|3.403920979015532|5.1058814685232985|6.807841958031064
561.6|1.0|0.64|0.0|0|1.2475518123270024|2.495103624654005|3.742655436981007|4.99020724930801
561.8|1.0|0.64|0.0|0|1.6192588304687539|3.2385176609375077|4.857776491406262|6.477035321875015
562.0|1.0|0.64|0.0|0|1.3325957837706677|2.6651915675413353|3.997787351312003|5.330383135082671
562.2|1.0|0.64|0.0|0|2.1599727234989423|4.319945446997885|6.479918170496827|8.63989089399577
562.4|1.0|0.64|0.0|0|1.3965589405468213|2.7931178810936426|4.189676821640464|5.586235762187285
562.6|1.0|0.64|0.0|0|1.4848461142124156|2.9696922284248313|4.454538342637247|5.9393844568496625
562.8|1.0|0.64|0.0|0|1.8464631681557528|3.6929263363115057|5.539389504467258|7.385852672623011
563.0|1.0|0.64|0.0|0|1.802860115821824|3.605720231643648|5.408580347465472|7.211440463287296
563.2|1.0|0.64|0.0|0|1.522683473626386|3.045366947252772|4.568050420879158|6.090733894505544
563.4|1.0|0.64|0.0|0|1.442143950404717|2.884287900809434|4.326431851214151|5.768575801618868
563.6|1.0|0.64|0.0|0|1.4709724144678342|2.9419448289356684|4.412917243403503|5.883889657871337
563.8|1.0|0.64|0.0|0|1.9698850331665034|3.939770066333007|5.90965509949951|7.879540132666014
564.0|1.0|0.64|0.0|0|1.68322198734095|3.3664439746819|5.04966596202285|6.7328879493638
564.2|1.0|0.64|0.0|0|1.4320539879577712|2.8641079759155423|4.296161963873314|5.728215951831085
564.4|1.0|0.64|0.0|0|1.3814239966566686|2.762847993313337|4.144271989970006|5.525695986626674
564.6|1.0|0.64|0.0|0|1.9574527579284058|3.9149055158568116|5.872358273785217|7.829811031713623
564.8|1.0|0.64|0.0|0|1.6688077548990274|3.337615509798055|5.006423264697082|6.67523101959611
565.0|1.0|0.64|0.0|0|1.3704331440868567|2.7408662881737134|4.11129943226057|5.481732576347427
565.2|1.0|0.64|0.0|0|1.1567421493824814|2.313484298764963|3.4702264481474443|4.626968597529926
565.4|1.0|0.64|0.0|0|1.3706133220915229|2.7412266441830457|4.111839966274569|5.4824532883660915
565.6|1.0|0.64|0.0|0|1.6765554047317726|3.353110809463545|5.029666214195317|6.70622161892709
565.8|1.0|0.64|0.0|0|1.3888112909573842|2.7776225819147684|4.166433872872152|5.555245163829537
566.0|1.0|0.64|0.0|0|2.169341973835837|4.338683947671674|6.508025921507511|8.677367895343348
566.2|1.0|0.64|0.0|0|1.8118690108117896|3.6237380216235793|5.435607032435369|7.2474760432471586
566.4|1.0|0.64|0.0|0|2.0354697902721837|4.070939580544367|6.106409370816551|8.141879161088735
566.6|1.0|0.64|0.0|0|1.6361955538165072|3.2723911076330143|4.9085866614495215|6.544782215266029
566.8|1.0|0.64|0.0|0|1.6713302455173122|3.3426604910346245|5.0139907365519365|6.685320982069249
567.0|1.0|0.64|0.0|0|1.7614191980194316|3.522838396038863|5.284257594058295|7.045676792077726
567.2|1.0|0.64|0.0|0|1.6671861535636723|3.3343723071273446|5.001558460691017|6.668744614254689
567.4|1.0|0.64|0.0|0|1.3697124324855408|2.7394248649710815|4.1091372974566225|5.478849729942163
567.6|1.0|0.64|0.0|0|1.3561990896263172|2.7123981792526344|4.068597268878952|5.424796358505269
567.8|1.0|0.64|0.0|0|1.4419637723977226|2.883927544795445|4.325891317193167|5.76785508959089
568.0|1.0|0.64|0.0|0|1.231696157049156|2.463392314098312|3.695088471147468|4.926784628196624
568.2|1.0|0.64|0.0|0|1.1163822980358973|2.2327645960717946|3.349146894107692|4.465529192143589
568.4|1.0|0.64|0.0|0|1.5226834736496688|3.0453669472993377|4.568050420949007|6.090733894598675
568.6|1.0|0.64|0.0|0|1.235119536793792|2.470239073587584|3.7053586103813756|4.940478147175168
568.8|1.0|0.64|0.0|0|1.5749350667581907|3.1498701335163815|4.724805200274572|6.299740267032763
569.0|1.0|0.64|0.0|0|0.9432313310861363|1.8864626621722727|2.829693993258409|3.7729253243445453
569.2|1.0|0.64|0.0|0|1.5722323972685277|3.1444647945370554|4.716697191805583|6.288929589074111
569.4|1.0|0.64|0.0|0|1.5462867798423408|3.0925735596846815|4.638860339527023|6.185147119369363
569.6|1.0|0.64|0.0|0|1.0313383266329774|2.062676653265955|3.0940149798989323|4.12535330653191
569.8|1.0|0.64|0.0|0|1.0190862297272552|2.0381724594545103|3.0572586891817655|4.076344918909021
570.0|1.0|0.64|0.0|0|0.9902577648061569|1.9805155296123138|2.970773294418471|3.9610310592246276
570.2|1.0|0.64|0.0|0|1.6378171548747937|3.2756343097495875|4.913451464624381|6.551268619499175
570.4|1.0|0.64|0.0|0|1.6597988591756454|3.319597718351291|4.979396577526936|6.639195436702582
570.6|1.0|0.64|0.0|0|1.5486290922231287|3.0972581844462574|4.645887276669386|6.194516368892515
570.8|1.0|0.64|0.0|0|1.9725877024105303|3.9451754048210605|5.917763107231591|7.890350809642121
571.0|1.0|0.64|0.0|0|1.3349380973988458|2.6698761947976917|4.004814292196537|5.339752389595383
571.2|1.0|0.64|0.0|0|1.1131390959554128|2.2262781919108257|3.3394172878662385|4.452556383821651
571.4|1.0|0.64|0.0|0|1.4311530980886904|2.862306196177381|4.293459294266071|5.724612392354762
571.6|1.0|0.64|0.0|0|1.753851725083661|3.507703450167322|5.261555175250983|7.015406900334644
571.8|1.0|0.64|0.0|0|1.1812463439023133|2.3624926878046266|3.5437390317069397|4.724985375609253
572.0|1.0|0.64|0.0|0|1.3974598296533818|2.7949196593067636|4.192379488960145|5.589839318613527
572.2|1.0|0.64|0.0|0|1.341965035205359|2.683930070410718|4.025895105616077|5.367860140821436
572.4|1.0|0.64|0.0|0|1.5774575563689008|3.1549151127378017|4.732372669106703|6.309830225475603
572.6|1.0|0.64|0.0|0|1.2032280486839602|2.4064560973679203|3.6096841460518805|4.812912194735841
572.8|1.0|0.64|0.0|0|0.9044930812064567|1.8089861624129133|2.71347924361937|3.6179723248258266
573.0|1.0|0.64|0.0|0|1.000347727764748|2.000695455529496|3.001043183294244|4.001390911058992
573.2|1.0|0.64|0.0|0|1.0381850874406529|2.0763701748813057|3.114555262321958|4.152740349762611
573.4|1.0|0.64|0.0|0|1.5125935108284478|3.0251870216568957|4.5377805324853435|6.050374043313791
573.6|1.0|0.64|0.0|0|1.6010608617303674|3.202121723460735|4.803182585191102|6.40424344692147
573.8|1.0|0.64|0.0|0|1.3089924784022162|2.6179849568044324|3.9269774352066484|5.235969913608865
574.0|1.0|0.64|0.0|0|1.4511528449156335|2.902305689831267|4.3534585347469|5.804611379662534
574.2|1.0|0.64|0.0|0|1.415837976476761|2.831675952953522|4.247513929430283|5.663351905907044
574.4|1.0|0.64|0.0|0|1.7462842540181025|3.492568508036205|5.238852762054307|6.98513701607241
574.6|1.0|0.64|0.0|0|1.659078147897964|3.318156295795928|4.977234443693892|6.636312591591856
574.8|1.0|0.64|0.0|0|1.7271853961504546|3.4543707923009093|5.1815561884513635|6.9087415846018185
575.0|1.0|0.64|0.0|0|1.3980003640864755|2.796000728172951|4.194001092259427|5.592001456345902
575.2|1.0|0.64|0.0|0|1.3529558870609628|2.7059117741219256|4.058867661182888|5.411823548243851
575.4|1.0|0.64|0.0|0|1.4749363294814262|2.9498726589628523|4.424808988444278|5.899745317925705
575.6|1.0|0.64|0.0|0|1.7639416885102417|3.5278833770204834|5.291825065530725|7.055766754040967
575.8|1.0|0.64|0.0|0|2.0886222734098574|4.177244546819715|6.265866820229572|8.35448909363943
576.0|1.0|0.64|0.0|0|1.3628656727576174|2.7257313455152348|4.088597018272853|5.4514626910304695
576.2|1.0|0.64|0.0|0|1.1080941150151202|2.2161882300302405|3.324282345045361|4.432376460060481
576.4|1.0|0.64|0.0|0|1.4610626309399972|2.9221252618799944|4.383187892819992|5.844250523759989
576.6|1.0|0.64|0.0|0|1.3740367022657314|2.7480734045314628|4.122110106797194|5.4961468090629255
576.8|1.0|0.64|0.0|0|1.5100710200390326|3.020142040078065|4.530213060117098|6.04028408015613
577.0|1.0|0.64|0.0|0|1.2482725248631334|2.496545049726267|3.7448175745894003|4.993090099452534
577.2|1.0|0.64|0.0|0|1.5098908422427497|3.0197816844854994|4.529672526728249|6.039563368970999
577.4|1.0|0.64|0.0|0|1.516737602517243|3.033475205034486|4.550212807551729|6.066950410068972
577.6|1.0|0.64|0.0|0|1.5151160016946974|3.030232003389395|4.545348005084092|6.06046400677879
577.8|1.0|0.64|0.0|0|1.2468311011354682|2.4936622022709365|3.7404933034064047|4.987324404541873
578.0|1.0|0.64|0.0|0|1.1803454543330019|2.3606909086660037|3.5410363629990056|4.7213818173320075
578.2|1.0|0.64|0.0|0|2.007001682067059|4.014003364134118|6.021005046201177|8.028006728268236
578.4|1.0|0.64|0.0|0|1.8354723158024733|3.6709446316049466|5.50641694740742|7.341889263209893
578.6|1.0|0.64|0.0|0|2.0170916446595237|4.0341832893190475|6.051274933978571|8.068366578638095
578.8|1.0|0.64|0.0|0|2.101234725792312|4.202469451584624|6.303704177376936|8.404938903169247
579.0|1.0|0.64|0.0|0|1.8354723162238968|3.6709446324477937|5.50641694867169|7.341889264895587
579.2|1.0|0.64|0.0|0|1.685924655013952|3.371849310027904|5.057773965041856|6.743698620055808
579.4|1.0|0.64|0.0|0|1.3115149692393617|2.6230299384787235|3.9345449077180854|5.246059876957447
579.6|1.0|0.64|0.0|0|2.2767280051572034|4.553456010314407|6.830184015471611|9.106912020628814
579.8|1.0|0.64|0.0|0|1.1443098739685966|2.2886197479371932|3.43292962190579|4.5772394958743865
580.0|1.0|0.64|0.0|0|1.2082730302889841|2.4165460605779683|3.6248190908669526|4.833092121155937
580.2|1.0|0.64|0.0|0|1.4965576768340556|2.993115353668111|4.489673030502167|5.986230707336222
580.4|1.0|0.64|0.0|0|1.8421388989262066|3.6842777978524133|5.52641669677862|7.3685555957048265
580.6|1.0|0.64|0.0|0|1.1963812878419422|2.3927625756838844|3.589143863525827|4.785525151367769
580.8|1.0|0.64|0.0|0|1.2880918415414646|2.576183683082929|3.864275524624394|5.152367366165858
581.0|1.0|0.64|0.0|0|1.3839464868581866|2.767892973716373|4.15183946057456|5.535785947432746
581.2|1.0|0.64|0.0|0|1.434396300261143|2.868792600522286|4.303188900783429|5.737585201044572
581.4|1.0|0.64|0.0|0|1.6682672205660507|3.3365344411321014|5.004801661698152|6.673068882264203
581.6|1.0|0.64|0.0|0|1.6268263031408439|3.2536526062816877|4.880478909422531|6.5073052125633755
581.8|1.0|0.64|0.0|0|1.49493607690849|2.98987215381698|4.48480823072547|5.97974430763396
582.0|1.0|0.64|0.0|0|1.2644885368825647|2.5289770737651294|3.793465610647694|5.057954147530259
582.2|1.0|0.64|0.0|0|1.4106128165579879|2.8212256331159757|4.231838449673964|5.6424512662319515
582.4|1.0|0.64|0.0|0|1.330073293458555|2.66014658691711|3.9902198803756654|5.32029317383422
582.6|1.0|0.64|0.0|0|1.787364815851908|3.574729631703816|5.362094447555724|7.149459263407632
582.8|1.0|0.64|0.0|0|2.291322415948382|4.582644831896764|6.873967247845146|9.165289663793528
583.0|1.0|0.64|0.0|0|1.8194364824518579|3.6388729649037157|5.458309447355573|7.277745929807431
583.2|1.0|0.64|0.0|0|1.6866453671356445|3.373290734271289|5.059936101406934|6.746581468542578
583.4|1.0|0.64|0.0|0|1.8084456310037074|3.6168912620074147|5.4253368930111225|7.2337825240148295
583.6|1.0|0.64|0.0|0|1.7075460039614716|3.415092007922943|5.122638011884415|6.830184015845886
583.8|1.0|0.64|0.0|0|1.5891691212099992|3.1783382424199984|4.767507363629997|6.356676484839997
584.0|1.0|0.64|0.0|0|1.5605208342056736|3.121041668411347|4.6815625026170204|6.242083336822694
584.2|1.0|0.64|0.0|0|1.1291749297536453|2.2583498595072906|3.387524789260936|4.516699719014581
584.4|1.0|0.64|0.0|0|1.4426844843052107|2.8853689686104214|4.328053452915633|5.770737937220843
584.6|1.0|0.64|0.0|0|1.4798011325142593|2.9596022650285185|4.439403397542778|5.919204530057037
584.8|1.0|0.64|0.0|0|1.5252059632039177|3.0504119264078353|4.575617889611753|6.100823852815671
585.0|1.0|0.64|0.0|0|1.6648438406834627|3.3296876813669254|4.994531522050388|6.659375362733851
585.2|1.0|0.64|0.0|0|1.6142138489731601|3.2284276979463202|4.842641546919481|6.4568553958926405
585.4|1.0|0.64|0.0|0|1.435837724329905|2.87167544865981|4.307513172989715|5.74335089731962
585.6|1.0|0.64|0.0|0|1.3488117949996388|2.6976235899992775|4.046435384998916|5.395247179998555
585.8|1.0|0.64|0.0|0|1.6176372300426025|3.235274460085205|4.852911690127807|6.47054892017041
586.0|1.0|0.64|0.0|0|1.2071919626527243|2.4143839253054487|3.621575887958173|4.828767850610897
586.2|1.0|0.64|0.0|0|1.3848473770800058|2.7696947541600117|4.154542131240017|5.539389508320023
586.4|1.0|0.64|0.0|0|0.8138635960017571|1.6277271920035141|2.4415907880052714|3.2554543840070282
586.6|1.0|0.64|0.0|0|1.1259317270084295|2.251863454016859|3.3777951810252884|4.503726908033718
586.8|1.0|0.64|0.0|0|1.3722349230077828|2.7444698460155657|4.1167047690233485|5.488939692031131
587.0|1.0|0.64|0.0|0|0.9037723708699931|1.8075447417399861|2.7113171126099793|3.6150894834799723
587.2|1.0|0.64|0.0|0|1.3662890532612812|2.7325781065225625|4.098867159783844|5.465156213045125
587.4|1.0|0.64|0.0|0|1.2140387225651659|2.4280774451303317|3.6421161676954976|4.8561548902606635
587.6|1.0|0.64|0.0|0|0.8028727441350937|1.6057454882701874|2.408618232405281|3.2114909765403747
587.8|1.0|0.64|0.0|0|1.285749528472662|2.571499056945324|3.8572485854179868|5.142998113890648
588.0|1.0|0.64|0.0|0|1.3740367029100902|2.7480734058201803|4.12211010873027|5.496146811640361
588.2|1.0|0.64|0.0|0|0.9776453110191514|1.9552906220383028|2.932935933057454|3.9105812440766057
588.4|1.0|0.64|0.0|0|0.623775906504016|1.247551813008032|1.871327719512048|2.495103626016064
588.6|1.0|0.64|0.0|0|1.2007055574841807|2.4014111149683615|3.602116672452542|4.802822229936723
588.8|1.0|0.64|0.0|0|1.3587215809215571|2.7174431618431143|4.0761647427646714|5.434886323686229
589.0|1.0|0.64|0.0|0|1.6520512088807315|3.304102417761463|4.956153626642195|6.608204835522926
589.2|1.0|0.64|0.0|0|0.9372854609222858|1.8745709218445716|2.8118563827668575|3.7491418436891433
589.4|1.0|0.64|0.0|0|0.9810686909186197|1.9621373818372394|2.943206072755859|3.924274763674479
589.6|1.0|0.64|0.0|0|1.506647640258308|3.013295280516616|4.519942920774924|6.026590561033232
589.8|1.0|0.64|0.0|0|1.5653856367722634|3.130771273544527|4.69615691031679|6.261542547089054
590.0|1.0|0.64|0.0|0|1.8035808271530567|3.6071616543061134|5.410742481459169|7.214323308612227
590.2|1.0|0.64|0.0|0|2.219071076166585|4.43814215233317|6.657213228499756|8.87628430466634
590.4|1.0|0.64|0.0|0|1.8659223823173687|3.7318447646347375|5.597767146952106|7.463689529269475
590.6|1.0|0.64|0.0|0|0.7271980234677909|1.4543960469355819|2.181594070403373|2.9087920938711638
590.8|1.0|0.64|0.0|0|1.6621411725523663|3.3242823451047325|4.986423517657099|6.648564690209465
591.0|1.0|0.64|0.0|0|1.8203373723907879|3.6406747447815757|5.461012117172364|7.281349489563151
591.2|1.0|0.64|0.0|0|1.9379935444984602|3.8759870889969203|5.8139806334953805|7.751974177993841
591.4|1.0|0.64|0.0|0|1.7412392718473|3.4824785436946|5.2237178155418995|6.9649570873892
591.6|1.0|0.64|0.0|0|1.9815965970890848|3.9631931941781695|5.9447897912672545|7.926386388356339
591.8|1.0|0.64|0.0|0|2.4014111158141187|4.802822231628237|7.204233347442357|9.605644463256475
592.0|1.0|0.64|0.0|0|1.8489856590074503|3.6979713180149005|5.546956977022351|7.395942636029801
592.2|1.0|0.64|0.0|0|1.2298943785211316|2.459788757042263|3.6896831355633943|4.919577514084526
592.4|1.0|0.64|0.0|0|1.383045597522288|2.766091195044576|4.149136792566864|5.532182390089152
592.6|1.0|0.64|0.0|0|1.5857457402825836|3.1714914805651673|4.757237220847751|6.3429829611303346
592.8|1.0|0.64|0.0|0|1.024851922399831|2.049703844799662|3.074555767199493|4.099407689599324
593.0|1.0|0.64|0.0|0|1.6428621367353495|3.285724273470699|4.928586410206049|6.571448546941398
593.2|1.0|0.64|0.0|0|1.1383640020416361|2.2767280040832722|3.415092006124908|4.5534560081665445
593.4|1.0|0.64|0.0|0|1.4846659359248602|2.9693318718497204|4.45399780777458|5.938663743699441
593.6|1.0|0.64|0.0|0|1.4378196805593337|2.8756393611186675|4.313459041678001|5.751278722237335
593.8|1.0|0.64|0.0|0|1.5504308706871248|3.1008617413742496|4.651292612061375|6.201723482748499
594.0|1.0|0.64|0.0|0|1.570610796308612|3.141221592617224|4.711832388925836|6.282443185234448
594.2|1.0|0.64|0.0|0|1.6655645529623158|3.3311291059246315|4.996693658886947|6.662258211849263
594.4|1.0|0.64|0.0|0|1.0450318480486758|2.0900636960973515|3.1350955441460275|4.180127392194703
594.6|1.0|0.64|0.0|0|1.9405160349770467|3.8810320699540934|5.82154810493114|7.762064139908187
594.8|1.0|0.64|0.0|0|1.2745784986217052|2.5491569972434105|3.8237354958651157|5.098313994486821
595.0|1.0|0.64|0.0|0|1.3208842205762643|2.6417684411525286|3.9626526617287925|5.283536882305057
595.2|1.0|0.64|0.0|0|1.6118715366907432|3.2237430733814865|4.83561461007223|6.447486146762973
595.4|1.0|0.64|0.0|0|1.2307952681696053|2.4615905363392105|3.692385804508816|4.923181072678421
595.6|1.0|0.64|0.0|0|1.14755307575164|2.29510615150328|3.44265922725492|4.59021230300656
595.8|1.0|0.64|0.0|0|1.1787238527752935|2.357447705550587|3.5361715583258806|4.714895411101174
596.0|1.0|0.64|0.0|0|1.3367398756532942|2.6734797513065884|4.010219626959882|5.346959502613177
596.2|1.0|0.64|0.0|0|1.627727192791646|3.255454385583292|4.883181578374938|6.510908771166584
596.4|1.0|0.64|0.0|0|1.2980016264575545|2.596003252915109|3.8940048793726634|5.192006505830218
596.6|1.0|0.64|0.0|0|1.410792994858349|2.821585989716698|4.232378984575047|5.643171979433396
596.8|1.0|0.64|0.0|0|1.4268288285139727|2.8536576570279455|4.2804864855419185|5.707315314055891
597.0|1.0|0.64|0.0|0|1.7657434669445518|3.5314869338891035|5.297230400833655|7.062973867778207
597.2|1.0|0.64|0.0|0|1.192957908594982|2.385915817189964|3.5788737257849457|4.771831634379928
597.4|1.0|0.64|0.0|0|1.202327158941772|2.404654317883544|3.606981476825316|4.809308635767088
597.6|1.0|0.64|0.0|0|1.0963825507025478|2.1927651014050955|3.2891476521076433|4.385530202810191
597.8|1.0|0.64|0.0|0|1.2089937417587509|2.4179874835175017|3.6269812252762526|4.835974967035003
598.0|1.0|0.64|0.0|0|1.9289846493169915|3.857969298633983|5.786953947950974|7.715938597267966
598.2|1.0|0.64|0.0|0|1.950425819601516|3.900851639203032|5.851277458804549|7.801703278406064
598.4|1.0|0.64|0.0|0|1.294758424840403|2.589516849680806|3.884275274521209|5.179033699361612
598.6|1.0|0.64|0.0|0|1.3830455972778157|2.7660911945556315|4.149136791833447|5.532182389111263
598.8|1.0|0.64|0.0|0|1.1643096204684127|2.3286192409368254|3.492928861405238|4.657238481873651
599.0|1.0|0.64|0.0|0|1.3210643973207346|2.642128794641469|3.963193191962204|5.284257589282938
599.2|1.0|0.64|0.0|0|1.0918781030678666|2.183756206135733|3.2756343092035998|4.367512412271466
599.4|1.0|0.64|0.0|0|0.9978252371388963|1.9956504742777925|2.993475711416689|3.991300948555585
599.6|1.0|0.64|0.0|0|1.3046682090841943|2.6093364181683887|3.914004627252583|5.218672836336777
599.8|1.0|0.64|0.0|0|0.7893594011256944|1.5787188022513887|2.3680782033770833|3.1574376045027774
600.0|1.0|0.64|0.0|0|0.7448554579023046|1.4897109158046091|2.2345663737069135|2.9794218316092183
600.2|1.0|0.64|0.0|0|0.7163873499364133|1.4327746998728266|2.14916204980924|2.865549399745653
600.4|1.0|0.64|0.0|0|0.8212508896796505|1.642501779359301|2.4637526690389517|3.285003558718602
600.6|1.0|0.64|0.0|0|1.685023765735679|3.370047531471358|5.055071297207037|6.740095062942716
600.8|1.0|0.64|0.0|0|1.6025022853532587|3.2050045707065173|4.807506856059776|6.410009141413035
601.0|1.0|0.64|0.0|0|1.3873698680382234|2.7747397360764467|4.16210960411467|5.5494794721528935
601.2|1.0|0.64|0.0|0|1.1408864934009044|2.281772986801809|3.4226594802027135|4.563545973603618
601.4|1.0|0.64|0.0|0|0.8920608070510214|1.7841216141020428|2.6761824211530643|3.5682432282040857
601.6|1.0|0.64|0.0|0|1.0172844506573173|2.0345689013146346|3.051853351971952|4.069137802629269
601.8|1.0|0.64|0.0|0|0.9028714812203551|1.8057429624407102|2.7086144436610655|3.6114859248814204
602.0|1.0|0.64|0.0|0|1.2250295754201954|2.450059150840391|3.675088726260586|4.900118301680782
602.2|1.0|0.64|0.0|0|1.5176384925906328|3.0352769851812655|4.552915477771898|6.070553970362531
602.4|1.0|0.64|0.0|0|1.4947558985039373|2.9895117970078746|4.484267695511812|5.979023594015749
602.6|1.0|0.64|0.0|0|1.491512695383864|2.983025390767728|4.4745380861515915|5.966050781535456
602.8|1.0|0.64|0.0|0|1.2309754458966211|2.4619508917932422|3.692926337689863|4.9239017835864844
603.0|1.0|0.64|0.0|0|1.6925912373868066|3.3851824747736132|5.077773712160419|6.7703649495472265
603.2|1.0|0.64|0.0|0|1.2695335177873506|2.539067035574701|3.8086005533620515|5.078134071149402
603.4|1.0|0.64|0.0|0|1.2796234800777178|2.5592469601554355|3.838870440233153|5.118493920310871
603.6|1.0|0.64|0.0|0|1.2091739198984588|2.4183478397969176|3.6275217596953766|4.836695679593835
603.8|1.0|0.64|0.0|0|1.475657041195083|2.951314082390166|4.426971123585249|5.902628164780332
604.0|1.0|0.64|0.0|0|0.882691556116334|1.765383112232668|2.648074668349002|3.530766224465336
604.2|1.0|0.64|0.0|0|1.5016026590991545|3.003205318198309|4.504807977297464|6.006410636396618
604.4|1.0|0.64|0.0|0|1.2089937418565397|2.4179874837130795|3.626981225569619|4.835974967426159
604.6|1.0|0.64|0.0|0|1.1888138161040853|2.3776276322081706|3.566441448312256|4.755255264416341
604.8|1.0|0.64|0.0|0|1.8414181881526035|3.682836376305207|5.524254564457811|7.365672752610414
605.0|1.0|0.64|0.0|0|1.7217800588975676|3.443560117795135|5.165340176692703|6.88712023559027
605.2|1.0|0.64|0.0|0|1.7412392724514953|3.4824785449029907|5.223717817354486|6.964957089805981
605.4|1.0|0.64|0.0|0|1.481422733856017|2.962845467712034|4.444268201568051|5.925690935424068
605.6|1.0|0.64|0.0|0|1.383045597363963|2.766091194727926|4.149136792091889|5.532182389455852
605.8|1.0|0.64|0.0|0|1.7077261818165441|3.4154523636330882|5.123178545449632|6.8309047272661765
606.0|1.0|0.64|0.0|0|1.8850212404195934|3.770042480839187|5.65506372125878|7.540084961678374
606.2|1.0|0.64|0.0|0|1.479080419802341|2.958160839604682|4.437241259407023|5.916321679209364
606.4|1.0|0.64|0.0|0|1.5513317600620227|3.1026635201240453|4.653995280186067|6.205327040248091
606.6|1.0|0.64|0.0|0|1.817634703663645|3.63526940732729|5.452904110990935|7.27053881465458
606.8|1.0|0.64|0.0|0|2.000154921322248|4.000309842644496|6.000464763966743|8.000619685288992
607.0|1.0|0.64|0.0|0|0.989356875628001|1.978713751256002|2.968070626884003|3.957427502512004
607.2|1.0|0.64|0.0|0|1.6680870424810579|3.3361740849621158|5.004261127443174|6.6723481699242315
607.4|1.0|0.64|0.0|0|1.4124145958182648|2.8248291916365296|4.237243787454794|5.649658383273059
607.6|1.0|0.64|0.0|0|1.4671886782674133|2.9343773565348266|4.401566034802239|5.868754713069653
607.8|1.0|0.64|0.0|0|1.8682646948285417|3.7365293896570835|5.604794084485626|7.473058779314167
608.0|1.0|0.64|0.0|0|1.6100697571359357|3.2201395142718714|4.830209271407807|6.440279028543743
608.2|1.0|0.64|0.0|0|1.6284479030437085|3.256895806087417|4.885343709131125|6.513791612174834
608.4|1.0|0.64|0.0|0|1.552052471491044|3.104104942982088|4.656157414473132|6.208209885964176
608.6|1.0|0.64|0.0|0|1.3232265332026885|2.646453066405377|3.969679599608065|5.292906132810754
608.8|1.0|0.64|0.0|0|1.7109693840576816|3.4219387681153632|5.132908152173045|6.8438775362307265
609.0|1.0|0.64|0.0|0|1.1661113997106451|2.3322227994212903|3.498334199131935|4.664445598842581
609.2|1.0|0.64|0.0|0|1.693311948688353|3.386623897376706|5.079935846065059|6.773247794753412
609.4|1.0|0.64|0.0|0|1.5745747096743448|3.1491494193486895|4.723724129023035|6.298298838697379
609.6|1.0|0.64|0.0|0|1.244849144385663|2.489698288771326|3.734547433156989|4.979396577542652
609.8|1.0|0.64|0.0|0|1.8297066233336243|3.6594132466672487|5.489119870000873|7.318826493334497
610.0|1.0|0.64|0.0|0|1.300704294575263|2.601408589150526|3.9021128837257892|5.202817178301052
610.2|1.0|0.64|0.0|0|1.0760224473010758|2.1520448946021515|3.2280673419032273|4.304089789204303
610.4|1.0|0.64|0.0|0|1.2475518138863857|2.4951036277727714|3.742655441659157|4.990207255545543
610.6|1.0|0.64|0.0|0|1.3160194169101318|2.6320388338202636|3.948058250730395|5.264077667640527
610.8|1.0|0.64|0.0|0|1.0962023726897323|2.1924047453794646|3.2886071180691974|4.384809490758929
611.0|1.0|0.64|0.0|0|1.52682756542985|3.0536551308597|4.5804826962895495|6.1073102617194
611.2|1.0|0.64|0.0|0|1.841418187912206|3.682836375824412|5.524254563736617|7.365672751648824
611.4|1.0|0.64|0.0|0|1.0542209206864945|2.108441841372989|3.1626627620594836|4.216883682745978
611.6|1.0|0.64|0.0|0|1.5421426871622694|3.084285374324539|4.626428061486808|6.168570748649078
611.8|1.0|0.64|0.0|0|1.4201622461888486|2.840324492377697|4.260486738566546|5.680648984755394
612.0|1.0|0.64|0.0|0|1.419081178668422|2.838162357336844|4.257243536005266|5.676324714673688
612.2|1.0|0.64|0.0|0|1.4343963001272655|2.868792600254531|4.303188900381796|5.737585200509062
612.4|1.0|0.64|0.0|0|1.5194402713823378|3.0388805427646757|4.558320814147014|6.077761085529351
612.6|1.0|0.64|0.0|0|1.3039474969898595|2.607894993979719|3.9118424909695784|5.215789987959438
612.8|1.0|0.64|0.0|0|1.1888138170522882|2.3776276341045763|3.5664414511568645|4.755255268209153
613.0|1.0|0.64|0.0|0|1.7632209765119493|3.5264419530238986|5.289662929535848|7.052883906047797
613.2|1.0|0.64|0.0|0|1.668087043613779|3.336174087227558|5.0042611308413365|6.672348174455116
613.4|1.0|0.64|0.0|0|1.2974610929982748|2.5949221859965497|3.8923832789948243|5.189844371993099
613.6|1.0|0.64|0.0|0|1.2392636291420798|2.4785272582841595|3.717790887426239|4.957054516568319
613.8|1.0|0.64|0.0|0|1.6623213499307181|3.3246426998614362|4.986964049792155|6.6492853997228725
614.0|1.0|0.64|0.0|0|1.3578206907893775|2.715641381578755|4.073462072368133|5.43128276315751
614.2|1.0|0.64|0.0|0|1.6740329136798406|3.3480658273596813|5.022098741039522|6.696131654719363
614.4|1.0|0.64|0.0|0|1.061067681783462|2.122135363566924|3.183203045350386|4.244270727133848
614.6|1.0|0.64|0.0|0|2.1055589960125527|4.211117992025105|6.316676988037658|8.42223598405021
614.8|1.0|0.64|0.0|0|1.4190811785269775|2.838162357053955|4.257243535580932|5.67632471410791
615.0|1.0|0.64|0.0|0|1.779977522384726|3.559955044769452|5.339932567154179|7.119910089538904
615.2|1.0|0.64|0.0|0|1.0576443022541944|2.1152886045083887|3.172932906762583|4.2305772090167775
615.4|1.0|0.64|0.0|0|1.2106153429183188|2.4212306858366377|3.6318460287549565|4.842461371673275
615.6|1.0|0.64|0.0|0|0.3958508566342065|0.791701713268413|1.1875525699026195|1.583403426536826
615.8|1.0|0.64|0.0|0|1.0507975407416243|2.1015950814832487|3.152392622224873|4.203190162966497
616.0|1.0|0.64|0.0|0|0.9767444214608995|1.953488842921799|2.9302332643826983|3.906977685843598
616.2|1.0|0.64|0.0|0|1.6471864059928354|3.294372811985671|4.941559217978506|6.588745623971342
616.4|1.0|0.64|0.0|0|1.4327746987272998|2.8655493974545996|4.2983240961819|5.731098794909199
616.6|1.0|0.64|0.0|0|1.7749325406027507|3.5498650812055015|5.324797621808252|7.099730162411003
616.8|1.0|0.64|0.0|0|1.0527794972463753|2.1055589944927506|3.158338491739126|4.211117988985501
617.0|1.0|0.64|0.0|0|1.4343962995818595|2.868792599163719|4.303188898745579|5.737585198327438
617.2|1.0|0.64|0.0|0|1.7614191970624977|3.5228383941249954|5.284257591187493|7.045676788249991
617.4|1.0|0.64|0.0|0|0.9392674169520623|1.8785348339041246|2.817802250856187|3.757069667808249
617.6|1.0|0.64|0.0|0|0.4538681413437011|0.9077362826874023|1.3616044240311034|1.8154725653748045
617.8|1.0|0.64|0.0|0|1.4992603461531702|2.9985206923063403|4.497781038459511|5.997041384612681
618.0|1.0|0.64|0.0|0|1.3143978163122676|2.628795632624535|3.9431934489368032|5.25759126524907
618.2|1.0|0.64|0.0|0|1.0475543384731292|2.0951086769462584|3.1426630154193873|4.190217353892517
618.4|1.0|0.64|0.0|0|1.0307977935607786|2.061595587121557|3.0923933806823363|4.123191174243114
618.6|1.0|0.64|0.0|0|1.8086258090508651|3.6172516181017302|5.425877427152596|7.2345032362034605
618.8|1.0|0.64|0.0|0|1.825382353168681|3.650764706337362|5.476147059506043|7.301529412674724
619.0|1.0|0.64|0.0|0|1.5967365927615915|3.193473185523183|4.790209778284774|6.386946371046366
619.2|1.0|0.64|0.0|0|1.7084468934999328|3.4168937869998657|5.125340680499798|6.833787573999731
619.4|1.0|0.64|0.0|0|1.569709906742793|3.139419813485586|4.709129720228379|6.278839626971172
619.6|1.0|0.64|0.0|0|1.8387155186268518|3.6774310372537036|5.516146555880555|7.354862074507407
619.8|1.0|0.64|0.0|0|1.812589722165723|3.625179444331446|5.437769166497169|7.250358888662892
620.0|1.0|0.64|0.0|0|1.5983581943623735|3.196716388724747|4.79507458308712|6.393432777449494
620.2|1.0|0.64|0.0|0|1.0315185054269396|2.063037010853879|3.0945555162808187|4.126074021707758
620.4|1.0|0.64|0.0|0|1.0525993204937558|2.1051986409875116|3.1577979614812675|4.210397281975023
620.6|1.0|0.64|0.0|0|1.193858797250433|2.387717594500866|3.581576391751299|4.775435189001732
620.8|1.0|0.64|0.0|0|1.3216049321333423|2.6432098642666846|3.9648147964000273|5.286419728533369
621.0|1.0|0.64|0.0|0|1.7731307612377|3.5462615224754|5.319392283713101|7.0925230449508
621.2|1.0|0.64|0.0|0|1.4300720300094703|2.8601440600189405|4.2902160900284105|5.720288120037881
621.4|1.0|0.64|0.0|0|1.2300745552597812|2.4601491105195623|3.6902236657793432|4.920298221039125
621.6|1.0|0.64|0.0|0|1.5623226139222983|3.1246452278445966|4.686967841766895|6.249290455689193
621.8|1.0|0.64|0.0|0|1.5974573043035358|3.1949146086070717|4.792371912910607|6.389829217214143
622.0|1.0|0.64|0.0|0|1.774932540185402|3.549865080370804|5.324797620556206|7.099730160741608
622.2|1.0|0.64|0.0|0|1.405928190930282|2.811856381860564|4.217784572790846|5.623712763721128
622.4|1.0|0.64|0.0|0|1.610249935574249|3.220499871148498|4.830749806722747|6.440999742296996
622.6|1.0|0.64|0.0|0|1.1794445652520527|2.3588891305041053|3.538333695756158|4.717778261008211
622.8|1.0|0.64|0.0|0|1.069536042989349|2.139072085978698|3.208608128968047|4.278144171957396
623.0|1.0|0.64|0.0|0|1.7160143662925127|3.4320287325850254|5.148043098877538|6.864057465170051
623.2|1.0|0.64|0.0|0|1.3452082376368355|2.690416475273671|4.035624712910507|5.380832950547342
623.4|1.0|0.64|0.0|0|1.3619647826824814|2.723929565364963|4.085894348047445|5.447859130729926
623.6|1.0|0.64|0.0|0|1.0080953782243895|2.016190756448779|3.0242861346731686|4.032381512897558
623.8|1.0|0.64|0.0|0|1.552052473033547|3.104104946067094|4.656157419100641|6.208209892134188
624.0|1.0|0.64|0.0|0|1.8489856594731116|3.697971318946223|5.546956978419335|7.395942637892446
624.2|1.0|0.64|0.0|0|1.4981792788079487|2.9963585576158973|4.494537836423846|5.992717115231795
624.4|1.0|0.64|0.0|0|1.126472260907759|2.252944521815518|3.3794167827232773|4.505889043631036
624.6|1.0|0.64|0.0|0|1.5682684836967395|3.136536967393479|4.704805451090219|6.273073934786958
624.8|1.0|0.64|0.0|0|1.541962509611623|3.083925019223246|4.625887528834869|6.167850038446492
625.0|1.0|0.64|0.0|0|1.815472568387051|3.630945136774102|5.446417705161153|7.261890273548204
625.2|1.0|0.64|0.0|0|1.6588979697757182|3.3177959395514365|4.976693909327155|6.635591879102873
625.4|1.0|0.64|0.0|0|1.682501274606913|3.365002549213826|5.047503823820739|6.730005098427652
625.6|1.0|0.64|0.0|0|1.7850225030363087|3.5700450060726174|5.355067509108927|7.140090012145235
625.8|1.0|0.64|0.0|0|1.8095266987470693|3.6190533974941386|5.428580096241208|7.238106794988277
626.0|1.0|0.64|0.0|0|1.1324181320442595|2.264836264088519|3.397254396132779|4.529672528177038
626.2|1.0|0.64|0.0|0|1.234939359908459|2.469878719816918|3.704818079725377|4.939757439633836
626.4|1.0|0.64|0.0|0|1.5268275652127354|3.053655130425471|4.5804826956382065|6.107310260850942
626.6|1.0|0.64|0.0|0|1.2064712505490762|2.4129425010981524|3.6194137516472287|4.825885002196305
626.8|1.0|0.64|0.0|0|1.512413332984435|3.02482666596887|4.5372399989533045|6.04965333193774
627.0|1.0|0.64|0.0|0|1.3131365703616769|2.6262731407233537|3.939409711085031|5.252546281446707
627.2|1.0|0.64|0.0|0|1.6488080077752252|3.2976160155504504|4.946424023325676|6.595232031100901
627.4|1.0|0.64|0.0|0|1.6736725573334859|3.3473451146669717|5.021017672000458|6.694690229333943
627.6|1.0|0.64|0.0|0|1.5513317599170855|3.102663519834171|4.653995279751257|6.205327039668342
627.8|1.0|0.64|0.0|0|1.6039437090326114|3.207887418065223|4.811831127097834|6.415774836130446
628.0|1.0|0.64|0.0|0|1.0803467176068817|2.1606934352137634|3.241040152820645|4.321386870427527
628.2|1.0|0.64|0.0|0|1.1316974203340953|2.2633948406681905|3.3950922610022856|4.526789681336381
628.4|1.0|0.64|0.0|0|0.7421527903893737|1.4843055807787473|2.2264583711681207|2.9686111615574946
628.6|1.0|0.64|0.0|0|0.9668346370058143|1.9336692740116286|2.900503911017443|3.867338548023257
628.8|1.0|0.64|0.0|0|1.3167401284555684|2.633480256911137|3.950220385366705|5.266960513822274
629.0|1.0|0.64|0.0|0|1.1140399864199582|2.2280799728399163|3.3421199592598745|4.456159945679833
629.2|1.0|0.64|0.0|0|1.2569210645277065|2.513842129055413|3.7707631935831194|5.027684258110826
629.4|1.0|0.64|0.0|0|1.6891678574233098|3.3783357148466195|5.0675035722699295|6.756671429693239
629.6|1.0|0.64|0.0|0|1.1264722601074038|2.2529445202148075|3.3794167803222113|4.505889040429615
629.8|1.0|0.64|0.0|0|1.501602658539779|3.003205317079558|4.504807975619337|6.006410634159116
630.0|1.0|0.64|0.0|0|1.597457304587589|3.194914609175178|4.792371913762768|6.389829218350356
630.2|1.0|0.64|0.0|0|0.8136834191967508|1.6273668383935016|2.4410502575902524|3.254733676787003
630.4|1.0|0.64|0.0|0|1.747185142820819|3.494370285641638|5.241555428462457|6.988740571283276
630.6|1.0|0.64|0.0|0|1.824481463991107|3.648962927982214|5.473444391973321|7.297925855964428
630.8|1.0|0.64|0.0|0|1.3207040417322435|2.641408083464487|3.9621121251967306|5.282816166928974
631.0|1.0|0.64|0.0|0|1.746464430976195|3.49292886195239|5.239393292928585|6.98585772390478
631.2|1.0|0.64|0.0|0|1.6630420618673103|3.3260841237346206|4.989126185601931|6.652168247469241
631.4|1.0|0.64|0.0|0|1.5134944010275662|3.0269888020551323|4.540483203082699|6.053977604110265
631.6|1.0|0.64|0.0|0|1.8994354730338108|3.7988709460676215|5.698306419101432|7.597741892135243
631.8|1.0|0.64|0.0|0|1.6068265561619788|3.2136531123239576|4.820479668485937|6.427306224647915
632.0|1.0|0.64|0.0|0|1.2961998473294092|2.5923996946588184|3.8885995419882273|5.184799389317637
632.2|1.0|0.64|0.0|0|1.4277297178620951|2.8554594357241903|4.283189153586285|5.7109188714483805
632.4|1.0|0.64|0.0|0|2.07763142084412|4.15526284168824|6.23289426253236|8.31052568337648
632.6|1.0|0.64|0.0|0|1.3603431813244253|2.7206863626488507|4.081029543973276|5.441372725297701
632.8|1.0|0.64|0.0|0|1.504305326791365|3.00861065358273|4.512915980374095|6.01722130716546
633.0|1.0|0.64|0.0|0|0.7017929388844647|1.4035858777689294|2.105378816653394|2.807171755537859
633.2|1.0|0.64|0.0|0|1.1207065680716197|2.2414131361432394|3.362119704214859|4.482826272286479
633.4|1.0|0.64|0.0|0|1.7019604883459412|3.4039209766918823|5.1058814650378235|6.807841953383765
633.6|1.0|0.64|0.0|0|1.2711551194137438|2.5423102388274876|3.8134653582412317|5.084620477654975
633.8|1.0|0.64|0.0|0|1.5695297286607106|3.139059457321421|4.708589185982132|6.278118914642842
634.0|1.0|0.64|0.0|0|1.726284506336089|3.452569012672178|5.178853519008267|6.905138025344356
634.2|1.0|0.64|0.0|0|1.2309754458884719|2.4619508917769437|3.692926337665416|4.923901783553887
634.4|1.0|0.64|0.0|0|0.8356651227630216|1.6713302455260433|2.506995368289065|3.3426604910520865
634.6|1.0|0.64|0.0|0|1.0053927094052788|2.0107854188105576|3.016178128215836|4.021570837621115
634.8|1.0|0.64|0.0|0|1.350253218408326|2.700506436816652|4.050759655224978|5.401012873633304
635.0|1.0|0.64|0.0|0|1.0291761920193685|2.058352384038737|3.0875285760581055|4.116704768077474
635.2|1.0|0.64|0.0|0|1.2493535920290753|2.4987071840581505|3.7480607760872258|4.997414368116301
635.4|1.0|0.64|0.0|0|1.4100722830527241|2.8201445661054483|4.230216849158173|5.640289132210897
635.6|1.0|0.64|0.0|0|1.2862900629697844|2.572580125939569|3.8588701889093535|5.145160251879138
635.8|1.0|0.64|0.0|0|1.4839452249452019|2.9678904498904037|4.451835674835606|5.9357808997808075
636.0|1.0|0.64|0.0|0|1.642862136427431|3.285724272854862|4.928586409282293|6.571448545709724
636.2|1.0|0.64|0.0|0|1.2248493966460239|2.4496987932920478|3.6745481899380716|4.8993975865840955
636.4|1.0|0.64|0.0|0|1.9590743589936772|3.9181487179873544|5.877223076981032|7.836297435974709
636.6|1.0|0.64|0.0|0|1.777455031785068|3.554910063570136|5.332365095355203|7.109820127140272
636.8|1.0|0.64|0.0|0|1.3007042948546599|2.6014085897093198|3.9021128845639796|5.2028171794186395
637.0|1.0|0.64|0.0|0|1.7345726893894622|3.4691453787789244|5.203718068168387|6.938290757557849
637.2|1.0|0.64|0.0|0|1.8252021761966186|3.6504043523932372|5.475606528589856|7.3008087047864745
637.4|1.0|0.64|0.0|0|1.382324885481504|2.764649770963008|4.146974656444512|5.529299541926016
637.6|1.0|0.64|0.0|0|1.811148299691851|3.622296599383702|5.433444899075553|7.244593198767404
637.8|1.0|0.64|0.0|0|1.3727754564682266|2.7455509129364533|4.11832636940468|5.4911018258729065
638.0|1.0|0.64|0.0|0|0.738729409780354|1.477458819560708|2.216188229341062|2.954917639121416
638.2|1.0|0.64|0.0|0|0.8298994301271166|1.6597988602542333|2.48969829038135|3.3195977205084666
638.4|1.0|0.64|0.0|0|1.1888138160383106|2.377627632076621|3.566441448114932|4.755255264153242
638.6|1.0|0.64|0.0|0|0.679270702109207|1.358541404218414|2.037812106327621|2.717082808436828
638.8|1.0|0.64|0.0|0|0.40269761660019904|0.8053952332003981|1.2080928498005972|1.6107904664007962
639.0|1.0|0.64|0.0|0|1.0468336272798489|2.0936672545596977|3.1405008818395466|4.187334509119395
639.2|1.0|0.64|0.0|0|1.4041264114895615|2.808252822979123|4.212379234468685|5.616505645958246
639.4|1.0|0.64|0.0|0|1.2307952682481857|2.4615905364963715|3.692385804744557|4.923181072992743
639.6|1.0|0.64|0.0|0|1.74123927209119|3.48247854418238|5.22371781627357|6.96495708836476
639.8|1.0|0.64|0.0|0|1.1080941139650542|2.2161882279301084|3.324282341895162|4.432376455860217
640.0|1.0|0.64|0.0|0|1.2998034057288907|2.5996068114577815|3.8994102171866722|5.199213622915563
640.2|1.0|0.64|0.0|0|1.7992565575474888|3.5985131150949776|5.397769672642466|7.197026230189955
640.4|1.0|0.64|0.0|0|1.6781770054879612|3.3563540109759225|5.034531016463884|6.712708021951845
640.6|1.0|0.64|0.0|0|1.4151172648096702|2.8302345296193403|4.245351794429011|5.660469059238681
640.8|1.0|0.64|0.0|0|1.341784857888125|2.68356971577625|4.025354573664376|5.3671394315525
641.0|1.0|0.64|0.0|0|1.098004152167706|2.196008304335412|3.2940124565031175|4.392016608670824
641.2|1.0|0.64|0.0|0|1.1785436748154472|2.3570873496308944|3.5356310244463414|4.714174699261789
641.4|1.0|0.64|0.0|0|0.7853954873135087|1.5707909746270174|2.3561864619405264|3.141581949254035
641.6|1.0|0.64|0.0|0|1.6956542623514557|3.3913085247029113|5.086962787054367|6.782617049405823
641.8|1.0|0.64|0.0|0|1.155300724998816|2.310601449997632|3.465902174996448|4.621202899995264
642.0|1.0|0.64|0.0|0|1.0356625973485651|2.0713251946971303|3.106987792045696|4.142650389394261
642.2|1.0|0.64|0.0|0|1.1349406227708105|2.269881245541621|3.404821868312432|4.539762491083242
642.4|1.0|0.64|0.0|0|1.2897134430432937|2.5794268860865874|3.869140329129881|5.158853772173175
642.6|1.0|0.64|0.0|0|0.8381876129755991|1.6763752259511981|2.514562838926797|3.3527504519023963
642.8|1.0|0.64|0.0|0|1.140886493709405|2.28177298741881|3.422659481128215|4.56354597483762
643.0|1.0|0.64|0.0|0|1.2275520657614116|2.4551041315228233|3.6826561972842353|4.9102082630456465
643.2|1.0|0.64|0.0|0|1.9010570740385464|3.802114148077093|5.703171222115639|7.604228296154186
643.4|1.0|0.64|0.0|0|1.9405160355148854|3.8810320710297708|5.821548106544657|7.7620641420595415
643.6|1.0|0.64|0.0|0|1.3048483868507912|2.6096967737015824|3.914545160552374|5.219393547403165
643.8|1.0|0.64|0.0|0|1.7581759952986629|3.5163519905973257|5.274527985895989|7.0327039811946515
644.0|1.0|0.64|0.0|0|1.2461103891814138|2.4922207783628276|3.7383311675442417|4.984441556725655
644.2|1.0|0.64|0.0|0|1.2704344070929812|2.5408688141859623|3.8113032212789437|5.081737628371925
644.4|1.0|0.64|0.0|0|1.3189022626756934|2.637804525351387|3.9567067880270805|5.275609050702774
644.6|1.0|0.64|0.0|0|0.9749426430434696|1.9498852860869391|2.9248279291304087|3.8997705721738782
644.8|1.0|0.64|0.0|0|1.2974610926239996|2.594922185247999|3.892383277871999|5.189844370495998
645.0|1.0|0.64|0.0|0|1.963218451502036|3.926436903004072|5.889655354506108|7.852873806008144
645.2|1.0|0.64|0.0|0|1.3981805411598192|2.7963610823196383|4.1945416234794575|5.592722164639277
645.4|1.0|0.64|0.0|0|1.6261055911710733|3.2522111823421467|4.87831677351322|6.504422364684293
645.6|1.0|0.64|0.0|0|1.6949335503781928|3.3898671007563856|5.084800651134579|6.779734201512771
645.8|1.0|0.64|0.0|0|1.5520524726714953|3.1041049453429905|4.656157418014486|6.208209890685981
646.0|1.0|0.64|0.0|0|1.0399868665635594|2.079973733127119|3.1199605996906783|4.159947466254238
646.2|1.0|0.64|0.0|0|1.205750538877911|2.411501077755822|3.6172516166337334|4.823002155511644
646.4|1.0|0.64|0.0|0|1.4050273015111465|2.810054603022293|4.215081904533439|5.620109206044586
646.6|1.0|0.64|0.0|0|1.0223294323234595|2.044658864646919|3.0669882969703783|4.089317729293838
646.8|1.0|0.64|0.0|0|1.4217838466865955|2.843567693373191|4.265351540059786|5.687135386746382
647.0|1.0|0.64|0.0|0|2.0122268404084043|4.0244536808168085|6.036680521225213|8.048907361633617
647.2|1.0|0.64|0.0|0|1.4158379769325269|2.8316759538650538|4.247513930797581|5.6633519077301075
647.4|1.0|0.64|0.0|0|1.4075497929600547|2.8150995859201093|4.222649378880163|5.630199171840219
647.6|1.0|0.64|0.0|0|1.5596199445036487|3.1192398890072974|4.678859833510946|6.238479778014595
647.8|1.0|0.64|0.0|0|1.6808796734741205|3.361759346948241|5.042639020422362|6.723518693896482
648.0|1.0|0.64|0.0|0|1.45872031751671|2.91744063503342|4.37616095255013|5.83488127006684
648.2|1.0|0.64|0.0|0|1.4241261594172114|2.848252318834423|4.2723784782516345|5.696504637668846
648.4|1.0|0.64|0.0|0|1.2668308486993203|2.5336616973986406|3.800492546097961|5.067323394797281
648.6|1.0|0.64|0.0|0|1.0972834402509044|2.194566880501809|3.291850320752713|4.389133761003618
648.8|1.0|0.64|0.0|0|1.624303811817082|3.248607623634164|4.872911435451247|6.497215247268328
649.0|1.0|0.64|0.0|0|1.6461053389048916|3.2922106778097833|4.938316016714675|6.5844213556195665
649.2|1.0|0.64|0.0|0|1.1803454545524448|2.3606909091048895|3.541036363657334|4.721381818209779
649.4|1.0|0.64|0.0|0|1.3080915889993787|2.6161831779987574|3.924274766998136|5.232366355997515
649.6|1.0|0.64|0.0|0|1.091878103034106|2.183756206068212|3.2756343091023186|4.367512412136424
649.8|1.0|0.64|0.0|0|1.7606984857865624|3.521396971573125|5.282095457359688|7.04279394314625
650.0|1.0|0.64|0.0|0|2.061955943437062|4.123911886874124|6.185867830311187|8.247823773748248
650.2|1.0|0.64|0.0|0|1.439261103072787|2.878522206145574|4.3177833092183615|5.757044412291148
650.4|1.0|0.64|0.0|0|1.0980041521292887|2.1960083042585774|3.2940124563878665|4.392016608517155
650.6|1.0|0.64|0.0|0|1.6208804309432177|3.2417608618864353|4.862641292829653|6.483521723772871
650.8|1.0|0.64|0.0|0|1.1156615867634547|2.2313231735269095|3.346984760290364|4.462646347053819
651.0|1.0|0.64|0.0|0|1.1972821767727158|2.3945643535454315|3.591846530318147|4.789128707090863
651.2|1.0|0.64|0.0|0|1.4965576774667728|2.9931153549335456|4.489673032400319|5.986230709867091
651.4|1.0|0.64|0.0|0|1.123949769983884|2.247899539967768|3.371849309951652|4.495799079935536
651.6|1.0|0.64|0.0|0|1.3940364489390062|2.7880728978780125|4.182109346817018|5.576145795756025
651.8|1.0|0.64|0.0|0|1.4336755890288635|2.867351178057727|4.301026767086591|5.734702356115454
652.0|1.0|0.64|0.0|0|1.3947571611963225|2.789514322392645|4.184271483588968|5.57902864478529
652.2|1.0|0.64|0.0|0|1.812769900425921|3.625539800851842|5.438309701277763|7.251079601703684
652.4|1.0|0.64|0.0|0|1.494215364524281|2.988430729048562|4.482646093572843|5.976861458097124
652.6|1.0|0.64|0.0|0|1.1131390966527406|2.226278193305481|3.339417289958222|4.452556386610962
652.8|1.0|0.64|0.0|0|1.4183604667440535|2.836720933488107|4.255081400232161|5.673441866976214
653.0|1.0|0.64|0.0|0|1.7790766325185556|3.5581532650371113|5.337229897555667|7.1163065300742225
653.2|1.0|0.64|0.0|0|1.9001561842625978|3.8003123685251956|5.700468552787793|7.600624737050391
653.4|1.0|0.64|0.0|0|1.8194364822580262|3.6388729645160525|5.458309446774079|7.277745929032105
653.6|1.0|0.64|0.0|0|1.056022700446193|2.112045400892386|3.168068101338579|4.224090801784772
653.8|1.0|0.64|0.0|0|1.3041276749636757|2.6082553499273513|3.912383024891027|5.216510699854703
654.0|1.0|0.64|0.0|0|1.4511528456845566|2.902305691369113|4.35345853705367|5.804611382738226
654.2|1.0|0.64|0.0|0|1.4889902058796738|2.9779804117593476|4.466970617639022|5.955960823518695
654.4|1.0|0.64|0.0|0|1.6808796731295312|3.3617593462590625|5.042639019388593|6.723518692518125
654.6|1.0|0.64|0.0|0|1.7707884489547012|3.5415768979094024|5.312365346864103|7.083153795818805
654.8|1.0|0.64|0.0|0|1.63205146194494|3.26410292388988|4.89615438583482|6.52820584777976
655.0|1.0|0.64|0.0|0|1.2763802775461237|2.5527605550922474|3.8291408326383714|5.105521110184495
655.2|1.0|0.64|0.0|0|1.6050247751112343|3.2100495502224686|4.815074325333703|6.420099100444937
655.4|1.0|0.64|0.0|0|1.0349418851989332|2.0698837703978663|3.104825655596799|4.139767540795733
655.6|1.0|0.64|0.0|0|0.8540432684146807|1.7080865368293614|2.562129805244042|3.416173073658723
655.8|1.0|0.64|0.0|0|1.0953014828433525|2.190602965686705|3.2859044485300575|4.38120593137341
656.0|1.0|0.64|0.0|0|1.721960236151355|3.44392047230271|5.165880708454065|6.88784094460542
656.2|1.0|0.64|0.0|0|2.3974472016718957|4.7948944033437915|7.192341605015687|9.589788806687583
656.4|1.0|0.64|0.0|0|2.0262807178683597|4.0525614357367195|6.078842153605079|8.105122871473439
656.6|1.0|0.64|0.0|0|1.443585373538082|2.887170747076164|4.330756120614246|5.774341494152328
656.8|1.0|0.64|0.0|0|1.021428542738432|2.042857085476864|3.064285628215296|4.085714170953728
657.0|1.0|0.64|0.0|0|1.1005266431986829|2.2010532863973657|3.301579929596049|4.4021065727947315
657.2|1.0|0.64|0.0|0|1.2729568981716886|2.545913796343377|3.818870694515066|5.091827592686754
657.4|1.0|0.64|0.0|0|1.7270052177348423|3.4540104354696846|5.181015653204526|6.908020870939369
657.6|1.0|0.64|0.0|0|1.6127724258054528|3.2255448516109055|4.838317277416358|6.451089703221811
657.8|1.0|0.64|0.0|0|1.1098958934022822|2.2197917868045645|3.3296876802068467|4.439583573609129
658.0|1.0|0.64|0.0|0|1.3754781247006043|2.7509562494012085|4.126434374101813|5.501912498802417
658.2|1.0|0.64|0.0|0|1.3183617292460996|2.6367234584921992|3.955085187738299|5.2734469169843985
658.4|1.0|0.64|0.0|0|1.1536791248072416|2.307358249614483|3.4610373744217244|4.614716499228966
658.6|1.0|0.64|0.0|0|1.6034031752881142|3.2068063505762283|4.810209525864343|6.413612701152457
658.8|1.0|0.64|0.0|0|1.3628656721173331|2.7257313442346662|4.088597016352|5.4514626884693325
659.0|1.0|0.64|0.0|0|1.1534989475726627|2.3069978951453254|3.460496842717988|4.613995790290651
659.2|1.0|0.64|0.0|0|0.7558463106543065|1.511692621308613|2.26753893196292|3.023385242617226
659.4|1.0|0.64|0.0|0|1.444486263188884|2.888972526377768|4.333458789566652|5.777945052755536
659.6|1.0|0.64|0.0|0|1.1012473544455144|2.2024947088910287|3.303742063336543|4.404989417782057
659.8|1.0|0.64|0.0|0|1.3992616087978254|2.7985232175956507|4.197784826393476|5.597046435191301
660.0|1.0|0.64|0.0|0|0.8129627066454858|1.6259254132909715|2.438888119936457|3.251850826581943
660.2|1.0|0.64|0.0|0|1.2704344067443174|2.540868813488635|3.811303220232952|5.08173762697727
660.4|1.0|0.64|0.0|0|1.333496673856863|2.666993347713726|4.000490021570589|5.333986695427452
660.6|1.0|0.64|0.0|0|1.447909642963206|2.895819285926412|4.343728928889617|5.791638571852824
660.8|1.0|0.64|0.0|0|1.3327759629744116|2.665551925948823|3.998327888923235|5.331103851897646
661.0|1.0|0.64|0.0|0|1.3587215797242256|2.717443159448451|4.076164739172676|5.434886318896902
661.2|1.0|0.64|0.0|0|0.47080486489925577|0.9416097297985115|1.4124145946977673|1.883219459597023
661.4|1.0|0.64|0.0|0|1.1812463434942775|2.362492686988555|3.5437390304828327|4.72498537397711
661.6|1.0|0.64|0.0|0|1.5453858903475353|3.0907717806950705|4.636157671042605|6.181543561390141
661.8|1.0|0.64|0.0|0|1.385568088440342|2.771136176880684|4.156704265321027|5.542272353761368
662.0|1.0|0.64|0.0|0|1.2594435544696183|2.5188871089392366|3.7783306634088545|5.037774217878473
662.2|1.0|0.64|0.0|0|1.5857457402115702|3.1714914804231404|4.75723722063471|6.342982960846281
662.4|1.0|0.64|0.0|0|1.6529520986817092|3.3059041973634185|4.958856296045128|6.611808394726837
662.6|1.0|0.64|0.0|0|0.8711601694097052|1.7423203388194104|2.6134805082291157|3.484640677638821
662.8|1.0|0.64|0.0|0|1.2763802775298256|2.5527605550596513|3.829140832589477|5.1055211101193025
663.0|1.0|0.64|0.0|0|1.317460839470151|2.634921678940302|3.9523825184104533|5.269843357880604
663.2|1.0|0.64|0.0|0|0.9480961354350447|1.8961922708700893|2.844288406305134|3.7923845417401787
663.4|1.0|0.64|0.0|0|0.7801703285228002|1.5603406570456004|2.3405109855684008|3.120681314091201
663.6|1.0|0.64|0.0|0|1.2965602028323349|2.5931204056646697|3.8896806084970046|5.1862408113293395
663.8|1.0|0.64|0.0|0|1.5967365925514618|3.1934731851029237|4.790209777654386|6.386946370205847
664.0|1.0|0.64|0.0|0|1.2536778619425615|2.507355723885123|3.7610335858276844|5.014711447770246
664.2|1.0|0.64|0.0|0|1.1801652772753743|2.3603305545507487|3.540495831826123|4.720661109101497
664.4|1.0|0.64|0.0|0|1.055121811366408|2.110243622732816|3.1653654340992246|4.220487245465632
664.6|1.0|0.64|0.0|0|1.1569223267072821|2.3138446534145642|3.4707669801218466|4.6276893068291285
664.8|1.0|0.64|0.0|0|1.275479387404631|2.550958774809262|3.8264381622138934|5.101917549618524
665.0|1.0|0.64|0.0|0|1.5351157495786916|3.070231499157383|4.6053472487360745|6.140462998314766
665.2|1.0|0.64|0.0|0|1.2030478700576361|2.4060957401152723|3.609143610172908|4.8121914802305445
665.4|1.0|0.64|0.0|0|1.3949373393337021|2.7898746786674042|4.184812018001106|5.5797493573348085
665.6|1.0|0.64|0.0|0|1.306469987750753|2.612939975501506|3.919409963252259|5.225879951003012
665.8|1.0|0.64|0.0|0|1.3543973098596338|2.7087946197192676|4.063191929578901|5.417589239438535
666.0|1.0|0.64|0.0|0|1.543764289247921|3.087528578495842|4.631292867743763|6.175057156991684
666.2|1.0|0.64|0.0|0|1.9574527580733427|3.9149055161466855|5.872358274220028|7.829811032293371
666.4|1.0|0.64|0.0|0|1.3048483861587021|2.6096967723174043|3.9145451584761064|5.2193935446348085
666.6|1.0|0.64|0.0|0|0.9434115097601906|1.8868230195203812|2.8302345292805717|3.7736460390407625
666.8|1.0|0.64|0.0|0|0.7464770595816669|1.4929541191633338|2.2394311787450008|2.9859082383266675
667.0|1.0|0.64|0.0|0|0.914583045147593|1.829166090295186|2.743749135442779|3.658332180590372
667.2|1.0|0.64|0.0|0|1.1268326165142946|2.253665233028589|3.3804978495428832|4.507330466057178
667.4|1.0|0.64|0.0|0|1.3334966733667546|2.666993346733509|4.000490020100264|5.333986693467018
667.6|1.0|0.64|0.0|0|1.2888125535554729|2.5776251071109457|3.866437660666419|5.1552502142218914
667.8|1.0|0.64|0.0|0|1.237461849623943|2.474923699247886|3.7123855488718287|4.949847398495772
668.0|1.0|0.64|0.0|0|1.6446639147080728|3.2893278294161457|4.933991744124219|6.578655658832291
668.2|1.0|0.64|0.0|0|1.4477294647844987|2.8954589295689974|4.343188394353496|5.790917859137995
668.4|1.0|0.64|0.0|0|0.91548393459234|1.83096786918468|2.74645180377702|3.66193573836936
668.6|1.0|0.64|0.0|0|1.1603457064536644|2.320691412907329|3.481037119360993|4.641382825814658
668.8|1.0|0.64|0.0|0|1.052599319827278|2.105198639654556|3.1577979594818344|4.210397279309112
669.0|1.0|0.64|0.0|0|1.3805231064686099|2.7610462129372197|4.141569319405829|5.5220924258744395
669.2|1.0|0.64|0.0|0|1.1307965310104202|2.2615930620208404|3.39238959303126|4.523186124041681
669.4|1.0|0.64|0.0|0|1.0138610695605175|2.027722139121035|3.0415832086815526|4.05544427824207
669.6|1.0|0.64|0.0|0|1.8615981127170396|3.723196225434079|5.584794338151119|7.446392450868158
669.8|1.0|0.64|0.0|0|1.5109719093324396|3.0219438186648793|4.532915727997319|6.0438876373297585
670.0|1.0|0.64|0.0|0|1.7706082708569026|3.5412165417138053|5.311824812570708|7.082433083427611
670.2|1.0|0.64|0.0|0|1.5149358242022586|3.029871648404517|4.5448074726067755|6.059743296809034
670.4|1.0|0.64|0.0|0|1.685744477671689|3.371488955343378|5.057233433015067|6.742977910686756
670.6|1.0|0.64|0.0|0|1.93222785241611|3.86445570483222|5.79668355724833|7.72891140966444
670.8|1.0|0.64|0.0|0|1.839616408575095|3.67923281715019|5.518849225725285|7.35846563430038
671.0|1.0|0.64|0.0|0|1.8884446206054435|3.776889241210887|5.665333861816331|7.553778482421774
671.2|1.0|0.64|0.0|0|1.5832232496642988|3.1664464993285977|4.749669748992896|6.332892998657195
671.4|1.0|0.64|0.0|0|1.3754781249159727|2.7509562498319453|4.126434374747918|5.501912499663891
671.6|1.0|0.64|0.0|0|1.3830455965368322|2.7660911930736645|4.1491367896104965|5.532182386147329
671.8|1.0|0.64|0.0|0|1.9169127295329254|3.8338254590658507|5.750738188598776|7.667650918131701
672.0|1.0|0.64|0.0|0|1.2367411387176264|2.4734822774352527|3.7102234161528793|4.9469645548705055
672.2|1.0|0.64|0.0|0|1.8129500780836696|3.625900156167339|5.438850234251008|7.251800312334678
672.4|1.0|0.64|0.0|0|1.7410590941098067|3.4821181882196135|5.223177282329421|6.964236376439227
672.6|1.0|0.64|0.0|0|1.3720547451294272|2.7441094902588543|4.116164235388282|5.488218980517709
672.8|1.0|0.64|0.0|0|0.8675566119921867|1.7351132239843734|2.60266983597656|3.470226447968747
673.0|1.0|0.64|0.0|0|2.12411731957691|4.24823463915382|6.37235195873073|8.49646927830764
673.2|1.0|0.64|0.0|0|1.7462842529977223|3.4925685059954445|5.238852758993167|6.985137011990889
673.4|1.0|0.64|0.0|0|1.6125922491896214|3.225184498379243|4.837776747568864|6.450368996758486
673.6|1.0|0.64|0.0|0|1.37043314397568|2.74086628795136|4.11129943192704|5.48173257590272
673.8|1.0|0.64|0.0|0|1.501602659080528|3.003205318161056|4.504807977241584|6.006410636322112
674.0|1.0|0.64|0.0|0|1.5158367128641126|3.031673425728225|4.5475101385923375|6.06334685145645
674.2|1.0|0.64|0.0|0|1.033320284601069|2.066640569202138|3.099960853803207|4.133281138404276
674.4|1.0|0.64|0.0|0|0.9953027456859136|1.9906054913718272|2.9859082370577408|3.9812109827436544
674.6|1.0|0.64|0.0|0|1.8127699006581695|3.625539801316339|5.438309701974508|7.251079602632678
674.8|1.0|0.64|0.0|0|1.4848461138631697|2.9696922277263393|4.454538341589509|5.939384455452679
675.0|1.0|0.64|0.0|0|1.4284504286211461|2.8569008572422923|4.285351285863439|5.7138017144845845
675.2|1.0|0.64|0.0|0|1.5073683517513576|3.0147367035027153|4.522105055254073|6.0294734070054306
675.4|1.0|0.64|0.0|0|1.5100710212840944|3.020142042568189|4.530213063852283|6.040284085136378
675.6|1.0|0.64|0.0|0|1.6832219871319845|3.366443974263969|5.049665961395954|6.732887948527938
675.8|1.0|0.64|0.0|0|1.08521152116533|2.17042304233066|3.25563456349599|4.34084608466132
676.0|1.0|0.64|0.0|0|1.233317758383929|2.466635516767858|3.699953275151787|4.933271033535716
676.2|1.0|0.64|0.0|0|0.9994468381017223|1.9988936762034446|2.9983405143051667|3.997787352406889
676.4|1.0|0.64|0.0|0|1.1199858562200107|2.2399717124400214|3.359957568660032|4.479943424880043
676.6|1.0|0.64|0.0|0|1.60826797837217|3.21653595674434|4.824803935116511|6.43307191348868
676.8|1.0|0.64|0.0|0|1.7943917546246682|3.5887835092493363|5.383175263874005|7.177567018498673
677.0|1.0|0.64|0.0|0|1.9920469163323304|3.984093832664661|5.9761407489969915|7.968187665329322
677.2|1.0|0.64|0.0|0|1.637817155416125|3.27563431083225|4.913451466248375|6.5512686216645
677.4|1.0|0.64|0.0|0|1.3016051846172207|2.6032103692344415|3.904815553851662|5.206420738468883
677.6|1.0|0.64|0.0|0|1.082148496460869|2.164296992921738|3.246445489382607|4.328593985843476
677.8|1.0|0.64|0.0|0|1.663222240019824|3.326444480039648|4.989666720059472|6.652888960079296
678.0|1.0|0.64|0.0|0|1.1727779822598687|2.3455559645197375|3.5183339467796064|4.691111929039475
678.2|1.0|0.64|0.0|0|1.0936798827140601|2.1873597654281203|3.2810396481421806|4.3747195308562405
678.4|1.0|0.64|0.0|0|1.5605208334833165|3.121041666966633|4.6815625004499495|6.242083333933266
678.6|1.0|0.64|0.0|0|1.2131378334923657|2.4262756669847314|3.6394135004770973|4.852551333969463
678.8|1.0|0.64|0.0|0|1.2392636297032016|2.478527259406403|3.7177908891096045|4.957054518812806
679.0|1.0|0.64|0.0|0|1.1695347802032494|2.339069560406499|3.508604340609748|4.678139120812998
679.2|1.0|0.64|0.0|0|1.6749338029872176|3.3498676059744352|5.024801408961652|6.6997352119488705
679.4|1.0|0.64|0.0|0|1.5916916113096535|3.183383222619307|4.775074833928961|6.366766445238614
679.6|1.0|0.64|0.0|0|0.6363883593870565|1.272776718774113|1.9091650781611695|2.545553437548226
679.8|1.0|0.64|0.0|0|0.8446740177989712|1.6893480355979424|2.5340220533969138|3.378696071195885
680.0|1.0|0.64|0.0|0|1.2610651553014771|2.5221303106029542|3.783195465904431|5.0442606212059085
680.2|1.0|0.64|0.0|0|1.3073708775546413|2.6147417551092826|3.922112632663924|5.229483510218565
680.4|1.0|0.64|0.0|0|0.9902577649045279|1.9805155298090558|2.9707732947135836|3.9610310596181115
680.6|1.0|0.64|0.0|0|1.249353591609398|2.498707183218796|3.748060774828194|4.997414366437592
680.8|1.0|0.64|0.0|0|1.1399856036191351|2.2799712072382703|3.419956810857405|4.559942414476541
681.0|1.0|0.64|0.0|0|1.150976456279751|2.301952912559502|3.452929368839253|4.603905825119004
681.2|1.0|0.64|0.0|0|1.2172819245763833|2.4345638491527666|3.65184577372915|4.869127698305533
681.4|1.0|0.64|0.0|0|1.2259304646629618|2.4518609293259237|3.6777913939888855|4.903721858651847
681.6|1.0|0.64|0.0|0|2.0388931711460483|4.077786342292097|6.116679513438145|8.155572684584193
681.8|1.0|0.64|0.0|0|1.9388944340567122|3.8777888681134245|5.816683302170136|7.755577736226849
682.0|1.0|0.64|0.0|0|1.343406458126848|2.686812916253696|4.030219374380544|5.373625832507392
682.2|1.0|0.64|0.0|0|1.436017901756569|2.872035803513138|4.308053705269708|5.744071607026276
682.4|1.0|0.64|0.0|0|0.8767456846853028|1.7534913693706056|2.6302370540559084|3.506982738741211
682.6|1.0|0.64|0.0|0|1.5588992337364485|3.117798467472897|4.676697701209346|6.235596934945794
682.8|1.0|0.64|0.0|0|1.0659324849565757|2.1318649699131513|3.1977974548697268|4.263729939826303
683.0|1.0|0.64|0.0|0|0.7942242046003237|1.5884484092006474|2.3826726138009713|3.176896818401295
683.2|1.0|0.64|0.0|0|1.7134918741928429|3.4269837483856858|5.140475622578529|6.8539674967713715
683.4|1.0|0.64|0.0|0|1.0507975413533868|2.1015950827067735|3.1523926240601603|4.203190165413547
683.6|1.0|0.64|0.0|0|1.5470074914186276|3.094014982837255|4.641022474255883|6.18802996567451
683.8|1.0|0.64|0.0|0|1.5446651778899845|3.089330355779969|4.633995533669953|6.178660711559938
684.0|1.0|0.64|0.0|0|1.620880431302941|3.241760862605882|4.862641293908823|6.483521725211764
684.2|1.0|0.64|0.0|0|0.9794470897672009|1.9588941795344017|2.938341269301602|3.9177883590688034
684.4|1.0|0.64|0.0|0|1.4747561510332174|2.949512302066435|4.4242684530996526|5.89902460413287
684.6|1.0|0.64|0.0|0|1.4630445871269344|2.926089174253869|4.389133761380803|5.852178348507738
684.8|1.0|0.64|0.0|0|1.3309741831221629|2.6619483662443257|3.992922549366489|5.3238967324886515
685.0|1.0|0.64|0.0|0|1.3066501655237528|2.6133003310475056|3.9199504965712584|5.226600662095011
685.2|1.0|0.64|0.0|0|1.1551205472426964|2.310241094485393|3.4653616417280895|4.620482188970786
685.4|1.0|0.64|0.0|0|1.844841567475816|3.689683134951632|5.534524702427448|7.379366269903264
685.6|1.0|0.64|0.0|0|1.4805218436039298|2.9610436872078596|4.44156553081179|5.922087374415719
685.8|1.0|0.64|0.0|0|1.29385753532115|2.5877150706423|3.8815726059634508|5.1754301412846
686.0|1.0|0.64|0.0|0|1.5199808056163615|3.039961611232723|4.5599424168490845|6.079923222465446
686.2|1.0|0.64|0.0|0|1.9441195928922406|3.888239185784481|5.8323587786767215|7.776478371568962
686.4|1.0|0.64|0.0|0|1.4974585677374865|2.994917135474973|4.49237570321246|5.989834270949946
686.6|1.0|0.64|0.0|0|1.6767355826229338|3.3534711652458675|5.030206747868801|6.706942330491735
686.8|1.0|0.64|0.0|0|1.385568087869907|2.771136175739814|4.156704263609721|5.542272351479628
687.0|1.0|0.64|0.0|0|1.3621449601533835|2.724289920306767|4.086434880460151|5.448579840613534
687.2|1.0|0.64|0.0|0|1.2273718878114608|2.4547437756229216|3.682115663434382|4.909487551245843
687.4|1.0|0.64|0.0|0|1.2821459710132341|2.5642919420264683|3.8464379130397024|5.1285838840529365
687.6|1.0|0.64|0.0|0|1.7524103023094373|3.5048206046188746|5.257230906928312|7.009641209237749
687.8|1.0|0.64|0.0|0|1.8143915013404346|3.628783002680869|5.443174504021304|7.257566005361738
688.0|1.0|0.64|0.0|0|1.4216036686510791|2.8432073373021582|4.264811005953238|5.6864146746043165
688.2|1.0|0.64|0.0|0|1.3639467393251847|2.7278934786503695|4.0918402179755535|5.455786957300739
688.4|1.0|0.64|0.0|0|1.33854165438912|2.67708330877824|4.01562496316736|5.35416661755648
688.6|1.0|0.64|0.0|0|1.427729718492484|2.855459436984968|4.283189155477452|5.710918873969936
688.8|1.0|0.64|0.0|0|1.8758321667474245|3.751664333494849|5.627496500242274|7.503328666989698
689.0|1.0|0.64|0.0|0|1.3882707565795875|2.776541513159175|4.164812269738762|5.55308302631835
689.2|1.0|0.64|0.0|0|1.3176410176046205|2.635282035209241|3.9529230528138615|5.270564070418482
689.4|1.0|0.64|0.0|0|1.2585426652262697|2.5170853304525393|3.7756279956788092|5.034170660905079
689.6|1.0|0.64|0.0|0|1.069355864606333|2.138711729212666|3.208067593818999|4.277423458425332
689.8|1.0|0.64|0.0|0|1.7017803109128742|3.4035606218257484|5.105340932738622|6.807121243651497
690.0|1.0|0.64|0.0|0|1.6504296081938097|3.3008592163876194|4.951288824581429|6.601718432775239
690.2|1.0|0.64|0.0|0|1.4713327709404997|2.9426655418809995|4.4139983128215|5.885331083761999
690.4|1.0|0.64|0.0|0|1.4504321338760213|2.9008642677520426|4.351296401628064|5.801728535504085
690.6|1.0|0.64|0.0|0|1.4502519556938218|2.9005039113876436|4.350755867081466|5.801007822775287
690.8|1.0|0.64|0.0|0|1.9397953231266019|3.8795906462532037|5.819385969379805|7.759181292506407
691.0|1.0|0.64|0.0|0|1.864120602951154|3.728241205902308|5.592361808853462|7.456482411804616
691.2|1.0|0.64|0.0|0|1.2106153428909612|2.4212306857819224|3.6318460286728835|4.842461371563845
691.4|1.0|0.64|0.0|0|1.8733096755866443|3.7466193511732886|5.619929026759933|7.493238702346577
691.6|1.0|0.64|0.0|0|1.243587899397245|2.48717579879449|3.7307636981917347|4.97435159758898
691.8|1.0|0.64|0.0|0|1.1516971667855989|2.3033943335711977|3.4550915003567964|4.606788667142395
692.0|1.0|0.64|0.0|0|0.9769245994533421|1.9538491989066842|2.9307737983600264|3.9076983978133684
692.2|1.0|0.64|0.0|0|1.4252072274632532|2.8504144549265065|4.27562168238976|5.700828909853013
692.4|1.0|0.64|0.0|0|1.4039462344232028|2.8078924688464055|4.211838703269608|5.615784937692811
692.6|1.0|0.64|0.0|0|1.2255701086903001|2.4511402173806003|3.6767103260709004|4.902280434761201
692.8|1.0|0.64|0.0|0|1.278001878905344|2.556003757810688|3.8340056367160322|5.112007515621376
693.0|1.0|0.64|0.0|0|1.0803467174095578|2.1606934348191156|3.241040152228673|4.321386869638231
693.2|1.0|0.64|0.0|0|1.5252059644984561|3.0504119289969123|4.575617893495368|6.1008238579938245
693.4|1.0|0.64|0.0|0|1.367730475270074|2.735460950540148|4.1031914258102224|5.470921901080296
693.6|1.0|0.64|0.0|0|2.0363706807489526|4.072741361497905|6.109112042246857|8.14548272299581
693.8|1.0|0.64|0.0|0|1.4763777516788117|2.9527555033576234|4.429133255036436|5.905511006715247
694.0|1.0|0.64|0.0|0|1.2954791353567283|2.5909582707134566|3.8864374060701845|5.181916541426913
694.2|1.0|0.64|0.0|0|1.45727889385773|2.91455778771546|4.37183668157319|5.82911557543092
694.4|1.0|0.64|0.0|0|1.6513304974173677|3.3026609948347354|4.9539914922521024|6.605321989669471
694.6|1.0|0.64|0.0|0|1.6262857680511675|3.252571536102335|4.878857304153502|6.50514307220467
694.8|1.0|0.64|0.0|0|1.53349414819386|3.06698829638772|4.60048244458158|6.13397659277544
695.0|1.0|0.64|0.0|0|1.9289846500859147|3.8579693001718294|5.786953950257744|7.715938600343659
695.2|1.0|0.64|0.0|0|1.2670110259694058|2.5340220519388117|3.8010330779082175|5.068044103877623
695.4|1.0|0.64|0.0|0|1.325028312248179|2.650056624496358|3.975084936744537|5.300113248992716
695.6|1.0|0.64|0.0|0|0.8962048987491297|1.7924097974982593|2.688614696247389|3.5848195949965187
695.8|1.0|0.64|0.0|0|2.0014161665504817|4.002832333100963|6.004248499651445|8.005664666201927
696.0|1.0|0.64|0.0|0|1.6311505733168465|3.262301146633693|4.89345171995054|6.524602293267386
696.2|1.0|0.64|0.0|0|1.6043040643446163|3.2086081286892325|4.812912193033848|6.417216257378465
696.4|1.0|0.64|0.0|0|1.1349406231025942|2.2698812462051885|3.4048218693077827|4.539762492410377
696.6|1.0|0.64|0.0|0|1.3334966731379985|2.666993346275997|4.000490019413995|5.333986692551994
696.8|1.0|0.64|0.0|0|1.1754806515638494|2.350961303127699|3.526441954691548|4.701922606255398
697.0|1.0|0.64|0.0|0|1.5286293448560186|3.0572586897120373|4.585888034568056|6.114517379424075
697.2|1.0|0.64|0.0|0|1.1567421484075031|2.3134842968150062|3.4702264452225093|4.6269685936300124
697.4|1.0|0.64|0.0|0|0.9810686912847458|1.9621373825694917|2.943206073854238|3.9242747651389833
697.6|1.0|0.64|0.0|0|1.3066501659969811|2.6133003319939623|3.919950497990943|5.2266006639879246
697.8|1.0|0.64|0.0|0|1.2864702394674543|2.5729404789349086|3.859410718402363|5.145880957869817
698.0|1.0|0.64|0.0|0|1.3250283124961437|2.6500566249922874|3.9750849374884307|5.300113249984575
698.2|1.0|0.64|0.0|0|1.674032913879493|3.348065827758986|5.022098741638478|6.696131655517972
698.4|1.0|0.64|0.0|0|1.725203438000173|3.450406876000346|5.175610314000519|6.900813752000692
698.6|1.0|0.64|0.0|0|1.345208236750915|2.69041647350183|4.035624710252745|5.38083294700366
698.8|1.0|0.64|0.0|0|1.9017777850542932|3.8035555701085864|5.70533335516288|7.607111140217173
699.0|1.0|0.64|0.0|0|1.4091713931004064|2.818342786200813|4.227514179301219|5.636685572401626
699.2|1.0|0.64|0.0|0|1.3770997260231537|2.7541994520463073|4.131299178069461|5.508398904092615
699.4|1.0|0.64|0.0|0|1.0315185054490585|2.063037010898117|3.0945555163471754|4.126074021796234
699.6|1.0|0.64|0.0|0|1.090436679520063|2.180873359040126|3.2713100385601894|4.361746718080252
699.8|1.0|0.64|0.0|0|0.6884597737883457|1.3769195475766913|2.065379321365037|2.7538390951533827
700.0|1.0|0.64|0.0|0|1.1266524387703987|2.2533048775407973|3.3799573163111956|4.506609755081595
700.2|1.0|0.64|0.0|0|1.4563780042174053|2.9127560084348105|4.369134012652216|5.825512016869621
700.4|1.0|0.64|0.0|0|1.0792656497930884|2.1585312995861767|3.2377969493792653|4.3170625991723535
700.6|1.0|0.64|0.0|0|1.4277297184977227|2.8554594369954454|4.283189155493168|5.710918873990891
700.8|1.0|0.64|0.0|0|1.3298931159585494|2.659786231917099|3.989679347875648|5.319572463834198
701.0|1.0|0.64|0.0|0|1.4972783892223391|2.9945567784446783|4.491835167667017|5.9891135568893565
701.2|1.0|0.64|0.0|0|1.4082705035095582|2.8165410070191164|4.224811510528674|5.633082014038233
701.4|1.0|0.64|0.0|0|1.0592659026832563|2.1185318053665125|3.1777977080497686|4.237063610733025
701.6|1.0|0.64|0.0|0|1.3502532192616503|2.7005064385233006|4.050759657784951|5.401012877046601
701.8|1.0|0.64|0.0|0|1.8666430939408036|3.7332861878816073|5.599929281822411|7.4665723757632145
702.0|1.0|0.64|0.0|0|1.839796586190934|3.679593172381868|5.519389758572802|7.359186344763736
702.2|1.0|0.64|0.0|0|1.2677317393774876|2.5354634787549752|3.803195218132463|5.0709269575099505
702.4|1.0|0.64|0.0|0|1.6194390087045045|3.238878017409009|4.858317026113514|6.477756034818018
702.6|1.0|0.64|0.0|0|1.7689866690139768|3.5379733380279537|5.306960007041931|7.075946676055907
702.8|1.0|0.64|0.0|0|1.3048483862838487|2.6096967725676974|3.914545158851546|5.219393545135395
703.0|1.0|0.64|0.0|0|1.404847123163055|2.80969424632611|4.214541369489165|5.61938849265222
703.2|1.0|0.64|0.0|0|1.4041264124185557|2.8082528248371115|4.212379237255667|5.616505649674223
703.4|1.0|0.64|0.0|0|1.4443060856626848|2.8886121713253696|4.332918256988054|5.777224342650739
703.6|1.0|0.64|0.0|0|1.132418131613523|2.264836263227046|3.3972543948405685|4.529672526454092
703.8|1.0|0.64|0.0|0|1.6470062281563893|3.2940124563127786|4.941018684469168|6.588024912625557
704.0|1.0|0.64|0.0|0|2.2651966192910935|4.530393238582187|6.79558985787328|9.060786477164374
704.2|1.0|0.64|0.0|0|1.4765579296211957|2.9531158592423914|4.429673788863587|5.906231718484783
704.4|1.0|0.64|0.0|0|0.9239522956660957|1.8479045913321914|2.771856886998287|3.695809182664383
704.6|1.0|0.64|0.0|0|1.6100697583676098|3.2201395167352196|4.830209275102829|6.440279033470439
704.8|1.0|0.64|0.0|0|1.1147606969747004|2.2295213939494007|3.3442820909241013|4.4590427878988015
705.0|1.0|0.64|0.0|0|1.4520537353324483|2.9041074706648966|4.356161205997346|5.808214941329793
705.2|1.0|0.64|0.0|0|1.292235932458426|2.584471864916852|3.8767077973752784|5.168943729833704
705.4|1.0|0.64|0.0|0|1.4531348022056059|2.9062696044112117|4.359404406616817|5.8125392088224235
705.6|1.0|0.64|0.0|0|1.6363757316692513|3.2727514633385026|4.909127195007755|6.545502926677005
705.8|1.0|0.64|0.0|0|1.4729543715686317|2.9459087431372635|4.418863114705895|5.891817486274527
706.0|1.0|0.64|0.0|0|1.462864410207841|2.925728820415682|4.388593230623523|5.851457640831364
706.2|1.0|0.64|0.0|0|1.0963825515110521|2.1927651030221043|3.2891476545331564|4.3855302060442085
706.4|1.0|0.64|0.0|0|2.0796133776777443|4.159226755355489|6.238840133033233|8.318453510710977
706.6|1.0|0.64|0.0|0|1.969885032903987|3.939770065807974|5.90965509871196|7.879540131615948
706.8|1.0|0.64|0.0|0|1.7385366039321541|3.4770732078643083|5.215609811796462|6.954146415728617
707.0|1.0|0.64|0.0|0|1.3518748200801214|2.7037496401602428|4.055624460240364|5.4074992803204855
707.2|1.0|0.64|0.0|0|1.6388982219266488|3.2777964438532976|4.916694665779946|6.555592887706595
707.4|1.0|0.64|0.0|0|1.2695335178088873|2.5390670356177747|3.808600553426662|5.078134071235549
707.6|1.0|0.64|0.0|0|1.5068278177769403|3.0136556355538806|4.5204834533308205|6.027311271107761
707.8|1.0|0.64|0.0|0|1.3466496602591371|2.6932993205182743|4.039948980777411|5.3865986410365485
708.0|1.0|0.64|0.0|0|1.4041264125861939|2.8082528251723877|4.212379237758581|5.6165056503447754
708.2|1.0|0.64|0.0|0|1.2998034057207417|2.5996068114414834|3.899410217162225|5.199213622882967
708.4|1.0|0.64|0.0|0|1.7338519785786064|3.467703957157213|5.2015559357358185|6.935407914314426
708.6|1.0|0.64|0.0|0|1.5091701302514424|3.018340260502885|4.527510390754327|6.03668052100577
708.8|1.0|0.64|0.0|0|1.6133129601710257|3.2266259203420513|4.839938880513078|6.453251840684103
709.0|1.0|0.64|0.0|0|1.3552981998067128|2.7105963996134257|4.0658945994201385|5.421192799226851
709.2|1.0|0.64|0.0|0|1.3965589402307537|2.7931178804615073|4.18967682069226|5.586235760923015
709.4|1.0|0.64|0.0|0|1.6969155071291622|3.3938310142583243|5.090746521387486|6.787662028516649
709.6|1.0|0.64|0.0|0|1.7430410511302776|3.4860821022605553|5.229123153390833|6.9721642045211105
709.8|1.0|0.64|0.0|0|1.2408852304471667|2.4817704608943334|3.7226556913415|4.963540921788667
710.0|1.0|0.64|0.0|0|1.3369200534460846|2.673840106892169|4.010760160338253|5.347680213784338
710.2|1.0|0.64|0.0|0|1.5444849997275756|3.088969999455151|4.633454999182726|6.177939998910302
710.4|1.0|0.64|0.0|0|1.9471826169954165|3.894365233990833|5.84154785098625|7.788730467981666
710.6|1.0|0.64|0.0|0|2.1161894918855997|4.232378983771199|6.3485684756567995|8.464757967542399
710.8|1.0|0.64|0.0|0|1.4662877898570164|2.9325755797140327|4.398863369571049|5.865151159428065
711.0|1.0|0.64|0.0|0|1.6873660783248503|3.3747321566497006|5.062098234974551|6.749464313299401
711.2|1.0|0.64|0.0|0|1.5772773797251298|3.1545547594502596|4.731832139175389|6.309109518900519
711.4|1.0|0.64|0.0|0|1.607547266117764|3.215094532235528|4.822641798353293|6.430189064471056
711.6|1.0|0.64|0.0|0|2.341592050763431|4.683184101526862|7.024776152290293|9.366368203053725
711.8|1.0|0.64|0.0|0|1.419261356138742|2.838522712277484|4.257784068416226|5.677045424554968
712.0|1.0|0.64|0.0|0|1.219984593265691|2.439969186531382|3.659953779797073|4.879938373062764
712.2|1.0|0.64|0.0|0|1.6616006378061152|3.3232012756122304|4.984801913418345|6.646402551224461
712.4|1.0|0.64|0.0|0|1.8666430945147312|3.7332861890294624|5.599929283544193|7.466572378058925
712.6|1.0|0.64|0.0|0|1.672231134292671|3.344462268585342|5.016693402878013|6.688924537170684
712.8|1.0|0.64|0.0|0|1.6497088963928415|3.299417792785683|4.949126689178525|6.598835585571366
713.0|1.0|0.64|0.0|0|1.683402165471345|3.36680433094269|5.0502064964140345|6.73360866188538
713.2|1.0|0.64|0.0|0|1.3158392392838152|2.6316784785676304|3.947517717851446|5.263356957135261
713.4|1.0|0.64|0.0|0|2.1987109723180787|4.397421944636157|6.596132916954235|8.794843889272315
713.6|1.0|0.64|0.0|0|2.0970906342350664|4.194181268470133|6.291271902705199|8.388362536940265
713.8|1.0|0.64|0.0|0|1.4983594564051614|2.996718912810323|4.495078369215484|5.993437825620646
714.0|1.0|0.64|0.0|0|1.6428621359250988|3.2857242718501976|4.928586407775296|6.571448543700395
714.2|1.0|0.64|0.0|0|1.9574527586920902|3.9149055173841805|5.8723582760762705|7.829811034768361
714.4|1.0|0.64|0.0|0|1.9423178139649115|3.884635627929823|5.826953441894735|7.769271255859646
714.6|1.0|0.64|0.0|0|1.1675528232753287|2.3351056465506574|3.502658469825986|4.670211293101315
714.8|1.0|0.64|0.0|0|1.4572788944980142|2.9145577889960284|4.371836683494043|5.829115577992057
715.0|1.0|0.64|0.0|0|1.8606972235522714|3.721394447104543|5.582091670656815|7.442788894209086
715.2|1.0|0.64|0.0|0|1.7387167814158617|3.4774335628317234|5.216150344247585|6.954867125663447
715.4|1.0|0.64|0.0|0|1.4410628828807979|2.8821257657615957|4.323188648642394|5.7642515315231915
715.6|1.0|0.64|0.0|0|1.4462880414107362|2.8925760828214724|4.338864124232209|5.785152165642945
715.8|1.0|0.64|0.0|0|1.1410666711127861|2.2821333422255723|3.4232000133383584|4.564266684451145
716.0|1.0|0.64|0.0|0|0.981969580935548|1.963939161871096|2.945908742806644|3.927878323742192
716.2|1.0|0.64|0.0|0|1.03656348673103|2.07312697346206|3.10969046019309|4.14625394692412
716.4|1.0|0.64|0.0|0|1.4428646620392114|2.8857293240784228|4.328593986117634|5.7714586481568455
716.6|1.0|0.64|0.0|0|0.9380061723332628|1.8760123446665256|2.814018516999788|3.752024689333051
716.8|1.0|0.64|0.0|0|1.4343962996487984|2.868792599297597|4.303188898946395|5.737585198595194
717.0|1.0|0.64|0.0|0|1.5034044380387073|3.0068088760774145|4.510213314116122|6.013617752154829
717.2|1.0|0.64|0.0|0|1.0347617067361725|2.069523413472345|3.1042851202085178|4.13904682694469
717.4|1.0|0.64|0.0|0|1.5437642880470972|3.0875285760941944|4.631292864141291|6.175057152188389
717.6|1.0|0.64|0.0|0|0.6353072917729156|1.2706145835458311|1.9059218753187468|2.5412291670916622
717.8|1.0|0.64|0.0|0|0.6086409628944244|1.2172819257888488|1.8259228886832732|2.4345638515776975
718.0|1.0|0.64|0.0|0|1.0677342645614418|2.1354685291228837|3.203202793684325|4.270937058245767
718.2|1.0|0.64|0.0|0|1.5969167704531007|3.1938335409062013|4.790750311359302|6.387667081812403
718.4|1.0|0.64|0.0|0|1.57133150827489|3.14266301654978|4.71399452482467|6.28532603309956
718.6|1.0|0.64|0.0|0|1.1947596869652635|2.389519373930527|3.5842790608957906|4.779038747861054
718.8|1.0|0.64|0.0|0|1.2351195377093984|2.470239075418797|3.7053586131281953|4.940478150837594
719.0|1.0|0.64|0.0|0|1.2527769717067725|2.505553943413545|3.7583309151203173|5.01110788682709
719.2|1.0|0.64|0.0|0|1.2653894250956375|2.530778850191275|3.7961682752869126|5.06155770038255
719.4|1.0|0.64|0.0|0|0.9297179893840811|1.8594359787681622|2.7891539681522435|3.7188719575363245
719.6|1.0|0.64|0.0|0|1.66142046044639|3.32284092089278|4.98426138133917|6.64568184178556
719.8|1.0|0.64|0.0|0|1.4682697463792296|2.936539492758459|4.4048092391376885|5.873078985516918
720.0|1.0|0.64|0.0|0|0.9044930811901585|1.808986162380317|2.7134792435704753|3.617972324760634
720.2|1.0|0.64|0.0|0|1.0828692075103763|2.1657384150207526|3.248607622531129|4.331476830041505
720.4|1.0|0.64|0.0|0|1.4073696140054393|2.8147392280108785|4.2221088420163175|5.629478456021757
720.6|1.0|0.64|0.0|0|1.2830468599189784|2.5660937198379568|3.8491405797569347|5.1321874396759135
720.8|1.0|0.64|0.0|0|1.6396189332730151|3.2792378665460302|4.9188567998190456|6.5584757330920604
721.0|1.0|0.64|0.0|0|1.3722349233261788|2.7444698466523576|4.116704769978536|5.488939693304715
721.2|1.0|0.64|0.0|0|1.365388162491146|2.730776324982292|4.0961644874734375|5.461552649964584
721.4|1.0|0.64|0.0|0|1.6816003851429575|3.363200770285915|5.044801155428872|6.72640154057183
721.6|1.0|0.64|0.0|0|1.1747599398042086|2.349519879608417|3.5242798194126257|4.699039759216834
721.8|1.0|0.64|0.0|0|2.1414143988874295|4.282828797774859|6.424243196662288|8.565657595549718
722.0|1.0|0.64|0.0|0|1.37529794850445|2.7505958970089|4.1258938455133505|5.5011917940178
722.2|1.0|0.64|0.0|0|1.2325970473338395|2.465194094667679|3.6977911420015186|4.930388189335358
722.4|1.0|0.64|0.0|0|0.9650328585773249|1.9300657171546498|2.895098575731975|3.8601314343092996
722.6|1.0|0.64|0.0|0|1.933128741025577|3.866257482051154|5.7993862230767315|7.732514964102308
722.8|1.0|0.64|0.0|0|2.024478939012044|4.048957878024088|6.073436817036132|8.097915756048176
723.0|1.0|0.64|0.0|0|1.3082717666152177|2.6165435332304354|3.9248152998456534|5.233087066460871
723.2|1.0|0.64|0.0|0|1.151697166588275|2.30339433317655|3.4550914997648245|4.6067886663531
723.4|1.0|0.64|0.0|0|1.2273718878830562|2.4547437757661124|3.6821156636491685|4.909487551532225
723.6|1.0|0.64|0.0|0|1.8043015387078065|3.608603077415613|5.412904616123419|7.217206154831226
723.8|1.0|0.64|0.0|0|1.498359457085027|2.996718914170054|4.49507837125508|5.993437828340108
724.0|1.0|0.64|0.0|0|1.6470062281290316|3.2940124562580633|4.941018684387095|6.5880249125161265
724.2|1.0|0.64|0.0|0|1.1443098731624206|2.288619746324841|3.4329296194872616|4.577239492649682
724.4|1.0|0.64|0.0|0|1.433495410990437|2.866990821980874|4.300486232971311|5.733981643961748
724.6|1.0|0.64|0.0|0|1.281064904354863|2.562129808709726|3.843194713064589|5.124259617419452
724.8|1.0|0.64|0.0|0|1.2576417750539268|2.5152835501078536|3.772925325161781|5.030567100215707
725.0|1.0|0.64|0.0|0|0.6354874701873637|1.2709749403747275|1.9064624105620913|2.541949880749455
725.2|1.0|0.64|0.0|0|1.2325970475183579|2.4651940950367157|3.6977911425550736|4.930388190073431
725.4|1.0|0.64|0.0|0|0.965032858007472|1.930065716014944|2.8950985740224158|3.860131432029888
725.6|1.0|0.64|0.0|0|1.580520581232269|3.161041162464538|4.741561743696806|6.322082324929076
725.8|1.0|0.64|0.0|0|1.369532254029765|2.73906450805953|4.108596762089295|5.47812901611906
726.0|1.0|0.64|0.0|0|1.1560214374819782|2.3120428749639563|3.468064312445934|4.624085749927913
726.2|1.0|0.64|0.0|0|1.5183592033153412|3.0367184066306825|4.555077609946024|6.073436813261365
726.4|1.0|0.64|0.0|0|1.5452057115506628|3.0904114231013255|4.635617134651988|6.180822846202651
726.6|1.0|0.64|0.0|0|1.4536753368563964|2.9073506737127928|4.361026010569189|5.8147013474255855
726.8|1.0|0.64|0.0|0|1.2571012414729932|2.5142024829459864|3.7713037244189795|5.028404965891973
727.0|1.0|0.64|0.0|0|1.0271942348196181|2.0543884696392363|3.081582704458854|4.1087769392784725
727.2|1.0|0.64|0.0|0|1.3318750725180155|2.663750145036031|3.9956252175540468|5.327500290072062
727.4|1.0|0.64|0.0|0|1.3452082370355505|2.690416474071101|4.035624711106651|5.380832948142202
727.6|1.0|0.64|0.0|0|1.006293598630583|2.012587197261166|3.0188807958917487|4.025174394522332
727.8|1.0|0.64|0.0|0|1.478900241935045|2.95780048387009|4.436700725805134|5.91560096774018
728.0|1.0|0.64|0.0|0|1.3561990896385407|2.7123981792770815|4.068597268915623|5.424796358554163
728.2|1.0|0.64|0.0|0|1.3181815516966173|2.6363631033932347|3.954544655089852|5.272726206786469
728.4|1.0|0.64|0.0|0|0.983591182802339|1.967182365604678|2.950773548407017|3.934364731209356
728.6|1.0|0.64|0.0|0|1.079626005621395|2.15925201124279|3.2388780168641853|4.31850402248558
728.8|1.0|0.64|0.0|0|1.2578219532751256|2.515643906550251|3.773465859825377|5.031287813100502
729.0|1.0|0.64|0.0|0|1.5479083806043505|3.095816761208701|4.643725141813051|6.191633522417402
729.2|1.0|0.64|0.0|0|1.4623238757700905|2.924647751540181|4.386971627310271|5.849295503080362
729.4|1.0|0.64|0.0|0|1.1468323642015468|2.2936647284030935|3.44049709260464|4.587329456806187
729.6|1.0|0.64|0.0|0|1.1365622237481885|2.273124447496377|3.4096866712445655|4.546248894992754
729.8|1.0|0.64|0.0|0|1.138364003217431|2.276728006434862|3.4150920096522928|4.553456012869724
730.0|1.0|0.64|0.0|0|1.3965589405025833|2.7931178810051667|4.18967682150775|5.586235762010333
730.2|1.0|0.64|0.0|0|1.3342173851327983|2.6684347702655966|4.002652155398395|5.336869540531193
730.4|1.0|0.64|0.0|0|1.538539129380371|3.077078258760742|4.615617388141112|6.154156517521484
730.6|1.0|0.64|0.0|0|1.2736776094074604|2.547355218814921|3.8210328282223815|5.094710437629842
730.8|1.0|0.64|0.0|0|1.6864651890471594|3.3729303780943187|5.059395567141478|6.7458607561886375
731.0|1.0|0.64|0.0|0|1.6790778949129177|3.3581557898258354|5.037233684738753|6.716311579651671
731.2|1.0|0.64|0.0|0|1.8623188244790088|3.7246376489580175|5.586956473437026|7.449275297916035
731.4|1.0|0.64|0.0|0|1.2407050525391252|2.4814101050782504|3.7221151576173757|4.962820210156501
731.6|1.0|0.64|0.0|0|1.9415971022815228|3.8831942045630456|5.824791306844569|7.766388409126091
731.8|1.0|0.64|0.0|0|1.9288044707063836|3.8576089414127672|5.786413412119151|7.7152178828255344
732.0|1.0|0.64|0.0|0|1.273677609260777|2.547355218521554|3.8210328277823318|5.094710437043108
732.2|1.0|0.64|0.0|0|1.3653881624178041|2.7307763248356083|4.096164487253413|5.461552649671217
732.4|1.0|0.64|0.0|0|1.6529520987509765|3.305904197501953|4.95885629625293|6.611808395003906
732.6|1.0|0.64|0.0|0|1.7819594787352269|3.5639189574704537|5.34587843620568|7.1278379149409075
732.8|1.0|0.64|0.0|0|1.0626892823638636|2.1253785647277272|3.188067847091591|4.2507571294554545
733.0|1.0|0.64|0.0|0|0.9617896548908911|1.9235793097817822|2.8853689646726735|3.8471586195635643
733.2|1.0|0.64|0.0|0|1.6866453667735928|3.3732907335471856|5.059936100320779|6.746581467094371
733.4|1.0|0.64|0.0|0|1.6234029224811835|3.246805844962367|4.87020876744355|6.493611689924734
733.6|1.0|0.64|0.0|0|1.8673638049257004|3.734727609851401|5.602091414777101|7.469455219702802
733.8|1.0|0.64|0.0|0|1.7556535048678068|3.5113070097356136|5.26696051460342|7.022614019471227
734.0|1.0|0.64|0.0|0|1.3225058212422311|2.6450116424844623|3.9675174637266934|5.290023284968925
734.2|1.0|0.64|0.0|0|1.4300720300880507|2.8601440601761015|4.290216090264152|5.720288120352203
734.4|1.0|0.64|0.0|0|0.6506224138149997|1.3012448276299995|1.9518672414449991|2.602489655259999
734.6|1.0|0.64|0.0|0|0.9365647488826662|1.8731294977653323|2.8096942466479984|3.7462589955306647
734.8|1.0|0.64|0.0|0|1.027194235230564|2.054388470461128|3.0815827056916922|4.108776940922256
735.0|1.0|0.64|0.0|0|0.9531411156797557|1.9062822313595114|2.859423347039267|3.8125644627190227
735.2|1.0|0.64|0.0|0|0.9953027465695058|1.9906054931390116|2.9859082397085177|3.981210986278023
735.4|1.0|0.64|0.0|0|1.2425068314606336|2.485013662921267|3.7275204943819005|4.970027325842534
735.6|1.0|0.64|0.0|0|1.1931380855303735|2.386276171060747|3.5794142565911202|4.772552342121494
735.8|1.0|0.64|0.0|0|1.1929579078842663|2.3859158157685325|3.578873723652799|4.771831631537065
736.0|1.0|0.64|0.0|0|1.1677330013591574|2.3354660027183147|3.503199004077472|4.6709320054366295
736.2|1.0|0.64|0.0|0|2.165738415949747|4.331476831899494|6.497215247849241|8.662953663798987
736.4|1.0|0.64|0.0|0|1.3551180225366273|2.7102360450732546|4.065354067609882|5.420472090146509
736.6|1.0|0.64|0.0|0|1.2679119170666684|2.535823834133337|3.803735751200005|5.071647668266674
736.8|1.0|0.64|0.0|0|1.3570999792474334|2.714199958494867|4.0712999377423005|5.428399916989734
737.0|1.0|0.64|0.0|0|1.3855680879327714|2.771136175865543|4.156704263798314|5.542272351731086
737.2|1.0|0.64|0.0|0|1.3293525821366359|2.6587051642732717|3.9880577464099076|5.3174103285465435
737.4|1.0|0.64|0.0|0|1.3830455979076226|2.766091195815245|4.149136793722868|5.53218239163049
737.6|1.0|0.64|0.0|0|2.0524065140623153|4.104813028124631|6.157219542186946|8.209626056249261
737.8|1.0|0.64|0.0|0|1.481602912298405|2.96320582459681|4.444808736895215|5.92641164919362
738.0|1.0|0.64|0.0|0|1.654753878062476|3.309507756124952|4.964261634187428|6.619015512249904
738.2|1.0|0.64|0.0|0|1.1113373169465932|2.2226746338931864|3.3340119508397796|4.445349267786373
738.4|1.0|0.64|0.0|0|1.0608875041257133|2.1217750082514266|3.18266251237714|4.243550016502853
738.6|1.0|0.64|0.0|0|1.3587215798377303|2.7174431596754607|4.0761647395131915|5.434886319350921
738.8|1.0|0.64|0.0|0|1.2704344067140494|2.540868813428099|3.811303220142148|5.081737626856198
739.0|1.0|0.64|0.0|0|0.6891804862103896|1.3783609724207793|2.067541458631169|2.7567219448415585
739.2|1.0|0.64|0.0|0|1.3972796520002897|2.7945593040005794|4.191838956000869|5.589118608001159
739.4|1.0|0.64|0.0|0|0.801070965354448|1.602141930708896|2.403212896063344|3.204283861417792
739.6|1.0|0.64|0.0|0|1.74880674450542|3.49761348901084|5.24642023351626|6.99522697802168
739.8|1.0|0.64|0.0|0|1.3199833299423347|2.6399666598846694|3.959949989827004|5.279933319769339
740.0|1.0|0.64|0.0|0|1.5639442137430901|3.1278884274861802|4.69183264122927|6.2557768549723605
740.2|1.0|0.64|0.0|0|1.3956580509053322|2.7913161018106645|4.1869741527159965|5.582632203621329
740.4|1.0|0.64|0.0|0|1.16593122147082|2.33186244294164|3.49779366441246|4.66372488588328
740.6|1.0|0.64|0.0|0|1.5857457400596482|3.1714914801192964|4.757237220178944|6.342982960238593
740.8|1.0|0.64|0.0|0|1.069355865130784|2.138711730261568|3.208067595392352|4.277423460523136
741.0|1.0|0.64|0.0|0|0.8675566119694857|1.7351132239389715|2.6026698359084572|3.470226447877943
741.2|1.0|0.64|0.0|0|1.5754755991551805|3.150951198310361|4.726426797465542|6.301902396620722
741.4|1.0|0.64|0.0|0|1.3704331453336647|2.7408662906673293|4.111299436000994|5.481732581334659
741.6|1.0|0.64|0.0|0|1.310794257730014|2.621588515460028|3.932382773190042|5.243177030920056
741.8|1.0|0.64|0.0|0|1.3369200545497018|2.6738401090994035|4.010760163649105|5.347680218198807
742.0|1.0|0.64|0.0|0|1.3435866356856434|2.687173271371287|4.030759907056931|5.374346542742574
742.2|1.0|0.64|0.0|0|1.433675588850166|2.867351177700332|4.301026766550498|5.734702355400664
742.4|1.0|0.64|0.0|0|1.5444849999930024|3.0889699999860047|4.633454999979008|6.1779399999720095
742.6|1.0|0.64|0.0|0|1.2601642665505652|2.5203285331011305|3.780492799651696|5.040657066202261
742.8|1.0|0.64|0.0|0|1.8446613892912882|3.6893227785825764|5.533984167873864|7.378645557165153
743.0|1.0|0.64|0.0|0|1.605925665677643|3.211851331355286|4.8177769970329285|6.423702662710572
743.2|1.0|0.64|0.0|0|2.0859196043526773|4.171839208705355|6.2577588130580315|8.34367841741071
743.4|1.0|0.64|0.0|0|1.5520524726796443|3.1041049453592886|4.656157418038933|6.208209890718577
743.6|1.0|0.64|0.0|0|1.2021469815378087|2.4042939630756175|3.6064409446134262|4.808587926151235
743.8|1.0|0.64|0.0|0|1.552953361779802|3.105906723559604|4.6588600853394055|6.211813447119208
744.0|1.0|0.64|0.0|0|1.191336307071616|2.382672614143232|3.574008921214848|4.765345228286464
744.2|1.0|0.64|0.0|0|1.610970647374635|3.22194129474927|4.832911942123905|6.44388258949854
744.4|1.0|0.64|0.0|0|1.5924123229563716|3.184824645912743|4.777236968869115|6.369649291825486
744.6|1.0|0.64|0.0|0|1.6799787845456755|3.359957569091351|5.039936353637026|6.719915138182702
744.8|1.0|0.64|0.0|0|1.3351182748994337|2.6702365497988674|4.005354824698301|5.340473099597735
745.0|1.0|0.64|0.0|0|1.6403396459721276|3.280679291944255|4.921018937916383|6.56135858388851
745.2|1.0|0.64|0.0|0|1.7623200870829185|3.524640174165837|5.286960261248756|7.049280348331674
745.4|1.0|0.64|0.0|0|1.064130705378485|2.12826141075697|3.192392116135455|4.25652282151394
745.6|1.0|0.64|0.0|0|1.1515169903700018|2.3030339807400035|3.454550971110005|4.606067961480007
745.8|1.0|0.64|0.0|0|1.7925899754330765|3.585179950866153|5.377769926299229|7.170359901732306
746.0|1.0|0.64|0.0|0|1.6884471467114068|3.3768942934228137|5.065341440134221|6.753788586845627
746.2|1.0|0.64|0.0|0|1.56718741636607|3.13437483273214|4.7015622490982105|6.26874966546428
746.4|1.0|0.64|0.0|0|1.718536855394488|3.437073710788976|5.155610566183464|6.874147421577952
746.6|1.0|0.64|0.0|0|1.1097157158725905|2.219431431745181|3.3291471476177716|4.438862863490362
746.8|1.0|0.64|0.0|0|0.3947697901487121|0.7895395802974242|1.1843093704461363|1.5790791605948484
747.0|1.0|0.64|0.0|0|1.1736788722360516|2.347357744472103|3.5210366167081553|4.694715488944206
747.2|1.0|0.64|0.0|0|1.6875462563062336|3.375092512612467|5.0626387689187|6.750185025224934
747.4|1.0|0.64|0.0|0|1.2576417752908322|2.5152835505816644|3.7729253258724964|5.030567101163329
747.6|1.0|0.64|0.0|0|1.4250270491867572|2.8500540983735143|4.275081147560272|5.700108196747029
747.8|1.0|0.64|0.0|0|1.5183592034404878|3.0367184068809756|4.555077610321463|6.073436813761951
748.0|1.0|0.64|0.0|0|1.777635209287984|3.555270418575968|5.332905627863952|7.110540837151936
748.2|1.0|0.64|0.0|0|1.6806994970119573|3.3613989940239146|5.042098491035872|6.722797988047829
748.4|1.0|0.64|0.0|0|1.3207040422590228|2.6414080845180457|3.9621121267770687|5.282816169036091
748.6|1.0|0.64|0.0|0|1.3846671989926849|2.7693343979853697|4.154001596978055|5.5386687959707395
748.8|1.0|0.64|0.0|0|1.2291736664314532|2.4583473328629064|3.68752099929436|4.916694665725813
749.0|1.0|0.64|0.0|0|1.6387180446082508|3.2774360892165015|4.916154133824753|6.554872178433003
749.2|1.0|0.64|0.0|0|1.3097131900064427|2.6194263800128854|3.929139570019328|5.238852760025771
749.4|1.0|0.64|0.0|0|1.2443086106528074|2.488617221305615|3.732925831958422|4.97723444261123
749.6|1.0|0.64|0.0|0|0.987014562311816|1.974029124623632|2.9610436869354477|3.948058249247264
749.8|1.0|0.64|0.0|0|1.6370964434230715|3.274192886846143|4.911289330269215|6.548385773692286
750.0|1.0|0.64|0.0|0|1.2298943789262569|2.4597887578525137|3.6896831367787706|4.919577515705027
750.2|1.0|0.64|0.0|0|1.608267978561345|3.21653595712269|4.824803935684035|6.43307191424538
750.4|1.0|0.64|0.0|0|1.4149370858119814|2.829874171623963|4.244811257435944|5.659748343247926
750.6|1.0|0.64|0.0|0|1.4630445875937599|2.9260891751875198|4.389133762781279|5.8521783503750395
750.8|1.0|0.64|0.0|0|1.2677317381731712|2.5354634763463424|3.8031952145195134|5.070926952692685
751.0|1.0|0.64|0.0|0|1.1743995838158308|2.3487991676316615|3.5231987514474925|4.697598335263323
751.2|1.0|0.64|0.0|0|1.085571876367322|2.171143752734644|3.2567156291019668|4.342287505469288
751.4|1.0|0.64|0.0|0|1.5848448503803243|3.1696897007606486|4.754534551140973|6.339379401521297
751.6|1.0|0.64|0.0|0|1.323586889296422|2.647173778592844|3.970760667889266|5.294347557185688
751.8|1.0|0.64|0.0|0|1.3974598300311494|2.7949196600622987|4.192379490093448|5.5898393201245975
752.0|1.0|0.64|0.0|0|1.8345714275399239|3.6691428550798477|5.503714282619772|7.338285710159695
752.2|1.0|0.64|0.0|0|1.8673638054897326|3.734727610979465|5.602091416469198|7.46945522195893
752.4|1.0|0.64|0.0|0|1.7756532517867178|3.5513065035734357|5.3269597553601535|7.102613007146871
752.6|1.0|0.64|0.0|0|1.4880893159366693|2.9761786318733385|4.464267947810008|5.952357263746677
752.8|1.0|0.64|0.0|0|1.5066476394410724|3.0132952788821448|4.519942918323217|6.0265905577642895
753.0|1.0|0.64|0.0|0|1.058365013434669|2.116730026869338|3.175095040304007|4.233460053738676
753.2|1.0|0.64|0.0|0|1.6196191866451424|3.2392383732902847|4.858857559935427|6.4784767465805695
753.4|1.0|0.64|0.0|0|1.1425080945075035|2.285016189015007|3.4275242835225104|4.570032378030014
753.6|1.0|0.64|0.0|0|1.6680870425765184|3.336174085153037|5.0042611277295554|6.672348170306074
753.8|1.0|0.64|0.0|0|1.6252047014213182|3.2504094028426365|4.8756141042639545|6.500818805685273
754.0|1.0|0.64|0.0|0|1.2963800250669022|2.5927600501338044|3.8891400752007064|5.185520100267609
754.2|1.0|0.64|0.0|0|1.5268275654810728|3.0536551309621456|4.580482696443219|6.107310261924291
754.4|1.0|0.64|0.0|0|1.132418132176973|2.264836264353946|3.397254396530919|4.529672528707892
754.6|1.0|0.64|0.0|0|1.2704344065184716|2.5408688130369432|3.811303219555415|5.0817376260738865
754.8|1.0|0.64|0.0|0|1.113139095848893|2.226278191697786|3.3394172875466785|4.452556383395572
755.0|1.0|0.64|0.0|0|1.18124634345295|2.3624926869059|3.5437390303588505|4.7249853738118
755.2|1.0|0.64|0.0|0|1.1695347806601795|2.339069561320359|3.5086043419805386|4.678139122640718
755.4|1.0|0.64|0.0|0|1.2821459700894786|2.5642919401789572|3.846437910268436|5.1285838803579145
755.6|1.0|0.64|0.0|0|1.1525980572676064|2.305196114535213|3.457794171802819|4.610392229070426
755.8|1.0|0.64|0.0|0|1.7001587100687918|3.4003174201375836|5.100476130206375|6.800634840275167
756.0|1.0|0.64|0.0|0|1.3686313647916553|2.7372627295833105|4.105894094374966|5.474525459166621
756.2|1.0|0.64|0.0|0|1.4190811783366384|2.8381623566732768|4.257243535009915|5.6763247133465535
756.4|1.0|0.64|0.0|0|1.7448428302438712|3.4896856604877424|5.234528490731614|6.979371320975485
756.6|1.0|0.64|0.0|0|1.4309729199646986|2.861945839929397|4.292918759894095|5.723891679858794
756.8|1.0|0.64|0.0|0|1.498899990243955|2.99779998048791|4.496699970731865|5.99559996097582
757.0|1.0|0.64|0.0|0|1.6043040645960733|3.2086081291921467|4.81291219378822|6.417216258384293
757.2|1.0|0.64|0.0|0|1.5302509462722824|3.060501892544565|4.590752838816847|6.12100378508913
757.4|1.0|0.64|0.0|0|1.4882694944884873|2.9765389889769747|4.464808483465462|5.953077977953949
757.6|1.0|0.64|0.0|0|1.083770097704256|2.167540195408512|3.251310293112768|4.335080390817024
757.8|1.0|0.64|0.0|0|1.2828666823817196|2.5657333647634393|3.8486000471451587|5.1314667295268785
758.0|1.0|0.64|0.0|0|1.2167413921706622|2.4334827843413245|3.6502241765119865|4.866965568682649
758.2|1.0|0.64|0.0|0|1.490431629320375|2.98086325864075|4.471294887961125|5.9617265172815
758.4|1.0|0.64|0.0|0|1.067013552345453|2.134027104690906|3.2010406570363585|4.268054209381812
758.6|1.0|0.64|0.0|0|1.710248672154268|3.420497344308536|5.130746016462804|6.840994688617072
758.8|1.0|0.64|0.0|0|1.372955634725514|2.745911269451028|4.118866904176542|5.491822538902056
759.0|1.0|0.64|0.0|0|0.8371065464144347|1.6742130928288694|2.5113196392433044|3.348426185657739
759.2|1.0|0.64|0.0|0|1.3417848575313123|2.6835697150626245|4.025354572593937|5.367139430125249
759.4|1.0|0.64|0.0|0|1.3697124326659844|2.739424865331969|4.109137297997953|5.478849730663938
759.6|1.0|0.64|0.0|0|1.1695347799605236|2.339069559921047|3.5086043398815705|4.678139119842094
759.8|1.0|0.64|0.0|0|1.7657434673432741|3.5314869346865483|5.297230402029823|7.062973869373097
760.0|1.0|0.64|0.0|0|0.8980066774680753|1.7960133549361506|2.694020032404226|3.592026709872301
760.2|1.0|0.64|0.0|0|1.1149408746650453|2.2298817493300906|3.3448226239951357|4.459763498660181
760.4|1.0|0.64|0.0|0|1.1644897983700513|2.3289795967401026|3.493469395110154|4.657959193480205
760.6|1.0|0.64|0.0|0|1.0911573918297663|2.1823147836595327|3.273472175489299|4.364629567319065
760.8|1.0|0.64|0.0|0|0.6724239407875581|1.3448478815751161|2.0172718223626744|2.6896957631502323
761.0|1.0|0.64|0.0|0|1.4217838466283879|2.8435676932567757|4.265351539885163|5.687135386513551
761.2|1.0|0.64|0.0|0|1.3493523288873268|2.6987046577746536|4.04805698666198|5.397409315549307
761.4|1.0|0.64|0.0|0|1.791869262733964|3.583738525467928|5.375607788201892|7.167477050935856
761.6|1.0|0.64|0.0|0|1.3410641452332506|2.682128290466501|4.023192435699752|5.364256580933002
761.8|1.0|0.64|0.0|0|1.7052036918018727|3.4104073836037454|5.115611075405618|6.820814767207491
762.0|1.0|0.64|0.0|0|1.5080890634428956|3.0161781268857912|4.524267190328687|6.0323562537715825
762.2|1.0|0.64|0.0|0|1.278001878304059|2.556003756608118|3.8340056349121765|5.112007513216236
762.4|1.0|0.64|0.0|0|1.3098933683114604|2.619786736622921|3.929680104934381|5.239573473245842
762.6|1.0|0.64|0.0|0|0.89944810075278|1.79889620150556|2.69834430225834|3.59779240301112
762.8|1.0|0.64|0.0|0|1.065932485248196|2.131864970496392|3.197797455744588|4.263729940992784
763.0|1.0|0.64|0.0|0|1.1812463443347962|2.3624926886695925|3.5437390330043885|4.724985377339185
763.2|1.0|0.64|0.0|0|1.3021457178570575|2.604291435714115|3.906437153571172|5.20858287142823
763.4|1.0|0.64|0.0|0|2.126279455551996|4.252558911103992|6.378838366655987|8.505117822207984
763.6|1.0|0.64|0.0|0|0.8639530536031824|1.7279061072063648|2.5918591608095474|3.4558122144127297
763.8|1.0|0.64|0.0|0|0.9147632226831055|1.829526445366211|2.7442896680493165|3.659052890732422
764.0|1.0|0.64|0.0|0|1.2954791361320543|2.5909582722641087|3.8864374083961626|5.181916544528217
764.2|1.0|0.64|0.0|0|1.353496420431767|2.706992840863534|4.0604892612953005|5.413985681727068
764.4|1.0|0.64|0.0|0|1.5091701317543642|3.0183402635087284|4.527510395263093|6.036680527017457
764.6|1.0|0.64|0.0|0|1.6581772578560063|3.3163545157120127|4.974531773568019|6.632709031424025
764.8|1.0|0.64|0.0|0|1.1821472335315786|2.364294467063157|3.5464417005947357|4.728588934126314
765.0|1.0|0.64|0.0|0|1.3055690985627018|2.6111381971254035|3.9167072956881057|5.222276394250807
765.2|1.0|0.64|0.0|0|1.3662890529748997|2.7325781059497993|4.0988671589246986|5.465156211899599
765.4|1.0|0.64|0.0|0|1.1131390953570381|2.2262781907140763|3.3394172860711144|4.452556381428153
765.6|1.0|0.64|0.0|0|1.1516971671854854|2.303394334370971|3.4550915015564563|4.606788668741942
765.8|1.0|0.64|0.0|0|1.5781782689166735|3.156356537833347|4.734534806750021|6.312713075666694
766.0|1.0|0.64|0.0|0|1.520160982680974|3.040321965361948|4.560482948042922|6.080643930723896
766.2|1.0|0.64|0.0|0|1.8861023081286128|3.7722046162572256|5.658306924385839|7.544409232514451
766.4|1.0|0.64|0.0|0|1.4257477616920382|2.8514955233840764|4.277243285076114|5.702991046768153
766.6|1.0|0.64|0.0|0|1.3704331438522799|2.7408662877045598|4.11129943155684|5.4817325754091195
766.8|1.0|0.64|0.0|0|1.629348793488463|3.258697586976926|4.888046380465389|6.517395173953852
767.0|1.0|0.64|0.0|0|1.7448428305861323|3.4896856611722646|5.234528491758397|6.979371322344529
767.2|1.0|0.64|0.0|0|1.3080915888131142|2.6161831776262283|3.9242747664393427|5.232366355252457
767.4|1.0|0.64|0.0|0|1.1289947515621326|2.257989503124265|3.3869842546863977|4.51597900624853
767.6|1.0|0.64|0.0|0|1.7689866694662504|3.5379733389325008|5.306960008398751|7.0759466778650015
767.8|1.0|0.64|0.0|0|1.7776352097955548|3.5552704195911096|5.332905629386665|7.110540839182219
768.0|1.0|0.64|0.0|0|1.1888138169021123|2.3776276338042246|3.566441450706337|4.755255267608449
768.2|1.0|0.64|0.0|0|1.6882669688801994|3.376533937760399|5.064800906640598|6.753067875520798
768.4|1.0|0.64|0.0|0|1.4763777516689165|2.952755503337833|4.429133255006749|5.905511006675666
768.6|1.0|0.64|0.0|0|1.4671886784763788|2.9343773569527576|4.401566035429136|5.868754713905515
768.8|1.0|0.64|0.0|0|1.5639442132739365|3.127888426547873|4.6918326398218095|6.255776853095746
769.0|1.0|0.64|0.0|0|1.626105591212983|3.252211182425966|4.878316773638948|6.504422364851932
769.2|1.0|0.64|0.0|0|1.2743983208702423|2.5487966417404846|3.8231949626107267|5.097593283480969
769.4|1.0|0.64|0.0|0|1.411693884119742|2.823387768239484|4.235081652359225|5.646775536478968
769.6|1.0|0.64|0.0|0|1.852409039654305|3.70481807930861|5.557227118962915|7.40963615861722
769.8|1.0|0.64|0.0|0|1.0911573918157966|2.1823147836315933|3.2734721754473894|4.3646295672631865
770.0|1.0|0.64|0.0|0|1.6781770054047245|3.356354010809449|5.034531016214173|6.712708021618898
770.2|1.0|0.64|0.0|0|1.378721328263638|2.757442656527276|4.1361639847909135|5.514885313054552
770.4|1.0|0.64|0.0|0|1.4763777526671777|2.9527555053343555|4.429133258001533|5.905511010668711
770.6|1.0|0.64|0.0|0|1.2525967935915117|2.5051935871830233|3.757790380774535|5.010387174366047
770.8|1.0|0.64|0.0|0|0.8635926983656835|1.727185396731367|2.5907780950970505|3.454370793462734
771.0|1.0|0.64|0.0|0|1.2082730292482313|2.4165460584964626|3.6248190877446937|4.833092116992925
771.2|1.0|0.64|0.0|0|1.4127749519527437|2.8255499039054874|4.238324855858231|5.651099807810975
771.4|1.0|0.64|0.0|0|1.2585426651971658|2.5170853303943317|3.7756279955914978|5.034170660788663
771.6|1.0|0.64|0.0|0|1.5547551408299491|3.1095102816598983|4.664265422489848|6.219020563319797
771.8|1.0|0.64|0.0|0|1.3765591930417589|2.7531183860835178|4.129677579125277|5.5062367721670356
772.0|1.0|0.64|0.0|0|1.0812476073490698|2.1624952146981395|3.2437428220472095|4.324990429396279
772.2|1.0|0.64|0.0|0|1.680879673940364|3.361759347880728|5.042639021821092|6.723518695761456
772.4|1.0|0.64|0.0|0|1.34340645755001|2.68681291510002|4.03021937265003|5.37362583020004
772.6|1.0|0.64|0.0|0|1.331875072179247|2.663750144358494|3.995625216537741|5.327500288716988
772.8|1.0|0.64|0.0|0|1.1477332531334843|2.2954665062669686|3.4431997594004526|4.590933012533937
773.0|1.0|0.64|0.0|0|1.306650166505716|2.613300333011432|3.919950499517148|5.226600666022864
773.2|1.0|0.64|0.0|0|1.2407050519989582|2.4814101039979164|3.7221151559968746|4.962820207995833
773.4|1.0|0.64|0.0|0|1.1821472338348404|2.364294467669681|3.5464417015045213|4.728588935339362
773.6|1.0|0.64|0.0|0|1.4857470032514553|2.9714940065029105|4.457241009754365|5.942988013005821
773.8|1.0|0.64|0.0|0|2.065199145855733|4.130398291711466|6.1955974375672|8.260796583422932
774.0|1.0|0.64|0.0|0|1.5201609823253253|3.0403219646506505|4.560482946975975|6.080643929301301
774.2|1.0|0.64|0.0|0|1.7673650689329967|3.5347301378659934|5.30209520679899|7.069460275731987
774.4|1.0|0.64|0.0|0|1.1556610812357404|2.311322162471481|3.4669832437072214|4.622644324942962
774.6|1.0|0.64|0.0|0|1.606646377766157|3.213292755532314|4.819939133298472|6.426585511064628
774.8|1.0|0.64|0.0|0|1.4226847369835025|2.845369473967005|4.268054210950508|5.69073894793401
775.0|1.0|0.64|0.0|0|1.238362739311998|2.476725478623996|3.715088217935994|4.953450957247992
775.2|1.0|0.64|0.0|0|1.6758346922701473|3.3516693845402945|5.027504076810442|6.703338769080589
775.4|1.0|0.64|0.0|0|1.3839464860974124|2.767892972194825|4.151839458292238|5.53578594438965
775.6|1.0|0.64|0.0|0|1.2677317374903954|2.5354634749807907|3.8031952124711856|5.070926949961581
775.8|1.0|0.64|0.0|0|1.3403434341104015|2.680686868220803|4.021030302331204|5.361373736441606
776.0|1.0|0.64|0.0|0|1.0987248645792724|2.197449729158545|3.2961745937378173|4.39489945831709
776.2|1.0|0.64|0.0|0|1.7632209774269738|3.5264419548539476|5.289662932280922|7.052883909707895
776.4|1.0|0.64|0.0|0|1.63115057287214|3.26230114574428|4.89345171861642|6.52460229148856
776.6|1.0|0.64|0.0|0|1.0828692072909334|2.1657384145818668|3.2486076218728006|4.3314768291637336
776.8|1.0|0.64|0.0|0|1.5958357028668992|3.1916714057337985|4.787507108600698|6.383342811467597
777.0|1.0|0.64|0.0|0|1.6724113122944269|3.3448226245888537|5.01723393688328|6.689645249177707
777.2|1.0|0.64|0.0|0|1.6859246553969585|3.371849310793917|5.057773966190875|6.743698621587834
777.4|1.0|0.64|0.0|0|1.7372753583319733|3.4745507166639467|5.21182607499592|6.949101433327893
777.6|1.0|0.64|0.0|0|1.4603419188933926|2.920683837786785|4.381025756680177|5.84136767557357
777.8|1.0|0.64|0.0|0|0.9810686921485475|1.962137384297095|2.9432060764456427|3.92427476859419
778.0|1.0|0.64|0.0|0|1.5983581936790157|3.1967163873580313|4.7950745810370465|6.393432774716063
778.2|1.0|0.64|0.0|0|1.3561990890058235|2.712398178011647|4.068597267017471|5.424796356023294
778.4|1.0|0.64|0.0|0|1.7378158921288576|3.475631784257715|5.213447676386572|6.95126356851543
778.6|1.0|0.64|0.0|0|1.422684736372322|2.845369472744644|4.268054209116967|5.690738945489288
778.8|1.0|0.64|0.0|0|1.0828692080144546|2.1657384160289093|3.2486076240433643|4.3314768320578185
779.0|1.0|0.64|0.0|0|1.1452107635256845|2.290421527051369|3.4356322905770535|4.580843054102738
779.2|1.0|0.64|0.0|0|1.7228611262177598|3.4457222524355196|5.168583378653279|6.891444504871039
779.4|1.0|0.64|0.0|0|1.274578498195043|2.549156996390086|3.823735494585129|5.098313992780172
779.6|1.0|0.64|0.0|0|1.390613069640241|2.781226139280482|4.171839208920723|5.562452278560964
779.8|1.0|0.64|0.0|0|1.1713365593424543|2.3426731186849086|3.514009678027363|4.685346237369817
780.0|1.0|0.64|0.0|0|1.2587228431040431|2.5174456862080863|3.77616852931213|5.034891372416173
780.2|1.0|0.64|0.0|0|0.7666569853882544|1.5333139707765089|2.2999709561647634|3.0666279415530178
780.4|1.0|0.64|0.0|0|1.2580021311139|2.5160042622278|3.7740063933417|5.0320085244556
780.6|1.0|0.64|0.0|0|1.238542917650194|2.477085835300388|3.715628752950582|4.954171670600776
780.8|1.0|0.64|0.0|0|1.3520549981144734|2.7041099962289468|4.05616499434342|5.4082199924578935
781.0|1.0|0.64|0.0|0|0.9297179888701075|1.859435977740215|2.789153966610322|3.71887195548043
781.2|1.0|0.64|0.0|0|1.7884458831913086|3.576891766382617|5.365337649573926|7.153783532765234
781.4|1.0|0.64|0.0|0|1.6898885702155546|3.379777140431109|5.069665710646664|6.759554280862218
781.6|1.0|0.64|0.0|0|2.0707846601418005|4.141569320283601|6.2123539804254015|8.283138640567202
781.8|1.0|0.64|0.0|0|1.2154801463696652|2.4309602927393303|3.646440439108995|4.861920585478661
782.0|1.0|0.64|0.0|0|1.5107917320786524|3.0215834641573047|4.532375196235957|6.043166928314609
782.2|1.0|0.64|0.0|0|1.4225045584881457|2.8450091169762914|4.267513675464437|5.690018233952583
782.4|1.0|0.64|0.0|0|1.634393773854246|3.268787547708492|4.903181321562738|6.537575095416984
782.6|1.0|0.64|0.0|0|1.4839452245866427|2.9678904491732854|4.451835673759928|5.935780898346571
782.8|1.0|0.64|0.0|0|1.6286280812317286|3.2572561624634573|4.885884243695186|6.514512324926915
783.0|1.0|0.64|0.0|0|1.4933144753624232|2.9866289507248465|4.47994342608727|5.973257901449693
783.2|1.0|0.64|0.0|0|1.6262857689155512|3.2525715378311024|4.878857306746654|6.505143075662205
783.4|1.0|0.64|0.0|0|1.5588992321037236|3.117798464207447|4.67669769631117|6.235596928414894
783.6|1.0|0.64|0.0|0|1.2248493972513836|2.4496987945027673|3.6745481917541505|4.899397589005535
783.8|1.0|0.64|0.0|0|1.3848473763035156|2.7696947526070312|4.154542128910547|5.5393895052140625
784.0|1.0|0.64|0.0|0|1.763941689363566|3.527883378727132|5.291825068090698|7.055766757454264
784.2|1.0|0.64|0.0|0|0.8513406003004647|1.7026812006009293|2.5540218009013937|3.4053624012018586
784.4|1.0|0.64|0.0|0|1.3798023948766072|2.7596047897532143|4.139407184629821|5.519209579506429
784.6|1.0|0.64|0.0|0|1.14412969489582|2.28825938979164|3.4323890846874594|4.57651877958328
784.8|1.0|0.64|0.0|0|1.5016026589210392|3.0032053178420783|4.504807976763117|6.006410635684157
785.0|1.0|0.64|0.0|0|1.2307952683354972|2.4615905366709945|3.6923858050064915|4.923181073341989
785.2|1.0|0.64|0.0|0|1.5891691205819385|3.178338241163877|4.767507361745816|6.356676482327754
785.4|1.0|0.64|0.0|0|1.2578219528135388|2.5156439056270776|3.7734658584406167|5.031287811254155
785.6|1.0|0.64|0.0|0|1.7866441042622334|3.573288208524467|5.3599323127867|7.146576417048934
785.8|1.0|0.64|0.0|0|1.644663915900748|3.289327831801496|4.933991747702243|6.578655663602992
786.0|1.0|0.64|0.0|0|1.6403396458976218|3.2806792917952436|4.921018937692866|6.561358583590487
786.2|1.0|0.64|0.0|0|1.4821434448153026|2.964286889630605|4.446430334445908|5.92857377926121
786.4|1.0|0.64|0.0|0|1.1711563815461714|2.342312763092343|3.5134691446385147|4.684625526184686
786.6|1.0|0.64|0.0|0|1.17367887178145|2.3473577435629|3.5210366153443498|4.6947154871258
786.8|1.0|0.64|0.0|0|1.6623213498771672|3.3246426997543344|4.986964049631501|6.649285399508669
787.0|1.0|0.64|0.0|0|1.538539128635313|3.077078257270626|4.615617385905939|6.154156514541252
787.2|1.0|0.64|0.0|0|1.5495299815130434|3.099059963026087|4.64858994453913|6.198119926052174
787.4|1.0|0.64|0.0|0|1.702501022801154|3.405002045602308|5.107503068403462|6.810004091204616
787.6|1.0|0.64|0.0|0|1.5603406560840098|3.1206813121680197|4.68102196825203|6.241362624336039
787.8|1.0|0.64|0.0|0|1.968263432201349|3.936526864402698|5.904790296604047|7.873053728805396
788.0|1.0|0.64|0.0|0|2.056550606496168|4.113101212992336|6.169651819488505|8.226202425984672
788.2|1.0|0.64|0.0|0|2.087000671745047|4.174001343490094|6.261002015235141|8.348002686980188
788.4|1.0|0.64|0.0|0|1.3046682091470587|2.6093364182941174|3.914004627441176|5.218672836588235
788.6|1.0|0.64|0.0|0|1.2998034053749883|2.5996068107499766|3.8994102161249646|5.199213621499953
788.8|1.0|0.64|0.0|0|1.8533099297783353|3.7066198595566706|5.559929789335007|7.413239719113341
789.0|1.0|0.64|0.0|0|1.7612390199932286|3.5224780399864573|5.283717059979685|7.0449560799729145
789.2|1.0|0.64|0.0|0|1.6772761162859402|3.3545522325718804|5.031828348857821|6.709104465143761
789.4|1.0|0.64|0.0|0|1.382324886118296|2.764649772236592|4.146974658354888|5.529299544473184
789.6|1.0|0.64|0.0|0|1.7118702736549327|3.4237405473098654|5.135610820964798|6.847481094619731
789.8|1.0|0.64|0.0|0|1.7781757422880053|3.5563514845760107|5.334527226864016|7.112702969152021
790.0|1.0|0.64|0.0|0|1.4527744459483087|2.9055488918966175|4.358323337844926|5.811097783793235
790.2|1.0|0.64|0.0|0|1.3088123010698485|2.617624602139697|3.926436903209545|5.235249204279394
790.4|1.0|0.64|0.0|0|1.167012289207779|2.334024578415558|3.5010368676233368|4.668049156831116
790.6|1.0|0.64|0.0|0|1.0154826715792304|2.030965343158461|3.046448014737692|4.061930686316922
790.8|1.0|0.64|0.0|0|1.0079151987249506|2.0158303974499012|3.023745596174852|4.0316607948998024
791.0|1.0|0.64|0.0|0|1.1989037781913077|2.3978075563826153|3.5967113345739232|4.795615112765231
791.2|1.0|0.64|0.0|0|1.231696157346015|2.46339231469203|3.6950884720380452|4.92678462938406
791.4|1.0|0.64|0.0|0|1.1425080938386973|2.2850161876773947|3.4275242815160922|4.570032375354789
791.6|1.0|0.64|0.0|0|1.4770984636794324|2.954196927358865|4.431295391038297|5.90839385471773
791.8|1.0|0.64|0.0|0|1.0913375693187126|2.1826751386374252|3.274012707956138|4.3653502772748505
792.0|1.0|0.64|0.0|0|1.292956645077794|2.585913290155588|3.878869935233382|5.171826580311176
792.2|1.0|0.64|0.0|0|1.3518748190550844|2.703749638110169|4.055624457165253|5.407499276220338
792.4|1.0|0.64|0.0|0|1.6816003860882498|3.3632007721764996|5.044801158264749|6.726401544352999
792.6|1.0|0.64|0.0|0|1.4513330232404418|2.9026660464808836|4.3539990697213256|5.805332092961767
792.8|1.0|0.64|0.0|0|1.5588992321089623|3.1177984642179246|4.676697696326887|6.235596928435849
793.0|1.0|0.64|0.0|0|1.5437642884359244|3.087528576871849|4.631292865307773|6.175057153743698
793.2|1.0|0.64|0.0|0|1.2007055578177106|2.401411115635421|3.602116673453132|4.802822231270842
793.4|1.0|0.64|0.0|0|0.8709799922583632|1.7419599845167264|2.6129399767750896|3.483919969033453
793.6|1.0|0.64|0.0|0|1.3116951467748743|2.6233902935497486|3.935085440324623|5.246780587099497
793.8|1.0|0.64|0.0|0|1.1138598080951498|2.2277196161902997|3.3415794242854493|4.455439232380599
794.0|1.0|0.64|0.0|0|1.705203691081844|3.410407382163688|5.115611073245532|6.820814764327376
794.2|1.0|0.64|0.0|0|1.3030466083122894|2.6060932166245787|3.9091398249368683|5.212186433249157
794.4|1.0|0.64|0.0|0|1.4848461143684122|2.9696922287368244|4.454538343105236|5.939384457473649
794.6|1.0|0.64|0.0|0|1.0527794980531335|2.105558996106267|3.1583384941594006|4.211117992212534
794.8|1.0|0.64|0.0|0|2.0626766548340694|4.125353309668139|6.188029964502208|8.250706619336277
795.0|1.0|0.64|0.0|0|1.2316961572045704|2.4633923144091407|3.6950884716137113|4.9267846288182815
795.2|1.0|0.64|0.0|0|1.5884484088816695|3.176896817763339|4.7653452266450085|6.353793635526678
795.4|1.0|0.64|0.0|0|1.3165599505271541|2.6331199010543083|3.9496798515814624|5.2662398021086165
795.6|1.0|0.64|0.0|0|1.5016026592726135|3.003205318545227|4.5048079778178405|6.006410637090454
795.8|1.0|0.64|0.0|0|1.9079038338240952|3.8158076676481905|5.723711501472286|7.631615335296381
796.0|1.0|0.64|0.0|0|1.2938575350883195|2.587715070176639|3.881572605264959|5.175430140353278
796.2|1.0|0.64|0.0|0|1.5931330343446475|3.186266068689295|4.779399103033943|6.37253213737859
796.4|1.0|0.64|0.0|0|1.3091726563335409|2.6183453126670817|3.9275179690006223|5.236690625334163
796.6|1.0|0.64|0.0|0|1.5715116865868928|3.1430233731737856|4.714535059760678|6.286046746347571
796.8|1.0|0.64|0.0|0|1.547908380318551|3.095816760637102|4.643725140955652|6.191633521274204
797.0|1.0|0.64|0.0|0|1.5891691204061513|3.1783382408123027|4.7675073612184535|6.356676481624605
797.2|1.0|0.64|0.0|0|1.7689866697014092|3.5379733394028183|5.306960009104228|7.075946678805637
797.4|1.0|0.64|0.0|0|1.2407050526316754|2.481410105263351|3.7221151578950264|4.962820210526702
797.6|1.0|0.64|0.0|0|1.19656146587222|2.39312293174444|3.5896843976166597|4.78624586348888
797.8|1.0|0.64|0.0|0|1.2814252591918933|2.5628505183837866|3.84427577757568|5.125701036767573
798.0|1.0|0.64|0.0|0|1.833670537608561|3.667341075217122|5.501011612825683|7.334682150434244
798.2|1.0|0.64|0.0|0|1.638718044693234|3.277436089386468|4.916154134079702|6.554872178772936
798.4|1.0|0.64|0.0|0|1.376198835837423|2.752397671674846|4.1285965075122695|5.504795343349692
798.6|1.0|0.64|0.0|0|1.3307940048893228|2.6615880097786455|3.9923820146679683|5.323176019557291
798.8|1.0|0.64|0.0|0|1.1945795097318488|2.3891590194636976|3.5837385291955464|4.778318038927395
799.0|1.0|0.64|0.0|0|1.7271853957627916|3.4543707915255832|5.181556187288375|6.9087415830511665
799.2|1.0|0.64|0.0|0|1.2713352967600815|2.542670593520163|3.8140058902802445|5.085341187040326
799.4|1.0|0.64|0.0|0|0.9726003309478992|1.9452006618957984|2.9178009928436976|3.890401323791597
799.6|1.0|0.64|0.0|0|1.3385416551004177|2.6770833102008353|4.015624965301253|5.354166620401671
799.8|1.0|0.64|0.0|0|1.1484539653599506|2.296907930719901|3.4453618960798518|4.593815861439802
800.0|1.0|0.64|0.0|0|1.0046719965204838|2.0093439930409676|3.0140159895614516|4.018687986081935
800.2|1.0|0.64|0.0|0|1.2172819251642806|2.434563850328561|3.6518457754928417|4.869127700657122
800.4|1.0|0.64|0.0|0|1.5967365922685728|3.1934731845371456|4.790209776805718|6.386946369074291
800.6|1.0|0.64|0.0|0|0.9617896558670336|1.9235793117340672|2.8853689676011007|3.8471586234681343
800.8|1.0|0.64|0.0|0|1.5655658151989351|3.1311316303978702|4.696697445596805|6.2622632607957405
801.0|1.0|0.64|0.0|0|1.307370877735085|2.61474175547017|3.922112633205255|5.22948351094034
801.2|1.0|0.64|0.0|0|1.4706120585621114|2.941224117124223|4.411836175686334|5.882448234248446
801.4|1.0|0.64|0.0|0|0.855845047298936|1.711690094597872|2.567535141896808|3.423380189195744
801.6|1.0|0.64|0.0|0|1.1120580285741026|2.2241160571482053|3.3361740857223077|4.4482321142964105
801.8|1.0|0.64|0.0|0|0.8044943438289927|1.6089886876579853|2.413483031486978|3.2179773753159706
802.0|1.0|0.64|0.0|0|1.3089924791111855|2.617984958222371|3.9269774373335564|5.235969916444742
802.2|1.0|0.64|0.0|0|1.7740316515357715|3.548063303071543|5.322094954607315|7.096126606143086
802.4|1.0|0.64|0.0|0|1.0390859768138043|2.0781719536276086|3.117257930441413|4.156343907255217
802.6|1.0|0.64|0.0|0|1.6951137296523682|3.3902274593047363|5.085341188957105|6.780454918609473
802.8|1.0|0.64|0.0|0|1.314938349532314|2.629876699064628|3.9448150485969418|5.259753398129256
803.0|1.0|0.64|0.0|0|1.75475261524378|3.50950523048756|5.264257845731341|7.01901046097512
803.2|1.0|0.64|0.0|0|1.1560214370157347|2.3120428740314694|3.468064311047204|4.624085748062939
803.4|1.0|0.64|0.0|0|1.3924148477159919|2.7848296954319838|4.177244543147975|5.5696593908639676
803.6|1.0|0.64|0.0|0|1.7228611262200881|3.4457222524401763|5.168583378660264|6.8914445048803525
803.8|1.0|0.64|0.0|0|1.6900687471521103|3.3801374943042206|5.07020624145633|6.760274988608441
804.0|1.0|0.64|0.0|0|1.6050247754401077|3.2100495508802154|4.815074326320323|6.420099101760431
804.2|1.0|0.64|0.0|0|1.3940364486840566|2.7880728973681133|4.18210934605217|5.5761457947362265
804.4|1.0|0.64|0.0|0|1.5167376025643913|3.0334752051287825|4.550212807693174|6.066950410257565
804.6|1.0|0.64|0.0|0|1.6947533723298709|3.3895067446597418|5.084260116989612|6.7790134893194836
804.8|1.0|0.64|0.0|0|1.232597047801829|2.465194095603658|3.6977911434054875|4.930388191207316
805.0|1.0|0.64|0.0|0|1.8280850222607858|3.6561700445215717|5.4842550667823575|7.312340089043143
805.2|1.0|0.64|0.0|0|1.036563486797969|2.073126973595938|3.1096904603939066|4.146253947191876
805.4|1.0|0.64|0.0|0|0.6682798484573147|1.3365596969146294|2.004839545371944|2.673119393829259
805.6|1.0|0.64|0.0|0|0.9760237104736743|1.9520474209473486|2.928071131421023|3.9040948418946972
805.8|1.0|0.64|0.0|0|1.4612428079667747|2.9224856159335495|4.383728423900324|5.844971231867099
806.0|1.0|0.64|0.0|0|1.3578206906770367|2.7156413813540734|4.07346207203111|5.431282762708147
806.2|1.0|0.64|0.0|0|1.1938587982876936|2.387717596575387|3.5815763948630805|4.775435193150774
806.4|1.0|0.64|0.0|0|1.2351195377187116|2.4702390754374233|3.7053586131561347|4.9404781508748465
806.6|1.0|0.64|0.0|0|1.372955635233085|2.74591127046617|4.118866905699255|5.49182254093234
806.8|1.0|0.64|0.0|0|1.0895357902382976|2.179071580476595|3.268607370714893|4.35814316095319
807.0|1.0|0.64|0.0|0|1.0691756875114524|2.138351375022905|3.2075270625343575|4.27670275004581
807.2|1.0|0.64|0.0|0|1.3082717669376882|2.6165435338753764|3.924815300813065|5.233087067750753
807.4|1.0|0.64|0.0|0|1.36791065380443|2.73582130760886|4.10373196141329|5.47164261521772
807.6|1.0|0.64|0.0|0|1.7125909851701013|3.4251819703402027|5.137772955510304|6.850363940680405
807.8|1.0|0.64|0.0|0|1.5336743267322903|3.0673486534645806|4.601022980196872|6.134697306929161
808.0|1.0|0.64|0.0|0|1.35097393051081|2.70194786102162|4.052921791532429|5.40389572204324
808.2|1.0|0.64|0.0|0|1.5361968161072597|3.0723936322145193|4.608590448321778|6.144787264429039
808.4|1.0|0.64|0.0|0|1.2871909520600469|2.5743819041200937|3.8615728561801403|5.148763808240187
808.6|1.0|0.64|0.0|0|1.7008794219855932|3.4017588439711863|5.10263826595678|6.803517687942373
808.8|1.0|0.64|0.0|0|1.4864677139796563|2.9729354279593125|4.459403141938969|5.945870855918625
809.0|1.0|0.64|0.0|0|1.435117012030679|2.870234024061358|4.305351036092038|5.740468048122716
809.2|1.0|0.64|0.0|0|1.6797986068821062|3.3595972137642125|5.039395820646319|6.719194427528425
809.4|1.0|0.64|0.0|0|1.6023221081140233|3.2046442162280466|4.80696632434207|6.409288432456093
809.6|1.0|0.64|0.0|0|0.992059544053046|1.984119088106092|2.976178632159138|3.968238176212184
809.8|1.0|0.64|0.0|0|1.1475530754833028|2.2951061509666055|3.442659226449908|4.590212301933211
810.0|1.0|0.64|0.0|0|1.5479083803476548|3.0958167606953095|4.643725141042964|6.191633521390619
810.2|1.0|0.64|0.0|0|1.131517242133269|2.263034484266538|3.3945517263998073|4.526068968533076
810.4|1.0|0.64|0.0|0|1.5722323972726022|3.1444647945452044|4.716697191817807|6.288929589090409
810.6|1.0|0.64|0.0|0|2.0551091822702454|4.110218364540491|6.165327546810737|8.220436729080982
810.8|1.0|0.64|0.0|0|1.1315172425512001|2.2630344851024002|3.3945517276536004|4.5260689702048005
811.0|1.0|0.64|0.0|0|1.3295327595394348|2.6590655190788697|3.988598278618305|5.318131038157739
811.2|1.0|0.64|0.0|0|1.2794433017994755|2.558886603598951|3.8383299053984263|5.117773207197902
811.4|1.0|0.64|0.0|0|1.3628656716435228|2.7257313432870456|4.088597014930569|5.451462686574091
811.6|1.0|0.64|0.0|0|1.0895357904059357|2.1790715808118715|3.268607371217807|4.358143161623743
811.8|1.0|0.64|0.0|0|1.1048509129468593|2.2097018258937187|3.3145527388405784|4.419403651787437
812.0|1.0|0.64|0.0|0|1.4124145952553966|2.824829190510793|4.23724378576619|5.649658381021586
812.2|1.0|0.64|0.0|0|2.157630410202548|4.315260820405096|6.472891230607644|8.630521640810192
812.4|1.0|0.64|0.0|0|1.51583671242057|3.03167342484114|4.54751013726171|6.06334684968228
812.6|1.0|0.64|0.0|0|1.633853240385071|3.267706480770142|4.901559721155213|6.535412961540284
812.8|1.0|0.64|0.0|0|1.7790766324236773|3.5581532648473546|5.3372298972710315|7.116306529694709
813.0|1.0|0.64|0.0|0|1.7277259287465145|3.455451857493029|5.183177786239544|6.910903714986058
813.2|1.0|0.64|0.0|0|1.1567421484459202|2.3134842968918403|3.4702264453377607|4.626968593783681
813.4|1.0|0.64|0.0|0|1.832769647648094|3.665539295296188|5.4983089429442815|7.331078590592376
813.6|1.0|0.64|0.0|0|1.217281925380231|2.434563850760462|3.6518457761406933|4.869127701520924
813.8|1.0|0.64|0.0|0|1.5511515826714473|3.1023031653428945|4.653454748014341|6.204606330685789
814.0|1.0|0.64|0.0|0|1.4814227337058414|2.962845467411683|4.4442682011175245|5.925690934823366
814.2|1.0|0.64|0.0|0|1.1071932247577942|2.2143864495155885|3.321579674273383|4.428772899031177
814.4|1.0|0.64|0.0|0|1.307370877452778|2.614741754905556|3.922112632358334|5.229483509811112
814.6|1.0|0.64|0.0|0|1.0080953766655885|2.016190753331177|3.0242861299967654|4.032381506662354
814.8|1.0|0.64|0.0|0|1.7075460034998848|3.4150920069997697|5.122638010499654|6.830184013999539
815.0|1.0|0.64|0.0|0|1.0003477271704477|2.0006954543408955|3.0010431815113434|4.001390908681791
815.2|1.0|0.64|0.0|0|1.5008819471596522|3.0017638943193043|4.502645841478956|6.003527788638609
815.4|1.0|0.64|0.0|0|1.513494400889032|3.026988801778064|4.540483202667096|6.053977603556128
815.6|1.0|0.64|0.0|0|1.4302522085857357|2.8605044171714713|4.290756625757207|5.721008834342943
815.8|1.0|0.64|0.0|0|1.1700753146404177|2.3401506292808354|3.5102259439212533|4.680301258561671
816.0|1.0|0.64|0.0|0|1.7742118278954893|3.5484236557909785|5.322635483686468|7.096847311581957
816.2|1.0|0.64|0.0|0|1.3241274221520882|2.6482548443041765|3.9723822664562647|5.296509688608353
816.4|1.0|0.64|0.0|0|1.5825025383755578|3.1650050767511155|4.747507615126674|6.330010153502231
816.6|1.0|0.64|0.0|0|1.7749325402744596|3.549865080548919|5.324797620823379|7.099730161097838
816.8|1.0|0.64|0.0|0|1.7974547780409937|3.5949095560819875|5.392364334122981|7.189819112163975
817.0|1.0|0.64|0.0|0|1.3325957831996504|2.665191566399301|3.9977873495989513|5.330383132798602
817.2|1.0|0.64|0.0|0|1.3906130696833146|2.781226139366629|4.171839209049944|5.562452278733258
817.4|1.0|0.64|0.0|0|1.0322392168664383|2.0644784337328765|3.096717650599315|4.128956867465753
817.6|1.0|0.64|0.0|0|1.2241286854847577|2.4482573709695155|3.6723860564542736|4.896514741939031
817.8|1.0|0.64|0.0|0|1.410072282951443|2.820144565902886|4.230216848854329|5.640289131805772
818.0|1.0|0.64|0.0|0|1.3082717673887976|2.616543534777595|3.924815302166393|5.23308706955519
818.2|1.0|0.64|0.0|0|1.4882694932760219|2.9765389865520437|4.464808479828066|5.9530779731040875
818.4|1.0|0.64|0.0|0|1.191336307435414|2.382672614870828|3.5740089223062417|4.765345229741656
818.6|1.0|0.64|0.0|0|0.7884585111704662|1.5769170223409323|2.3653755335113984|3.1538340446818647
818.8|1.0|0.64|0.0|0|1.5561965647176854|3.112393129435371|4.668589694153056|6.224786258870742
819.0|1.0|0.64|0.0|0|1.7538517254148625|3.507703450829725|5.261555176244587|7.01540690165945
819.2|1.0|0.64|0.0|0|1.459621207516758|2.919242415033516|4.378863622550274|5.838484830067032
819.4|1.0|0.64|0.0|0|1.4453871525329318|2.8907743050658636|4.336161457598795|5.781548610131727
819.6|1.0|0.64|0.0|0|1.4907919853134095|2.981583970626819|4.472375955940228|5.963167941253638
819.8|1.0|0.64|0.0|0|1.5016026589111438|3.0032053178222875|4.5048079767334315|6.006410635644575
820.0|1.0|0.64|0.0|0|1.5724125745624784|3.144825149124957|4.717237723687435|6.289650298249914
820.2|1.0|0.64|0.0|0|1.3999823200190453|2.7999646400380906|4.199946960057136|5.599929280076181
820.4|1.0|0.64|0.0|0|1.8327696471026882|3.6655392942053764|5.498308941308065|7.331078588410753
820.6|1.0|0.64|0.0|0|1.4158379763452116|2.831675952690423|4.247513929035635|5.663351905380846
820.8|1.0|0.64|0.0|0|1.4497114220727247|2.8994228441454495|4.349134266218174|5.798845688290899
821.0|1.0|0.64|0.0|0|0.8707998146506732|1.7415996293013465|2.61239944395202|3.483199258602693
821.2|1.0|0.64|0.0|0|1.8178148820216318|3.6356297640432635|5.453444646064895|7.271259528086527
821.4|1.0|0.64|0.0|0|1.425207227119246|2.850414454238492|4.2756216813577375|5.700828908476984
821.6|1.0|0.64|0.0|0|1.214038723614068|2.428077447228136|3.6421161708422036|4.856154894456272
821.8|1.0|0.64|0.0|0|1.5084494194528102|3.0168988389056204|4.525348258358431|6.033797677811241
822.0|1.0|0.64|0.0|0|1.5527731833205338|3.1055463666410676|4.658319549961602|6.211092733282135
822.2|1.0|0.64|0.0|0|1.7740316505270328|3.5480633010540656|5.322094951581098|7.096126602108131
822.4|1.0|0.64|0.0|0|1.7524103018676411|3.5048206037352823|5.257230905602923|7.0096412074705645
822.6|1.0|0.64|0.0|0|1.4554771147668375|2.910954229533675|4.366431344300512|5.82190845906735
822.8|1.0|0.64|0.0|0|1.4848461135709672|2.9696922271419344|4.454538340712902|5.939384454283869
823.0|1.0|0.64|0.0|0|1.7587165284453674|3.517433056890735|5.2761495853361025|7.03486611378147
823.2|1.0|0.64|0.0|0|2.231683529273143|4.463367058546286|6.69505058781943|8.926734117092572
823.4|1.0|0.64|0.0|0|2.0464606436144113|4.0929212872288225|6.139381930843234|8.185842574457645
823.6|1.0|0.64|0.0|0|1.4300720309361363|2.8601440618722727|4.290216092808409|5.720288123744545
823.8|1.0|0.64|0.0|0|1.7244827265240035|3.448965453048007|5.17344817957201|6.897930906096014
824.0|1.0|0.64|0.0|0|0.6253975079656817|1.2507950159313634|1.8761925238970452|2.501590031862727
824.2|1.0|0.64|0.0|0|1.200705557340408|2.401411114680816|3.6021166720212237|4.802822229361632
824.4|1.0|0.64|0.0|0|1.0558425216167244|2.111685043233449|3.167527564850173|4.223370086466898
824.6|1.0|0.64|0.0|0|1.2585426645819109|2.5170853291638218|3.775627993745733|5.0341706583276435
824.8|1.0|0.64|0.0|0|1.5855655630573178|3.1711311261146355|4.756696689171954|6.342262252229271
825.0|1.0|0.64|0.0|0|1.6057454879663433|3.2114909759326866|4.81723646389903|6.422981951865373
825.2|1.0|0.64|0.0|0|1.6655645522300635|3.331129104460127|4.996693656690191|6.662258208920254
825.4|1.0|0.64|0.0|0|1.6235831004165826|3.247166200833165|4.870749301249748|6.49433240166633
825.6|1.0|0.64|0.0|0|1.705203691150529|3.410407382301058|5.1156110734515865|6.820814764602116
825.8|1.0|0.64|0.0|0|0.965213036694914|1.930426073389828|2.8956391100847423|3.860852146779656
826.0|1.0|0.64|0.0|0|1.8718682530598032|3.7437365061196064|5.61560475917941|7.487473012239213
826.2|1.0|0.64|0.0|0|2.144117068640773|4.288234137281546|6.43235120592232|8.576468274563092
826.4|1.0|0.64|0.0|0|1.7825000122038197|3.5650000244076394|5.347500036611459|7.130000048815279
826.6|1.0|0.64|0.0|0|1.2855693511257424|2.571138702251485|3.8567080533772278|5.14227740450297
826.8|1.0|0.64|0.0|0|1.5765566668903934|3.153113333780787|4.72967000067118|6.306226667561574
827.0|1.0|0.64|0.0|0|1.2064712513017013|2.4129425026034026|3.619413753905104|4.825885005206805
827.2|1.0|0.64|0.0|0|1.2399843408807658|2.4799686817615316|3.719953022642297|4.959937363523063
827.4|1.0|0.64|0.0|0|0.9399881297606052|1.8799762595212104|2.8199643892818154|3.759952519042421
827.6|1.0|0.64|0.0|0|0.8709799929225126|1.7419599858450252|2.612939978767538|3.4839199716900504
827.8|1.0|0.64|0.0|0|0.9938613226253082|1.9877226452506165|2.981583967875925|3.975445290501233
828.0|1.0|0.64|0.0|0|1.2030478706379664|2.4060957412759327|3.6091436119138995|4.8121914825518655
828.2|1.0|0.64|0.0|0|1.2956593134993466|2.591318626998693|3.88697794049804|5.182637253997386
828.4|1.0|0.64|0.0|0|1.1064725140982783|2.2129450281965566|3.319417542294835|4.425890056393113
828.6|1.0|0.64|0.0|0|0.8843131578195615|1.768626315639123|2.6529394734586846|3.537252631278246
828.8|1.0|0.64|0.0|0|1.992046917036643|3.984093834073286|5.97614075110993|7.968187668146572
829.0|1.0|0.64|0.0|0|0.6774689221731393|1.3549378443462785|2.032406766519418|2.709875688692557
829.2|1.0|0.64|0.0|0|1.1560214383003777|2.3120428766007555|3.468064314901133|4.624085753201511
829.4|1.0|0.64|0.0|0|1.5217825845233177|3.0435651690466354|4.565347753569953|6.087130338093271
829.6|1.0|0.64|0.0|0|1.6976362190063825|3.395272438012765|5.092908657019147|6.79054487602553
829.8|1.0|0.64|0.0|0|1.460341918842752|2.920683837685504|4.381025756528255|5.841367675371008
830.0|1.0|0.64|0.0|0|1.2913350434333564|2.5826700868667127|3.874005130300069|5.1653401737334255
830.2|1.0|0.64|0.0|0|1.7709686260495816|3.541937252099163|5.312905878148745|7.083874504198326
830.4|1.0|0.64|0.0|0|1.6715104231506135|3.343020846301227|5.01453126945184|6.686041692602454
830.6|1.0|0.64|0.0|0|1.515116001434509|3.030232002869018|4.545348004303527|6.060464005738036
830.8|1.0|0.64|0.0|0|1.4972783895983608|2.9945567791967216|4.491835168795082|5.989113558393443
831.0|1.0|0.64|0.0|0|1.7405185596871904|3.4810371193743808|5.221555679061571|6.9620742387487615
831.2|1.0|0.64|0.0|0|1.3307940049649927|2.6615880099299853|3.992382014894978|5.323176019859971
831.4|1.0|0.64|0.0|0|1.530070768250736|3.060141536501472|4.590212304752208|6.120283073002944
831.6|1.0|0.64|0.0|0|1.2981818036490598|2.5963636072981195|3.8945454109471793|5.192727214596239
831.8|1.0|0.64|0.0|0|1.3241274229000568|2.6482548458001136|3.97238226870017|5.296509691600227
832.0|1.0|0.64|0.0|0|1.4352971904189338|2.8705943808378676|4.305891571256802|5.741188761675735
832.2|1.0|0.64|0.0|0|1.6345739520370277|3.2691479040740554|4.9037218561110825|6.538295808148111
832.4|1.0|0.64|0.0|0|1.3275508028588967|2.6551016057177934|3.9826524085766906|5.310203211435587
832.6|1.0|0.64|0.0|0|1.398180541826297|2.796361083652594|4.194541625478891|5.592722167305188
832.8|1.0|0.64|0.0|0|2.0120466630911706|4.024093326182341|6.0361399892735115|8.048186652364683
833.0|1.0|0.64|0.0|0|0.8003502523346113|1.6007005046692226|2.401050757003834|3.2014010093384453
833.2|1.0|0.64|0.0|0|1.4534951578971245|2.906990315794249|4.360485473691373|5.813980631588498
833.4|1.0|0.64|0.0|0|1.3596224701945916|2.719244940389183|4.078867410583775|5.438489880778366
833.6|1.0|0.64|0.0|0|0.8104402155050783|1.6208804310101566|2.4313206465152346|3.241760862020313
833.8|1.0|0.64|0.0|0|1.4025048109429203|2.8050096218858407|4.207514432828761|5.610019243771681
834.0|1.0|0.64|0.0|0|1.3770997266372444|2.754199453274489|4.131299179911734|5.508398906548978
834.2|1.0|0.64|0.0|0|1.632952351670248|3.265904703340496|4.898857055010744|6.531809406680992
834.4|1.0|0.64|0.0|0|1.322505821872038|2.645011643744076|3.967517465616114|5.290023287488152
834.6|1.0|0.64|0.0|0|1.5192600928887272|3.0385201857774544|4.557780278666182|6.077040371554909
834.8|1.0|0.64|0.0|0|1.3738565247546661|2.7477130495093323|4.121569574263998|5.4954260990186645
835.0|1.0|0.64|0.0|0|1.295659313412617|2.591318626825234|3.8869779402378515|5.182637253650468
835.2|1.0|0.64|0.0|0|1.3662890524271656|2.732578104854331|4.0988671572814965|5.465156209708662
835.4|1.0|0.64|0.0|0|1.5713315076322774|3.1426630152645547|4.713994522896832|6.285326030529109
835.6|1.0|0.64|0.0|0|1.6201597198570394|3.240319439714079|4.860479159571119|6.480638879428158
835.8|1.0|0.64|0.0|0|1.8985345835884817|3.7970691671769634|5.695603750765445|7.594138334353927
836.0|1.0|0.64|0.0|0|1.7446626526932247|3.4893253053864495|5.233987958079674|6.978650610772899
836.2|1.0|0.64|0.0|0|1.647907116892167|3.295814233784334|4.943721350676501|6.591628467568668
836.4|1.0|0.64|0.0|0|1.6093490456871238|3.2186980913742476|4.828047137061371|6.437396182748495
836.6|1.0|0.64|0.0|0|1.8691655841644403|3.7383311683288807|5.607496752493321|7.476662336657761
836.8|1.0|0.64|0.0|0|1.5864664524415288|3.1729329048830577|4.759399357324587|6.345865809766115
837.0|1.0|0.64|0.0|0|2.020334846707412|4.040669693414824|6.061004540122236|8.081339386829647
837.2|1.0|0.64|0.0|0|1.6907894586765921|3.3815789173531843|5.072368376029776|6.7631578347063686
837.4|1.0|0.64|0.0|0|1.4603419186314581|2.9206838372629162|4.381025755894374|5.8413676745258325
837.6|1.0|0.64|0.0|0|1.970065211402254|3.940130422804508|5.9101956342067625|7.880260845609016
837.8|1.0|0.64|0.0|0|1.903579564633548|3.807159129267096|5.710738693900645|7.614318258534192
838.0|1.0|0.64|0.0|0|1.1814265221584366|2.362853044316873|3.5442795664753097|4.725706088633746
838.2|1.0|0.64|0.0|0|1.2241286855918598|2.4482573711837197|3.6723860567755797|4.896514742367439
838.4|1.0|0.64|0.0|0|1.6116913586220485|3.223382717244097|4.835074075866146|6.446765434488194
838.6|1.0|0.64|0.0|0|1.127373150975328|2.254746301950656|3.382119452925984|4.509492603901312
838.8|1.0|0.64|0.0|0|1.1149408750614394|2.2298817501228787|3.3448226251843183|4.459763500245757
839.0|1.0|0.64|0.0|0|1.05079754031438|2.10159508062876|3.1523926209431403|4.20319016125752
839.2|1.0|0.64|0.0|0|1.6563754788396197|3.3127509576792393|4.9691264365188585|6.625501915358479
839.4|1.0|0.64|0.0|0|1.1981830674613603|2.3963661349227205|3.5945492023840813|4.792732269845441
839.6|1.0|0.64|0.0|0|1.6396189337683624|3.279237867536725|4.918856801305087|6.55847573507345
839.8|1.0|0.64|0.0|0|1.7034019117191217|3.4068038234382434|5.110205735157365|6.813607646876487
840.0|1.0|0.64|0.0|0|1.5419625092344371|3.0839250184688742|4.625887527703312|6.1678500369377485
840.2|1.0|0.64|0.0|0|1.5999797952262467|3.1999595904524933|4.79993938567874|6.399919180904987
840.4|1.0|0.64|0.0|0|1.6942128391156455|3.388425678231291|5.082638517346936|6.776851356462582
840.6|1.0|0.64|0.0|0|1.1659312219556897|2.3318624439113793|3.497793665867069|4.663724887822759
840.8|1.0|0.64|0.0|0|1.1576430391450423|2.3152860782900846|3.4729291174351267|4.630572156580169
841.0|1.0|0.64|0.0|0|1.4199820677045512|2.8399641354091023|4.259946203113654|5.679928270818205
841.2|1.0|0.64|0.0|0|0.7709812553867239|1.5419625107734478|2.3129437661601715|3.0839250215468956
841.4|1.0|0.64|0.0|0|0.7288196246937156|1.4576392493874313|2.186458874081147|2.9152784987748626
841.6|1.0|0.64|0.0|0|1.5857457394758254|3.171491478951651|4.757237218427476|6.342982957903302
841.8|1.0|0.64|0.0|0|1.3906130693259195|2.781226138651839|4.171839207977759|5.562452277303678
842.0|1.0|0.64|0.0|0|1.5452057115326183|3.0904114230652366|4.635617134597855|6.180822846130473
842.2|1.0|0.64|0.0|0|1.2810649037983979|2.5621298075967958|3.8431947113951934|5.1242596151935915
842.4|1.0|0.64|0.0|0|1.1064725133252806|2.2129450266505613|3.319417539975842|4.4258900533011225
842.6|1.0|0.64|0.0|0|1.7909683749562844|3.5819367499125687|5.372905124868853|7.163873499825137
842.8|1.0|0.64|0.0|0|1.761058841932101|3.522117683864202|5.283176525796303|7.044235367728404
843.0|1.0|0.64|0.0|0|1.4107929942489148|2.8215859884978296|4.232378982746744|5.643171976995659
843.2|1.0|0.64|0.0|0|1.7244827277841992|3.4489654555683984|5.173448183352598|6.897930911136797
843.4|1.0|0.64|0.0|0|2.0893429846921956|4.178685969384391|6.268028954076586|8.357371938768782
843.6|1.0|0.64|0.0|0|1.4174595773889462|2.8349191547778925|4.2523787321668385|5.669838309555785
843.8|1.0|0.64|0.0|0|1.7210593467252344|3.442118693450469|5.163178040175703|6.884237386900938
844.0|1.0|0.64|0.0|0|1.2306150895752954|2.461230179150591|3.6918452687258867|4.922460358301182
844.2|1.0|0.64|0.0|0|1.2407050526241084|2.4814101052482167|3.7221151578723255|4.962820210496433
844.4|1.0|0.64|0.0|0|2.041595839954682|4.083191679909364|6.124787519864045|8.166383359818727
844.6|1.0|0.64|0.0|0|1.2987223382806417|2.5974446765612833|3.896167014841925|5.194889353122567
844.8|1.0|0.64|0.0|0|0.8457550854666632|1.6915101709333265|2.5372652563999893|3.383020341866653
845.0|1.0|0.64|0.0|0|1.6293487934727469|3.2586975869454937|4.888046380418241|6.517395173890987
845.2|1.0|0.64|0.0|0|1.6277271924878018|3.2554543849756037|4.8831815774634055|6.510908769951207
845.4|1.0|0.64|0.0|0|1.2587228430074184|2.517445686014837|3.7761685290222555|5.034891372029674
845.6|1.0|0.64|0.0|0|1.9279035820282315|3.855807164056463|5.783710746084695|7.711614328112926
845.8|1.0|0.64|0.0|0|1.5401607299322508|3.0803214598645017|4.6204821897967525|6.160642919729003
846.0|1.0|0.64|0.0|0|1.6462855167943067|3.2925710335886134|4.93885655038292|6.585142067177227
846.2|1.0|0.64|0.0|0|1.5621424339734964|3.124284867946993|4.686427301920489|6.248569735893986
846.4|1.0|0.64|0.0|0|0.7992691859847407|1.5985383719694815|2.397807557954222|3.197076743938963
846.6|1.0|0.64|0.0|0|1.5857457403588355|3.171491480717671|4.757237221076506|6.342982961435342
846.8|1.0|0.64|0.0|0|1.3333164958551071|2.6666329917102143|3.999949487565322|5.333265983420429
847.0|1.0|0.64|0.0|0|1.7185368554899485|3.437073710979897|5.1556105664698455|6.874147421959794
847.2|1.0|0.64|0.0|0|2.0354697906516974|4.070939581303395|6.106409371955093|8.14187916260679
847.4|1.0|0.64|0.0|0|1.5199808052356834|3.0399616104713667|4.5599424157070505|6.079923220942733
847.6|1.0|0.64|0.0|0|1.8091663429618363|3.6183326859236726|5.427499028885509|7.236665371847345
847.8|1.0|0.64|0.0|0|2.2466382946737595|4.493276589347519|6.739914884021279|8.986553178695038
848.0|1.0|0.64|0.0|0|2.1491620488476495|4.298324097695299|6.447486146542948|8.596648195390598
848.2|1.0|0.64|0.0|0|1.7320501990354402|3.4641003980708804|5.196150597106321|6.928200796141761
848.4|1.0|0.64|0.0|0|2.1188921600970225|4.237784320194045|6.356676480291068|8.47556864038809
848.6|1.0|0.64|0.0|0|1.2695335183618601|2.5390670367237202|3.8086005550855804|5.0781340734474405
848.8|1.0|0.64|0.0|0|1.3846671989205073|2.7693343978410145|4.154001596761522|5.538668795682029
849.0|1.0|0.64|0.0|0|1.2289934894570627|2.4579869789141253|3.6869804683711878|4.915973957828251
849.2|1.0|0.64|0.0|0|1.5250257864320897|3.0500515728641795|4.5750773592962695|6.100103145728359
849.4|1.0|0.64|0.0|0|1.6479071177984603|3.2958142355969207|4.9437213533953805|6.591628471193841
849.6|1.0|0.64|0.0|0|1.1837688347516824|2.3675376695033648|3.5513065042550473|4.7350753390067295
849.8|1.0|0.64|0.0|0|0.8709799919422957|1.7419599838845914|2.6129399758268868|3.483919967769183
850.0|1.0|0.64|0.0|0|0.8572864708228742|1.7145729416457485|2.5718594124686227|3.429145883291497
850.2|1.0|0.64|0.0|0|1.208092852186529|2.416185704373058|3.624278556559587|4.832371408746116
850.4|1.0|0.64|0.0|0|1.4259279390727182|2.8518558781454364|4.277783817218155|5.703711756290873
850.6|1.0|0.64|0.0|0|1.4956567879952503|2.9913135759905005|4.486970363985751|5.982627151981001
850.8|1.0|0.64|0.0|0|1.685744477596601|3.371488955193202|5.057233432789803|6.742977910386404
851.0|1.0|0.64|0.0|0|1.5010621250368434|3.002124250073687|4.5031863751105305|6.004248500147374
851.2|1.0|0.64|0.0|0|1.5268275664839908|3.0536551329679815|4.580482699451972|6.107310265935963
851.4|1.0|0.64|0.0|0|1.0893556122033634|2.178711224406727|3.2680668366100902|4.357422448813454
851.6|1.0|0.64|0.0|0|1.1776427861914283|2.3552855723828565|3.5329283585742846|4.710571144765713
851.8|1.0|0.64|0.0|0|0.9466547129309046|1.8933094258618093|2.839964138792714|3.7866188517236186
852.0|1.0|0.64|0.0|0|1.4443060852726934|2.888612170545387|4.33291825581808|5.777224341090774
852.2|1.0|0.64|0.0|0|1.5940339245949886|3.188067849189977|4.782101773784966|6.376135698379954
852.4|1.0|0.64|0.0|0|1.430792741919869|2.861585483839738|4.292378225759607|5.723170967679476
852.6|1.0|0.64|0.0|0|1.6570961906673634|3.3141923813347267|4.9712885720020905|6.628384762669453
852.8|1.0|0.64|0.0|0|1.434216122045183|2.868432244090366|4.302648366135549|5.736864488180732
853.0|1.0|0.64|0.0|0|1.6788977173552864|3.3577954347105727|5.036693152065859|6.7155908694211455
853.2|1.0|0.64|0.0|0|2.290421526306893|4.580843052613786|6.8712645789206785|9.161686105227572
853.4|1.0|0.64|0.0|0|1.7201584570226274|3.4403169140452547|5.160475371067882|6.8806338280905095
853.6|1.0|0.64|0.0|0|1.1156615871569384|2.231323174313877|3.3469847614708153|4.462646348627754
853.8|1.0|0.64|0.0|0|1.928984649252381|3.857969298504762|5.7869539477571434|7.715938597009524
854.0|1.0|0.64|0.0|0|1.2713352976093313|2.5426705952186626|3.814005892827994|5.085341190437325
854.2|1.0|0.64|0.0|0|1.6345739527785932|3.2691479055571864|4.903721858335779|6.538295811114373
854.4|1.0|0.64|0.0|0|1.5030440817651118|3.0060881635302237|4.509132245295336|6.012176327060447
854.6|1.0|0.64|0.0|0|1.8194364830781722|3.6388729661563444|5.458309449234516|7.277745932312689
854.8|1.0|0.64|0.0|0|2.335826357404005|4.67165271480801|7.007479072212015|9.34330542961602
855.0|1.0|0.64|0.0|0|1.770608270691011|3.541216541382022|5.3118248120730325|7.082433082764044
855.2|1.0|0.64|0.0|0|2.054929004511216|4.109858009022432|6.164787013533647|8.219716018044863
855.4|1.0|0.64|0.0|0|1.0544010992872073|2.1088021985744145|3.163203297861622|4.217604397148829
855.6|1.0|0.64|0.0|0|1.730428598118016|3.460857196236032|5.191285794354049|6.921714392472064
855.8|1.0|0.64|0.0|0|1.3888112901517902|2.7776225803035803|4.1664338704553705|5.555245160607161
856.0|1.0|0.64|0.0|0|1.6864651892287672|3.3729303784575344|5.059395567686302|6.745860756915069
856.2|1.0|0.64|0.0|0|2.0558298940083497|4.111659788016699|6.167489682025049|8.223319576033399
856.4|1.0|0.64|0.0|0|1.8832194612873734|3.7664389225747468|5.64965838386212|7.5328778451494935
856.6|1.0|0.64|0.0|0|2.0902438741538227|4.1804877483076455|6.270731622461468|8.360975496615291
856.8|1.0|0.64|0.0|0|1.5268275646970155|3.053655129394031|4.580482694091047|6.107310258788062
857.0|1.0|0.64|0.0|0|1.7379960699041854|3.475992139808371|5.213988209712556|6.951984279616742
857.2|1.0|0.64|0.0|0|2.2415933132427766|4.483186626485553|6.72477993972833|8.966373252971106
857.4|1.0|0.64|0.0|0|2.118171448104551|4.236342896209102|6.354514344313653|8.472685792418204
857.6|1.0|0.64|0.0|0|1.5495299821224775|3.099059964244955|4.648589946367433|6.19811992848991
857.8|1.0|0.64|0.0|0|0.90305165904807|1.80610331809614|2.7091549771442103|3.61220663619228
858.0|1.0|0.64|0.0|0|1.294758423715249|2.589516847430498|3.884275271145747|5.179033694860996
858.2|1.0|0.64|0.0|0|1.3444875262316793|2.6889750524633587|4.033462578695038|5.377950104926717
858.4|1.0|0.64|0.0|0|1.1190849664557037|2.2381699329114073|3.357254899367111|4.476339865822815
858.6|1.0|0.64|0.0|0|1.2536778624588634|2.5073557249177267|3.7610335873765903|5.0147114498354535
858.8|1.0|0.64|0.0|0|1.58484485136578|3.16968970273156|4.75453455409734|6.33937940546312
859.0|1.0|0.64|0.0|0|1.4244865168887204|2.848973033777441|4.273459550666161|5.697946067554882
859.2|1.0|0.64|0.0|0|1.1297154641040843|2.2594309282081686|3.389146392312253|4.518861856416337
859.4|1.0|0.64|0.0|0|1.5722323981125388|3.1444647962250776|4.716697194337616|6.288929592450155
859.6|1.0|0.64|0.0|0|0.8650341206713354|1.730068241342671|2.595102362014006|3.460136482685342
859.8|1.0|0.64|0.0|0|1.3686313652666298|2.7372627305332595|4.105894095799889|5.474525461066519
860.0|1.0|0.64|0.0|0|1.5990789056726513|3.1981578113453026|4.797236717017954|6.396315622690605
860.2|1.0|0.64|0.0|0|1.3621449604717795|2.724289920943559|4.086434881415338|5.448579841887118
860.4|1.0|0.64|0.0|0|1.0457525591156456|2.091505118231291|3.1372576773469363|4.183010236462582
860.6|1.0|0.64|0.0|0|1.4882694935536724|2.976538987107345|4.464808480661017|5.95307797421469
860.8|1.0|0.64|0.0|0|1.4257477614592076|2.851495522918415|4.277243284377622|5.70299104583683
861.0|1.0|0.64|0.0|0|1.5479083798616207|3.0958167597232413|4.643725139584862|6.191633519446483
861.2|1.0|0.64|0.0|0|1.1511566336470433|2.3023132672940867|3.4534699009411303|4.604626534588173
861.4|1.0|0.64|0.0|0|1.1789040309935819|2.3578080619871638|3.5367120929807454|4.7156161239743275
861.6|1.0|0.64|0.0|0|1.0794458281737762|2.1588916563475524|3.2383374845213284|4.317783312695105
861.8|1.0|0.64|0.0|0|1.2189035256451473|2.4378070512902945|3.6567105769354415|4.875614102580589
862.0|1.0|0.64|0.0|0|0.6781896343274281|1.3563792686548561|2.034568902982284|2.7127585373097123
862.2|1.0|0.64|0.0|0|1.651510676022737|3.303021352045474|4.95453202806821|6.606042704090948
862.4|1.0|0.64|0.0|0|1.1325983094156264|2.265196618831253|3.397794928246879|4.530393237662506
862.6|1.0|0.64|0.0|0|1.614394026611118|3.228788053222236|4.843182079833355|6.457576106444472
862.8|1.0|0.64|0.0|0|1.3401632557983987|2.6803265115967974|4.020489767395197|5.360653023193595
863.0|1.0|0.64|0.0|0|1.4942153646191596|2.988430729238319|4.482646093857479|5.976861458476638
863.2|1.0|0.64|0.0|0|1.7077261820214351|3.4154523640428702|5.123178546064305|6.8309047280857405
863.4|1.0|0.64|0.0|0|1.8488054804963774|3.6976109609927548|5.546416441489132|7.3952219219855095
863.6|1.0|0.64|0.0|0|2.094387965700591|4.188775931401182|6.283163897101773|8.377551862802363
863.8|1.0|0.64|0.0|0|2.022857337055031|4.045714674110062|6.068572011165093|8.091429348220124
864.0|1.0|0.64|0.0|0|1.2711551185749714|2.542310237149943|3.8134653557249147|5.084620474299886
864.2|1.0|0.64|0.0|0|1.5569172756531058|3.1138345513062116|4.670751826959317|6.227669102612423
864.4|1.0|0.64|0.0|0|1.5149358241353197|3.0298716482706394|4.544807472405959|6.059743296541279
864.6|1.0|0.64|0.0|0|1.8035808273067249|3.6071616546134497|5.410742481920175|7.2143233092268995
864.8|1.0|0.64|0.0|0|1.5520524723589202|3.1041049447178404|4.65615741707676|6.208209889435681
865.0|1.0|0.64|0.0|0|1.5016026592178982|3.0032053184357963|4.5048079776536945|6.006410636871593
865.2|1.0|0.64|0.0|0|1.4443060849991174|2.888612169998235|4.332918254997352|5.77722433999647
865.4|1.0|0.64|0.0|0|1.7302484201628265|3.460496840325653|5.190745260488479|6.920993680651306
865.6|1.0|0.64|0.0|0|2.0803340887487884|4.160668177497577|6.241002266246365|8.321336354995154
865.8|1.0|0.64|0.0|0|1.498899989994826|2.997799979989652|4.496699969984479|5.995599959979304
866.0|1.0|0.64|0.0|0|1.3250283117679658|2.6500566235359315|3.9750849353038973|5.300113247071863
866.2|1.0|0.64|0.0|0|1.1131390962901069|2.2262781925802138|3.3394172888703206|4.4525563851604275
866.4|1.0|0.64|0.0|0|1.4778191748936673|2.9556383497873346|4.433457524681002|5.911276699574669
866.6|1.0|0.64|0.0|0|2.539967925215026|5.079935850430052|7.619903775645078|10.159871700860103
866.8|1.0|0.64|0.0|0|1.3879104003740952|2.7758208007481904|4.163731201122285|5.551641601496381
867.0|1.0|0.64|0.0|0|1.3891716459312022|2.7783432918624045|4.167514937793607|5.556686583724809
867.2|1.0|0.64|0.0|0|1.176201362120338|2.352402724240676|3.5286040863610135|4.704805448481352
867.4|1.0|0.64|0.0|0|1.828805734425552|3.657611468851104|5.486417203276656|7.315222937702208
867.6|1.0|0.64|0.0|0|1.2089937409549032|2.4179874819098064|3.626981222864709|4.835974963819613
867.8|1.0|0.64|0.0|0|0.9398079515952859|1.8796159031905717|2.819423854785857|3.7592318063811434
868.0|1.0|0.64|0.0|0|1.7733109398331741|3.5466218796663482|5.319932819499522|7.0932437593326965
868.2|1.0|0.64|0.0|0|1.6426819576590803|3.2853639153181606|4.928045872977241|6.570727830636321
868.4|1.0|0.64|0.0|0|1.9725877022987715|3.945175404597543|5.917763106896315|7.890350809195086
868.6|1.0|0.64|0.0|0|1.8632197132118762|3.7264394264237524|5.5896591396356285|7.452878852847505
868.8|1.0|0.64|0.0|0|1.658177258667421|3.316354517334842|4.974531776002263|6.632709034669684
869.0|1.0|0.64|0.0|0|1.7572751052735855|3.514550210547171|5.271825315820756|7.029100421094342
869.2|1.0|0.64|0.0|0|1.6109706468990785|3.221941293798157|4.832911940697236|6.443882587596314
869.4|1.0|0.64|0.0|0|1.3082717661350045|2.616543532270009|3.9248152984050138|5.233087064540018
869.6|1.0|0.64|0.0|0|1.886642841324794|3.773285682649588|5.659928523974382|7.546571365299176
869.8|1.0|0.64|0.0|0|1.5511515827098643|3.1023031654197286|4.653454748129593|6.204606330839457
870.0|1.0|0.64|0.0|0|2.0650189670251002|4.1300379340502005|6.195056901075301|8.260075868100401
870.2|1.0|0.64|0.0|0|0.7852153098426068|1.5704306196852136|2.3556459295278205|3.140861239370427
870.4|1.0|0.64|0.0|0|1.1080941140151126|2.216188228030225|3.324282342045338|4.43237645606045
870.6|1.0|0.64|0.0|0|1.6547538787109093|3.3095077574218186|4.964261636132728|6.619015514843637
870.8|1.0|0.64|0.0|0|1.8331300041277443|3.6662600082554886|5.499390012383233|7.332520016510977
871.0|1.0|0.64|0.0|0|0.9902577645744904|1.9805155291489809|2.970773293723471|3.9610310582979618
871.2|1.0|0.64|0.0|0|0.5983708215825032|1.1967416431650064|1.7951124647475096|2.393483286330013
871.4|1.0|0.64|0.0|0|1.6235831003630314|3.247166200726063|4.870749301089095|6.494332401452126
871.6|1.0|0.64|0.0|0|1.4167388646671328|2.8334777293342657|4.250216594001398|5.666955458668531
871.8|1.0|0.64|0.0|0|1.3369200533692505|2.673840106738501|4.010760160107751|5.347680213477002
872.0|1.0|0.64|0.0|0|1.2275520664080988|2.4551041328161975|3.6826561992242963|4.910208265632395
872.2|1.0|0.64|0.0|0|0.9801678022195128|1.9603356044390257|2.9405034066585385|3.9206712088780513
872.4|1.0|0.64|0.0|0|1.4907919839076944|2.981583967815389|4.472375951723083|5.963167935630778
872.6|1.0|0.64|0.0|0|1.4570987160335076|2.914197432067015|4.371296148100522|5.82839486413403
872.8|1.0|0.64|0.0|0|1.2828666819195507|2.5657333638391013|3.848600045758652|5.131466727678203
873.0|1.0|0.64|0.0|0|1.6614204600563987|3.3228409201127973|4.984261380169196|6.645681840225595
873.2|1.0|0.64|0.0|0|1.6882669679733242|3.3765339359466484|5.064800903919973|6.753067871893297
873.4|1.0|0.64|0.0|0|1.3552981999813358|2.7105963999626717|4.0658945999440075|5.421192799925343
873.6|1.0|0.64|0.0|0|1.3891716460860346|2.778343292172069|4.167514938258104|5.556686584344138
873.8|1.0|0.64|0.0|0|1.483044334421867|2.966088668843734|4.449133003265601|5.932177337687468
874.0|1.0|0.64|0.0|0|1.4612428085744626|2.9224856171489253|4.383728425723388|5.844971234297851
874.2|1.0|0.64|0.0|0|1.698356929943549|3.396713859887098|5.095070789830647|6.793427719774196
874.4|1.0|0.64|0.0|0|1.9262819798715662|3.8525639597431325|5.7788459396146985|7.705127919486265
874.6|1.0|0.64|0.0|0|1.421783846524196|2.843567693048392|4.265351539572588|5.687135386096784
874.8|1.0|0.64|0.0|0|1.1974623557413007|2.3949247114826013|3.5923870672239024|4.789849422965203
875.0|1.0|0.64|0.0|0|1.8421388983709055|3.684277796741811|5.526416695112717|7.368555593483622
875.2|1.0|0.64|0.0|0|1.2785424123960558|2.5570848247921116|3.8356272371881674|5.114169649584223
875.4|1.0|0.64|0.0|0|1.753671547536507|3.507343095073014|5.261014642609521|7.014686190146028
875.6|1.0|0.64|0.0|0|1.6992578204831823|3.3985156409663646|5.097773461449546|6.797031281932729
875.8|1.0|0.64|0.0|0|1.2677317385718936|2.535463477143787|3.803195215715681|5.070926954287574
876.0|1.0|0.64|0.0|0|1.526827564807028|3.053655129614056|4.580482694421084|6.107310259228112
876.2|1.0|0.64|0.0|0|1.6902489251072998|3.3804978502145997|5.0707467753219|6.760995700429199
876.4|1.0|0.64|0.0|0|1.1954803985299087|2.3909607970598175|3.5864411955897264|4.781921594119635
876.6|1.0|0.64|0.0|0|1.3250283116957884|2.6500566233915768|3.9750849350873647|5.3001132467831535
876.8|1.0|0.64|0.0|0|1.105571624324658|2.211143248649316|3.316714872973974|4.422286497298632
877.0|1.0|0.64|0.0|0|1.6277271921053775|3.255454384210755|4.883181576316133|6.51090876842151
877.2|1.0|0.64|0.0|0|1.5336743260017842|3.0673486520035684|4.601022978005353|6.134697304007137
877.4|1.0|0.64|0.0|0|2.129883013179062|4.259766026358124|6.389649039537186|8.519532052716247
877.6|1.0|0.64|0.0|0|1.3435866356419877|2.6871732712839753|4.030759906925963|5.374346542567951
877.8|1.0|0.64|0.0|0|1.3452082371333394|2.6904164742666787|4.035624711400018|5.3808329485333575
878.0|1.0|0.64|0.0|0|1.6025022860796903|3.2050045721593805|4.807506858239071|6.410009144318761
878.2|1.0|0.64|0.0|0|1.8767330570798384|3.753466114159677|5.630199171239515|7.506932228319354
878.4|1.0|0.64|0.0|0|1.3217851096630342|2.6435702193260684|3.9653553289891024|5.287140438652137
878.6|1.0|0.64|0.0|0|1.5133142226754002|3.0266284453508003|4.5399426680262005|6.053256890701601
878.8|1.0|0.64|0.0|0|1.4495312442258013|2.8990624884516025|4.348593732677404|5.798124976903205
879.0|1.0|0.64|0.0|0|1.678177006107291|3.356354012214582|5.034531018321872|6.712708024429164
879.2|1.0|0.64|0.0|0|2.028262674431318|4.056525348862636|6.084788023293955|8.113050697725273
879.4|1.0|0.64|0.0|0|1.2643083572358602|2.5286167144717204|3.7929250717075806|5.057233428943441
879.6|1.0|0.64|0.0|0|1.5680883058893973|3.1361766117787946|4.704264917668192|6.272353223557589
879.8|1.0|0.64|0.0|0|1.4956567873334292|2.9913135746668584|4.486970362000288|5.982627149333717
880.0|1.0|0.64|0.0|0|2.0641180784849005|4.128236156969801|6.192354235454701|8.256472313939602
880.2|1.0|0.64|0.0|0|1.5098908422078252|3.0197816844156504|4.529672526623476|6.039563368831301
880.4|1.0|0.64|0.0|0|1.4882694938435466|2.976538987687093|4.46480848153064|5.953077975374186
880.6|1.0|0.64|0.0|0|1.5136745782912489|3.0273491565824977|4.541023734873747|6.054698313164995
880.8|1.0|0.64|0.0|0|1.362865673056805|2.72573134611361|4.088597019170415|5.45146269222722
881.0|1.0|0.64|0.0|0|1.2803441914176812|2.5606883828353624|3.8410325742530436|5.121376765670725
881.2|1.0|0.64|0.0|0|0.7590895128139534|1.5181790256279069|2.2772685384418603|3.0363580512558137
881.4|1.0|0.64|0.0|0|1.3149383481446433|2.6298766962892866|3.9448150444339296|5.259753392578573
881.6|1.0|0.64|0.0|0|1.5401607301167692|3.0803214602335385|4.620482190350308|6.160642920467077
881.8|1.0|0.64|0.0|0|1.7536715475778344|3.5073430951556688|5.261014642733503|7.0146861903113376
882.0|1.0|0.64|0.0|0|1.8916878227907017|3.7833756455814034|5.675063468372105|7.566751291162807
882.2|1.0|0.64|0.0|0|1.1484539650753152|2.2969079301506303|3.445361895225945|4.593815860301261
882.4|1.0|0.64|0.0|0|1.346109127009405|2.69221825401881|4.038327381028215|5.38443650803762
882.6|1.0|0.64|0.0|0|1.3334966734104103|2.6669933468208207|4.000490020231231|5.333986693641641
882.8|1.0|0.64|0.0|0|1.3963787620520465|2.792757524104093|4.189136286156139|5.585515048208186
883.0|1.0|0.64|0.0|0|1.7506085229408943|3.5012170458817886|5.2518255688226825|7.002434091763577
883.2|1.0|0.64|0.0|0|1.8152923908998508|3.6305847817997017|5.445877172699552|7.261169563599403
883.4|1.0|0.64|0.0|0|1.954209555427662|3.908419110855324|5.862628666282986|7.816838221710648
883.6|1.0|0.64|0.0|0|1.612592248898583|3.225184497797166|4.8377767466957495|6.450368995594332
883.8|1.0|0.64|0.0|0|1.5367373504868023|3.0734747009736045|4.610212051460407|6.146949401947209
884.0|1.0|0.64|0.0|0|1.3124158583517431|2.6248317167034863|3.9372475750552294|5.2496634334069725
884.2|1.0|0.64|0.0|0|1.5823223602230443|3.1646447204460886|4.746967080669132|6.329289440892177
884.4|1.0|0.64|0.0|0|0.6909822646848631|1.3819645293697262|2.072946794054589|2.7639290587394525
884.6|1.0|0.64|0.0|0|1.362144960105071|2.724289920210142|4.086434880315213|5.448579840420284
884.8|1.0|0.64|0.0|0|1.3417848578240967|2.6835697156481935|4.02535457347229|5.367139431296387
885.0|1.0|0.64|0.0|0|1.0198069416865483|2.0396138833730966|3.059420825059645|4.079227766746193
885.2|1.0|0.64|0.0|0|1.1280938623449774|2.256187724689955|3.3842815870349328|4.51237544937991
885.4|1.0|0.64|0.0|0|1.1014275324950005|2.202855064990001|3.304282597485001|4.405710129980002
885.6|1.0|0.64|0.0|0|1.3165599509462493|2.6331199018924987|3.949679852838748|5.266239803784997
885.8|1.0|0.64|0.0|0|2.0068215044320112|4.0136430088640225|6.020464513296034|8.027286017728045
886.0|1.0|0.64|0.0|0|1.6252047012501876|3.250409402500375|4.8756141037505625|6.50081880500075
886.2|1.0|0.64|0.0|0|1.0938600600371147|2.1877201200742293|3.281580180111344|4.375440240148459
886.4|1.0|0.64|0.0|0|1.2956593134615115|2.591318626923023|3.886977940384535|5.182637253846046
886.6|1.0|0.64|0.0|0|1.2307952680019674|2.4615905360039347|3.6923858040059017|4.9231810720078695
886.8|1.0|0.64|0.0|0|1.4662877895595752|2.9325755791191503|4.398863368678725|5.865151158238301
887.0|1.0|0.64|0.0|0|1.8194364825083191|3.6388729650166383|5.458309447524957|7.2777459300332765
887.2|1.0|0.64|0.0|0|2.0122268411057322|4.0244536822114645|6.036680523317196|8.048907364422929
887.4|1.0|0.64|0.0|0|1.348631617818611|2.697263235637222|4.045894853455833|5.394526471274444
887.6|1.0|0.64|0.0|0|1.9306062507035693|3.8612125014071386|5.791818752110708|7.722425002814277
887.8|1.0|0.64|0.0|0|1.6949335506651566|3.389867101330313|5.08480065199547|6.779734202660626
888.0|1.0|0.64|0.0|0|1.4745759738195934|2.9491519476391868|4.42372792145878|5.8983038952783735
888.2|1.0|0.64|0.0|0|0.8019718540221227|1.6039437080442454|2.405915562066368|3.2078874160884907
888.4|1.0|0.64|0.0|0|0.9803479803301169|1.9606959606602339|2.941043940990351|3.9213919213204678
888.6|1.0|0.64|0.0|0|1.1021482442127317|2.2042964884254634|3.3064447326381954|4.408592976850927
888.8|1.0|0.64|0.0|0|1.1945795090927287|2.3891590181854574|3.5837385272781863|4.778318036370915
889.0|1.0|0.64|0.0|0|1.489891094985652|2.979782189971304|4.469673284956957|5.959564379942608
889.2|1.0|0.64|0.0|0|1.5343950372509438|3.0687900745018877|4.603185111752832|6.137580149003775
889.4|1.0|0.64|0.0|0|1.6043040645302986|3.2086081290605972|4.812912193590896|6.4172162581211944
889.6|1.0|0.64|0.0|0|1.45962120710523|2.91924241421046|4.3788636213156895|5.83848482842092
889.8|1.0|0.64|0.0|0|1.4360179013357277|2.8720358026714554|4.308053704007183|5.744071605342911
890.0|1.0|0.64|0.0|0|1.2954791358934028|2.5909582717868056|3.8864374076802086|5.181916543573611
890.2|1.0|0.64|0.0|0|1.464486010237016|2.928972020474032|4.393458030711049|5.857944040948064
890.4|1.0|0.64|0.0|0|1.7497076341300286|3.499415268260057|5.249122902390086|6.998830536520114
890.6|1.0|0.64|0.0|0|1.770608270821396|3.541216541642792|5.311824812464188|7.082433083285584
890.8|1.0|0.64|0.0|0|1.7657434674230188|3.5314869348460376|5.297230402269056|7.062973869692075
891.0|1.0|0.64|0.0|0|1.14358916195226|2.28717832390452|3.43076748585678|4.57435664780904
891.2|1.0|0.64|0.0|0|1.3055690982280077|2.6111381964560154|3.9167072946840236|5.222276392912031
891.4|1.0|0.64|0.0|0|1.3250283124053397|2.6500566248106794|3.975084937216019|5.300113249621359
891.6|1.0|0.64|0.0|0|1.1374631127651091|2.2749262255302183|3.412389338295328|4.549852451060437
891.8|1.0|0.64|0.0|0|1.2207053058029862|2.4414106116059724|3.6621159174089586|4.882821223211945
892.0|1.0|0.64|0.0|0|1.6915101703774431|3.3830203407548862|5.07453051113233|6.7660406815097724
892.2|1.0|0.64|0.0|0|1.2107955203781613|2.4215910407563226|3.632386561134484|4.843182081512645
892.4|1.0|0.64|0.0|0|1.216381035965752|2.432762071931504|3.649143107897256|4.865524143863008
892.6|1.0|0.64|0.0|0|1.51007102071948|3.02014204143896|4.530213062158441|6.04028408287792
892.8|1.0|0.64|0.0|0|1.4183604662102893|2.8367209324205787|4.2550813986308675|5.673441864841157
893.0|1.0|0.64|0.0|0|1.4596212073689108|2.9192424147378215|4.378863622106732|5.838484829475643
893.2|1.0|0.64|0.0|0|2.0145691546390316|4.029138309278063|6.043707463917095|8.058276618556127
893.4|1.0|0.64|0.0|0|1.43349541046715|2.8669908209343|4.30048623140145|5.7339816418686
893.6|1.0|0.64|0.0|0|1.76141919783957|3.52283839567914|5.28425759351871|7.04567679135828
893.8|1.0|0.64|0.0|0|1.574034176532879|3.148068353065758|4.722102529598637|6.296136706131516
894.0|1.0|0.64|0.0|0|1.4747561508568483|2.9495123017136966|4.424268452570545|5.899024603427393
894.2|1.0|0.64|0.0|0|1.062689282928478|2.125378565856956|3.188067848785434|4.250757131713912
894.4|1.0|0.64|0.0|0|1.3342173857364117|2.6684347714728234|4.002652157209235|5.336869542945647
894.6|1.0|0.64|0.0|0|1.3659286970819824|2.731857394163965|4.097786091245947|5.46371478832793
894.8|1.0|0.64|0.0|0|1.6531322765874226|3.306264553174845|4.959396829762268|6.61252910634969
895.0|1.0|0.64|0.0|0|1.1273731506906925|2.254746301381385|3.3821194520720774|4.50949260276277
895.2|1.0|0.64|0.0|0|1.4731345499947215|2.946269099989443|4.419403649984164|5.892538199978886
895.4|1.0|0.64|0.0|0|1.4378196799027514|2.875639359805503|4.313459039708254|5.751278719611006
895.6|1.0|0.64|0.0|0|1.434396300322261|2.868792600644522|4.303188900966783|5.737585201289044
895.8|1.0|0.64|0.0|0|1.1594448173348801|2.3188896346697603|3.4783344520046406|4.637779269339521
896.0|1.0|0.64|0.0|0|1.6479071175499136|3.295814235099827|4.9437213526497406|6.591628470199654
896.2|1.0|0.64|0.0|0|0.9154839344130604|1.8309678688261208|2.7464518032391814|3.6619357376522417
896.4|1.0|0.64|0.0|0|1.9044804541801585|3.808960908360317|5.713441362540475|7.617921816720634
896.6|1.0|0.64|0.0|0|1.3124158592364996|2.6248317184729992|3.9372475777094986|5.2496634369459985
896.8|1.0|0.64|0.0|0|1.695113728230355|3.39022745646071|5.085341184691065|6.78045491292142
897.0|1.0|0.64|0.0|0|2.303754691038632|4.607509382077264|6.911264073115896|9.215018764154529
897.2|1.0|0.64|0.0|0|1.33349667412229|2.66699334824458|4.00049002236687|5.33398669648916
897.4|1.0|0.64|0.0|0|1.6781770053808591|3.3563540107617182|5.034531016142577|6.7127080215234365
897.6|1.0|0.64|0.0|0|1.533674325862086|3.067348651724172|4.601022977586258|6.134697303448344
897.8|1.0|0.64|0.0|0|1.2241286851477355|2.448257370295471|3.6723860554432064|4.896514740590942
898.0|1.0|0.64|0.0|0|1.533674326356851|3.067348652713702|4.601022979070553|6.134697305427404
898.2|1.0|0.64|0.0|0|1.3754781254986312|2.7509562509972625|4.126434376495894|5.501912501994525
898.4|1.0|0.64|0.0|0|1.4066489033465053|2.8132978066930105|4.219946710039516|5.626595613386021
898.6|1.0|0.64|0.0|0|1.7749325394863278|3.5498650789726556|5.324797618458984|7.099730157945311
898.8|1.0|0.64|0.0|0|0.9650328586529949|1.9300657173059899|2.895098575958985|3.8601314346119797
899.0|1.0|0.64|0.0|0|1.3722349235886953|2.7444698471773905|4.116704770766086|5.488939694354781
899.2|1.0|0.64|0.0|0|0.9053939707955586|1.8107879415911172|2.7161819123866757|3.6215758831822344
899.4|1.0|0.64|0.0|0|1.5304311240813708|3.0608622481627417|4.591293372244112|6.121724496325483
899.6|1.0|0.64|0.0|0|1.5506110490602454|3.1012220981204908|4.651833147180737|6.2024441962409815
899.8|1.0|0.64|0.0|0|1.250074303818984|2.500148607637968|3.7502229114569525|5.000297215275936
900.0|1.0|0.64|0.0|0|0.722873754437897|1.445747508875794|2.168621263313691|2.891495017751588
900.2|1.0|0.64|0.0|0|1.3252084897545877|2.6504169795091754|3.975625469263763|5.300833959018351
900.4|1.0|0.64|0.0|0|1.1576430385938157|2.3152860771876314|3.4729291157814473|4.630572154375263
900.6|1.0|0.64|0.0|0|1.7347528667573366|3.4695057335146733|5.20425860027201|6.939011467029347
900.8|1.0|0.64|0.0|0|1.7327709100488589|3.4655418200977177|5.198312730146577|6.931083640195435
901.0|1.0|0.64|0.0|0|1.0457525602355608|2.0915051204711217|3.1372576807066825|4.183010240942243
901.2|1.0|0.64|0.0|0|1.0652117731404733|2.1304235462809467|3.1956353194214198|4.260847092561893
901.4|1.0|0.64|0.0|0|1.2684524503501609|2.5369049007003217|3.805357351050483|5.073809801400643
901.6|1.0|0.64|0.0|0|1.314217638053234|2.628435276106468|3.942652914159702|5.256870552212936
901.8|1.0|0.64|0.0|0|1.2190837032848514|2.4381674065697028|3.6572511098545544|4.8763348131394055
902.0|1.0|0.64|0.0|0|1.3333164947701164|2.6666329895402328|3.999949484310349|5.3332659790804655
902.2|1.0|0.64|0.0|0|1.5302509462903267|3.0605018925806533|4.59075283887098|6.121003785161307
902.4|1.0|0.64|0.0|0|2.070063949090547|4.140127898181094|6.21019184727164|8.280255796362187
902.6|1.0|0.64|0.0|0|1.622682210421773|3.245364420843546|4.86804663126532|6.490728841687092
902.8|1.0|0.64|0.0|0|1.568268483584399|3.136536967168798|4.704805450753197|6.273073934337596
903.0|1.0|0.64|0.0|0|1.4637652990431538|2.9275305980863076|4.391295897129462|5.855061196172615
903.2|1.0|0.64|0.0|0|1.5513317607168589|3.1026635214337177|4.653995282150576|6.205327042867435
903.4|1.0|0.64|0.0|0|1.050797540284112|2.101595080568224|3.1523926208523365|4.203190161136448
903.6|1.0|0.64|0.0|0|0.8707998145272731|1.7415996290545461|2.612399443581819|3.4831992581090923
903.8|1.0|0.64|0.0|0|1.1945795091753837|2.3891590183507674|3.5837385275261506|4.778318036701535
904.0|1.0|0.64|0.0|0|1.0273744134214948|2.0547488268429897|3.0821232402644845|4.109497653685979
904.2|1.0|0.64|0.0|0|1.5453858894133023|3.0907717788266047|4.636157668239907|6.181543557653209
904.4|1.0|0.64|0.0|0|1.5082692412455811|3.0165384824911623|4.5248077237367434|6.033076964982325
904.6|1.0|0.64|0.0|0|1.6933119504957008|3.3866239009914016|5.079935851487103|6.773247801982803
904.8|1.0|0.64|0.0|0|1.2443086106458223|2.4886172212916446|3.732925831937467|4.977234442583289
905.0|1.0|0.64|0.0|0|1.5518722944753258|3.1037445889506516|4.655616883425978|6.207489177901303
905.2|1.0|0.64|0.0|0|1.4419637721771155|2.883927544354231|4.325891316531346|5.767855088708462
905.4|1.0|0.64|0.0|0|1.5167376028932644|3.033475205786529|4.5502128086797935|6.066950411573058
905.6|1.0|0.64|0.0|0|1.1138598078029474|2.2277196156058947|3.341579423408842|4.455439231211789
905.8|1.0|0.64|0.0|0|1.5956555254862193|3.1913110509724385|4.786966576458657|6.382622101944877
906.0|1.0|0.64|0.0|0|1.3167401286982943|2.6334802573965885|3.950220386094883|5.266960514793177
906.2|1.0|0.64|0.0|0|1.7599777751724484|3.5199555503448967|5.279933325517345|7.039911100689793
906.4|1.0|0.64|0.0|0|1.397279652024737|2.794559304049474|4.191838956074211|5.589118608098948
906.6|1.0|0.64|0.0|0|0.8237733804876923|1.6475467609753847|2.471320141463077|3.2950935219507693
906.8|1.0|0.64|0.0|0|0.9398079516226434|1.8796159032452868|2.8194238548679302|3.7592318064905736
907.0|1.0|0.64|0.0|0|1.044311136008474|2.088622272016948|3.1329334080254223|4.177244544033896
907.2|1.0|0.64|0.0|0|1.6387180445308347|3.2774360890616694|4.916154133592504|6.554872178123339
907.4|1.0|0.64|0.0|0|0.9835911821981435|1.967182364396287|2.9507735465944305|3.934364728792574
907.6|1.0|0.64|0.0|0|0.7446752811956692|1.4893505623913383|2.2340258435870073|2.9787011247826767
907.8|1.0|0.64|0.0|0|1.3529558864072908|2.7059117728145816|4.058867659221873|5.411823545629163
908.0|1.0|0.64|0.0|0|1.0434102473169342|2.0868204946338684|3.1302307419508026|4.173640989267737
908.2|1.0|0.64|0.0|0|1.072779245559942|2.145558491119884|3.218337736679826|4.291116982239768
908.4|1.0|0.64|0.0|0|1.0862925879540863|2.1725851759081727|3.258877763862259|4.345170351816345
908.6|1.0|0.64|0.0|0|0.8868356462864911|1.7736712925729823|2.6605069388594735|3.5473425851459646
908.8|1.0|0.64|0.0|0|1.0879141894273936|2.175828378854787|3.2637425682821806|4.351656757709574
909.0|1.0|0.64|0.0|0|1.5992590836109608|3.1985181672219216|4.797777250832882|6.397036334443843
909.2|1.0|0.64|0.0|0|1.7815991227631474|3.5631982455262947|5.344797368289442|7.126396491052589
909.4|1.0|0.64|0.0|0|1.3089924782526225|2.617984956505245|3.9269774347578674|5.23596991301049
909.6|1.0|0.64|0.0|0|0.822151779613342|1.644303559226684|2.4664553388400257|3.288607118453368
909.8|1.0|0.64|0.0|0|1.0626892824296383|2.1253785648592767|3.188067847288915|4.250757129718553
910.0|1.0|0.64|0.0|0|1.6882669684768203|3.3765339369536407|5.064800905430461|6.753067873907281
910.2|1.0|0.64|0.0|0|1.219083704345395|2.43816740869079|3.657251113036185|4.87633481738158
910.4|1.0|0.64|0.0|0|1.2837675712653447|2.5675351425306894|3.8513027137960343|5.135070285061379
910.6|1.0|0.64|0.0|0|1.2864702402503474|2.572940480500695|3.859410720751042|5.14588096100139
910.8|1.0|0.64|0.0|0|1.0030503964721|2.0061007929442|3.0091511894163006|4.0122015858884
911.0|1.0|0.64|0.0|0|1.6806994955590941|3.3613989911181883|5.042098486677283|6.722797982236377
911.2|1.0|0.64|0.0|0|1.885741950923695|3.77148390184739|5.657225852771085|7.54296780369478
911.4|1.0|0.64|0.0|0|1.5686288386682294|3.137257677336459|4.705886516004688|6.274515354672918
911.6|1.0|0.64|0.0|0|1.8749312778172333|3.7498625556344667|5.6247938334517|7.499725111268933
911.8|1.0|0.64|0.0|0|1.706645114155255|3.41329022831051|5.119935342465765|6.82658045662102
912.0|1.0|0.64|0.0|0|1.7488067444955246|3.4976134889910493|5.246420233486574|6.995226977982099
912.2|1.0|0.64|0.0|0|2.096009567383446|4.192019134766892|6.288028702150338|8.384038269533784
912.4|1.0|0.64|0.0|0|1.7733109398069806|3.5466218796139612|5.319932819420942|7.0932437592279225
912.6|1.0|0.64|0.0|0|1.7253836172434982|3.4507672344869964|5.176150851730495|6.901534468973993
912.8|1.0|0.64|0.0|0|1.322505821666565|2.64501164333313|3.967517464999695|5.29002328666626
913.0|1.0|0.64|0.0|0|1.3805231067771104|2.761046213554221|4.141569320331332|5.522092427108442
913.2|1.0|0.64|0.0|0|1.256921063902556|2.513842127805112|3.7707631917076685|5.027684255610224
913.4|1.0|0.64|0.0|0|1.532953614375439|3.065907228750878|4.5988608431263165|6.131814457501756
913.6|1.0|0.64|0.0|0|1.0349418858141881|2.0698837716283762|3.104825657442564|4.1397675432567524
913.8|1.0|0.64|0.0|0|1.0010684394155405|2.002136878831081|3.0032053182466214|4.004273757662162
914.0|1.0|0.64|0.0|0|1.552052472609213|3.104104945218426|4.6561574178276395|6.208209890436852
914.2|1.0|0.64|0.0|0|1.2140387219405977|2.4280774438811954|3.642116165821793|4.856154887762391
914.4|1.0|0.64|0.0|0|1.1080941142502716|2.216188228500543|3.324282342750815|4.432376457001086
914.6|1.0|0.64|0.0|0|1.0434102474182154|2.086820494836431|3.1302307422546467|4.173640989672862
914.8|1.0|0.64|0.0|0|1.0670135525614033|2.1340271051228066|3.2010406576842096|4.268054210245613
915.0|1.0|0.64|0.0|0|1.4048471246339627|2.8096942492679253|4.214541373901888|5.619388498535851
915.2|1.0|0.64|0.0|0|0.976924600045314|1.953849200090628|2.930773800135942|3.907698400181256
915.4|1.0|0.64|0.0|0|1.5817818265111432|3.1635636530222864|4.745345479533429|6.327127306044573
915.6|1.0|0.64|0.0|0|1.2367411385953904|2.4734822771907807|3.710223415786171|4.9469645543815615
915.8|1.0|0.64|0.0|0|1.2798036587535182|2.5596073175070364|3.8394109762605546|5.119214635014073
916.0|1.0|0.64|0.0|0|1.2956593133311265|2.591318626662253|3.8869779399933795|5.182637253324506
916.2|1.0|0.64|0.0|0|1.4882694940711385|2.976538988142277|4.4648084822134155|5.953077976284554
916.4|1.0|0.64|0.0|0|1.441062882030966|2.882125764061932|4.323188646092898|5.764251528123864
916.6|1.0|0.64|0.0|0|1.6758346933563022|3.3516693867126044|5.027504080068907|6.703338773425209
916.8|1.0|0.64|0.0|0|1.6192588309769067|3.2385176619538134|4.857776492930721|6.477035323907627
917.0|1.0|0.64|0.0|0|1.4974585671362015|2.994917134272403|4.492375701408604|5.989834268544806
917.2|1.0|0.64|0.0|0|1.79511246519047|3.59022493038094|5.38533739557141|7.18044986076188
917.4|1.0|0.64|0.0|0|1.2837675721227435|2.567535144245487|3.8513027163682305|5.135070288490974
917.6|1.0|0.64|0.0|0|1.2207053050067054|2.4414106100134108|3.662115915020116|4.8828212200268215
917.8|1.0|0.64|0.0|0|1.9262819820485328|3.8525639640970657|5.778845946145598|7.705127928194131
918.0|1.0|0.64|0.0|0|1.2780018787190794|2.556003757438159|3.8340056361572383|5.112007514876318
918.2|1.0|0.64|0.0|0|1.249353592094268|2.498707184188536|3.7480607762828035|4.997414368377072
918.4|1.0|0.64|0.0|0|1.3752979473304017|2.7505958946608033|4.125893841991204|5.501191789321607
918.6|1.0|0.64|0.0|0|1.6387180441396791|3.2774360882793583|4.916154132419037|6.554872176558717
918.8|1.0|0.64|0.0|0|1.2172819255507794|2.434563851101559|3.6518457766523382|4.869127702203118
919.0|1.0|0.64|0.0|0|1.7799775213783158|3.5599550427566315|5.339932564134947|7.119910085513263
919.2|1.0|0.64|0.0|0|1.1920570184465042|2.3841140368930085|3.576171055339513|4.768228073786017
919.4|1.0|0.64|0.0|0|1.6075472668453599|3.2150945336907197|4.82264180053608|6.4301890673814395
919.6|1.0|0.64|0.0|0|1.1399856040370662|2.2799712080741323|3.4199568121111983|4.559942416148265
919.8|1.0|0.64|0.0|0|1.3999823195481453|2.7999646390962907|4.199946958644436|5.599929278192581
920.0|1.0|0.64|0.0|0|1.2392636297515138|2.4785272595030277|3.7177908892545415|4.957054519006055
920.2|1.0|0.64|0.0|0|1.8093465210276207|3.6186930420552414|5.428039563082862|7.237386084110483
920.4|1.0|0.64|0.0|0|1.5538542516401517|3.1077085032803033|4.661562754920455|6.215417006560607
920.6|1.0|0.64|0.0|0|1.475657039956424|2.951314079912848|4.426971119869272|5.902628159825696
920.8|1.0|0.64|0.0|0|1.382324885395939|2.764649770791878|4.146974656187816|5.529299541583756
921.0|1.0|0.64|0.0|0|1.4252072278369463|2.8504144556738926|4.275621683510839|5.700828911347785
921.2|1.0|0.64|0.0|0|1.5068278177693732|3.0136556355387465|4.5204834533081195|6.027311271077493
921.4|1.0|0.64|0.0|0|1.6125922486459618|3.2251844972919237|4.8377767459378855|6.450368994583847
921.6|1.0|0.64|0.0|0|1.7925899747031524|3.585179949406305|5.377769924109457|7.17035989881261
921.8|1.0|0.64|0.0|0|1.2527769716468184|2.505553943293637|3.7583309149404553|5.011107886587274
922.0|1.0|0.64|0.0|0|1.246831101847348|2.493662203694696|3.740493305542044|4.987324407389392
922.2|1.0|0.64|0.0|0|1.1974623550794796|2.3949247101589592|3.592387065238439|4.7898494203179185
922.4|1.0|0.64|0.0|0|1.1055716236156887|2.2111432472313775|3.316714870847066|4.422286494462755
922.6|1.0|0.64|0.0|0|0.7625128937303095|1.525025787460619|2.2875386811909286|3.050051574921238
922.8|1.0|0.64|0.0|0|0.9583662749413642|1.9167325498827283|2.8750988248240925|3.8334650997654567
923.0|1.0|0.64|0.0|0|1.3183617290388805|2.636723458077761|3.9550851871166413|5.273446916155522
923.2|1.0|0.64|0.0|0|1.9237594896316312|3.8475189792632625|5.771278468894894|7.695037958526525
923.4|1.0|0.64|0.0|0|1.400703032895691|2.801406065791382|4.202109098687073|5.602812131582764
923.6|1.0|0.64|0.0|0|1.0659324852761356|2.131864970552271|3.197797455828407|4.263729941104542
923.8|1.0|0.64|0.0|0|1.4502519557991775|2.900503911598355|4.350755867397533|5.80100782319671
924.0|1.0|0.64|0.0|0|1.1331388429319496|2.266277685863899|3.399416528795849|4.532555371727798
924.2|1.0|0.64|0.0|0|1.4513330232386956|2.9026660464773912|4.353999069716087|5.8053320929547825
924.4|1.0|0.64|0.0|0|1.0585451905836827|2.1170903811673654|3.175635571751048|4.234180762334731
924.6|1.0|0.64|0.0|0|1.1904354167199938|2.3808708334399875|3.571306250159981|4.761741666879975
924.8|1.0|0.64|0.0|0|1.6952939066116248|3.3905878132232496|5.085881719834874|6.781175626446499
925.0|1.0|0.64|0.0|0|1.1239497705188124|2.247899541037625|3.371849311556437|4.49579908207525
925.2|1.0|0.64|0.0|0|1.1974623555404844|2.394924711080969|3.592387066621453|4.789849422161938
925.4|1.0|0.64|0.0|0|1.3516946425242362|2.7033892850484724|4.055083927572708|5.406778570096945
925.6|1.0|0.64|0.0|0|0.5807133872201672|1.1614267744403344|1.7421401616605015|2.3228535488806688
925.8|1.0|0.64|0.0|0|1.1569223274145053|2.3138446548290106|3.4707669822435157|4.627689309658021
926.0|1.0|0.64|0.0|0|1.0154826717555998|2.0309653435111996|3.046448015266799|4.061930687022399
926.2|1.0|0.64|0.0|0|0.81044021532056|1.62088043064112|2.4313206459616796|3.24176086128224
926.4|1.0|0.64|0.0|0|1.466287789337804|2.932575578675608|4.398863368013412|5.865151157351216
926.6|1.0|0.64|0.0|0|1.3039474964037083|2.6078949928074167|3.911842489211125|5.215789985614833
926.8|1.0|0.64|0.0|0|1.1250308384076935|2.250061676815387|3.3750925152230806|4.500123353630774
927.0|1.0|0.64|0.0|0|1.825382353358438|3.650764706716876|5.476147060075314|7.301529413433752
927.2|1.0|0.64|0.0|0|1.6698888217564687|3.3397776435129374|5.009666465269406|6.679555287025875
927.4|1.0|0.64|0.0|0|1.478179531184725|2.95635906236945|4.434538593554175|5.9127181247389
927.6|1.0|0.64|0.0|0|0.9282765655324337|1.8565531310648673|2.784829696597301|3.7131062621297346
927.8|1.0|0.64|0.0|0|1.4201622456277267|2.8403244912554535|4.2604867368831805|5.680648982510907
928.0|1.0|0.64|0.0|0|1.0207078308262871|2.0414156616525743|3.0621234924788614|4.0828313233051485
928.2|1.0|0.64|0.0|0|0.6699014501128119|1.3398029002256238|2.0097043503384358|2.6796058004512475
928.4|1.0|0.64|0.0|0|1.369712432852831|2.739424865705662|4.109137298558493|5.478849731411324
928.6|1.0|0.64|0.0|0|1.3601630031241814|2.7203260062483627|4.0804890093725446|5.4406520124967255
928.8|1.0|0.64|0.0|0|1.3434064587409387|2.6868129174818773|4.030219376222816|5.373625834963755
929.0|1.0|0.64|0.0|0|1.2644885363167861|2.5289770726335723|3.7934656089503584|5.057954145267145
929.2|1.0|0.64|0.0|0|1.6052049536828432|3.2104099073656864|4.815614861048529|6.420819814731373
929.4|1.0|0.64|0.0|0|1.1416072048962824|2.283214409792565|3.4248216146888475|4.56642881958513
929.6|1.0|0.64|0.0|0|0.6767482100473723|1.3534964200947446|2.030244630142117|2.706992840189489
929.8|1.0|0.64|0.0|0|1.0221492539352048|2.0442985078704097|3.0664477618056143|4.088597015740819
930.0|1.0|0.64|0.0|0|1.1149408749636505|2.229881749927301|3.3448226248909516|4.459763499854602
930.2|1.0|0.64|0.0|0|0.8951238319784178|1.7902476639568357|2.6853714959352533|3.5804953279136713
930.4|1.0|0.64|0.0|0|0.6605321981391177|1.3210643962782354|1.981596594417353|2.6421287925564707
930.6|1.0|0.64|0.0|0|2.0239384047646327|4.047876809529265|6.071815214293898|8.09575361905853
930.8|1.0|0.64|0.0|0|0.9430511541262976|1.8861023082525952|2.8291534623788928|3.7722046165051903
931.0|1.0|0.64|0.0|0|1.371153855705635|2.74230771141127|4.113461567116905|5.48461542282254
931.2|1.0|0.64|0.0|0|1.646465694465443|3.292931388930886|4.939397083396329|6.585862777861772
931.4|1.0|0.64|0.0|0|2.070063948560275|4.14012789712055|6.210191845680825|8.2802557942411
931.6|1.0|0.64|0.0|0|1.1461116519983636|2.2922233039967272|3.4383349559950904|4.5844466079934545
931.8|1.0|0.64|0.0|0|1.642862136678306|3.285724273356612|4.928586410034918|6.571448546713224
932.0|1.0|0.64|0.0|0|0.8794483535201296|1.7588967070402592|2.638345060560389|3.5177934140805185
932.2|1.0|0.64|0.0|0|0.9113398433115807|1.8226796866231614|2.7340195299347423|3.6453593732463228
932.4|1.0|0.64|0.0|0|1.1316974202060384|2.2633948404120767|3.395092260618115|4.5267896808241535
932.6|1.0|0.64|0.0|0|1.9666418307967268|3.9332836615934537|5.899925492390181|7.866567323186907
932.8|1.0|0.64|0.0|0|1.4940351860236856|2.988070372047371|4.482105558071057|5.976140744094742
933.0|1.0|0.64|0.0|0|1.1805256322497746|2.361051264499549|3.5415768967493237|4.722102528999098
933.2|1.0|0.64|0.0|0|1.1507962786470318|2.3015925572940636|3.452388835941095|4.603185114588127
933.4|1.0|0.64|0.0|0|1.8370939175802066|3.674187835160413|5.51128175274062|7.348375670320826
933.6|1.0|0.64|0.0|0|1.9624977396999037|3.9249954793998074|5.887493219099711|7.849990958799615
933.8|1.0|0.64|0.0|0|1.232597046911834|2.465194093823668|3.697791140735502|4.930388187647336
934.0|1.0|0.64|0.0|0|1.07025675438461|2.14051350876922|3.2107702631538295|4.28102701753844
934.2|1.0|0.64|0.0|0|1.0205276529648117|2.0410553059296235|3.0615829588944354|4.082110611859247
934.4|1.0|0.64|0.0|0|1.402504810583779|2.805009621167558|4.207514431751337|5.610019242335116
934.6|1.0|0.64|0.0|0|1.3291724033991352|2.6583448067982705|3.9875172101974057|5.316689613596541
934.8|1.0|0.64|0.0|0|0.8643134099832976|1.7286268199665953|2.592940229949893|3.4572536399331906
935.0|1.0|0.64|0.0|0|0.965933748242679|1.931867496485358|2.897801244728037|3.863734992970716
935.2|1.0|0.64|0.0|0|1.3106140798074204|2.621228159614841|3.9318422394222616|5.242456319229682
935.4|1.0|0.64|0.0|0|1.7513292359997301|3.5026584719994602|5.25398770799919|7.0053169439989205
935.6|1.0|0.64|0.0|0|1.2727767197933293|2.5455534395866586|3.8183301593799874|5.091106879173317
935.8|1.0|0.64|0.0|0|1.459441030059826|2.918882060119652|4.378323090179478|5.837764120239304
936.0|1.0|0.64|0.0|0|1.2248493968014382|2.4496987936028765|3.674548190404315|4.899397587205753
936.2|1.0|0.64|0.0|0|1.7086270720273038|3.4172541440546076|5.125881216081911|6.834508288109215
936.4|1.0|0.64|0.0|0|1.29836198221543|2.59672396443086|3.8950859466462897|5.19344792886172
936.6|1.0|0.64|0.0|0|1.166111400423689|2.332222800847378|3.4983342012710668|4.664445601694756
936.8|1.0|0.64|0.0|0|1.0610676817083742|2.1221353634167484|3.183203045125122|4.244270726833497
937.0|1.0|0.64|0.0|0|1.3073708772141266|2.614741754428253|3.9221126316423796|5.229483508856506
937.2|1.0|0.64|0.0|0|1.6756545150873732|3.3513090301747464|5.026963545262119|6.702618060349493
937.4|1.0|0.64|0.0|0|1.3333164958364807|2.6666329916729614|3.999949487509442|5.333265983345923
937.6|1.0|0.64|0.0|0|1.544485000164715|3.08897000032943|4.633455000494145|6.17794000065886
937.8|1.0|0.64|0.0|0|1.4277297173492856|2.855459434698571|4.283189152047857|5.710918869397142
938.0|1.0|0.64|0.0|0|1.393856271581027|2.787712543162054|4.181568814743081|5.575425086324108
938.2|1.0|0.64|0.0|0|1.348811796102092|2.697623592204184|4.046435388306276|5.395247184408368
938.4|1.0|0.64|0.0|0|1.283947749537184|2.567895499074368|3.8518432486115524|5.135790998148736
938.6|1.0|0.64|0.0|0|1.3920544927380991|2.7841089854761982|4.176163478214297|5.5682179709523965
938.8|1.0|0.64|0.0|0|0.7421527910814627|1.4843055821629254|2.2264583732443883|2.968611164325851
939.0|1.0|0.64|0.0|0|1.0709774674923402|2.1419549349846805|3.2129324024770205|4.283909869969361
939.2|1.0|0.64|0.0|0|1.8289859119750342|3.6579718239500685|5.4869577359251025|7.315943647900137
939.4|1.0|0.64|0.0|0|1.4470087536366203|2.8940175072732406|4.341026260909861|5.788035014546481
939.6|1.0|0.64|0.0|0|0.7583688011852798|1.5167376023705597|2.2751064035558395|3.0334752047411193
939.8|1.0|0.64|0.0|0|1.1754806500993447|2.3509613001986893|3.526441950298034|4.701922600397379
940.0|1.0|0.64|0.0|0|0.9298981670127259|1.8597963340254517|2.7896945010381775|3.7195926680509035
940.2|1.0|0.64|0.0|0|1.5587190544715863|3.1174381089431726|4.676157163414759|6.234876217886345
940.4|1.0|0.64|0.0|0|1.4839452255022492|2.9678904510044983|4.4518356765067475|5.935780902008997
940.6|1.0|0.64|0.0|0|1.6839426984894104|3.3678853969788207|5.051828095468231|6.7357707939576414
940.8|1.0|0.64|0.0|0|1.4738552613381775|2.947710522676355|4.421565784014533|5.89542104535271
941.0|1.0|0.64|0.0|0|1.0407075779378656|2.0814151558757312|3.122122733813597|4.1628303117514625
941.2|1.0|0.64|0.0|0|1.5799800475302632|3.1599600950605264|4.73994014259079|6.319920190121053
941.4|1.0|0.64|0.0|0|1.4846659353346343|2.9693318706692686|4.453997806003903|5.938663741338537
941.6|1.0|0.64|0.0|0|1.559619944224252|3.119239888448504|4.678859832672756|6.238479776897008
941.8|1.0|0.64|0.0|0|1.6579970803332995|3.315994160666599|4.973991240999899|6.631988321333198
942.0|1.0|0.64|0.0|0|1.6513304977462409|3.3026609954924817|4.953991493238723|6.605321990984963
942.2|1.0|0.64|0.0|0|1.1753004727914242|2.3506009455828485|3.5259014183742723|4.701201891165697
942.4|1.0|0.64|0.0|0|1.4504321334895225|2.900864266979045|4.351296400468567|5.80172853395809
942.6|1.0|0.64|0.0|0|1.397279652283179|2.794559304566358|4.191838956849537|5.589118609132716
942.8|1.0|0.64|0.0|0|1.6898885699780672|3.3797771399561345|5.069665709934202|6.759554279912269
943.0|1.0|0.64|0.0|0|1.5770972002681825|3.154194400536365|4.731291600804547|6.30838880107273
943.2|1.0|0.64|0.0|0|2.128982123021271|4.257964246042542|6.386946369063813|8.515928492085084
943.4|1.0|0.64|0.0|0|1.7286268191493597|3.4572536382987193|5.1858804574480795|6.914507276597439
943.6|1.0|0.64|0.0|0|1.458720317218687|2.917440634437374|4.37616095165606|5.834881268874748
943.8|1.0|0.64|0.0|0|1.738716780931574|3.477433561863148|5.216150342794722|6.954867123726296
944.0|1.0|0.64|0.0|0|1.394757161762683|2.789514323525366|4.184271485288049|5.579028647050732
944.2|1.0|0.64|0.0|0|1.3879104017006478|2.7758208034012957|4.163731205101944|5.551641606802591
944.4|1.0|0.64|0.0|0|1.4158379753620842|2.8316759507241684|4.247513926086253|5.663351901448337
944.6|1.0|0.64|0.0|0|1.3115149701089843|2.6230299402179686|3.9345449103269527|5.246059880435937
944.8|1.0|0.64|0.0|0|0.8826915547181861|1.7653831094363721|2.648074664154558|3.5307662188727442
945.0|1.0|0.64|0.0|0|2.1055589952954343|4.211117990590869|6.3166769858863026|8.422235981181737
945.2|1.0|0.64|0.0|0|1.5956555251817932|3.1913110503635864|4.78696657554538|6.382622100727173
945.4|1.0|0.64|0.0|0|1.288091842000141|2.576183684000282|3.864275526000423|5.152367368000564
945.6|1.0|0.64|0.0|0|1.483945223821212|2.967890447642424|4.451835671463636|5.935780895284848
945.8|1.0|0.64|0.0|0|1.5066476403264109|3.0132952806528217|4.519942920979233|6.026590561305643
946.0|1.0|0.64|0.0|0|1.2585426651703904|2.5170853303407807|3.775627995511171|5.0341706606815615
946.2|1.0|0.64|0.0|0|1.6235831005225205|3.247166201045041|4.870749301567562|6.494332402090082
946.4|1.0|0.64|0.0|0|1.6951137285062592|3.3902274570125184|5.085341185518778|6.780454914025037
946.6|1.0|0.64|0.0|0|1.620159720438534|3.240319440877068|4.8604791613156015|6.480638881754136
946.8|1.0|0.64|0.0|0|1.19548039882735|2.3909607976547|3.5864411964820495|4.7819215953094
947.0|1.0|0.64|0.0|0|1.598358193992755|3.19671638798551|4.795074581978265|6.39343277597102
947.2|1.0|0.64|0.0|0|1.794211575693918|3.588423151387836|5.382634727081754|7.176846302775672
947.4|1.0|0.64|0.0|0|1.4763777519291048|2.9527555038582096|4.429133255787314|5.905511007716419
947.6|1.0|0.64|0.0|0|1.6675465090665982|3.3350930181331964|5.002639527199794|6.670186036266393
947.8|1.0|0.64|0.0|0|1.6621411725925297|3.3242823451850594|4.986423517777589|6.648564690370119
948.0|1.0|0.64|0.0|0|1.0585451907059187|2.1170903814118374|3.175635572117756|4.234180762823675
948.2|1.0|0.64|0.0|0|1.644483737237753|3.288967474475506|4.933451211713259|6.577934948951012
948.4|1.0|0.64|0.0|0|1.7825000125897366|3.565000025179473|5.34750003776921|7.130000050358946
948.6|1.0|0.64|0.0|0|1.3686313649738453|2.7372627299476906|4.105894094921536|5.474525459895381
948.8|1.0|0.64|0.0|0|1.356199089776493|2.712398179552986|4.068597269329479|5.424796359105972
949.0|1.0|0.64|0.0|0|1.4931342973816222|2.9862685947632444|4.479402892144867|5.972537189526489
949.2|1.0|0.64|0.0|0|1.178723852596596|2.357447705193192|3.536171557789788|4.714895410386384
949.4|1.0|0.64|0.0|0|1.6504296078212806|3.300859215642561|4.951288823463842|6.601718431285122
949.6|1.0|0.64|0.0|0|1.572592753581122|3.145185507162244|4.7177782607433665|6.290371014324488
949.8|1.0|0.64|0.0|0|1.5387193079252042|3.0774386158504083|4.616157923775613|6.154877231700817
950.0|1.0|0.64|0.0|0|1.2677317380782926|2.5354634761565853|3.803195214234878|5.070926952313171
950.2|1.0|0.64|0.0|0|1.6410603567498052|3.2821207134996104|4.923181070249416|6.564241426999221
950.4|1.0|0.64|0.0|0|1.6951137279713309|3.3902274559426617|5.085341183913992|6.7804549118853235
950.6|1.0|0.64|0.0|0|1.7075460048450637|3.4150920096901274|5.122638014535191|6.830184019380255
950.8|1.0|0.64|0.0|0|1.1172831875825078|2.2345663751650156|3.3518495627475233|4.469132750330031
951.0|1.0|0.64|0.0|0|0.8313408529560554|1.6626817059121108|2.4940225588681666|3.3253634118242217
951.2|1.0|0.64|0.0|0|1.075842269883143|2.151684539766286|3.2275268096494285|4.303369079532572
951.4|1.0|0.64|0.0|0|1.063409994652612|2.126819989305224|3.1902299839578365|4.253639978610448
951.6|1.0|0.64|0.0|0|1.4511528460588319|2.9023056921176638|4.353458538176496|5.8046113842353275
951.8|1.0|0.64|0.0|0|1.5185393814172143|3.0370787628344287|4.5556181442516435|6.074157525668857
952.0|1.0|0.64|0.0|0|1.1484539649181544|2.296907929836309|3.445361894754463|4.593815859672618
952.2|1.0|0.64|0.0|0|1.6756545141397525|3.351309028279505|5.026963542419257|6.70261805655901
952.4|1.0|0.64|0.0|0|1.8363732070050918|3.6727464140101835|5.509119621015275|7.345492828020367
952.6|1.0|0.64|0.0|0|1.1794445644825475|2.358889128965095|3.5383336934476426|4.71777825793019
952.8|1.0|0.64|0.0|0|1.403946234683391|2.807892469366782|4.211838704050173|5.615784938733564
953.0|1.0|0.64|0.0|0|2.2805117413098945|4.561023482619789|6.841535223929683|9.122046965239578
953.2|1.0|0.64|0.0|0|1.5790791570843443|3.1581583141686886|4.737237471253033|6.316316628337377
953.4|1.0|0.64|0.0|0|1.94628172826837|3.89256345653674|5.83884518480511|7.78512691307348
953.6|1.0|0.64|0.0|0|1.7470049655222117|3.4940099310444235|5.241014896566635|6.988019862088847
953.8|1.0|0.64|0.0|0|1.6444837372476482|3.2889674744952964|4.933451211742945|6.577934948990593
954.0|1.0|0.64|0.0|0|2.114748068609044|4.229496137218088|6.344244205827132|8.458992274436175
954.2|1.0|0.64|0.0|0|1.4107929946639355|2.821585989327871|4.232378983991806|5.643171978655742
954.4|1.0|0.64|0.0|0|1.5217825842573087|3.0435651685146174|4.565347752771927|6.087130337029235
954.6|1.0|0.64|0.0|0|1.1399856032762918|2.2799712065525837|3.419956809828876|4.559942413105167
954.8|1.0|0.64|0.0|0|1.473675083536074|2.947350167072148|4.4210252506082215|5.894700334144296
955.0|1.0|0.64|0.0|0|1.6639429511479116|3.327885902295823|4.991828853443735|6.655771804591646
955.2|1.0|0.64|0.0|0|1.740518560617931|3.481037121235862|5.2215556818537925|6.962074242471724
955.4|1.0|0.64|0.0|0|1.32178510926664|2.64357021853328|3.96535532779992|5.28714043706656
955.6|1.0|0.64|0.0|0|1.214759434273002|2.429518868546004|3.6442783028190058|4.859037737092008
955.8|1.0|0.64|0.0|0|1.3713340339419677|2.7426680678839355|4.114002101825903|5.485336135767871
956.0|1.0|0.64|0.0|0|1.4830443344544633|2.9660886689089265|4.449133003363389|5.932177337817853
956.2|1.0|0.64|0.0|0|1.2794433021591987|2.5588866043183973|3.8383299064775964|5.117773208636795
956.4|1.0|0.64|0.0|0|1.2956593134906154|2.5913186269812307|3.8869779404718465|5.182637253962461
956.6|1.0|0.64|0.0|0|2.0666405681270428|4.1332811362540856|6.199921704381127|8.266562272508171
956.8|1.0|0.64|0.0|0|1.5891691212670427|3.1783382425340854|4.767507363801128|6.356676485068171
957.0|1.0|0.64|0.0|0|1.7875449937244428|3.5750899874488855|5.362634981173328|7.150179974897771
957.2|1.0|0.64|0.0|0|1.7102486724156203|3.4204973448312406|5.130746017246861|6.840994689662481
957.4|1.0|0.64|0.0|0|1.2695335178263496|2.539067035652699|3.808600553479049|5.078134071305398
957.6|1.0|0.64|0.0|0|1.6039437089022264|3.2078874178044527|4.811831126706679|6.4157748356089055
957.8|1.0|0.64|0.0|0|1.7160143655183508|3.4320287310367017|5.148043096555052|6.864057462073403
958.0|1.0|0.64|0.0|0|1.59241232361179|3.18482464722358|4.77723697083537|6.36964929444716
958.2|1.0|0.64|0.0|0|1.3057492771965928|2.6114985543931857|3.9172478315897785|5.222997108786371
958.4|1.0|0.64|0.0|0|1.3089924780000013|2.6179849560000026|3.926977434000004|5.235969912000005
958.6|1.0|0.64|0.0|0|1.0920582810323696|2.184116562064739|3.2761748430971087|4.368233124129478
958.8|1.0|0.64|0.0|0|1.2731370752677333|2.5462741505354667|3.8194112258032|5.092548301070933
959.0|1.0|0.64|0.0|0|1.0425093572388877|2.0850187144777754|3.1275280717166636|4.170037428955551
959.2|1.0|0.64|0.0|0|0.8136834184976768|1.6273668369953536|2.4410502554930305|3.254733673990707
959.4|1.0|0.64|0.0|0|0.8019718545000076|1.6039437090000153|2.405915563500023|3.2078874180000305
959.6|1.0|0.64|0.0|0|1.095661838540692|2.191323677081384|3.2869855156220757|4.382647354162768
959.8|1.0|0.64|0.0|0|0.7641344941541327|1.5282689883082654|2.292403482462398|3.056537976616531
960.0|1.0|0.64|0.0|0|1.2536778616713138|2.5073557233426276|3.7610335850139416|5.014711446685255
960.2|1.0|0.64|0.0|0|1.1525980570574768|2.3051961141149535|3.4577941711724303|4.610392228229907
960.4|1.0|0.64|0.0|0|0.7953052723937443|1.5906105447874885|2.3859158171812327|3.181221089574977
960.6|1.0|0.64|0.0|0|1.074581024730579|2.149162049461158|3.223743074191737|4.298324098922316
960.8|1.0|0.64|0.0|0|1.8799762594263318|3.7599525188526637|5.639928778278995|7.519905037705327
961.0|1.0|0.64|0.0|0|1.5538542509323465|3.107708501864693|4.66156275279704|6.215417003729386
961.2|1.0|0.64|0.0|0|1.438540391646094|2.877080783292188|4.315621174938282|5.754161566584376
961.4|1.0|0.64|0.0|0|0.7817919284850365|1.563583856970073|2.3453757854551096|3.127167713940146
961.6|1.0|0.64|0.0|0|1.1533187682990693|2.3066375365981386|3.459956304897208|4.613275073196277
961.8|1.0|0.64|0.0|0|1.4585401399596607|2.9170802799193214|4.375620419878982|5.834160559838643
962.0|1.0|0.64|0.0|0|1.038185087540188|2.076370175080376|3.1145552626205637|4.152740350160752
962.2|1.0|0.64|0.0|0|1.3839464872021938|2.7678929744043876|4.151839461606581|5.535785948808775
962.4|1.0|0.64|0.0|0|1.1190849671699117|2.2381699343398234|3.357254901509735|4.476339868679647
962.6|1.0|0.64|0.0|0|0.8969256109569695|1.793851221913939|2.6907768328709087|3.587702443827878
962.8|1.0|0.64|0.0|0|1.341064145083657|2.682128290167314|4.02319243525097|5.364256580334628
963.0|1.0|0.64|0.0|0|1.264668713520515|2.52933742704103|3.794006140561545|5.05867485408206
963.2|1.0|0.64|0.0|0|1.7498878116055874|3.4997756232111747|5.249663434816762|6.9995512464223495
963.4|1.0|0.64|0.0|0|1.3837663090607397|2.7675326181214794|4.151298927182219|5.535065236242959
963.6|1.0|0.64|0.0|0|1.721960236204324|3.443920472408648|5.165880708612971|6.887840944817296
963.8|1.0|0.64|0.0|0|1.6933119494974396|3.386623898994879|5.079935848492319|6.773247797989758
964.0|1.0|0.64|0.0|0|1.4410628829750944|2.882125765950189|4.323188648925283|5.764251531900378
964.2|1.0|0.64|0.0|0|1.5488092703325689|3.0976185406651378|4.646427810997706|6.1952370813302755
964.4|1.0|0.64|0.0|0|1.3434064579440759|2.6868129158881517|4.030219373832227|5.3736258317763035
964.6|1.0|0.64|0.0|0|1.7830405456188616|3.566081091237723|5.349121636856585|7.132162182475446
964.8|1.0|0.64|0.0|0|1.3383614771970327|2.6767229543940654|4.015084431591098|5.353445908788131
965.0|1.0|0.64|0.0|0|1.738896959862324|3.477793919724648|5.216690879586972|6.955587839449296
965.2|1.0|0.64|0.0|0|1.4578194275754517|2.9156388551509034|4.373458282726355|5.831277710301807
965.4|1.0|0.64|0.0|0|1.5253861425071968|3.0507722850143937|4.57615842752159|6.101544570028787
965.6|1.0|0.64|0.0|0|1.5889889425062589|3.1779778850125178|4.766966827518776|6.3559557700250355
965.8|1.0|0.64|0.0|0|1.9850199772539798|3.9700399545079597|5.95505993176194|7.940079909015919
966.0|1.0|0.64|0.0|0|1.8934896016883447|3.7869792033766894|5.6804688050650345|7.573958406753379
966.2|1.0|0.64|0.0|0|1.3484514393325675|2.696902878665135|4.0453543179977025|5.39380575733027
966.4|1.0|0.64|0.0|0|1.4199820676248067|2.8399641352496134|4.259946202874421|5.679928270499227
966.6|1.0|0.64|0.0|0|1.4190811782248796|2.838162356449759|4.257243534674639|5.676324712899518
966.8|1.0|0.64|0.0|0|1.725203438312166|3.450406876624332|5.175610314936498|6.900813753248664
967.0|1.0|0.64|0.0|0|1.4504321326944059|2.9008642653888117|4.3512963980832176|5.801728530777623
967.2|1.0|0.64|0.0|0|1.543584110172234|3.087168220344468|4.630752330516702|6.174336440688936
967.4|1.0|0.64|0.0|0|1.1358415119088032|2.2716830238176065|3.4075245357264095|4.543366047635213
967.6|1.0|0.64|0.0|0|1.5688090165623012|3.1376180331246024|4.706427049686903|6.275236066249205
967.8|1.0|0.64|0.0|0|1.92051628680085|3.8410325736017|5.76154886040255|7.6820651472034
968.0|1.0|0.64|0.0|0|1.286470240429045|2.57294048085809|3.859410721287135|5.14588096171618
968.2|1.0|0.64|0.0|0|1.0626892829232393|2.1253785658464786|3.188067848769718|4.250757131692957
968.4|1.0|0.64|0.0|0|1.9556509793165624|3.911301958633125|5.866952937949687|7.82260391726625
968.6|1.0|0.64|0.0|0|1.0902565024478836|2.1805130048957673|3.270769507343651|4.3610260097915345
968.8|1.0|0.64|0.0|0|0.865935010416434|1.731870020832868|2.597805031249302|3.463740041665736
969.0|1.0|0.64|0.0|0|1.0778242265130402|2.1556484530260804|3.233472679539121|4.311296906052161
969.2|1.0|0.64|0.0|0|1.0971032626047974|2.194206525209595|3.291309787814392|4.38841305041919
969.4|1.0|0.64|0.0|0|1.0558425228582937|2.1116850457165874|3.167527568574881|4.223370091433175
969.6|1.0|0.64|0.0|0|1.3740367021533906|2.748073404306781|4.1221101064601715|5.496146808613562
969.8|1.0|0.64|0.0|0|1.423585626189016|2.847171252378032|4.270756878567048|5.694342504756064
970.0|1.0|0.64|0.0|0|1.2028676921152521|2.4057353842305043|3.608603076345756|4.8114707684610085
970.2|1.0|0.64|0.0|0|1.0349418849946241|2.0698837699892483|3.1048256549838724|4.139767539978497
970.4|1.0|0.64|0.0|0|1.461062629981317|2.922125259962634|4.383187889943951|5.844250519925268
970.6|1.0|0.64|0.0|0|1.436017901275192|2.872035802550384|4.308053703825576|5.744071605100768
970.8|1.0|0.64|0.0|0|1.0938600601541122|2.1877201203082244|3.281580180462336|4.375440240616449
971.0|1.0|0.64|0.0|0|1.1947596865321986|2.389519373064397|3.5842790595965957|4.779038746128794
971.2|1.0|0.64|0.0|0|0.742152790840483|1.484305581680966|2.226458372521449|2.968611163361932
971.4|1.0|0.64|0.0|0|1.6960146184224882|3.3920292368449765|5.088043855267465|6.784058473689953
971.6|1.0|0.64|0.0|0|1.6419612465216793|3.2839224930433586|4.9258837395650374|6.567844986086717
971.8|1.0|0.64|0.0|0|2.250241852605834|4.500483705211668|6.750725557817502|9.000967410423335
972.0|1.0|0.64|0.0|0|1.2776415225485118|2.5552830450970236|3.8329245676455357|5.110566090194047
972.2|1.0|0.64|0.0|0|0.6974686698149896|1.3949373396299791|2.092406009444969|2.7898746792599582
972.4|1.0|0.64|0.0|0|1.4781795311870531|2.9563590623741063|4.43453859356116|5.912718124748213
972.6|1.0|0.64|0.0|0|1.5167376028921002|3.0334752057842005|4.550212808676301|6.066950411568401
972.8|1.0|0.64|0.0|0|1.3821447081002418|2.7642894162004836|4.146434124300725|5.528578832400967
973.0|1.0|0.64|0.0|0|1.1315172424161584|2.2630344848323167|3.394551727248475|4.5260689696646335
973.2|1.0|0.64|0.0|0|1.002870218383615|2.00574043676723|3.0086106551508447|4.01148087353446
973.4|1.0|0.64|0.0|0|1.3007042949681646|2.6014085899363293|3.9021128849044944|5.202817179872659
973.6|1.0|0.64|0.0|0|1.9143902396538777|3.8287804793077553|5.7431707189616334|7.657560958615511
973.8|1.0|0.64|0.0|0|1.6093490462627975|3.218698092525595|4.828047138788392|6.43739618505119
974.0|1.0|0.64|0.0|0|1.68934803576267|3.37869607152534|5.06804410728801|6.75739214305068
974.2|1.0|0.64|0.0|0|1.7524103026371465|3.504820605274293|5.257230907911439|7.009641210548586
974.4|1.0|0.64|0.0|0|1.356919801363839|2.713839602727678|4.070759404091517|5.427679205455356
974.6|1.0|0.64|0.0|0|1.6208804315153988|3.2417608630307977|4.862641294546197|6.483521726061595
974.8|1.0|0.64|0.0|0|1.7952926435228453|3.5905852870456907|5.385877930568536|7.181170574091381
975.0|1.0|0.64|0.0|0|1.78231983436912|3.56463966873824|5.346959503107359|7.12927933747648
975.2|1.0|0.64|0.0|0|1.6396189344394967|3.2792378688789934|4.91885680331849|6.558475737757987
975.4|1.0|0.64|0.0|0|1.6284479034604753|3.2568958069209506|4.8853437103814255|6.513791613841901
975.6|1.0|0.64|0.0|0|1.4470087536243967|2.8940175072487935|4.34102626087319|5.788035014497587
975.8|1.0|0.64|0.0|0|1.1812463446275807|2.3624926892551614|3.5437390338827424|4.724985378510323
976.0|1.0|0.64|0.0|0|1.7992565573699555|3.598513114739911|5.397769672109867|7.197026229479822
976.2|1.0|0.64|0.0|0|1.355298200483668|2.710596400967336|4.065894601451004|5.421192801934672
976.4|1.0|0.64|0.0|0|1.4461078644834937|2.8922157289669874|4.338323593450482|5.784431457933975
976.6|1.0|0.64|0.0|0|1.4142163750180057|2.8284327500360114|4.242649125054017|5.656865500072023
976.8|1.0|0.64|0.0|0|1.683221986687278|3.366443973374556|5.049665960061834|6.732887946749112
977.0|1.0|0.64|0.0|0|1.1351207993383297|2.2702415986766593|3.405362398014989|4.540483197353319
977.2|1.0|0.64|0.0|0|1.1922371965739886|2.3844743931479773|3.576711589721966|4.7689487862959545
977.4|1.0|0.64|0.0|0|0.91602446882811|1.83204893765622|2.7480734064843295|3.66409787531244
977.6|1.0|0.64|0.0|0|1.1390847135323576|2.2781694270647153|3.417254140597073|4.5563388541294305
977.8|1.0|0.64|0.0|0|1.3906130699423387|2.7812261398846774|4.1718392098270165|5.562452279769355
978.0|1.0|0.64|0.0|0|1.266290314741783|2.532580629483566|3.798870944225349|5.065161258967132
978.2|1.0|0.64|0.0|0|1.7363744692062044|3.472748938412409|5.209123407618613|6.945497876824818
978.4|1.0|0.64|0.0|0|1.0089962670009127|2.0179925340018254|3.026988801002738|4.035985068003651
978.6|1.0|0.64|0.0|0|1.55889923197101|3.11779846394202|4.67669769591303|6.23559692788404
978.8|1.0|0.64|0.0|0|1.4149370864534296|2.8298741729068593|4.244811259360289|5.6597483458137186
979.0|1.0|0.64|0.0|0|1.7127711642021328|3.4255423284042656|5.1383134926063985|6.851084656808531
979.2|1.0|0.64|0.0|0|1.2828666830225859|2.5657333660451718|3.8486000490677577|5.1314667320903435
979.4|1.0|0.64|0.0|0|1.5378184172039633|3.0756368344079266|4.61345525161189|6.151273668815853
979.6|1.0|0.64|0.0|0|1.5630433247931084|3.1260866495862167|4.689129974379325|6.2521732991724335
979.8|1.0|0.64|0.0|0|1.4731345496670123|2.9462690993340246|4.419403649001037|5.892538198668049
980.0|1.0|0.64|0.0|0|1.5102511981024886|3.0205023962049773|4.530753594307466|6.041004792409955
980.2|1.0|0.64|0.0|0|2.0760098196828056|4.152019639365611|6.228029459048417|8.304039278731222
980.4|1.0|0.64|0.0|0|1.4160181540640782|2.8320363081281563|4.2480544621922345|5.664072616256313
980.6|1.0|0.64|0.0|0|1.618357940592106|3.236715881184212|4.855073821776318|6.473431762368424
980.8|1.0|0.64|0.0|0|1.7405185608076879|3.4810371216153757|5.221555682423063|6.962074243230751
981.0|1.0|0.64|0.0|0|0.8607098520890585|1.721419704178117|2.582129556267175|3.442839408356234
981.2|1.0|0.64|0.0|0|1.6277271920908256|3.2554543841816512|4.883181576272477|6.5109087683633025
981.4|1.0|0.64|0.0|0|1.3016051843331673|2.6032103686663346|3.904815552999502|5.206420737332669
981.6|1.0|0.64|0.0|0|1.5891691214049948|3.1783382428099896|4.7675073642149846|6.356676485619979
981.8|1.0|0.64|0.0|0|1.2644885355513553|2.5289770711027106|3.7934656066540664|5.057954142205421
982.0|1.0|0.64|0.0|0|1.3495325077598694|2.699065015519739|4.048597523279608|5.398130031039478
982.2|1.0|0.64|0.0|0|1.2601642660197114|2.520328532039423|3.7804927980591345|5.040657064078846
982.4|1.0|0.64|0.0|0|1.0475543389405366|2.0951086778810732|3.1426630168216096|4.1902173557621465
982.6|1.0|0.64|0.0|0|1.1702554921386774|2.340510984277355|3.5107664764160322|4.68102196855471
982.8|1.0|0.64|0.0|0|1.561421723046225|3.12284344609245|4.684265169138675|6.2456868921849
983.0|1.0|0.64|0.0|0|1.200705557849725|2.40141111569945|3.6021166735491748|4.8028222313989
983.2|1.0|0.64|0.0|0|1.4529546251590377|2.9059092503180755|4.358863875477113|5.811818500636151
983.4|1.0|0.64|0.0|0|1.6983569300203831|3.3967138600407663|5.09507079006115|6.7934277200815325
983.6|1.0|0.64|0.0|0|1.48466593637888|2.96933187275776|4.45399780913664|5.93866374551552
983.8|1.0|0.64|0.0|0|1.0794458283111463|2.1588916566222927|3.2383374849334388|4.317783313244585
984.0|1.0|0.64|0.0|0|1.4722336596151595|2.944467319230319|4.416700978845478|5.888934638460638
984.2|1.0|0.64|0.0|0|0.8389083242620116|1.6778166485240231|2.516724972786035|3.3556332970480462
984.4|1.0|0.64|0.0|0|2.07240626187646|4.14481252375292|6.21721878562938|8.28962504750584
984.6|1.0|0.64|0.0|0|1.340163255610388|2.680326511220776|4.020489766831164|5.360653022441552
984.8|1.0|0.64|0.0|0|1.2704344059299921|2.5408688118599843|3.8113032177899764|5.0817376237199685
985.0|1.0|0.64|0.0|0|1.093860060250737|2.187720120501474|3.2815801807522105|4.375440241002948
985.2|1.0|0.64|0.0|0|0.8944031200808248|1.7888062401616496|2.6832093602424743|3.577612480323299
985.4|1.0|0.64|0.0|0|1.3830455976736278|2.7660911953472556|4.149136793020883|5.532182390694511
985.6|1.0|0.64|0.0|0|1.011338580434677|2.022677160869354|3.0340157413040316|4.045354321738708
985.8|1.0|0.64|0.0|0|1.0190862298815055|2.038172459763011|3.057258689644516|4.076344919526022
986.0|1.0|0.64|0.0|0|1.595655524693431|3.191311049386862|4.786966574080292|6.382622098773724
986.2|1.0|0.64|0.0|0|1.4830443350703002|2.9660886701406004|4.449133005210901|5.932177340281201
986.4|1.0|0.64|0.0|0|1.2199845940305396|2.439969188061079|3.659953782091619|4.879938376122158
986.6|1.0|0.64|0.0|0|1.1073734035337122|2.2147468070674243|3.322120210601136|4.429493614134849
986.8|1.0|0.64|0.0|0|0.754765242777067|1.509530485554134|2.264295728331201|3.019060971108268
987.0|1.0|0.64|0.0|0|0.9659337471949411|1.9318674943898821|2.897801241584823|3.8637349887797643
987.2|1.0|0.64|0.0|0|0.9803479796205656|1.9606959592411313|2.941043938861697|3.9213919184822625
987.4|1.0|0.64|0.0|0|1.7749325411010084|3.549865082202017|5.324797623303025|7.099730164404034
987.6|1.0|0.64|0.0|0|1.9902451366599434|3.980490273319887|5.97073540997983|7.960980546639774
987.8|1.0|0.64|0.0|0|1.2342186483938724|2.468437296787745|3.702655945181617|4.93687459357549
988.0|1.0|0.64|0.0|0|1.4864677148713976|2.9729354297427952|4.459403144614193|5.9458708594855905
988.2|1.0|0.64|0.0|0|1.9001561841560777|3.8003123683121554|5.700468552468233|7.600624736624311
988.4|1.0|0.64|0.0|0|1.20557036109618|2.41114072219236|3.6167110832885405|4.82228144438472
988.6|1.0|0.64|0.0|0|1.4174595773284104|2.834919154656821|4.252378731985231|5.669838309313642
988.8|1.0|0.64|0.0|0|1.43277469900204|2.86554939800408|4.29832409700612|5.73109879600816
989.0|1.0|0.64|0.0|0|1.934570163893515|3.86914032778703|5.803710491680545|7.73828065557406
989.2|1.0|0.64|0.0|0|1.3612440717365837|2.7224881434731674|4.083732215209752|5.444976286946335
989.4|1.0|0.64|0.0|0|1.5552956745139104|3.1105913490278208|4.665887023541731|6.2211826980556415
989.6|1.0|0.64|0.0|0|1.0886349015549068|2.1772698031098137|3.2659047046647203|4.354539606219627
989.8|1.0|0.64|0.0|0|1.2241286857257374|2.448257371451475|3.6723860571772127|4.89651474290295
990.0|1.0|0.64|0.0|0|1.7151134758273854|3.4302269516547708|5.145340427482156|6.8604539033095415
990.2|1.0|0.64|0.0|0|1.285389173187433|2.570778346374866|3.856167519562299|5.141556692749732
990.4|1.0|0.64|0.0|0|0.8808897762786372|1.7617795525572744|2.6426693288359115|3.5235591051145487
990.6|1.0|0.64|0.0|0|1.5983581936411806|3.196716387282361|4.795074580923542|6.393432774564722
990.8|1.0|0.64|0.0|0|1.2612453335279143|2.5224906670558287|3.7837360005837435|5.044981334111657
991.0|1.0|0.64|0.0|0|0.9498979138641162|1.8997958277282323|2.8496937415923482|3.7995916554564646
991.2|1.0|0.64|0.0|0|1.4410628829215433|2.8821257658430866|4.32318864876463|5.764251531686173
991.4|1.0|0.64|0.0|0|0.9113398420502207|1.8226796841004413|2.734019526150662|3.6453593682008827
991.6|1.0|0.64|0.0|0|1.004491818495445|2.00898363699089|3.0134754554863346|4.01796727398178
991.8|1.0|0.64|0.0|0|1.662861883801526|3.325723767603052|4.988585651404578|6.651447535206104
992.0|1.0|0.64|0.0|0|1.5520524730510092|3.1041049461020185|4.656157419153027|6.208209892204037
992.2|1.0|0.64|0.0|0|1.2199845933006155|2.439969186601231|3.659953779901847|4.879938373202462
992.4|1.0|0.64|0.0|0|1.3653881626384112|2.7307763252768225|4.0961644879152335|5.461552650553645
992.6|1.0|0.64|0.0|0|1.476377751574038|2.952755503148076|4.429133254722114|5.905511006296152
992.8|1.0|0.64|0.0|0|1.2140387228352494|2.4280774456704988|3.642116168505748|4.8561548913409975
993.0|1.0|0.64|0.0|0|1.700158710883699|3.400317421767398|5.100476132651097|6.800634843534796
993.2|1.0|0.64|0.0|0|1.886642841848663|3.773285683697326|5.659928525545989|7.546571367394652
993.4|1.0|0.64|0.0|0|1.0398066883633155|2.079613376726631|3.1194200650899466|4.159226753453262
993.6|1.0|0.64|0.0|0|1.248452702149517|2.496905404299034|3.7453581064485513|4.993810808598068
993.8|1.0|0.64|0.0|0|1.8785348350188014|3.7570696700376027|5.635604505056404|7.5141393400752055
994.0|1.0|0.64|0.0|0|1.766464178534226|3.532928357068452|5.299392535602679|7.065856714136904
994.2|1.0|0.64|0.0|0|1.620880431788975|3.24176086357795|4.862641295366925|6.4835217271559
994.4|1.0|0.64|0.0|0|1.627727192647873|3.255454385295746|4.883181577943619|6.510908770591492
994.6|1.0|0.64|0.0|0|1.4915126960055218|2.9830253920110437|4.4745380880165655|5.966050784022087
994.8|1.0|0.64|0.0|0|1.495656787985937|2.991313575971874|4.486970363957812|5.982627151943748
995.0|1.0|0.64|0.0|0|1.6839426982292223|3.3678853964584445|5.051828094687666|6.735770792916889
995.2|1.0|0.64|0.0|0|1.5293500561156557|3.0587001122313113|4.5880501683469666|6.117400224462623
995.4|1.0|0.64|0.0|0|1.5992590833344744|3.198518166668949|4.797777250003423|6.397036333337898
995.6|1.0|0.64|0.0|0|0.8371065446134897|1.6742130892269793|2.5113196338404693|3.3484261784539586
995.8|1.0|0.64|0.0|0|1.0216087198531032|2.0432174397062064|3.0648261595593094|4.086434879412413
996.0|1.0|0.64|0.0|0|1.1443098733387898|2.2886197466775795|3.4329296200163695|4.577239493355159
996.2|1.0|0.64|0.0|0|1.1098958936688732|2.2197917873377464|3.32968768100662|4.439583574675493
996.4|1.0|0.64|0.0|0|0.962510368566146|1.925020737132292|2.887531105698438|3.850041474264584
996.6|1.0|0.64|0.0|0|1.6588979699922508|3.3177959399845016|4.976693909976753|6.635591879969003
996.8|1.0|0.64|0.0|0|1.1282740399305486|2.2565480798610973|3.3848221197916457|4.513096159722195
997.0|1.0|0.64|0.0|0|1.3864689778623882|2.7729379557247764|4.159406933587165|5.545875911449553
997.2|1.0|0.64|0.0|0|1.3461091270059127|2.6922182540118254|4.038327381017738|5.384436508023651
997.4|1.0|0.64|0.0|0|1.2343988263531367|2.4687976527062734|3.7031964790594096|4.937595305412547
997.6|1.0|0.64|0.0|0|0.7877377997088486|1.5754755994176972|2.3632133991265456|3.1509511988353944
997.8|1.0|0.64|0.0|0|1.0273744136327887|2.0547488272655774|3.082123240898366|4.109497654531155
998.0|1.0|0.64|0.0|0|1.2089937408908746|2.4179874817817493|3.626981222672624|4.8359749635634985
998.2|1.0|0.64|0.0|0|1.4747561502875772|2.9495123005751545|4.424268450862732|5.899024601150309
998.4|1.0|0.64|0.0|0|1.0407075767254002|2.0814151534508003|3.1221227301762|4.162830306901601
998.6|1.0|0.64|0.0|0|1.3807032843731588|2.7614065687463176|4.142109853119477|5.522813137492635
998.8|1.0|0.64|0.0|0|1.1055716238223259|2.2111432476446518|3.316714871466978|4.4222864952893035
999.0|1.0|0.64|0.0|0|1.4259279386396533|2.8518558772793066|4.277783815918959|5.703711754558613
999.2|1.0|0.64|0.0|0|1.4805218443780919|2.9610436887561837|4.441565533134275|5.9220873775123675
999.4|1.0|0.64|0.0|0|0.786836909956183|1.573673819912366|2.3605107298685493|3.147347639824732
999.6|1.0|0.64|0.0|0|1.5527731843799133|3.1055463687598266|4.65831955313974|6.211092737519653
999.8|1.0|0.64|0.0|0|1.7075460041651984|3.415092008330397|5.122638012495595|6.830184016660794
