times(ps)|lambda_restraints|lambda_electrostatics|lambda_sterics|(1.0, 0.66, 0.0)|(1.0, 0.68, 0.0)|(1.0, 0.7, 0.0)|(1.0, 0.72, 0.0)|(1.0, 0.74, 0.0)
0.0|1.0|0.7|0.0|0|0.7340447848796618|1.4680895697593195|2.2021343546389813|2.9361791395186434
0.2|1.0|0.7|0.0|0|0.4527870749757862|0.9055741499515699|1.358361224927356|1.8111482999031423
0.4|1.0|0.7|0.0|0|0.4136884700111117|0.8273769400222212|1.241065410033333|1.6547538800444446
0.6|1.0|0.7|0.0|0|0.6192714593076385|1.2385429186152737|1.8578143779229122|2.477085837230551
0.8|1.0|0.7|0.0|0|0.08324219257512602|0.1664843851502516|0.24972657772537762|0.33296877030050365
1.0|1.0|0.7|0.0|0|0.3026988804672149|0.6053977609344281|0.908096641401643|1.210795521868858
1.2|1.0|0.7|0.0|0|0.2144117065303728|0.4288234130607444|0.6432351195911172|0.85764682612149
1.4|1.0|0.7|0.0|0|0.19423178181867132|0.3884635636373416|0.5826953454560129|0.7769271272746843
1.6|1.0|0.7|0.0|0|0.08576468227256563|0.1715293645451308|0.2572940468176964|0.343058729090262
1.8|1.0|0.7|0.0|0|0.27747397360741183|0.5549479472148222|0.832421920822234|1.109895894429646
2.0|1.0|0.7|0.0|0|0.03026988863304726|0.060539777266094344|0.0908096658991416|0.12107955453218887
2.2|1.0|0.7|0.0|0|0.3443199759913844|0.688639951982767|1.0329599279741515|1.377279903965536
2.4|1.0|0.7|0.0|0|0.6533250834251527|1.3066501668503017|1.9599752502754544|2.6133003337006073
2.6|1.0|0.7|0.0|0|0.6785499894252286|1.3570999788504534|2.035649968275682|2.7141999577009104
2.8|1.0|0.7|0.0|0|0.3834185807575708|0.7668371615151395|1.1502557422727102|1.533674323030281
3.0|1.0|0.7|0.0|0|0.11603457122459086|0.2320691424491811|0.34810371367377196|0.46413828489836284
3.2|1.0|0.7|0.0|0|0.26233902908978074|0.52467805817956|0.7870170872693408|1.0493561163591216
3.4|1.0|0.7|0.0|0|0.7088198785897117|1.4176397571794197|2.126459635769131|2.8352795143588434
3.6|1.0|0.7|0.0|0|0.41873345096421|0.8374669019284177|1.2562003528926278|1.6749338038568378
3.8|1.0|0.7|0.0|0|0.33423001366842103|0.6684600273368402|1.0026900410052613|1.3369200546736821
4.0|1.0|0.7|0.0|0|0.638190139358631|1.2763802787172585|1.9145704180758893|2.5527605574345205
4.2|1.0|0.7|0.0|0|0.7289998027414556|1.457999605482907|2.1869994082243625|2.9159992109658184
4.4|1.0|0.7|0.0|0|0.36197741119365706|0.7239548223873121|1.0859322335809691|1.4479096447746262
4.6|1.0|0.7|0.0|0|0.8664755446580247|1.7329510893160445|2.599426633974069|3.465902178632094
4.8|1.0|0.7|0.0|0|0.13873698679555685|0.2774739735911129|0.41621096038666977|0.5549479471822266
5.0|1.0|0.7|0.0|0|0.48936318978085225|0.9787263795617018|1.468089569342554|1.9574527591234063
5.2|1.0|0.7|0.0|0|0.1841418190608967|0.3682836381217924|0.552425457182689|0.7365672762435858
5.4|1.0|0.7|0.0|0|0.38720231794461174|0.7744046358892214|1.1616069538338332|1.548809271778445
5.6|1.0|0.7|0.0|0|0.581434099572944|1.162868199145885|1.7443022987188288|2.325736398291773
5.8|1.0|0.7|0.0|0|0.8942229415819756|1.788445883163946|2.682668824745922|3.576891766327897
6.0|1.0|0.7|0.0|0|0.8689980356401074|1.7379960712802098|2.6069941069203173|3.4759921425604245
6.2|1.0|0.7|0.0|0|1.152778235138395|2.3055564702767835|3.4583347054151785|4.611112940553573
6.4|1.0|0.7|0.0|0|0.8500793548114606|1.7001587096229163|2.5502380644343767|3.4003174192458374
6.6|1.0|0.7|0.0|0|1.1338595551258195|2.2677191102516328|3.4015786653774525|4.535438220503272
6.8|1.0|0.7|0.0|0|0.4124272245226897|0.8248544490453772|1.237281673568067|1.6497088980907566
7.0|1.0|0.7|0.0|0|0.31783382436842683|0.635667648736852|0.9535014731052788|1.2713352974737058
7.2|1.0|0.7|0.0|0|0.22702416100131834|0.4540483220026354|0.6810724830039537|0.9080966440052721
7.4|1.0|0.7|0.0|0|0.1336920041468694|0.2673840082937381|0.4010760124406075|0.5347680165874769
7.6|1.0|0.7|0.0|0|0.26107778454199454|0.5221555690839876|0.7832333536259822|1.0443111381679768
7.8|1.0|0.7|0.0|0|0.7340447847149342|1.4680895694298641|2.2021343541447984|2.9361791388597323
8.0|1.0|0.7|0.0|0|0.2282854047958974|0.4565708095917935|0.684856214387691|0.9131416191835883
8.2|1.0|0.7|0.0|0|0.3127888433972842|0.6255776867945667|0.9383665301918509|1.251155373589135
8.4|1.0|0.7|0.0|0|0.5953077976172795|1.1906155952345558|1.7859233928518352|2.381231190469115
8.6|1.0|0.7|0.0|0|0.6129652321827603|1.2259304643655173|1.8388956965482777|2.451860928731038
8.8|1.0|0.7|0.0|0|-0.047927322466857776|-0.09585464493371529|-0.14378196740057306|-0.19170928986743083
9.0|1.0|0.7|0.0|0|0.5965690424200153|1.1931380848400273|1.7897071272600424|2.3862761696800576
9.2|1.0|0.7|0.0|0|0.3607161657395776|0.7214323314791532|1.0821484972187307|1.4428646629583084
9.4|1.0|0.7|0.0|0|0.5801728534046565|1.16034570680931|1.7405185602139666|2.320691413618623
9.6|1.0|0.7|0.0|0|-0.22702416039421244|-0.4540483207884236|-0.6810724811826361|-0.9080966415768484
9.8|1.0|0.7|0.0|0|-0.01261245375906584|-0.025224907518131612|-0.03783736127719745|-0.05044981503626329
10.0|1.0|0.7|0.0|0|0.1639618932019222|0.3279237864038435|0.49188567960576574|0.6558475728076879
10.2|1.0|0.7|0.0|0|0.3455812214501205|0.6911624429002391|1.0367436643503596|1.3823248858004802
10.4|1.0|0.7|0.0|0|0.7390897653601138|1.4781795307202237|2.2172692960803375|2.9563590614404514
10.6|1.0|0.7|0.0|0|0.5675604001560719|1.1351208003121407|1.7026812004682126|2.2702416006242845
10.8|1.0|0.7|0.0|0|0.3544099389977058|0.7088198779954096|1.0632298169931154|1.4176397559908211
11.0|1.0|0.7|0.0|0|0.47675073614518665|0.9535014722903706|1.4302522084355573|1.907002944580744
11.2|1.0|0.7|0.0|0|0.3304462771641559|0.66089255432831|0.9913388314924659|1.321785108656622
11.4|1.0|0.7|0.0|0|-0.13116951415198866|-0.2623390283039766|-0.3935085424559653|-0.524678056607954
11.6|1.0|0.7|0.0|0|0.32792378686892365|0.6558475737378454|0.9837713606067691|1.3116951474756928
11.8|1.0|0.7|0.0|0|0.4212559408327801|0.8425118816655579|1.263767822498338|1.685023763331118
12.0|1.0|0.7|0.0|0|0.9080966409679976|1.81619328193599|2.7242899229039876|3.6323865638719854
12.2|1.0|0.7|0.0|0|0.5007143974310024|1.0014287948620022|1.5021431922930046|2.002857589724007
12.4|1.0|0.7|0.0|0|0.4288234140619174|0.8576468281238324|1.2864702421857497|1.715293656247667
12.6|1.0|0.7|0.0|0|0.2673840107809522|0.5347680215619028|0.802152032342855|1.0695360431238072
12.8|1.0|0.7|0.0|0|0.6457576112268731|1.2915152224537427|1.9372728336806158|2.583030444907489
13.0|1.0|0.7|0.0|0|0.254771557976492|0.5095431159529825|0.7643146739294745|1.0190862319059666
13.2|1.0|0.7|0.0|0|0.7239548214589019|1.4479096429177998|2.1718644643767018|2.8958192858356036
13.4|1.0|0.7|0.0|0|0.7416122561926028|1.4832245123852017|2.2248367685778043|2.9664490247704074
13.6|1.0|0.7|0.0|0|0.7126036127714912|1.4252072255429784|2.13781083831447|2.850414451085961
13.8|1.0|0.7|0.0|0|0.8904392069100876|1.7808784138201703|2.671317620730258|3.5617568276403455
14.0|1.0|0.7|0.0|0|0.07567472119349992|0.15134944238699943|0.22702416358049937|0.3026988847739993
14.2|1.0|0.7|0.0|0|0.8198094673891326|1.6396189347782606|2.459428402167393|3.279237869556526
14.4|1.0|0.7|0.0|0|0.8172869766439551|1.6345739532879058|2.4518609299318608|3.269147906575816
14.6|1.0|0.7|0.0|0|0.07567471996357206|0.1513494399271437|0.22702415989071575|0.3026988798542878
14.8|1.0|0.7|0.0|0|-0.16774562882492333|-0.3354912576498457|-0.503236886474769|-0.6709825152996924
15.0|1.0|0.7|0.0|0|0.462877037712024|0.9257540754240454|1.3886311131360694|1.8515081508480935
15.2|1.0|0.7|0.0|0|0.7226935774966848|1.4453871549933657|2.16808073249005|2.8907743099867353
15.4|1.0|0.7|0.0|0|0.9093578859081034|1.8187157718162017|2.7280736577243054|3.6374315436324087
15.6|1.0|0.7|0.0|0|0.47548949077201585|0.950978981544029|1.4264684723160448|1.9019579630880608
15.8|1.0|0.7|0.0|0|0.6798112346464774|1.359622469292951|2.0394337039394284|2.7192449385859057
16.0|1.0|0.7|0.0|0|0.24972657679638383|0.49945315359276626|0.7491797303891501|0.9989063071855339
16.2|1.0|0.7|0.0|0|0.37332861893286495|0.7466572378657278|1.1199858567985927|1.4933144757314578
16.4|1.0|0.7|0.0|0|-0.04792732197325681|-0.09585464394651336|-0.14378196591977016|-0.19170928789302696
16.6|1.0|0.7|0.0|0|0.2446815937414069|0.48936318748281243|0.7340447812242193|0.9787263749656263
16.8|1.0|0.7|0.0|0|0.24846533082949485|0.4969306616589883|0.7453959924884832|0.993861323317978
17.0|1.0|0.7|0.0|0|0.9459340003924452|1.8918680007848854|2.8378020011773306|3.7837360015697756
17.2|1.0|0.7|0.0|0|0.5789116078498778|1.1578232156997526|1.7367348235496303|2.315646431399508
17.4|1.0|0.7|0.0|0|0.7012524055753608|1.4025048111507177|2.1037572167260783|2.8050096223014394
17.6|1.0|0.7|0.0|0|0.848818109159475|1.6976362183189453|2.54645432747842|3.3952724366378955
17.8|1.0|0.7|0.0|0|0.9509789817995633|1.9019579635991213|2.852936945398685|3.803915927198248
18.0|1.0|0.7|0.0|0|0.34053624029678786|0.6810724805935738|1.0216087208903617|1.3621449611871497
18.2|1.0|0.7|0.0|0|0.7075586334569386|1.4151172669138732|2.1226759003708118|2.8302345338277504
18.4|1.0|0.7|0.0|0|0.7239548213826499|1.4479096427652958|2.1718644641479457|2.8958192855305955
18.6|1.0|0.7|0.0|0|0.28378020065545595|0.5675604013109103|0.8513406019663663|1.1351208026218222
18.8|1.0|0.7|0.0|0|1.044311136715115|2.088622273430224|3.1329334101453394|4.177244546860455
19.0|1.0|0.7|0.0|0|0.7971070503746166|1.5942141007492288|2.3913211511238455|3.188428201498462
19.2|1.0|0.7|0.0|0|0.648280100759003|1.2965602015180022|1.9448403022770053|2.5931204030360084
19.4|1.0|0.7|0.0|0|0.6281001762504462|1.256200352500889|1.8843005287513352|2.5124007050017814
19.6|1.0|0.7|0.0|0|0.32414005057769857|0.6482801011553954|0.9724201517330939|1.2965602023107925
19.8|1.0|0.7|0.0|0|0.5927853066351968|1.1855706132703905|1.7783559199055872|2.371141226540784
20.0|1.0|0.7|0.0|0|0.5978302881831774|1.1956605763663515|1.7934908645495289|2.3913211527327065
20.2|1.0|0.7|0.0|0|1.1578232166479585|2.3156464332959104|3.473469649943869|4.631292866591828
20.4|1.0|0.7|0.0|0|0.9434115102753284|1.8868230205506515|2.83023453082598|3.7736460411013084
20.6|1.0|0.7|0.0|0|0.44900333877652926|0.898006677553056|1.3470100163295853|1.7960133551061144
20.8|1.0|0.7|0.0|0|0.539813003232121|1.0796260064642391|1.61943900969636|2.159252012928481
21.0|1.0|0.7|0.0|0|0.3796348457707794|0.7592696915415567|1.138904537312336|1.5185393830831155
21.2|1.0|0.7|0.0|0|0.8071970142290236|1.6143940284580427|2.421591042687066|3.22878805691609
21.4|1.0|0.7|0.0|0|0.31278884260507794|0.6255776852101541|0.9383665278152321|1.25115537042031
21.6|1.0|0.7|0.0|0|0.3014376350893875|0.6028752701787732|0.9043129052681607|1.2057505403575481
21.8|1.0|0.7|0.0|0|0.9295378118869857|1.8590756237739663|2.788613435660952|3.7181512475479375
22.0|1.0|0.7|0.0|0|0.6028752691496635|1.2057505382993237|1.808625807448987|2.4115010765986504
22.2|1.0|0.7|0.0|0|0.38467982771981074|0.7693596554396194|1.15403948315943|1.538719310879241
22.4|1.0|0.7|0.0|0|0.49945315250020983|0.9989063050004169|1.4983594575006267|1.9978126100008367
22.6|1.0|0.7|0.0|0|0.5940465528715873|1.1880931057431712|1.7821396586147586|2.376186211486346
22.8|1.0|0.7|0.0|0|0.6079202514456125|1.2158405028912216|1.8237607543368342|2.4316810057824467
23.0|1.0|0.7|0.0|0|0.10468336264952095|0.20936672529904132|0.31405008794856226|0.4187334505980832
23.2|1.0|0.7|0.0|0|0.1715293649624802|0.3430587299249594|0.5145880948874396|0.6861174598499198
23.4|1.0|0.7|0.0|0|0.4717057550646136|0.9434115101292246|1.4151172651938382|1.8868230202584517
23.6|1.0|0.7|0.0|0|-0.023963661207235438|-0.047927322414470744|-0.07189098362170619|-0.09585464482894163
23.8|1.0|0.7|0.0|0|0.24594284060003724|0.4918856812000731|0.7378285218001104|0.9837713624001476
24.0|1.0|0.7|0.0|0|0.15765566717309426|0.31531133434618763|0.4729670015192819|0.6306226686923762
24.2|1.0|0.7|0.0|0|0.058017286530812326|0.11603457306162432|0.17405185959243666|0.23206914612324897
24.4|1.0|0.7|0.0|0|0.2030604986165419|0.4061209972330827|0.6091814958496247|0.8122419944661665
24.6|1.0|0.7|0.0|0|0.46287703699141314|0.9257540739828237|1.3886311109742369|1.85150814796565
24.8|1.0|0.7|0.0|0|0.0063062273664400035|0.012612454732879972|0.018918682099319975|0.02522490946575998
25.0|1.0|0.7|0.0|0|0.2535103122203147|0.5070206244406281|0.7605309366609428|1.0140412488812576
25.2|1.0|0.7|0.0|0|0.6053977596794726|1.210795519358942|1.8161932790384145|2.421591038717887
25.4|1.0|0.7|0.0|0|0.3228788052918392|0.6457576105836766|0.9686364158755159|1.291515221167355
25.6|1.0|0.7|0.0|0|0.3909860534581825|0.7819721069163628|1.1729581603745454|1.5639442138327277
25.8|1.0|0.7|0.0|0|0.3972922801913231|0.794584560382644|1.1918768405739673|1.5891691207652903
26.0|1.0|0.7|0.0|0|0.7062973869364948|1.4125947738729856|2.1188921608094806|2.825189547745975
26.2|1.0|0.7|0.0|0|0.5978302886476745|1.1956605772953457|1.7934908659430204|2.391321154590695
26.4|1.0|0.7|0.0|0|0.36576114641618945|0.7315222928323769|1.0972834392485664|1.4630445856647558
26.6|1.0|0.7|0.0|0|0.8273769391910181|1.6547538783820315|2.4821308175730494|3.3095077567640674
26.8|1.0|0.7|0.0|0|0.8576468272967039|1.715293654593403|2.572940481890107|3.430587309186811
27.0|1.0|0.7|0.0|0|0.594046552968212|1.1880931059364208|1.7821396589046328|2.3761862118728447
27.2|1.0|0.7|0.0|0|0.9509789813921097|1.901957962784214|2.852936944176324|3.8039159255684334
27.4|1.0|0.7|0.0|0|0.8639530538831612|1.7279061077663176|2.591859161649479|3.45581221553264
27.6|1.0|0.7|0.0|0|0.6785499891510705|1.3570999783021371|2.0356499674532076|2.7141999566042783
27.8|1.0|0.7|0.0|0|0.5297230405046144|1.0594460810092259|1.5891691215138402|2.1188921620184544
28.0|1.0|0.7|0.0|0|0.4918856805522232|0.9837713611044436|1.4756570416566668|1.9675427222088901
28.2|1.0|0.7|0.0|0|0.22954665135475827|0.45909330270951526|0.6886399540642736|0.9181866054190319
28.4|1.0|0.7|0.0|0|-0.1097283441806213|-0.219456688361242|-0.3291850325418633|-0.4389133767224846
28.6|1.0|0.7|0.0|0|0.03405362470191906|0.06810724940383794|0.102160874105757|0.13621449880767608
28.8|1.0|0.7|0.0|0|0.3632386559603041|0.726477311920606|1.08971596788091|1.452954623841214
29.0|1.0|0.7|0.0|0|0.3443199766887122|0.6886399533774225|1.0329599300661347|1.377279906754847
29.2|1.0|0.7|0.0|0|0.14504321336338774|0.2900864267267747|0.4351296400901625|0.5801728534535502
29.4|1.0|0.7|0.0|0|0.6911624429398222|1.3823248858796406|2.073487328819463|2.7646497717592853
29.6|1.0|0.7|0.0|0|0.10720585343253343|0.21441170686506625|0.3216175602975997|0.4288234137301331
29.8|1.0|0.7|0.0|0|-0.00630622619297356|-0.012612452385947085|-0.018918678578920645|-0.025224904771894204
30.0|1.0|0.7|0.0|0|0.4010760165727701|0.802152033145538|1.203228049718308|1.6043040662910781
30.2|1.0|0.7|0.0|0|0.25981653890979967|0.5196330778195979|0.7794496167293975|1.039266155639197
30.4|1.0|0.7|0.0|0|0.10216087238746704|0.2043217447749335|0.30648261716240055|0.4086434895498676
30.6|1.0|0.7|0.0|0|-0.10216087203414655|-0.2043217440682925|-0.30648261610243904|-0.4086434881365856
30.8|1.0|0.7|0.0|0|0.6104427416180266|1.2208854832360498|1.8313282248540763|2.441770966472103
31.0|1.0|0.7|0.0|0|0.08576468323240996|0.17152936646481942|0.2572940496972294|0.34305873292963934
31.2|1.0|0.7|0.0|0|0.949717736468884|1.899435472937763|2.849153209406647|3.798870945875531
31.4|1.0|0.7|0.0|0|0.6886399531230569|1.37727990624611|2.065919859369167|2.754559812492224
31.6|1.0|0.7|0.0|0|0.4565708107984396|0.9131416215968766|1.3697124323953163|1.826283243193756
31.8|1.0|0.7|0.0|0|0.2194566882593792|0.43891337651875717|0.6583700647781364|0.8778267530375156
32.0|1.0|0.7|0.0|0|1.0064737771527152|2.0129475543054247|3.01942133145814|4.025895108610856
32.2|1.0|0.7|0.0|0|0.3947697901300857|0.7895395802601691|1.1843093703902547|1.5790791605203405
32.4|1.0|0.7|0.0|0|0.04288234182517048|0.08576468365034072|0.1286470254755112|0.1715293673006817
32.6|1.0|0.7|0.0|0|0.18540306369599438|0.3708061273919877|0.5562091910879821|0.7416122547839764
32.8|1.0|0.7|0.0|0|0.09585464536387016|0.1917092907277398|0.28756393609160996|0.38341858145548013
33.0|1.0|0.7|0.0|0|0.5978302885481395|1.1956605770962756|1.793490865644415|2.3913211541925543
33.2|1.0|0.7|0.0|0|0.34305873108271073|0.6861174621654196|1.0291761932481303|1.3722349243308412
33.4|1.0|0.7|0.0|0|0.07945845618436585|0.15891691236873126|0.23837536855309713|0.31783382473746297
33.6|1.0|0.7|0.0|0|0.2711677473608872|0.542335494721773|0.8135032420826602|1.0846709894435476
33.8|1.0|0.7|0.0|0|0.510804360643961|1.0216087212879192|1.5324130819318802|2.043217442575841
34.0|1.0|0.7|0.0|0|0.44143586643564087|0.8828717328712793|1.3243075993069202|1.765743465742561
34.2|1.0|0.7|0.0|0|0.3329687681229555|0.6659375362459092|0.9989063043688647|1.3318750724918202
34.4|1.0|0.7|0.0|0|0.7214323316531961|1.4428646633063882|2.1642969949595843|2.8857293266127804
34.6|1.0|0.7|0.0|0|0.58774032487243|1.1754806497448567|1.7632209746172867|2.350961299489717
34.8|1.0|0.7|0.0|0|0.6419738749094546|1.2839477498189056|1.9259216247283601|2.5678954996378147
35.0|1.0|0.7|0.0|0|0.7037748956418369|1.40754979128367|2.111324686925507|2.815099582567344
35.2|1.0|0.7|0.0|0|0.8702592799760176|1.7405185599520303|2.610777839928048|3.4810371199040655
35.4|1.0|0.7|0.0|0|0.44648084830259943|0.8929616966051964|1.3394425449077958|1.7859233932103953
35.6|1.0|0.7|0.0|0|0.46287703757640014|0.9257540751527977|1.388631112729198|1.8515081503055981
35.8|1.0|0.7|0.0|0|0.9421502655500089|1.8843005311000125|2.8264507966500214|3.7686010622000303
36.0|1.0|0.7|0.0|0|0.2736902378487869|0.5473804756975722|0.8210707135463591|1.094760951395146
36.2|1.0|0.7|0.0|0|0.3127888433029878|0.6255776866059739|0.9383665299089616|1.2511553732119494
36.4|1.0|0.7|0.0|0|0.5599929288099524|1.1199858576199018|1.6799787864298543|2.2399717152398066
36.6|1.0|0.7|0.0|0|-0.15765566667774705|-0.3153113333554933|-0.4729670000332403|-0.6306226667109873
36.8|1.0|0.7|0.0|0|0.8462956183694776|1.6925912367389506|2.5388868551084283|3.3851824734779057
37.0|1.0|0.7|0.0|0|0.6243164399376843|1.2486328798753652|1.8729493198130494|2.497265759750734
37.2|1.0|0.7|0.0|0|0.1488269503065386|0.29765390061307645|0.44648085091961504|0.5953078012261537
37.4|1.0|0.7|0.0|0|0.11477332535258039|0.22954665070516014|0.3443199760577405|0.4590933014103209
37.6|1.0|0.7|0.0|0|0.7466572372568778|1.4933144745137514|2.2399717117706293|2.986628949027507
37.8|1.0|0.7|0.0|0|0.26990650258725535|0.5398130051745091|0.8097195077617645|1.0796260103490198
38.0|1.0|0.7|0.0|0|-0.017657434096327067|-0.03531486819265404|-0.0529723022889811|-0.07062973638530817
38.2|1.0|0.7|0.0|0|0.3481037122075216|0.6962074244150414|1.044311136622563|1.3924148488300845
38.4|1.0|0.7|0.0|0|0.8689980356890017|1.7379960713779987|2.6069941070670004|3.4759921427560023
38.6|1.0|0.7|0.0|0|0.4653995288035371|0.9307990576070716|1.3961985864106086|1.8615981152141456
38.8|1.0|0.7|0.0|0|0.3544099391042258|0.7088198782084496|1.0632298173126755|1.4176397564169012
39.0|1.0|0.7|0.0|0|0.6835949711891596|1.3671899423783154|2.0507849135674747|2.7343798847566343
39.2|1.0|0.7|0.0|0|0.706297386976076|1.412594773952148|2.118892160928224|2.8251895479043
39.4|1.0|0.7|0.0|0|0.6798112339799997|1.3596224679599955|2.0394337019399953|2.719244935919995
39.6|1.0|0.7|0.0|0|0.8904392063571148|1.7808784127142248|2.6713176190713397|3.5617568254284544
39.8|1.0|0.7|0.0|0|0.5158493410149827|1.0316986820299625|1.5475480230449452|2.0633973640599277
40.0|1.0|0.7|0.0|0|0.5726053815917117|1.1452107631834203|1.717816144775132|2.2904215263668437
40.2|1.0|0.7|0.0|0|0.5196330769627825|1.039266153925562|1.5588992308883447|2.0785323078511273
40.4|1.0|0.7|0.0|0|0.4717057550494796|0.9434115100989566|1.4151172651484363|1.886823020197916
40.6|1.0|0.7|0.0|0|0.8172869768046083|1.634573953609212|2.45186093041382|3.2691479072184286
40.8|1.0|0.7|0.0|0|1.0405274000565996|2.0810548001131934|3.1215822001697933|4.162109600226393
41.0|1.0|0.7|0.0|0|0.38594107266690153|0.7718821453338008|1.1578232180007024|1.543764290667604
41.2|1.0|0.7|0.0|0|0.1500881948473399|0.30017638969467897|0.45026458454201884|0.6003527793893587
41.4|1.0|0.7|0.0|0|0.3153113345935711|0.6306226691871404|0.9459340037807115|1.2612453383742825
41.6|1.0|0.7|0.0|0|0.5965690430859109|1.1931380861718186|1.7897071292577293|2.3862761723436403
41.8|1.0|0.7|0.0|0|-0.04792732213158165|-0.09585464426316302|-0.14378196639474466|-0.19170928852632632
42.0|1.0|0.7|0.0|0|0.7996295412658954|1.5992590825317863|2.398888623797682|3.198518165063577
42.2|1.0|0.7|0.0|0|-0.11855706082307745|-0.23711412164615422|-0.3556711824692317|-0.4742282432923091
42.4|1.0|0.7|0.0|0|0.7844945978221957|1.5689891956443869|2.3534837934665824|3.137978391288778
42.6|1.0|0.7|0.0|0|0.6861174613912596|1.3722349227825155|2.058352384173775|2.7444698455650345
42.8|1.0|0.7|0.0|0|0.7252160671568715|1.450432134313739|2.1756482014706107|2.900864268627482
43.0|1.0|0.7|0.0|0|0.7365672753535916|1.4731345507071791|2.209701826060771|2.9462691014143623
43.2|1.0|0.7|0.0|0|0.8425118830747677|1.6850237661495306|2.5275356492242986|3.370047532299066
43.4|1.0|0.7|0.0|0|-0.10468336262681996|-0.20936672525363934|-0.3140500878804593|-0.4187334505072793
43.6|1.0|0.7|0.0|0|0.45530956543341783|0.9106191308668332|1.365928696300251|1.8212382617336689
43.8|1.0|0.7|0.0|0|0.8324219207669383|1.664843841533872|2.49726576230081|3.3296876830677484
44.0|1.0|0.7|0.0|0|0.31278884258237694|0.6255776851647522|0.9383665277471291|1.251155370329506
44.2|1.0|0.7|0.0|0|0.4477420941030145|0.8954841882060265|1.343226282309041|1.7909683764120554
44.4|1.0|0.7|0.0|0|0.5776503622706519|1.1553007245413005|1.7329510868119524|2.3106014490826046
44.6|1.0|0.7|0.0|0|0.15765566679590862|0.31531133359181635|0.472967000387725|0.6306226671836336
44.8|1.0|0.7|0.0|0|0.5776503631722886|1.1553007263445738|1.7329510895168625|2.310601452689151
45.0|1.0|0.7|0.0|0|0.6142264779080875|1.2284529558161716|1.8426794337242591|2.456905911632347
45.2|1.0|0.7|0.0|0|0.5423354938620474|1.0846709877240917|1.627006481586139|2.1693419754481864
45.4|1.0|0.7|0.0|0|0.1929705357365312|0.38594107147306134|0.5789116072095924|0.7718821429461237
45.6|1.0|0.7|0.0|0|0.17909683782316294|0.35819367564632487|0.5372905134694879|0.7163873512926507
45.8|1.0|0.7|0.0|0|0.4376521319139287|0.875304263827855|1.3129563957417836|1.7506085276557124
46.0|1.0|0.7|0.0|0|0.7378285207797314|1.4756570415594588|2.2134855623391902|2.9513140831189215
46.2|1.0|0.7|0.0|0|0.46161579220439347|0.9232315844087844|1.384847376613178|1.8464631688175714
46.4|1.0|0.7|0.0|0|0.4553095659171235|0.9106191318342445|1.365928697751368|1.8212382636684916
46.6|1.0|0.7|0.0|0|0.8185482220887214|1.6370964441774383|2.4556446662661595|3.274192888354881
46.8|1.0|0.7|0.0|0|0.5738666259770985|1.1477332519541938|1.7215998779312924|2.295466503908391
47.0|1.0|0.7|0.0|0|0.48431820906989786|0.9686364181397931|1.452954627209691|1.9372728362795888
47.2|1.0|0.7|0.0|0|0.7933233152743203|1.5866466305486362|2.3799699458229564|3.173293261097277
47.4|1.0|0.7|0.0|0|0.9837713603355233|1.967542720671041|2.951314081006564|3.9350854413420873
47.6|1.0|0.7|0.0|0|0.5322455308760987|1.0644910617521943|1.596736592628293|2.1289821235043918
47.8|1.0|0.7|0.0|0|0.41368847064499314|0.827376941289984|1.241065411934977|1.6547538825799704
48.0|1.0|0.7|0.0|0|0.3758511091064432|0.7517022182128844|1.1275533273193277|1.5034044364257708
48.2|1.0|0.7|0.0|0|0.6899011969467398|1.3798023938934758|2.0697035908402155|2.7596047877869556
48.4|1.0|0.7|0.0|0|0.4944081717595695|0.9888163435191363|1.4832245152787058|1.9776326870382754
48.6|1.0|0.7|0.0|0|0.61801021413412|1.2360204282682365|1.8540306424023565|2.4720408565364766
48.8|1.0|0.7|0.0|0|0.9396277739072693|1.8792555478145332|2.8188833217218026|3.7585110956290717
49.0|1.0|0.7|0.0|0|0.5246780592412692|1.0493561184825355|1.574034177723805|2.098712236965074
49.2|1.0|0.7|0.0|0|0.7718821446242516|1.543764289248499|2.3156464338727507|3.087528578497002
49.4|1.0|0.7|0.0|0|1.0178249844064713|2.035649968812937|3.053474953219408|4.071299937625879
49.6|1.0|0.7|0.0|0|0.7012524061481242|1.4025048122962445|2.1037572184443687|2.805009624592493
49.8|1.0|0.7|0.0|0|0.3859410723316254|0.7718821446632487|1.157823216994874|1.5437642893264993
50.0|1.0|0.7|0.0|0|0.3821573355607692|0.7643146711215363|1.1464720066823055|1.5286293422430746
50.2|1.0|0.7|0.0|0|0.3304462777130541|0.6608925554261065|0.9913388331391606|1.3217851108522147
50.4|1.0|0.7|0.0|0|0.015134943852317532|0.03026988770463498|0.04540483155695251|0.060539775409270045
50.6|1.0|0.7|0.0|0|0.6205327044514712|1.241065408902939|1.8615981133544102|2.4821308178058814
50.8|1.0|0.7|0.0|0|0.4061209980276184|0.8122419960552345|1.2183629940828529|1.6244839921104715
51.0|1.0|0.7|0.0|0|0.644496365722153|1.2889927314443024|1.9334890971664553|2.5779854628886083
51.2|1.0|0.7|0.0|0|0.7996295418677626|1.5992590837355207|2.3988886256032833|3.198518167471046
51.4|1.0|0.7|0.0|0|0.017657435049768553|0.03531487009953701|0.05297230514930556|0.07062974019907411
51.6|1.0|0.7|0.0|0|0.6394513848208595|1.2789027696417155|1.918354154462575|2.5578055392834345
51.8|1.0|0.7|0.0|0|0.7100811231270205|1.4201622462540373|2.130243369381058|2.8403244925080786
52.0|1.0|0.7|0.0|0|0.3657611467537939|0.7315222935075858|1.0972834402613796|1.4630445870151736
52.2|1.0|0.7|0.0|0|0.4073822427116105|0.8147644854232188|1.2221467281348293|1.6295289708464398
52.4|1.0|0.7|0.0|0|0.5536867014650493|1.1073734029300957|1.661060104395145|2.214746805860194
52.6|1.0|0.7|0.0|0|0.07441347497224349|0.14882694994448656|0.22324042491673005|0.29765389988897356
52.8|1.0|0.7|0.0|0|-0.2144117065129105|-0.42882341302581983|-0.6432351195387304|-0.8576468260516408
53.0|1.0|0.7|0.0|0|0.42630092313804235|0.8526018462760824|1.2789027694141246|1.705203692552167
53.2|1.0|0.7|0.0|0|0.6583700642734772|1.3167401285469507|1.975110192820428|2.633480257093905
53.4|1.0|0.7|0.0|0|1.09728343976196|2.1945668795239137|3.291850319285874|4.389133759047834
53.6|1.0|0.7|0.0|0|0.11981830667005862|0.23963661334011657|0.3594549200101752|0.4792732266802338
53.8|1.0|0.7|0.0|0|0.9396277742786341|1.879255548557263|2.818883322835897|3.7585110971145315
54.0|1.0|0.7|0.0|0|0.259816539436579|0.5196330788731566|0.7794496183097355|1.0392661577463145
54.2|1.0|0.7|0.0|0|0.35188744831830293|0.703774896636604|1.055662344954907|1.4075497932732097
54.4|1.0|0.7|0.0|0|0.42251718807208855|0.8450343761441748|1.2675515642162634|1.690068752288352
54.6|1.0|0.7|0.0|0|0.296392653755029|0.5927853075100563|0.8891779612650853|1.1855706150201144
54.8|1.0|0.7|0.0|0|0.4855794538179184|0.9711589076358341|1.4567383614537526|1.942317815271671
55.0|1.0|0.7|0.0|0|0.3329687686095716|0.6659375372191413|0.9989063058287129|1.3318750744382843
55.2|1.0|0.7|0.0|0|0.24215910381171873|0.48431820762343614|0.7264773114351549|0.9686364152468736
55.4|1.0|0.7|0.0|0|0.5435967390320734|1.087193478064144|1.6307902170962172|2.174386956128291
55.6|1.0|0.7|0.0|0|0.6747662537026924|1.349532507405381|2.0242987611080734|2.6990650148107656
55.8|1.0|0.7|0.0|0|0.24342034973669818|0.48684069947339503|0.7302610492100932|0.9736813989467914
56.0|1.0|0.7|0.0|0|0.20558298967254832|0.4111659793450955|0.6167489690176439|0.8223319586901922
56.2|1.0|0.7|0.0|0|1.3457487716147456|2.6914975432294836|4.0372463148442295|5.382995086458974
56.4|1.0|0.7|0.0|0|0.44017462100309823|0.880349242006194|1.3205238630092924|1.7606984840123905
56.6|1.0|0.7|0.0|0|0.5953077975765342|1.190615595153065|1.7859233927295992|2.381231190306133
56.8|1.0|0.7|0.0|0|0.48684069920040246|0.9736813984008021|1.4605220976012045|1.9473627968016072
57.0|1.0|0.7|0.0|0|0.07315222960722173|0.14630445921444307|0.2194566888216648|0.29260891842888653
57.2|1.0|0.7|0.0|0|0.4376521296991272|0.875304259398252|1.3129563890973792|1.7506085187965064
57.4|1.0|0.7|0.0|0|0.5587316826957981|1.117463365391593|1.6761950480873913|2.2349267307831893
57.6|1.0|0.7|0.0|0|0.8071970139240154|1.6143940278480264|2.421591041772042|3.2287880556960573
57.8|1.0|0.7|0.0|0|0.5473804748838307|1.0947609497676583|1.642141424651489|2.1895218995353196
58.0|1.0|0.7|0.0|0|0.035314869869034766|0.07062973973806934|0.10594460960710411|0.14125947947613887
58.2|1.0|0.7|0.0|0|0.5044981333694891|1.0089962667389754|1.5134944001084645|2.0179925334779534
58.4|1.0|0.7|0.0|0|0.7466572384338367|1.4933144768676692|2.2399717153015057|2.9866289537353428
58.6|1.0|0.7|0.0|0|0.5990915341483202|1.198183068296637|1.797274602444957|2.396366136593277
58.8|1.0|0.7|0.0|0|0.9446727539727007|1.8893455079453962|2.834018261918097|3.7786910158907974
59.0|1.0|0.7|0.0|0|0.1727906109852485|0.34558122197049607|0.5183718329557445|0.691162443940993
59.2|1.0|0.7|0.0|0|0.2623390286753422|0.524678057350683|0.7870170860260252|1.0493561147013675
59.4|1.0|0.7|0.0|0|0.15513317605480564|0.31026635210961045|0.4653995281644161|0.6205327042192218
59.6|1.0|0.7|0.0|0|0.4893631894572177|0.9787263789144326|1.4680895683716504|1.9574527578288679
59.8|1.0|0.7|0.0|0|0.457832056905609|0.9156641138112155|1.3734961707168245|1.8313282276224336
60.0|1.0|0.7|0.0|0|0.4603545472858245|0.9207090945716464|1.3810636418574709|1.8414181891432955
60.2|1.0|0.7|0.0|0|0.2648615196708127|0.5297230393416238|0.7945845590124365|1.0594460786832491
60.4|1.0|0.7|0.0|0|0.4061209971475186|0.8122419942950349|1.2183629914425536|1.624483988590072
60.6|1.0|0.7|0.0|0|0.7403510116098921|1.48070202321978|2.221053034829672|2.961404046439564
60.8|1.0|0.7|0.0|0|0.36071616598870637|0.7214323319774107|1.0821484979661171|1.4428646639548235
61.0|1.0|0.7|0.0|0|0.2963926535873909|0.5927853071747802|0.8891779607621711|1.1855706143495621
61.2|1.0|0.7|0.0|0|0.5398130032344494|1.0796260064688956|1.6194390097033449|2.1592520129377943
61.4|1.0|0.7|0.0|0|-0.023963661090820116|-0.0479273221816401|-0.07189098327246023|-0.09585464436328034
61.6|1.0|0.7|0.0|0|0.7517022196570186|1.503404439314033|2.2551066589710516|3.00680887862807
61.8|1.0|0.7|0.0|0|0.2837802002351966|0.5675604004703917|0.8513406007055884|1.135120800940785
62.0|1.0|0.7|0.0|0|0.06053977579344069|0.12107955158688105|0.18161932738032174|0.24215910317376244
62.2|1.0|0.7|0.0|0|0.02017992514069194|0.040359850281383766|0.060539775422075705|0.08071970056276764
62.4|1.0|0.7|0.0|0|0.3834185819164853|0.7668371638329685|1.1502557457494538|1.5336743276659393
62.6|1.0|0.7|0.0|0|0.24594284024089597|0.49188568048179054|0.7378285207226866|0.9837713609635825
62.8|1.0|0.7|0.0|0|1.0443111364980004|2.088622272995995|3.1329334094939956|4.1772445459919965
63.0|1.0|0.7|0.0|0|0.25855529291729934|0.5171105858345972|0.7756658787518965|1.0342211716691958
63.2|1.0|0.7|0.0|0|0.20810547973960655|0.416210959479212|0.6243164392188185|0.8324219189584251
63.4|1.0|0.7|0.0|0|0.5171105865808209|1.0342211731616389|1.5513317597424596|2.0684423463232804
63.6|1.0|0.7|0.0|0|0.22071793323208133|0.4414358664641614|0.6621537996962428|0.8828717329283241
63.8|1.0|0.7|0.0|0|0.22450167009956223|0.44900334019912325|0.6735050102986855|0.8980066803982477
64.0|1.0|0.7|0.0|0|0.12612453350331645|0.2522490670066322|0.37837360050994867|0.5044981340132652
64.2|1.0|0.7|0.0|0|0.7920620700711158|1.5841241401422272|2.3761862102133433|3.168248280284459
64.4|1.0|0.7|0.0|0|0.5435967387998248|1.0871934775996468|1.6307902163994716|2.1743869551992963
64.6|1.0|0.7|0.0|0|1.015302494255594|2.030604988511182|3.045907482766776|4.06120997702237
64.8|1.0|0.7|0.0|0|0.986293851440424|1.9725877028808425|2.9588815543212665|3.945175405761691
65.0|1.0|0.7|0.0|0|0.04288234092178758|0.08576468184357493|0.12864702276536252|0.1715293636871501
65.2|1.0|0.7|0.0|0|0.23963661323534347|0.4792732264706856|0.7189098397060291|0.9585464529413725
65.4|1.0|0.7|0.0|0|-0.05549479457491548|-0.11098958914983065|-0.16648438372474614|-0.22197917829966163
65.6|1.0|0.7|0.0|0|0.3808960913360355|0.7617921826720689|1.1426882740081044|1.5235843653441399
65.8|1.0|0.7|0.0|0|0.6495413475210086|1.2990826950420136|1.9486240425630221|2.5981653900840307
66.0|1.0|0.7|0.0|0|0.0050449811760336204|0.010089962352067213|0.015134943528100834|0.020179924704134454
66.2|1.0|0.7|0.0|0|0.5877403258468262|1.1754806516936491|1.7632209775404755|2.350961303387302
66.4|1.0|0.7|0.0|0|0.6192714589205576|1.2385429178411118|1.8578143767616693|2.477085835682227
66.6|1.0|0.7|0.0|0|0.8917004505213125|1.7834009010426202|2.675101351563933|3.566801802085245
66.8|1.0|0.7|0.0|0|0.6684600270068046|1.3369200540136055|2.00538008102041|2.6738401080272145
67.0|1.0|0.7|0.0|0|0.6671987817634368|1.3343975635268701|2.0015963452903067|2.6687951270537438
67.2|1.0|0.7|0.0|0|0.20179925414267946|0.40359850828535776|0.6053977624280372|0.8071970165707167
67.4|1.0|0.7|0.0|0|0.29765389896347216|0.5953077979269427|0.8929616968904147|1.1906155958538869
67.6|1.0|0.7|0.0|0|0.022702416396932698|0.045404832793865264|0.06810724919079797|0.09080966558773065
67.8|1.0|0.7|0.0|0|0.3254012953263012|0.6508025906526006|0.9762038859789017|1.301605181305203
68.0|1.0|0.7|0.0|0|0.41621096002520097|0.8324219200503997|1.2486328800756006|1.6648438401008017
68.2|1.0|0.7|0.0|0|0.25729404849116716|0.5145880969823329|0.7718821454735|1.029176193964667
68.4|1.0|0.7|0.0|0|0.1425207229627996|0.28504144592559844|0.42756216888839804|0.5700828918511976
68.6|1.0|0.7|0.0|0|0.19675427180889546|0.3935085436177898|0.5902628154266852|0.7870170872355807
68.8|1.0|0.7|0.0|0|-0.23963661342859288|-0.4792732268571845|-0.7189098402857773|-0.9585464537143702
69.0|1.0|0.7|0.0|0|0.08324219227419243|0.16648438454838438|0.24972657682257682|0.3329687690967692
69.2|1.0|0.7|0.0|0|0.1513494411023568|0.30269888220471275|0.4540483233070695|0.6053977644094263
69.4|1.0|0.7|0.0|0|0.45657081079029055|0.9131416215805785|1.3697124323708691|1.8262832431611595
69.6|1.0|0.7|0.0|0|0.10089962648926312|0.20179925297852566|0.3026988794677888|0.40359850595705193
69.8|1.0|0.7|0.0|0|0.21188921644352396|0.42377843288704675|0.6356676493305706|0.8475568657740946
70.0|1.0|0.7|0.0|0|0.5587316828133776|1.117463365626752|1.6761950484401298|2.2349267312535073
70.2|1.0|0.7|0.0|0|0.47927322753414087|0.9585464550682791|1.43781968260242|1.9170929101365608
70.4|1.0|0.7|0.0|0|0.12360204216209252|0.24720408432418434|0.37080612648627687|0.49440816864836934
70.6|1.0|0.7|0.0|0|0.6053977605036931|1.2107955210073829|1.816193281511076|2.421591042014769
70.8|1.0|0.7|0.0|0|0.6798112342518294|1.359622468503655|2.0394337027554847|2.719244937007314
71.0|1.0|0.7|0.0|0|0.7239548219769502|1.447909643953896|2.171864465930846|2.895819287907796
71.2|1.0|0.7|0.0|0|0.6495413462072617|1.2990826924145198|1.9486240386217815|2.598165384829043
71.4|1.0|0.7|0.0|0|0.37206737398461004|0.7441347479692181|1.116202121953828|1.4882694959384382
71.6|1.0|0.7|0.0|0|0.6810724801366457|1.3621449602732876|2.0432174404099332|2.7242899205465787
71.8|1.0|0.7|0.0|0|0.6129652311798424|1.2259304623596812|1.8388956935395235|2.451860924719366
72.0|1.0|0.7|0.0|0|0.3279237873927926|0.6558475747855833|0.9837713621783759|1.3116951495711686
72.2|1.0|0.7|0.0|0|0.47044450931425713|0.9408890186285117|1.4113335279427688|1.8817780372570259
72.4|1.0|0.7|0.0|0|0.24846533077419758|0.49693066154839377|0.7453959923225913|0.9938613230967889
72.6|1.0|0.7|0.0|0|0.4414358670252845|0.8828717340505665|1.324307601075851|1.7657434681011355
72.8|1.0|0.7|0.0|0|0.2724289923871404|0.5448579847742793|0.8172869771614197|1.08971596954856
73.0|1.0|0.7|0.0|0|0.3241400512913245|0.6482801025826471|0.9724201538739716|1.2965602051652962
73.2|1.0|0.7|0.0|0|0.8853942239074976|1.7707884478149902|2.6561826717224877|3.5415768956299853
73.4|1.0|0.7|0.0|0|0.4414358673209794|0.8828717346419563|1.3243076019629358|1.7657434692839151
73.6|1.0|0.7|0.0|0|0.03153113338688857|0.06306226677377696|0.09459340016066553|0.1261245335475541
73.8|1.0|0.7|0.0|0|-0.08828717277618132|-0.17657434555236218|-0.2648615183285435|-0.35314869110472485
74.0|1.0|0.7|0.0|0|-0.20810547954868544|-0.4162109590973697|-0.6243164386460551|-0.8324219181947405
74.2|1.0|0.7|0.0|0|0.6457576107524807|1.2915152215049577|1.9372728322574384|2.583030443009919
74.4|1.0|0.7|0.0|0|0.4124272248469064|0.8248544496938105|1.237281674540717|1.6497088993876232
74.6|1.0|0.7|0.0|0|0.5675604008615488|1.1351208017230945|1.7026812025846432|2.270241603446192
74.8|1.0|0.7|0.0|0|0.4754894913587491|0.9509789827174955|1.4264684740762446|1.9019579654349936
75.0|1.0|0.7|0.0|0|0.1513494411564899|0.302698882312979|0.4540483234694689|0.6053977646259588
75.2|1.0|0.7|0.0|0|0.5145880974526522|1.0291761949053015|1.5437642923579535|2.0583523898106058
75.4|1.0|0.7|0.0|0|0.4540483201376632|0.9080966402753239|1.3621449604129872|1.8161932805506504
75.6|1.0|0.7|0.0|0|0.28756393696239707|0.5751278739247926|0.8626918108871897|1.1502557478495867
75.8|1.0|0.7|0.0|0|0.8765655081585291|1.7531310163170533|2.629696524475582|3.5062620326341114
76.0|1.0|0.7|0.0|0|0.37963484574283973|0.7592696914856774|1.1389045372285171|1.5185393829713567
76.2|1.0|0.7|0.0|0|0.47927322705625597|0.9585464541125093|1.4378196811687654|1.9170929082250212
76.4|1.0|0.7|0.0|0|0.21693419720453694|0.4338683944090727|0.6508025916136096|0.8677367888181466
76.6|1.0|0.7|0.0|0|0.3430587307614045|0.686117461522807|1.0291761922842115|1.372234923045616
76.8|1.0|0.7|0.0|0|0.28504144625563665|0.5700828925112718|0.8551243387669084|1.140165785022545
77.0|1.0|0.7|0.0|0|0.605397760684719|1.2107955213694346|1.8161932820541533|2.4215910427388723
77.2|1.0|0.7|0.0|0|1.0190862295933776|2.0381724591867494|3.0572586887801267|4.076344918373504
77.4|1.0|0.7|0.0|0|0.21441170685749986|0.42882341371499855|0.6432351205724984|0.8576468274299982
77.6|1.0|0.7|0.0|0|0.25224906656018015|0.5044981331203588|0.756747199680539|1.0089962662407193
77.8|1.0|0.7|0.0|0|0.9421502643678112|1.8843005287356174|2.8264507931034286|3.76860105747124
78.0|1.0|0.7|0.0|0|-0.0542335486109369|-0.10846709722187349|-0.16270064583281038|-0.21693419444374729
78.2|1.0|0.7|0.0|0|0.21945668842527102|0.4389133768505408|0.6583700652758119|0.8778267537010829
78.4|1.0|0.7|0.0|0|0.2636002745939188|0.5272005491878362|0.790800823781755|1.0544010983756738
78.6|1.0|0.7|0.0|0|0.4111659799877092|0.8223319599754162|1.2334979399631254|1.6446639199508346
78.8|1.0|0.7|0.0|0|0.8841329790785684|1.7682659581571318|2.6523989372357004|3.5365319163142686
79.0|1.0|0.7|0.0|0|0.7151261049055035|1.430252209811003|2.1453783147165066|2.86050441962201
79.2|1.0|0.7|0.0|0|0.3367525046115046|0.6735050092230073|1.0102575138345118|1.3470100184460163
79.4|1.0|0.7|0.0|0|0.245942839618074|0.4918856792361466|0.7378285188542206|0.9837713584722946
79.6|1.0|0.7|0.0|0|0.5486417203111346|1.0972834406222662|1.6459251609334007|2.1945668812445356
79.8|1.0|0.7|0.0|0|0.8046745232888505|1.6093490465776965|2.414023569866547|3.2186980931553975
80.0|1.0|0.7|0.0|0|1.0102575129608167|2.0205150259216276|3.0307725388824447|4.041030051843261
80.2|1.0|0.7|0.0|0|0.6886399525142048|1.3772799050284057|2.0659198575426108|2.7545598100568154
80.4|1.0|0.7|0.0|0|1.0430498915736106|2.0860997831472154|3.1291496747208263|4.172199566294437
80.6|1.0|0.7|0.0|0|0.7895395785698208|1.5790791571396374|2.3686187357094584|3.158158314279279
80.8|1.0|0.7|0.0|0|0.9383665281726289|1.8767330563452524|2.8150995845178812|3.7534661126905102
81.0|1.0|0.7|0.0|0|0.46035454615717797|0.9207090923143534|1.3810636384715314|1.8414181846287092
81.2|1.0|0.7|0.0|0|0.20053800903435348|0.40107601806870585|0.6016140271030593|0.8021520361374128
81.4|1.0|0.7|0.0|0|0.519633076806204|1.039266153612405|1.558899230418609|2.0785323072248127
81.6|1.0|0.7|0.0|0|0.24342034939501922|0.4868406987900371|0.7302610481850563|0.9736813975800755
81.8|1.0|0.7|0.0|0|0.7668371632631177|1.533674326526231|2.300511489789349|3.0673486530524663
82.0|1.0|0.7|0.0|0|0.6205327044613664|1.2410654089227295|1.861598113384096|2.4821308178454626
82.2|1.0|0.7|0.0|0|0.5990915329230488|1.1981830658460944|1.7972745987691434|2.3963661316921923
82.4|1.0|0.7|0.0|0|0.5801728544820803|1.1603457089641576|1.740518563446238|2.3206914179283182
82.6|1.0|0.7|0.0|0|0.267384010080714|0.5347680201614265|0.8021520302421405|1.0695360403228547
82.8|1.0|0.7|0.0|0|0.44774209315830416|0.8954841863166059|1.34322627947491|1.7909683726332142
83.0|1.0|0.7|0.0|0|0.6634150455560308|1.326830091112058|1.9902451366680889|2.6536601822241197
83.2|1.0|0.7|0.0|0|0.5246780585107631|1.0493561170215233|1.5740341755322864|2.0987122340430493
83.4|1.0|0.7|0.0|0|0.48936319034080994|0.9787263806816172|1.468089571022427|1.957452761363237
83.6|1.0|0.7|0.0|0|0.17909683814970792|0.35819367629941484|0.5372905144491228|0.7163873525988307
83.8|1.0|0.7|0.0|0|0.12486328768951364|0.2497265753790266|0.3745898630685402|0.49945315075805385
84.0|1.0|0.7|0.0|0|0.7239548212738015|1.447909642547599|2.1718644638214006|2.895819285095202
84.2|1.0|0.7|0.0|0|0.34431997624051325|0.6886399524810245|1.0329599287215379|1.377279904962051
84.4|1.0|0.7|0.0|0|0.5171105874545179|1.0342211749090329|1.5513317623635505|2.0684423498180684
84.6|1.0|0.7|0.0|0|0.2951314089517112|0.5902628179034207|0.8853942268551319|1.180525635806843
84.8|1.0|0.7|0.0|0|0.6117039876821223|1.2234079753642413|1.8351119630463637|2.446815950728486
85.0|1.0|0.7|0.0|0|0.5574704385013325|1.1149408770026619|1.6724113155039944|2.229881754005327
85.2|1.0|0.7|0.0|0|1.2082730296993407|2.4165460593986743|3.624819089098015|4.833092118797356
85.4|1.0|0.7|0.0|0|0.45152582976792516|0.9030516595358478|1.354577489303773|1.806103319071698
85.6|1.0|0.7|0.0|0|0.7781883725017549|1.5563767450035055|2.33456511750526|3.112753490007015
85.8|1.0|0.7|0.0|0|0.5864790808764524|1.1729581617529017|1.759437242629354|2.3459163235058065
86.0|1.0|0.7|0.0|0|0.7252160666708375|1.450432133341671|2.1756482000125086|2.900864266683346
86.2|1.0|0.7|0.0|0|0.3607161654502855|0.721432330900569|1.0821484963508545|1.44286466180114
86.4|1.0|0.7|0.0|0|0.6192714586673542|1.2385429173347051|1.8578143760020593|2.477085834669414
86.6|1.0|0.7|0.0|0|0.07441347509855412|0.14882695019710782|0.22324042529566193|0.297653900394216
86.8|1.0|0.7|0.0|0|0.4792732269765115|0.9585464539530203|1.4378196809295318|1.9170929079060433
87.0|1.0|0.7|0.0|0|0.6772887443326187|1.3545774886652335|2.031866232997852|2.709154977330471
87.2|1.0|0.7|0.0|0|0.37837359985336694|0.7567471997067318|1.1351207995600987|1.5134943994134658
87.4|1.0|0.7|0.0|0|0.9371052831050483|1.8742105662100914|2.8113158493151396|3.7484211324201877
87.6|1.0|0.7|0.0|0|1.1023284218407945|2.2046568436815828|3.306985265522377|4.409313687363172
87.8|1.0|0.7|0.0|0|0.885394224814955|1.7707884496299051|2.6561826744448602|3.541576899259815
88.0|1.0|0.7|0.0|0|0.7857558430504293|1.5715116861008545|2.357267529151284|3.143023372201713
88.2|1.0|0.7|0.0|0|0.8689980349148398|1.7379960698296748|2.6069941047445147|3.4759921396593545
88.4|1.0|0.7|0.0|0|0.42251718778570685|0.8450343755714114|1.2675515633571182|1.6900687511428252
88.6|1.0|0.7|0.0|0|0.18540306380309646|0.3708061276061919|0.5562091914092884|0.7416122552123848
88.8|1.0|0.7|0.0|0|0.7062973856565083|1.4125947713130127|2.118892156969521|2.8251895426260294
89.0|1.0|0.7|0.0|0|0.5133268508897167|1.0266537017794306|1.5399805526691475|2.0533074035588643
89.2|1.0|0.7|0.0|0|0.41999469668197015|0.839989393363938|1.2599840900459083|1.6799787867278784
89.4|1.0|0.7|0.0|0|0.3556711844145323|0.7113423688290628|1.0670135532435951|1.4226847376581275
89.6|1.0|0.7|0.0|0|0.3455812215496556|0.6911624430993093|1.036743664648965|1.3823248861986206
89.8|1.0|0.7|0.0|0|0.3178338244569025|0.6356676489138032|0.9535014733707058|1.2713352978276082
90.0|1.0|0.7|0.0|0|0.4199946964974519|0.8399893929949015|1.2599840894923533|1.6799787859898052
90.2|1.0|0.7|0.0|0|0.7340447843505542|1.4680895687011042|2.2021343530516586|2.936179137402213
90.4|1.0|0.7|0.0|0|0.46161579257692253|0.9232315851538425|1.384847377730765|1.8464631703076875
90.6|1.0|0.7|0.0|0|0.4338683951558782|0.867736790311754|1.3016051854676323|1.7354735806235104
90.8|1.0|0.7|0.0|0|0.138736986675067|0.27747397335013324|0.4162109600252002|0.5549479467002673
91.0|1.0|0.7|0.0|0|-0.19297053641697876|-0.3859410728339564|-0.5789116092509352|-0.7718821456679139
91.2|1.0|0.7|0.0|0|0.40359850759967264|0.8071970151993431|1.2107955227990157|1.6143940303986883
91.4|1.0|0.7|0.0|0|-0.056756040541222366|-0.11351208108244443|-0.17026812162366678|-0.22702416216488916
91.6|1.0|0.7|0.0|0|0.4452196022827415|0.8904392045654805|1.335658806848222|1.7808784091309635
91.8|1.0|0.7|0.0|0|-0.03279237828508488|-0.06558475657016957|-0.09837713485525446|-0.13116951314033934
92.0|1.0|0.7|0.0|0|0.7239548211137304|1.4479096422274569|2.1718644633411874|2.8958192844549178
92.2|1.0|0.7|0.0|0|0.2081054806598697|0.4162109613197382|0.6243164419796079|0.8324219226394776
92.4|1.0|0.7|0.0|0|0.3216175597824625|0.6432351195649232|0.9648526793473856|1.2864702391298481
92.6|1.0|0.7|0.0|0|0.4124272239609858|0.8248544479219693|1.2372816718829551|1.649708895843941
92.8|1.0|0.7|0.0|0|0.04792732301633809|0.09585464603267592|0.14378196904901402|0.19170929206535212
93.0|1.0|0.7|0.0|0|0.11098959022609062|0.2219791804521806|0.33296877067827124|0.4439583609043618
93.2|1.0|0.7|0.0|0|0.3897248080244757|0.7794496160489492|1.169174424073425|1.5588992320979007
93.4|1.0|0.7|0.0|0|0.46539952886581926|0.930799057731636|1.3961985865974553|1.8615981154632746
93.6|1.0|0.7|0.0|0|0.928276565755369|1.8565531315107329|2.784829697266102|3.713106263021471
93.8|1.0|0.7|0.0|0|0.8677367893559866|1.7354735787119684|2.603210368067955|3.4709471574239417
94.0|1.0|0.7|0.0|0|0.0756747195270146|0.15134943905402878|0.22702415858104338|0.30269887810805796
94.2|1.0|0.7|0.0|0|0.20179925400181692|0.4035985080036327|0.6053977620054496|0.8071970160072666
94.4|1.0|0.7|0.0|0|0.20432174420042448|0.4086434884008478|0.6129652326012723|0.8172869768016967
94.6|1.0|0.7|0.0|0|0.017657435212750004|0.03531487042549991|0.052972305638249916|0.07062974085099992
94.8|1.0|0.7|0.0|0|0.6053977615328046|1.2107955230656058|1.8161932845984103|2.4215910461312147
95.0|1.0|0.7|0.0|0|0.3909860532562019|0.7819721065124017|1.1729581597686036|1.5639442130248054
95.2|1.0|0.7|0.0|0|0.5978302876942331|1.1956605753884628|1.7934908630826958|2.3913211507769288
95.4|1.0|0.7|0.0|0|0.44521960246260317|0.8904392049252039|1.335658807387807|1.7808784098504102
95.6|1.0|0.7|0.0|0|0.9459340003825499|1.8918680007650948|2.8378020011476446|3.783736001530195
95.8|1.0|0.7|0.0|0|-0.02144117084913889|-0.04288234169827766|-0.06432351254741656|-0.08576468339655544
96.0|1.0|0.7|0.0|0|1.0140412479429515|2.028082495885897|3.042123743828849|4.056164991771801
96.2|1.0|0.7|0.0|0|0.5423354943277087|1.0846709886554142|1.6270064829831228|2.1693419773108316
96.4|1.0|0.7|0.0|0|0.06684600296546711|0.13369200593093386|0.20053800889640097|0.26738401186186805
96.6|1.0|0.7|0.0|0|0.21062797134683953|0.4212559426936779|0.6318839140405174|0.8425118853873569
96.8|1.0|0.7|0.0|0|0.020179926469572836|0.04035985293914556|0.0605397794087184|0.08071970587829123
97.0|1.0|0.7|0.0|0|0.2938701626798141|0.5877403253596265|0.8816104880394405|1.1754806507192546
97.2|1.0|0.7|0.0|0|0.7744046349410207|1.5488092698820373|2.323213904823058|3.0976185397640785
97.4|1.0|0.7|0.0|0|0.5473804748087427|1.0947609496174826|1.6421414244262253|2.189521899234968
97.6|1.0|0.7|0.0|0|0.4817957175121414|0.9635914350242801|1.4453871525364215|1.927182870048563
97.8|1.0|0.7|0.0|0|0.41621096097515003|0.8324219219502977|1.2486328829254478|1.6648438439005977
98.0|1.0|0.7|0.0|0|1.0026900398987355|2.0053800797974652|3.0080701196962005|4.010760159594936
98.2|1.0|0.7|0.0|0|0.7062973868259003|1.4125947736517965|2.1188921604776967|2.825189547303597
98.4|1.0|0.7|0.0|0|0.3985535251960395|0.7971070503920767|1.1956605755881162|1.5942141007841557
98.6|1.0|0.7|0.0|0|0.09080966320703746|0.1816193264140744|0.27242898962111184|0.3632386528281493
98.8|1.0|0.7|0.0|0|0.2749514829914554|0.5499029659829092|0.8248544489743646|1.09980593196582
99.0|1.0|0.7|0.0|0|0.38341858204046764|0.7668371640809332|1.1502557461214007|1.5336743281618683
99.2|1.0|0.7|0.0|0|0.013873698101378989|0.0277473962027579|0.041621094304136894|0.05549479240551588
99.4|1.0|0.7|0.0|0|0.557470436924487|1.1149408738489708|1.6724113107734577|2.2298817476979447
99.6|1.0|0.7|0.0|0|0.4717057547811423|0.9434115095622819|1.4151172643434242|1.8868230191245665
99.8|1.0|0.7|0.0|0|0.23206914088281358|0.4641382817656259|0.6962074226484395|0.928276563531253
100.0|1.0|0.7|0.0|0|0.13369200553919666|0.2673840110783926|0.40107601661758924|0.5347680221567859
100.2|1.0|0.7|0.0|0|0.37206737364642356|0.744134747292845|1.1162021209392685|1.4882694945856922
100.4|1.0|0.7|0.0|0|0.6091814959980553|1.2183629919961072|1.8275444879941625|2.436725983992218
100.6|1.0|0.7|0.0|0|0.40359850695123933|0.8071970139024764|1.2107955208537158|1.6143940278049551
100.8|1.0|0.7|0.0|0|0.7075586319336441|1.4151172638672842|2.122675895800928|2.8302345277345724
101.0|1.0|0.7|0.0|0|0.6571088193188195|1.3142176386376352|1.9713264579564547|2.628435277275274
101.2|1.0|0.7|0.0|0|1.2877314855775341|2.575462971155061|3.8631944567325953|5.1509259423101295
101.4|1.0|0.7|0.0|0|0.4628770380315841|0.9257540760631655|1.3886311140947496|1.8515081521263337
101.6|1.0|0.7|0.0|0|0.10342211722861984|0.20684423445723912|0.310266351685859|0.4136884689144788
101.8|1.0|0.7|0.0|0|0.33296876799780906|0.6659375359956162|0.9989063039934253|1.3318750719912344
102.0|1.0|0.7|0.0|0|0.5574704374291474|1.1149408748582916|1.672411312287439|2.2298817497165864
102.2|1.0|0.7|0.0|0|0.4881019444984854|0.9762038889969681|1.4643058334954535|1.9524077779939388
102.4|1.0|0.7|0.0|0|0.07693596567958601|0.15387193135917157|0.2308078970387576|0.3077438627183436
102.6|1.0|0.7|0.0|0|0.7315222934266792|1.4630445868533544|2.1945668802800333|2.9260891737067127
102.8|1.0|0.7|0.0|0|0.9156641119904825|1.8313282239809598|2.7469923359714423|3.6626564479619246
103.0|1.0|0.7|0.0|0|0.2963926540012474|0.5927853080024932|0.8891779620037406|1.185570616004988
103.2|1.0|0.7|0.0|0|0.23963661346002504|0.47927322692004876|0.7189098403800738|0.9585464538400988
103.4|1.0|0.7|0.0|0|0.21441170695761702|0.4288234139152329|0.64323512087285|0.857646827830467
103.6|1.0|0.7|0.0|0|0.5536867018876369|1.1073734037752707|1.6610601056629077|2.2147468075505445
103.8|1.0|0.7|0.0|0|0.31531133446202175|0.6306226689240417|0.9459340033860635|1.2612453378480852
104.0|1.0|0.7|0.0|0|0.46918326501792806|0.9383665300358535|1.4075497950537814|1.8767330600717096
104.2|1.0|0.7|0.0|0|0.7340447838103871|1.4680895676207701|2.202134351431157|2.9361791352415443
104.4|1.0|0.7|0.0|0|0.9358440378482927|1.8716880756965804|2.807532113544873|3.7433761513931656
104.6|1.0|0.7|0.0|0|0.701252406283166|1.402504812566328|2.103757218849494|2.80500962513266
104.8|1.0|0.7|0.0|0|0.7403510110365467|1.480702022073089|2.221053033109636|2.961404044146182
105.0|1.0|0.7|0.0|0|0.6987299152364728|1.3974598304729418|2.0961897457094145|2.794919660945887
105.2|1.0|0.7|0.0|0|0.3859410725394267|0.7718821450788513|1.157823217618278|1.5437642901577047
105.4|1.0|0.7|0.0|0|0.5700828904326778|1.1401657808653523|1.71024867129803|2.2803315617307076
105.6|1.0|0.7|0.0|0|0.1702681197377389|0.34053623947547684|0.5108043592132158|0.6810724789509547
105.8|1.0|0.7|0.0|0|0.29639265327830827|0.5927853065566149|0.8891779598349231|1.1855706131132313
106.0|1.0|0.7|0.0|0|0.2181954427860912|0.4363908855721812|0.6545863283582724|0.8727817711443636
106.2|1.0|0.7|0.0|0|0.4881019447569274|0.9762038895138521|1.4643058342707795|1.9524077790277068
106.4|1.0|0.7|0.0|0|0.6798112356854842|1.3596224713709646|2.0394337070564488|2.7192449427419327
106.6|1.0|0.7|0.0|0|0.4666607734520225|0.9333215469040425|1.399982320356065|1.8666430938080876
106.8|1.0|0.7|0.0|0|0.2194566888839474|0.4389133777678936|0.658370066651841|0.8778267555357884
107.0|1.0|0.7|0.0|0|0.9232315847644358|1.8464631695288665|2.7696947542933024|3.692926339057738
107.2|1.0|0.7|0.0|0|0.69620742429921|1.392414848598416|2.0886222728976263|2.784829697196836
107.4|1.0|0.7|0.0|0|0.3708061279129473|0.7416122558258925|1.11241838373884|1.4832245116517873
107.6|1.0|0.7|0.0|0|0.4628770379978236|0.9257540759956446|1.3886311139934684|1.851508151991292
107.8|1.0|0.7|0.0|0|0.6066590057284343|1.2133180114568654|1.8199770171852998|2.4266360229137343
108.0|1.0|0.7|0.0|0|0.73152229364554|1.4630445872910758|2.1945668809366157|2.926089174582156
108.2|1.0|0.7|0.0|0|0.6041365153226076|1.2082730306452116|1.8124095459678193|2.416546061290427
108.4|1.0|0.7|0.0|0|0.3380137498554544|0.6760274997109069|1.0140412495663613|1.3520549994218156
108.6|1.0|0.7|0.0|0|0.25098782119632257|0.5019756423926437|0.7529634635889663|1.0039512847852887
108.8|1.0|0.7|0.0|0|0.6318839125172241|1.2637678250344446|1.8956517375516686|2.527535650068893
109.0|1.0|0.7|0.0|0|0.1349532511760482|0.2699065023520956|0.4048597535281438|0.539813004704192
109.2|1.0|0.7|0.0|0|0.43134590475994666|0.8626918095198909|1.2940377142798376|1.7253836190397842
109.4|1.0|0.7|0.0|0|0.06558475770521915|0.13116951541043792|0.19675427311565707|0.26233903082087623
109.6|1.0|0.7|0.0|0|0.5044981347012804|1.008996269402558|1.5134944041038383|2.0179925388051188
109.8|1.0|0.7|0.0|0|0.3544099392136562|0.7088198784273104|1.0632298176409667|1.4176397568546228
110.0|1.0|0.7|0.0|0|0.5448579845979116|1.0897159691958203|1.6345739537937318|2.1794319383916436
110.2|1.0|0.7|0.0|0|0.7163873497763422|1.4327746995526804|2.1491620493290227|2.865549399105365
110.4|1.0|0.7|0.0|0|1.1969218221842322|2.3938436443684576|3.59076546655269|4.787687288736922
110.6|1.0|0.7|0.0|0|0.27747397318191386|0.5549479463638262|0.8324219195457401|1.1098958927276539
110.8|1.0|0.7|0.0|0|-0.058017284602974596|-0.11603456920594886|-0.17405185380892346|-0.23206913841189805
111.0|1.0|0.7|0.0|0|0.5763891179615172|1.152778235923031|1.7291673538845482|2.305556471846065
111.2|1.0|0.7|0.0|0|0.9698976617859453|1.939795323571885|2.90969298535783|3.8795906471437753
111.4|1.0|0.7|0.0|0|0.9333215471875164|1.8666430943750276|2.799964641562544|3.73328618875006
111.6|1.0|0.7|0.0|0|0.8286381850158803|1.657276370031756|2.4859145550476365|3.3145527400635166
111.8|1.0|0.7|0.0|0|0.7201710851397372|1.4403421702794703|2.1605132554192075|2.8806843405589446
112.0|1.0|0.7|0.0|0|0.6646762910217519|1.3293525820435|1.9940288730652518|2.6587051640870034
112.2|1.0|0.7|0.0|0|-0.29008642659639033|-0.5801728531927791|-0.8702592797891694|-1.1603457063855598
112.4|1.0|0.7|0.0|0|0.08324219219910454|0.16648438439820862|0.24972657659731315|0.3329687687964177
112.6|1.0|0.7|0.0|0|0.15513317710836433|0.31026635421672777|0.4653995313250921|0.6205327084334564
112.8|1.0|0.7|0.0|0|0.4162109608261384|0.8324219216522745|1.248632882478413|1.6648438433045514
113.0|1.0|0.7|0.0|0|0.11351207936357251|0.2270241587271444|0.3405362380907169|0.4540483174542894
113.2|1.0|0.7|0.0|0|0.3392749951186127|0.6785499902372236|1.0178249853558363|1.357099980474449
113.4|1.0|0.7|0.0|0|0.5171105871099285|1.0342211742198542|1.5513317613297826|2.068442348439711
113.6|1.0|0.7|0.0|0|-0.06306226662592967|-0.12612453325185902|-0.1891867998777887|-0.25224906650371837
113.8|1.0|0.7|0.0|0|0.11603457028104468|0.23206914056208872|0.3481037108431334|0.4641382811241781
114.0|1.0|0.7|0.0|0|0.006306226684246218|0.0126124533684924|0.01891868005273862|0.025224906736984836
114.2|1.0|0.7|0.0|0|0.3178338243614419|0.6356676487228821|0.9535014730843241|1.271335297445766
114.4|1.0|0.7|0.0|0|0.375851109970827|0.7517022199416519|1.127553329912479|1.503404439883306
114.6|1.0|0.7|0.0|0|0.2446815946971767|0.489363189394352|0.7340447840915287|0.9787263787887054
114.8|1.0|0.7|0.0|0|0.0832421914587031|0.16648438291740572|0.24972657437610882|0.3329687658348119
115.0|1.0|0.7|0.0|0|0.3354912594123746|0.6709825188247475|1.006473778237122|1.3419650376494967
115.2|1.0|0.7|0.0|0|0.2926089175365635|0.5852178350731254|0.8778267526096889|1.1704356701462524
115.4|1.0|0.7|0.0|0|-0.10972834437037828|-0.21945668874075594|-0.32918503311113423|-0.4389133774815125
115.6|1.0|0.7|0.0|0|0.9434115104365637|1.886823020873122|2.830234531309686|3.7736460417462494
115.8|1.0|0.7|0.0|0|0.5990915335010509|1.1981830670020985|1.7972746005031495|2.3963661340042006
116.0|1.0|0.7|0.0|0|0.8551243366714342|1.7102486733428637|2.565373010014298|3.420497346685732
116.2|1.0|0.7|0.0|0|0.408643488598755|0.8172869771975078|1.2259304657962626|1.6345739543950177
116.4|1.0|0.7|0.0|0|0.5284617947292286|1.0569235894584543|1.5853853841876828|2.1138471789169113
116.6|1.0|0.7|0.0|0|0.7971070507302654|1.5942141014605264|2.391321152190792|3.1884282029210573
116.8|1.0|0.7|0.0|0|0.47296699974511325|0.9459339994902239|1.4189009992353372|1.8918679989804503
117.0|1.0|0.7|0.0|0|0.35314869361755|0.7062973872350982|1.0594460808526482|1.412594774470198
117.2|1.0|0.7|0.0|0|0.4313459047122164|0.8626918094244304|1.2940377141366468|1.7253836188488632
117.4|1.0|0.7|0.0|0|1.0531398544547856|2.1062797089095655|3.159419563364351|4.212559417819136
117.6|1.0|0.7|0.0|0|0.756747200732935|1.5134944014658658|2.2702416021988006|3.0269888029317356
117.8|1.0|0.7|0.0|0|0.18918680023518408|0.3783736004703671|0.5675604007055511|0.7567472009407352
118.0|1.0|0.7|0.0|0|0.1715293650887908|0.34305873017758065|0.5145880952663715|0.6861174603551623
118.2|1.0|0.7|0.0|0|0.47170575503201734|0.943411510064032|1.4151172650960493|1.8868230201280667
118.4|1.0|0.7|0.0|0|0.4527870751649611|0.9055741503299197|1.3583612254948807|1.811148300659842
118.6|1.0|0.7|0.0|0|0.6545863285812089|1.3091726571624143|1.9637589857436233|2.618345314324832
118.8|1.0|0.7|0.0|0|0.2345916323363783|0.4691832646727553|0.7037748970091336|0.9383665293455119
119.0|1.0|0.7|0.0|0|0.15639442143787177|0.3127888428757427|0.46918326431361446|0.6255776857514863
119.2|1.0|0.7|0.0|0|0.12612453422741976|0.2522490684548388|0.37837360268225856|0.5044981369096784
119.4|1.0|0.7|0.0|0|0.3796348459081495|0.7592696918162969|1.1389045377244464|1.5185393836325958
119.6|1.0|0.7|0.0|0|0.0794584566785489|0.15891691335709734|0.23837537003564627|0.31783382671419513
119.8|1.0|0.7|0.0|0|0.19423178162076526|0.3884635632415295|0.5826953448622948|0.7769271264830601
120.0|1.0|0.7|0.0|0|0.7567472005623865|1.5134944011247689|2.270241601687155|3.0269888022495417
120.2|1.0|0.7|0.0|0|0.6634150459477683|1.3268300918955331|1.9902451378433015|2.65366018379107
120.4|1.0|0.7|0.0|0|0.6621538007556234|1.3243076015112432|1.9864614022668665|2.64861520302249
120.6|1.0|0.7|0.0|0|0.4174722049117558|0.8349444098235093|1.2524166147352649|1.6698888196470207
120.8|1.0|0.7|0.0|0|0.9862938513862909|1.9725877027725764|2.958881554158867|3.945175405545158
121.0|1.0|0.7|0.0|0|1.2801640136365324|2.5603280272730577|3.84049204090959|5.120656054546123
121.2|1.0|0.7|0.0|0|-0.12738577880722016|-0.2547715576144396|-0.3821573364216598|-0.50954311522888
121.4|1.0|0.7|0.0|0|0.9232315835449852|1.8464631670899654|2.7696947506349505|3.692926334179936
121.6|1.0|0.7|0.0|0|0.4326071494107604|0.8652142988215185|1.2978214482322787|1.7304285976430394
121.8|1.0|0.7|0.0|0|0.20558299012307563|0.4111659802461501|0.6167489703692257|0.8223319604923013
122.0|1.0|0.7|0.0|0|0.3216175610601206|0.6432351221202395|0.9648526831803601|1.2864702442404807
122.2|1.0|0.7|0.0|0|1.1628681976837116|2.3257363953674166|3.4886045930511282|4.65147279073484
122.4|1.0|0.7|0.0|0|-0.04792732283822265|-0.09585464567644504|-0.14378196851466768|-0.19170929135289033
122.6|1.0|0.7|0.0|0|0.07819721133157152|0.1563944226631426|0.23459163399471414|0.31278884532628565
122.8|1.0|0.7|0.0|0|0.388463563875412|0.7769271277508218|1.1653906916262338|1.5538542555016457
123.0|1.0|0.7|0.0|0|0.2686452559725151|0.5372905119450287|0.8059357679175438|1.0745810238900588
123.2|1.0|0.7|0.0|0|0.4540483201987813|0.90809664039756|1.3621449605963412|1.8161932807951224
123.4|1.0|0.7|0.0|0|1.0695360432146126|2.1390720864292194|3.208608129643832|4.278144172858445
123.6|1.0|0.7|0.0|0|1.2372816727624751|2.4745633455249436|3.7118450182874185|4.9491266910498934
123.8|1.0|0.7|0.0|0|0.6041365147818584|1.2082730295637134|1.8124095443455719|2.4165460591274304
124.0|1.0|0.7|0.0|0|0.5322455311479285|1.0644910622958539|1.5967365934437825|2.128982124591711
124.2|1.0|0.7|0.0|0|0.6432351196062523|1.2864702392125011|1.9297053588187536|2.572940478425006
124.4|1.0|0.7|0.0|0|0.6028752705769153|1.2057505411538272|1.8086258117307425|2.411501082307658
124.6|1.0|0.7|0.0|0|0.37837360004487014|0.7567472000897382|1.1351208001346083|1.5134944001794786
124.8|1.0|0.7|0.0|0|0.40359850742097514|0.8071970148419481|1.2107955222629232|1.6143940296838983
125.0|1.0|0.7|0.0|0|0.26360027526447105|0.5272005505289407|0.7908008257934117|1.0544011010578829
125.2|1.0|0.7|0.0|0|0.6760274983360438|1.3520549966720838|2.0280824950081278|2.7041099933441717
125.4|1.0|0.7|0.0|0|0.007567471928196035|0.015134943856392026|0.02270241578458806|0.030269887712784098
125.6|1.0|0.7|0.0|0|-0.011351208069245342|-0.022702416138490618|-0.03405362420773596|-0.0454048322769813
125.8|1.0|0.7|0.0|0|0.8425118829030551|1.6850237658061056|2.5275356487091605|3.3700475316122156
126.0|1.0|0.7|0.0|0|0.2900864264031409|0.5801728528062802|0.8702592792094211|1.1603457056125621
126.2|1.0|0.7|0.0|0|0.8626918086991653|1.725383617398326|2.588075426097491|3.4507672347966563
126.4|1.0|0.7|0.0|0|0.6987299153942156|1.3974598307884272|2.0961897461826426|2.7949196615768583
126.6|1.0|0.7|0.0|0|0.1891868003591664|0.37837360071833176|0.5675604010774982|0.7567472014366645
126.8|1.0|0.7|0.0|0|0.22450166912691222|0.4490033382538232|0.6735050073807354|0.8980066765076476
127.0|1.0|0.7|0.0|0|0.4136884701607054|0.8273769403214085|1.241065410482114|1.6547538806428193
127.2|1.0|0.7|0.0|0|0.8462956191471319|1.6925912382942592|2.5388868574413914|3.3851824765885232
127.4|1.0|0.7|0.0|0|0.21441170684236588|0.42882341368473054|0.6432351205270964|0.8576468273694623
127.6|1.0|0.7|0.0|0|-0.04035985067777805|-0.08071970135555587|-0.12107955203333393|-0.16143940271111198
127.8|1.0|0.7|0.0|0|0.5826953435363253|1.1653906870726474|1.7480860306089727|2.330781374145298
128.0|1.0|0.7|0.0|0|-0.11855706027476128|-0.23711412054952188|-0.3556711808242832|-0.47422824109904443
128.2|1.0|0.7|0.0|0|-0.2472040862578435|-0.4944081725156857|-0.7416122587735292|-0.9888163450313727
128.4|1.0|0.7|0.0|0|0.9307990574493314|1.8615981148986576|2.792397172347989|3.7231962297973205
128.6|1.0|0.7|0.0|0|0.6608925544749952|1.3217851089499866|1.9826776634249816|2.6435702178999767
128.8|1.0|0.7|0.0|0|0.2522490666329397|0.504498133265878|0.7567471998988178|1.0089962665317576
129.0|1.0|0.7|0.0|0|0.5246780593571025|1.049356118714202|1.5740341780713045|2.098712237428407
129.2|1.0|0.7|0.0|0|0.14504321378539328|0.2900864275707858|0.4351296413561791|0.5801728551415724
129.4|1.0|0.7|0.0|0|0.3846798270283037|0.7693596540566053|1.154039481084909|1.538719308113213
129.6|1.0|0.7|0.0|0|0.6533250833884818|1.30665016677696|1.959975250165442|2.6133003335539238
129.8|1.0|0.7|0.0|0|0.4742282456136313|0.94845649122726|1.4226847368408913|1.8969129824545226
130.0|1.0|0.7|0.0|0|0.71512610427104|1.4302522085420761|2.145378312813116|2.8605044170841563
130.2|1.0|0.7|0.0|0|0.35314869299065355|0.7062973859813051|1.0594460789719586|1.4125947719626122
130.4|1.0|0.7|0.0|0|0.6306226668827009|1.2612453337653982|1.891868000648099|2.5224906675308
130.6|1.0|0.7|0.0|0|0.09207090973621243|0.18414181947242433|0.27621272920863676|0.36828363894484917
130.8|1.0|0.7|0.0|0|0.5145880964398388|1.0291761928796748|1.5437642893195138|2.0583523857593526
131.0|1.0|0.7|0.0|0|0.5738666274683788|1.1477332549367545|1.7215998824051333|2.295466509873512
131.2|1.0|0.7|0.0|0|0.581434099291801|1.162868198583599|1.7443022978754|2.325736397167201
131.4|1.0|0.7|0.0|0|0.3430587321356873|0.6861174642713728|1.02917619640706|1.3722349285427473
131.6|1.0|0.7|0.0|0|0.16017815763480045|0.3203563152696|0.48053447290440043|0.6407126305392009
131.8|1.0|0.7|0.0|0|0.5852178349875617|1.1704356699751202|1.755653504962682|2.340871339950244
132.0|1.0|0.7|0.0|0|0.15765566678775955|0.3153113335755182|0.47296700036327777|0.6306226671510373
132.2|1.0|0.7|0.0|0|0.42882341324875634|0.8576468264975103|1.2864702397462666|1.7152936529950231
132.4|1.0|0.7|0.0|0|0.595307797226124|1.1906155944522447|1.7859233916783688|2.381231188904493
132.6|1.0|0.7|0.0|0|-0.04918856867065192|-0.09837713734130357|-0.14756570601195548|-0.1967542746826074
132.8|1.0|0.7|0.0|0|0.08702592820976869|0.17405185641953688|0.2610777846293056|0.34810371283907426
133.0|1.0|0.7|0.0|0|-0.2345916317368394|-0.4691832634736775|-0.703774895210517|-0.9383665269473563
133.2|1.0|0.7|0.0|0|0.6671987824537797|1.3343975649075557|2.0015963473613354|2.6687951298151154
133.4|1.0|0.7|0.0|0|0.01135120858612937|0.02270241717225868|0.034053625758388044|0.04540483434451742
133.6|1.0|0.7|0.0|0|1.0127800028887586|2.025560005777512|3.03834000866627|4.051120011555029
133.8|1.0|0.7|0.0|0|0.4616157925332668|0.923231585066531|1.3848473775997978|1.8464631701330645
134.0|1.0|0.7|0.0|0|-0.04540483191667594|-0.09080966383335164|-0.1362144957500276|-0.18161932766670352
134.2|1.0|0.7|0.0|0|-0.08198094627587132|-0.16396189255174218|-0.2459428388276135|-0.3279237851034848
134.4|1.0|0.7|0.0|0|0.09585464572417558|0.19170929144835064|0.2875639371725262|0.3834185828967018
134.6|1.0|0.7|0.0|0|0.08954841938510079|0.1790968387702011|0.2686452581553019|0.35819367754040266
134.8|1.0|0.7|0.0|0|0.2863026898901446|0.5726053797802877|0.8589080696704323|1.145210759560577
135.0|1.0|0.7|0.0|0|0.9169253581360689|1.8338507162721327|2.7507760744082015|3.6677014325442707
135.2|1.0|0.7|0.0|0|0.7025136518070946|1.4050273036141854|2.10754095542128|2.8100546072283747
135.4|1.0|0.7|0.0|0|-0.020179924837430026|-0.04035984967485994|-0.060539774512289965|-0.08071969934972
135.6|1.0|0.7|0.0|0|0.35945492010330815|0.7189098402066143|1.0783647603099225|1.4378196804132306
135.8|1.0|0.7|0.0|0|0.5599929282860835|1.1199858565721639|1.6799787848582475|2.239971713144331
136.0|1.0|0.7|0.0|0|0.6671987811400328|1.334397562280062|2.0015963434200947|2.6687951245601274
136.2|1.0|0.7|0.0|0|0.7908008236181929|1.5816016472363814|2.3724024708545746|3.1632032944727673
136.4|1.0|0.7|0.0|0|0.12612453387642755|0.25224906775285444|0.37837360162928196|0.5044981355057095
136.6|1.0|0.7|0.0|0|0.4263009230938045|0.8526018461876067|1.2789027692814112|1.7052036923752159
136.8|1.0|0.7|0.0|0|0.8135032414179303|1.627006482835856|2.4405097242537863|3.2540129656717163
137.0|1.0|0.7|0.0|0|0.6684600266005152|1.3369200532010266|2.0053800798015415|2.6738401064020567
137.2|1.0|0.7|0.0|0|0.804674522798742|1.6093490455974795|2.4140235683962215|3.2186980911949634
137.4|1.0|0.7|0.0|0|0.5398130039218818|1.0796260078437605|1.6194390117656423|2.159252015687524
137.6|1.0|0.7|0.0|0|0.34179748665425025|0.6835949733084986|1.0253924599627489|1.3671899466169992
137.8|1.0|0.7|0.0|0|0.5044981342362012|1.0089962684723994|1.5134944027086006|2.017992536944802
138.0|1.0|0.7|0.0|0|0.8904392064450084|1.780878412890012|2.6713176193350203|3.5617568257800287
138.2|1.0|0.7|0.0|0|0.2598165390949|0.5196330781897985|0.7794496172846986|1.0392661563795986
138.4|1.0|0.7|0.0|0|0.706297386041843|1.4125947720836822|2.1188921581255253|2.825189544167368
138.6|1.0|0.7|0.0|0|0.505759379389347|1.0115187587786914|1.5172781381680382|2.0230375175573854
138.8|1.0|0.7|0.0|0|-0.13243076035811113|-0.2648615207162215|-0.3972922810743326|-0.5297230414324438
139.0|1.0|0.7|0.0|0|0.8298994295438759|1.6597988590877473|2.4896982886316232|3.319597718175499
139.2|1.0|0.7|0.0|0|0.8298994302062791|1.6597988604125535|2.4896982906188327|3.3195977208251115
139.4|1.0|0.7|0.0|0|0.6079202514502691|1.2158405029005348|1.8237607543508039|2.431681005801073
139.6|1.0|0.7|0.0|0|0.45657081106153824|0.9131416221230739|1.3697124331846122|1.8262832442461503
139.8|1.0|0.7|0.0|0|0.5044981335417837|1.0089962670835648|1.5134944006253486|2.0179925341671323
140.0|1.0|0.7|0.0|0|0.43134590391418937|0.8626918078283763|1.2940377117425657|1.725383615656755
140.2|1.0|0.7|0.0|0|0.46918326440791175|0.9383665288158209|1.4075497932237326|1.8767330576316443
140.4|1.0|0.7|0.0|0|0.3153113336540994|0.630622667308197|0.9459340009622965|1.2612453346163959
140.6|1.0|0.7|0.0|0|0.3304462774679999|0.660892554935998|0.9913388324039979|1.3217851098719977
140.8|1.0|0.7|0.0|0|0.0428823413071223|0.08576468261424436|0.12864702392136665|0.17152936522848897
141.0|1.0|0.7|0.0|0|0.35945492087164926|0.7189098417432965|1.0783647626149457|1.437819683486595
141.2|1.0|0.7|0.0|0|0.7012524049711653|1.4025048099423267|2.1037572149134918|2.805009619884657
141.4|1.0|0.7|0.0|0|0.4893631888757231|0.9787263777514436|1.4680895666271667|1.9574527555028898
141.6|1.0|0.7|0.0|0|-0.05801728493475826|-0.1160345698695162|-0.17405185480427446|-0.23206913973903273
141.8|1.0|0.7|0.0|0|0.48431820827128874|0.9686364165425748|1.4529546248138636|1.9372728330851523
142.0|1.0|0.7|0.0|0|0.5599929278751374|1.1199858557502718|1.6799787836254092|2.2399717115005466
142.2|1.0|0.7|0.0|0|0.6873787074472063|1.3747574148944088|2.062136122341615|2.7495148297888212
142.4|1.0|0.7|0.0|0|0.3859410727641083|0.7718821455282144|1.1578232182923227|1.543764291056431
142.6|1.0|0.7|0.0|0|0.2156729515531335|0.4313459031062658|0.6470188546593993|0.8626918062125328
142.8|1.0|0.7|0.0|0|0.0025224904582137266|0.005044980916427439|0.007567471374641165|0.010089961832854892
143.0|1.0|0.7|0.0|0|-0.04035985077556692|-0.08071970155113362|-0.12107955232670053|-0.16143940310226745
143.2|1.0|0.7|0.0|0|0.1475657040299849|0.295131408059969|0.4426971120899539|0.5902628161199388
143.4|1.0|0.7|0.0|0|0.11351208013889856|0.22702416027779648|0.34053624041669506|0.4540483205555936
143.6|1.0|0.7|0.0|0|0.03405362424789931|0.06810724849579843|0.10216087274369774|0.13621449699159704
143.8|1.0|0.7|0.0|0|0.6785499899514258|1.3570999799028478|2.0356499698542736|2.7141999598056996
144.0|1.0|0.7|0.0|0|0.652063837225433|1.3041276744508625|1.9561915116762956|2.6082553489017286
144.2|1.0|0.7|0.0|0|0.6608925558935158|1.321785111787028|1.9826776676805438|2.6435702235740597
144.4|1.0|0.7|0.0|0|0.17657434630440563|0.3531486926088103|0.5297230389132159|0.7062973852176215
144.6|1.0|0.7|0.0|0|0.5776503637485444|1.1553007274970857|1.73295109124563|2.3106014549941745
144.8|1.0|0.7|0.0|0|1.2196242383582296|2.439248476716452|3.658872715074682|4.8784969534329115
145.0|1.0|0.7|0.0|0|0.9711589080840358|1.942317816168066|2.913476724252102|3.884635632336138
145.2|1.0|0.7|0.0|0|0.4817957180831586|0.9635914361663145|1.445387154249473|1.9271828723326316
145.4|1.0|0.7|0.0|0|1.0846709874691451|2.169341974938284|3.254012962407429|4.338683949876574
145.6|1.0|0.7|0.0|0|-0.4414358669600919|-0.8828717339201814|-1.3243076008802732|-1.7657434678403652
145.8|1.0|0.7|0.0|0|0.5965690432407433|1.1931380864814833|1.7897071297222265|2.38627617296297
146.0|1.0|0.7|0.0|0|0.9446727556438427|1.88934551128768|2.8340182669315226|3.7786910225753654
146.2|1.0|0.7|0.0|0|0.3708061278058452|0.7416122556116883|1.1124183834175336|1.4832245112233788
146.4|1.0|0.7|0.0|0|0.30522137096384566|0.6104427419276897|0.9156641128915354|1.220885483855381
146.6|1.0|0.7|0.0|0|0.4477420947048817|0.8954841894097609|1.3432262841146427|1.7909683788195243
146.8|1.0|0.7|0.0|0|0.5890015709120785|1.1780031418241539|1.7670047127362323|2.356006283648311
147.0|1.0|0.7|0.0|0|0.20810548071458487|0.41621096142916864|0.6243164421437535|0.8324219228583384
147.2|1.0|0.7|0.0|0|-0.2081054804607995|-0.4162109609215978|-0.6243164413823973|-0.8324219218431967
147.4|1.0|0.7|0.0|0|0.25477155746601077|0.5095431149320202|0.764314672398031|1.0190862298640417
147.6|1.0|0.7|0.0|0|0.06306226606131538|0.1261245321226304|0.18918679818394576|0.2522490642452611
147.8|1.0|0.7|0.0|0|0.44143586671969426|0.8828717334393861|1.3243076001590803|1.7657434668787746
148.0|1.0|0.7|0.0|0|0.4641382836154666|0.9282765672309307|1.3924148508463974|1.856553134461864
148.2|1.0|0.7|0.0|0|0.4149497155967405|0.8298994311934788|1.2448491467902192|1.6597988623869597
148.4|1.0|0.7|0.0|0|0.5877403260918805|1.1754806521837577|1.7632209782756383|2.3509613043675186
148.6|1.0|0.7|0.0|0|0.7617921821516945|1.5235843643033848|2.2853765464550793|3.0471687286067737
148.8|1.0|0.7|0.0|0|0.5953077975811908|1.1906155951623782|1.785923392743569|2.3812311903247596
149.0|1.0|0.7|0.0|0|0.27747397381928773|0.5549479476385739|0.8324219214578616|1.1098958952771494
149.2|1.0|0.7|0.0|0|0.7857558430504293|1.5715116861008545|2.357267529151284|3.143023372201713
149.4|1.0|0.7|0.0|0|0.5309842862904774|1.061968572580952|1.5929528588714295|2.123937145161907
149.6|1.0|0.7|0.0|0|1.2007055577484436|2.4014111154968805|3.602116673245324|4.802822230993768
149.8|1.0|0.7|0.0|0|1.109895893355134|2.2197917867102617|3.329687680065396|4.43958357342053
150.0|1.0|0.7|0.0|0|0.6520638378389418|1.3041276756778801|1.956191513516822|2.608255351355764
150.2|1.0|0.7|0.0|0|0.9207090942800286|1.841418188560052|2.7621272828400807|3.6828363771201094
150.4|1.0|0.7|0.0|0|0.21315046080388148|0.4263009216077618|0.6394513824116432|0.8526018432155247
150.6|1.0|0.7|0.0|0|0.9951225689501744|1.9902451379003432|2.9853677068505173|3.9804902758006917
150.8|1.0|0.7|0.0|0|0.24342034875007834|0.4868406975001553|0.7302610462502337|0.973681395000312
151.0|1.0|0.7|0.0|0|0.6634150462958502|1.3268300925916967|1.9902451388875468|2.653660185183397
151.2|1.0|0.7|0.0|0|0.6482801013608702|1.2965602027217367|1.944840304082607|2.593120405443477
151.4|1.0|0.7|0.0|0|0.7176485950907233|1.4352971901814426|2.152945785272166|2.8705943803628893
151.6|1.0|0.7|0.0|0|0.6041365148243499|1.2082730296486965|1.8124095444730466|2.4165460592973966
151.8|1.0|0.7|0.0|0|0.5259393045434267|1.0518786090868506|1.5778179136302772|2.103757218173704
152.0|1.0|0.7|0.0|0|1.2221467287407732|2.44429345748154|3.6664401862223133|4.888586914963087
152.2|1.0|0.7|0.0|0|0.3897248080890862|0.7794496161781702|1.1691744242672564|1.5588992323563426
152.4|1.0|0.7|0.0|0|0.9017904145480141|1.8035808290960234|2.7053712436440374|3.6071616581920516
152.6|1.0|0.7|0.0|0|0.4351296404347526|0.8702592808695028|1.3053889213042553|1.740518561739008
152.8|1.0|0.7|0.0|0|0.484318208645564|0.9686364172911253|1.4529546259366892|1.9372728345822534
153.0|1.0|0.7|0.0|0|1.0934997047873922|2.1869994095747782|3.2804991143621707|4.373998819149563
153.2|1.0|0.7|0.0|0|0.7088198773044866|1.4176397546089694|2.126459631913456|2.8352795092179424
153.4|1.0|0.7|0.0|0|0.7920620695676196|1.5841241391352348|2.3761862087028542|3.168248278270474
153.6|1.0|0.7|0.0|0|0.5990915331180445|1.1981830662360857|1.7972745993541304|2.396366132472175
153.8|1.0|0.7|0.0|0|0.6684600273054099|1.3369200546108162|2.005380081916226|2.673840109221636
154.0|1.0|0.7|0.0|0|1.0266537009051544|2.053307401810303|3.0799611027154574|4.106614803620612
154.2|1.0|0.7|0.0|0|0.44648084858607073|0.892961697172139|1.3394425457582098|1.7859233943442805
154.4|1.0|0.7|0.0|0|0.7062973874254391|1.4125947748508743|2.1188921622763135|2.8251895497017525
154.6|1.0|0.7|0.0|0|1.2650290702795621|2.530058140559117|3.7950872108386795|5.060116281118241
154.8|1.0|0.7|0.0|0|0.11729581621475528|0.23459163242950992|0.3518874486442652|0.46918326485902045
155.0|1.0|0.7|0.0|0|0.39224729852227064|0.784494597044539|1.1767418955668096|1.5689891940890803
155.2|1.0|0.7|0.0|0|0.3518874481128299|0.7037748962256578|1.0556623443384878|1.4075497924513176
155.4|1.0|0.7|0.0|0|0.6041365152149234|1.2082730304298435|1.8124095456447669|2.41654606085969
155.6|1.0|0.7|0.0|0|0.673505008523353|1.3470100170467023|2.0205150255700555|2.6940200340934086
155.8|1.0|0.7|0.0|0|0.11855706200876749|0.23711412401753432|0.3556711860263018|0.4742282480350693
156.0|1.0|0.7|0.0|0|0.0908096636016854|0.1816193272033703|0.27242899080505567|0.3632386544067411
156.2|1.0|0.7|0.0|0|0.33801374998758577|0.6760274999751696|1.0140412499627554|1.3520549999503413
156.4|1.0|0.7|0.0|0|0.3897248081734873|0.7794496163469724|1.1691744245204598|1.558899232693947
156.6|1.0|0.7|0.0|0|0.7264773127058295|1.4529546254116548|2.1794319381174843|2.905909250823314
156.8|1.0|0.7|0.0|0|0.1273857787536691|0.25477155750733754|0.3821573362610066|0.5095431150146758
157.0|1.0|0.7|0.0|0|0.07819721061154275|0.15639442122308508|0.23459163183462783|0.3127888424461706
157.2|1.0|0.7|0.0|0|0.3985535257949963|0.7971070515899904|1.1956605773849867|1.594214103179983
157.4|1.0|0.7|0.0|0|0.4477420931245437|0.895484186249085|1.3432262793736287|1.7909683724981724
157.6|1.0|0.7|0.0|0|0.6974686694657436|1.3949373389314834|2.092406008397227|2.789874677862971
157.8|1.0|0.7|0.0|0|0.11351207977044406|0.2270241595408875|0.34053623931133153|0.4540483190817756
158.0|1.0|0.7|0.0|0|0.2535103120194983|0.5070206240389952|0.7605309360584935|1.014041248077992
158.2|1.0|0.7|0.0|0|0.5864790799893677|1.1729581599787322|1.7594372399680998|2.3459163199574675
158.4|1.0|0.7|0.0|0|0.6810724811803089|1.362144962360614|2.0432174435409234|2.724289924721232
158.6|1.0|0.7|0.0|0|0.4540483198524457|0.9080966397048889|1.3621449595573345|1.8161932794097801
158.8|1.0|0.7|0.0|0|0.2989151446620238|0.5978302893240459|0.8967454339860697|1.1956605786480934
159.0|1.0|0.7|0.0|0|0.22071793356444705|0.4414358671288929|0.66215380069334|0.882871734257787
159.2|1.0|0.7|0.0|0|0.5675603998644515|1.1351207997289|1.7026811995933515|2.270241599457803
159.4|1.0|0.7|0.0|0|0.7428735028486706|1.485747005697337|2.2286205085460074|2.971494011394678
159.6|1.0|0.7|0.0|0|0.9194478483789142|1.8388956967578234|2.758343545136738|3.677791393515652
159.8|1.0|0.7|0.0|0|0.3619774109398717|0.7239548218797413|1.085932232819613|1.4479096437594847
160.0|1.0|0.7|0.0|0|0.585217835704098|1.170435671408193|1.755653507112291|2.340871342816389
160.2|1.0|0.7|0.0|0|0.7706208989396698|1.5412417978793354|2.3118626968190052|3.082483595758675
160.4|1.0|0.7|0.0|0|0.537290512665641|1.074581025331279|1.6118715379969202|2.1491620506625613
160.6|1.0|0.7|0.0|0|1.0745810244808682|2.1491620489617302|3.2237430734425985|4.298324097923467
160.8|1.0|0.7|0.0|0|0.27747397401311924|0.5549479480262369|0.8324219220393562|1.1098958960524754
161.0|1.0|0.7|0.0|0|0.7327835402981152|1.4655670805962262|2.1983506208943413|2.931134161192457
161.2|1.0|0.7|0.0|0|0.9080966407095555|1.8161932814191062|2.7242899221286616|3.6323865628382173
161.4|1.0|0.7|0.0|0|0.9434115096251489|1.8868230192502924|2.8302345288754416|3.77364603850059
161.6|1.0|0.7|0.0|0|0.19801551812794077|0.39603103625588043|0.5940465543838213|0.792062072511762
161.8|1.0|0.7|0.0|0|0.21819544258120024|0.43639088516239927|0.6545863277435995|0.8727817703247998
162.0|1.0|0.7|0.0|0|0.7201710858196027|1.4403421716392013|2.160513257458804|2.8806843432784066
162.2|1.0|0.7|0.0|0|0.24720408615074144|0.4944081723014815|0.7416122584522229|0.9888163446029643
162.4|1.0|0.7|0.0|0|-0.0756747197458754|-0.1513494394917504|-0.22702415923762578|-0.3026988789835012
162.6|1.0|0.7|0.0|0|0.0945934001734714|0.18918680034694227|0.28378020052041364|0.37837360069388504
162.8|1.0|0.7|0.0|0|0.4162109600467378|0.8324219200934734|1.2486328801402111|1.664843840186949
163.0|1.0|0.7|0.0|0|0.20936672603944334|0.4187334520788855|0.6281001781183289|0.8374669041577723
163.2|1.0|0.7|0.0|0|0.34431997534586145|0.688639950691721|1.0329599260375826|1.377279901383444
163.4|1.0|0.7|0.0|0|0.7126036136626505|1.4252072273252971|2.1378108409879477|2.8504144546505983
163.6|1.0|0.7|0.0|0|0.15891691178374473|0.31783382356748857|0.4767507353512333|0.635667647134978
163.8|1.0|0.7|0.0|0|0.11225083407654902|0.22450166815309744|0.3367525022296465|0.4490033363061955
164.0|1.0|0.7|0.0|0|0.18035808301006925|0.3607161660201375|0.5410742490302067|0.721432332040276
164.2|1.0|0.7|0.0|0|0.20936672513431423|0.4187334502686273|0.6281001754029415|0.8374669005372557
164.4|1.0|0.7|0.0|0|0.823593202671619|1.6471864053432332|2.470779608014852|3.2943728106864714
164.6|1.0|0.7|0.0|0|0.49819190703681715|0.9963838140736315|1.4945757211104487|1.9927676281472657
164.8|1.0|0.7|0.0|0|0.7277385578624678|1.4554771157249315|2.1832156735873993|2.910954231449867
165.0|1.0|0.7|0.0|0|0.4944081710814503|0.9888163421628978|1.483224513244348|1.9776326843257983
165.2|1.0|0.7|0.0|0|0.33423001345887343|0.668460026917745|1.0026900403766186|1.336920053835492
165.4|1.0|0.7|0.0|0|0.7441347471700289|1.4882694943400538|2.232404241510083|2.9765389886801117
165.6|1.0|0.7|0.0|0|0.4994531523931077|0.9989063047862127|1.4983594571793204|1.9978126095724282
165.8|1.0|0.7|0.0|0|0.09333215468446733|0.18666430936893413|0.27999646405340145|0.37332861873786877
166.0|1.0|0.7|0.0|0|0.33170752355479666|0.6634150471095914|0.9951225706643881|1.3268300942191849
166.2|1.0|0.7|0.0|0|0.5108043603377886|1.0216087206755746|1.5324130810133632|2.043217441351152
166.4|1.0|0.7|0.0|0|0.3518874479021182|0.7037748958042344|1.0556623437063526|1.4075497916084707
166.6|1.0|0.7|0.0|0|0.409904733638978|0.8198094672779537|1.2297142009169317|1.6396189345559098
166.8|1.0|0.7|0.0|0|0.5486417214805265|1.09728344296105|1.6459251644415764|2.194566885922103
167.0|1.0|0.7|0.0|0|0.8475568651664078|1.695113730332811|2.5426705954992186|3.3902274606656264
167.2|1.0|0.7|0.0|0|0.6243164400919347|1.2486328801838658|1.8729493202758003|2.497265760367735
167.4|1.0|0.7|0.0|0|0.34305873080797056|0.6861174616159392|1.0291761924239098|1.3722349232318805
167.6|1.0|0.7|0.0|0|0.33423001302871885|0.6684600260574358|1.0026900390861546|1.3369200521148734
167.8|1.0|0.7|0.0|0|-0.7605309365334695|-1.5210618730669347|-2.2815928096004043|-3.0421237461338735
168.0|1.0|0.7|0.0|0|0.20810548044391927|0.4162109608878374|0.6243164413317567|0.8324219217756759
168.2|1.0|0.7|0.0|0|0.04918856842501559|0.09837713685003091|0.1475657052750465|0.1967542737000621
168.4|1.0|0.7|0.0|0|-0.0428823416779051|-0.08576468335580996|-0.12864702503371506|-0.17152936671162017
168.6|1.0|0.7|0.0|0|0.36576114670722776|0.7315222934144535|1.0972834401216813|1.463044586828909
168.8|1.0|0.7|0.0|0|0.8526018454320736|1.7052036908641426|2.557805536296216|3.4104073817282896
169.0|1.0|0.7|0.0|0|0.39476978904218446|0.7895395780843668|1.1843093671265512|1.5790791561687356
169.2|1.0|0.7|0.0|0|0.11477332491369463|0.22954664982738862|0.3443199747410832|0.45909329965477785
169.4|1.0|0.7|0.0|0|0.32161756035347966|0.6432351207069574|0.9648526810604371|1.2864702414139169
169.6|1.0|0.7|0.0|0|0.8071970142255311|1.6143940284510578|2.421591042676589|3.22878805690212
169.8|1.0|0.7|0.0|0|0.5171105875883955|1.034221175176788|1.5513317627651835|2.068442350353579
170.0|1.0|0.7|0.0|0|0.4136884700367231|0.8273769400734439|1.241065410110167|1.65475388014689
170.2|1.0|0.7|0.0|0|0.8702592807571644|1.740518561514324|2.6107778422714882|3.4810371230286528
170.4|1.0|0.7|0.0|0|0.9358440377411906|1.8716880754823761|2.8075321132235667|3.7433761509647576
170.6|1.0|0.7|0.0|0|0.9648526812414647|1.9297053624829241|2.894558043724389|3.8594107249658536
170.8|1.0|0.7|0.0|0|0.3745898649853192|0.7491797299706363|1.1237695949559554|1.4983594599412746
171.0|1.0|0.7|0.0|0|0.7983682960900486|1.5967365921800927|2.395104888270141|3.19347318436019
171.2|1.0|0.7|0.0|0|0.20179925426258724|0.40359850852517337|0.6053977627877606|0.8071970170503479
171.4|1.0|0.7|0.0|0|0.8349444108881297|1.6698888217762546|2.5048332326643843|3.339777643552514
171.6|1.0|0.7|0.0|0|0.6823337257403188|1.3646674514806338|2.0470011772209524|2.7293349029612712
171.8|1.0|0.7|0.0|0|0.5890015707613208|1.1780031415226382|1.767004712283959|2.3560062830452795
172.0|1.0|0.7|0.0|0|0.47801198185188737|0.9560239637037721|1.4340359455556595|1.9120479274075468
172.2|1.0|0.7|0.0|0|1.0203474754205681|2.0406949508411305|3.061042426261699|4.081389901682267
172.4|1.0|0.7|0.0|0|0.5448579838959272|1.0897159677918513|1.6345739516877786|2.1794319355837057
172.6|1.0|0.7|0.0|0|1.3205238642235066|2.6410477284470057|3.9615715926705124|5.282095456894019
172.8|1.0|0.7|0.0|0|0.9635914346511717|1.927182869302338|2.89077430395351|3.8543657386046815
173.0|1.0|0.7|0.0|0|1.034221174417763|2.06844234883552|3.102663523253283|4.1368846976710465
173.2|1.0|0.7|0.0|0|0.9774651338398698|1.9549302676797342|2.932395401519604|3.9098605353594738
173.4|1.0|0.7|0.0|0|0.764314673276968|1.5286293465539318|2.2929440198309|3.057258693107868
173.6|1.0|0.7|0.0|0|0.3455812214710753|0.6911624429421487|1.036743664413224|1.3823248858842991
173.8|1.0|0.7|0.0|0|0.6016140243678825|1.2032280487357616|1.804842073103644|2.4064560974715263
174.0|1.0|0.7|0.0|0|0.4666607734374706|0.9333215468749386|1.3999823203124093|1.86664309374988
174.2|1.0|0.7|0.0|0|0.39476979001134205|0.7895395800226819|1.184309370034024|1.579079160045366
174.4|1.0|0.7|0.0|0|0.6154877229681012|1.2309754459361988|1.8464631689042998|2.461950891872401
174.6|1.0|0.7|0.0|0|0.44521960320766124|0.89043920641532|1.3356588096229813|1.7808784128306425
174.8|1.0|0.7|0.0|0|-0.05044981295766779|-0.1008996259153353|-0.1513494388730031|-0.20179925183067088
175.0|1.0|0.7|0.0|0|0.32035631547216353|0.6407126309443253|0.9610689464164889|1.2814252618886524
175.2|1.0|0.7|0.0|0|0.34179748544236677|0.6835949708847316|1.0253924563270984|1.367189941769465
175.4|1.0|0.7|0.0|0|0.37837360084697175|0.7567472016939414|1.135120802540913|1.5134944033878848
175.6|1.0|0.7|0.0|0|0.5044981343863769|1.008996268772751|1.513494403159128|2.017992537545505
175.8|1.0|0.7|0.0|0|0.33296876875159825|0.6659375375031946|0.9989063062547929|1.3318750750063912
176.0|1.0|0.7|0.0|0|0.741612255623914|1.483224511247824|2.224836766871738|2.966449022495652
176.2|1.0|0.7|0.0|0|0.4641382827609782|0.9282765655219537|1.392414848282932|1.85655313104391
176.4|1.0|0.7|0.0|0|0.056756039077299696|0.11351207815459909|0.17026811723189877|0.22702415630919848
176.6|1.0|0.7|0.0|0|0.4578320553986127|0.9156641107972229|1.3734961661958356|1.8313282215944482
176.8|1.0|0.7|0.0|0|0.19549302682804426|0.39098605365608746|0.5864790804841317|0.781972107312176
177.0|1.0|0.7|0.0|0|0.16270064802665743|0.32540129605331397|0.48810194407997143|0.6508025921066288
177.2|1.0|0.7|0.0|0|0.3657611467567043|0.7315222935134066|1.0972834402701108|1.4630445870268152
177.4|1.0|0.7|0.0|0|0.18414181858184764|0.3682836371636943|0.5524254557455419|0.7365672743273896
177.6|1.0|0.7|0.0|0|0.5196330771577782|1.0392661543155535|1.5588992314733316|2.07853230863111
177.8|1.0|0.7|0.0|0|0.15891691224649562|0.31783382449299036|0.476750736739486|0.6356676489859816
178.0|1.0|0.7|0.0|0|0.35945492079481517|0.7189098415896283|1.0783647623844435|1.4378196831792587
178.2|1.0|0.7|0.0|0|0.45909330123628067|0.9181866024725588|1.3772799037088395|1.83637320494512
178.4|1.0|0.7|0.0|0|0.7453959932754521|1.4907919865509|2.236187979826352|2.9815839731018046
178.6|1.0|0.7|0.0|0|0.8273769394605195|1.6547538789210343|2.482130818381554|3.3095077578420735
178.8|1.0|0.7|0.0|0|0.15261068599415026|0.3052213719882997|0.4578320579824499|0.6104427439766001
179.0|1.0|0.7|0.0|0|0.7643146729463486|1.5286293458926927|2.2929440188390413|3.05725869178539
179.2|1.0|0.7|0.0|0|0.3014376356604046|0.6028752713208075|0.9043129069812121|1.2057505426416169
179.4|1.0|0.7|0.0|0|0.1803580830543071|0.3607161661086132|0.5410742491629202|0.7214323322172274
179.6|1.0|0.7|0.0|0|0.6306226672517374|1.2612453345034713|1.8918680017552088|2.522490669006946
179.8|1.0|0.7|0.0|0|0.2219791783374969|0.44395835667499256|0.6659375350124894|0.8879167133499863
180.0|1.0|0.7|0.0|0|0.17531310229329408|0.35062620458658716|0.5259393068798812|0.7012524091731753
180.2|1.0|0.7|0.0|0|0.0037837364285951513|0.007567472857190282|0.011351209285785433|0.015134945714380585
180.4|1.0|0.7|0.0|0|0.3342300144123149|0.668460028824628|1.002690043236943|1.336920057649258
180.6|1.0|0.7|0.0|0|0.2850414458458547|0.5700828916917079|0.8551243375375626|1.1401657833834173
180.8|1.0|0.7|0.0|0|0.6205327041074639|1.2410654082149244|1.8615981123223884|2.4821308164298523
181.0|1.0|0.7|0.0|0|0.042882341812946874|0.08576468362589351|0.12864702543884038|0.17152936725178725
181.2|1.0|0.7|0.0|0|0.353148693784606|0.7062973875692101|1.059446081353816|1.4125947751384222
181.4|1.0|0.7|0.0|0|0.06684600250853698|0.13369200501707357|0.20053800752561055|0.2673840100341475
181.6|1.0|0.7|0.0|0|0.589001570505207|1.1780031410104108|1.7670047115156178|2.3560062820208247
181.8|1.0|0.7|0.0|0|0.45530956577509685|0.9106191315501911|1.365928697325288|1.8212382631003847
182.0|1.0|0.7|0.0|0|0.2711677465779942|0.542335493155987|0.8135032397339811|1.0846709863119752
182.2|1.0|0.7|0.0|0|0.4136884700355589|0.8273769400711156|1.2410654101066745|1.6547538801422335
182.4|1.0|0.7|0.0|0|0.5637766639451735|1.1275533278903438|1.6913299918355171|2.2551066557806907
182.6|1.0|0.7|0.0|0|0.5410742486885288|1.0821484973770545|1.6232227460655835|2.164296994754112
182.8|1.0|0.7|0.0|0|0.45404832006664986|0.9080966401332973|1.3621449601999471|1.816193280266597
183.0|1.0|0.7|0.0|0|0.1765743464324625|0.353148692864924|0.5297230392973865|0.706297385729849
183.2|1.0|0.7|0.0|0|1.0367436644737618|2.0734873289475177|3.1102309934212795|4.146974657895042
183.4|1.0|0.7|0.0|0|0.805935769465287|1.6118715389305696|2.4178073083958567|3.2237430778611436
183.6|1.0|0.7|0.0|0|0.7567472006205942|1.5134944012411842|2.270241601861778|3.0269888024823723
183.8|1.0|0.7|0.0|0|0.6508025917975471|1.3016051835950906|1.9524077753926377|2.6032103671901847
184.0|1.0|0.7|0.0|0|0.7517022193787859|1.5034044387575676|2.2551066581363535|3.0068088775151396
184.2|1.0|0.7|0.0|0|0.2484653295989849|0.4969306591979684|0.7453959887969533|0.9938613183959383
184.4|1.0|0.7|0.0|0|0.4616157929273326|0.9232315858546627|1.3848473787819953|1.846463171709328
184.6|1.0|0.7|0.0|0|0.7870170884579427|1.574034176915881|2.3610512653738236|3.1480683538317664
184.8|1.0|0.7|0.0|0|0.1702681210142329|0.34053624202846483|0.5108043630426977|0.6810724840569307
185.0|1.0|0.7|0.0|0|0.7592696911317769|1.5185393822635496|2.2778090733953262|3.037078764527103
185.2|1.0|0.7|0.0|0|-0.08576468264567673|-0.171529365291353|-0.2572940479370297|-0.3430587305827065
185.4|1.0|0.7|0.0|0|0.21188921647903064|0.42377843295806006|0.6356676494370908|0.8475568659161213
185.6|1.0|0.7|0.0|0|0.32414005066326385|0.6482801013265258|0.9724201519897897|1.2965602026530536
185.8|1.0|0.7|0.0|0|0.34684246741468117|0.6936849348293604|1.0405274022440416|1.3873698696587229
186.0|1.0|0.7|0.0|0|0.05044981312996247|0.10089962625992466|0.15134943938988712|0.2017992525198496
186.2|1.0|0.7|0.0|0|0.6369288947153842|1.273857789430765|1.9107866841461492|2.547715578861533
186.4|1.0|0.7|0.0|0|0.2623390296037544|0.5246780592075073|0.7870170888112618|1.0493561184150162
186.6|1.0|0.7|0.0|0|0.8172869766980883|1.634573953396172|2.45186093009426|3.2691479067923486
186.8|1.0|0.7|0.0|0|0.355671184487874|0.711342368975746|1.06701355346362|1.422684737951494
187.0|1.0|0.7|0.0|0|0.5902628161024773|1.1805256322049513|1.7707884483074288|2.361051264409906
187.2|1.0|0.7|0.0|0|0.8185482227359906|1.6370964454719765|2.455644668207967|3.274192890943958
187.4|1.0|0.7|0.0|0|0.7441347473947105|1.4882694947894168|2.2324042421841273|2.976538989578838
187.6|1.0|0.7|0.0|0|0.640712629971095|1.2814252599421865|1.9221378899132815|2.5628505198843765
187.8|1.0|0.7|0.0|0|0.9749426434590722|1.9498852869181391|2.9248279303772113|3.8997705738362836
188.0|1.0|0.7|0.0|0|0.49693066237960054|0.9938613247591983|1.490791987138799|1.9877226495183995
188.2|1.0|0.7|0.0|0|0.5738666273147106|1.1477332546294179|1.7215998819441285|2.295466509258839
188.4|1.0|0.7|0.0|0|0.08198094708670403|0.16396189417340762|0.24594284126011165|0.3279237883468157
188.6|1.0|0.7|0.0|0|1.0089962672686679|2.0179925345373304|3.0269888018059983|4.035985069074666
188.8|1.0|0.7|0.0|0|0.4149497148278173|0.8298994296556323|1.2448491444834495|1.659798859311267
189.0|1.0|0.7|0.0|0|-0.21062797025311758|-0.421255940506234|-0.6318839107593516|-0.8425118810124691
189.2|1.0|0.7|0.0|0|-0.12990826878871314|-0.25981653757742557|-0.3897248063661387|-0.5196330751548519
189.4|1.0|0.7|0.0|0|0.30143763453990713|0.6028752690798126|0.9043129036197197|1.205750538159627
189.6|1.0|0.7|0.0|0|0.5700828912138245|1.1401657824276459|1.7102486736414704|2.280331564855295
189.8|1.0|0.7|0.0|0|0.3695448824123017|0.7390897648246013|1.108634647236903|1.4781795296492048
190.0|1.0|0.7|0.0|0|-0.03783736014273021|-0.07567472028546021|-0.11351208042819041|-0.15134944057092062
190.2|1.0|0.7|0.0|0|-0.05423354900092823|-0.10846709800185615|-0.1627006470027844|-0.2169341960037126
190.4|1.0|0.7|0.0|0|0.44900333949946836|0.8980066789989343|1.3470100184984026|1.796013357997871
190.6|1.0|0.7|0.0|0|0.1399982321681456|0.27999646433629044|0.41999469650443605|0.5599929286725817
190.8|1.0|0.7|0.0|0|0.6117039860802476|1.2234079721604916|1.8351119582407391|2.4468159443209867
191.0|1.0|0.7|0.0|0|0.45026458413456605|0.9005291682691297|1.3507937524036957|1.8010583365382618
191.2|1.0|0.7|0.0|0|0.6873787064256618|1.3747574128513198|2.062136119276982|2.7495148257026436
191.4|1.0|0.7|0.0|0|0.35567118415783655|0.7113423683156712|1.0670135524735078|1.4226847366313442
191.6|1.0|0.7|0.0|0|0.4351296397403352|0.8702592794806681|1.3053889192210033|1.7405185589613383
191.8|1.0|0.7|0.0|0|0.6646762917615712|1.3293525835231388|1.99402887528471|2.658705167046281
192.0|1.0|0.7|0.0|0|-0.03279237905517223|-0.06558475811034428|-0.09837713716551652|-0.13116951622068876
192.2|1.0|0.7|0.0|0|0.920709093910992|1.8414181878219789|2.762127281732971|3.682836375643963
192.4|1.0|0.7|0.0|0|0.35062620219367124|0.7012524043873405|1.0518786065810117|1.402504808774683
192.6|1.0|0.7|0.0|0|0.6306226683623396|1.2612453367246756|1.8918680050870154|2.522490673449355
192.8|1.0|0.7|0.0|0|0.2774739733099707|0.5549479466199398|0.8324219199299105|1.1098958932398812
193.0|1.0|0.7|0.0|0|-0.21188921547844095|-0.42377843095688067|-0.6356676464353216|-0.8475568619137626
193.2|1.0|0.7|0.0|0|0.16143940293346545|0.32287880586693|0.4843182088003955|0.6457576117338609
193.4|1.0|0.7|0.0|0|0.010089962796773771|0.020179925593547483|0.030269888390321256|0.04035985118709503
193.6|1.0|0.7|0.0|0|0.23585287689929849|0.4717057537985957|0.7075586306978942|0.9434115075971926
193.8|1.0|0.7|0.0|0|0.29639265430800177|0.5927853086160019|0.8891779629240036|1.1855706172320055
194.0|1.0|0.7|0.0|0|0.4263009231170876|0.8526018462341728|1.2789027693512605|1.705203692468348
194.2|1.0|0.7|0.0|0|0.37837360055185887|0.7567472011037156|1.1351208016555745|1.5134944022074335
194.4|1.0|0.7|0.0|0|0.9144028672995054|1.8288057345990056|2.743208601898511|3.6576114691980166
194.6|1.0|0.7|0.0|0|1.0052125319116758|2.010425063823346|3.0156375957350217|4.020850127646698
194.8|1.0|0.7|0.0|0|0.0025224903819616906|0.005044980763923367|0.007567471145885058|0.010089961527846749
195.0|1.0|0.7|0.0|0|0.3153113340225539|0.6306226680451061|0.94593400206766|1.2612453360902138
195.2|1.0|0.7|0.0|0|-0.14630445838440223|-0.29260891676880363|-0.4389133751532059|-0.5852178335376081
195.4|1.0|0.7|0.0|0|0.06306226712593349|0.12612453425186662|0.1891868013778001|0.2522490685037336
195.6|1.0|0.7|0.0|0|-0.09333215428399862|-0.1866643085679967|-0.2799964628519953|-0.37332861713599397
195.8|1.0|0.7|0.0|0|0.6217939493514137|1.243587898702824|1.8653818480542377|2.4871757974056514
196.0|1.0|0.7|0.0|0|0.5145880963833774|1.029176192766752|1.5437642891501295|2.058352385533507
196.2|1.0|0.7|0.0|0|0.8942229413869799|1.7884458827739547|2.6826688241609347|3.5768917655479147
196.4|1.0|0.7|0.0|0|0.5738666268932872|1.147733253786571|1.721599880679858|2.295466507573145
196.6|1.0|0.7|0.0|0|0.2081054797861727|0.4162109595723442|0.6243164393585169|0.8324219191446897
196.8|1.0|0.7|0.0|0|0.8664755447913202|1.7329510895826354|2.599426634373956|3.4659021791652758
197.0|1.0|0.7|0.0|0|0.46918326460989235|0.938366529219782|1.4075497938296744|1.8767330584395667
197.2|1.0|0.7|0.0|0|1.001428795052344|2.002857590104682|3.0042863851570263|4.0057151802093705
197.4|1.0|0.7|0.0|0|0.5108043604885465|1.0216087209770903|1.5324130814656367|2.0432174419541833
197.6|1.0|0.7|0.0|0|0.5410742480930644|1.0821484961861259|1.6232227442791902|2.164296992372255
197.8|1.0|0.7|0.0|0|0.5435967387974966|1.08719347759499|1.6307902163924866|2.1743869551899833
198.0|1.0|0.7|0.0|0|0.4124272242764713|0.8248544485529403|1.2372816728294116|1.649708897105883
198.2|1.0|0.7|0.0|0|0.797107052390348|1.5942141047806915|2.3913211571710393|3.1884282095613874
198.4|1.0|0.7|0.0|0|0.4805344724067258|0.961068944813449|1.4416034172201748|1.9221378896269006
198.6|1.0|0.7|0.0|0|0.8034132776845953|1.606826555369186|2.4102398330537813|3.2136531107383766
198.8|1.0|0.7|0.0|0|0.5826953446120029|1.1653906892240025|1.7480860338360054|2.3307813784480085
199.0|1.0|0.7|0.0|0|0.5637766642053617|1.1275533284107202|1.6913299926160819|2.2551066568214435
199.2|1.0|0.7|0.0|0|0.7920620699593571|1.5841241399187098|2.376186209878067|3.168248279837424
199.4|1.0|0.7|0.0|0|0.5272005489637381|1.0544010979274734|1.5816016468912115|2.1088021958549494
199.6|1.0|0.7|0.0|0|0.7277385577774846|1.455477115554965|2.18321567333245|2.910954231109934
199.8|1.0|0.7|0.0|0|0.37711235516122577|0.7542247103224494|1.1313370654836752|1.5084494206449008
200.0|1.0|0.7|0.0|0|0.27621272825694204|0.5524254565138825|0.8286381847708245|1.1048509130277666
200.2|1.0|0.7|0.0|0|0.20936672536015996|0.41873345072031876|0.6281001760804786|0.8374669014406386
200.4|1.0|0.7|0.0|0|0.5183718327648243|1.0367436655296458|1.5551154982944704|2.0734873310592947
200.6|1.0|0.7|0.0|0|0.814764485825436|1.6295289716508674|2.4442934574763036|3.2590579433017393
200.8|1.0|0.7|0.0|0|0.6281001756543998|1.256200351308796|1.8843005269631958|2.5124007026175956
201.0|1.0|0.7|0.0|0|0.8992679236206467|1.7985358472412885|2.697803770861935|3.597071694482582
201.2|1.0|0.7|0.0|0|0.7037748971738625|1.4075497943477213|2.1113246915215838|2.8150995886954466
201.4|1.0|0.7|0.0|0|0.5133268515043896|1.0266537030087766|1.5399805545131662|2.053307406017556
201.6|1.0|0.7|0.0|0|0.19297053681162668|0.3859410736232523|0.578911610434879|0.7718821472465057
201.8|1.0|0.7|0.0|0|0.538551757667447|1.077103515334891|1.615655273002338|2.154207030669785
202.0|1.0|0.7|0.0|0|0.509543115376146|1.0190862307522892|1.5286293461284353|2.038172461504581
202.2|1.0|0.7|0.0|0|0.4300846592907332|0.8601693185814641|1.2902539778721973|1.7203386371629303
202.4|1.0|0.7|0.0|0|0.3506262036802949|0.7012524073605878|1.0518786110408826|1.4025048147211776
202.6|1.0|0.7|0.0|0|0.24468159463605865|0.489363189272116|0.7340447839081746|0.9787263785442333
202.8|1.0|0.7|0.0|0|0.0794584559492069|0.15891691189841337|0.23837536784762028|0.3178338237968272
203.0|1.0|0.7|0.0|0|0.6873787070997065|1.3747574141994092|2.062136121299116|2.7495148283988224
203.2|1.0|0.7|0.0|0|0.0025224911252735207|0.005044982250547027|0.007567473375820547|0.010089964501094067
203.4|1.0|0.7|0.0|0|0.6583700643834897|1.3167401287669758|1.9751101931504653|2.633480257533955
203.6|1.0|0.7|0.0|0|1.133859554788215|2.267719109576424|3.401578664364639|4.535438219152854
203.8|1.0|0.7|0.0|0|0.8601693186530618|1.720338637306119|2.5805079559591806|3.4406772746122427
204.0|1.0|0.7|0.0|0|0.7289998027682311|1.4579996055364581|2.1869994083046893|2.9159992110729203
204.2|1.0|0.7|0.0|0|0.26864525535376765|0.5372905107075339|0.8059357660613015|1.074581021415069
204.4|1.0|0.7|0.0|0|0.13873698697192607|0.27747397394385137|0.4162109609157774|0.5549479478877035
204.6|1.0|0.7|0.0|0|0.2118892162910199|0.42377843258203857|0.6356676488730585|0.8475568651640784
204.8|1.0|0.7|0.0|0|0.23711412353266517|0.474228247065329|0.7113423705979942|0.9484564941306594
205.0|1.0|0.7|0.0|0|0.2774739736033373|0.5549479472066731|0.8324219208100104|1.1098958944133477
205.2|1.0|0.7|0.0|0|0.6217939491185831|1.2435878982371626|1.8653818473557457|2.487175796474329
205.4|1.0|0.7|0.0|0|0.18414181904750893|0.36828363809501685|0.5524254571425258|0.7365672761900347
205.6|1.0|0.7|0.0|0|0.30269888044393184|0.605397760887862|0.9080966413317938|1.2107955217757256
205.8|1.0|0.7|0.0|0|0.20810547991364747|0.4162109598272938|0.6243164397409413|0.8324219196545888
206.0|1.0|0.7|0.0|0|0.21819544303056337|0.4363908860611255|0.6545863290916889|0.8727817721222523
206.2|1.0|0.7|0.0|0|0.3468424680258616|0.6936849360517213|1.040527404077583|1.3873698721034446
206.4|1.0|0.7|0.0|0|0.5839565897465223|1.1679131794930413|1.7518697692395637|2.335826358986086
206.6|1.0|0.7|0.0|0|0.5562091925251302|1.1124183850502574|1.6686275775753876|2.224836770100518
206.8|1.0|0.7|0.0|0|0.6369288938620599|1.2738577877241162|1.9107866815861763|2.547715575448236
207.0|1.0|0.7|0.0|0|0.27747397392115114|0.5549479478423007|0.8324219217634519|1.109895895684603
207.2|1.0|0.7|0.0|0|0.9257540746760796|1.851508149352154|2.7772622240282336|3.703016298704313
207.4|1.0|0.7|0.0|0|0.6394513853034011|1.2789027706067986|1.9183541559101995|2.5578055412136007
207.6|1.0|0.7|0.0|0|0.30900510669802345|0.6180102133960451|0.9270153200940686|1.236020426792092
207.8|1.0|0.7|0.0|0|0.4868406986637278|0.973681397327453|1.4605220959911807|1.9473627946549086
208.0|1.0|0.7|0.0|0|0.6760274985904113|1.352054997180819|2.0280824957712302|2.7041099943616413
208.2|1.0|0.7|0.0|0|0.3241400509222879|0.6482801018445741|0.972420152766862|1.29656020368915
208.4|1.0|0.7|0.0|0|0.6079202502290724|1.2158405004581414|1.8237607506872138|2.431681000916286
208.6|1.0|0.7|0.0|0|0.6369288937852258|1.273857787570448|1.9107866813556738|2.5477155751408995
208.8|1.0|0.7|0.0|0|0.14378196767531348|0.2875639353506262|0.43134590302593967|0.5751278707012532
209.0|1.0|0.7|0.0|0|0.2610777836828495|0.5221555673656976|0.783233351048547|1.0443111347313965
209.2|1.0|0.7|0.0|0|0.42882341364631466|0.857646827292627|1.2864702409389417|1.7152936545852564
209.4|1.0|0.7|0.0|0|0.1374757415853675|0.2749514831707342|0.41242722475610166|0.5499029663414692
209.6|1.0|0.7|0.0|0|0.523416813849472|1.046833627698941|1.570250441548413|2.093667255397885
209.8|1.0|0.7|0.0|0|0.7580084465659463|1.5160168931318885|2.2740253396978347|3.032033786263781
210.0|1.0|0.7|0.0|0|1.0115187583054657|2.023037516610926|3.0345562749163917|4.046075033221857
210.2|1.0|0.7|0.0|0|0.623055194492918|1.2461103889858327|1.8691655834787508|2.492220777971669
210.4|1.0|0.7|0.0|0|0.7062973867682746|1.4125947735365454|2.11889216030482|2.8251895470730948
210.6|1.0|0.7|0.0|0|0.4830569631146504|0.9661139262292981|1.4491708893439486|1.932227852458599
210.8|1.0|0.7|0.0|0|0.7390897666080861|1.4781795332161682|2.2172692998242542|2.9563590664323405
211.0|1.0|0.7|0.0|0|0.6079202516039374|1.2158405032078712|1.8237607548118087|2.431681006415746
211.2|1.0|0.7|0.0|0|0.3468424674263227|0.6936849348526435|1.0405274022789661|1.387369869705289
211.4|1.0|0.7|0.0|0|0.6369288934866205|1.2738577869732375|1.910786680459858|2.5477155739464785
211.6|1.0|0.7|0.0|0|0.9762038873281571|1.9524077746563089|2.928611661984466|3.904815549312623
211.8|1.0|0.7|0.0|0|0.16774562847451321|0.3354912569490255|0.5032368854235387|0.670982513898052
212.0|1.0|0.7|0.0|0|1.3079114114516426|2.615822822903278|3.9237342343549204|5.231645645806563
212.2|1.0|0.7|0.0|0|0.5965690436167648|1.1931380872335262|1.789707130850291|2.386276174467056
212.4|1.0|0.7|0.0|0|0.3291850329953016|0.6583700659906013|0.987555098985903|1.3167401319812044
212.6|1.0|0.7|0.0|0|0.32540129625238506|0.6508025925047684|0.9762038887571534|1.3016051850095385
212.8|1.0|0.7|0.0|0|0.5044981332949833|1.0089962665899637|1.513494399884947|2.0179925331799304
213.0|1.0|0.7|0.0|0|0.7718821438174934|1.5437642876349826|2.315646431452476|3.0875285752699697
213.2|1.0|0.7|0.0|0|0.7592696915788117|1.5185393831576193|2.277809074736431|3.0370787663152425
213.4|1.0|0.7|0.0|0|0.15008819469949244|0.30017638939898406|0.4502645840984765|0.6003527787979689
213.6|1.0|0.7|0.0|0|0.7630534269608331|1.526106853921662|2.289160280882495|3.052213707843328
213.8|1.0|0.7|0.0|0|1.3697124326485222|2.7394248652970368|4.1091372979455585|5.478849730594081
214.0|1.0|0.7|0.0|0|0.1828805736789947|0.3657611473579884|0.5486417210369832|0.7315222947159778
214.2|1.0|0.7|0.0|0|0.22450166944239774|0.4490033388847942|0.673505008327192|0.8980066777695898
214.4|1.0|0.7|0.0|0|0.35819367424643167|0.7163873484928613|1.074581022739293|1.4327746969857247
214.6|1.0|0.7|0.0|0|0.6735050086834241|1.3470100173668444|2.0205150260502687|2.694020034733693
214.8|1.0|0.7|0.0|0|0.5234168134449287|1.0468336268898546|1.5702504403347832|2.093667253779712
215.0|1.0|0.7|0.0|0|0.5852178357064264|1.1704356714128494|1.7556535071192758|2.340871342825702
215.2|1.0|0.7|0.0|0|0.4363908854656624|0.8727817709313224|1.3091726563969848|1.7455635418626472
215.4|1.0|0.7|0.0|0|0.43134590445144605|0.8626918089028898|1.2940377133543357|1.7253836178057818
215.6|1.0|0.7|0.0|0|0.4515258295420794|0.9030516590841563|1.3545774886262356|1.806103318168315
215.8|1.0|0.7|0.0|0|0.5726053818245423|1.1452107636490816|1.7178161454736238|2.2904215272981663
216.0|1.0|0.7|0.0|0|0.340536239849171|0.6810724796983401|1.021608719547511|1.362144959396682
216.2|1.0|0.7|0.0|0|0.6217939490865688|1.2435878981731343|1.8653818472597032|2.487175796346272
216.4|1.0|0.7|0.0|0|0.718909840561683|1.437819681123362|2.156729521685045|2.875639362246728
216.6|1.0|0.7|0.0|0|0.39098605248145796|0.7819721049629137|1.1729581574443717|1.5639442099258296
216.8|1.0|0.7|0.0|0|0.1753131013974782|0.3506262027949554|0.5259393041924335|0.7012524055899118
217.0|1.0|0.7|0.0|0|0.5044981335382913|1.0089962670765797|1.5134944006148712|2.0179925341531626
217.2|1.0|0.7|0.0|0|0.5953077975689671|1.190615595137931|1.7859233927068983|2.3812311902758654
217.4|1.0|0.7|0.0|0|0.18414181878499236|0.3682836375699837|0.5524254563549761|0.7365672751399684
217.6|1.0|0.7|0.0|0|1.1389045368763628|2.2778090737527195|3.416713610629082|4.555618147505445
217.8|1.0|0.7|0.0|0|0.3745898644602861|0.74917972892057|1.1237695933808562|1.4983594578411423
218.0|1.0|0.7|0.0|0|0.8021520333766246|1.6043040667532447|2.406456100129869|3.2086081335064938
218.2|1.0|0.7|0.0|0|0.3279237872804518|0.6558475745609018|0.9837713618413536|1.3116951491218054
218.4|1.0|0.7|0.0|0|-0.08954841807077181|-0.17909683614154312|-0.26864525421231494|-0.35819367228308674
218.6|1.0|0.7|0.0|0|-0.5322455299651487|-1.0644910599302946|-1.5967365898954433|-2.1289821198605923
218.8|1.0|0.7|0.0|0|-0.1450432136753808|-0.29008642735076084|-0.43512964102614166|-0.5801728547015225
219.0|1.0|0.7|0.0|0|0.3102663515572206|0.6205327031144395|0.9307990546716601|1.2410654062288806
219.2|1.0|0.7|0.0|0|0.005044981337268841|0.010089962674537654|0.015134944011806496|0.020179925349075336
219.4|1.0|0.7|0.0|0|0.8223319571011242|1.6446639142022437|2.466995871303368|3.289327828404492
219.6|1.0|0.7|0.0|0|0.6331451583461609|1.2662903166923183|1.8994354750384792|2.53258063338464
219.8|1.0|0.7|0.0|0|0.4477420941588938|0.8954841883177852|1.343226282476679|1.7909683766355728
220.0|1.0|0.7|0.0|0|1.2776415238814673|2.5552830477629276|3.8329245716443947|5.110566095525862
220.2|1.0|0.7|0.0|0|0.7517022194841417|1.5034044389682795|2.255106658452421|3.006808877936563
220.4|1.0|0.7|0.0|0|0.1677456290367992|0.33549125807359753|0.5032368871103967|0.670982516147196
220.6|1.0|0.7|0.0|0|0.7895395783917054|1.5790791567834064|2.368618735175112|3.158158313566817
220.8|1.0|0.7|0.0|0|1.0922384593402976|2.1844769186805895|3.276715378020887|4.368953837361184
221.0|1.0|0.7|0.0|0|0.4250396772782555|0.8500793545565086|1.275119031834764|1.7001587091130197
221.2|1.0|0.7|0.0|0|0.7264773126697407|1.4529546253394774|2.179431938009218|2.9059092506789588
221.4|1.0|0.7|0.0|0|0.6230551946850034|1.2461103893700032|1.8691655840550065|2.49222077874001
221.6|1.0|0.7|0.0|0|0.906835394980736|1.8136707899614668|2.7205061849422028|3.627341579922939
221.8|1.0|0.7|0.0|0|0.417472205453087|0.8349444109061717|1.2524166163592587|1.6698888218123458
222.0|1.0|0.7|0.0|0|0.4691832641710066|0.9383665283420105|1.4075497925130172|1.8767330566840237
222.2|1.0|0.7|0.0|0|0.49945315179356886|0.998906303587135|1.4983594553807038|1.9978126071742726
222.4|1.0|0.7|0.0|0|0.720171085487237|1.44034217097447|2.160513256461707|2.880684341948944
222.6|1.0|0.7|0.0|0|0.03405362407036595|0.0681072481407317|0.10216087221109764|0.1362144962814636
222.8|1.0|0.7|0.0|0|0.18288057369063623|0.36576114738127147|0.5486417210719077|0.7315222947625439
223.0|1.0|0.7|0.0|0|0.7504409730987397|1.5008819461974752|2.251322919296215|3.001763892394955
223.2|1.0|0.7|0.0|0|0.8160257309366723|1.6320514618733402|2.4480771928100125|3.2641029237466848
223.4|1.0|0.7|0.0|0|0.1854030636255631|0.37080612725112516|0.5562091908766883|0.7416122545022513
223.6|1.0|0.7|0.0|0|0.3607161658105909|0.7214323316211798|1.0821484974317708|1.4428646632423616
223.8|1.0|0.7|0.0|0|0.5486417200544388|1.0972834401088747|1.6459251601633134|2.194566880217752
224.0|1.0|0.7|0.0|0|0.6886399528838234|1.377279905767643|2.0659198586514664|2.75455981153529
224.2|1.0|0.7|0.0|0|0.36828363770386235|0.7365672754077227|1.1048509131115851|1.4731345508154474
224.4|1.0|0.7|0.0|0|0.379634845418041|0.7592696908360799|1.1389045362541208|1.5185393816721617
224.6|1.0|0.7|0.0|0|0.703774897298427|1.40754979459685|2.1113246918952773|2.815099589193704
224.8|1.0|0.7|0.0|0|0.017657435081782767|0.03531487016356544|0.052972305245348204|0.07062974032713097
225.0|1.0|0.7|0.0|0|0.020179925474221837|0.04035985094844356|0.0605397764226654|0.08071970189688724
225.2|1.0|0.7|0.0|0|0.4035985062579861|0.8071970125159699|1.210795518773956|1.614394025031942
225.4|1.0|0.7|0.0|0|0.13999823242134893|0.2799964648426971|0.419994697264046|0.5599929296853949
225.6|1.0|0.7|0.0|0|0.05044981456419923|0.10089962912839819|0.15134944369259742|0.20179925825679665
225.8|1.0|0.7|0.0|0|-0.042882341500371735|-0.08576468300074323|-0.12864702450111495|-0.1715293660014867
226.0|1.0|0.7|0.0|0|0.5145880961325024|1.029176192265002|1.5437642883975045|2.0583523845300067
226.2|1.0|0.7|0.0|0|0.6016140235832432|1.2032280471664831|1.8048420707497264|2.4064560943329694
226.4|1.0|0.7|0.0|0|0.51206560509163|1.0241312101832571|1.5361968152748873|2.048262420366517
226.6|1.0|0.7|0.0|0|0.8084582592727391|1.6169165185454737|2.4253747778182126|3.233833037090952
226.8|1.0|0.7|0.0|0|0.7151261039619573|1.4302522079239106|2.145378311885868|2.860504415847825
227.0|1.0|0.7|0.0|0|0.31657257966347996|0.6331451593269583|0.9497177389904382|1.2662903186539183
227.2|1.0|0.7|0.0|0|0.5612541736761346|1.1225083473522661|1.6837625210284006|2.2450166947045354
227.4|1.0|0.7|0.0|0|0.16143940252659392|0.32287880505318695|0.48431820757978084|0.6457576101063748
227.6|1.0|0.7|0.0|0|0.2610777840565427|0.522155568113084|0.7832333521696265|1.0443111362261692
227.8|1.0|0.7|0.0|0|0.36576114679512134|0.7315222935902407|1.097283440385362|1.4630445871804834
228.0|1.0|0.7|0.0|0|-0.17405185558600367|-0.3481037111720064|-0.52215556675801|-0.6962074223440137
228.2|1.0|0.7|0.0|0|0.4540483204025081|0.9080966408050136|1.3621449612075216|1.8161932816100297
228.4|1.0|0.7|0.0|0|0.28504144541686427|0.570082890833727|0.8551243362505913|1.1401657816674555
228.6|1.0|0.7|0.0|0|0.7592696905269993|1.5185393810539944|2.2778090715809935|3.037078762107993
228.8|1.0|0.7|0.0|0|0.2118892159539975|0.42377843190799386|0.6356676478619914|0.8475568638159889
229.0|1.0|0.7|0.0|0|0.33549125956429665|0.6709825191285914|1.0064737786928881|1.3419650382571846
229.2|1.0|0.7|0.0|0|0.06306226707005413|0.1261245341401079|0.18918680121016204|0.2522490682802162
229.4|1.0|0.7|0.0|0|0.8576468270481572|1.7152936540963095|2.572940481144467|3.430587308192624
229.6|1.0|0.7|0.0|0|0.5763891179283388|1.1527782358566743|1.729167353785013|2.3055564717133517
229.8|1.0|0.7|0.0|0|0.9623301897960491|1.924660379592093|2.886990569388142|3.849320759184191
230.0|1.0|0.7|0.0|0|0.855124336753507|1.7102486735070093|2.565373010260516|3.420497347014023
230.2|1.0|0.7|0.0|0|0.2585552941192875|0.5171105882385736|0.775665882357861|1.0342211764771485
230.4|1.0|0.7|0.0|0|0.19423178173485228|0.3884635634697035|0.5826953452045558|0.7769271269394081
230.6|1.0|0.7|0.0|0|0.1538719306996792|0.30774386139935755|0.46161579209903675|0.615487722798716
230.8|1.0|0.7|0.0|0|0.011351207748521129|0.022702415497042196|0.034053623245563325|0.045404830994084454
231.0|1.0|0.7|0.0|0|0.1753131009166829|0.35062620183336485|0.5259393027500477|0.7012524036667306
231.2|1.0|0.7|0.0|0|0.2043217444512995|0.40864348890259783|0.6129652333538973|0.8172869778051969
231.4|1.0|0.7|0.0|0|0.08450343851291116|0.16900687702582187|0.25351031553873304|0.3380137540516442
231.6|1.0|0.7|0.0|0|0.34684246662189283|0.6936849332437838|1.0405273998656765|1.3873698664875693
231.8|1.0|0.7|0.0|0|0.27116774731432114|0.5423354946286407|0.8135032419429619|1.084670989257283
232.0|1.0|0.7|0.0|0|0.7567472001805443|1.5134944003610844|2.2702416005416284|3.026988800722173
232.2|1.0|0.7|0.0|0|0.9459340013383197|1.8918680026766344|2.837802004014954|3.7837360053532736
232.4|1.0|0.7|0.0|0|0.22702416027605088|0.4540483205521005|0.6810724808281514|0.9080966411042023
232.6|1.0|0.7|0.0|0|0.8879167157801574|1.77583343156031|2.6637501473404672|3.5516668631206247
232.8|1.0|0.7|0.0|0|0.47044450898305556|0.9408890179661085|1.411333526949164|1.8817780359322196
233.0|1.0|0.7|0.0|0|0.3884635632327994|0.7769271264655967|1.165390689698396|1.5538542529311954
233.2|1.0|0.7|0.0|0|0.4149497148650702|0.8298994297301381|1.2448491445952083|1.6597988594602786
233.4|1.0|0.7|0.0|0|0.20179925337201002|0.4035985067440189|0.605397760116029|0.807197013488039
233.6|1.0|0.7|0.0|0|0.456570811113343|0.9131416222266836|1.3697124333400266|1.8262832444533696
233.8|1.0|0.7|0.0|0|1.0089962676772857|2.0179925353545656|3.0269888030318515|4.035985070709137
234.0|1.0|0.7|0.0|0|0.5990915330959257|1.198183066191848|1.7972745992877737|2.396366132383699
234.2|1.0|0.7|0.0|0|-0.022702416838728843|-0.04540483367745756|-0.06810725051618641|-0.09080966735491525
234.4|1.0|0.7|0.0|0|-0.06684600269887603|-0.13369200539775167|-0.2005380080966277|-0.2673840107955037
234.6|1.0|0.7|0.0|0|0.34558122140937514|0.6911624428187484|1.0367436642281236|1.3823248856374988
234.8|1.0|0.7|0.0|0|0.6117039874900371|1.2234079749800708|1.8351119624701078|2.4468159499601447
235.0|1.0|0.7|0.0|0|0.2308078960259447|0.46161579205188813|0.6924236880778328|0.9232315841037776
235.2|1.0|0.7|0.0|0|0.643235120522441|1.2864702410448785|1.9297053615673194|2.5729404820897606
235.4|1.0|0.7|0.0|0|0.6217939497117192|1.2435878994234348|1.865381849135154|2.4871757988468732
235.6|1.0|0.7|0.0|0|0.7870170884957777|1.574034176991551|2.361051265487329|3.1480683539831062
235.8|1.0|0.7|0.0|0|0.7680984089494457|1.5361968178988872|2.3042952268483328|3.0723936357977784
236.0|1.0|0.7|0.0|0|0.17405185597715914|0.34810371195431733|0.5221555679314764|0.6962074239086357
236.2|1.0|0.7|0.0|0|-0.06810724793234846|-0.13621449586469656|-0.204321743797045|-0.27242899172939344
236.4|1.0|0.7|0.0|0|0.7605309367983143|1.5210618735966244|2.2815928103949386|3.042123747193253
236.6|1.0|0.7|0.0|0|0.5902628158818702|1.1805256317637374|1.7707884476456075|2.361051263527478
236.8|1.0|0.7|0.0|0|0.4452196023141736|0.8904392046283448|1.3356588069425184|1.780878409256692
237.0|1.0|0.7|0.0|0|0.5549479468358919|1.1098958936717807|1.6648438405076724|2.2197917873435644
237.2|1.0|0.7|0.0|0|0.32918503284920037|0.6583700656983988|0.9875550985475993|1.3167401313967997
237.4|1.0|0.7|0.0|0|0.312788843479357|0.6255776869587123|0.9383665304380693|1.2511553739174264
237.6|1.0|0.7|0.0|0|0.3026988803269344|0.6053977606538672|0.9080966409808016|1.210795521307736
237.8|1.0|0.7|0.0|0|0.6104427418572601|1.2208854837145167|1.8313282255717769|2.441770967429037
238.0|1.0|0.7|0.0|0|-0.015134944176534205|-0.030269888353068323|-0.04540483252960253|-0.060539776706136736
238.2|1.0|0.7|0.0|0|0.62810017585347|1.2562003517069364|1.8843005275604063|2.5124007034138764
238.4|1.0|0.7|0.0|0|-0.08828717345779304|-0.1765743469155856|-0.2648615203733786|-0.35314869383117165
238.6|1.0|0.7|0.0|0|0.2724289924988991|0.5448579849977967|0.8172869774966959|1.089715969995595
238.8|1.0|0.7|0.0|0|0.5536867011978761|1.1073734023957493|1.6610601035936254|2.2147468047915018
239.0|1.0|0.7|0.0|0|0.9774651342298611|1.954930268459717|2.9323954026895778|3.9098605369194392
239.2|1.0|0.7|0.0|0|0.452787074518274|0.9055741490365454|1.3583612235548195|1.8111482980730935
239.4|1.0|0.7|0.0|0|0.27747397421393566|0.5549479484278699|0.8324219226418055|1.109895896855741
239.6|1.0|0.7|0.0|0|0.369544882893097|0.7390897657861919|1.1086346486792888|1.4781795315723858
239.8|1.0|0.7|0.0|0|0.925754075180158|1.8515081503603106|2.7772622255404684|3.7030163007206265
240.0|1.0|0.7|0.0|0|0.49819190753449266|0.9963838150689825|1.4945757226034753|1.9927676301379678
240.2|1.0|0.7|0.0|0|-0.002522490944247695|-0.005044981888495376|-0.007567472832743071|-0.010089963776990766
240.4|1.0|0.7|0.0|0|1.0619685711746578|2.12393714234931|3.185905713523968|4.247874284698626
240.6|1.0|0.7|0.0|0|0.7529634646163329|1.5059269292326616|2.2588903938489944|3.011853858465327
240.8|1.0|0.7|0.0|0|0.3102663515321913|0.6205327030643809|0.9307990545965722|1.2410654061287636
241.0|1.0|0.7|0.0|0|0.8387281473609627|1.6774562947219207|2.516184442082883|3.354912589443846
241.2|1.0|0.7|0.0|0|0.7289998026588007|1.4579996053175974|2.186999407976398|2.915999210635199
241.4|1.0|0.7|0.0|0|1.0115187577391052|2.023037515478205|3.03455627321731|4.046075030956415
241.6|1.0|0.7|0.0|0|0.32792378772166586|0.6558475754433299|0.9837713631649958|1.3116951508866617
241.8|1.0|0.7|0.0|0|0.21062797108723336|0.42125594217446555|0.6318839132616989|0.8425118843489322
242.0|1.0|0.7|0.0|0|-0.07819721055275301|-0.1563944211055056|-0.2345916316582586|-0.31278884221101166
242.2|1.0|0.7|0.0|0|0.07062973814725416|0.14125947629450794|0.2118892144417621|0.28251895258901627
242.4|1.0|0.7|0.0|0|1.2347591820516401|2.4695183641032736|3.7042775461549136|4.9390367282065535
242.6|1.0|0.7|0.0|0|0.7050361420511041|1.4100722841022044|2.1151084261533084|2.820144568204413
242.8|1.0|0.7|0.0|0|0.7163873501803034|1.4327747003606028|2.149162050540906|2.8655494007212097
243.0|1.0|0.7|0.0|0|0.4389133761532143|0.8778267523064262|1.3167401284596405|1.7556535046128547
243.2|1.0|0.7|0.0|0|0.6634150460339158|1.3268300920678278|1.9902451381017434|2.653660184135659
243.4|1.0|0.7|0.0|0|-0.0025224901258479827|-0.0050449802516959515|-0.007567470377543934|-0.010089960503391917
243.6|1.0|0.7|0.0|0|0.5763891176268231|1.1527782352536429|1.729167352880466|2.305556470507289
243.8|1.0|0.7|0.0|0|0.46539952782739463|0.9307990556547866|1.3961985834821813|1.8615981113095759
244.0|1.0|0.7|0.0|0|0.42882341374410354|0.8576468274882048|1.2864702412323084|1.7152936549764117
244.2|1.0|0.7|0.0|0|0.6936849329707917|1.3873698659415796|2.0810547989123713|2.7747397318831633
244.4|1.0|0.7|0.0|0|1.3570999799092545|2.7141999598185014|4.071299939727756|5.428399919637011
244.6|1.0|0.7|0.0|0|0.44648084911052177|0.8929616982210411|1.3394425473315628|1.7859233964420846
244.8|1.0|0.7|0.0|0|0.5524254562566062|1.1048509125132093|1.6572763687698155|2.2097018250264218
245.0|1.0|0.7|0.0|0|0.20432174400892128|0.4086434880178414|0.6129652320267627|0.8172869760356839
245.2|1.0|0.7|0.0|0|0.2156729519634975|0.43134590392699385|0.6470188558904914|0.8626918078539889
245.4|1.0|0.7|0.0|0|0.3531486937048615|0.7062973874097211|1.0594460811145827|1.412594774819444
245.6|1.0|0.7|0.0|0|0.9535014725191294|1.9070029450382535|2.860504417557383|3.8140058900765124
245.8|1.0|0.7|0.0|0|0.3443199754721721|0.6886399509443423|1.0329599264165144|1.3772799018886865
246.0|1.0|0.7|0.0|0|0.6066590052982798|1.2133180105965562|1.8199770158948358|2.4266360211931155
246.2|1.0|0.7|0.0|0|0.31909506990865366|0.6381901398173055|0.9572852097259592|1.2763802796346129
246.4|1.0|0.7|0.0|0|0.7567472001089488|1.5134944002178934|2.2702416003268424|3.026988800435791
246.6|1.0|0.7|0.0|0|0.5183718323701765|1.03674366474035|1.5551154971105265|2.073487329480703
246.8|1.0|0.7|0.0|0|0.8324219208309667|1.664843841661929|2.4972657624928956|3.3296876833238622
247.0|1.0|0.7|0.0|0|0.4187334515427941|0.8374669030855859|1.2562003546283802|1.6749338061711743
247.2|1.0|0.7|0.0|0|0.6747662535886053|1.3495325071772069|2.024298760765812|2.6990650143544177
247.4|1.0|0.7|0.0|0|0.9837713604309838|1.967542720861962|2.9513140812929457|3.93508544172393
247.6|1.0|0.7|0.0|0|0.33675250380358224|0.6735050076071626|1.0102575114107448|1.347010015214327
247.8|1.0|0.7|0.0|0|0.4162109600426633|0.8324219200853242|1.2486328801279876|1.664843840170651
248.0|1.0|0.7|0.0|0|0.2043217436847046|0.4086434873694081|0.6129652310541126|0.8172869747388173
248.2|1.0|0.7|0.0|0|0.35188744891609564|0.7037748978321893|1.0556623467482849|1.4075497956643805
248.4|1.0|0.7|0.0|0|0.44269711229251735|0.8853942245850323|1.3280913368775495|1.770788449170067
248.6|1.0|0.7|0.0|0|0.22576291575445814|0.451525831508915|0.6772887472633732|0.9030516630178312
248.8|1.0|0.7|0.0|0|0.2169341975916179|0.4338683951832346|0.6508025927748525|0.8677367903664703
249.0|1.0|0.7|0.0|0|0.03279237844108141|0.06558475688216264|0.09837713532324405|0.13116951376432545
249.2|1.0|0.7|0.0|0|0.4540483202988984|0.9080966405977944|1.3621449608966927|1.8161932811955912
249.4|1.0|0.7|0.0|0|0.5839565902238252|1.167913180447647|1.751869770671472|2.335826360895297
249.6|1.0|0.7|0.0|0|0.21945668836764545|0.4389133767352897|0.6583700651029352|0.8778267534705806
249.8|1.0|0.7|0.0|0|0.4590933013398903|0.918186602679778|1.3772799040196684|1.8363732053595585
250.0|1.0|0.7|0.0|0|0.7466572369175272|1.4933144738350501|2.2399717107525774|2.9866289476701042
250.2|1.0|0.7|0.0|0|0.3872023182164415|0.7744046364328809|1.1616069546493224|1.548809272865764
250.4|1.0|0.7|0.0|0|0.4918856802687519|0.983771360537501|1.475657040806253|1.967542721075005
250.6|1.0|0.7|0.0|0|0.514588095096406|1.0291761901928091|1.5437642852892153|2.0583523803856214
250.8|1.0|0.7|0.0|0|0.1374757423164557|0.27495148463291064|0.41242722694936634|0.549902969265822
251.0|1.0|0.7|0.0|0|0.45278707440767946|0.9055741488153564|1.3583612232230358|1.8111482976307152
251.2|1.0|0.7|0.0|0|0.6646762904967187|1.3293525809934337|1.9940288714901524|2.6587051619868713
251.4|1.0|0.7|0.0|0|0.8362056566821419|1.672411313364279|2.508616970046421|3.344822626728563
251.6|1.0|0.7|0.0|0|-0.08198094680439688|-0.16396189360879332|-0.2459428404131902|-0.3279237872175871
251.8|1.0|0.7|0.0|0|0.6810724810685502|1.3621449621370967|2.043217443205647|2.7242899242741974
252.0|1.0|0.7|0.0|0|0.03531486886960923|0.07062973773921827|0.1059446066088275|0.14125947547843673
252.2|1.0|0.7|0.0|0|0.17531310165417396|0.35062620330834693|0.525939304962521|0.7012524066166949
252.4|1.0|0.7|0.0|0|0.27747397448576544|0.5549479489715293|0.8324219234572948|1.1098958979430602
252.6|1.0|0.7|0.0|0|0.2585552941786593|0.5171105883573173|0.7756658825359766|1.0342211767146359
252.8|1.0|0.7|0.0|0|0.216934197402443|0.4338683948048848|0.6508025922073278|0.8677367896097707
253.0|1.0|0.7|0.0|0|0.22197917819197774|0.44395835638395426|0.665937534575932|0.8879167127679097
253.2|1.0|0.7|0.0|0|0.4553095651336484|0.9106191302672942|1.3659286954009426|1.8212382605345911
253.4|1.0|0.7|0.0|0|-0.037837359697441605|-0.075674719394883|-0.11351207909232461|-0.1513494387897662
253.6|1.0|0.7|0.0|0|0.40107601578289215|0.8021520315657821|1.203228047348674|1.6043040631315664
253.8|1.0|0.7|0.0|0|0.26107778543024346|0.5221555708604855|0.783233356290729|1.0443111417209725
254.0|1.0|0.7|0.0|0|0.4994531530758836|0.9989063061517645|1.4983594592276481|1.9978126123035316
254.2|1.0|0.7|0.0|0|0.31026635341753744|0.6205327068350732|0.9307990602526106|1.241065413670148
254.4|1.0|0.7|0.0|0|0.1513494403002552|0.3026988806005096|0.4540483209007648|0.6053977612010201
254.6|1.0|0.7|0.0|0|0.050449813099694485|0.10089962619938869|0.15134943929908318|0.20179925239877766
254.8|1.0|0.7|0.0|0|0.47675073586870026|0.9535014717373979|1.4302522076060982|1.9070029434747984
255.0|1.0|0.7|0.0|0|0.18540306492184772|0.3708061298436944|0.5562091947655421|0.7416122596873899
255.2|1.0|0.7|0.0|0|0.28378020055883124|0.5675604011176609|0.8513406016764922|1.1351208022353234
255.4|1.0|0.7|0.0|0|-0.025224906681105518|-0.050449813362210896|-0.0756747200433164|-0.10089962672442193
255.6|1.0|0.7|0.0|0|0.7542247093777412|1.5084494187554782|2.262674128133219|3.0168988375109604
255.8|1.0|0.7|0.0|0|0.5990915340138605|1.1981830680277177|1.797274602041578|2.3963661360554385
256.0|1.0|0.7|0.0|0|-0.035314869228750496|-0.0706297384575008|-0.1059446076862513|-0.1412594769150018
256.2|1.0|0.7|0.0|0|0.1954930270288607|0.3909860540577203|0.586479081086581|0.7819721081154417
256.4|1.0|0.7|0.0|0|0.49314692570304075|0.9862938514060788|1.4794407771091196|1.9725877028121603
256.6|1.0|0.7|0.0|0|0.012612453213077982|0.025224906426155894|0.037837359639233875|0.05044981285231186
256.8|1.0|0.7|0.0|0|0.3178338234772676|0.6356676469545334|0.9535014704318009|1.2713352939090685
257.0|1.0|0.7|0.0|0|0.2118892163853163|0.42377843277063143|0.6356676491559476|0.847556865541264
257.2|1.0|0.7|0.0|0|-0.4237784328550337|-0.847556865710065|-1.2713352985650987|-1.6951137314201323
257.4|1.0|0.7|0.0|0|-0.08198094672814485|-0.16396189345628923|-0.24594284018443408|-0.32792378691257895
257.6|1.0|0.7|0.0|0|0.37080612868070634|0.7416122573614107|1.112418386042117|1.4832245147228234
257.8|1.0|0.7|0.0|0|0.3998147708701439|0.7996295417402856|1.1994443126104295|1.5992590834805733
258.0|1.0|0.7|0.0|0|0.05927853155764756|0.1185570631152948|0.17783559467294235|0.23711412623058992
258.2|1.0|0.7|0.0|0|0.03153113295149527|0.06306226590299036|0.09459339885448562|0.12612453180598088
258.4|1.0|0.7|0.0|0|0.7504409735469387|1.5008819470938732|2.251322920640812|3.0017638941877505
258.6|1.0|0.7|0.0|0|0.8248544490017237|1.649708898003443|2.4745633470051667|3.2994177960068902
258.8|1.0|0.7|0.0|0|0.44774209391151126|0.8954841878230201|1.3432262817345313|1.7909683756460426
259.0|1.0|0.7|0.0|0|0.576389116995852|1.1527782339917008|1.729167350987553|2.305556467983405
259.2|1.0|0.7|0.0|0|0.49693066115491136|0.9938613223098199|1.4907919834647314|1.9877226446196428
259.4|1.0|0.7|0.0|0|0.4906244348455225|0.9812488696910422|1.4718733045365646|1.9624977393820873
259.6|1.0|0.7|0.0|0|0.6142264775058726|1.2284529550117418|1.8426794325176143|2.4569059100234867
259.8|1.0|0.7|0.0|0|0.3720673729956619|0.7441347459913218|1.1162021189869837|1.4882694919826456
260.0|1.0|0.7|0.0|0|0.8198094666382538|1.639618933276503|2.459428399914757|3.279237866553011
260.2|1.0|0.7|0.0|0|0.6684600267425418|1.33692005348508|2.0053800802276216|2.6738401069701636
260.4|1.0|0.7|0.0|0|0.3783736011863224|0.7567472023726427|1.135120803558965|1.5134944047452874
260.6|1.0|0.7|0.0|0|0.7037748970004037|1.4075497940008037|2.1113246910012076|2.815099588001611
260.8|1.0|0.7|0.0|0|-0.23711412278236843|-0.47422824556473553|-0.711342368347104|-0.9484564911294724
261.0|1.0|0.7|0.0|0|0.13116951493080717|0.2623390298616136|0.39350854479242076|0.524678059723228
261.2|1.0|0.7|0.0|0|0.21567295210436005|0.43134590420871893|0.647018856313079|0.862691808417439
261.4|1.0|0.7|0.0|0|0.38846356320660597|0.7769271264132097|1.1653906896198156|1.5538542528264216
261.6|1.0|0.7|0.0|0|0.4540483203099579|0.9080966406199132|1.3621449609298713|1.8161932812398291
261.8|1.0|0.7|0.0|0|0.22071793407201787|0.4414358681440345|0.6621538022160524|0.8828717362880703
262.0|1.0|0.7|0.0|0|0.08828717313881505|0.17657434627762963|0.2648615194164447|0.3531486925552597
262.2|1.0|0.7|0.0|0|0.914402867167374|1.828805734334743|2.743208601502117|3.657611468669491
262.4|1.0|0.7|0.0|0|0.3354912588390292|0.6709825176780565|1.0064737765170857|1.3419650353561148
262.6|1.0|0.7|0.0|0|0.5726053808309376|1.145210761661872|1.7178161424928096|2.2904215233237473
262.8|1.0|0.7|0.0|0|0.4288234146882318|0.8576468293764612|1.2864702440646931|1.7152936587529248
263.0|1.0|0.7|0.0|0|0.1715293657680742|0.34305873153614747|0.5145880973042217|0.6861174630722959
263.2|1.0|0.7|0.0|0|0.46918326478975403|0.9383665295795054|1.4075497943692594|1.8767330591590135
263.4|1.0|0.7|0.0|0|0.9535014724859511|1.9070029449718968|2.860504417457848|3.814005889943799
263.6|1.0|0.7|0.0|0|-0.24468159412790577|-0.4893631882558102|-0.734044782383716|-0.9787263765116218
263.8|1.0|0.7|0.0|0|0.5158493422577162|1.0316986845154297|1.5475480267731458|2.063397369030862
264.0|1.0|0.7|0.0|0|0.18792555489984825|0.37585110979969544|0.5637766646995437|0.7517022195993919
264.2|1.0|0.7|0.0|0|0.6180102135468047|1.236020427093606|1.8540306406404106|2.4720408541872154
264.4|1.0|0.7|0.0|0|0.7428735018864979|1.4857470037729916|2.2286205056594897|2.9714940075459877
264.6|1.0|0.7|0.0|0|0.03909860495885372|0.07819720991770722|0.11729581487656095|0.15639441983541466
264.8|1.0|0.7|0.0|0|0.2963926535134672|0.5927853070269328|0.8891779605404|1.185570614053867
265.0|1.0|0.7|0.0|0|0.5486417200212604|1.0972834400425178|1.6459251600637783|2.1945668800850386
265.2|1.0|0.7|0.0|0|0.15765566655027227|0.3153113331005437|0.47296699965081596|0.6306226662010883
265.4|1.0|0.7|0.0|0|0.23963661368412453|0.47927322736824773|0.7189098410523722|0.9585464547364968
265.6|1.0|0.7|0.0|0|0.3657611476338937|0.7315222952677854|1.0972834429016791|1.463044590535573
265.8|1.0|0.7|0.0|0|0.2509878212917831|0.5019756425835649|0.752963463875348|1.003951285167131
266.0|1.0|0.7|0.0|0|0.33927499441837455|0.6785499888367472|1.0178249832551218|1.3570999776734964
266.2|1.0|0.7|0.0|0|0.14882694963191184|0.29765389926382285|0.4464808488957347|0.5953077985276465
266.4|1.0|0.7|0.0|0|0.3884635629644621|0.776927125928922|1.165390688893384|1.5538542518578462
266.6|1.0|0.7|0.0|0|0.3279237871948865|0.6558475743897713|0.9837713615846578|1.3116951487795443
266.8|1.0|0.7|0.0|0|1.0216087208269173|2.043217441653829|3.0648261624807462|4.086434883307663
267.0|1.0|0.7|0.0|0|0.9825101144524533|1.965020228904901|2.9475303433573545|3.930040457809808
267.2|1.0|0.7|0.0|0|0.2320691413775787|0.4641382827551561|0.6962074241327348|0.9282765655103135
267.4|1.0|0.7|0.0|0|0.06684600274078555|0.1336920054815707|0.20053800822235623|0.2673840109631418
267.6|1.0|0.7|0.0|0|-0.010089962308411495|-0.020179924616822935|-0.03026988692523443|-0.040359849233645925
267.8|1.0|0.7|0.0|0|0.7668371629144538|1.5336743258289032|2.300511488743357|3.067348651657811
268.0|1.0|0.7|0.0|0|0.3115275964612377|0.6230551929224737|0.9345827893837113|1.246110385844949
268.2|1.0|0.7|0.0|0|0.6810724807652884|1.362144961530573|2.043217442295861|2.7242899230611495
268.4|1.0|0.7|0.0|0|0.8399893922125928|1.679978784425181|2.5199681766377737|3.3599575688503664
268.6|1.0|0.7|0.0|0|0.4565708104305672|0.9131416208611318|1.369712431291699|1.8262832417222663
268.8|1.0|0.7|0.0|0|0.4868406985327606|0.9736813970655185|1.460522095598279|1.9473627941310396
269.0|1.0|0.7|0.0|0|0.16017815750092282|0.32035631500184475|0.4805344725027676|0.6407126300036904
269.2|1.0|0.7|0.0|0|0.5196330780559224|1.039266156111842|1.5588992341677643|2.078532312223687
269.4|1.0|0.7|0.0|0|0.3783736001356741|0.7567472002713461|1.1351208004070201|1.5134944005426942
269.6|1.0|0.7|0.0|0|0.4666607734793801|0.9333215469587577|1.3999823204381379|1.8666430939175178
269.8|1.0|0.7|0.0|0|0.3531486937758749|0.7062973875517478|1.0594460813276227|1.4125947751034975
270.0|1.0|0.7|0.0|0|0.50954311539128|1.0190862307825572|1.5286293461738372|2.038172461565117
270.2|1.0|0.7|0.0|0|0.7857558437436826|1.571511687487361|2.3572675312310434|3.1430233749747263
270.4|1.0|0.7|0.0|0|0.3026988803799034|0.6053977607598051|0.9080966411397086|1.210795521519612
270.6|1.0|0.7|0.0|0|-0.08324219201924286|-0.16648438403848528|-0.24972657605772813|-0.332968768076971
270.8|1.0|0.7|0.0|0|0.4906244347523902|0.9812488695047777|1.471873304257168|1.9624977390095582
271.0|1.0|0.7|0.0|0|0.7037748958054005|1.407549791610797|2.1113246874161975|2.815099583221598
271.2|1.0|0.7|0.0|0|0.3985535248246746|0.797107049649347|1.1956605744740216|1.5942140992986962
271.4|1.0|0.7|0.0|0|0.4691832636983604|0.9383665273967181|1.4075497910950785|1.8767330547934389
271.6|1.0|0.7|0.0|0|0.3481037120067052|0.6962074240134084|1.0443111360201136|1.3924148480268188
271.8|1.0|0.7|0.0|0|0.963591435443378|1.9271828708867507|2.8907743063301288|3.8543657417735067
272.0|1.0|0.7|0.0|0|0.456570811409038|0.9131416228180734|1.3697124342271114|1.8262832456361493
272.2|1.0|0.7|0.0|0|0.6331451577739796|1.2662903155479557|1.8994354733219352|2.532580631095915
272.4|1.0|0.7|0.0|0|-0.0037837356969248536|-0.0075674713938496865|-0.011351207090774541|-0.015134942787699394
272.6|1.0|0.7|0.0|0|0.860169317666442|1.7203386353328791|2.580507952999321|3.440677270665763
272.8|1.0|0.7|0.0|0|0.38594107142591416|0.7718821428518262|1.1578232142777405|1.5437642857036546
273.0|1.0|0.7|0.0|0|0.837466901373701|1.6749338027473972|2.5124007041210983|3.3498676054947993
273.2|1.0|0.7|0.0|0|0.760530935808202|1.5210618716163997|2.2815928074246017|3.042123743232804
273.4|1.0|0.7|0.0|0|0.5688216454978106|1.137643290995618|1.7064649364934286|2.275286581991239
273.6|1.0|0.7|0.0|0|0.6659375359321718|1.3318750718643397|1.9978126077965115|2.6637501437286835
273.8|1.0|0.7|0.0|0|0.8702592801908039|1.740518560381603|2.610777840572407|3.4810371207632107
274.0|1.0|0.7|0.0|0|0.8664755443250768|1.732951088650149|2.599426632975226|3.4659021773003023
274.2|1.0|0.7|0.0|0|0.052972304068389396|0.1059446081367785|0.1589169122051679|0.21188921627355728
274.4|1.0|0.7|0.0|0|0.8828717346140191|1.7657434692280334|2.6486152038420525|3.5314869384560716
274.6|1.0|0.7|0.0|0|0.8980066782113871|1.7960133564227692|2.6940200346341565|3.5920267128455436
274.8|1.0|0.7|0.0|0|0.5019756423792573|1.003951284758512|1.5059269271377693|2.0079025695170265
275.0|1.0|0.7|0.0|0|0.5549479468207579|1.1098958936415126|1.6648438404622705|2.2197917872830284
275.2|1.0|0.7|0.0|0|0.7390897665807286|1.478179533161453|2.2172692997421817|2.9563590663229102
275.4|1.0|0.7|0.0|0|0.7819721069349914|1.5639442138699786|2.34591632080497|3.1278884277399612
275.6|1.0|0.7|0.0|0|-0.012612453025067236|-0.025224906050134402|-0.03783735907520164|-0.05044981210026887
275.8|1.0|0.7|0.0|0|0.2736902377934896|0.5473804755869777|0.8210707133804673|1.0947609511739569
276.0|1.0|0.7|0.0|0|0.6268389313371159|1.2536778626742284|1.8805167940113443|2.50735572534846
276.2|1.0|0.7|0.0|0|0.8097195043507971|1.6194390087015895|2.4291585130523865|3.238878017403184
276.4|1.0|0.7|0.0|0|0.2459428403177301|0.4918856806354588|0.7378285209531888|0.9837713612709189
276.6|1.0|0.7|0.0|0|0.07189098430331803|0.14378196860663567|0.2156729529099537|0.2875639372132717
276.8|1.0|0.7|0.0|0|0.5095431147463392|1.0190862294926755|1.5286293442390146|2.0381724589853536
277.0|1.0|0.7|0.0|0|0.38341858110739885|0.7668371622147956|1.1502557433221943|1.5336743244295932
277.2|1.0|0.7|0.0|0|0.2863026902847926|0.5726053805695835|0.8589080708543761|1.1452107611391689
277.4|1.0|0.7|0.0|0|-0.011351208587293523|-0.022702417174586983|-0.03405362576188051|-0.04540483434917403
277.6|1.0|0.7|0.0|0|0.5953077977022627|1.190615595404522|1.7859233931067848|2.3812311908090473
277.8|1.0|0.7|0.0|0|1.012780003256631|2.0255600065132566|3.0383400097698874|4.051120013026519
278.0|1.0|0.7|0.0|0|0.47801198175584475|0.9560239635116868|1.4340359452675315|1.9120479270233763
278.2|1.0|0.7|0.0|0|0.4855794535635509|0.9711589071270992|1.45673836069065|1.942317814254201
278.4|1.0|0.7|0.0|0|0.6104427426843909|1.2208854853687785|1.8313282280531695|2.4417709707375606
278.6|1.0|0.7|0.0|0|0.2673840117349757|0.53476802346995|0.8021520352049257|1.0695360469399016
278.8|1.0|0.7|0.0|0|0.597830288362457|1.1956605767249107|1.7934908650873678|2.391321153449825
279.0|1.0|0.7|0.0|0|0.9623301899433144|1.9246603798866235|2.886990569829938|3.8493207597732524
279.2|1.0|0.7|0.0|0|1.0291761925036562|2.0583523850073067|3.087528577510963|4.1167047700146195
279.4|1.0|0.7|0.0|0|0.6747662539640448|1.3495325079280858|2.0242987618921306|2.699065015856175
279.6|1.0|0.7|0.0|0|0.459093300843961|0.9181866016879194|1.3772799025318805|1.8363732033758415
279.8|1.0|0.7|0.0|0|0.47548949103453236|0.9509789820690622|1.4264684731035946|1.901957964138127
280.0|1.0|0.7|0.0|0|0.8412506374687663|1.6825012749375279|2.523751912406294|3.36500254987506
280.2|1.0|0.7|0.0|0|0.2699065016326497|0.5398130032652979|0.8097195048979475|1.0796260065305974
280.4|1.0|0.7|0.0|0|0.8954841869464152|1.7909683738928255|2.6864525608392404|3.581936747785656
280.6|1.0|0.7|0.0|0|0.7643146719416843|1.5286293438833645|2.2929440158250487|3.057258687766733
280.8|1.0|0.7|0.0|0|0.7857558427366901|1.5715116854733757|2.3572675282100657|3.143023370946756
281.0|1.0|0.7|0.0|0|1.0544010995014115|2.108802199002817|3.1632032985042287|4.21760439800564
281.2|1.0|0.7|0.0|0|0.7630534263432498|1.5261068526864954|2.2891602790297454|3.052213705372995
281.4|1.0|0.7|0.0|0|0.5019756430567945|1.0039512861135862|1.5059269291703807|2.0079025722271755
281.6|1.0|0.7|0.0|0|0.390986054229434|0.7819721084588658|1.1729581626882999|1.5639442169177338
281.8|1.0|0.7|0.0|0|0.3304462770617104|0.6608925541234191|0.9913388311851294|1.32178510824684
282.0|1.0|0.7|0.0|0|0.5007143974676733|1.0014287949353438|1.502143192403017|2.00285758987069
282.2|1.0|0.7|0.0|0|0.9068353949260207|1.8136707898520366|2.720506184778057|3.627341579704078
282.4|1.0|0.7|0.0|0|0.597830289038248|1.1956605780764926|1.7934908671147405|2.3913211561529883
282.6|1.0|0.7|0.0|0|0.17405185607145557|0.34810371214291014|0.5221555682143657|0.6962074242858213
282.8|1.0|0.7|0.0|0|0.6659375363338046|1.3318750726676056|1.9978126090014101|2.663750145335215
283.0|1.0|0.7|0.0|0|0.533506776086288|1.0670135521725732|1.6005203282588611|2.134027104345149
283.2|1.0|0.7|0.0|0|0.6091814960382186|1.2183629920764338|1.8275444881146523|2.436725984152871
283.4|1.0|0.7|0.0|0|0.7491797281079933|1.4983594562159823|2.2475391843239754|2.9967189124319686
283.6|1.0|0.7|0.0|0|0.23585287863912546|0.47170575727824965|0.7075586359173751|0.9434115145565006
283.8|1.0|0.7|0.0|0|0.6659375362668658|1.3318750725337278|1.9978126088005936|2.6637501450674597
284.0|1.0|0.7|0.0|0|1.267551560268622|2.535103120537237|3.802654680805859|5.070206241074481
284.2|1.0|0.7|0.0|0|0.5877403257682459|1.1754806515364886|1.7632209773047345|2.3509613030729803
284.4|1.0|0.7|0.0|0|0.19044804509554542|0.3808960901910898|0.5713441352866352|0.7617921803821806
284.6|1.0|0.7|0.0|0|-0.09963838111609229|-0.19927676223218405|-0.29891514334827635|-0.39855352446436865
284.8|1.0|0.7|0.0|0|0.10089962597121493|0.20179925194242931|0.30269887791364425|0.4035985038848592
285.0|1.0|0.7|0.0|0|0.23963661335816164|0.47927322671632194|0.7189098400744836|0.9585464534326452
285.2|1.0|0.7|0.0|0|0.616748968090979|1.2334979361819545|1.8502469042729335|2.4669958723639125
285.4|1.0|0.7|0.0|0|0.406120997713297|0.8122419954265918|1.218362993139889|1.6244839908531858
285.6|1.0|0.7|0.0|0|0.5120656056242301|1.0241312112484573|1.5361968168726874|2.0482624224969177
285.8|1.0|0.7|0.0|0|0.9421502655959929|1.8843005311919807|2.8264507967879737|3.7686010623839663
286.0|1.0|0.7|0.0|0|0.6936849340755732|1.3873698681511424|2.0810548022267157|2.7747397363022888
286.2|1.0|0.7|0.0|0|0.8109807497460868|1.6219614994921692|2.432942249238256|3.2439229989843428
286.4|1.0|0.7|0.0|0|0.21188921643828526|0.42377843287656936|0.6356676493148546|0.8475568657531399
286.6|1.0|0.7|0.0|0|0.2724289922480241|0.5448579844960467|0.8172869767440708|1.089715968992095
286.8|1.0|0.7|0.0|0|0.25351031286234527|0.5070206257246891|0.7605309385870344|1.0140412514493795
287.0|1.0|0.7|0.0|0|-0.16143940243113333|-0.3228788048622658|-0.48431820729339914|-0.6457576097245324
287.2|1.0|0.7|0.0|0|0.10468336280435334|0.2093667256087061|0.3140500884130594|0.41873345121741273
287.4|1.0|0.7|0.0|0|-0.002522491260315294|-0.005044982520630573|-0.007567473780945868|-0.01008996504126116
287.6|1.0|0.7|0.0|0|0.34684246680524694|0.693684933610492|1.040527400415739|1.387369867220986
287.8|1.0|0.7|0.0|0|0.37963484575564543|0.7592696915112888|1.1389045372669342|1.5185393830225795
288.0|1.0|0.7|0.0|0|0.6066590056294814|1.2133180112589594|1.8199770168884406|2.426636022517922
288.2|1.0|0.7|0.0|0|0.43386839448183345|0.8677367889636646|1.301605183445498|1.7354735779273316
288.4|1.0|0.7|0.0|0|0.6003527787758508|1.2007055575516983|1.8010583363275492|2.4014111151034
288.6|1.0|0.7|0.0|0|0.46035454671713566|0.9207090934342688|1.3810636401514045|1.84141818686854
288.8|1.0|0.7|0.0|0|0.4969306615652754|0.993861323130548|1.4907919846958233|1.9877226462610986
289.0|1.0|0.7|0.0|0|0.9963838133559338|1.9927676267118621|2.989151440067796|3.9855352534237296
289.2|1.0|0.7|0.0|0|0.3367525040556214|0.6735050081112409|1.0102575121668624|1.3470100162224838
289.4|1.0|0.7|0.0|0|0.451525829014718|0.9030516580294335|1.3545774870441516|1.8061033160588695
289.6|1.0|0.7|0.0|0|0.5297230402188148|1.0594460804376264|1.5891691206564413|2.118892160875256
289.8|1.0|0.7|0.0|0|0.8021520323795274|1.6043040647590503|2.4064560971385776|3.208608129518105
290.0|1.0|0.7|0.0|0|0.8563855812791743|1.7127711625583437|2.569156743837518|3.4255423251166923
290.2|1.0|0.7|0.0|0|1.0934997054812274|2.186999410962449|3.2804991164436763|4.373998821924904
290.4|1.0|0.7|0.0|0|0.512065605600947|1.0241312112018912|1.5361968168028384|2.048262422403785
290.6|1.0|0.7|0.0|0|0.21188921577995662|0.42377843155991207|0.6356676473398687|0.8475568631198253
290.8|1.0|0.7|0.0|0|0.6924236871214823|1.3848473742429606|2.077271061364443|2.769694748485925
291.0|1.0|0.7|0.0|0|-0.22324042456049958|-0.4464808491209979|-0.6697212736814975|-0.8929616982419971
291.2|1.0|0.7|0.0|0|0.5852178351662592|1.1704356703325152|1.7556535054987745|2.340871340665034
291.4|1.0|0.7|0.0|0|0.07945845628331888|0.15891691256663731|0.2383753688499562|0.31783382513327507
291.6|1.0|0.7|0.0|0|0.5801728546613599|1.1603457093227167|1.7405185639840768|2.3206914186454366
291.8|1.0|0.7|0.0|0|0.7655759176623549|1.5311518353247056|2.2967277529870604|3.062303670649415
292.0|1.0|0.7|0.0|0|0.5360292661312274|1.0720585322624518|1.6080877983936792|2.1441170645249064
292.2|1.0|0.7|0.0|0|0.2598165386600888|0.5196330773201762|0.779449615980265|1.0392661546403537
292.4|1.0|0.7|0.0|0|0.5335067760333191|1.0670135520666353|1.6005203280999543|2.1340271041332732
292.6|1.0|0.7|0.0|0|0.29008642722328687|0.5801728544465721|0.8702592816698589|1.1603457088931457
292.8|1.0|0.7|0.0|0|0.3468424666859213|0.6936849333718406|1.0405274000577618|1.3873698667436831
293.0|1.0|0.7|0.0|0|0.7012524055957334|1.402504811191463|2.1037572167871965|2.80500962238293
293.2|1.0|0.7|0.0|0|1.2347591814608323|2.469518362921658|3.7042775443824905|4.939036725843323
293.4|1.0|0.7|0.0|0|0.06936849360936327|0.13873698721872615|0.20810548082808944|0.2774739744374527
293.6|1.0|0.7|0.0|0|0.04414358693233229|0.08828717386466434|0.13243076079699664|0.17657434772932892
293.8|1.0|0.7|0.0|0|-0.055494794837432034|-0.11098958967486376|-0.16648438451229577|-0.22197917934972783
294.0|1.0|0.7|0.0|0|0.36197741125593924|0.7239548225118765|1.0859322337678157|1.447909645023755
294.2|1.0|0.7|0.0|0|0.1412594767427073|0.28251895348541384|0.4237784302281212|0.5650379069708285
294.4|1.0|0.7|0.0|0|0.5221555681916656|1.0443111363833284|1.5664667045749943|2.08862227276666
294.6|1.0|0.7|0.0|0|0.5511642114521242|1.1023284229042454|1.6534926343563696|2.204656845808494
294.8|1.0|0.7|0.0|0|0.48810194435995113|0.9762038887198996|1.4643058330798508|1.9524077774398019
295.0|1.0|0.7|0.0|0|-0.11729581581079411|-0.23459163162158758|-0.3518874474323817|-0.46918326324317583
295.2|1.0|0.7|0.0|0|0.45026458427717486|0.9005291685543472|1.350793752831522|1.8010583371086968
295.4|1.0|0.7|0.0|0|0.5536867019854258|1.1073734039708485|1.6610601059562744|2.2147468079417
295.6|1.0|0.7|0.0|0|0.2333303868287478|0.46666077365749425|0.6999911604862421|0.9333215473149898
295.8|1.0|0.7|0.0|0|-0.11225083387340429|-0.22450166774680796|-0.33675250162021225|-0.44900333549361654
296.0|1.0|0.7|0.0|0|0.4515258288470799|0.9030516576941574|1.3545774865412372|1.8061033153883173
296.2|1.0|0.7|0.0|0|0.43134590416098983|0.8626918083219772|1.2940377124829672|1.725383616643957
296.4|1.0|0.7|0.0|0|0.4263009228778541|0.8526018457557059|1.27890276863356|1.7052036915114142
296.6|1.0|0.7|0.0|0|0.822331957897405|1.6446639157948053|2.4669958736922104|3.289327831589615
296.8|1.0|0.7|0.0|0|0.7680984083161463|1.5361968166322884|2.3042952249484348|3.072393633264581
297.0|1.0|0.7|0.0|0|0.4792732265504314|0.9585464531008602|1.4378196796512916|1.917092906201723
297.2|1.0|0.7|0.0|0|0.7567472003318841|1.513494400663764|2.2702416009956483|3.0269888013275326
297.4|1.0|0.7|0.0|0|0.9635914352757399|1.9271828705514744|2.890774305827214|3.854365741102954
297.6|1.0|0.7|0.0|0|0.7668371640285484|1.5336743280570926|2.300511492085641|3.067348656114189
297.8|1.0|0.7|0.0|0|0.9181866027979422|1.8363732055958792|2.754559808393821|3.6727464111917634
298.0|1.0|0.7|0.0|0|1.3671899411891366|2.7343798823782657|4.101569823567402|5.468759764756539
298.2|1.0|0.7|0.0|0|0.5826953438750939|1.1653906877501845|1.7480860316252784|2.3307813755003726
298.4|1.0|0.7|0.0|0|0.6129652319883467|1.2259304639766901|1.8388956959650369|2.4518609279533834
298.6|1.0|0.7|0.0|0|0.314050088336808|0.6281001766736142|0.9421502650104221|1.2562003533472301
298.8|1.0|0.7|0.0|0|0.46161579238658346|0.9232315847731644|1.3848473771597478|1.8464631695463314
299.0|1.0|0.7|0.0|0|0.9938613241590801|1.9877226483181547|2.981583972477235|3.9754452966363147
299.2|1.0|0.7|0.0|0|1.3255688461032709|2.651137692206534|3.976706538309805|5.302275384413075
299.4|1.0|0.7|0.0|0|0.5398130033502826|1.079626006700562|1.6194390100508447|2.1592520134011273
299.6|1.0|0.7|0.0|0|0.7592696914472624|1.5185393828945206|2.277809074341783|3.0370787657890452
299.8|1.0|0.7|0.0|0|0.7605309364380088|1.5210618728760135|2.2815928093140223|3.0421237457520314
300.0|1.0|0.7|0.0|0|0.6003527788649086|1.2007055577298138|1.8010583365947224|2.4014111154596307
300.2|1.0|0.7|0.0|0|0.9610689449711944|1.9221378899423835|2.8832068349135778|3.8442757798847724
300.4|1.0|0.7|0.0|0|0.8425118827307604|1.685023765461516|2.5275356481922766|3.370047530923037
300.6|1.0|0.7|0.0|0|0.8046745230245876|1.6093490460491708|2.4140235690737586|3.218698092098346
300.8|1.0|0.7|0.0|0|0.32792378725193005|0.6558475745038582|0.9837713617557883|1.3116951490077184
301.0|1.0|0.7|0.0|0|0.29639265353907857|0.5927853070781555|0.8891779606172341|1.1855706141563127
301.2|1.0|0.7|0.0|0|0.6053977597097406|1.210795519419478|1.8161932791292184|2.421591038838959
301.4|1.0|0.7|0.0|0|0.3506262030673682|0.7012524061347345|1.0518786092021026|1.402504812269471
301.6|1.0|0.7|0.0|0|0.7971070521126974|1.5942141042253903|2.391321156338088|3.188428208450785
301.8|1.0|0.7|0.0|0|0.24468159550626317|0.489363191012525|0.7340447865187882|0.9787263820250514
302.0|1.0|0.7|0.0|0|0.9295378120359973|1.8590756240719895|2.788613436107987|3.718151248143984
302.2|1.0|0.7|0.0|0|0.34305873110948626|0.6861174622189706|1.029176193328457|1.3722349244379433
302.4|1.0|0.7|0.0|0|0.47170575513620905|0.9434115102724154|1.4151172654086244|1.8868230205448335
302.6|1.0|0.7|0.0|0|0.8576468272478095|1.715293654495614|2.5729404817434234|3.430587308991233
302.8|1.0|0.7|0.0|0|1.027914947211394|2.0558298944227826|3.0837448416341764|4.111659788845571
303.0|1.0|0.7|0.0|0|0.6810724805365322|1.3621449610730607|2.043217441609593|2.7242899221461254
303.2|1.0|0.7|0.0|0|0.6407126301265095|1.2814252602530154|1.9221378903795248|2.5628505205060343
303.4|1.0|0.7|0.0|0|0.5877403261821024|1.1754806523642014|1.7632209785463038|2.3509613047284064
303.6|1.0|0.7|0.0|0|0.24594284021062798|0.4918856804212546|0.7378285206318825|0.9837713608425106
303.8|1.0|0.7|0.0|0|0.26738401072158036|0.5347680214431593|0.8021520321647396|1.0695360428863199
304.0|1.0|0.7|0.0|0|0.6482801024446968|1.29656020488939|1.9448403073340867|2.5931204097787837
304.2|1.0|0.7|0.0|0|0.6129652325384092|1.2259304650768148|1.838895697615224|2.451860930153633
304.4|1.0|0.7|0.0|0|0.42630092181672846|0.8526018436334546|1.278902765450183|1.7052036872669114
304.6|1.0|0.7|0.0|0|0.4061209984583551|0.812241996916708|1.218362995375063|1.6244839938334181
304.8|1.0|0.7|0.0|0|0.2169341971707765|0.43386839434155183|0.6508025915123283|0.8677367886831048
305.0|1.0|0.7|0.0|0|0.22954665111727102|0.45909330223454076|0.6886399533518118|0.9181866044690828
305.2|1.0|0.7|0.0|0|0.37585110964137164|0.7517022192827412|1.1275533289241129|1.5034044385654843
305.4|1.0|0.7|0.0|0|0.6709825170773553|1.341965034154707|2.0129475512320623|2.6839300683094174
305.6|1.0|0.7|0.0|0|1.2385429180838412|2.4770858361676753|3.7156287542515165|4.954171672335358
305.8|1.0|0.7|0.0|0|0.23206914097128922|0.46413828194257717|0.6962074229138664|0.9282765638851556
306.0|1.0|0.7|0.0|0|0.4590933009638688|0.918186601927735|1.3772799028916038|1.8363732038554725
306.2|1.0|0.7|0.0|0|0.5120656055002478|1.0241312110004928|1.5361968165007405|2.048262422000988
306.4|1.0|0.7|0.0|0|0.514588096289081|1.0291761925781593|1.5437642888672403|2.0583523851563212
306.6|1.0|0.7|0.0|0|0.3771123548987092|0.7542247097974163|1.1313370646961256|1.5084494195948348
306.8|1.0|0.7|0.0|0|0.060539775937213616|0.1210795518744269|0.1816193278116405|0.24215910374885413
307.0|1.0|0.7|0.0|0|0.3935085441457344|0.7870170882914667|1.180525632437201|1.5740341765829353
307.2|1.0|0.7|0.0|0|0.37080612786696326|0.7416122557339244|1.1124183836008876|1.483224511467851
307.4|1.0|0.7|0.0|0|0.8008907874772565|1.6017815749545086|2.402672362431765|3.2035631499090216
307.6|1.0|0.7|0.0|0|0.32666254180076093|0.6533250836015201|0.979987625402281|1.306650167203042
307.8|1.0|0.7|0.0|0|0.967375170708984|1.9347503414179628|2.902125512126947|3.869500682835931
308.0|1.0|0.7|0.0|0|0.6646762908808893|1.3293525817617748|1.9940288726426643|2.6587051635235537
308.2|1.0|0.7|0.0|0|0.41747220532444806|0.8349444106488938|1.2524166159733419|1.66988882129779
308.4|1.0|0.7|0.0|0|1.2007055582507757|2.401411116501545|3.6021166747523203|4.802822233003096
308.6|1.0|0.7|0.0|0|0.3468424665997739|0.6936849331995459|1.0405273997993199|1.3873698663990939
308.8|1.0|0.7|0.0|0|1.1452107632765556|2.290421526553105|3.4356322898296607|4.580843053106216
309.0|1.0|0.7|0.0|0|-0.1778355916694274|-0.3556711833388538|-0.5335067750082811|-0.7113423666777086
309.2|1.0|0.7|0.0|0|0.5864790802088106|1.1729581604176178|1.7594372406264285|2.345916320835239
309.4|1.0|0.7|0.0|0|0.5990915338363271|1.1981830676726508|1.797274601508978|2.396366135345305
309.6|1.0|0.7|0.0|0|0.8450343743426499|1.6900687486852952|2.5351031230279455|3.3801374973705953
309.8|1.0|0.7|0.0|0|0.45026458416541615|0.9005291683308297|1.350793752496246|1.801058336661662
310.0|1.0|0.7|0.0|0|0.5978302880411507|1.195660576082298|1.7934908641234488|2.3913211521645996
310.2|1.0|0.7|0.0|0|0.0681072467792547|0.136214493558509|0.2043217403377637|0.2724289871170184
310.4|1.0|0.7|0.0|0|0.769359653748689|1.5387193074973737|2.308078961246063|3.0774386149947515
310.6|1.0|0.7|0.0|0|0.5044981340871896|1.0089962681743763|1.513494402261566|2.017992536348755
310.8|1.0|0.7|0.0|0|0.5423354935762478|1.0846709871524924|1.62700648072874|2.169341974304988
311.0|1.0|0.7|0.0|0|-0.23711412265431156|-0.47422824530862184|-0.7113423679629334|-0.9484564906172449
311.2|1.0|0.7|0.0|0|-0.03153113393054812|-0.06306226786109607|-0.09459340179164419|-0.12612453572219232
311.4|1.0|0.7|0.0|0|0.5221555680490569|1.044311136098111|1.5664667041471678|2.0886222721962246
311.6|1.0|0.7|0.0|0|0.8967454321950217|1.7934908643900382|2.69023629658506|3.5869817287800814
311.8|1.0|0.7|0.0|0|0.39981477027991824|0.7996295405598343|1.1994443108397523|1.5992590811196707
312.0|1.0|0.7|0.0|0|0.7870170882414103|1.574034176482816|2.3610512647242263|3.1480683529656366
312.2|1.0|0.7|0.0|0|0.710081123517594|1.420162247035184|2.130243370552778|2.840324494070372
312.4|1.0|0.7|0.0|0|0.3001763893122555|0.6003527786245093|0.9005291679367647|1.2007055572490202
312.6|1.0|0.7|0.0|0|0.16648438446514788|0.33296876893029487|0.4994531533954427|0.6659375378605906
312.8|1.0|0.7|0.0|0|0.016396189558436178|0.032792379116872265|0.04918856867530844|0.06558475823374461
313.0|1.0|0.7|0.0|0|-0.3342300129652725|-0.6684600259305431|-1.0026900388958155|-1.336920051861088
313.2|1.0|0.7|0.0|0|-0.2547715565352703|-0.5095431130705391|-0.7643146696058094|-1.0190862261410798
313.4|1.0|0.7|0.0|0|0.5095431158202705|1.0190862316405382|1.5286293474608086|2.038172463281079
313.6|1.0|0.7|0.0|0|-0.03783735902514312|-0.07567471805028603|-0.11351207707542915|-0.15134943610057228
313.8|1.0|0.7|0.0|0|-0.3052213701343865|-0.6104427402687713|-0.9156641104031579|-1.2208854805375444
314.0|1.0|0.7|0.0|0|-4.813773557543758e-10|-9.62754711508749e-10|-1.444132067263125e-09|-1.925509423017501e-09
314.2|1.0|0.7|0.0|0|0.012612453238689352|0.025224906477378635|0.037837359716067984|0.05044981295475734
314.4|1.0|0.7|0.0|0|-0.08071970118908219|-0.16143940237816393|-0.24215910356724613|-0.3228788047563283
314.6|1.0|0.7|0.0|0|-0.09207091041433167|-0.18414182082866284|-0.2762127312429945|-0.3682836416573262
314.8|1.0|0.7|0.0|0|0.07062973849882843|0.14125947699765648|0.21188921549648493|0.28251895399531335
315.0|1.0|0.7|0.0|0|0.7088198781420949|1.4176397562841858|2.1264596344262805|2.8352795125683756
315.2|1.0|0.7|0.0|0|0.3127888429793532|0.6255776859587047|0.9383665289380578|1.251155371917411
315.4|1.0|0.7|0.0|0|0.3644999018346428|0.7289998036692836|1.0934997055039264|1.4579996073385693
315.6|1.0|0.7|0.0|0|0.5890015709423465|1.1780031418846897|1.7670047128270363|2.356006283769383
315.8|1.0|0.7|0.0|0|0.08071970175893518|0.16143940351786992|0.24215910527680512|0.3228788070357403
316.0|1.0|0.7|0.0|0|-0.22071793336537687|-0.4414358667307525|-0.6621538000961293|-0.8828717334615063
316.2|1.0|0.7|0.0|0|0.45657081068086014|0.9131416213617177|1.3697124320425778|1.826283242723438
316.4|1.0|0.7|0.0|0|0.192970535681816|0.3859410713636309|0.5789116070454469|0.7718821427272629
316.6|1.0|0.7|0.0|0|0.32035631443839546|0.6407126288767891|0.9610689433151847|1.28142525775358
316.8|1.0|0.7|0.0|0|-0.11855706140748236|-0.23711412281496405|-0.3556711842224464|-0.47422824562992877
317.0|1.0|0.7|0.0|0|0.30269888025650316|0.6053977605130046|0.9080966407695078|1.2107955210260108
317.2|1.0|0.7|0.0|0|0.9043129039549975|1.80862580790999|2.7129387118649877|3.6172516158199852
317.4|1.0|0.7|0.0|0|0.5562091925233841|1.112418385046765|1.668627577570149|2.224836770093533
317.6|1.0|0.7|0.0|0|0.12360204277734749|0.24720408555469428|0.3708061283320418|0.4944081711093893
317.8|1.0|0.7|0.0|0|0.30269887968257564|0.6053977593651496|0.9080966390477252|1.2107955187303008
318.0|1.0|0.7|0.0|0|0.3808960906293945|0.7617921812587869|1.1426882718881815|1.523584362517576
318.2|1.0|0.7|0.0|0|0.7807108623371466|1.561421724674289|2.342132587011436|3.1228434493485824
318.4|1.0|0.7|0.0|0|0.527200549000991|1.0544010980019791|1.5816016470029701|2.1088021960039613
318.6|1.0|0.7|0.0|0|0.6432351205253514|1.2864702410506992|1.9297053615760504|2.572940482101402
318.8|1.0|0.7|0.0|0|0.16900687454675806|0.33801374909351517|0.5070206236402732|0.6760274981870312
319.0|1.0|0.7|0.0|0|0.4944081703916895|0.9888163407833762|1.4832245111750657|1.9776326815667553
319.2|1.0|0.7|0.0|0|0.17531310217920706|0.35062620435841313|0.5259393065376202|0.7012524087168273
319.4|1.0|0.7|0.0|0|-0.10972834348445767|-0.21945668696891474|-0.32918503045337244|-0.4389133739378301
319.6|1.0|0.7|0.0|0|0.24215910419996384|0.48431820839992634|0.7264773125998901|0.968636416799854
319.8|1.0|0.7|0.0|0|0.9244928297464511|1.848985659492897|2.773478489239348|3.6979713189857994
320.0|1.0|0.7|0.0|0|0.10342211704235534|0.2068442340847101|0.3102663511270654|0.41368846816942073
320.2|1.0|0.7|0.0|0|0.7870170886977582|1.5740341773955122|2.3610512660932703|3.148068354791029
320.4|1.0|0.7|0.0|0|0.3909860538551587|0.7819721077103153|1.172958161565474|1.5639442154206327
320.6|1.0|0.7|0.0|0|0.8727817711397082|1.7455635422794116|2.6183453134191197|3.491127084558828
320.8|1.0|0.7|0.0|0|0.45783205597486853|0.9156641119497345|1.3734961679246032|1.8313282238994717
321.0|1.0|0.7|0.0|0|0.365761147818412|0.731522295636822|1.097283443455234|1.463044591273646
321.2|1.0|0.7|0.0|0|0.9661139258166085|1.9322278516332116|2.8983417774498204|3.8644557032664286
321.4|1.0|0.7|0.0|0|0.1740518554701704|0.34810371094033987|0.5221555664105103|0.6962074218806807
321.6|1.0|0.7|0.0|0|0.9522402274905479|1.9044804549810905|2.8567206824716385|3.8089609099621864
321.8|1.0|0.7|0.0|0|0.38846356279042116|0.7769271255808402|1.1653906883712615|1.5538542511616826
322.0|1.0|0.7|0.0|0|-0.20936672592652047|-0.41873345185303984|-0.6281001777795603|-0.8374669037060808
322.2|1.0|0.7|0.0|0|0.3947697894618617|0.7895395789237213|1.184309368385583|1.5790791578474446
322.4|1.0|0.7|0.0|0|0.4464808488282146|0.8929616976564267|1.3394425464846413|1.785923395312856
322.6|1.0|0.7|0.0|0|0.14125947718159307|0.28251895436318536|0.42377843154477846|0.5650379087263715
322.8|1.0|0.7|0.0|0|0.8576468263991418|1.7152936527982787|2.5729404791974204|3.4305873055965623
323.0|1.0|0.7|0.0|0|0.7630534270894721|1.5261068541789398|2.289160281268412|3.052213708357884
323.2|1.0|0.7|0.0|0|0.6470188567927113|1.294037713585419|1.9410565703781304|2.5880754271708417
323.4|1.0|0.7|0.0|0|0.3304462775331925|0.6608925550663831|0.9913388325995756|1.321785110132768
323.6|1.0|0.7|0.0|0|0.5814340996788819|1.1628681993577608|1.7443022990366428|2.3257363987155246
323.8|1.0|0.7|0.0|0|-0.13369200469052897|-0.26738400938105716|-0.40107601407158616|-0.5347680187621151
324.0|1.0|0.7|0.0|0|-0.13747574180364622|-0.27495148360729166|-0.41242722541093785|-0.5499029672145841
324.2|1.0|0.7|0.0|0|-0.06684600165870512|-0.13369200331740988|-0.200538004976115|-0.2673840066348201
324.4|1.0|0.7|0.0|0|0.5272005498025105|1.0544010996050182|1.5816016494075287|2.1088021992100394
324.6|1.0|0.7|0.0|0|0.21819544295140095|0.43639088590280073|0.6545863288542016|0.8727817718056026
324.8|1.0|0.7|0.0|0|0.08828717415628497|0.17657434831256946|0.2648615224688544|0.35314869662513937
325.0|1.0|0.7|0.0|0|0.03783736007346309|0.07567472014692597|0.11351208022038907|0.15134944029385217
325.2|1.0|0.7|0.0|0|0.5927853072731528|1.1855706145463023|1.7783559218194551|2.371141229092608
325.4|1.0|0.7|0.0|0|0.5776503632066311|1.1553007264132589|1.73295108961989|2.3106014528265213
325.6|1.0|0.7|0.0|0|0.21188921691093146|0.42377843382186176|0.6356676507327932|0.8475568676437247
325.8|1.0|0.7|0.0|0|0.25477155739499746|0.5095431147899935|0.7643146721849909|1.0190862295799883
326.0|1.0|0.7|0.0|0|0.3808960914937783|0.7617921829875545|1.1426882744813327|1.523584365975111
326.2|1.0|0.7|0.0|0|-0.060539775551296825|-0.12107955110259332|-0.18161932665389013|-0.24215910220518697
326.4|1.0|0.7|0.0|0|0.0769359651894775|0.15387193037895458|0.23080789556843206|0.30774386075790955
326.6|1.0|0.7|0.0|0|0.49062443597824357|0.9812488719564844|1.471873307934728|1.9624977439129716
326.8|1.0|0.7|0.0|0|0.6684600268612855|1.3369200537225672|2.0053800805838526|2.673840107445138
327.0|1.0|0.7|0.0|0|1.2007055580080497|2.4014111160160927|3.6021166740241424|4.8028222320321925
327.2|1.0|0.7|0.0|0|0.5953077976760692|1.1906155953521351|1.7859233930282046|2.381231190704274
327.4|1.0|0.7|0.0|0|0.4792732269054982|0.9585464538109937|1.4378196807164918|1.91709290762199
327.6|1.0|0.7|0.0|0|0.03153113243228293|0.06306226486456569|0.09459339729684861|0.12612452972913155
327.8|1.0|0.7|0.0|0|0.6016140240052488|1.2032280480104942|1.804842072015743|2.4064560960209915
328.0|1.0|0.7|0.0|0|0.28882518247235595|0.5776503649447102|0.8664755474170661|1.155300729889422
328.2|1.0|0.7|0.0|0|0.4540483205334753|0.9080966410669481|1.3621449616004233|1.8161932821338986
328.4|1.0|0.7|0.0|0|0.9383665290643702|1.8767330581287351|2.8150995871931053|3.7534661162574756
328.6|1.0|0.7|0.0|0|0.3909860539453806|0.7819721078907591|1.1729581618361398|1.5639442157815202
328.8|1.0|0.7|0.0|0|0.4729670008475664|0.9459340016951301|1.4189010025426965|1.8918680033902628
329.0|1.0|0.7|0.0|0|0.3632386555016277|0.7264773110032533|1.089715966504881|1.4529546220065088
329.2|1.0|0.7|0.0|0|0.7744046349026037|1.5488092698052032|2.323213904707807|3.0976185396104103
329.4|1.0|0.7|0.0|0|1.160345706853551|2.3206914137070953|3.4810371205606465|4.641382827414198
329.6|1.0|0.7|0.0|0|0.6558475729485513|1.3116951458970991|1.9675427188456505|2.623390291794202
329.8|1.0|0.7|0.0|0|0.32161756089772126|0.6432351217954407|0.964852682693162|1.2864702435908832
330.0|1.0|0.7|0.0|0|0.24846533105650473|0.49693066211300807|0.7453959931695128|0.9938613242260176
330.2|1.0|0.7|0.0|0|0.4754894917813367|0.9509789835626707|1.4264684753440073|1.9019579671253442
330.4|1.0|0.7|0.0|0|0.0025224910571705573|0.005044982114341101|0.007567473171511658|0.010089964228682215
330.6|1.0|0.7|0.0|0|0.6356676487409283|1.271335297481853|1.9070029462227813|2.5426705949637096
330.8|1.0|0.7|0.0|0|-0.1551331763248892|-0.31026635264977753|-0.46539952897466674|-0.620532705299556
331.0|1.0|0.7|0.0|0|0.3342300136288398|0.6684600272576777|1.0026900408865176|1.3369200545153574
331.2|1.0|0.7|0.0|0|0.52341681430582|1.046833628611637|1.5702504429174573|2.0936672572232773
331.4|1.0|0.7|0.0|0|0.4540483199246232|0.9080966398492438|1.362144959773867|1.81619327969849
331.6|1.0|0.7|0.0|0|0.6583700648235395|1.3167401296470755|1.975110194470615|2.6334802592941546
331.8|1.0|0.7|0.0|0|0.6949461786384933|1.3898923572769828|2.084838535915476|2.7797847145539696
332.0|1.0|0.7|0.0|0|0.17026811976509648|0.340536239530192|0.5108043592952886|0.681072479060385
332.2|1.0|0.7|0.0|0|0.5095431148092034|1.019086229618404|1.5286293444276073|2.0381724592368107
332.4|1.0|0.7|0.0|0|0.7832333535567165|1.5664667071134288|2.3497000606701453|3.132933414226862
332.6|1.0|0.7|0.0|0|1.0052125304570663|2.010425060914127|3.0156375913711932|4.02085012182826
332.8|1.0|0.7|0.0|0|0.60539776029822|1.2107955205964367|1.8161932808946568|2.421591041192877
333.0|1.0|0.7|0.0|0|0.5726053811924071|1.1452107623848111|1.7178161435772183|2.2904215247696253
333.2|1.0|0.7|0.0|0|0.4515258292178627|0.903051658435723|1.3545774876535857|1.8061033168714484
333.4|1.0|0.7|0.0|0|0.4414358669181824|0.8828717338363623|1.3243076007545447|1.765743467672727
333.6|1.0|0.7|0.0|0|-0.16648438322416056|-0.3329687664483202|-0.4994531496724808|-0.6659375328966413
333.8|1.0|0.7|0.0|0|0.42377843182068353|0.8475568636413647|1.2713352954620483|1.695113727282732
334.0|1.0|0.7|0.0|0|0.7479184823675321|1.49583696473506|2.243755447102592|2.991673929470124
334.2|1.0|0.7|0.0|0|0.8399893915804576|1.6799787831609105|2.519968174741368|3.359957566321826
334.4|1.0|0.7|0.0|0|0.4490033381577818|0.8980066763155611|1.347010014473343|1.7960133526311246
334.6|1.0|0.7|0.0|0|-0.09080966364475906|-0.18161932728951763|-0.2724289909342767|-0.36323865457903576
334.8|1.0|0.7|0.0|0|0.6356676485965732|1.271335297193143|1.9070029457897162|2.5426705943862893
335.0|1.0|0.7|0.0|0|0.1816193281213056|0.3632386562426102|0.5448579843639159|0.7264773124852214
335.2|1.0|0.7|0.0|0|0.8387281475646895|1.6774562951293743|2.5161844426940636|3.354912590258753
335.4|1.0|0.7|0.0|0|0.0025224910309771097|0.005044982061954206|0.007567473092931315|0.010089964123908425
335.6|1.0|0.7|0.0|0|-0.22702415949956067|-0.4540483189991201|-0.6810724784986808|-0.9080966379982415
335.8|1.0|0.7|0.0|0|-0.08828717296419207|-0.17657434592838367|-0.26486151889257575|-0.3531486918567678
336.0|1.0|0.7|0.0|0|0.40359850646753365|0.8071970129350651|1.2107955194025988|1.6143940258701324
336.2|1.0|0.7|0.0|0|0.23837536792678313|0.476750735853565|0.7151261037803481|0.9535014717071313
336.4|1.0|0.7|0.0|0|0.3026988800294933|0.6053977600589849|0.9080966400884781|1.2107955201179714
336.6|1.0|0.7|0.0|0|0.5208943217468919|1.0417886434937809|1.5626829652406726|2.0835772869875644
336.8|1.0|0.7|0.0|0|0.20936672561569158|0.418733451231382|0.6281001768470735|0.8374669024627651
337.0|1.0|0.7|0.0|0|0.29513140791445064|0.5902628158288997|0.8853942237433503|1.180525631657801
337.2|1.0|0.7|0.0|0|0.6571088186855201|1.3142176373710366|1.9713264560565567|2.6284352747420767
337.4|1.0|0.7|0.0|0|0.6205327041074639|1.2410654082149244|1.8615981123223884|2.4821308164298523
337.6|1.0|0.7|0.0|0|0.47548949045885863|0.9509789809177146|1.4264684713765732|1.9019579618354319
337.8|1.0|0.7|0.0|0|0.23080789636587745|0.4616157927317536|0.6924236890976311|0.9232315854635085
338.0|1.0|0.7|0.0|0|0.7718821447802482|1.543764289560492|2.3156464343407404|3.0875285791209883
338.2|1.0|0.7|0.0|0|-0.36071616503410076|-0.7214323300681995|-1.0821484951023002|-1.442864660136401
338.4|1.0|0.7|0.0|0|0.2686452561838089|0.5372905123676164|0.8059357685514252|1.074581024735234
338.6|1.0|0.7|0.0|0|0.5208943233307223|1.0417886466614417|1.562682969992164|2.0835772933228864
338.8|1.0|0.7|0.0|0|0.686117462176481|1.3722349243529581|2.058352386529439|2.74446984870592
339.0|1.0|0.7|0.0|0|0.6760274992929778|1.3520549985859518|2.0280824978789296|2.704109997171907
339.2|1.0|0.7|0.0|0|0.8576468264445437|1.7152936528890828|2.5729404793336266|3.43058730577817
339.4|1.0|0.7|0.0|0|0.41747220558929293|0.8349444111785835|1.2524166167678765|1.6698888223571695
339.6|1.0|0.7|0.0|0|0.9610689444921454|1.9221378889842855|2.883206833476431|3.8442757779685763
339.8|1.0|0.7|0.0|0|0.8235932044888621|1.6471864089777197|2.470779613466582|3.294372817955444
340.0|1.0|0.7|0.0|0|0.8261156940791996|1.6522313881583945|2.4783470822375944|3.304462776316794
340.2|1.0|0.7|0.0|0|0.38341858138039275|0.7668371627607834|1.1502557441411763|1.533674325521569
340.4|1.0|0.7|0.0|0|1.0014287947211424|2.002857589442279|3.0042863841634215|4.0057151788845635
340.6|1.0|0.7|0.0|0|0.9938613239582637|1.9877226479165218|2.9815839718747856|3.9754452958330493
340.8|1.0|0.7|0.0|0|0.7189098412106985|1.437819682421393|2.1567295236320914|2.87563936484279
341.0|1.0|0.7|0.0|0|0.9371052826358945|1.8742105652717838|2.8113158479076783|3.748421130543573
341.2|1.0|0.7|0.0|0|0.6142264780972624|1.2284529561945214|1.8426794342917838|2.4569059123890464
341.4|1.0|0.7|0.0|0|1.0203474752354678|2.0406949504709297|3.0610424257063977|4.081389900941866
341.6|1.0|0.7|0.0|0|0.43891337648907247|0.8778267529781426|1.316740129467215|1.7556535059562874
341.8|1.0|0.7|0.0|0|0.8235932026075905|1.6471864052151763|2.470779607822767|3.2943728104303576
342.0|1.0|0.7|0.0|0|0.8626918083697099|1.7253836167394152|2.588075425109125|3.450767233478835
342.2|1.0|0.7|0.0|0|0.7126036139798823|1.4252072279597605|2.137810841939643|2.850414455919525
342.4|1.0|0.7|0.0|0|0.7517022198427009|1.5034044396853978|2.255106659528099|3.0068088793707997
342.6|1.0|0.7|0.0|0|0.3216175609140194|0.643235121828037|0.9648526827420565|1.2864702436560758
342.8|1.0|0.7|0.0|0|0.5221555684536001|1.0443111369071973|1.5664667053607977|2.088622273814398
343.0|1.0|0.7|0.0|0|0.7226935768709525|1.445387153741901|2.168080730612853|2.890774307483806
343.2|1.0|0.7|0.0|0|0.3607161649357298|0.7214323298714576|1.0821484948071873|1.442864659742917
343.4|1.0|0.7|0.0|0|0.1790968369983604|0.3581936739967198|0.5372905109950802|0.7163873479934406
343.6|1.0|0.7|0.0|0|0.3796348460018638|0.7592696920037255|1.1389045380055893|1.5185393840074533
343.8|1.0|0.7|0.0|0|0.662153799597873|1.3243075991957423|1.9864613987936153|2.6486151983914885
344.0|1.0|0.7|0.0|0|0.4540483195084384|0.9080966390168743|1.3621449585253127|1.816193278033751
344.2|1.0|0.7|0.0|0|0.18035808346990978|0.36071616693981856|0.5410742504097283|0.7214323338796381
344.4|1.0|0.7|0.0|0|0.3897248081309957|0.7794496162619893|1.169174424392985|1.5588992325239808
344.6|1.0|0.7|0.0|0|0.6760274989786564|1.352054997957309|2.028082496935965|2.7041099959146218
344.8|1.0|0.7|0.0|0|0.2837801999441583|0.5675603998883151|0.8513405998324735|1.1351207997766317
345.0|1.0|0.7|0.0|0|0.20558298885589485|0.41116597771178853|0.6167489665676834|0.8223319554235782
345.2|1.0|0.7|0.0|0|0.09711589063343135|0.19423178126686216|0.29134767190029354|0.3884635625337249
345.4|1.0|0.7|0.0|0|0.24846533032890897|0.49693066065781655|0.7453959909867255|0.9938613213156345
345.6|1.0|0.7|0.0|0|0.12486328889499429|0.24972657778998789|0.3745898666849822|0.4994531555799765
345.8|1.0|0.7|0.0|0|0.730261048590765|1.460522097181526|2.1907831457722913|2.921044194363056
346.0|1.0|0.7|0.0|0|0.34810371283907476|0.6962074256781475|1.0443111385172223|1.392414851356297
346.2|1.0|0.7|0.0|0|0.41747220554447306|0.8349444110889438|1.2524166166334167|1.6698888221778898
346.4|1.0|0.7|0.0|0|1.0064737764344327|2.0129475528688596|3.0194213293032925|4.0258951057377255
346.6|1.0|0.7|0.0|0|0.32918503179971625|0.6583700635994306|0.9875550953991469|1.316740127198863
346.8|1.0|0.7|0.0|0|0.7327835394500296|1.465567078900055|2.1983506183500845|2.931134157800114
347.0|1.0|0.7|0.0|0|0.4691832643741513|0.9383665287483001|1.4075497931224514|1.8767330574966026
347.2|1.0|0.7|0.0|0|0.3657611471449494|0.7315222942898968|1.0972834414348462|1.4630445885797956
347.4|1.0|0.7|0.0|0|0.7580084452510353|1.5160168905020663|2.2740253357531017|3.0320337810041367
347.6|1.0|0.7|0.0|0|0.5196330775500978|1.0392661551001927|1.5588992326502906|2.0785323102003885
347.8|1.0|0.7|0.0|0|0.46035454677883575|0.920709093557669|1.3810636403365046|1.8414181871153406
348.0|1.0|0.7|0.0|0|0.39098605263279784|0.7819721052655936|1.1729581578983914|1.5639442105311891
348.2|1.0|0.7|0.0|0|0.6281001767673302|1.256200353534657|1.8843005303019873|2.5124007070693173
348.4|1.0|0.7|0.0|0|0.24594284072401956|0.49188568144803774|0.7378285221720573|0.9837713628960768
348.6|1.0|0.7|0.0|0|0.5057593791827099|1.0115187583654168|1.5172781375481268|2.0230375167308363
348.8|1.0|0.7|0.0|0|0.8828717340587181|1.765743468117431|2.648615202176149|3.531486936234867
349.0|1.0|0.7|0.0|0|0.1917092906159816|0.38341858123196215|0.5751278718479438|0.7668371624639254
349.2|1.0|0.7|0.0|0|0.2837802004849075|0.5675604009698134|0.8513406014547209|1.1351208019396284
349.4|1.0|0.7|0.0|0|0.4855794529477139|0.9711589058954251|1.4567383588431388|1.9423178117908528
349.6|1.0|0.7|0.0|0|0.5208943232998722|1.0417886465997415|1.5626829698996139|2.083577293199486
349.8|1.0|0.7|0.0|0|0.4855794539448111|0.9711589078896194|1.4567383618344305|1.9423178157792418
350.0|1.0|0.7|0.0|0|0.3556711849028946|0.7113423698057872|1.0670135547086819|1.4226847396115765
350.2|1.0|0.7|0.0|0|0.882871733290959|1.7657434665819132|2.648615199872872|3.531486933163831
350.4|1.0|0.7|0.0|0|0.5713441361137671|1.142688272227531|1.714032408341298|2.2853765444550653
350.6|1.0|0.7|0.0|0|0.20810548053646943|0.41621096107293776|0.6243164416094071|0.8324219221458766
350.8|1.0|0.7|0.0|0|0.11351207985950178|0.22702415971900294|0.3405362395785047|0.4540483194380065
351.0|1.0|0.7|0.0|0|0.6659375365177408|1.331875073035478|1.9978126095532187|2.6637501460709596
351.2|1.0|0.7|0.0|0|0.01891868053062355|0.037837361061246993|0.056756041591870546|0.0756747221224941
351.4|1.0|0.7|0.0|0|0.2812577096873431|0.5625154193746846|0.8437731290620278|1.1250308387493708
351.6|1.0|0.7|0.0|0|0.19423178128025045|0.38846356256049985|0.5826953438407503|0.7769271251210008
351.8|1.0|0.7|0.0|0|0.8071970129682456|1.6143940259364868|2.4215910389047326|3.228788051872978
352.0|1.0|0.7|0.0|0|0.22197917895508018|0.44395835791015914|0.6659375368652394|0.8879167158203195
352.2|1.0|0.7|0.0|0|0.9875550968362958|1.9751101936725863|2.962665290508882|3.950220387345178
352.4|1.0|0.7|0.0|0|0.2850414456869478|0.570082891373894|0.8551243370608418|1.1401657827477896
352.6|1.0|0.7|0.0|0|0.8122419945581357|1.624483989116267|2.436725983674403|3.2489679782325385
352.8|1.0|0.7|0.0|0|0.7655759175634018|1.5311518351267994|2.2967277526902015|3.0623036702536033
353.0|1.0|0.7|0.0|0|0.7025136507890426|1.4050273015780814|2.107540952367124|2.8100546031561664
353.2|1.0|0.7|0.0|0|0.30774386225268274|0.6154877245053637|0.9232315867580465|1.2309754490107292
353.4|1.0|0.7|0.0|0|0.6659375362365978|1.331875072473192|1.9978126087097898|2.6637501449463876
353.6|1.0|0.7|0.0|0|0.6596313099027618|1.3192626198055197|1.9788939297082815|2.638525239611043
353.8|1.0|0.7|0.0|0|0.58269534424122|1.165390688482437|1.7480860327236571|2.330781376964877
354.0|1.0|0.7|0.0|0|0.4553095650812615|0.9106191301625205|1.365928695243782|1.8212382603250434
354.2|1.0|0.7|0.0|0|-0.0744134748150828|-0.14882694963016518|-0.223240424445248|-0.2976538992603308
354.4|1.0|0.7|0.0|0|0.27873521896079206|0.5574704379215826|0.8362056568823747|1.1149408758431667
354.6|1.0|0.7|0.0|0|0.17531310181890164|0.35062620363780234|0.525939305456704|0.7012524072756056
354.8|1.0|0.7|0.0|0|0.4426971120486273|0.8853942240972521|1.3280913361458793|1.7707884481945066
355.0|1.0|0.7|0.0|0|-0.07567471966787714|-0.15134943933575384|-0.227024159003631|-0.30269887867150813
355.2|1.0|0.7|0.0|0|0.7466572381142766|1.493314476228549|2.239971714342826|2.9866289524571026
355.4|1.0|0.7|0.0|0|0.25224906735646097|0.5044981347129205|0.7567472020693815|1.0089962694258423
355.6|1.0|0.7|0.0|0|0.3531486936728473|0.7062973873456927|1.05944608101854|1.4125947746913874
355.8|1.0|0.7|0.0|0|0.9207090934680318|1.8414181869360584|2.76212728040409|3.6828363738721217
356.0|1.0|0.7|0.0|0|0.6810724808200036|1.3621449616400034|2.043217442460007|2.7242899232800104
356.2|1.0|0.7|0.0|0|0.5776503631175733|1.1553007262351436|1.732951089352717|2.3106014524702903
356.4|1.0|0.7|0.0|0|0.7718821444606881|1.5437642889213719|2.31564643338206|3.087528577842748
356.6|1.0|0.7|0.0|0|0.44521960340731354|0.8904392068146245|1.335658810221938|1.7808784136292515
356.8|1.0|0.7|0.0|0|0.6041365144029265|1.2082730288058496|1.8124095432087761|2.416546057611703
357.0|1.0|0.7|0.0|0|0.6911624434444826|1.3823248868889615|2.0734873303334442|2.764649773777927
357.2|1.0|0.7|0.0|0|0.710081123206183|1.420162246412362|2.130243369618545|2.840324492824728
357.4|1.0|0.7|0.0|0|0.49188567971752534|0.983771359435048|1.4756570391525734|1.9675427188700987
357.6|1.0|0.7|0.0|0|0.3115275969699726|0.6230551939399436|0.9345827909099163|1.246110387879889
357.8|1.0|0.7|0.0|0|0.638190139335348|1.2763802786706924|1.91457041800604|2.5527605573413883
358.0|1.0|0.7|0.0|0|0.04035985075344801|0.0807197015068958|0.1210795522603438|0.1614394030137918
358.2|1.0|0.7|0.0|0|0.2282854056521321|0.4565708113042629|0.684856216956395|0.913141622608527
358.4|1.0|0.7|0.0|0|0.3026988798414825|0.6053977596829634|0.908096639524446|1.2107955193659286
358.6|1.0|0.7|0.0|0|0.2648615203425291|0.5297230406850566|0.7945845610275857|1.0594460813701148
358.8|1.0|0.7|0.0|0|0.14252072241739383|0.2850414448347869|0.4275621672521807|0.5700828896695745
359.0|1.0|0.7|0.0|0|0.42756216826033816|0.855124336520674|1.282686504781012|1.7102486730413502
359.2|1.0|0.7|0.0|0|0.9257540759065895|1.851508151813174|2.7772622277197634|3.703016303626353
359.4|1.0|0.7|0.0|0|0.6987299154611544|1.3974598309223047|2.0961897463834593|2.7949196618446135
359.6|1.0|0.7|0.0|0|1.176741895848537|2.3534837916970672|3.5302256875456046|4.706967583394142
359.8|1.0|0.7|0.0|0|0.6495413473533705|1.2990826947067373|1.948624042060108|2.5981653894134786
360.0|1.0|0.7|0.0|0|1.230975445911755|2.4619508918235034|3.6929263377352584|4.923901783647013
360.2|1.0|0.7|0.0|0|0.3708061281719714|0.7416122563439408|1.1124183845159121|1.4832245126878836
360.4|1.0|0.7|0.0|0|0.34431997591163993|0.688639951823278|1.032959927734918|1.377279903646558
360.6|1.0|0.7|0.0|0|0.3985535258799795|0.7971070517599568|1.1956605776399363|1.5942141035199158
360.8|1.0|0.7|0.0|0|0.15134944008488688|0.3026988801697729|0.4540483202546598|0.6053977603395466
361.0|1.0|0.7|0.0|0|0.6129652321554028|1.225930464310802|1.8388956964662049|2.4518609286216075
361.2|1.0|0.7|0.0|0|0.10594460814842033|0.21188921629684007|0.31783382444526037|0.4237784325936807
361.4|1.0|0.7|0.0|0|0.2951314088545044|0.5902628177090071|0.8853942265635115|1.1805256354180158
361.6|1.0|0.7|0.0|0|0.918186603336945|1.836373206673885|2.75455981001083|3.672746413347775
361.8|1.0|0.7|0.0|0|0.44521960234851615|0.8904392046970299|1.335658807045546|1.7808784093940622
362.0|1.0|0.7|0.0|0|0.9282765660097365|1.856553132019468|2.7848296980292044|3.7131062640389407
362.2|1.0|0.7|0.0|0|0.4439583576651061|0.8879167153302098|1.331875072995316|1.775833430660422
362.4|1.0|0.7|0.0|0|0.5133268513606167|1.0266537027212306|1.5399805540818474|2.0533074054424643
362.6|1.0|0.7|0.0|0|0.042882341057411434|0.08576468211482263|0.12864702317223406|0.1715293642296455
362.8|1.0|0.7|0.0|0|0.09459340121655267|0.18918680243310482|0.2837802036496575|0.3783736048662102
363.0|1.0|0.7|0.0|0|0.4162109601689739|0.8324219203379455|1.2486328805069193|1.6648438406758934
363.2|1.0|0.7|0.0|0|0.5171105872781486|1.0342211745562944|1.5513317618344429|2.0684423491125914
363.4|1.0|0.7|0.0|0|0.6444963644561363|1.2889927289122691|1.9334890933684055|2.577985457824542
363.6|1.0|0.7|0.0|0|0.07945845562731854|0.15891691125463664|0.23837536688195518|0.3178338225092737
363.8|1.0|0.7|0.0|0|0.47675073581223887|0.9535014716244751|1.4302522074367139|1.9070029432489528
364.0|1.0|0.7|0.0|0|0.08576468307117474|0.17152936614234898|0.2572940492135237|0.34305873228469846
364.2|1.0|0.7|0.0|0|0.7189098400843802|1.4378196801687564|2.1567295202531365|2.8756393603375168
364.4|1.0|0.7|0.0|0|0.508281870723004|1.0165637414460051|1.524845612169009|2.033127482892013
364.6|1.0|0.7|0.0|0|0.5599929287406854|1.1199858574813677|1.679978786222053|2.2399717149627385
364.8|1.0|0.7|0.0|0|0.3985535254934806|0.797107050986959|1.1956605764804396|1.5942141019739202
365.0|1.0|0.7|0.0|0|0.763053426800762|1.5261068536015199|2.2891602804022817|3.0522137072030437
365.2|1.0|0.7|0.0|0|0.8475568653637318|1.6951137307274589|2.542670596091191|3.3902274614549226
365.4|1.0|0.7|0.0|0|0.7882783336361179|1.5765566672722313|2.364835000908349|3.153113334544467
365.6|1.0|0.7|0.0|0|0.31405008762551034|0.6281001752510189|0.9421502628765293|1.2562003505020396
365.8|1.0|0.7|0.0|0|0.42882341424177906|0.8576468284835557|1.2864702427253347|1.7152936569671138
366.0|1.0|0.7|0.0|0|0.9711589076847312|1.9423178153694571|2.9134767230541883|3.8846356307389196
366.2|1.0|0.7|0.0|0|0.9446727549220677|1.88934550984413|2.834018264766198|3.7786910196882655
366.4|1.0|0.7|0.0|0|0.5726053813192998|1.1452107626385966|1.7178161439578963|2.2904215252771962
366.6|1.0|0.7|0.0|0|1.1199858568096543|2.2399717136193025|3.3599575704289566|4.479943427238611
366.8|1.0|0.7|0.0|0|0.6621537996706326|1.3243075993412614|1.986461399011894|2.648615198682527
367.0|1.0|0.7|0.0|0|0.32540129520813965|0.6508025904162774|0.9762038856244171|1.3016051808325568
367.2|1.0|0.7|0.0|0|0.7718821444816428|1.5437642889632814|2.3156464334449245|3.0875285779265673
367.4|1.0|0.7|0.0|0|0.7718821449729155|1.5437642899458268|2.3156464349187424|3.0875285798916576
367.6|1.0|0.7|0.0|0|0.5990915336034964|1.1981830672069895|1.797274600810486|2.3963661344139826
367.8|1.0|0.7|0.0|0|0.8223319579649259|1.644663915929847|2.466995873894773|3.2893278318596986
368.0|1.0|0.7|0.0|0|0.6053977601649245|1.2107955203298457|1.8161932804947702|2.4215910406596945
368.2|1.0|0.7|0.0|0|0.40990473406331185|0.8198094681266214|1.2297142021899332|1.6396189362532452
368.4|1.0|0.7|0.0|0|-0.042882341478252824|-0.08576468295650541|-0.12864702443475823|-0.17152936591301104
368.6|1.0|0.7|0.0|0|0.5095431147213099|1.0190862294426168|1.5286293441639267|2.0381724588852363
368.8|1.0|0.7|0.0|0|0.35314869250403746|0.706297385008073|1.0594460775121104|1.412594770016148
369.0|1.0|0.7|0.0|0|0.5826953435951151|1.1653906871902269|1.7480860307853419|2.330781374380457
369.2|1.0|0.7|0.0|0|0.6684600270912057|1.3369200541824078|2.0053800812736133|2.673840108364819
369.4|1.0|0.7|0.0|0|0.928276565747802|1.856553131495599|2.784829697243401|3.713106262991203
369.6|1.0|0.7|0.0|0|0.7138648589857628|1.4277297179715216|2.141594576957284|2.855459435943047
369.8|1.0|0.7|0.0|0|0.8286381839239045|1.6572763678478046|2.485914551771709|3.3145527356956137
370.0|1.0|0.7|0.0|0|0.809719504053938|1.6194390081078716|2.4291585121618096|3.2388780162157476
370.2|1.0|0.7|0.0|0|0.8034132780891384|1.6068265561782724|2.410239834267411|3.2136531123565493
370.4|1.0|0.7|0.0|0|1.111157139108983|2.2223142782179597|3.3334714173269426|4.444628556435926
370.6|1.0|0.7|0.0|0|1.0909772149537467|2.181954429907487|3.272931644861234|4.3639088598149804
370.8|1.0|0.7|0.0|0|0.3405362404277551|0.6810724808555083|1.0216087212832634|1.3621449617110186
371.0|1.0|0.7|0.0|0|-0.017657434347202086|-0.035314868694404075|-0.05297230304160616|-0.07062973738880825
371.2|1.0|0.7|0.0|0|0.669721272634925|1.3394425452698462|2.009163817904771|2.6788850905396964
371.4|1.0|0.7|0.0|0|1.0834097411407866|2.166819482281567|3.2502292234223535|4.33363896456314
371.6|1.0|0.7|0.0|0|0.10216087234264715|0.2043217446852937|0.3064826170279409|0.40864348937058803
371.8|1.0|0.7|0.0|0|0.2623390293656851|0.5246780587313686|0.7870170880970537|1.0493561174627388
372.0|1.0|0.7|0.0|0|0.011351208678097474|0.022702417356194885|0.03405362603429236|0.04540483471238983
372.2|1.0|0.7|0.0|0|-0.3682836367050189|-0.7365672734100358|-1.1048509101150548|-1.4731345468200736
372.4|1.0|0.7|0.0|0|0.02144117057498081|0.04288234114996149|0.0643235117249423|0.08576468229992311
372.6|1.0|0.7|0.0|0|0.3733286181831503|0.7466572363662985|1.1199858545494488|1.493314472732599
372.8|1.0|0.7|0.0|0|0.6873787075234583|1.3747574150469128|2.062136122570371|2.7495148300938292
373.0|1.0|0.7|0.0|0|0.20432174389541632|0.40864348779083154|0.6129652316862478|0.8172869755816642
373.2|1.0|0.7|0.0|0|0.5751278723293222|1.1502557446586412|1.7253836169879635|2.3005114893172856
373.4|1.0|0.7|0.0|0|0.7327835384546786|1.465567076909353|2.1983506153640318|2.9311341538187103
373.6|1.0|0.7|0.0|0|0.8046745233930421|1.6093490467860798|2.414023570179122|3.218698093572164
373.8|1.0|0.7|0.0|0|-0.16017815708124558|-0.3203563141624903|-0.4805344712437359|-0.6407126283249814
374.0|1.0|0.7|0.0|0|0.5044981338642542|1.0089962677285056|1.5134944015927598|2.017992535457014
374.2|1.0|0.7|0.0|0|0.8399893920635813|1.6799787841271578|2.519968176190739|3.35995756825432
374.4|1.0|0.7|0.0|0|0.6999911599780905|1.3999823199561772|2.0999734799342678|2.799964639912358
374.6|1.0|0.7|0.0|0|0.18035808221146016|0.3607161644229193|0.5410742466343794|0.7214323288458396
374.8|1.0|0.7|0.0|0|0.42630092284758614|0.85260184569517|1.278902768542756|1.7052036913903421
375.0|1.0|0.7|0.0|0|0.46035454744938803|0.9207090948987735|1.3810636423481615|1.8414181897975495
375.2|1.0|0.7|0.0|0|0.24468159474490697|0.4893631894898126|0.7340447842347195|0.9787263789796266
375.4|1.0|0.7|0.0|0|0.08828717357770081|0.17657434715540116|0.264861520733102|0.3531486943108028
375.6|1.0|0.7|0.0|0|0.3405362402740869|0.6810724805481719|1.0216087208222588|1.3621449610963456
375.8|1.0|0.7|0.0|0|-0.056756039702449974|-0.11351207940489963|-0.17026811910734962|-0.2270241588097996
376.0|1.0|0.7|0.0|0|0.15134944000805275|0.3026988800161047|0.45404832002415746|0.6053977600322102
376.2|1.0|0.7|0.0|0|0.08828717348806102|0.17657434697612157|0.2648615204641826|0.3531486939522436
376.4|1.0|0.7|0.0|0|0.3695448827988006|0.7390897655975991|1.1086346483963996|1.4781795311952002
376.6|1.0|0.7|0.0|0|0.5927853069885174|1.1855706139770315|1.7783559209655488|2.371141227954066
376.8|1.0|0.7|0.0|0|-4.464527592062954e-10|-8.929055184125884e-10|-1.3393582776188837e-09|-1.7858110368251792e-09
377.0|1.0|0.7|0.0|0|0.7302610481617746|1.4605220963235452|2.19078314448532|2.9210441926470945
377.2|1.0|0.7|0.0|0|0.34936495802598105|0.6987299160519601|1.0480948740779412|1.3974598321039222
377.4|1.0|0.7|0.0|0|0.3127888430492024|0.625577686098403|0.9383665291476054|1.2511553721968078
377.6|1.0|0.7|0.0|0|0.837466901966837|1.6749338039336694|2.5124007059005065|3.3498676078673437
377.8|1.0|0.7|0.0|0|0.867736789632473|1.7354735792649412|2.603210368897414|3.4709471585298872
378.0|1.0|0.7|0.0|0|0.24468159433512504|0.48936318867024875|0.7340447830053738|0.9787263773404988
378.2|1.0|0.7|0.0|0|0.047927323128096805|0.09585464625619333|0.14378196938429014|0.19170929251238694
378.4|1.0|0.7|0.0|0|0.23459163289808224|0.46918326579616315|0.7037748986942454|0.9383665315923276
378.6|1.0|0.7|0.0|0|0.3279237867245686|0.6558475734491355|0.983771360173704|1.3116951468982727
378.8|1.0|0.7|0.0|0|0.3317075228568868|0.6634150457137717|0.9951225685706585|1.3268300914275453
379.0|1.0|0.7|0.0|0|-0.08450343778124086|-0.16900687556248126|-0.25351031334372215|-0.338013751124963
379.2|1.0|0.7|0.0|0|0.23711412291042527|0.4742282458208492|0.7113423687312745|0.9484564916416998
379.4|1.0|0.7|0.0|0|0.09585464609321215|0.19170929218642377|0.28756393827963594|0.3834185843728481
379.6|1.0|0.7|0.0|0|-0.15765566657180913|-0.31531133314361737|-0.4729669997154265|-0.6306226662872356
379.8|1.0|0.7|0.0|0|0.32414005131518964|0.6482801026303775|0.9724201539455671|1.2965602052607568
380.0|1.0|0.7|0.0|0|0.28378020028641937|0.5675604005728372|0.8513406008592566|1.135120801145676
380.2|1.0|0.7|0.0|0|0.7012524055328692|1.4025048110657345|2.103757216598604|2.805009622131473
380.4|1.0|0.7|0.0|0|0.558731682968792|1.117463365937581|1.676195048906373|2.234926731875165
380.6|1.0|0.7|0.0|0|0.5385517583682672|1.0771035167365315|1.6156552751047988|2.154207033473066
380.8|1.0|0.7|0.0|0|0.7542247102188419|1.5084494204376795|2.2626741306565212|3.0168988408753634
381.0|1.0|0.7|0.0|0|0.8992679231532392|1.7985358463064733|2.6978037694597123|3.5970716926129516
381.2|1.0|0.7|0.0|0|0.8450343733641792|1.6900687467283537|2.535103120092533|3.3801374934567123
381.4|1.0|0.7|0.0|0|0.5549479479278675|1.1098958958557321|1.6648438437835995|2.2197917917114673
381.6|1.0|0.7|0.0|0|0.9585464542137934|1.9170929084275814|2.8756393626413748|3.834185816855168
381.8|1.0|0.7|0.0|0|0.48179571759130385|0.9635914351826049|1.4453871527739088|1.9271828703652127
382.0|1.0|0.7|0.0|0|0.5953077972918986|1.1906155945837942|1.7859233918756927|2.3812311891675915
382.2|1.0|0.7|0.0|0|0.7605309365876026|1.521061873175201|2.2815928097628033|3.042123746350406
382.4|1.0|0.7|0.0|0|0.9484564917528777|1.8969129835057503|2.845369475258628|3.7938259670115055
382.6|1.0|0.7|0.0|0|0.43891337632318067|0.8778267526463589|1.3167401289695395|1.7556535052927202
382.8|1.0|0.7|0.0|0|-0.0037837357970420303|-0.00756747159408404|-0.011351207391126071|-0.0151349431881681
383.0|1.0|0.7|0.0|0|0.24720408590335888|0.49440817180671637|0.7416122577100752|0.9888163436134341
383.2|1.0|0.7|0.0|0|0.3443199763703163|0.6886399527406307|1.032959929110947|1.3772799054812632
383.4|1.0|0.7|0.0|0|-0.16648438398318846|-0.332968767966376|-0.49945315194956447|-0.665937535932753
383.6|1.0|0.7|0.0|0|0.04035985066846482|0.08071970133692942|0.12107955200539425|0.16143940267385906
383.8|1.0|0.7|0.0|0|0.37711235493538003|0.754224709870758|1.131337064806138|1.5084494197415181
384.0|1.0|0.7|0.0|0|0.5675604001688777|1.135120800337752|1.7026812005066296|2.270241600675507
384.2|1.0|0.7|0.0|0|0.2396366136200961|0.4792732272401909|0.718909840860287|0.9585464544803831
384.4|1.0|0.7|0.0|0|0.8223319582501434|1.644663916500282|2.4669958747504257|3.289327833000569
384.6|1.0|0.7|0.0|0|0.4540483200340536|0.9080966400681046|1.3621449601021582|1.8161932801362117
384.8|1.0|0.7|0.0|0|0.5486417207011259|1.0972834414022488|1.6459251621033748|2.1945668828045006
385.0|1.0|0.7|0.0|0|0.5852178365329751|1.170435673065947|1.755653509598922|2.3408713461318973
385.2|1.0|0.7|0.0|0|0.5650379097287083|1.1300758194574134|1.6951137291861216|2.26015163891483
385.4|1.0|0.7|0.0|0|0.4111659784620864|0.8223319569241706|1.233497935386257|1.6446639138483434
385.6|1.0|0.7|0.0|0|0.37206737345259205|0.744134746905182|1.116202120357774|1.488269493810366
385.8|1.0|0.7|0.0|0|0.3708061277895471|0.741612255579092|1.1124183833686392|1.483224511158186
386.0|1.0|0.7|0.0|0|0.59909153495275|1.1981830699054967|1.7972746048582469|2.396366139810997
386.2|1.0|0.7|0.0|0|0.6192714589455869|1.2385429178911704|1.8578143768367572|2.477085835782344
386.4|1.0|0.7|0.0|0|0.3556711836287289|0.7113423672574559|1.0670135508861849|1.4226847345149138
386.6|1.0|0.7|0.0|0|0.4628770381357758|0.9257540762715489|1.3886311144073247|1.8515081525431005
386.8|1.0|0.7|0.0|0|0.5499029658385557|1.0998059316771085|1.6497088975156642|2.19961186335422
387.0|1.0|0.7|0.0|0|-0.008828717233263896|-0.017657434466527743|-0.026486151699791637|-0.035314868933055535
387.2|1.0|0.7|0.0|0|0.30522137066000166|0.6104427413200016|0.9156641119800033|1.220885482640005
387.4|1.0|0.7|0.0|0|0.16143940257083172|0.32287880514166256|0.4843182077124943|0.645757610283326
387.6|1.0|0.7|0.0|0|-0.21062797009362857|-0.421255940187256|-0.6318839102808845|-0.8425118803745132
387.8|1.0|0.7|0.0|0|-0.16774562931270354|-0.33549125862540613|-0.5032368879381097|-0.6709825172508133
388.0|1.0|0.7|0.0|0|0.34558122111542644|0.691162442230851|1.0367436633462774|1.382324884461704
388.2|1.0|0.7|0.0|0|0.7403510113654199|1.4807020227308356|2.2210530340962555|2.9614040454616757
388.4|1.0|0.7|0.0|0|0.4691832652268935|0.9383665304537845|1.407549795680678|1.8767330609075716
388.6|1.0|0.7|0.0|0|0.25981653857335935|0.5196330771467172|0.7794496157200766|1.039266154293436
388.8|1.0|0.7|0.0|0|0.5070206252101348|1.0140412504202667|1.5210618756304015|2.028082500840536
389.0|1.0|0.7|0.0|0|0.7113423687272012|1.4226847374543987|2.1340271061816|2.8453694749088014
389.2|1.0|0.7|0.0|0|0.7554859556542949|1.5109719113085855|2.2664578669628805|3.0219438226171755
389.4|1.0|0.7|0.0|0|0.5120656059222534|1.0241312118445038|1.536196817766757|2.0482624236890103
389.6|1.0|0.7|0.0|0|0.6028752691566484|1.2057505383132934|1.8086258074699417|2.4115010766265903
389.8|1.0|0.7|0.0|0|0.6571088188252184|1.3142176376504333|1.9713264564756519|2.62843527530087
390.0|1.0|0.7|0.0|0|0.5070206244586739|1.014041248917345|1.5210618733760188|2.0280824978346925
390.2|1.0|0.7|0.0|0|0.7756658803409671|1.55133176068193|2.326997641022897|3.1026635213638643
390.4|1.0|0.7|0.0|0|0.5940465518966089|1.1880931037932145|1.7821396556898237|2.3761862075864326
390.6|1.0|0.7|0.0|0|0.7151261036703369|1.4302522073406698|2.1453783110110067|2.8605044146813436
390.8|1.0|0.7|0.0|0|0.3947697897860784|0.7895395795721546|1.184309369358233|1.5790791591443114
391.0|1.0|0.7|0.0|0|0.4199946958036166|0.8399893916072309|1.2599840874108474|1.679978783214464
391.2|1.0|0.7|0.0|0|0.6192714591178816|1.2385429182357597|1.8578143773536413|2.477085836471523
391.4|1.0|0.7|0.0|0|0.47170575541327747|0.9434115108265524|1.41511726623983|1.8868230216531074
391.6|1.0|0.7|0.0|0|0.6028752695815643|1.2057505391631254|1.8086258087446896|2.411501078326254
391.8|1.0|0.7|0.0|0|0.8248544485442115|1.6497088970884184|2.47456334563263|3.2994177941768412
392.0|1.0|0.7|0.0|0|0.4338683956215395|0.8677367912430766|1.3016051868646161|1.7354735824861556
392.2|1.0|0.7|0.0|0|0.6697212714242057|1.3394425428484076|2.0091638142726134|2.6788850856968187
392.4|1.0|0.7|0.0|0|0.22702415965031852|0.45404831930063577|0.6810724789509544|0.9080966386012729
392.6|1.0|0.7|0.0|0|0.7239548210497021|1.4479096420994002|2.171864463149102|2.8958192841988044
392.8|1.0|0.7|0.0|0|0.4061209970200438|0.8122419940400853|1.218362991060129|1.624483988080173
393.0|1.0|0.7|0.0|0|0.8135032398346819|1.6270064796693593|2.4405097195040413|3.254012959338723
393.2|1.0|0.7|0.0|0|0.3342300134379187|0.6684600268758355|1.0026900403137542|1.3369200537516728
393.4|1.0|0.7|0.0|0|0.7340447845938622|1.4680895691877203|2.2021343537815827|2.9361791383754445
393.6|1.0|0.7|0.0|0|0.07315222942444968|0.14630445884889895|0.21945668827334863|0.2926089176977983
393.8|1.0|0.7|0.0|0|0.18540306416340188|0.37080612832680276|0.5562091924902046|0.7416122566536065
394.0|1.0|0.7|0.0|0|0.8790879980823965|1.758175996164788|2.6372639942471845|3.516351992329581
394.2|1.0|0.7|0.0|0|0.7226935767102993|1.4453871534205947|2.1680807301308938|2.8907743068411933
394.4|1.0|0.7|0.0|0|0.5726053806027636|1.145210761205524|1.7178161418082873|2.290421522411051
394.6|1.0|0.7|0.0|0|-0.2169341978477316|-0.433868395695462|-0.6508025935431936|-0.8677367913909252
394.8|1.0|0.7|0.0|0|0.8248544484406019|1.649708896881199|2.474563345321801|3.299417793762403
395.0|1.0|0.7|0.0|0|0.29639265381440083|0.5927853076288|0.8891779614432008|1.1855706152576015
395.2|1.0|0.7|0.0|0|-0.035314869059366205|-0.07062973811873222|-0.10594460717809842|-0.14125947623746463
395.4|1.0|0.7|0.0|0|0.2989151438628326|0.5978302877256636|0.8967454315884962|1.1956605754513288
395.6|1.0|0.7|0.0|0|0.27873521858360645|0.5574704371672113|0.8362056557508177|1.1149408743344242
395.8|1.0|0.7|0.0|0|0.4414358667470519|0.8828717334941013|1.3243076002411531|1.765743466988205
396.0|1.0|0.7|0.0|0|0.6533250831638003|1.306650166327597|1.9599752494913973|2.613300332655198
396.2|1.0|0.7|0.0|0|0.4035985061485557|0.8071970122971092|1.2107955184456647|1.6143940245942205
396.4|1.0|0.7|0.0|0|0.6987299147952587|1.3974598295905136|2.0961897443857724|2.794919659181031
396.6|1.0|0.7|0.0|0|-0.008828717286814943|-0.017657434573629838|-0.02648615186044478|-0.035314869147259724
396.8|1.0|0.7|0.0|0|0.46792201936768874|0.9358440387353749|1.4037660581030638|1.8716880774707525
397.0|1.0|0.7|0.0|0|0.4717057552462215|0.9434115104924404|1.415117265738662|1.8868230209848833
397.2|1.0|0.7|0.0|0|0.4616157917311652|0.9232315834623278|1.384847375193493|1.8464631669246583
397.4|1.0|0.7|0.0|0|0.44521960300859104|0.8904392060171796|1.3356588090257706|1.7808784120343617
397.6|1.0|0.7|0.0|0|0.3481037126912273|0.6962074253824526|1.0443111380736798|1.3924148507649072
397.8|1.0|0.7|0.0|0|0.7226935766235699|1.4453871532471358|2.1680807298707054|2.8907743064942757
398.0|1.0|0.7|0.0|0|0.3846798264444809|0.7693596528889597|1.1540394793334405|1.5387193057779216
398.2|1.0|0.7|0.0|0|0.3783736002200752|0.7567472004401483|1.1351208006602236|1.5134944008802989
398.4|1.0|0.7|0.0|0|0.31909507050178976|0.6381901410035777|0.9572852115053674|1.2763802820071573
398.6|1.0|0.7|0.0|0|-0.003783736334298741|-0.007567472668597461|-0.011351209002896202|-0.015134945337194942
398.8|1.0|0.7|0.0|0|0.1942317816050492|0.38846356321009734|0.5826953448151465|0.7769271264201958
399.0|1.0|0.7|0.0|0|0.39224729892797805|0.7844945978559539|1.1767418967839318|1.56898919571191
399.2|1.0|0.7|0.0|0|8.515780791640289e-10|1.7031561583280531e-09|2.554734237492082e-09|3.4063123166561108e-09
399.4|1.0|0.7|0.0|0|-0.0630622666276759|-0.12612453325535147|-0.1891867998830274|-0.2522490665107033
399.6|1.0|0.7|0.0|0|-0.26486152088560655|-0.5297230417712115|-0.7945845626568181|-1.0594460835424246
399.8|1.0|0.7|0.0|0|0.1841418183135103|0.36828363662701963|0.55242545494053|0.7365672732540403
400.0|1.0|0.7|0.0|0|-0.04288234045903668|-0.08576468091807311|-0.1286470213771098|-0.17152936183614648
400.2|1.0|0.7|0.0|0|0.6974686694564304|1.394937338912857|2.0924060083692875|2.7898746778257175
400.4|1.0|0.7|0.0|0|0.9976450586278234|1.9952901172556412|2.9929351758834644|3.9905802345112877
400.6|1.0|0.7|0.0|0|0.20053800746274664|0.40107601492549216|0.6016140223882388|0.8021520298509854
400.8|1.0|0.7|0.0|0|0.3153113336535173|0.630622667307033|0.9459340009605502|1.2612453346140677
401.0|1.0|0.7|0.0|0|0.2875639373913876|0.5751278747827735|0.862691812174161|1.1502557495655485
401.2|1.0|0.7|0.0|0|0.5423354931175713|1.0846709862351398|1.627006479352711|2.1693419724702823
401.4|1.0|0.7|0.0|0|0.638190140110674|1.2763802802213444|1.9145704203320184|2.5527605604426924
401.6|1.0|0.7|0.0|0|0.07567472003633163|0.15134944007266285|0.22702416010899448|0.3026988801453261
401.8|1.0|0.7|0.0|0|0.7491797281545594|1.4983594563091145|2.247539184463674|2.9967189126182334
402.0|1.0|0.7|0.0|0|0.4767507362982728|0.9535014725965429|1.4302522088948157|1.9070029451930886
402.2|1.0|0.7|0.0|0|0.42882341354212294|0.8576468270842436|1.2864702406263666|1.7152936541684896
402.4|1.0|0.7|0.0|0|0.25981653889466566|0.5196330777893299|0.7794496166839955|1.039266155578661
402.6|1.0|0.7|0.0|0|0.5877403257304109|1.1754806514608185|1.7632209771912295|2.3509613029216405
402.8|1.0|0.7|0.0|0|0.2572940486361042|0.514588097272207|0.7718821459083112|1.0291761945444153
403.0|1.0|0.7|0.0|0|0.6142264782881836|1.2284529565763636|1.8426794348645472|2.4569059131527307
403.2|1.0|0.7|0.0|0|0.6268389316840336|1.2536778633680636|1.8805167950520971|2.507355726736131
403.4|1.0|0.7|0.0|0|0.3644999024749271|0.7289998049498522|1.0934997074247792|1.4579996098997063
403.6|1.0|0.7|0.0|0|-0.4452196031651696|-0.8904392063303368|-1.3356588094955064|-1.780878412660676
403.8|1.0|0.7|0.0|0|0.208105480358354|0.4162109607167068|0.6243164410750609|0.8324219214334149
404.0|1.0|0.7|0.0|0|0.6331451581401057|1.266290316280208|1.8994354744203137|2.5325806325604194
404.2|1.0|0.7|0.0|0|1.0594460807659207|2.1188921615318357|3.178338242297756|4.237784323063677
404.4|1.0|0.7|0.0|0|0.8286381851759513|1.6572763703518982|2.4859145555278497|3.314552740703801
404.6|1.0|0.7|0.0|0|0.8261156930739533|1.652231386147902|2.478347079221855|3.3044627722958086
404.8|1.0|0.7|0.0|0|0.7289998034760362|1.4579996069520684|2.1869994104281045|2.915999213904141
405.0|1.0|0.7|0.0|0|1.0279149478458576|2.0558298956917094|3.083744843537567|4.111659791383425
405.2|1.0|0.7|0.0|0|0.2837802004651169|0.5675604009302322|0.8513406013953492|1.135120801860466
405.4|1.0|0.7|0.0|0|0.37711235386959774|0.7542247077391935|1.1313370616087912|1.508449415478389
405.6|1.0|0.7|0.0|0|0.6533250825328293|1.3066501650656548|1.9599752475984842|2.6133003301313136
405.8|1.0|0.7|0.0|0|0.5637766634870791|1.1275533269741551|1.6913299904612342|2.2551066539483133
406.0|1.0|0.7|0.0|0|0.9547627176647083|1.9095254353294113|2.8642881529941198|3.819050870658828
406.2|1.0|0.7|0.0|0|1.1742194054770527|2.348438810954099|3.5226582164311515|4.696877621908204
406.4|1.0|0.7|0.0|0|0.4931469256652058|0.9862938513304088|1.4794407769956146|1.9725877026608203
406.6|1.0|0.7|0.0|0|0.5410742483986546|1.0821484967973063|1.6232227451959609|2.1642969935946157
406.8|1.0|0.7|0.0|0|0.4401746218593329|0.8803492437186634|1.3205238655779963|1.7606984874373293
407.0|1.0|0.7|0.0|0|0.08324219128873672|0.16648438257747297|0.2497265738662097|0.33296876515494644
407.2|1.0|0.7|0.0|0|0.5246780592884175|1.049356118576832|1.5740341778652494|2.098712237153667
407.4|1.0|0.7|0.0|0|0.2194566883018708|0.43891337660374036|0.6583700649056111|0.8778267532074819
407.6|1.0|0.7|0.0|0|0.23585287754540352|0.47170575509080576|0.7075586326362092|0.9434115101816128
407.8|1.0|0.7|0.0|0|0.3241400503774642|0.6482801007549266|0.9724201511323908|1.296560201509855
408.0|1.0|0.7|0.0|0|0.6936849341634667|1.3873698683269295|2.0810548024903963|2.774739736653863
408.2|1.0|0.7|0.0|0|0.8677367894258358|1.7354735788516666|2.6032103682775025|3.470947157703338
408.4|1.0|0.7|0.0|0|0.2358528778672919|0.47170575573458245|0.7075586336018743|0.9434115114691662
408.6|1.0|0.7|0.0|0|0.4691832643514503|0.938366528702898|1.4075497930543484|1.8767330574057988
408.8|1.0|0.7|0.0|0|0.6987299155839725|1.3974598311679411|2.0961897467519135|2.7949196623358863
409.0|1.0|0.7|0.0|0|0.18792555493419075|0.37585110986838044|0.5637766648025713|0.751702219736762
409.2|1.0|0.7|0.0|0|0.2749514834879667|0.5499029669759319|0.8248544504638986|1.0998059339518653
409.4|1.0|0.7|0.0|0|0.5158493415924027|1.0316986831848025|1.547548024777205|2.0633973663696077
409.6|1.0|0.7|0.0|0|0.33549125956313247|0.6709825191262632|1.0064737786893956|1.341965038252528
409.8|1.0|0.7|0.0|0|0.3733286194293763|0.7466572388587506|1.1199858582881268|1.4933144777175031
410.0|1.0|0.7|0.0|0|-0.4225171861919811|-0.8450343723839598|-1.267551558575941|-1.6900687447679221
410.2|1.0|0.7|0.0|0|-0.0012612449482548992|-0.0025224898965097915|-0.003783734844764691|-0.00504497979301959
410.4|1.0|0.7|0.0|0|0.14882694919186193|0.297653898383723|0.4464808475755849|0.5953077967674468
410.6|1.0|0.7|0.0|0|-0.0630622670362937|-0.12612453407258703|-0.18918680110888073|-0.2522490681451744
410.8|1.0|0.7|0.0|0|0.06432351229363127|0.12864702458726218|0.19297053688089344|0.2572940491745247
411.0|1.0|0.7|0.0|0|0.37837360110075713|0.7567472022015121|1.1351208033022693|1.5134944044030263
411.2|1.0|0.7|0.0|0|-0.10216087181004704|-0.20432174362009353|-0.30648261543014055|-0.4086434872401876
411.4|1.0|0.7|0.0|0|0.3783736008423151|0.7567472016846282|1.1351208025269433|1.5134944033692583
411.6|1.0|0.7|0.0|0|0.530984285253799|1.0619685705075952|1.5929528557613943|2.1239371410151935
411.8|1.0|0.7|0.0|0|0.7189098401914823|1.4378196803829606|2.156729520574443|2.875639360765925
412.0|1.0|0.7|0.0|0|0.7781883705814842|1.556376741162964|2.3345651117444484|3.112753482325932
412.2|1.0|0.7|0.0|0|0.908096640788718|1.8161932815774309|2.724289922366149|3.632386563154867
412.4|1.0|0.7|0.0|0|0.4679220203985464|0.9358440407970903|1.4037660611956366|1.8716880815941832
412.6|1.0|0.7|0.0|0|0.5599929276906191|1.1199858553812352|1.6799787830718544|2.2399717107624735
412.8|1.0|0.7|0.0|0|0.6936849341227214|1.387369868245439|2.0810548023681603|2.7747397364908815
413.0|1.0|0.7|0.0|0|0.12864702398888778|0.25729404797777483|0.3859410719666626|0.5145880959555504
413.2|1.0|0.7|0.0|0|0.3657611460296906|0.7315222920593791|1.0972834380890697|1.4630445841187605
413.4|1.0|0.7|0.0|0|0.38846356310008595|0.7769271262001697|1.1653906893002557|1.5538542524003416
413.6|1.0|0.7|0.0|0|0.06810724864713853|0.1362144972942767|0.20432174594141522|0.2724289945885538
413.8|1.0|0.7|0.0|0|0.3947697883332152|0.7895395766664282|1.1843093649996432|1.5790791533328585
414.0|1.0|0.7|0.0|0|-0.26486152030993276|-0.5297230406198641|-0.7945845609297968|-1.0594460812397295
414.2|1.0|0.7|0.0|0|0.48936319005209994|0.9787263801041972|1.4680895701562973|1.957452760208397
414.4|1.0|0.7|0.0|0|0.45657081122801213|0.9131416224560217|1.3697124336840338|1.826283244912046
414.6|1.0|0.7|0.0|0|-0.3190950686996806|-0.6381901373993594|-0.9572852060990399|-1.2763802747987205
414.8|1.0|0.7|0.0|0|0.244681595391012|0.4893631907820227|0.7340447861730347|0.9787263815640467
415.0|1.0|0.7|0.0|0|0.48179571732471277|0.9635914346494228|1.4453871519741355|1.9271828692988482
415.2|1.0|0.7|0.0|0|1.029176192547312|2.058352385094618|3.08752857764193|4.1167047701892425
415.4|1.0|0.7|0.0|0|0.5978302876383537|1.1956605752767042|1.7934908629150579|2.3913211505534115
415.6|1.0|0.7|0.0|0|0.504498134105816|1.0089962682116291|1.5134944023174453|2.0179925364232614
415.8|1.0|0.7|0.0|0|0.9837713609525244|1.9675427219050434|2.951314082857568|3.935085443810092
416.0|1.0|0.7|0.0|0|0.6634150452888576|1.3268300905777117|1.9902451358665694|2.653660181155427
416.2|1.0|0.7|0.0|0|0.8715205256053021|1.7430410512105994|2.6145615768159014|3.4860821024212036
416.4|1.0|0.7|0.0|0|0.48179571671411436|0.9635914334282261|1.4453871501423405|1.9271828668564548
416.6|1.0|0.7|0.0|0|0.30143763456842887|0.6028752691368561|0.9043129037052849|1.205750538273714
416.8|1.0|0.7|0.0|0|0.02774739771499301|0.055494795429985866|0.08324219314497888|0.11098959085997188
417.0|1.0|0.7|0.0|0|0.30522137136082195|0.6104427427216421|0.9156641140824641|1.220885485443286
417.2|1.0|0.7|0.0|0|-0.07945845602313063|-0.15891691204626082|-0.23837536806939147|-0.3178338240925221
417.4|1.0|0.7|0.0|0|0.44143586739024654|0.8828717347804906|1.3243076021707372|1.7657434695609837
417.6|1.0|0.7|0.0|0|0.519633078402258|1.0392661568045132|1.558899235206771|2.078532313609029
417.8|1.0|0.7|0.0|0|0.7050361407315365|1.410072281463069|2.1151084221946057|2.820144562926142
418.0|1.0|0.7|0.0|0|0.06936849294987048|0.13873698589974057|0.20810547884961106|0.2774739717994815
418.2|1.0|0.7|0.0|0|0.9244928297790475|1.8489856595580896|2.773478489337137|3.6979713191161845
418.4|1.0|0.7|0.0|0|0.34684246684017156|0.6936849336803412|1.0405274005205127|1.3873698673606842
418.6|1.0|0.7|0.0|0|0.5864790807774994|1.1729581615549955|1.7594372423324949|2.345916323109994
418.8|1.0|0.7|0.0|0|0.174051856257138|0.348103712514275|0.522155568771413|0.696207425028551
419.0|1.0|0.7|0.0|0|0.48936318929598244|0.9787263785919622|1.4680895678879446|1.957452757183927
419.2|1.0|0.7|0.0|0|1.440342172214297|2.880684344428586|4.321026516642883|5.76136868885718
419.4|1.0|0.7|0.0|0|0.7504409738612601|1.500881947722516|2.251322921583776|3.0017638954450363
419.6|1.0|0.7|0.0|0|0.5473804749810375|1.0947609499620718|1.6421414249431092|2.189521899924147
419.8|1.0|0.7|0.0|0|0.7315222935040954|1.4630445870081867|2.194566880512282|2.9260891740163775
420.0|1.0|0.7|0.0|0|0.19044804523873626|0.38089609047747147|0.5713441357162077|0.7617921809549439
420.2|1.0|0.7|0.0|0|-0.010089961976627829|-0.020179923953255602|-0.030269885929883427|-0.04035984790651126
420.4|1.0|0.7|0.0|0|0.1576556667784463|0.3153113335568918|0.47296700033533806|0.6306226671137843
420.6|1.0|0.7|0.0|0|0.8248544483940358|1.6497088967880669|2.4745633451821027|3.299417793576138
420.8|1.0|0.7|0.0|0|0.8071970133850125|1.6143940267700205|2.421591040155033|3.2287880535400455
421.0|1.0|0.7|0.0|0|0.5423354933346859|1.084670986669369|1.627006480004055|2.169341973338741
421.2|1.0|0.7|0.0|0|-0.02900864325347359|-0.05801728650694702|-0.08702592976042062|-0.11603457301389421
421.4|1.0|0.7|0.0|0|0.9421502646815506|1.8843005293630959|2.8264507940446464|3.768601058726197
421.6|1.0|0.7|0.0|0|0.276212728598621|0.5524254571972405|0.8286381857958615|1.1048509143944825
421.8|1.0|0.7|0.0|0|0.6356676479452296|1.2713352958904556|1.907002943835685|2.5426705917809147
422.0|1.0|0.7|0.0|0|0.6482801015762385|1.2965602031524734|1.944840304728712|2.5931204063049504
422.2|1.0|0.7|0.0|0|0.035314869528519956|0.0706297390570397|0.10594460858555967|0.1412594781140796
422.4|1.0|0.7|0.0|0|0.5814340986777102|1.1628681973554171|1.7443022960331274|2.325736394710838
422.6|1.0|0.7|0.0|0|0.4704445091862003|0.9408890183723979|1.4113335275585983|1.8817780367447985
422.8|1.0|0.7|0.0|0|0.72899980224378|1.457999604487556|2.1869994067313363|2.915999208975116
423.0|1.0|0.7|0.0|0|0.6318839124374795|1.2637678248749555|1.8956517373124353|2.5275356497499146
423.2|1.0|0.7|0.0|0|0.68233372696559|1.3646674539311763|2.0470011808967663|2.7293349078623566
423.4|1.0|0.7|0.0|0|0.706297386315419|1.412594772630834|2.1188921589462533|2.825189545261672
423.6|1.0|0.7|0.0|0|0.6659375368617481|1.3318750737234926|1.9978126105852405|2.6637501474469887
423.8|1.0|0.7|0.0|0|0.8866554697195541|1.7733109394391033|2.6599664091586575|3.5466218788782116
424.0|1.0|0.7|0.0|0|1.0544011002592752|2.1088022005185447|3.1632033007778197|4.217604401037095
424.2|1.0|0.7|0.0|0|1.0985446866735593|2.1970893733471124|3.2956340600206717|4.394178746694231
424.4|1.0|0.7|0.0|0|0.770620898796479|1.5412417975929538|2.3118626963894324|3.0824835951859115
424.6|1.0|0.7|0.0|0|0.9963838138984292|1.992767627796853|2.9891514416952822|3.9855352555937116
424.8|1.0|0.7|0.0|0|0.8261156948283322|1.6522313896566598|2.478347084484992|3.304462779313324
425.0|1.0|0.7|0.0|0|0.9938613224204172|1.987722644840829|2.9815839672612463|3.9754452896816637
425.2|1.0|0.7|0.0|0|0.4061209971382053|0.8122419942764084|1.2183629914146137|1.624483988552819
425.4|1.0|0.7|0.0|0|0.5473804751789435|1.094760950357884|1.6421414255368274|2.189521900715771
425.6|1.0|0.7|0.0|0|0.5183718325512022|1.0367436651024016|1.555115497653604|2.0734873302048062
425.8|1.0|0.7|0.0|0|0.6495413472893421|1.2990826945786806|1.9486240418680227|2.598165389157365
426.0|1.0|0.7|0.0|0|0.22702416006301085|0.4540483201260204|0.6810724801890312|0.9080966402520421
426.2|1.0|0.7|0.0|0|0.8450343737559167|1.6900687475118288|2.5351031212677455|3.3801374950236625
426.4|1.0|0.7|0.0|0|0.13243076014914562|0.2648615202982905|0.39729228044743614|0.5297230405965817
426.6|1.0|0.7|0.0|0|0.3329687682335501|0.6659375364670983|0.9989063047006483|1.3318750729341984
426.8|1.0|0.7|0.0|0|0.3594549199519682|0.7189098399039344|1.0783647598559027|1.4378196798078708
427.0|1.0|0.7|0.0|0|0.21693419752002246|0.43386839504004376|0.6508025925600662|0.8677367900800886
427.2|1.0|0.7|0.0|0|0.49693066113570283|0.9938613222714029|1.4907919834071057|1.9877226445428087
427.4|1.0|0.7|0.0|0|0.3808960912888873|0.7617921825777725|1.1426882738666597|1.5235843651555472
427.6|1.0|0.7|0.0|0|0.2572940489905889|0.5145880979811763|0.7718821469717652|1.029176195962354
427.8|1.0|0.7|0.0|0|0.7239548226771882|1.4479096453543725|2.171864468031561|2.895819290708749
428.0|1.0|0.7|0.0|0|1.1880931050208174|2.376186210041628|3.564279315062446|4.7523724200832635
428.2|1.0|0.7|0.0|0|0.9888163416605684|1.9776326833211313|2.9664490249816997|3.9552653666422684
428.4|1.0|0.7|0.0|0|0.5549479480827|1.1098958961653969|1.6648438442480966|2.219791792330797
428.6|1.0|0.7|0.0|0|0.9812488690810287|1.9624977381620519|2.9437466072430807|3.924995476324109
428.8|1.0|0.7|0.0|0|0.5398130035708896|1.0796260071417763|1.6194390107126657|2.1592520142835556
429.0|1.0|0.7|0.0|0|0.544857984859264|1.089715969718525|1.634573954577789|2.179431939437053
429.2|1.0|0.7|0.0|0|0.9068353954050697|1.8136707908101346|2.7205061862152045|3.627341581620274
429.4|1.0|0.7|0.0|0|0.6508025928464491|1.3016051856928945|1.9524077785393437|2.603210371385793
429.6|1.0|0.7|0.0|0|0.17279061031295|0.3455812206258991|0.5183718309388491|0.6911624412517992
429.8|1.0|0.7|0.0|0|0.39098605349077875|0.7819721069815554|1.1729581604723343|1.563944213963113
430.0|1.0|0.7|0.0|0|1.2713352966995455|2.542670593399084|3.81400589009863|5.085341186798175
430.2|1.0|0.7|0.0|0|0.9232315842120451|1.846463168424085|2.76969475263613|3.692926336848175
430.4|1.0|0.7|0.0|0|0.44143586632155385|0.8828717326431053|1.324307598964659|1.765743465286213
430.6|1.0|0.7|0.0|0|0.648280101108249|1.2965602022164942|1.9448403033247432|2.5931204044329923
430.8|1.0|0.7|0.0|0|0.40107601676543747|0.8021520335308726|1.2032280502963102|1.6043040670617477
431.0|1.0|0.7|0.0|0|1.107373402810773|2.2147468056215396|3.3221202084323127|4.429493611243085
431.2|1.0|0.7|0.0|0|0.5625154184416175|1.1250308368832318|1.6875462553248493|2.2500616737664667
431.4|1.0|0.7|0.0|0|0.9522402265551508|1.9044804531102963|2.856720679665447|3.808960906220598
431.6|1.0|0.7|0.0|0|0.4590933019993831|0.9181866039987636|1.3772799059981466|1.8363732079975297
431.8|1.0|0.7|0.0|0|0.6356676487071679|1.2713352974143322|1.9070029461215|2.542670594828668
432.0|1.0|0.7|0.0|0|0.12107955254381533|0.24215910508763|0.3632386576314453|0.48431821017526067
432.2|1.0|0.7|0.0|0|-0.209366725824075|-0.41873345164814885|-0.6281001774722239|-0.8374669032962989
432.4|1.0|0.7|0.0|0|0.06306226641172549|0.12612453282345062|0.18918679923517612|0.2522490656469016
432.6|1.0|0.7|0.0|0|0.3808960913127524|0.7617921826255027|1.1426882739382551|1.5235843652510077
432.8|1.0|0.7|0.0|0|0.3266625416057653|0.6533250832115287|0.9799876248172941|1.3066501664230594
433.0|1.0|0.7|0.0|0|0.6835949715768226|1.3671899431536414|2.050784914730464|2.734379886307287
433.2|1.0|0.7|0.0|0|0.6419738749292452|1.2839477498584868|1.925921624787732|2.567895499716977
433.4|1.0|0.7|0.0|0|0.9017904133291458|1.8035808266582865|2.705371239987432|3.607161653316578
433.6|1.0|0.7|0.0|0|0.9648526806931486|1.9297053613862918|2.8945580420794403|3.859410722772589
433.8|1.0|0.7|0.0|0|0.39981477160530665|0.7996295432106111|1.1994443148159177|1.5992590864212244
434.0|1.0|0.7|0.0|0|0.7378285204758874|1.4756570409517706|2.213485561427658|2.9513140819035457
434.2|1.0|0.7|0.0|0|0.3909860541275706|0.781972108255139|1.1729581623827097|1.5639442165102801
434.4|1.0|0.7|0.0|0|0.7378285200917168|1.4756570401834297|2.2134855602751466|2.9513140803668634
434.6|1.0|0.7|0.0|0|0.7453959920420318|1.4907919840840596|2.236187976126091|2.981583968168123
434.8|1.0|0.7|0.0|0|0.3127888426237044|0.6255776852474071|0.9383665278711114|1.2511553704948157
435.0|1.0|0.7|0.0|0|0.13999823175952783|0.2799964635190549|0.4199946952785827|0.5599929270381105
435.2|1.0|0.7|0.0|0|0.277473973213346|0.5549479464266904|0.8324219196400364|1.1098958928533824
435.4|1.0|0.7|0.0|0|0.4111659788957335|0.8223319577914647|1.2334979366871983|1.6446639155829317
435.6|1.0|0.7|0.0|0|0.06306226716900716|0.12612453433801396|0.1891868015070211|0.25224906867602825
435.8|1.0|0.7|0.0|0|-0.1513494399748744|-0.3026988799497479|-0.45404831992462236|-0.6053977598994967
436.0|1.0|0.7|0.0|0|0.30017638947931147|0.6003527789586213|0.9005291684379327|1.200705557917244
436.2|1.0|0.7|0.0|0|0.25477155698754383|0.5095431139750862|0.7643146709626301|1.0190862279501738
436.4|1.0|0.7|0.0|0|0.5410742482234496|1.0821484964468961|1.6232227446703458|2.1642969928937954
436.6|1.0|0.7|0.0|0|0.3607161649799676|0.7214323299599332|1.0821484949399007|1.4428646599198685
436.8|1.0|0.7|0.0|0|0.2799964639300017|0.5599929278600019|0.8399893917900036|1.1199858557200053
437.0|1.0|0.7|0.0|0|0.6911624430690433|1.3823248861380826|2.073487329207126|2.764649772276169
437.2|1.0|0.7|0.0|0|0.5032368884328757|1.0064737768657486|1.5097106652986243|2.0129475537315002
437.4|1.0|0.7|0.0|0|0.5120656061661434|1.024131212332284|1.5361968184984274|2.048262424664571
437.6|1.0|0.7|0.0|0|0.5423354943591407|1.0846709887182786|1.6270064830774194|2.16934197743656
437.8|1.0|0.7|0.0|0|0.4250396774121331|0.8500793548242639|1.275119032236397|1.70015870964853
438.0|1.0|0.7|0.0|0|0.9093578858923873|1.8187157717847697|2.728073657677157|3.6374315435695443
438.2|1.0|0.7|0.0|0|0.23585287701978835|0.4717057540395754|0.7075586310593638|0.9434115080791521
438.4|1.0|0.7|0.0|0|0.8891779605951168|1.7783559211902287|2.6675338817853453|3.5567118423804622
438.6|1.0|0.7|0.0|0|0.22828540591697694|0.45657081183395265|0.6848562177509295|0.9131416236679065
438.8|1.0|0.7|0.0|0|0.46035454688943034|0.9207090937788581|1.3810636406682884|1.8414181875577187
439.0|1.0|0.7|0.0|0|0.6066590059368178|1.2133180118736322|1.81997701781045|2.426636023747268
439.2|1.0|0.7|0.0|0|0.7920620699314175|1.5841241398628305|2.376186209794248|3.1682482797256655
439.4|1.0|0.7|0.0|0|0.5953077976987703|1.1906155953975373|1.7859233930963074|2.3812311907950776
439.6|1.0|0.7|0.0|0|0.320356314784149|0.6407126295682962|0.9610689443524452|1.2814252591365942
439.8|1.0|0.7|0.0|0|0.6835949718271156|1.3671899436542272|2.050784915481343|2.7343798873084584
440.0|1.0|0.7|0.0|0|0.4464808484801328|0.8929616969602632|1.339442545440396|1.7859233939205288
440.2|1.0|0.7|0.0|0|0.2825189544697062|0.5650379089394107|0.847556863409117|1.130075817878823
440.4|1.0|0.7|0.0|0|0.2963926534744681|0.5927853069489345|0.8891779604234026|1.1855706138978706
440.6|1.0|0.7|0.0|0|0.40107601710653434|0.8021520342130665|1.2032280513196008|1.6043040684261352
440.8|1.0|0.7|0.0|0|0.26233902969048384|0.5246780593809662|0.78701708907145|1.0493561187619338
441.0|1.0|0.7|0.0|0|0.2951314080500745|0.5902628161001474|0.8853942241502218|1.1805256322002964
441.2|1.0|0.7|0.0|0|0.49945315150194847|0.9989063030038942|1.4983594545058425|1.997812606007791
441.4|1.0|0.7|0.0|0|-0.1677456290344709|-0.3354912580689409|-0.5032368871034119|-0.6709825161378827
441.6|1.0|0.7|0.0|0|0.6180102136236388|1.2360204272472741|1.854030640870913|2.472040854494552
441.8|1.0|0.7|0.0|0|0.17026811989780996|0.340536239795619|0.510804359693429|0.681072479591239
442.0|1.0|0.7|0.0|0|0.10846709906240004|0.21693419812479947|0.3254012971871995|0.43386839624959955
442.2|1.0|0.7|0.0|0|0.16648438474221636|0.33296876948443177|0.49945315422664815|0.6659375389688645
442.4|1.0|0.7|0.0|0|0.5007143975293734|1.001428795058744|1.5021431925881175|2.002857590117491
442.6|1.0|0.7|0.0|0|0.6243164403893757|1.2486328807787481|1.8729493211681238|2.4972657615574994
442.8|1.0|0.7|0.0|0|0.3922472989856036|0.784494597971205|1.1767418969568086|1.5689891959424123
443.0|1.0|0.7|0.0|0|0.5473804751987341|1.0947609503974651|1.6421414255961992|2.1895219007949334
443.2|1.0|0.7|0.0|0|0.6104427422845043|1.2208854845690051|1.8313282268535096|2.441770969138014
443.4|1.0|0.7|0.0|0|0.5890015709336154|1.1780031418672274|1.7670047128008428|2.3560062837344584
443.6|1.0|0.7|0.0|0|1.1363820462592422|2.272764092518478|3.40914613877772|4.545528185036963
443.8|1.0|0.7|0.0|0|0.3569324293482353|0.7138648586964687|1.070797288044704|1.4277297173929393
444.0|1.0|0.7|0.0|0|0.32792378665646565|0.6558475733129295|0.9837713599693952|1.3116951466258608
444.2|1.0|0.7|0.0|0|0.41999469614762386|0.8399893922952454|1.2599840884428692|1.679978784590493
444.4|1.0|0.7|0.0|0|0.04792732177709699|0.09585464355419372|0.1437819653312907|0.1917092871083877
444.6|1.0|0.7|0.0|0|0.13873698722629355|0.2774739744525863|0.4162109616788799|0.5549479489051734
444.8|1.0|0.7|0.0|0|-0.020179925030097384|-0.04035985006019466|-0.060539775090292035|-0.08071970012038943
445.0|1.0|0.7|0.0|0|-0.007567471869406297|-0.015134943738812552|-0.02270241560821885|-0.030269887477625147
445.2|1.0|0.7|0.0|0|0.36071616617904545|0.7214323323580888|1.0821484985371344|1.4428646647161798
445.4|1.0|0.7|0.0|0|0.4767507363233021|0.9535014726466016|1.4302522089699037|1.9070029452932058
445.6|1.0|0.7|0.0|0|0.6066590050613746|1.2133180101227459|1.8199770151841204|2.426636020245495
445.8|1.0|0.7|0.0|0|0.42630092274805104|0.8526018454960997|1.2789027682441507|1.7052036909922017
446.0|1.0|0.7|0.0|0|0.7529634642659228|1.5059269285318413|2.258890392797764|3.011853857063687
446.2|1.0|0.7|0.0|0|0.851340601215489|1.7026812024309734|2.5540218036464624|3.4053624048619513
446.4|1.0|0.7|0.0|0|0.5574704386934177|1.1149408773868323|1.67241131608025|2.229881754773668
446.6|1.0|0.7|0.0|0|0.5700828904751694|1.1401657809503356|1.7102486714255047|2.2803315619006743
446.8|1.0|0.7|0.0|0|0.3127888436359356|0.6255776872718695|0.9383665309078051|1.2511553745437407
447.0|1.0|0.7|0.0|0|0.5852178353432106|1.1704356706864179|1.7556535060296283|2.340871341372839
447.2|1.0|0.7|0.0|0|0.47422824642795647|0.9484564928559103|1.4226847392838669|1.8969129857118232
447.4|1.0|0.7|0.0|0|0.07567472082853789|0.15134944165707537|0.22702416248561327|0.3026988833141512
447.6|1.0|0.7|0.0|0|0.4212559408182282|0.8425118816364541|1.2637678224546822|1.6850237632729104
447.8|1.0|0.7|0.0|0|0.4010760164784737|0.8021520329569451|1.2032280494354188|1.6043040659138925
448.0|1.0|0.7|0.0|0|0.1702681196527557|0.34053623930551047|0.5108043589582661|0.6810724786110219
448.2|1.0|0.7|0.0|0|0.8223319571418695|1.6446639142837345|2.466995871425604|3.2893278285674734
448.4|1.0|0.7|0.0|0|0.5713441365817566|1.1426882731635102|1.7140324097452668|2.2853765463270235
448.6|1.0|0.7|0.0|0|0.42503967714437785|0.8500793542887534|1.2751190314331313|1.7001587085775092
448.8|1.0|0.7|0.0|0|0.2572940470941833|0.5145880941883652|0.7718821412825484|1.0291761883767316
449.0|1.0|0.7|0.0|0|0.5120656054728902|1.0241312109457774|1.5361968164186677|2.048262421891558
449.2|1.0|0.7|0.0|0|-0.007567472397931858|-0.015134944795863674|-0.022702417193795534|-0.03026988959172739
449.4|1.0|0.7|0.0|0|0.33675250400323453|0.6735050080064672|1.0102575120097017|1.3470100160129361
449.6|1.0|0.7|0.0|0|0.2711677467706616|0.5423354935413216|0.8135032403119832|1.0846709870826448
449.8|1.0|0.7|0.0|0|0.47927322798525024|0.9585464559704978|1.4378196839557482|1.9170929119409983
450.0|1.0|0.7|0.0|0|0.07062973874388269|0.141259477487765|0.21188921623164766|0.28251895497553037
450.2|1.0|0.7|0.0|0|-0.08324219200119849|-0.1664843840023965|-0.24972657600359502|-0.3329687680047935
450.4|1.0|0.7|0.0|0|0.7201710858324083|1.4403421716648126|2.1605132574972212|2.880684343329629
450.6|1.0|0.7|0.0|0|0.19423178175406083|0.38846356350812056|0.5826953452621814|0.7769271270162422
450.8|1.0|0.7|0.0|0|0.19170929202518908|0.3834185840503771|0.5751278760755661|0.7668371681007553
451.0|1.0|0.7|0.0|0|0.07567472100374295|0.15134944200748549|0.22702416301122844|0.3026988840149714
451.2|1.0|0.7|0.0|0|0.1866643097606722|0.3733286195213434|0.5599929292820156|0.7466572390426878
451.4|1.0|0.7|0.0|0|0.7542247100762332|1.508449420152462|2.262674130228695|3.016898840304928
451.6|1.0|0.7|0.0|0|0.5284617951617115|1.0569235903234202|1.5853853854851316|2.113847180646843
451.8|1.0|0.7|0.0|0|0.3354912591294854|0.6709825182589689|1.0064737773884544|1.3419650365179399
452.0|1.0|0.7|0.0|0|0.63692889374157|1.2738577874831365|1.9107866812247065|2.5477155749662765
452.2|1.0|0.7|0.0|0|0.4351296404312601|0.8702592808625179|1.305388921293778|1.7405185617250383
452.4|1.0|0.7|0.0|0|0.5297230403684084|1.059446080736814|1.5891691211052223|2.1188921614736307
452.6|1.0|0.7|0.0|0|0.16522313908790254|0.33044627817580413|0.49566941726370667|0.6608925563516092
452.8|1.0|0.7|0.0|0|0.22954665020748527|0.45909330041496926|0.6886399506224545|0.9181866008299399
453.0|1.0|0.7|0.0|0|0.7504409736191162|1.5008819472382282|2.2513229208573446|3.001763894476461
453.2|1.0|0.7|0.0|0|0.7933233150123858|1.5866466300247672|2.379969945037153|3.173293260049539
453.4|1.0|0.7|0.0|0|0.9623301904834816|1.9246603809669578|2.8869905714504394|3.849320761933921
453.6|1.0|0.7|0.0|0|0.04414358654001266|0.08828717308002508|0.13243075962003772|0.17657434616005038
453.8|1.0|0.7|0.0|0|0.2245016688783655|0.4490033377567298|0.6735050066350953|0.8980066755134608
454.0|1.0|0.7|0.0|0|0.12486328856728517|0.24972657713456964|0.3745898657018548|0.49945315426913994
454.2|1.0|0.7|0.0|0|0.4742282460315623|0.948456492063122|1.4226847380946843|1.8969129841262464
454.4|1.0|0.7|0.0|0|0.29639265436329904|0.5927853087265964|0.8891779630898955|1.1855706174531946
454.6|1.0|0.7|0.0|0|0.5751278726290917|1.15025574525818|1.7253836178872717|2.3005114905163633
454.8|1.0|0.7|0.0|0|-0.050449813612503974|-0.10089962722500767|-0.15134944083751165|-0.20179925445001562
455.0|1.0|0.7|0.0|0|0.565037909521489|1.1300758190429747|1.6951137285644637|2.2601516380859525
455.2|1.0|0.7|0.0|0|0.623055195283378|1.2461103905667528|1.8691655858501308|2.492220781133509
455.4|1.0|0.7|0.0|0|0.5877403258840792|1.175480651768155|1.7632209776522343|2.3509613035363133
455.6|1.0|0.7|0.0|0|0.4969306615524697|0.9938613231049366|1.4907919846574063|1.987722646209876
455.8|1.0|0.7|0.0|0|0.3657611470151463|0.7315222940302906|1.0972834410454368|1.4630445880605831
456.0|1.0|0.7|0.0|0|0.6129652319470194|1.2259304638940351|1.8388956958410545|2.451860927788074
456.2|1.0|0.7|0.0|0|0.628100176955923|1.2562003539118427|1.8843005308677656|2.512400707823689
456.4|1.0|0.7|0.0|0|0.42630092343722975|0.8526018468744571|1.2789027703116869|1.7052036937489166
456.6|1.0|0.7|0.0|0|0.10216087219538177|0.20432174439076295|0.30648261658614473|0.40864348878152645
456.8|1.0|0.7|0.0|0|-0.6432351199089322|-1.286470239817861|-1.9297053597267932|-2.5729404796357254
457.0|1.0|0.7|0.0|0|-0.14882694927451678|-0.2976538985490328|-0.4464808478235496|-0.5953077970980664
457.2|1.0|0.7|0.0|0|0.279996464760043|0.5599929295200844|0.8399893942801274|1.1199858590401703
457.4|1.0|0.7|0.0|0|0.5095431150251538|1.0190862300503047|1.5286293450754587|2.0381724601006126
457.6|1.0|0.7|0.0|0|0.3392749951221052|0.6785499902442085|1.0178249853663137|1.357099980488419
457.8|1.0|0.7|0.0|0|0.394769789760467|0.7895395795209318|1.1843093692813988|1.5790791590418658
458.0|1.0|0.7|0.0|0|0.07567471994436353|0.15134943988872662|0.22702415983309016|0.3026988797774537
458.2|1.0|0.7|0.0|0|0.07441347496991518|0.14882694993982995|0.22324042490974513|0.2976538998796603
458.4|1.0|0.7|0.0|0|0.3417974849895112|0.6835949699790204|1.0253924549685316|1.3671899399580427
458.6|1.0|0.7|0.0|0|0.34936495801026496|0.698729916020528|1.048094874030793|1.397459832041058
458.8|1.0|0.7|0.0|0|0.21188921604072694|0.4237784320814527|0.6356676481221797|0.8475568641629065
459.0|1.0|0.7|0.0|0|0.4931469258217844|0.9862938516435661|1.4794407774653504|1.9725877032871348
459.2|1.0|0.7|0.0|0|0.3392749950615692|0.6785499901231365|1.0178249851847059|1.357099980246275
459.4|1.0|0.7|0.0|0|1.069536044615089|2.1390720892301722|3.208608133845261|4.27814417846035
459.6|1.0|0.7|0.0|0|0.35314869329799|0.706297386595978|1.059446079893968|1.412594773191958
459.8|1.0|0.7|0.0|0|0.6205327047471662|1.2410654094943288|1.8615981142414948|2.482130818988661
460.0|1.0|0.7|0.0|0|-0.08828717272088406|-0.17657434544176762|-0.2648615181626517|-0.35314869088353573
460.2|1.0|0.7|0.0|0|0.2951314081047897|0.5902628162095778|0.8853942243143674|1.180525632419157
460.4|1.0|0.7|0.0|0|0.26738401079201163|0.5347680215840218|0.8021520323760334|1.069536043168045
460.6|1.0|0.7|0.0|0|0.2837802010955059|0.5675604021910101|0.8513406032865161|1.135120804382022
460.8|1.0|0.7|0.0|0|-0.2509878212877086|-0.5019756425754157|-0.7529634638631243|-1.003951285150833
461.0|1.0|0.7|0.0|0|0.05044981387152807|0.10089962774305586|0.1513494416145839|0.201799255486112
461.2|1.0|0.7|0.0|0|0.6470188564626739|1.2940377129253442|1.941056569388018|2.588075425850692
461.4|1.0|0.7|0.0|0|0.828638184618322|1.6572763692366395|2.485914553854961|3.3145527384732834
461.6|1.0|0.7|0.0|0|1.320523864523276|2.641047729046545|3.9615715935698206|5.282095458093097
461.8|1.0|0.7|0.0|0|0.47170575481897725|0.943411509637952|1.4151172644569292|1.8868230192759066
462.0|1.0|0.7|0.0|0|1.097283440103057|2.1945668802061076|3.2918503203091647|4.389133760412221
462.2|1.0|0.7|0.0|0|0.5890015710995072|1.1780031421990111|1.7670047132985183|2.3560062843980254
462.4|1.0|0.7|0.0|0|0.5713441366562625|1.1426882733125219|1.7140324099687843|2.285376546625047
462.6|1.0|0.7|0.0|0|0.07819721051200766|0.15639442102401488|0.23459163153602253|0.3127888420480302
462.8|1.0|0.7|0.0|0|0.8614305624901325|1.7228611249802601|2.5842916874703925|3.445722249960525
463.0|1.0|0.7|0.0|0|0.7693596538453137|1.5387193076906232|2.3080789615359367|3.0774386153812503
463.2|1.0|0.7|0.0|0|0.7479184836882639|1.4958369673765237|2.2437554510647875|2.9916739347530514
463.4|1.0|0.7|0.0|0|0.452787074700464|0.9055741494009254|1.3583612241013894|1.8111482988018532
463.6|1.0|0.7|0.0|0|0.6634150461381074|1.3268300922762113|1.9902451384143187|2.653660184552426
463.8|1.0|0.7|0.0|0|0.5486417193833045|1.097283438766606|1.6459251581499104|2.194566877533215
464.0|1.0|0.7|0.0|0|0.6571088202757533|1.3142176405515031|1.9713264608272565|2.62843528110301
464.2|1.0|0.7|0.0|0|0.6167489688651409|1.2334979377302784|1.8502469065954192|2.4669958754605603
464.4|1.0|0.7|0.0|0|0.72899980318558|1.457999606371156|2.186999409556736|2.915999212742316
464.6|1.0|0.7|0.0|0|0.6583700647304074|1.316740129460811|1.9751101941912184|2.6334802589216255
464.8|1.0|0.7|0.0|0|0.6911624427489012|1.3823248854977983|2.0734873282466997|2.7646497709956006
465.0|1.0|0.7|0.0|0|0.8324219203629771|1.6648438407259496|2.4972657610889266|3.3296876814519036
465.2|1.0|0.7|0.0|0|0.3342300140968294|0.6684600281936569|1.0026900422904863|1.3369200563873158
465.4|1.0|0.7|0.0|0|0.7857558431272634|1.5715116862545226|2.357267529381786|3.1430233725090497
465.6|1.0|0.7|0.0|0|0.8702592804864988|1.7405185609729927|2.6107778414594915|3.4810371219459904
465.8|1.0|0.7|0.0|0|-0.02396366143191701|-0.04792732286383389|-0.0718909842957509|-0.09585464572766791
466.0|1.0|0.7|0.0|0|1.0304374382557588|2.0608748765115124|3.091312314767271|4.12174975302303
466.2|1.0|0.7|0.0|0|1.1048509126441797|2.209701825288353|3.314552737932533|4.4194036505767125
466.4|1.0|0.7|0.0|0|0.6987299153849023|1.3974598307698007|2.096189746154703|2.7949196615396055
466.6|1.0|0.7|0.0|0|0.42377843274211086|0.8475568654842193|1.2713352982263302|1.695113730968441
466.8|1.0|0.7|0.0|0|0.6596313091629423|1.319262618325881|1.9788939274888233|2.6385252366517657
467.0|1.0|0.7|0.0|0|0.5536867011437431|1.107373402287483|1.661060103431226|2.214746804574969
467.2|1.0|0.7|0.0|0|0.3203563157434112|0.6407126314868207|0.961068947230232|1.2814252629736431
467.4|1.0|0.7|0.0|0|0.5486417203082242|1.0972834406164453|1.6459251609246697|2.194566881232894
467.6|1.0|0.7|0.0|0|0.037837361170095424|0.07567472234019064|0.11351208351028606|0.1513494446803815
467.8|1.0|0.7|0.0|0|0.8109807495761204|1.6219614991522364|2.4329422487283567|3.2439229983044773
468.0|1.0|0.7|0.0|0|0.05549479454581165|0.11098958909162299|0.16648438363743465|0.2219791781832463
468.2|1.0|0.7|0.0|0|0.4628770373575393|0.9257540747150761|1.3886311120726156|1.8515081494301548
468.4|1.0|0.7|0.0|0|0.34558122210961334|0.6911624442192247|1.036743666328838|1.3823248884384514
468.6|1.0|0.7|0.0|0|-0.3014376338594596|-0.6028752677189175|-0.9043129015783771|-1.2057505354378366
468.8|1.0|0.7|0.0|0|0.32792378714133547|0.6558475742826692|0.9837713614240047|1.31169514856534
469.0|1.0|0.7|0.0|0|0.31657257937476996|0.6331451587495383|0.9497177381243082|1.2662903174990783
469.2|1.0|0.7|0.0|0|1.0594460811227338|2.1188921622454613|3.178338243368195|4.237784324490929
469.4|1.0|0.7|0.0|0|0.6432351201871649|1.2864702403743262|1.929705360561491|2.572940480748656
469.6|1.0|0.7|0.0|0|1.0619685700192358|2.123937140038466|3.1859057100577015|4.247874280076937
469.8|1.0|0.7|0.0|0|0.4439583572128326|0.8879167144256627|1.3318750716384953|1.775833428851328
470.0|1.0|0.7|0.0|0|0.2913476723362694|0.5826953446725373|0.8740430170088067|1.165390689345076
470.2|1.0|0.7|0.0|0|0.19297053634538333|0.38594107269076555|0.5789116090361489|0.7718821453815322
470.4|1.0|0.7|0.0|0|0.8185482218395926|1.6370964436791806|2.4556446655187734|3.2741928873583657
470.6|1.0|0.7|0.0|0|0.4035985072772022|0.8071970145544022|1.2107955218316044|1.6143940291088066
470.8|1.0|0.7|0.0|0|0.4994531525613279|0.998906305122653|1.498359457683981|1.9978126102453089
471.0|1.0|0.7|0.0|0|0.8601693175581757|1.7203386351163465|2.5805079526745223|3.440677270232698
471.2|1.0|0.7|0.0|0|0.5650379093101952|1.1300758186203872|1.6951137279305823|2.2601516372407775
471.4|1.0|0.7|0.0|0|0.18918680072645674|0.37837360145291243|0.5675604021793692|0.7567472029058259
471.6|1.0|0.7|0.0|0|0.05549479504872584|0.11098959009745138|0.16648438514617722|0.22197918019490306
471.8|1.0|0.7|0.0|0|0.19549302668601756|0.39098605337203407|0.5864790800580516|0.7819721067440693
472.0|1.0|0.7|0.0|0|0.48557945437147326|0.9711589087429439|1.456738363114417|1.9423178174858904
472.2|1.0|0.7|0.0|0|0.8135032409447019|1.6270064818893994|2.4405097228341015|3.2540129637788033
472.4|1.0|0.7|0.0|0|0.2837802002194806|0.5675604004389596|0.8513406006584402|1.1351208008779208
472.6|1.0|0.7|0.0|0|0.24594284029211871|0.49188568058423604|0.7378285208763548|0.9837713611684734
472.8|1.0|0.7|0.0|0|0.18918680009432154|0.378373600188642|0.5675604002829636|0.7567472003772852
473.0|1.0|0.7|0.0|0|0.6936849342484499|1.387369868496896|2.0810548027453457|2.7747397369937956
473.2|1.0|0.7|0.0|0|0.2333303869800877|0.46666077396017414|0.6999911609402618|0.9333215479203495
473.4|1.0|0.7|0.0|0|0.6735050080681692|1.3470100161363345|2.020515024204504|2.6940200322726726
473.6|1.0|0.7|0.0|0|0.7025136515224591|1.4050273030449143|2.107540954567374|2.8100546060898326
473.8|1.0|0.7|0.0|0|0.5335067761508986|1.067013552301794|1.6005203284526928|2.1340271046035912
474.0|1.0|0.7|0.0|0|1.2662903164455213|2.5325806328910354|3.798870949336557|5.065161265782078
474.2|1.0|0.7|0.0|0|0.40990473332174626|0.8198094666434902|1.2297141999652366|1.6396189332869826
474.4|1.0|0.7|0.0|0|0.6432351198710973|1.286470239742191|1.9297053596132883|2.5729404794843855
474.6|1.0|0.7|0.0|0|0.28504144575097623|0.5700828915019509|0.8551243372529271|1.1401657830039034
474.8|1.0|0.7|0.0|0|0.5297230402356949|1.059446080471387|1.589169120707082|2.118892160942777
475.0|1.0|0.7|0.0|0|0.9383665288478378|1.8767330576956702|2.815099586543508|3.753466115391346
475.2|1.0|0.7|0.0|0|0.7353060296009069|1.4706120592018095|2.2059180888027163|2.9412241184036234
475.4|1.0|0.7|0.0|0|0.9888163416960751|1.9776326833921447|2.96644902508822|3.9552653667842947
475.6|1.0|0.7|0.0|0|0.18414181925298198|0.3682836385059629|0.5524254577589449|0.7365672770119268
475.8|1.0|0.7|0.0|0|0.44269711318193045|0.8853942263638584|1.3280913395457887|1.7707884527277193
476.0|1.0|0.7|0.0|0|-0.013873698727693421|-0.027747397455386767|-0.041621096183080186|-0.05549479491077361
476.2|1.0|0.7|0.0|0|0.5108043600083333|1.021608720016664|1.532413080024997|2.0432174400333305
476.4|1.0|0.7|0.0|0|0.1399982321535937|0.2799964643071866|0.4199946964607803|0.559992928614374
476.6|1.0|0.7|0.0|0|0.7113423683273147|1.4226847366546254|2.13402710498194|2.8453694733092547
476.8|1.0|0.7|0.0|0|0.12864702410181064|0.25729404820362056|0.38594107230543123|0.5145880964072419
477.0|1.0|0.7|0.0|0|0.31026635220332566|0.6205327044066495|0.9307990566099752|1.2410654088133009
477.2|1.0|0.7|0.0|0|-0.2497265757073185|-0.4994531514146356|-0.749179727121954|-0.9989063028292725
477.4|1.0|0.7|0.0|0|0.9307990570832052|1.8615981141664053|2.7923971712496103|3.7231962283328155
477.6|1.0|0.7|0.0|0|0.6747662537620641|1.3495325075241247|2.0242987612861887|2.699065015048253
477.8|1.0|0.7|0.0|0|-0.21693419707706219|-0.43386839415412315|-0.6508025912311853|-0.8677367883082475
478.0|1.0|0.7|0.0|0|0.32035631540929926|0.6407126308185968|0.9610689462278961|1.2814252616371953
478.2|1.0|0.7|0.0|0|0.46161579258914615|0.9232315851782897|1.3848473777674357|1.846463170356582
478.4|1.0|0.7|0.0|0|0.6192714583576895|1.2385429167153756|1.8578143750730651|2.477085833430755
478.6|1.0|0.7|0.0|0|0.2358528775983725|0.4717057551967437|0.7075586327951162|0.9434115103934887
478.8|1.0|0.7|0.0|0|0.3607161650614583|0.7214323301229146|1.082148495184373|1.4428646602458313
479.0|1.0|0.7|0.0|0|0.5435967394296317|1.0871934788592605|1.6307902182888923|2.174386957718524
479.2|1.0|0.7|0.0|0|0.18288057404919544|0.36576114809838983|0.5486417221475853|0.7315222961967808
479.4|1.0|0.7|0.0|0|1.1477332542580563|2.2954665085161063|3.4431997627741624|4.590933017032219
479.6|1.0|0.7|0.0|0|0.18035808227665273|0.36071616455330446|0.5410742468299572|0.7214323291066099
479.8|1.0|0.7|0.0|0|0.5486417200352303|1.0972834400704576|1.645925160105688|2.194566880140918
480.0|1.0|0.7|0.0|0|0.6634150460048119|1.32683009200962|1.990245138014432|2.6536601840192438
480.2|1.0|0.7|0.0|0|0.4817957167408899|0.9635914334817771|1.445387150222667|1.927182866963557
480.4|1.0|0.7|0.0|0|0.2711677469813733|0.542335493962745|0.8135032409441184|1.0846709879254917
480.6|1.0|0.7|0.0|0|0.3468424673593839|0.6936849347187659|1.0405274020781499|1.3873698694375336
480.8|1.0|0.7|0.0|0|0.23963661359855926|0.4792732271971172|0.7189098407956764|0.9585464543942357
481.0|1.0|0.7|0.0|0|0.09333215452381417|0.18666430904762785|0.27999646357144203|0.3733286180952562
481.2|1.0|0.7|0.0|0|0.7996295425680008|1.5992590851359971|2.3988886277039976|3.1985181702719987
481.4|1.0|0.7|0.0|0|0.44648084841261193|0.8929616968252213|1.3394425452378333|1.7859233936504453
481.6|1.0|0.7|0.0|0|0.7592696904367774|1.5185393808735506|2.277809071310328|3.0370787617471056
481.8|1.0|0.7|0.0|0|0.7542247100773972|1.5084494201547904|2.2626741302321878|3.016898840309585
482.0|1.0|0.7|0.0|0|0.2144117064704189|0.42882341294083665|0.6432351194112556|0.8576468258816745
482.2|1.0|0.7|0.0|0|0.7567472001293215|1.5134944002586388|2.27024160038796|3.026988800517282
482.4|1.0|0.7|0.0|0|0.3216175598080738|0.6432351196161459|0.9648526794242198|1.2864702392322935
482.6|1.0|0.7|0.0|0|0.5511642109585232|1.1023284219170435|1.6534926328755666|2.2046568438340897
482.8|1.0|0.7|0.0|0|0.2636002750310584|0.5272005500621152|0.7908008250931736|1.054401100124232
483.0|1.0|0.7|0.0|0|0.3405362409929515|0.6810724819859011|1.0216087229788526|1.3621449639718042
483.2|1.0|0.7|0.0|0|0.18288057360914553|0.36576114721829|0.5486417208274356|0.7315222944365811
483.4|1.0|0.7|0.0|0|0.7794496158522095|1.5588992317044146|2.3383488475566243|3.1177984634088336
483.6|1.0|0.7|0.0|0|0.59783028806618|1.1956605761323567|1.7934908641985368|2.391321152264717
483.8|1.0|0.7|0.0|0|0.0693684934545309|0.13873698690906142|0.2081054803635923|0.2774739738181232
484.0|1.0|0.7|0.0|0|0.36576114683470257|0.7315222936694031|1.0972834405041056|1.4630445873388083
484.2|1.0|0.7|0.0|0|0.45404832139029205|0.9080966427805817|1.3621449641708736|1.8161932855611658
484.4|1.0|0.7|0.0|0|0.5499029658973454|1.099805931794688|1.6497088976920333|2.1996118635893787
484.6|1.0|0.7|0.0|0|0.16648438376607388|0.3329687675321468|0.4994531512982207|0.6659375350642947
484.8|1.0|0.7|0.0|0|0.09837713681743489|0.19675427363486925|0.2951314104523041|0.393508547269739
485.0|1.0|0.7|0.0|0|0.45909330093069045|0.9181866018613783|1.3772799027920688|1.8363732037227591
485.2|1.0|0.7|0.0|0|0.4439583578519527|0.887916715703903|1.3318750735558558|1.7758334314078084
485.4|1.0|0.7|0.0|0|0.8437731277948486|1.6875462555896925|2.531319383384541|3.3750925111793895
485.6|1.0|0.7|0.0|0|0.6230551949865191|1.2461103899730346|1.8691655849595536|2.4922207799460727
485.8|1.0|0.7|0.0|0|0.437652131969226|0.8753042639384495|1.3129563959076755|1.7506085278769015
486.0|1.0|0.7|0.0|0|0.3670223920705033|0.7340447841410046|1.1010671762115078|1.4680895682820112
486.2|1.0|0.7|0.0|0|0.38467982650501686|0.7693596530100316|1.1540394795150486|1.5387193060200655
486.4|1.0|0.7|0.0|0|0.20810548015404512|0.4162109603080891|0.6243164404621342|0.8324219206161793
486.6|1.0|0.7|0.0|0|0.27873521857080075|0.5574704371415999|0.8362056557124007|1.1149408742832014
486.8|1.0|0.7|0.0|0|0.6608925551868748|1.321785110373746|1.9826776655606209|2.643570220747496
487.0|1.0|0.7|0.0|0|0.6634150460083044|1.326830092016605|1.9902451380249093|2.653660184033214
487.2|1.0|0.7|0.0|0|0.7567472002940492|1.5134944005880941|2.2702416008821436|3.0269888011761927
487.4|1.0|0.7|0.0|0|0.9673751707415803|1.9347503414831553|2.902125512224736|3.869500682966316
487.6|1.0|0.7|0.0|0|-0.21819544242345748|-0.43639088484691374|-0.6545863272703712|-0.8727817696938287
487.8|1.0|0.7|0.0|0|0.7807108618423815|1.5614217236847587|2.3421325855271404|3.122843447369522
488.0|1.0|0.7|0.0|0|0.02144117101386657|0.04288234202773302|0.0643235130415996|0.08576468405546617
488.2|1.0|0.7|0.0|0|0.5221555694838758|1.0443111389677486|1.5664667084516244|2.0886222779355
488.4|1.0|0.7|0.0|0|0.9219703388330535|1.8439406776661018|2.7659110164991554|3.687881355332209
488.6|1.0|0.7|0.0|0|0.20936672560812458|0.418733451216248|0.6281001768243726|0.8374669024324972
488.8|1.0|0.7|0.0|0|0.4313459040230377|0.8626918080460729|1.2940377120691107|1.7253836160921483
489.0|1.0|0.7|0.0|0|0.2648615207971309|0.5297230415942603|0.7945845623913912|1.0594460831885222
489.2|1.0|0.7|0.0|0|0.5171105869754687|1.0342211739509346|1.5513317609264035|2.0684423479018723
489.4|1.0|0.7|0.0|0|0.33423001360031807|0.6684600272006342|1.0026900408009523|1.3369200544012705
489.6|1.0|0.7|0.0|0|0.4792732269322737|0.9585464538645447|1.4378196807968184|1.9170929077290921
489.8|1.0|0.7|0.0|0|0.9875550971156927|1.9751101942313798|2.9626652913470726|3.950220388462765
490.0|1.0|0.7|0.0|0|0.6785499898198766|1.3570999796397494|2.0356499694596257|2.7141999592795023
490.2|1.0|0.7|0.0|0|0.6205327048851182|1.2410654097702332|1.8615981146553513|2.4821308195404694
490.4|1.0|0.7|0.0|0|0.6394513838866266|1.2789027677732496|1.918354151659876|2.557805535546503
490.6|1.0|0.7|0.0|0|0.6760274994856451|1.3520549989712864|2.0280824984569317|2.704109997942577
490.8|1.0|0.7|0.0|0|0.5473804757877956|1.0947609515755883|1.6421414273633839|2.1895219031511797
491.0|1.0|0.7|0.0|0|1.1540394800010847|2.3080789600021627|3.4621184400032474|4.616157920004332
491.2|1.0|0.7|0.0|0|0.5511642110982217|1.1023284221964402|1.6534926332946618|2.2046568443928836
491.4|1.0|0.7|0.0|0|0.002522490110713991|0.005044980221427967|0.007567470332141959|0.010089960442855948
491.6|1.0|0.7|0.0|0|0.8399893920047915|1.6799787840095783|2.5199681760143697|3.359957568019161
491.8|1.0|0.7|0.0|0|0.33423001369286826|0.6684600273857346|1.0026900410786028|1.336920054771471
492.0|1.0|0.7|0.0|0|0.43260714984848203|0.8652142996969616|1.2978214495454437|1.7304285993939257
492.2|1.0|0.7|0.0|0|0.25477155823435194|0.5095431164687024|0.7643146747030544|1.0190862329374062
492.4|1.0|0.7|0.0|0|0.35440993875789023|0.7088198775157785|1.0632298162736686|1.417639755031559
492.6|1.0|0.7|0.0|0|0.1563944216043457|0.3127888432086905|0.4691832648130362|0.6255776864173819
492.8|1.0|0.7|0.0|0|0.32792378705460606|0.6558475741092104|0.9837713611638164|1.3116951482184225
493.0|1.0|0.7|0.0|0|-0.19044804534409213|-0.3808960906881832|-0.5713441360322753|-0.7617921813763674
493.2|1.0|0.7|0.0|0|0.12612453409470628|0.2522490681894119|0.37837360228411815|0.5044981363788245
493.4|1.0|0.7|0.0|0|-0.11855706160480632|-0.237114123209612|-0.35567118481441834|-0.4742282464192247
493.6|1.0|0.7|0.0|0|0.18792555560357885|0.37585111120715664|0.5637766668107356|0.7517022224143144
493.8|1.0|0.7|0.0|0|0.030269887615577345|0.06053977523115452|0.09080966284673186|0.12107955046230921
494.0|1.0|0.7|0.0|0|0.015134943340090117|0.03026988668018015|0.045404830020270265|0.060539773360360385
494.2|1.0|0.7|0.0|0|0.3745898640935778|0.7491797281871536|1.1237695922807314|1.4983594563743092
494.4|1.0|0.7|0.0|0|0.6873787070828263|1.374757414165649|2.062136121248475|2.7495148283313013
494.6|1.0|0.7|0.0|0|0.26864525611337764|0.5372905122267538|0.8059357683401315|1.074581024453509
494.8|1.0|0.7|0.0|0|0.7617921821621719|1.5235843643243396|2.2853765464865115|3.0471687286486833
495.0|1.0|0.7|0.0|0|0.6735050076199701|1.3470100152399365|2.020515022859907|2.694020030479877
495.2|1.0|0.7|0.0|0|0.4603545467212102|0.9207090934424178|1.381063640163628|1.8414181868848383
495.4|1.0|0.7|0.0|0|0.2270241607731443|0.4540483215462873|0.6810724823194316|0.908096643092576
495.6|1.0|0.7|0.0|0|0.3115275978471621|0.6230551956943224|0.9345827935414845|1.2461103913886467
495.8|1.0|0.7|0.0|0|0.6079202515416551|1.2158405030833068|1.823760754624962|2.431681006166617
496.0|1.0|0.7|0.0|0|0.5612541733455151|1.122508346691027|1.683762520036542|2.2450166933820572
496.2|1.0|0.7|0.0|0|0.2610777841683014|0.5221555683366013|0.7832333525049027|1.044311136673204
496.4|1.0|0.7|0.0|0|0.2547715574759061|0.5095431149518108|0.7643146724277169|1.019086229903623
496.6|1.0|0.7|0.0|0|0.6470188566582517|1.2940377133164995|1.9410565699747513|2.5880754266330026
496.8|1.0|0.7|0.0|0|0.6760274987685267|1.3520549975370497|2.0280824963055766|2.704109995074103
497.0|1.0|0.7|0.0|0|0.3695448828651573|0.7390897657303126|1.10863464859547|1.4781795314606272
497.2|1.0|0.7|0.0|0|0.21945668766973558|0.43891337533947|0.6583700630092055|0.8778267506789411
497.4|1.0|0.7|0.0|0|0.7504409743711592|1.5008819487423142|2.2513229231134733|3.001763897484633
497.6|1.0|0.7|0.0|0|0.41494971411710174|0.8298994282342013|1.244849142351303|1.6597988564684047
497.8|1.0|0.7|0.0|0|0.3821573364839427|0.7643146729678832|1.146472009451826|1.5286293459357687
498.0|1.0|0.7|0.0|0|0.8538630904647296|1.7077261809294546|2.561589271394184|3.4154523618589137
498.2|1.0|0.7|0.0|0|0.6873787063622154|1.374757412724427|2.0621361190866425|2.749514825448858
498.4|1.0|0.7|0.0|0|0.34684246703051064|0.6936849340610193|1.04052740109153|1.3873698681220406
498.6|1.0|0.7|0.0|0|-0.17657434659369772|-0.35314869318739445|-0.5297230397810921|-0.7062973863747899
498.8|1.0|0.7|0.0|0|0.5700828912615549|1.1401657825231064|1.7102486737846614|2.2803315650462164
499.0|1.0|0.7|0.0|0|0.3872023176477527|0.7744046352955033|1.161606952943256|1.5488092705910086
499.2|1.0|0.7|0.0|0|0.8917004511057174|1.7834009022114299|2.6751013533171473|3.5668018044228647
499.4|1.0|0.7|0.0|0|0.8349444113369108|1.6698888226738169|2.5048332340107273|3.339777645347638
499.6|1.0|0.7|0.0|0|0.21945668839674928|0.43891337679349735|0.6583700651902467|0.8778267535869959
499.8|1.0|0.7|0.0|0|0.7138648597581784|1.4277297195163527|2.1415945792745315|2.8554594390327095
500.0|1.0|0.7|0.0|0|0.6117039876681525|1.2234079753363016|1.8351119630044541|2.446815950672607
500.2|1.0|0.7|0.0|0|0.877826751944377|1.755653503888749|2.633480255833126|3.511307007777503
500.4|1.0|0.7|0.0|0|0.9963838145614144|1.9927676291228233|2.989151443684238|3.9855352582456525
500.6|1.0|0.7|0.0|0|0.8753042622673101|1.7506085245346152|2.6259127868019254|3.5012170490692354
500.8|1.0|0.7|0.0|0|0.5990915344801038|1.1981830689602042|1.7972746034403082|2.396366137920412
501.0|1.0|0.7|0.0|0|0.4704445111419777|0.9408890222839528|1.4113335334259305|1.8817780445679082
501.2|1.0|0.7|0.0|0|0.7353060292376911|1.470612058475378|2.205918087713069|2.9412241169507602
501.4|1.0|0.7|0.0|0|0.5751278733392251|1.150255746678447|1.7253836200176722|2.3005114933568973
501.6|1.0|0.7|0.0|0|0.46539952933671924|0.9307990586734359|1.3961985880101553|1.8615981173468745
501.8|1.0|0.7|0.0|0|0.46666077294852626|0.93332154589705|1.3999823188455762|1.8666430917941024
502.0|1.0|0.7|0.0|0|0.6697212722874253|1.3394425445748468|2.009163816862272|2.678885089149697
502.2|1.0|0.7|0.0|0|0.3531486933096315|0.7062973866192611|1.0594460799288925|1.412594773238524
502.4|1.0|0.7|0.0|0|0.3102663525124083|0.620532705024815|0.9307990575372233|1.2410654100496317
502.6|1.0|0.7|0.0|0|0.7416122554300825|1.483224510860161|2.2248367662902435|2.966449021720326
502.8|1.0|0.7|0.0|0|0.26738401072158036|0.5347680214431593|0.8021520321647396|1.0695360428863199
503.0|1.0|0.7|0.0|0|1.0720585332869097|2.144117066573813|3.2161755998607227|4.288234133147633
503.2|1.0|0.7|0.0|0|0.3216175598744306|0.6432351197488594|0.96485267962329|1.2864702394977205
503.4|1.0|0.7|0.0|0|0.6016140243544947|1.2032280487089861|1.8048420730634809|2.4064560974179754
503.6|1.0|0.7|0.0|0|0.9560239632765305|1.9120479265530557|2.8680718898295865|3.8240958531061167
503.8|1.0|0.7|0.0|0|0.2270241602131866|0.45404832042637194|0.6810724806395586|0.9080966408527452
504.0|1.0|0.7|0.0|0|0.13243075991689704|0.26486151983379336|0.3972922797506904|0.5297230396675875
504.2|1.0|0.7|0.0|0|0.334230013303459|0.6684600266069162|1.002690039910375|1.3369200532138341
504.4|1.0|0.7|0.0|0|1.0720585339155524|2.1441170678310986|3.216175601746651|4.288234135662203
504.6|1.0|0.7|0.0|0|0.6255776856391463|1.2511553712782892|1.8767330569174356|2.502310742556582
504.8|1.0|0.7|0.0|0|0.5423354932968509|1.084670986593699|1.62700647989055|2.1693419731874006
505.0|1.0|0.7|0.0|0|0.4780119824886792|0.9560239649773558|1.434035947466035|1.9120479299547142
505.2|1.0|0.7|0.0|0|0.7517022189864663|1.5034044379729283|2.2551066569593945|3.0068088759458607
505.4|1.0|0.7|0.0|0|0.3783736007532574|0.7567472015065126|1.13512080225977|1.5134944030130275
505.6|1.0|0.7|0.0|0|0.9434115094406306|1.886823018881256|2.8302345283218866|3.773646037762517
505.8|1.0|0.7|0.0|0|0.2812577096157477|0.5625154192314938|0.8437731288472415|1.1250308384629892
506.0|1.0|0.7|0.0|0|0.9207090937113398|1.8414181874226745|2.7621272811340143|3.682836374845354
506.2|1.0|0.7|0.0|0|0.5246780593728185|1.0493561187456342|1.5740341781184528|2.0987122374912714
506.4|1.0|0.7|0.0|0|0.31278884299797965|0.6255776859959575|0.9383665289939372|1.2511553719919168
506.6|1.0|0.7|0.0|0|0.7617921818769544|1.5235843637539046|2.285376545630859|3.047168727507813
506.8|1.0|0.7|0.0|0|0.20306049891631137|0.4061209978326216|0.609181496748933|0.8122419956652444
507.0|1.0|0.7|0.0|0|-0.18288057317840883|-0.36576114635681667|-0.5486417195352254|-0.7315222927136343
507.2|1.0|0.7|0.0|0|0.026486152244033317|0.05297230448806648|0.0794584567320998|0.10594460897613311
507.4|1.0|0.7|0.0|0|-0.18161932752293086|-0.36323865504586067|-0.5448579825687916|-0.7264773100917223
507.6|1.0|0.7|0.0|0|0.41242722562456074|0.8248544512491192|1.2372816768736798|1.6497089024982408
507.8|1.0|0.7|0.0|0|0.3808960916625805|0.7617921833251589|1.1426882749877394|1.52358436665032
508.0|1.0|0.7|0.0|0|0.1488269497267903|0.29765389945357984|0.4464808491803701|0.5953077989071605
508.2|1.0|0.7|0.0|0|0.354409938809113|0.708819877618224|1.0632298164273368|1.41763975523645
508.4|1.0|0.7|0.0|0|0.3632386567216603|0.7264773134433185|1.0897159701649788|1.4529546268866391
508.6|1.0|0.7|0.0|0|0.016396189635852366|0.03279237927170464|0.04918856890755701|0.06558475854340938
508.8|1.0|0.7|0.0|0|0.4855794536188482|0.9711589072376937|1.4567383608565418|1.94231781447539
509.0|1.0|0.7|0.0|0|0.5902628166350774|1.1805256332701515|1.7707884499052289|2.3610512665403065
509.2|1.0|0.7|0.0|0|0.5890015709429286|1.1780031418858539|1.7670047128287825|2.3560062837717113
509.4|1.0|0.7|0.0|0|0.7428735013923149|1.4857470027846256|2.2286205041769405|2.971494005569255
509.6|1.0|0.7|0.0|0|0.29513140871888055|0.5902628174377594|0.88539422615664|1.1805256348755204
509.8|1.0|0.7|0.0|0|0.8626918082538767|1.7253836165077485|2.5880754247616253|3.450767233015502
510.0|1.0|0.7|0.0|0|1.075842269550777|2.151684539101548|3.227526808652325|4.303369078203103
510.2|1.0|0.7|0.0|0|0.5713441354897809|1.1426882709795587|1.7140324064693397|2.2853765419591205
510.4|1.0|0.7|0.0|0|0.08198094632185537|0.16396189264371028|0.24594283896556565|0.32792378528742105
510.6|1.0|0.7|0.0|0|1.0115187580272331|2.0230375160544605|3.034556274081694|4.046075032108927
510.8|1.0|0.7|0.0|0|0.7819721068529186|1.5639442137058328|2.3459163205587514|3.12788842741167
511.0|1.0|0.7|0.0|0|0.7971070508949931|1.5942141017899818|2.391321152684975|3.188428203579968
511.2|1.0|0.7|0.0|0|0.7819721069670056|1.563944213934007|2.3459163209010128|3.1278884278680184
511.4|1.0|0.7|0.0|0|0.38341858157073183|0.7668371631414616|1.1502557447121933|1.533674326282925
511.6|1.0|0.7|0.0|0|0.7542247094382771|1.50844941887655|2.2626741283148273|3.0168988377531045
511.8|1.0|0.7|0.0|0|0.2799964649212782|0.5599929298425549|0.839989394763833|1.1199858596851113
512.0|1.0|0.7|0.0|0|0.900529168062495|1.8010583361249848|2.7015875041874797|3.602116672249975
512.2|1.0|0.7|0.0|0|0.6470188558968953|1.2940377117937871|1.9410565676906826|2.588075423587578
512.4|1.0|0.7|0.0|0|0.7390897654427687|1.4781795308855334|2.2172692963283023|2.956359061771071
512.6|1.0|0.7|0.0|0|0.920709093560582|1.8414181871211588|2.7621272806817405|3.6828363742423225
512.8|1.0|0.7|0.0|0|0.7340447840315762|1.4680895680631483|2.2021343520947245|2.9361791361263005
513.0|1.0|0.7|0.0|0|0.22071793415176236|0.4414358683035235|0.6621538024552859|0.8828717366070482
513.2|1.0|0.7|0.0|0|0.7882783337612643|1.5765566675225242|2.3648350012837884|3.153113335045053
513.4|1.0|0.7|0.0|0|1.02286996583338|2.045739931666754|3.068609897500134|4.091479863333514
513.6|1.0|0.7|0.0|0|0.5587316826824104|1.1174633653648176|1.676195048047228|2.2349267307296383
513.8|1.0|0.7|0.0|0|0.7239548222726451|1.447909644545286|2.171864466817931|2.8958192890905763
514.0|1.0|0.7|0.0|0|0.35440993867930987|0.7088198773586177|1.0632298160379277|1.4176397547172375
514.2|1.0|0.7|0.0|0|0.6255776852712739|1.2511553705425444|1.8767330558138182|2.5023107410850924
514.4|1.0|0.7|0.0|0|0.021441170509788228|0.04288234101957633|0.06432351152936457|0.08576468203915279
514.6|1.0|0.7|0.0|0|0.5284617948945384|1.0569235897890739|1.5853853846836121|2.1138471795781504
514.8|1.0|0.7|0.0|0|0.6167489684739854|1.2334979369479675|1.8502469054219528|2.466995873895938
515.0|1.0|0.7|0.0|0|-0.3115275977412241|-0.6230551954824466|-0.9345827932236708|-1.246110390964895
515.2|1.0|0.7|0.0|0|0.40738224308937826|0.8147644861787542|1.2221467292681325|1.6295289723575106
515.4|1.0|0.7|0.0|0|1.1969218226283567|2.3938436452567067|3.5907654678850633|4.78768729051342
515.6|1.0|0.7|0.0|0|0.6180102136102511|1.2360204272204987|1.8540306408307496|2.472040854441001
515.8|1.0|0.7|0.0|0|0.16648438386444483|0.3329687677288887|0.4994531515933336|0.6659375354577783
516.0|1.0|0.7|0.0|0|0.3935085440566767|0.7870170881133511|1.180525632170028|1.5740341762267045
516.2|1.0|0.7|0.0|0|0.596569042372285|1.1931380847445667|1.7897071271168516|2.3862761694891366
516.4|1.0|0.7|0.0|0|0.1538719300803497|0.30774386016069855|0.4616157902410482|0.6154877203213979
516.6|1.0|0.7|0.0|0|0.25477155764354414|0.5095431152870868|0.764314672930631|1.0190862305741752
516.8|1.0|0.7|0.0|0|0.4792732264113151|0.9585464528226275|1.4378196792339426|1.9170929056452577
517.0|1.0|0.7|0.0|0|0.13873698757379327|0.2774739751475858|0.4162109627213791|0.5549479502951724
517.2|1.0|0.7|0.0|0|0.6129652324906789|1.2259304649813543|1.8388956974720332|2.451860929962712
517.4|1.0|0.7|0.0|0|0.7592696901032475|1.5185393802064908|2.2778090703097384|3.0370787604129856
517.6|1.0|0.7|0.0|0|0.2812577099085322|0.5625154198170629|0.8437731297255952|1.1250308396341273
517.8|1.0|0.7|0.0|0|0.5562091925402642|1.1124183850805254|1.6686275776207897|2.224836770161054
518.0|1.0|0.7|0.0|0|0.7517022194893804|1.5034044389787566|2.2551066584681374|3.0068088779575177
518.2|1.0|0.7|0.0|0|0.1185570618545172|0.23711412370903373|0.35567118556355093|0.4742282474180681
518.4|1.0|0.7|0.0|0|0.6243164403724956|1.2486328807449876|1.8729493211174832|2.4972657614899787
518.6|1.0|0.7|0.0|0|0.49819190752925396|0.9963838150585052|1.4945757225877592|1.992767630117013
518.8|1.0|0.7|0.0|0|0.8601693180709852|1.7203386361419657|2.5805079542129508|3.4406772722839363
519.0|1.0|0.7|0.0|0|0.33044627765950313|0.6608925553190044|0.9913388329785074|1.3217851106380105
519.2|1.0|0.7|0.0|0|0.27747397400788054|0.5549479480157595|0.8324219220236402|1.1098958960315206
519.4|1.0|0.7|0.0|0|0.4843182091822386|0.9686364183644746|1.4529546275467131|1.9372728367289518
519.6|1.0|0.7|0.0|0|0.7706208989484009|1.5412417978967976|2.3118626968451985|3.0824835957935997
519.8|1.0|0.7|0.0|0|0.5587316829967317|1.1174633659934603|1.6761950489901922|2.2349267319869237
520.0|1.0|0.7|0.0|0|0.812241995600053|1.6244839912001012|2.436725986800154|3.248967982400207
520.2|1.0|0.7|0.0|0|0.8765655067289488|1.7531310134578928|2.6296965201868416|3.5062620269157905
520.4|1.0|0.7|0.0|0|0.4212559409980899|0.8425118819961774|1.2637678229942673|1.685023763992357
520.6|1.0|0.7|0.0|0|0.558731682915241|1.117463365830479|1.67619504874572|2.234926731660961
520.8|1.0|0.7|0.0|0|0.292608917593607|0.5852178351872124|0.8778267527808195|1.1704356703744263
521.0|1.0|0.7|0.0|0|0.3935085449437614|0.7870170898875207|1.180525634831282|1.5740341797750435
521.2|1.0|0.7|0.0|0|0.559992928008433|1.119985856016863|1.679978784025296|2.239971712033729
521.4|1.0|0.7|0.0|0|-0.055494794533005966|-0.11098958906601163|-0.1664843835990176|-0.22197917813202356
521.6|1.0|0.7|0.0|0|0.46161579267820385|0.9232315853564051|1.384847378034609|1.8464631707128127
521.8|1.0|0.7|0.0|0|0.6243164407665615|1.2486328815331194|1.8729493222996807|2.4972657630662423
522.0|1.0|0.7|0.0|0|0.7794496167136828|1.5588992334273615|2.338348850141044|3.1177984668547274
522.2|1.0|0.7|0.0|0|0.2711677470750876|0.5423354941501738|0.8135032412252614|1.084670988300349
522.4|1.0|0.7|0.0|0|0.1778355919773459|0.35567118395469083|0.5335067759320368|0.7113423679093827
522.6|1.0|0.7|0.0|0|0.8954841866565411|1.7909683733130772|2.6864525599696183|3.5819367466261594
522.8|1.0|0.7|0.0|0|0.6129652321973122|1.2259304643946212|1.8388956965919334|2.4518609287892454
523.0|1.0|0.7|0.0|0|1.4050273021811166|2.8100546043622256|4.215081906543342|5.620109208724458
523.2|1.0|0.7|0.0|0|1.485747003204889|2.97149400640977|4.457241009614659|5.942988012819548
523.4|1.0|0.7|0.0|0|0.7466572374373215|1.493314474874639|2.2399717123119607|2.986628949749282
523.6|1.0|0.7|0.0|0|0.6533250832388882|1.3066501664777728|1.959975249716661|2.613300332955549
523.8|1.0|0.7|0.0|0|0.28756393667252295|0.5751278733450443|0.8626918100175672|1.1502557466900902
524.0|1.0|0.7|0.0|0|0.17657434721710177|0.35314869443420255|0.5297230416513043|0.7062973888684061
524.2|1.0|0.7|0.0|0|-0.25981653793365717|-0.5196330758673129|-0.7794496138009701|-1.0392661517346273
524.4|1.0|0.7|0.0|0|-0.02900864263880069|-0.05801728527760122|-0.08702592791640192|-0.11603457055520261
524.6|1.0|0.7|0.0|0|0.19549302709463534|0.3909860541892696|0.586479081283905|0.7819721083785404
524.8|1.0|0.7|0.0|0|0.05044981332728644|0.1008996266545726|0.15134943998185904|0.20179925330914547
525.0|1.0|0.7|0.0|0|0.3834185822925068|0.7668371645850115|1.1502557468775183|1.5336743291700252
525.2|1.0|0.7|0.0|0|0.11855706029047734|0.23711412058095402|0.35567118087143135|0.4742282411619087
525.4|1.0|0.7|0.0|0|0.4326071498438254|0.8652142996876484|1.297821449531474|1.7304285993752992
525.6|1.0|0.7|0.0|0|0.5120656060654442|1.0241312121308854|1.5361968181963297|2.048262424261774
525.8|1.0|0.7|0.0|0|0.7731433904008015|1.5462867808015988|2.3194301712024004|3.092573561603202
526.0|1.0|0.7|0.0|0|0.36071616549568747|0.7214323309913729|1.0821484964870605|1.4428646619827479
526.2|1.0|0.7|0.0|0|0.6192714599007746|1.2385429198015458|1.8578143797023203|2.477085839603095
526.4|1.0|0.7|0.0|0|1.1893543504615092|2.3787087009230117|3.568063051384521|4.7574174018460305
526.6|1.0|0.7|0.0|0|0.8021520325506579|1.6043040651013114|2.406456097651969|3.2086081302026273
526.8|1.0|0.7|0.0|0|0.6558475735661347|1.3116951471322658|1.9675427206984004|2.623390294264535
527.0|1.0|0.7|0.0|0|0.26107778399949916|0.5221555679989969|0.7832333519984961|1.0443111359979953
527.2|1.0|0.7|0.0|0|0.8223319581203403|1.644663916240676|2.4669958743610163|3.2893278324813564
527.4|1.0|0.7|0.0|0|0.8664755440800226|1.7329510881600403|2.5994266322400628|3.4659021763200855
527.6|1.0|0.7|0.0|0|0.32161756019631893|0.6432351203926361|0.964852680588955|1.286470240785274
527.8|1.0|0.7|0.0|0|0.6003527782851603|1.2007055565703173|1.8010583348554774|2.4014111131406377
528.0|1.0|0.7|0.0|0|0.6886399534635718|1.3772799069271398|2.0659198603907116|2.754559813854283
528.2|1.0|0.7|0.0|0|0.5940465527970815|1.1880931055941597|1.7821396583912412|2.3761862111883225
528.4|1.0|0.7|0.0|0|0.25351031224592613|0.5070206244918508|0.7605309367377769|1.014041248983703
528.6|1.0|0.7|0.0|0|0.12234079768008098|0.24468159536016126|0.36702239304024226|0.48936319072032325
528.8|1.0|0.7|0.0|0|0.7453959925903479|1.490791985180692|2.23618797777104|2.981583970361388
529.0|1.0|0.7|0.0|0|0.3947697900544157|0.7895395801088292|1.184309370163245|1.5790791602176606
529.2|1.0|0.7|0.0|0|0.2295466506254163|0.4590933012508313|0.6886399518762476|0.9181866025016638
529.4|1.0|0.7|0.0|0|0.500714398126584|1.0014287962531652|1.5021431943797492|2.002857592506333
529.6|1.0|0.7|0.0|0|-0.055494794005644554|-0.1109895880112888|-0.16648438201693336|-0.2219791760225779
529.8|1.0|0.7|0.0|0|0.017657435251749138|0.03531487050349817|0.05297230575524731|0.07062974100699644
530.0|1.0|0.7|0.0|0|0.32918503254302806|0.6583700650860543|0.9875550976290823|1.3167401301721104
530.2|1.0|0.7|0.0|0|-0.1500881948374446|-0.30017638967488836|-0.450264584512333|-0.6003527793497776
530.4|1.0|0.7|0.0|0|0.7062973877345218|1.4125947754690398|2.1188921632035616|2.825189550938083
530.6|1.0|0.7|0.0|0|0.6154877239966304|1.2309754479932575|1.846463171989888|2.4619508959865186
530.8|1.0|0.7|0.0|0|0.7315222933440243|1.4630445866880446|2.194566880032069|2.926089173376093
531.0|1.0|0.7|0.0|0|0.28756393667368707|0.5751278733473726|0.8626918100210597|1.1502557466947467
531.2|1.0|0.7|0.0|0|0.09333215440507055|0.1866643088101406|0.27999646321521116|0.3733286176202817
531.4|1.0|0.7|0.0|0|0.39098605362523847|0.7819721072504748|1.1729581608757134|1.5639442145009517
531.6|1.0|0.7|0.0|0|0.44648084804532157|0.8929616960906407|1.3394425441359623|1.7859233921812838
531.8|1.0|0.7|0.0|0|-0.11351207835017714|-0.22702415670035364|-0.34053623505053077|-0.4540483134007079
532.0|1.0|0.7|0.0|0|0.17531310145335754|0.3506262029067141|0.5259393043600716|0.7012524058134292
532.2|1.0|0.7|0.0|0|0.11098958981921907|0.2219791796384375|0.3329687694576566|0.44395835927687566
532.4|1.0|0.7|0.0|0|0.539813002548181|1.079626005096359|1.61943900764454|2.159252010192721
532.6|1.0|0.7|0.0|0|0.10089962722267964|0.20179925444535873|0.3026988816680384|0.403598508890718
532.8|1.0|0.7|0.0|0|1.097283440431348|2.19456688086269|3.291850321294038|4.389133761725386
533.0|1.0|0.7|0.0|0|0.6697212722356204|1.3394425444712372|2.0091638167068577|2.678885088942478
533.2|1.0|0.7|0.0|0|0.04162109620054256|0.0832421924010849|0.12486328860162746|0.16648438480217
533.4|1.0|0.7|0.0|0|0.2951314087118956|0.5902628174237896|0.8853942261356852|1.1805256348475808
533.6|1.0|0.7|0.0|0|0.5435967391548916|1.08719347830978|1.6307902174646718|2.1743869566195633
533.8|1.0|0.7|0.0|0|0.687378707209719|1.3747574144194343|2.062136121629153|2.749514828838872
534.0|1.0|0.7|0.0|0|0.01008996300282889|0.020179926005657725|0.030269889008486615|0.040359852011315506
534.2|1.0|0.7|0.0|0|0.5826953441172378|1.1653906882344722|1.74808603235171|2.330781376468948
534.4|1.0|0.7|0.0|0|0.26738401044742227|0.5347680208948431|0.8021520313422653|1.0695360417896875
534.6|1.0|0.7|0.0|0|0.13747574198874657|0.27495148397749236|0.41242722596623893|0.5499029679549855
534.8|1.0|0.7|0.0|0|0.5650379096466355|1.1300758192932678|1.6951137289399032|2.260151638586539
535.0|1.0|0.7|0.0|0|-0.0037837363273138212|-0.007567472654627622|-0.011351208981941443|-0.015134945309255264
535.2|1.0|0.7|0.0|0|0.08198094642371878|0.1639618928474371|0.24594283927115587|0.3279237856948747
535.4|1.0|0.7|0.0|0|0.9989063044579243|1.997812608915843|2.9967189133737673|3.9956252178316918
535.6|1.0|0.7|0.0|0|0.4414358672016537|0.8828717344033049|1.3243076016049586|1.7657434688066123
535.8|1.0|0.7|0.0|0|0.049188567412784365|0.09837713482556847|0.14756570223835283|0.19675426965113718
536.0|1.0|0.7|0.0|0|0.1412594773754246|0.28251895475084843|0.423778432126273|0.5650379095016976
536.2|1.0|0.7|0.0|0|0.4792732268973491|0.9585464537946955|1.4378196806920445|1.9170929075893937
536.4|1.0|0.7|0.0|0|1.1389045357186125|2.277809071437219|3.416713607155831|4.555618142874444
536.6|1.0|0.7|0.0|0|0.047927322414470876|0.09585464482894149|0.14378196724341238|0.19170928965788325
536.8|1.0|0.7|0.0|0|0.4225171876570679|0.8450343753141335|1.2675515629712015|1.6900687506282694
537.0|1.0|0.7|0.0|0|-0.09207090947253171|-0.18414181894506293|-0.27621272841759464|-0.36828363789012636
537.2|1.0|0.7|0.0|0|0.2774739728047282|0.5549479456094549|0.8324219184141831|1.1098958912189114
537.4|1.0|0.7|0.0|0|0.19423178163939173|0.3884635632787824|0.5826953449181741|0.7769271265575658
537.6|1.0|0.7|0.0|0|-0.4035985070012979|-0.8071970140025936|-1.2107955210038914|-1.6143940280051894
537.8|1.0|0.7|0.0|0|0.653325083100354|1.3066501662007042|1.9599752493010583|2.6133003324014124
538.0|1.0|0.7|0.0|0|0.7819721080770258|1.563944216154047|2.345916324231073|3.1278884323080987
538.2|1.0|0.7|0.0|0|0.1261245337012225|0.2522490674024443|0.3783736011036668|0.5044981348048893
538.4|1.0|0.7|0.0|0|-0.025224905917421006|-0.05044981183484187|-0.07567471775226288|-0.10089962366968389
538.6|1.0|0.7|0.0|0|0.4717057547811423|0.9434115095622819|1.4151172643434242|1.8868230191245665
538.8|1.0|0.7|0.0|0|1.094760950161145|2.1895219003222843|3.284282850483429|4.379043800644574
539.0|1.0|0.7|0.0|0|0.27369023792853137|0.5473804758570612|0.8210707137855926|1.094760951714124
539.2|1.0|0.7|0.0|0|0.7403510118590209|1.4807020237180377|2.2210530355770586|2.9614040474360794
539.4|1.0|0.7|0.0|0|0.20936672553478294|0.4187334510695647|0.6281001766043476|0.8374669021391306
539.6|1.0|0.7|0.0|0|0.18666431054298316|0.3733286210859653|0.5599929316289485|0.7466572421719316
539.8|1.0|0.7|0.0|0|-0.04918856797274206|-0.09837713594548386|-0.14756570391822593|-0.19675427189096797
540.0|1.0|0.7|0.0|0|0.07315222956880468|0.14630445913760895|0.21945668870641363|0.2926089182752183
540.2|1.0|0.7|0.0|0|0.9295378113619526|1.8590756227239|2.7886134340858524|3.718151245447805
540.4|1.0|0.7|0.0|0|0.7529634644824552|1.5059269289649064|2.2588903934473614|3.011853857929817
540.6|1.0|0.7|0.0|0|0.4061209983140001|0.8122419966279979|1.218362994941998|1.6244839932559982
540.8|1.0|0.7|0.0|0|0.18792555521708|0.3758511104341589|0.563776665651239|0.751702220868319
541.0|1.0|0.7|0.0|0|0.6508025931380695|1.3016051862761353|1.952407779414205|2.603210372552274
541.2|1.0|0.7|0.0|0|0.6432351199153351|1.2864702398306667|1.9297053597460017|2.572940479661337
541.4|1.0|0.7|0.0|0|0.15134943989804028|0.30269887979607973|0.45404831969412|0.6053977595921602
541.6|1.0|0.7|0.0|0|0.597830287610414|1.1956605752208247|1.7934908628312387|2.391321150441653
541.8|1.0|0.7|0.0|0|0.9900775869551589|1.9801551739103123|2.9702327608654713|3.9603103478206303
542.0|1.0|0.7|0.0|0|0.47296700014150744|0.9459340002830122|1.4189010004245197|1.891868000566027
542.2|1.0|0.7|0.0|0|0.7126036138500792|1.4252072277001544|2.1378108415502335|2.850414455400313
542.4|1.0|0.7|0.0|0|0.8828717344475452|1.7657434688950855|2.6486152033426307|3.531486937790176
542.6|1.0|0.7|0.0|0|0.37963484526146235|0.7592696905229226|1.138904535784385|1.5185393810458474
542.8|1.0|0.7|0.0|0|0.8109807499480673|1.6219614998961303|2.4329422498441975|3.243922999792265
543.0|1.0|0.7|0.0|0|0.1790968388400508|0.3581936776801006|0.5372905165201514|0.7163873553602021
543.2|1.0|0.7|0.0|0|-0.1349532505008393|-0.2699065010016779|-0.40485975150251724|-0.5398130020033566
543.4|1.0|0.7|0.0|0|0.6911624420929008|1.3823248841857978|2.0734873262786984|2.764649768371599
543.6|1.0|0.7|0.0|0|0.8929616957710831|1.7859233915421613|2.6788850873132444|3.5718467830843275
543.8|1.0|0.7|0.0|0|0.6154877225786919|1.2309754451573802|1.846463167736072|2.461950890314764
544.0|1.0|0.7|0.0|0|0.4830569638189631|0.9661139276379236|1.4491708914568866|1.9322278552758498
544.2|1.0|0.7|0.0|0|0.18792555451800597|0.37585110903601093|0.5637766635540169|0.7517022180720229
544.4|1.0|0.7|0.0|0|0.8147644858760766|1.6295289717521488|2.4442934576282256|3.259057943504302
544.6|1.0|0.7|0.0|0|0.3153113336797108|0.6306226673594199|0.9459340010391306|1.2612453347188415
544.8|1.0|0.7|0.0|0|1.257461597597577|2.5149231951951467|3.7723847927927237|5.029846390390301
545.0|1.0|0.7|0.0|0|0.5524254569050395|1.104850913810076|1.6572763707151155|2.209701827620155
545.2|1.0|0.7|0.0|0|0.8071970144892119|1.6143940289784193|2.421591043467631|3.228788057956843
545.4|1.0|0.7|0.0|0|0.9522402273834458|1.9044804547668865|2.8567206821503324|3.808960909533778
545.6|1.0|0.7|0.0|0|1.3848473764210951|2.7696947528421827|4.154542129263278|5.539389505684373
545.8|1.0|0.7|0.0|0|0.6520638376410358|1.3041276752820679|1.9561915129231038|2.6082553505641397
546.0|1.0|0.7|0.0|0|0.7315222937020014|1.4630445874039988|2.194566881106|2.9260891748080016
546.2|1.0|0.7|0.0|0|0.7504409742594005|1.5008819485187967|2.2513229227781975|3.001763897037598
546.4|1.0|0.7|0.0|0|0.9598076982045322|1.919615396409059|2.8794230946135912|3.8392307928181233
546.6|1.0|0.7|0.0|0|0.5120656058331956|1.0241312116663883|1.536196817499584|2.0482624233327797
546.8|1.0|0.7|0.0|0|0.7025136514886987|1.4050273029773934|2.107540954466092|2.810054605954791
547.0|1.0|0.7|0.0|0|0.03531486958672762|0.07062973917345503|0.10594460876018265|0.14125947834691024
547.2|1.0|0.7|0.0|0|0.5902628167596418|1.1805256335192804|1.7707884502789222|2.361051267038564
547.4|1.0|0.7|0.0|0|0.45404831930703987|0.9080966386140773|1.3621449579211171|1.816193277228157
547.6|1.0|0.7|0.0|0|0.03909860612184279|0.07819721224368535|0.11729581836552813|0.15639442448737093
547.8|1.0|0.7|0.0|0|0.631883912403137|1.2637678248062707|1.8956517372094077|2.5275356496125445
548.0|1.0|0.7|0.0|0|0.5499029661604441|1.099805932320885|1.6497088984813293|2.1996118646417733
548.2|1.0|0.7|0.0|0|0.37837359978526397|0.7567471995705258|1.13512079935579|1.5134943991410539
548.4|1.0|0.7|0.0|0|0.5108043600455863|1.0216087200911697|1.532413080136756|2.043217440182342
548.6|1.0|0.7|0.0|0|0.9080966410000119|1.8161932820000186|2.7242899230000304|3.632386564000042
548.8|1.0|0.7|0.0|0|0.3935085436800731|0.7870170873601441|1.1805256310402172|1.5740341747202902
549.0|1.0|0.7|0.0|0|0.3506262032885573|0.7012524065771127|1.05187860986567|1.4025048131542273
549.2|1.0|0.7|0.0|0|0.3846798268496062|0.7693596536992103|1.1540394805488166|1.5387193073984229
549.4|1.0|0.7|0.0|0|0.5297230408655018|1.0594460817310007|1.5891691225965026|2.1188921634620046
549.6|1.0|0.7|0.0|0|0.4326071490586041|0.8652142981172057|1.2978214471758098|1.730428596234414
549.8|1.0|0.7|0.0|0|0.35314869401801874|0.7062973880360355|1.0594460820540543|1.412594776072073
550.0|1.0|0.7|0.0|0|0.9270153202308583|1.8540306404617115|2.7810459606925697|3.708061280923428
550.2|1.0|0.7|0.0|0|0.26360027470451336|0.5272005494090253|0.7908008241135387|1.054401098818052
550.4|1.0|0.7|0.0|0|0.47296700026025107|0.9459340005204995|1.4189010007807505|1.8918680010410016
550.6|1.0|0.7|0.0|0|0.07315222921664834|0.14630445843329626|0.21945668764994458|0.2926089168665929
550.8|1.0|0.7|0.0|0|0.18035808211367127|0.36071616422734154|0.5410742463410129|0.7214323284546841
551.0|1.0|0.7|0.0|0|0.718909840698471|1.437819681396938|2.156729522095409|2.87563936279388
551.2|1.0|0.7|0.0|0|0.35062620358134183|0.7012524071626818|1.0518786107440237|1.4025048143253656
551.4|1.0|0.7|0.0|0|0.33170752298960027|0.6634150459791986|0.9951225689687989|1.3268300919583993
551.6|1.0|0.7|0.0|0|0.49693066174804745|0.9938613234960921|1.4907919852441396|1.987722646992187
551.8|1.0|0.7|0.0|0|0.417472205164377|0.8349444103287517|1.2524166154931287|1.6698888206575058
552.0|1.0|0.7|0.0|0|0.18540306449111102|0.370806128982221|0.556209193473332|0.7416122579644431
552.2|1.0|0.7|0.0|0|0.4754894909646832|0.9509789819293637|1.4264684728940469|1.90195796385873
552.4|1.0|0.7|0.0|0|0.5347680214652797|1.0695360429305563|1.604304064395836|2.1390720858611156
552.6|1.0|0.7|0.0|0|0.7315222939057282|1.4630445878114524|2.1945668817171806|2.926089175622909
552.8|1.0|0.7|0.0|0|0.07693596585362691|0.15387193170725338|0.2308078975608803|0.3077438634145072
553.0|1.0|0.7|0.0|0|0.7176485950697685|1.435297190139533|2.1529457852093015|2.87059438027907
553.2|1.0|0.7|0.0|0|-0.15387192989990595|-0.30774385979981106|-0.461615789699717|-0.6154877195996229
553.4|1.0|0.7|0.0|0|0.9509789817006102|1.9019579634012154|2.8529369451018254|3.803915926802436
553.6|1.0|0.7|0.0|0|0.17657434674503764|0.3531486934900743|0.529723040235112|0.7062973869801495
553.8|1.0|0.7|0.0|0|-0.04540483269374822|-0.09080966538749619|-0.1362144980812444|-0.18161933077499262
554.0|1.0|0.7|0.0|0|0.22071793342125623|0.4414358668425112|0.6621538002637675|0.8828717336850237
554.2|1.0|0.7|0.0|0|0.0655847582488787|0.13116951649775704|0.19675427474663573|0.2623390329955144
554.4|1.0|0.7|0.0|0|0.4187334506760821|0.8374669013521618|1.2562003520282439|1.674933802704326
554.6|1.0|0.7|0.0|0|0.500714397139382|1.0014287942787614|1.5021431914181433|2.0028575885575255
554.8|1.0|0.7|0.0|0|0.4414358668809295|0.8828717337618566|1.324307600642786|1.7657434675237156
555.0|1.0|0.7|0.0|0|0.6205327044083975|1.2410654088167916|1.861598113225189|2.482130817633587
555.2|1.0|0.7|0.0|0|0.146304457919323|0.29260891583864523|0.43891337375796824|0.5852178316772912
555.4|1.0|0.7|0.0|0|-0.21315046089468542|-0.4263009217893697|-0.6394513826840551|-0.8526018435787406
555.6|1.0|0.7|0.0|0|-0.13621449598867924|-0.2724289919773577|-0.40864348796603694|-0.5448579839547162
555.8|1.0|0.7|0.0|0|0.8210707122727771|1.6421414245455495|2.4632121368183264|3.2842828490911034
556.0|1.0|0.7|0.0|0|0.33549125918361855|0.6709825183672352|1.0064737775508537|1.3419650367344722
556.2|1.0|0.7|0.0|0|0.4628770382329826|0.9257540764659625|1.3886311146989452|1.8515081529319277
556.4|1.0|0.7|0.0|0|0.3266625412093711|0.6533250824187404|0.9799876236281115|1.3066501648374826
556.6|1.0|0.7|0.0|0|0.3102663516323085|0.6205327032646153|0.9307990548969237|1.2410654065292321
556.8|1.0|0.7|0.0|0|0.3745898638729708|0.7491797277459395|1.1237695916189103|1.498359455491881
557.0|1.0|0.7|0.0|0|-0.4414358663407624|-0.8828717326815223|-1.3243075990222848|-1.765743465363047
557.2|1.0|0.7|0.0|0|0.5259393039898719|1.0518786079797409|1.5778179119696127|2.1037572159594844
557.4|1.0|0.7|0.0|0|0.26233903026441135|0.5246780605288213|0.7870170907932326|1.0493561210576439
557.6|1.0|0.7|0.0|0|0.44395835772855247|0.8879167154571025|1.331875073185655|1.7758334309142074
557.8|1.0|0.7|0.0|0|0.40107601614086924|0.8021520322817363|1.2032280484226054|1.6043040645634747
558.0|1.0|0.7|0.0|0|0.5713441359228459|1.1426882718456888|1.7140324077685347|2.2853765436913807
558.2|1.0|0.7|0.0|0|0.5675604005478094|1.1351208010956158|1.7026812016434252|2.2702416021912346
558.4|1.0|0.7|0.0|0|0.32161756013578296|0.6432351202715642|0.9648526804073472|1.28647024054313
558.6|1.0|0.7|0.0|0|0.5473804755066526|1.0947609510133023|1.6421414265199548|2.1895219020266077
558.8|1.0|0.7|0.0|0|-0.0012612443807302053|-0.0025224887614604037|-0.003783733142190609|-0.005044977522920814
559.0|1.0|0.7|0.0|0|0.16648438389471282|0.3329687677894247|0.4994531516841375|0.6659375355788503
559.2|1.0|0.7|0.0|0|0.41368846998957487|0.8273769399791475|1.2410654099687224|1.6547538799582973
559.4|1.0|0.7|0.0|0|0.5158493413636466|1.0316986827272903|1.5475480240909367|2.063397365454583
559.6|1.0|0.7|0.0|0|0.43765213126083874|0.875304262521675|1.3129563937825137|1.7506085250433525
559.8|1.0|0.7|0.0|0|0.9736813979037114|1.9473627958074176|2.921044193711129|3.8947255916148404
560.0|1.0|0.7|0.0|0|0.3531486935168508|0.7062973870336996|1.0594460805505503|1.4125947740674012
560.2|1.0|0.7|0.0|0|0.6369288931222405|1.2738577862444775|1.910786679366718|2.5477155724889586
560.4|1.0|0.7|0.0|0|0.3607161664852177|0.7214323329704334|1.0821484994556512|1.4428646659408688
560.6|1.0|0.7|0.0|0|0.16143940266920268|0.32287880533840446|0.48431820800760716|0.6457576106768098
560.8|1.0|0.7|0.0|0|0.2207179333269598|0.4414358666539184|0.6621537999808782|0.882871733307838
561.0|1.0|0.7|0.0|0|0.7630534267687479|1.5261068535374915|2.2891602803062394|3.052213707074987
561.2|1.0|0.7|0.0|0|0.8967454318818644|1.793490863763724|2.690236295645588|3.5869817275274527
561.4|1.0|0.7|0.0|0|0.30396012480661766|0.6079202496132337|0.9118803744198513|1.2158404992264689
561.6|1.0|0.7|0.0|0|0.37332861940609324|0.7466572388121844|1.1199858582182776|1.493314477624371
561.8|1.0|0.7|0.0|0|1.0909772143448946|2.181954428689783|3.2729316430346778|4.363908857379572
562.0|1.0|0.7|0.0|0|0.19423178172146452|0.388463563442928|0.5826953451643925|0.7769271268858571
562.2|1.0|0.7|0.0|0|-0.03405362369492653|-0.06810724738985287|-0.1021608710847794|-0.13621449477970593
562.4|1.0|0.7|0.0|0|0.41873345053638367|0.837466901072765|1.2562003516091487|1.6749338021455324
562.6|1.0|0.7|0.0|0|0.45783205551386386|0.9156641110277252|1.373496166541589|1.831328222055453
562.8|1.0|0.7|0.0|0|0.3947697897540642|0.7895395795081261|1.1843093692621904|1.5790791590162545
563.0|1.0|0.7|0.0|0|0.9598076995462188|1.9196153990924323|2.879423098638651|3.83923079818487
563.2|1.0|0.7|0.0|0|-0.00756747065519449|-0.01513494131038894|-0.022702411965583428|-0.03026988262077792
563.4|1.0|0.7|0.0|0|0.8046745231898974|1.6093490463797904|2.4140235695696877|3.218698092759585
563.6|1.0|0.7|0.0|0|-0.2888251814973776|-0.5776503629947536|-0.8664755444921312|-1.1553007259895087
563.8|1.0|0.7|0.0|0|0.5108043601328978|1.0216087202657926|1.5324130803986904|2.043217440531588
564.0|1.0|0.7|0.0|0|0.16017815764411367|0.32035631528822645|0.48053447293234014|0.6407126305764538
564.2|1.0|0.7|0.0|0|0.42882341407006647|0.8576468281401305|1.286470242210197|1.7152936562802634
564.4|1.0|0.7|0.0|0|0.9585464541823612|1.917092908364717|2.875639362547078|3.8341858167294394
564.6|1.0|0.7|0.0|0|0.3594549199595352|0.7189098399190684|1.0783647598786037|1.4378196798381389
564.8|1.0|0.7|0.0|0|0.3947697906591933|0.7895395813183844|1.1843093719775777|1.579079162636771
565.0|1.0|0.7|0.0|0|0.2295466507569656|0.4590933015139299|0.6886399522708955|0.9181866030278611
565.2|1.0|0.7|0.0|0|0.6659375360491692|1.3318750720983346|1.9978126081475038|2.663750144196673
565.4|1.0|0.7|0.0|0|0.6684600265271735|1.3369200530543432|2.0053800795815167|2.67384010610869
565.6|1.0|0.7|0.0|0|0.5675604007393127|1.1351208014786223|1.702681202217935|2.2702416029572476
565.8|1.0|0.7|0.0|0|0.49819190705195115|0.9963838141038995|1.4945757211558506|1.9927676282078017
566.0|1.0|0.7|0.0|0|1.0531398532784089|2.1062797065568115|3.1594195598352206|4.212559413113629
566.2|1.0|0.7|0.0|0|0.33549125963414583|0.6709825192682898|1.0064737789024356|1.3419650385365816
566.4|1.0|0.7|0.0|0|0.3821573361050108|0.7643146722100195|1.1464720083150304|1.5286293444200412
566.6|1.0|0.7|0.0|0|0.4641382827423517|0.9282765654847008|1.3924148482270526|1.8565531309694043
566.8|1.0|0.7|0.0|0|0.08450343716423966|0.16900687432847886|0.2535103114927185|0.33801374865695816
567.0|1.0|0.7|0.0|0|0.7567472013738014|1.5134944027475985|2.2702416041213995|3.026988805495201
567.2|1.0|0.7|0.0|0|0.4099047333444472|0.8198094666888922|1.2297142000333394|1.6396189333777866
567.4|1.0|0.7|0.0|0|0.17657434653316176|0.3531486930663225|0.5297230395994843|0.706297386132646
567.6|1.0|0.7|0.0|0|0.15134943952609334|0.3026988790521858|0.45404831857827915|0.6053977581043725
567.8|1.0|0.7|0.0|0|0.7517022198525962|1.5034044397051884|2.2551066595577844|3.006808879410381
568.0|1.0|0.7|0.0|0|0.32035631471255355|0.6407126294251053|0.961068944137659|1.2814252588502124
568.2|1.0|0.7|0.0|0|0.15134944002085846|0.302698880041716|0.4540483200625745|0.6053977600834329
568.4|1.0|0.7|0.0|0|0.5877403258119016|1.1754806516238|1.7632209774357017|2.3509613032476033
568.6|1.0|0.7|0.0|0|0.7252160674321937|1.4504321348643834|2.175648202296577|2.9008642697287708
568.8|1.0|0.7|0.0|0|0.9320603016065442|1.8641206032130833|2.7961809048196273|3.7282412064261714
569.0|1.0|0.7|0.0|0|0.6117039863934047|1.2234079727868061|1.8351119591802108|2.4468159455736154
569.2|1.0|0.7|0.0|0|0.27369023696810496|0.5473804739362084|0.8210707109043134|1.0947609478724183
569.4|1.0|0.7|0.0|0|0.6684600277151919|1.33692005543038|2.005380083145572|2.6738401108607635
569.6|1.0|0.7|0.0|0|0.6117039868247235|1.2234079736494436|1.835111960474167|2.4468159472988904
569.8|1.0|0.7|0.0|0|0.8374669016199194|1.6749338032398342|2.5124007048597536|3.349867606479673
570.0|1.0|0.7|0.0|0|0.49693066173116723|0.9938613234623317|1.4907919851934988|1.987722646924666
570.2|1.0|0.7|0.0|0|1.0216087202879143|2.043217440575823|3.0648261608637375|4.086434881151652
570.4|1.0|0.7|0.0|0|0.3531486945739019|0.7062973891478018|1.0594460837217037|1.4125947782956056
570.6|1.0|0.7|0.0|0|0.4868406990671069|0.9736813981342111|1.460522097201318|1.947362796268425
570.8|1.0|0.7|0.0|0|0.720171085974435|1.440342171948866|2.1605132579233013|2.880684343897736
571.0|1.0|0.7|0.0|0|0.7832333521969856|1.5664667043939668|2.3497000565909527|3.132933408787938
571.2|1.0|0.7|0.0|0|0.13621449587924883|0.27242899175849694|0.4086434876377458|0.5448579835169945
571.4|1.0|0.7|0.0|0|0.32540129555563935|0.6508025911112769|0.9762038866669163|1.3016051822225556
571.6|1.0|0.7|0.0|0|0.41621096043440087|0.8324219208687994|1.2486328813032002|1.664843841737601
571.8|1.0|0.7|0.0|0|0.11981830683653254|0.2396366136730644|0.35945492050959693|0.4792732273461295
572.0|1.0|0.7|0.0|0|0.47548949132964524|0.9509789826592878|1.426468473988933|1.9019579653185783
572.2|1.0|0.7|0.0|0|0.8362056568200941|1.6724113136401835|2.5086169704602774|3.3448226272803714
572.4|1.0|0.7|0.0|0|1.3722349233092985|2.7444698466185895|4.116704769927888|5.488939693237186
572.6|1.0|0.7|0.0|0|0.7126036138879142|1.4252072277758243|2.1378108416637387|2.8504144555516526
572.8|1.0|0.7|0.0|0|0.715126104992815|1.430252209985626|2.145378314978441|2.860504419971256
573.0|1.0|0.7|0.0|0|0.3304462770145622|0.6608925540291226|0.9913388310436848|1.321785108058247
573.2|1.0|0.7|0.0|0|0.31405008861096606|0.6281001772219303|0.9421502658328964|1.2562003544438625
573.4|1.0|0.7|0.0|0|0.8084582597197739|1.6169165194395434|2.425374779159317|3.2338330388790912
573.6|1.0|0.7|0.0|0|0.8803492429328624|1.76069848586572|2.6410477287985823|3.521396971731445
573.8|1.0|0.7|0.0|0|0.7983682958321886|1.5967365916643728|2.3951048874965615|3.19347318332875
574.0|1.0|0.7|0.0|0|0.7289998027007102|1.4579996054014164|2.1869994081021265|2.9159992108028367
574.2|1.0|0.7|0.0|0|0.5826953437633352|1.165390687526667|1.7480860312900024|2.3307813750533377
574.4|1.0|0.7|0.0|0|0.37585110965825186|0.7517022193165016|1.1275533289747535|1.5034044386330052
574.6|1.0|0.7|0.0|0|0.1727906115923544|0.34558122318470785|0.5183718347770623|0.6911624463694167
574.8|1.0|0.7|0.0|0|0.21441170704725684|0.42882341409451247|0.6432351211417693|0.8576468281890262
575.0|1.0|0.7|0.0|0|0.36828363684122484|0.7365672736824477|1.1048509105236723|1.4731345473648974
575.2|1.0|0.7|0.0|0|0.5095431149535584|1.019086229907114|1.5286293448606725|2.038172459814231
575.4|1.0|0.7|0.0|0|-0.10846709768055017|-0.21693419536109973|-0.3254012930416499|-0.43386839072220007
575.6|1.0|0.7|0.0|0|0.11855706105765432|0.23711412211530797|0.3556711831729623|0.4742282442306166
575.8|1.0|0.7|0.0|0|0.4275621684105139|0.8551243368210255|1.2826865052315395|1.7102486736420532
576.0|1.0|0.7|0.0|0|0.8853942247806125|1.77078844956122|2.6561826743418324|3.541576899122445
576.2|1.0|0.7|0.0|0|0.7769271265086725|1.5538542530173407|2.3307813795260133|3.1077085060346854
576.4|1.0|0.7|0.0|0|0.47927322679082907|0.9585464535816555|1.4378196803724845|1.9170929071633136
576.6|1.0|0.7|0.0|0|0.475489490606124|0.9509789812122453|1.4264684718183693|1.9019579624244933
576.8|1.0|0.7|0.0|0|0.82611569310946|1.6522313862189153|2.4783470793283753|3.3044627724378355
577.0|1.0|0.7|0.0|0|0.2787352187407671|0.5574704374815327|0.8362056562222998|1.114940874963067
577.2|1.0|0.7|0.0|0|0.7100811238185276|1.4201622476370512|2.130243371455579|2.8403244952741065
577.4|1.0|0.7|0.0|0|0.3279237869911597|0.6558475739823176|0.9837713609734774|1.311695147964637
577.6|1.0|0.7|0.0|0|0.585217834457872|1.1704356689157407|1.755653503373613|2.340871337831485
577.8|1.0|0.7|0.0|0|0.7643146720615921|1.52862934412318|2.292944016184772|3.057258688246364
578.0|1.0|0.7|0.0|0|0.7491797286464141|1.498359457292824|2.247539185939238|2.996718914585652
578.2|1.0|0.7|0.0|0|0.6079202510416513|1.2158405020832992|1.8237607531249505|2.431681004166602
578.4|1.0|0.7|0.0|0|1.0304374379612282|2.0608748759224507|3.091312313883679|4.121749751844907
578.6|1.0|0.7|0.0|0|0.8992679230374059|1.7985358460748069|2.697803769112213|3.5970716921496186
578.8|1.0|0.7|0.0|0|0.4830569626821675|0.9661139253643323|1.4491708880464997|1.9322278507286672
579.0|1.0|0.7|0.0|0|0.6495413473137893|1.299082694627575|1.9486240419413643|2.5981653892551537
579.2|1.0|0.7|0.0|0|0.6028752697800525|1.2057505395601016|1.808625809340154|2.4115010791202063
579.4|1.0|0.7|0.0|0|0.6861174612055772|1.3722349224111505|2.0583523836167275|2.7444698448223046
579.6|1.0|0.7|0.0|0|0.5398130028636665|1.0796260057273301|1.6194390085909967|2.159252011454663
579.8|1.0|0.7|0.0|0|1.0745810250879742|2.149162050175942|3.2237430752639162|4.29832410035189
580.0|1.0|0.7|0.0|0|0.6621537997329148|1.324307599465826|1.9864613991987408|2.6486151989316555
580.2|1.0|0.7|0.0|0|0.6482801022293285|1.2965602044586533|1.9448403066879818|2.59312040891731
580.4|1.0|0.7|0.0|0|0.522155568323215|1.044311136646427|1.5664667049696421|2.088622273292857
580.6|1.0|0.7|0.0|0|0.5007143973268108|1.0014287946536187|1.5021431919804293|2.00285758930724
580.8|1.0|0.7|0.0|0|0.4944081717333761|0.9888163434667494|1.4832245152001255|1.9776326869335015
581.0|1.0|0.7|0.0|0|0.4225171873631192|0.8450343747262361|1.2675515620893554|1.6900687494524747
581.2|1.0|0.7|0.0|0|0.10342211713898004|0.20684423427795953|0.3102663514169396|0.4136884685559196
581.4|1.0|0.7|0.0|0|0.3758511102339256|0.7517022204678492|1.1275533307017747|1.5034044409357004
581.6|1.0|0.7|0.0|0|0.7466572376497795|1.4933144752995549|2.2399717129493344|2.9866289505991137
581.8|1.0|0.7|0.0|0|0.5625154181371914|1.1250308362743795|1.687546254411571|2.2500616725487625
582.0|1.0|0.7|0.0|0|0.36702239261008834|0.7340447852201746|1.101067177830263|1.4680895704403512
582.2|1.0|0.7|0.0|0|0.6394513834163087|1.2789027668326138|1.9183541502489225|2.5578055336652312
582.4|1.0|0.7|0.0|0|0.34558122156886417|0.6911624431377263|1.0367436647065906|1.3823248862754547
582.6|1.0|0.7|0.0|0|0.7857558437535779|1.5715116875071515|2.3572675312607294|3.143023375014307
582.8|1.0|0.7|0.0|0|0.3241400506027279|0.6482801012054539|0.9724201518081818|1.2965602024109095
583.0|1.0|0.7|0.0|0|0.10972834414220425|0.2194566882844079|0.3291850324266121|0.4389133765688164
583.2|1.0|0.7|0.0|0|0.2989151444402526|0.5978302888805035|0.8967454333207562|1.1956605777610088
583.4|1.0|0.7|0.0|0|0.13747574130946316|0.27495148261892555|0.41242722392838876|0.5499029652378519
583.6|1.0|0.7|0.0|0|0.34684246722958084|0.6936849344591597|1.0405274016887405|1.3873698689183214
583.8|1.0|0.7|0.0|0|1.0153024947026288|2.030604989405252|3.0459074841078806|4.06120997881051
584.0|1.0|0.7|0.0|0|0.21567295219923854|0.43134590439847587|0.6470188565977144|0.862691808796953
584.2|1.0|0.7|0.0|0|1.2473716354439977|2.4947432708879886|3.7421149063319863|4.989486541775984
584.4|1.0|0.7|0.0|0|0.4414358666958291|0.8828717333916558|1.324307600087485|1.765743466783314
584.6|1.0|0.7|0.0|0|0.2194566890882563|0.4389133781765114|0.6583700672647677|0.877826756353024
584.8|1.0|0.7|0.0|0|-0.14504321439308127|-0.29008642878616175|-0.435129643179243|-0.5801728575723243
585.0|1.0|0.7|0.0|0|0.895484186458635|1.790968372917265|2.6864525593759|3.5819367458345353
585.2|1.0|0.7|0.0|0|1.0544010995875588|2.108802199175112|3.1632032987626704|4.217604398350229
585.4|1.0|0.7|0.0|0|0.706297386414372|1.4125947728287402|2.1188921592431122|2.8251895456574845
585.6|1.0|0.7|0.0|0|0.5347680216829763|1.0695360433659495|1.604304065048926|2.139072086731902
585.8|1.0|0.7|0.0|0|-2.2526364773511908e-10|-4.5052729547023687e-10|-6.757909432053559e-10|-9.01054590940475e-10
586.0|1.0|0.7|0.0|0|0.20558298905903957|0.41116597811807803|0.6167489671771176|0.8223319562361572
586.2|1.0|0.7|0.0|0|0.8866554687375909|1.773310937475177|2.6599664062127677|3.546621874950359
586.4|1.0|0.7|0.0|0|0.6281001767091225|1.2562003534182418|1.8843005301273643|2.5124007068364866
586.6|1.0|0.7|0.0|0|0.5990915330598369|1.1981830661196704|1.7972745991795074|2.3963661322393444
586.8|1.0|0.7|0.0|0|0.87025928023737|1.7405185604747353|2.6107778407121054|3.481037120949475
587.0|1.0|0.7|0.0|0|0.4590933010465237|0.9181866020930448|1.3772799031395684|1.836373204186092
587.2|1.0|0.7|0.0|0|0.7214323307032471|1.4428646614064902|2.1642969921097372|2.8857293228129843
587.4|1.0|0.7|0.0|0|0.035314870174624986|0.07062974034924978|0.10594461052387477|0.14125948069849975
587.6|1.0|0.7|0.0|0|0.5726053822087129|1.1452107644174225|1.7178161466261355|2.2904215288348486
587.8|1.0|0.7|0.0|0|0.576389117414365|1.152778234828727|1.7291673522430921|2.305556469657457
588.0|1.0|0.7|0.0|0|0.1046833625412547|0.20936672508250884|0.3140500876237635|0.41873345016501823
588.2|1.0|0.7|0.0|0|0.4288234144990569|0.8576468289981114|1.2864702434971684|1.7152936579962252
588.4|1.0|0.7|0.0|0|0.36576114701572837|0.7315222940314547|1.097283441047183|1.4630445880629115
588.6|1.0|0.7|0.0|0|0.6697212731326004|1.3394425462651973|2.0091638193977976|2.678885092530398
588.8|1.0|0.7|0.0|0|0.4048597517557213|0.8097195035114404|1.2145792552671617|1.619439007022883
589.0|1.0|0.7|0.0|0|0.3026988810865444|0.6053977621730872|0.9080966432596316|1.2107955243461759
589.2|1.0|0.7|0.0|0|0.4326071496086665|0.8652142992173305|1.297821448825997|1.7304285984346635
589.4|1.0|0.7|0.0|0|0.9030516594444642|1.8061033188889235|2.709154978333388|3.612206637777852
589.6|1.0|0.7|0.0|0|0.6495413461996946|1.2990826923993857|1.9486240385990803|2.598165384798775
589.8|1.0|0.7|0.0|0|0.6482801016652963|1.296560203330589|1.9448403049958851|2.5931204066611815
590.0|1.0|0.7|0.0|0|0.45530956639617254|0.9106191327923426|1.3659286991885151|1.8212382655846877
590.2|1.0|0.7|0.0|0|-0.1122508341918002|-0.22450166838359978|-0.33675250257539996|-0.44900333676720017
590.4|1.0|0.7|0.0|0|0.43260714919597415|0.8652142983919459|1.29782144758792|1.7304285967838942
590.6|1.0|0.7|0.0|0|-0.26864525600627553|-0.5372905120125496|-0.8059357680188252|-1.0745810240251006
590.8|1.0|0.7|0.0|0|-0.0479273227276281|-0.09585464545525592|-0.14378196818288402|-0.19170929091051211
591.0|1.0|0.7|0.0|0|0.30017638907069366|0.6003527781413857|0.9005291672120793|1.200705556282773
591.2|1.0|0.7|0.0|0|0.1639618947025157|0.32792378940503053|0.49188568410754624|0.655847578810062
591.4|1.0|0.7|0.0|0|0.0428823421109701|0.08576468422193995|0.12864702633291006|0.17152936844388014
591.6|1.0|0.7|0.0|0|0.010089962802012459|0.020179925604024863|0.030269888406037324|0.04035985120804978
591.8|1.0|0.7|0.0|0|0.16522313833527746|0.33044627667055404|0.4956694150058315|0.660892553341109
592.0|1.0|0.7|0.0|0|0.3859410721267344|0.7718821442534667|1.1578232163802011|1.5437642885069356
592.2|1.0|0.7|0.0|0|0.6306226676097145|1.2612453352194255|1.8918680028291401|2.5224906704388546
592.4|1.0|0.7|0.0|0|0.7908008245541721|1.5816016491083398|2.372402473662512|3.163203298216684
592.6|1.0|0.7|0.0|0|0.409904733327567|0.8198094666551318|1.2297141999826988|1.6396189333102658
592.8|1.0|0.7|0.0|0|0.5927853074180899|1.1855706148361764|1.7783559222542664|2.3711412296723564
593.0|1.0|0.7|0.0|0|1.1061121583782378|2.2122243167564695|3.3183364751347075|4.424448633512945
593.2|1.0|0.7|0.0|0|0.8336831666453516|1.6673663332906985|2.5010494999360504|3.334732666581402
593.4|1.0|0.7|0.0|0|0.3039601262862564|0.6079202525725111|0.9118803788587675|1.2158405051450238
593.6|1.0|0.7|0.0|0|0.9522402274736678|1.9044804549473302|2.856720682420998|3.8089609098946657
593.8|1.0|0.7|0.0|0|0.6659375368501066|1.3318750737002094|1.997812610550316|2.6637501474004224
594.0|1.0|0.7|0.0|0|0.29134767286130253|0.5826953457226034|0.874043018583906|1.1653906914452086
594.2|1.0|0.7|0.0|0|0.4603545474243587|0.9207090948487149|1.3810636422730735|1.8414181896974324
594.4|1.0|0.7|0.0|0|0.7062973874679307|1.4125947749358576|2.1188921624037884|2.8251895498717188
594.6|1.0|0.7|0.0|0|-0.01135120838356671|-0.022702416767133356|-0.03405362515070007|-0.045404833534266775
594.8|1.0|0.7|0.0|0|0.507020624618745|1.014041249237487|1.521061873856232|2.028082498474977
595.0|1.0|0.7|0.0|0|0.3720673732867002|0.7441347465733984|1.1162021198600987|1.4882694931467988
595.2|1.0|0.7|0.0|0|0.7428735023067572|1.4857470046135104|2.2286205069202674|2.971494009227025
595.4|1.0|0.7|0.0|0|1.312956392762718|2.6259127855254287|3.938869178288147|5.251825571050865
595.6|1.0|0.7|0.0|0|0.7870170880289522|1.5740341760579002|2.361051264086852|3.148068352115805
595.8|1.0|0.7|0.0|0|0.3481037132529312|0.6962074265058605|1.0443111397587916|1.3924148530117229
596.0|1.0|0.7|0.0|0|0.6798112348769797|1.3596224697539556|2.0394337046309357|2.7192449395079152
596.2|1.0|0.7|0.0|0|0.37837360009201837|0.7567472001840346|1.1351208002760529|1.5134944003680713
596.4|1.0|0.7|0.0|0|0.7126036137959461|1.4252072275918881|2.137810841387834|2.8504144551837802
596.6|1.0|0.7|0.0|0|0.6949461788061314|1.3898923576122588|2.08483853641839|2.7797847152245216
596.8|1.0|0.7|0.0|0|0.30900510754552696|0.6180102150910523|0.9270153226365792|1.2360204301821063
597.0|1.0|0.7|0.0|0|0.40107601672352794|0.8021520334470537|1.2032280501705817|1.6043040668941095
597.2|1.0|0.7|0.0|0|0.15387193085975026|0.3077438617194997|0.46161579257924995|0.6154877234390003
597.4|1.0|0.7|0.0|0|0.10720585389062771|0.21441170778125485|0.32161756167188255|0.4288234155625103
597.6|1.0|0.7|0.0|0|0.34684246646415007|0.6936849329282982|1.0405273993924482|1.3873698658565983
597.8|1.0|0.7|0.0|0|0.3846798272436721|0.769359654487342|1.1540394817310142|1.5387193089746862
598.0|1.0|0.7|0.0|0|0.6041365151025826|1.2082730302051619|1.8124095453077445|2.416546060410327
598.2|1.0|0.7|0.0|0|0.0845034365064931|0.16900687301298573|0.2535103095194788|0.3380137460259719
598.4|1.0|0.7|0.0|0|-0.11225083469820685|-0.22450166939641306|-0.33675250409461993|-0.4490033387928268
598.6|1.0|0.7|0.0|0|0.08198094699706424|0.16396189399412803|0.24594284099119226|0.3279237879882565
598.8|1.0|0.7|0.0|0|0.5574704379931795|1.114940875986356|1.6724113139795356|2.229881751972715
599.0|1.0|0.7|0.0|0|0.29260891769488834|0.585217835389775|0.8778267530846634|1.1704356707795518
599.2|1.0|0.7|0.0|0|0.5272005504299891|1.0544011008599754|1.5816016512899644|2.1088022017199535
599.4|1.0|0.7|0.0|0|-0.17405185606447063|-0.3481037121289403|-0.5221555681934109|-0.6962074242578816
599.6|1.0|0.7|0.0|0|0.3455812213581524|0.6911624427163029|1.0367436640744554|1.3823248854326078
599.8|1.0|0.7|0.0|0|0.9320603019150447|1.8641206038300844|2.7961809057451292|3.728241207660174
600.0|1.0|0.7|0.0|0|0.26990650171821495|0.5398130034364285|0.8097195051546434|1.0796260068728583
600.2|1.0|0.7|0.0|0|-0.08450343738135424|-0.169006874762708|-0.2535103121440622|-0.33801374952541646
600.4|1.0|0.7|0.0|0|0.18666430956509447|0.3733286191301879|0.5599929286952824|0.7466572382603768
600.6|1.0|0.7|0.0|0|0.8450343738158707|1.6900687476317366|2.5351031214476074|3.380137495263478
600.8|1.0|0.7|0.0|0|0.25603280245268273|0.512065604905364|0.7680984073580468|1.0241312098107296
601.0|1.0|0.7|0.0|0|0.587740325791529|1.1754806515830547|1.7632209773745837|2.3509613031661125
601.2|1.0|0.7|0.0|0|1.0998059314320572|2.199611862864108|3.2994177942961653|4.3992237257282225
601.4|1.0|0.7|0.0|0|0.46035454680328297|0.9207090936065634|1.3810636404098464|1.8414181872131294
601.6|1.0|0.7|0.0|0|0.2699065018387048|0.5398130036774081|0.8097195055161129|1.0796260073548178
601.8|1.0|0.7|0.0|0|-0.36702239240170487|-0.7340447848034077|-1.1010671772051126|-1.4680895696068175
602.0|1.0|0.7|0.0|0|0.05927853055822203|0.11855706111644372|0.17783559167466576|0.23711412223288778
602.2|1.0|0.7|0.0|0|0.7214323301293195|1.442864660258635|2.1642969903879545|2.885729320517274
602.4|1.0|0.7|0.0|0|0.50828187052568|1.0165637410513573|1.5248456115770372|2.033127482102717
602.6|1.0|0.7|0.0|0|0.6255776861711644|1.2511553723423252|1.8767330585134896|2.502310744684654
602.8|1.0|0.7|0.0|0|0.3581936753098856|0.7163873506197692|1.0745810259296549|1.4327747012395404
603.0|1.0|0.7|0.0|0|0.47422824573528527|0.948456491470568|1.4226847372058533|1.8969129829411386
603.2|1.0|0.7|0.0|0|0.6936849328910473|1.3873698657820905|2.081054798673138|2.774739731564185
603.4|1.0|0.7|0.0|0|0.6911624432081596|1.3823248864163153|2.073487329624475|2.7646497728326342
603.6|1.0|0.7|0.0|0|0.442697112289607|0.8853942245792115|1.3280913368688185|1.7707884491584256
603.8|1.0|0.7|0.0|0|0.029008643414708813|0.05801728682941746|0.08702593024412628|0.11603457365883509
604.0|1.0|0.7|0.0|0|0.6230551949451916|1.2461103898903798|1.8691655848355713|2.4922207797807627
604.2|1.0|0.7|0.0|0|0.23585287695808824|0.47170575391617514|0.7075586308742634|0.9434115078323516
604.4|1.0|0.7|0.0|0|0.0945934002456489|0.18918680049129727|0.28378020073694615|0.37837360098259504
604.6|1.0|0.7|0.0|0|0.5221555685164644|1.0443111370329259|1.5664667055493904|2.088622274065855
604.8|1.0|0.7|0.0|0|0.7113423680071725|1.422684736014341|2.1340271040215137|2.845369472028686
605.0|1.0|0.7|0.0|0|0.7857558432599769|1.5715116865199494|2.3572675297799264|3.1430233730399033
605.2|1.0|0.7|0.0|0|0.8034132782334935|1.6068265564669824|2.410239834700476|3.2136531129339696
605.4|1.0|0.7|0.0|0|0.5234168136469093|1.0468336272938157|1.570250440940725|2.0936672545876345
605.6|1.0|0.7|0.0|0|0.04414358699345034|0.08828717398690043|0.13243076098035078|0.17657434797380112
605.8|1.0|0.7|0.0|0|0.098377136324416|0.19675427264883147|0.29513140897324747|0.39350854529766344
606.0|1.0|0.7|0.0|0|-0.08071970075427096|-0.16143940150854147|-0.24215910226281243|-0.3228788030170834
606.2|1.0|0.7|0.0|0|0.25603280323615785|0.5120656064723142|0.7680984097084722|1.02413121294463
606.4|1.0|0.7|0.0|0|0.12360204285883822|0.24720408571767574|0.37080612857651396|0.49440817143535215
606.6|1.0|0.7|0.0|0|0.09837713663117037|0.1967542732623402|0.29513140989351055|0.393508546524681
606.8|1.0|0.7|0.0|0|0.3279237866902261|0.6558475733804504|0.9837713600706766|1.3116951467609026
607.0|1.0|0.7|0.0|0|0.42125594183220566|0.842511883664409|1.2637678254966147|1.6850237673288202
607.2|1.0|0.7|0.0|0|0.43765213140519377|0.8753042628103851|1.3129563942155789|1.7506085256207726
607.4|1.0|0.7|0.0|0|0.1954930263489952|0.39098605269798936|0.5864790790469846|0.7819721053959798
607.6|1.0|0.7|0.0|0|-0.02144117015181111|-0.042882340303622105|-0.06432351045543322|-0.08576468060724433
607.8|1.0|0.7|0.0|0|0.22197917903075015|0.4439583580614991|0.6659375370922492|0.8879167161229994
608.0|1.0|0.7|0.0|0|0.4792732267954857|0.9585464535909687|1.4378196803864542|1.91709290718194
608.2|1.0|0.7|0.0|0|0.051711058507789905|0.10342211701557952|0.15513317552336942|0.20684423403115934
608.4|1.0|0.7|0.0|0|0.5574704386148374|1.1149408772296716|1.672411315844509|2.2298817544593463
608.6|1.0|0.7|0.0|0|0.26233902950480137|0.5246780590096013|0.7870170885144027|1.0493561180192041
608.8|1.0|0.7|0.0|0|0.7037748962693156|1.407549792538627|2.111324688807943|2.815099585077258
609.0|1.0|0.7|0.0|0|1.1414270268566917|2.282854053713377|3.4242810805700685|4.565708107426761
609.2|1.0|0.7|0.0|0|0.7062973870208958|1.412594774041788|2.118892161062684|2.82518954808358
609.4|1.0|0.7|0.0|0|-0.11351208002422947|-0.2270241600484583|-0.34053624007268773|-0.4540483200969172
609.6|1.0|0.7|0.0|0|0.3354912589379822|0.6709825178759625|1.0064737768139447|1.341965035751927
609.8|1.0|0.7|0.0|0|0.13621449686936116|0.27242899373872154|0.4086434906080827|0.5448579874774439
610.0|1.0|0.7|0.0|0|-0.40359850687149484|-0.8071970137429874|-1.2107955206144823|-1.6143940274859772
610.2|1.0|0.7|0.0|0|0.34936495709058396|0.6987299141811659|1.04809487127175|1.3974598283623338
610.4|1.0|0.7|0.0|0|0.7466572373383685|1.4933144746767328|2.2399717120151013|2.98662894935347
610.6|1.0|0.7|0.0|0|0.48053447285899936|0.9610689457179961|1.4416034185769955|1.9221378914359948
610.8|1.0|0.7|0.0|0|0.30017638973484306|0.6003527794696845|0.9005291692045275|1.2007055589393707
611.0|1.0|0.7|0.0|0|0.12234079811431013|0.24468159622861957|0.3670223943429297|0.4893631924572398
611.2|1.0|0.7|0.0|0|0.23837536778009982|0.47675073556019837|0.7151261033402981|0.9535014711203981
611.4|1.0|0.7|0.0|0|0.2774739734252219|0.5549479468504422|0.8324219202756641|1.109895893700886
611.6|1.0|0.7|0.0|0|0.7529634647641803|1.5059269295283564|2.258890394292537|3.011853859056717
611.8|1.0|0.7|0.0|0|0.5549479476059792|1.1098958952119553|1.6648438428179344|2.2197917904239137
612.0|1.0|0.7|0.0|0|-0.1261245332082036|-0.25224906641640654|-0.37837359962461015|-0.5044981328328138
612.2|1.0|0.7|0.0|0|0.744134746782948|1.4882694935658918|2.2324042403488398|2.976538987131788
612.4|1.0|0.7|0.0|0|-7.217749953269965e-11|-1.4435499906539888e-10|-2.1653249859809853e-10|-2.887099981307982e-10
612.6|1.0|0.7|0.0|0|0.43260714956210033|0.8652142991241982|1.2978214486862987|1.730428598248399
612.8|1.0|0.7|0.0|0|0.14378196805715573|0.2875639361143107|0.4313459041714664|0.5751278722286222
613.0|1.0|0.7|0.0|0|0.025224906259682052|0.050449812519363965|0.07567471877904601|0.10089962503872807
613.2|1.0|0.7|0.0|0|0.5070206235087248|1.014041247017447|1.5210618705261716|2.0280824940348965
613.4|1.0|0.7|0.0|0|0.3922472991852559|0.7844945983705096|1.1767418975557655|1.5689891967410214
613.6|1.0|0.7|0.0|0|0.45404832063708495|0.9080966412741673|1.3621449619112522|1.8161932825483373
613.8|1.0|0.7|0.0|0|0.090809663750697|0.1816193275013935|0.2724289912520905|0.3632386550027875
614.0|1.0|0.7|0.0|0|0.6394513850490335|1.2789027700980635|1.918354155147097|2.5578055401961306
614.2|1.0|0.7|0.0|0|0.16900687506655246|0.338013750133104|0.5070206251996564|0.676027500266209
614.4|1.0|0.7|0.0|0|0.7163873495545711|1.4327746991091381|2.149162048663709|2.8655493982182803
614.6|1.0|0.7|0.0|0|0.6154877229244454|1.2309754458488873|1.8464631687733326|2.461950891697778
614.8|1.0|0.7|0.0|0|0.7441347471129854|1.4882694942259667|2.232404241338952|2.9765389884519378
615.0|1.0|0.7|0.0|0|0.24468159475480228|0.4893631895096032|0.7340447842644054|0.9787263790192078
615.2|1.0|0.7|0.0|0|0.353148693571566|0.7062973871431301|1.059446080714696|1.412594774286262
615.4|1.0|0.7|0.0|0|0.1841418183688076|0.36828363673761416|0.5524254551064218|0.7365672734752293
615.6|1.0|0.7|0.0|0|0.5234168140182742|1.0468336280365456|1.5702504420548196|2.093667256073094
615.8|1.0|0.7|0.0|0|0.34305873060482583|0.6861174612096498|1.0291761918144757|1.3722349224193016
616.0|1.0|0.7|0.0|0|1.2486328807013354|2.4972657614026637|3.7458986421039993|4.994531522805334
616.2|1.0|0.7|0.0|0|0.8374669014755644|1.674933802951124|2.5124007044266885|3.349867605902253
616.4|1.0|0.7|0.0|0|0.9194478483212887|1.8388956966425722|2.758343544963861|3.67779139328515
616.6|1.0|0.7|0.0|0|0.8677367889700698|1.7354735779401347|2.6032103669102047|3.4709471558802742
616.8|1.0|0.7|0.0|0|0.7744046346709372|1.54880926934187|2.3232139040128073|3.0976185386837445
617.0|1.0|0.7|0.0|0|0.8727817709581003|1.7455635419161957|2.618345312874296|3.4911270838323962
617.2|1.0|0.7|0.0|0|0.5940465520828735|1.1880931041657437|1.7821396562486171|2.3761862083314904
617.4|1.0|0.7|0.0|0|1.1187246106669781|2.23744922133395|3.3561738320009287|4.474898442667906
617.6|1.0|0.7|0.0|0|0.4250396775646372|0.850079355129272|1.2751190326939092|1.7001587102585463
617.8|1.0|0.7|0.0|0|1.1603457069868466|2.3206914139736865|3.481037120960533|4.641382827947379
618.0|1.0|0.7|0.0|0|1.3760186592111143|2.752037318422221|4.128055977633335|5.504074636844449
618.2|1.0|0.7|0.0|0|0.30269888075010415|0.6053977615002065|0.9080966422503107|1.2107955230004148
618.4|1.0|0.7|0.0|0|0.4149497139907911|0.82989942798158|1.244849141972371|1.6597988559631622
618.6|1.0|0.7|0.0|0|0.23333038720535135|0.4666607744107014|0.6999911616160528|0.9333215488214041
618.8|1.0|0.7|0.0|0|0.49819190687732817|0.9963838137546536|1.4945757206319816|1.9927676275093098
619.0|1.0|0.7|0.0|0|0.6281001762469538|1.256200352493904|1.8843005287408578|2.5124007049878117
619.2|1.0|0.7|0.0|0|0.29260891828511404|0.5852178365702264|0.8778267548553405|1.1704356731404544
619.4|1.0|0.7|0.0|0|0.581434099542094|1.1628681990841847|1.7443022986262786|2.3257363981683725
619.6|1.0|0.7|0.0|0|0.00882871798414272|0.017657435968285392|0.026486153952428114|0.03531487193657083
619.8|1.0|0.7|0.0|0|0.8715205257607166|1.7430410515214283|2.614561577282145|3.4860821030428615
620.0|1.0|0.7|0.0|0|0.370806128062541|0.74161225612508|1.112418384187621|1.483224512250162
620.2|1.0|0.7|0.0|0|0.27242899195000086|0.5448579839000003|0.8172869758500011|1.089715967800002
620.4|1.0|0.7|0.0|0|0.5852178342919802|1.1704356685839572|1.7556535028759372|2.3408713371679175
620.6|1.0|0.7|0.0|0|0.5549479474022524|1.1098958948045017|1.664843842206754|2.2197917896090065
620.8|1.0|0.7|0.0|0|1.0758422691351743|2.151684538270343|3.2275268074055172|4.303369076540691
621.0|1.0|0.7|0.0|0|0.29387016320833964|0.5877403264166776|0.8816104896250172|1.1754806528333568
621.2|1.0|0.7|0.0|0|1.2246692191390331|2.4493384382780596|3.674007657417093|4.8986768765561255
621.4|1.0|0.7|0.0|0|0.07693596502067528|0.15387193004135014|0.23080789506202543|0.3077438600827007
621.6|1.0|0.7|0.0|0|0.7920620695728583|1.5841241391457122|2.3761862087185706|3.1682482782914287
621.8|1.0|0.7|0.0|0|0.6520638383104239|1.304127676620844|1.956191514931268|2.608255353241692
622.0|1.0|0.7|0.0|0|0.5675604009098612|1.1351208018197192|1.7026812027295801|2.2702416036394415
622.2|1.0|0.7|0.0|0|0.15387193097965807|0.30774386195931525|0.4616157929389733|0.6154877239186314
622.4|1.0|0.7|0.0|0|1.0569235890678839|2.1138471781357615|3.1707707672036456|4.227694356271529
622.6|1.0|0.7|0.0|0|0.6344064026075654|1.2688128052151273|1.9032192078226926|2.537625610430258
622.8|1.0|0.7|0.0|0|0.24342034967034146|0.4868406993406816|0.7302610490110231|0.9736813986813645
623.0|1.0|0.7|0.0|0|1.0342211737064655|2.068442347412925|3.1026635211193905|4.136884694825856
623.2|1.0|0.7|0.0|0|0.6281001763988757|1.256200352797748|1.8843005291966237|2.5124007055954993
623.4|1.0|0.7|0.0|0|0.83620565688063|1.6724113137612553|2.5086169706418855|3.3448226275225155
623.6|1.0|0.7|0.0|0|0.6873787070100668|1.3747574140201297|2.0621361210301963|2.749514828040263
623.8|1.0|0.7|0.0|0|0.7983682961872554|1.5967365923745063|2.3951048885617614|3.193473184749017
624.0|1.0|0.7|0.0|0|0.7895395785046283|1.5790791570092522|2.3686187355138806|3.1581583140185088
624.2|1.0|0.7|0.0|0|1.268812805466588|2.5376256109331687|3.8064384163997564|5.075251221866345
624.4|1.0|0.7|0.0|0|0.5612541742605395|1.1225083485210758|1.6837625227816153|2.245016697042155
624.6|1.0|0.7|0.0|0|0.3216175591241338|0.6432351182482658|0.9648526773723998|1.2864702364965335
624.8|1.0|0.7|0.0|0|0.7718821449851391|1.543764289970274|2.315646434955413|3.0875285799405523
625.0|1.0|0.7|0.0|0|0.6104427410097565|1.2208854820195096|1.8313282230292662|2.441770964039023
625.2|1.0|0.7|0.0|0|1.107373402841041|2.2147468056820756|3.3221202085231165|4.429493611364157
625.4|1.0|0.7|0.0|0|0.8399893928185346|1.6799787856370645|2.519968178455599|3.3599575712741334
625.6|1.0|0.7|0.0|0|0.691162443842041|1.3823248876840781|2.073487331526119|2.7646497753681603
625.8|1.0|0.7|0.0|0|0.5839565892209071|1.167913178441811|1.7518697676627182|2.3358263568836253
626.0|1.0|0.7|0.0|0|0.3859410721296448|0.7718821442592875|1.1578232163889322|1.543764288518577
626.2|1.0|0.7|0.0|0|0.7491797287575908|1.4983594575151773|2.247539186272768|2.9967189150303586
626.4|1.0|0.7|0.0|0|0.4363908857392384|0.8727817714784744|1.3091726572177127|1.7455635429569512
626.6|1.0|0.7|0.0|0|-0.11351208033040176|-0.2270241606608029|-0.34053624099120466|-0.4540483213216064
626.8|1.0|0.7|0.0|0|0.5398130022414266|1.0796260044828503|1.619439006724277|2.1592520089657037
627.0|1.0|0.7|0.0|0|0.3594549198547614|0.7189098397095208|1.0783647595642822|1.4378196794190437
627.2|1.0|0.7|0.0|0|0.15891691219527287|0.31783382439054486|0.4767507365858178|0.6356676487810906
627.4|1.0|0.7|0.0|0|0.31531133409647766|0.6306226681929535|0.9459340022894311|1.2612453363859089
627.6|1.0|0.7|0.0|0|0.41873345031868703|0.8374669006373717|1.2562003509560589|1.674933801274746
627.8|1.0|0.7|0.0|0|0.2926089173939547|0.5852178347879078|0.8778267521818626|1.1704356695758174
628.0|1.0|0.7|0.0|0|0.5360292656673123|1.0720585313346216|1.608087797001934|2.1441170626692463
628.2|1.0|0.7|0.0|0|0.3594549199385805|0.718909839877159|1.0783647598157393|1.43781967975432
628.4|1.0|0.7|0.0|0|-0.018918680137721838|-0.03783736027544357|-0.05675604041316541|-0.07567472055088725
628.6|1.0|0.7|0.0|0|0.35819367468124286|0.7163873493624837|1.0745810240437266|1.4327746987249694
628.8|1.0|0.7|0.0|0|0.10972834453743427|0.21945668907486793|0.32918503361230217|0.43891337814973647
629.0|1.0|0.7|0.0|0|0.0403598506614799|0.08071970132295958|0.12107955198443948|0.16143940264591938
629.2|1.0|0.7|0.0|0|-0.15513317564211335|-0.3102663512842258|-0.4653995269263392|-0.6205327025684525
629.4|1.0|0.7|0.0|0|0.08450343859614812|0.16900687719229576|0.2535103157884439|0.338013754384592
629.6|1.0|0.7|0.0|0|0.6558475738350541|1.3116951476701044|1.9675427215051586|2.6233902953402124
629.8|1.0|0.7|0.0|0|0.49566941583121704|0.9913388316624313|1.4870082474936483|1.9826776633248655
630.0|1.0|0.7|0.0|0|0.668460026637768|1.3369200532755323|2.0053800799133006|2.6738401065510686
630.2|1.0|0.7|0.0|0|0.8298994302790387|1.6597988605580727|2.4896982908371115|3.31959772111615
630.4|1.0|0.7|0.0|0|0.20810548109584506|0.41621096219168896|0.624316443287534|0.8324219243833791
630.6|1.0|0.7|0.0|0|0.4767507363762711|0.9535014727525395|1.4302522091288106|1.9070029455050816
630.8|1.0|0.7|0.0|0|0.4477420936006824|0.8954841872013622|1.3432262808020448|1.790968374402727
631.0|1.0|0.7|0.0|0|0.3153113338665574|0.630622667733113|0.9459340015996704|1.2612453354662279
631.2|1.0|0.7|0.0|0|0.49440817092836414|0.9888163418567255|1.4832245127850896|1.9776326837134537
631.4|1.0|0.7|0.0|0|0.6344064027903374|1.2688128055806713|1.9032192083710089|2.537625611161346
631.6|1.0|0.7|0.0|0|0.8992679239407888|1.7985358478815727|2.6978037718223615|3.5970716957631503
631.8|1.0|0.7|0.0|0|0.8677367901103579|1.7354735802207109|2.6032103703310687|3.4709471604414266
632.0|1.0|0.7|0.0|0|0.5208943228906724|1.041788645781342|1.5626829686720143|2.0835772915626865
632.2|1.0|0.7|0.0|0|0.6217939497419871|1.2435878994839709|1.865381849225958|2.4871757989679453
632.4|1.0|0.7|0.0|0|0.6356676483724738|1.271335296744944|1.9070029451174177|2.5426705934898917
632.6|1.0|0.7|0.0|0|0.5360292662156285|1.072058532431254|1.6080877986468824|2.144117064862511
632.8|1.0|0.7|0.0|0|0.4439583571086409|0.8879167142172792|1.3318750713259202|1.7758334284345612
633.0|1.0|0.7|0.0|0|1.0544010989856916|2.1088021979713774|3.163203296957069|4.21760439594276
633.2|1.0|0.7|0.0|0|0.0668460031523137|0.13369200630462702|0.20053800945694072|0.26738401260925443
633.4|1.0|0.7|0.0|0|0.05044981347862636|0.10089962695725244|0.15134944043587878|0.20179925391450515
633.6|1.0|0.7|0.0|0|0.9736813980841552|1.947362796168305|2.92104419425246|3.8947255923366155
633.8|1.0|0.7|0.0|0|0.9181866037036533|1.8363732074073016|2.754559811110955|3.672746414814608
634.0|1.0|0.7|0.0|0|0.7378285206388688|1.4756570412777337|2.2134855619166025|2.9513140825554713
634.2|1.0|0.7|0.0|0|0.8008907876926249|1.6017815753852453|2.40267236307787|3.203563150770495
634.4|1.0|0.7|0.0|0|0.2270241595810514|0.45404831916210153|0.681072478743153|0.9080966383242044
634.6|1.0|0.7|0.0|0|0.2055829897604419|0.41116597952088263|0.6167489692813245|0.8223319590417664
634.8|1.0|0.7|0.0|0|0.19044804565433895|0.38089609130867685|0.5713441369630158|0.7617921826173547
635.0|1.0|0.7|0.0|0|0.8551243370072924|1.71024867401458|2.5653730110218724|3.4204973480291647
635.2|1.0|0.7|0.0|0|-0.31909507061354847|-0.6381901412270952|-0.9572852118406435|-1.276380282454192
635.4|1.0|0.7|0.0|0|0.3241400505643108|0.6482801011286198|0.9724201516929306|1.2965602022572413
635.6|1.0|0.7|0.0|0|0.8008907877019381|1.6017815754038718|2.40267236310581|3.203563150807748
635.8|1.0|0.7|0.0|0|0.8551243369671291|1.7102486739342535|2.5653730109013826|3.4204973478685115
636.0|1.0|0.7|0.0|0|0.5990915333479648|1.1981830666959263|1.797274600043891|2.396366133391856
636.2|1.0|0.7|0.0|0|0.6482801018818287|1.2965602037636539|1.9448403056454826|2.5931204075273113
636.4|1.0|0.7|0.0|0|0.6873787072498823|1.3747574144997607|2.062136121749643|2.7495148289995255
636.6|1.0|0.7|0.0|0|0.2951314084359913|0.5902628168719809|0.8853942253079723|1.1805256337439636
636.8|1.0|0.7|0.0|0|0.42251718683692197|0.8450343736738416|1.2675515605107637|1.6900687473476856
637.0|1.0|0.7|0.0|0|0.27242899195756787|0.5448579839151342|0.8172869758727022|1.08971596783027
637.2|1.0|0.7|0.0|0|0.14756570537516395|0.29513141075032706|0.442697116125491|0.590262821500655
637.4|1.0|0.7|0.0|0|-0.055494794792612136|-0.11098958958522395|-0.16648438437783608|-0.2219791791704482
637.6|1.0|0.7|0.0|0|-0.22197917855461147|-0.4439583571092217|-0.6659375356638332|-0.8879167142184446
637.8|1.0|0.7|0.0|0|0.5082818696339386|1.0165637392678744|1.5248456089018132|2.033127478535752
638.0|1.0|0.7|0.0|0|0.5196330773527739|1.0392661547055448|1.5588992320583186|2.0785323094110923
638.2|1.0|0.7|0.0|0|0.38467982710048126|0.7693596542009603|1.1540394813014416|1.5387193084019228
638.4|1.0|0.7|0.0|0|0.8198094671400038|1.6396189342800032|2.459428401420007|3.2792378685600108
638.6|1.0|0.7|0.0|0|0.23206914086302297|0.46413828172604465|0.6962074225890676|0.9282765634520906
638.8|1.0|0.7|0.0|0|0.5877403262298326|1.1754806524596622|1.7632209786894948|2.3509613049193274
639.0|1.0|0.7|0.0|0|0.5978302875353262|1.195660575070649|1.7934908626059751|2.391321150141301
639.2|1.0|0.7|0.0|0|1.0190862301690513|2.038172460338097|3.0572586905071484|4.0763449206762
639.4|1.0|0.7|0.0|0|0.8917004512419233|1.7834009024838418|2.6751013537257653|3.5668018049676884
639.6|1.0|0.7|0.0|0|0.32161756014160375|0.6432351202832057|0.9648526804248094|1.2864702405664132
639.8|1.0|0.7|0.0|0|0.7971070504264215|1.5942141008528385|2.39132115127926|3.1884282017056815
640.0|1.0|0.7|0.0|0|0.6558475733827805|1.3116951467655575|1.967542720148338|2.6233902935311186
640.2|1.0|0.7|0.0|0|0.24468159446434606|0.48936318892869074|0.7340447833930368|0.9787263778573828
640.4|1.0|0.7|0.0|0|0.5801728536852175|1.1603457073704317|1.7405185610556493|2.3206914147408666
640.6|1.0|0.7|0.0|0|0.10216087208362305|0.20432174416724555|0.3064826162508686|0.40864348833449166
640.8|1.0|0.7|0.0|0|0.9547627174179079|1.9095254348358104|2.8642881522537182|3.819050869671626
641.0|1.0|0.7|0.0|0|0.5007143985707084|1.0014287971414142|1.5021431957121225|2.002857594282831
641.2|1.0|0.7|0.0|0|0.48179571777000135|0.96359143554|1.4453871533100013|1.9271828710800027
641.4|1.0|0.7|0.0|0|0.6432351213187217|1.28647024263744|1.9297053639561619|2.5729404852748834
641.6|1.0|0.7|0.0|0|0.4590933020069501|0.9181866040138976|1.3772799060208476|1.8363732080277977
641.8|1.0|0.7|0.0|0|0.78449459758238|1.5689891951647557|2.3534837927471357|3.1379783903295158
642.0|1.0|0.7|0.0|0|0.47548949092102744|0.9509789818420522|1.4264684727630796|1.901957963684107
642.2|1.0|0.7|0.0|0|0.9471952456008884|1.8943904912017715|2.84158573680266|3.7887809824035483
642.4|1.0|0.7|0.0|0|0.759269690357033|1.5185393807140617|2.2778090710710943|3.0370787614281274
642.6|1.0|0.7|0.0|0|0.5259393045882467|1.0518786091764902|1.577817913764737|2.1037572183529836
642.8|1.0|0.7|0.0|0|0.6457576110790256|1.2915152221580477|1.9372728332370734|2.583030444316099
643.0|1.0|0.7|0.0|0|0.3001763898791981|0.6003527797583945|0.9005291696375926|1.2007055595167906
643.2|1.0|0.7|0.0|0|0.4313459035626151|0.8626918071252277|1.294037710687843|1.725383614250458
643.4|1.0|0.7|0.0|0|-0.05801728538470348|-0.11603457076940664|-0.17405185615411012|-0.23206914153881358
643.6|1.0|0.7|0.0|0|0.3026988807128512|0.6053977614257008|0.908096642138552|1.2107955228514031
643.8|1.0|0.7|0.0|0|0.43134590484027324|0.862691809680544|1.2940377145208173|1.7253836193610905
644.0|1.0|0.7|0.0|0|0.910619131621207|1.821238263242409|2.731857394863616|3.642476526484823
644.2|1.0|0.7|0.0|0|0.5927853073069133|1.1855706146138232|1.7783559219207365|2.37114122922765
644.4|1.0|0.7|0.0|0|0.6154877229162963|1.2309754458325892|1.8464631687488855|2.461950891665182
644.6|1.0|0.7|0.0|0|0.12612453362438839|0.2522490672487761|0.37837360087316446|0.5044981344975529
644.8|1.0|0.7|0.0|0|0.8034132778027567|1.606826555605509|2.4102398334082658|3.2136531112110225
645.0|1.0|0.7|0.0|0|0.4023372610547816|0.804674522109561|1.2070117831643425|1.6093490442191243
645.2|1.0|0.7|0.0|0|0.14504321323125635|0.2900864264625119|0.4351296396937683|0.5801728529250246
645.4|1.0|0.7|0.0|0|1.002690040069284|2.005380080138562|3.008070120207846|4.01076016027713
645.6|1.0|0.7|0.0|0|0.4717057548009329|0.9434115096018632|1.415117264402796|1.886823019203729
645.8|1.0|0.7|0.0|0|0.35567118511127804|0.7113423702225541|1.0670135553338322|1.4226847404451102
646.0|1.0|0.7|0.0|0|0.44143586709571575|0.8828717341914291|1.3243076012871449|1.7657434683828606
646.2|1.0|0.7|0.0|0|0.16522313850699008|0.3304462770139792|0.4956694155209693|0.6608925540279593
646.4|1.0|0.7|0.0|0|0.05297230488038627|0.10594460976077223|0.1589169146411585|0.21188921952154477
646.6|1.0|0.7|0.0|0|0.9471952459518806|1.894390491903756|2.8415857378556364|3.7887809838075173
646.8|1.0|0.7|0.0|0|0.6356676484312634|1.2713352968625236|1.9070029452937869|2.5426705937250507
647.0|1.0|0.7|0.0|0|0.27747397357772596|0.5549479471554504|0.8324219207331763|1.1098958943109023
647.2|1.0|0.7|0.0|0|1.0707972884195633|2.141594576839121|3.212391865258684|4.283189153678247
647.4|1.0|0.7|0.0|0|0.2345916325732835|0.46918326514656566|0.7037748977198491|0.9383665302931327
647.6|1.0|0.7|0.0|0|0.20179925384989492|0.4035985076997887|0.6053977615496836|0.8071970153995786
647.8|1.0|0.7|0.0|0|0.3859410725528145|0.7718821451056268|1.1578232176584413|1.5437642902112558
648.0|1.0|0.7|0.0|0|-0.1500881952699275|-0.3001763905398542|-0.45026458580978174|-0.6003527810797092
648.2|1.0|0.7|0.0|0|0.44017462103394833|0.8803492420678942|1.3205238631018426|1.7606984841357909
648.4|1.0|0.7|0.0|0|0.13999823269492492|0.27999646538984907|0.419994698084774|0.5599929307796989
648.6|1.0|0.7|0.0|0|0.4792732266325042|0.9585464532650058|1.43781967989751|1.9170929065300142
648.8|1.0|0.7|0.0|0|-0.04162109564407732|-0.08324219128815441|-0.12486328693223174|-0.16648438257630907
649.0|1.0|0.7|0.0|0|0.552425456635538|1.104850913271073|1.657276369906611|2.2097018265421493
649.2|1.0|0.7|0.0|0|0.31909506991854897|0.6381901398370962|0.9572852097556451|1.276380279674194
649.4|1.0|0.7|0.0|0|0.32792378641315767|0.6558475728263135|0.9837713592394711|1.3116951456526287
649.6|1.0|0.7|0.0|0|0.2245016699656846|0.449003339931368|0.6735050098970526|0.8980066798627372
649.8|1.0|0.7|0.0|0|0.40990473411046|0.8198094682209178|1.2297142023313778|1.6396189364418379
650.0|1.0|0.7|0.0|0|0.3190950698620875|0.6381901397241733|0.9572852095862608|1.2763802794483483
650.2|1.0|0.7|0.0|0|0.07945845638925682|0.15891691277851322|0.23837536916777002|0.31783382555702683
650.4|1.0|0.7|0.0|0|0.02144117086427288|0.042882341728545645|0.06432351259281853|0.08576468345709141
650.6|1.0|0.7|0.0|0|0.6318839123717049|1.2637678247434063|1.8956517371151111|2.527535649486816
650.8|1.0|0.7|0.0|0|0.9055741492199021|1.811148298439799|2.716722447659701|3.6222965968796035
651.0|1.0|0.7|0.0|0|0.9144028678850744|1.828805735770144|2.7432086036552183|3.6576114715402928
651.2|1.0|0.7|0.0|0|0.31405008772562754|0.6281001754512533|0.9421502631768808|1.2562003509025084
651.4|1.0|0.7|0.0|0|0.3115275976451815|0.6230551952903612|0.9345827929355428|1.2461103905807243
651.6|1.0|0.7|0.0|0|-3.410968929529193e-10|-6.821937859058367e-10|-1.023290678858756e-09|-1.3643875718116753e-09
651.8|1.0|0.7|0.0|0|0.23711412333592327|0.47422824667184527|0.7113423700077686|0.9484564933436918
652.0|1.0|0.7|0.0|0|0.06053977572883019|0.12107955145766004|0.18161932718649024|0.24215910291532042
652.2|1.0|0.7|0.0|0|0.4843182085227458|0.968636417045489|1.4529546255682348|1.9372728340909806
652.4|1.0|0.7|0.0|0|0.2371141224971509|0.47422824499430044|0.7113423674914513|0.9484564899886022
652.6|1.0|0.7|0.0|0|0.5524254563509026|1.104850912701802|1.6572763690527046|2.209701825403607
652.8|1.0|0.7|0.0|0|0.6129652333265408|1.2259304666530784|1.8388956999796193|2.4518609333061603
653.0|1.0|0.7|0.0|0|0.658370064538322|1.3167401290766405|1.9751101936149624|2.6334802581532846
653.2|1.0|0.7|0.0|0|0.5335067752294713|1.0670135504589395|1.6005203256884108|2.134027100917882
653.4|1.0|0.7|0.0|0|0.10089962599857254|0.20179925199714452|0.30269887799571704|0.4035985039942896
653.6|1.0|0.7|0.0|0|0.43639088624215255|0.8727817724843028|1.3091726587264554|1.745563544968608
653.8|1.0|0.7|0.0|0|0.15134944051795188|0.3026988810359029|0.4540483215538548|0.6053977620718066
654.0|1.0|0.7|0.0|0|0.38467982669535594|0.7693596533907098|1.1540394800860656|1.5387193067814215
654.2|1.0|0.7|0.0|0|0.508281868983759|1.0165637379675152|1.5248456069512744|2.0331274759350335
654.4|1.0|0.7|0.0|0|0.3985535260778855|0.7971070521557688|1.1956605782336545|1.5942141043115399
654.6|1.0|0.7|0.0|0|0.05297230447467887|0.10594460894935745|0.1589169134240363|0.21188921789871518
654.8|1.0|0.7|0.0|0|0.1324307598336601|0.26486151966731947|0.39729227950097956|0.5297230393346396
655.0|1.0|0.7|0.0|0|0.021441170633770545|0.04288234126754097|0.06432351190131151|0.08576468253508206
655.2|1.0|0.7|0.0|0|0.3153113344009037|0.6306226688018057|0.9459340032027094|1.261245337603613
655.4|1.0|0.7|0.0|0|0.8942229415033952|1.7884458830067853|2.6826688245101806|3.576891766013576
655.6|1.0|0.7|0.0|0|0.6407126290939056|1.2814252581878076|1.9221378872817132|2.562850516375619
655.8|1.0|0.7|0.0|0|0.7428735019371385|1.485747003874273|2.2286205058114117|2.97149400774855
656.0|1.0|0.7|0.0|0|0.819809466920561|1.6396189338411173|2.4594284007616785|3.279237867682239
656.2|1.0|0.7|0.0|0|0.615487723498955|1.2309754469979066|1.8464631704968615|2.4619508939958163
656.4|1.0|0.7|0.0|0|0.5347680221340857|1.0695360442681683|1.604304066402254|2.1390720885363397
656.6|1.0|0.7|0.0|0|0.9749426428694287|1.949885285738852|2.9248279286082806|3.8997705714777093
656.8|1.0|0.7|0.0|0|-0.25981653843249686|-0.5196330768649923|-0.779449615297489|-1.0392661537299859
657.0|1.0|0.7|0.0|0|0.6192714582104242|1.2385429164208448|1.857814374631269|2.477085832841693
657.2|1.0|0.7|0.0|0|0.3254012965713631|0.6508025931427243|0.9762038897140873|1.3016051862854503
657.4|1.0|0.7|0.0|0|0.4136884698498765|0.8273769396997507|1.2410654095496272|1.6547538793995036
657.6|1.0|0.7|0.0|0|0.5019756433455045|1.0039512866910063|1.5059269300365108|2.0079025733820153
657.8|1.0|0.7|0.0|0|0.03783736028068237|0.07567472056136453|0.11351208084204689|0.15134944112272924
658.0|1.0|0.7|0.0|0|0.31026635217072934|0.620532704341457|0.9307990565121863|1.2410654086829156
658.2|1.0|0.7|0.0|0|0.6331451575638499|1.2662903151276963|1.8994354726915463|2.532580630255396
658.4|1.0|0.7|0.0|0|0.27999646418378715|0.5599929283675728|0.8399893925513598|1.119985856735147
658.6|1.0|0.7|0.0|0|0.012612452532048348|0.025224905064096626|0.037837357596144976|0.05044981012819332
658.8|1.0|0.7|0.0|0|0.3859410729684172|0.7718821459368322|1.1578232189052495|1.5437642918736667
659.0|1.0|0.7|0.0|0|0.577650363214198|1.155300726428393|1.732951089642591|2.310601452856789
659.2|1.0|0.7|0.0|0|0.8071970142953804|1.6143940285907563|2.4215910428861367|3.228788057181517
659.4|1.0|0.7|0.0|0|0.7655759182374465|1.5311518364748888|2.2967277547123355|3.062303672949782
659.6|1.0|0.7|0.0|0|0.7378285199060344|1.4756570398120648|2.2134855597180993|2.9513140796241335
659.8|1.0|0.7|0.0|0|0.9207090929191335|1.841418185838262|2.7621272787573954|3.6828363716765287
660.0|1.0|0.7|0.0|0|0.5360292667715116|1.0720585335430204|1.608087800314532|2.1441170670860434
660.2|1.0|0.7|0.0|0|0.3998147707286993|0.7996295414573964|1.1994443121860956|1.599259082914795
660.4|1.0|0.7|0.0|0|0.8122419942350833|1.624483988470162|2.436725982705245|3.2489679769403286
660.6|1.0|0.7|0.0|0|0.7037748959107564|1.4075497918215087|2.111324687732265|2.8150995836430215
660.8|1.0|0.7|0.0|0|0.7037748963769997|1.4075497927539955|2.111324689130995|2.815099585507995
661.0|1.0|0.7|0.0|0|1.0216087214002627|2.0432174428005196|3.064826164200783|4.0864348856010455
661.2|1.0|0.7|0.0|0|0.5549479465989866|1.1098958931979703|1.664843839796957|2.2197917863959438
661.4|1.0|0.7|0.0|0|0.39729228090029245|0.7945845618005827|1.1918768427008752|1.5891691236011676
661.6|1.0|0.7|0.0|0|0.3657611467363316|0.7315222934726612|1.0972834402089928|1.4630445869453244
661.8|1.0|0.7|0.0|0|0.31531133359822006|0.6306226671964383|0.9459340007946585|1.2612453343928784
662.0|1.0|0.7|0.0|0|0.20179925319622288|0.40359850639244466|0.6053977595886676|0.8071970127848904
662.2|1.0|0.7|0.0|0|0.2951314085349443|0.590262817069887|0.8853942256048313|1.1805256341397756
662.4|1.0|0.7|0.0|0|0.04414358671347149|0.08828717342694273|0.13243076014041422|0.1765743468538857
662.6|1.0|0.7|0.0|0|0.1917092915374089|0.3834185830748167|0.5751278746122256|0.7668371661496345
662.8|1.0|0.7|0.0|0|0.6621538003231404|1.3243076006462773|1.9864614009694177|2.648615201292558
663.0|1.0|0.7|0.0|0|0.8034132778679494|1.6068265557358943|2.4102398336038435|3.213653111471793
663.2|1.0|0.7|0.0|0|0.7453959924267844|1.4907919848535647|2.2361879772803492|2.981583969707134
663.4|1.0|0.7|0.0|0|0.5776503624930052|1.1553007249860072|1.7329510874790124|2.3106014499720176
663.6|1.0|0.7|0.0|0|0.0037837362894788417|0.007567472578957663|0.011351208868436505|0.015134945157915346
663.8|1.0|0.7|0.0|0|0.5171105876920051|1.0342211753840074|1.5513317630760124|2.0684423507680174
664.0|1.0|0.7|0.0|0|0.4225171871401839|0.8450343742803654|1.2675515614205493|1.6900687485607333
664.2|1.0|0.7|0.0|0|0.3392749951343288|0.6785499902686557|1.0178249854029846|1.3570999805373134
664.4|1.0|0.7|0.0|0|0.6091814957669709|1.2183629915339385|1.8275444873009092|2.43672598306788
664.6|1.0|0.7|0.0|0|0.6861174617195508|1.3722349234390978|2.0583523851586487|2.7444698468781996
664.8|1.0|0.7|0.0|0|0.025224907544907204|0.05044981508981427|0.07567472263472147|0.10089963017962868
665.0|1.0|0.7|0.0|0|0.45657081039447844|0.9131416207889543|1.3697124311834328|1.826283241577911
665.2|1.0|0.7|0.0|0|0.8198094673728344|1.6396189347456644|2.459428402118499|3.2792378694913333
665.4|1.0|0.7|0.0|0|-0.015134943788871183|-0.03026988757774228|-0.04540483136661346|-0.06053977515548464
665.6|1.0|0.7|0.0|0|0.510804360742914|1.0216087214858252|1.5324130822287392|2.0432174429716534
665.8|1.0|0.7|0.0|0|0.2017992530338235|0.4035985060676459|0.6053977591014694|0.8071970121352929
666.0|1.0|0.7|0.0|0|0.22197917861514743|0.44395835723029364|0.6659375358454411|0.8879167144605885
666.2|1.0|0.7|0.0|0|0.3581936754100028|0.7163873508200036|1.0745810262300064|1.4327747016400092
666.4|1.0|0.7|0.0|0|0.22197917864541544|0.4439583572908296|0.665937535936245|0.8879167145816604
666.6|1.0|0.7|0.0|0|0.728999802851468|1.457999605702932|2.1869994085544002|2.915999211405868
666.8|1.0|0.7|0.0|0|0.7693596543528844|1.5387193087057647|2.3080789630586493|3.077438617411534
667.0|1.0|0.7|0.0|0|0.46413828248973044|0.9282765649794583|1.3924148474691889|1.8565531299589193
667.2|1.0|0.7|0.0|0|0.8298994295182646|1.6597988590365245|2.489698288554789|3.3195977180730534
667.4|1.0|0.7|0.0|0|0.2863026910257761|0.5726053820515506|0.8589080730773268|1.1452107641031029
667.6|1.0|0.7|0.0|0|0.33044627829280243|0.6608925565856031|0.9913388348784056|1.321785113171208
667.8|1.0|0.7|0.0|0|0.15261068597494173|0.3052213719498826|0.45783205792482434|0.610442743899766
668.0|1.0|0.7|0.0|0|0.5410742479696642|1.0821484959393253|1.6232227439089895|2.1642969918786537
668.2|1.0|0.7|0.0|0|0.2005380086059451|0.40107601721188907|0.6016140258178342|0.8021520344237792
668.4|1.0|0.7|0.0|0|0.2711677470454017|0.542335494090802|0.8135032411362036|1.0846709881816055
668.6|1.0|0.7|0.0|0|0.0794584556634073|0.15891691132681415|0.23837536699022144|0.31783382265362875
668.8|1.0|0.7|0.0|0|0.523416813850054|1.0468336277001051|1.5702504415501592|2.0936672554002134
669.0|1.0|0.7|0.0|0|1.2536778620461713|2.5073557240923354|3.7610335861385065|5.014711448184678
669.2|1.0|0.7|0.0|0|-0.010089963513310077|-0.020179927026620095|-0.030269890539930174|-0.040359854053240246
669.4|1.0|0.7|0.0|0|0.26612276512198174|0.532245530243962|0.7983682953659438|1.0644910604879254
669.6|1.0|0.7|0.0|0|0.2623390292620754|0.5246780585241494|0.7870170877862248|1.0493561170483003
669.8|1.0|0.7|0.0|0|0.46792201946664175|0.9358440389332809|1.4037660583999227|1.8716880778665645
670.0|1.0|0.7|0.0|0|0.7592696909612284|1.5185393819224526|2.2778090728836813|3.0370787638449097
670.2|1.0|0.7|0.0|0|0.017657434688881056|0.035314869377762015|0.05297230406664307|0.07062973875552413
670.4|1.0|0.7|0.0|0|0.7643146719888325|1.5286293439776608|2.2929440159664933|3.0572586879553256
670.6|1.0|0.7|0.0|0|0.22071793286770136|0.4414358657354015|0.6621537986031029|0.8828717314708042
670.8|1.0|0.7|0.0|0|-0.10594460854597865|-0.2118892170919567|-0.31783382563793533|-0.423778434183914
671.0|1.0|0.7|0.0|0|0.8551243358326618|1.710248671665319|2.5653730074979806|3.4204973433306423
671.2|1.0|0.7|0.0|0|-0.24468159384559862|-0.48936318769119586|-0.7340447815367945|-0.9787263753823932
671.4|1.0|0.7|0.0|0|0.12738577910349716|0.2547715582069936|0.3821573373104908|0.509543116413988
671.6|1.0|0.7|0.0|0|0.12990827029338117|0.2598165405867616|0.3897248108801428|0.519633081173524
671.8|1.0|0.7|0.0|0|0.19801551759359445|0.3960310351871878|0.5940465527807822|0.7920620703743767
672.0|1.0|0.7|0.0|0|0.26738401080714563|0.5347680216142897|0.8021520324214354|1.069536043228581
672.2|1.0|0.7|0.0|0|0.39603103509813115|0.7920620701962602|1.1880931052943913|1.5841241403925224
672.4|1.0|0.7|0.0|0|0.7340447848726769|1.4680895697453498|2.2021343546180265|2.9361791394907035
672.6|1.0|0.7|0.0|0|0.48431820854952135|0.96863641709904|1.4529546256485615|1.9372728341980827
672.8|1.0|0.7|0.0|0|0.7542247099865933|1.5084494199731824|2.262674129959776|3.016898839946369
673.0|1.0|0.7|0.0|0|0.1841418186854573|0.3682836373709135|0.5524254560563708|0.736567274741828
673.2|1.0|0.7|0.0|0|-0.11098958999151373|-0.22197917998302685|-0.3329687699745406|-0.4439583599660543
673.4|1.0|0.7|0.0|0|0.5448579834628622|1.0897159669257215|1.6345739503885837|2.179431933851446
673.6|1.0|0.7|0.0|0|0.4881019435921921|0.9762038871843816|1.4643058307765735|1.9524077743687658
673.8|1.0|0.7|0.0|0|0.6142264779988914|1.2284529559977795|1.842679433996671|2.4569059119955625
674.0|1.0|0.7|0.0|0|0.8261156941700035|1.6522313883400026|2.4783470825100062|3.3044627766800097
674.2|1.0|0.7|0.0|0|0.2345916331821356|0.46918326636426994|0.7037748995464056|0.9383665327285412
674.4|1.0|0.7|0.0|0|0.34053624049876846|0.681072480997535|1.0216087214963034|1.362144961995072
674.6|1.0|0.7|0.0|0|0.5322455308010108|1.0644910616020187|1.5967365924030295|2.12898212320404
674.8|1.0|0.7|0.0|0|0.605397759940825|1.2107955198816467|1.8161932798224716|2.4215910397632965
675.0|1.0|0.7|0.0|0|0.38467982707021325|0.7693596541404244|1.1540394812106376|1.538719308280851
675.2|1.0|0.7|0.0|0|0.3947697898757182|0.7895395797514342|1.1843093696271523|1.5790791595028706
675.4|1.0|0.7|0.0|0|0.018918680670321937|0.03783736134064377|0.0567560420109657|0.07567472268128764
675.6|1.0|0.7|0.0|0|0.5246780594944725|1.0493561189889422|1.5740341784834149|2.0987122379778875
675.8|1.0|0.7|0.0|0|0.8538630914338872|1.7077261828677697|2.561589274301657|3.4154523657355442
676.0|1.0|0.7|0.0|0|0.04414358661742885|0.08828717323485745|0.1324307598522863|0.17657434646971515
676.2|1.0|0.7|0.0|0|0.8223319582763368|1.644663916552669|2.466995874829006|3.2893278331053426
676.4|1.0|0.7|0.0|0|0.9383665285265315|1.8767330570530576|2.8150995855795893|3.7534661141061205
676.6|1.0|0.7|0.0|0|0.9913388326886352|1.9826776653772649|2.9740164980659|3.965355330754535
676.8|1.0|0.7|0.0|0|0.19927676289284155|0.398553525785682|0.5978302886785235|0.7971070515713651
677.0|1.0|0.7|0.0|0|0.7731433896283859|1.5462867792567674|2.3194301688851535|3.092573558513539
677.2|1.0|0.7|0.0|0|0.6608925548958365|1.3217851097916693|1.982677664687506|2.6435702195833426
677.4|1.0|0.7|0.0|0|0.8046745237137664|1.6093490474275283|2.4140235711412945|3.218698094855061
677.6|1.0|0.7|0.0|0|0.8261156933353057|1.6522313866706069|2.4783470800059124|3.304462773341218
677.8|1.0|0.7|0.0|0|0.39603103428497016|0.7920620685699381|1.1880931028549082|1.5841241371398784
678.0|1.0|0.7|0.0|0|0.41999469734961203|0.8399893946992217|1.2599840920488339|1.679978789398446
678.2|1.0|0.7|0.0|0|0.5246780592884175|1.049356118576832|1.5740341778652494|2.098712237153667
678.4|1.0|0.7|0.0|0|0.29134767113137083|0.5826953422627401|0.874043013394111|1.1653906845254818
678.6|1.0|0.7|0.0|0|-0.1135120801551967|-0.22702416031039277|-0.34053624046558945|-0.45404832062078615
678.8|1.0|0.7|0.0|0|0.451525830366882|0.9030516607337614|1.3545774911006434|1.8061033214675253
679.0|1.0|0.7|0.0|0|0.2219791788404111|0.443958357680821|0.665937536521232|0.8879167153616432
679.2|1.0|0.7|0.0|0|-0.08324219164729592|-0.16648438329459136|-0.24972657494188727|-0.3329687665891832
679.4|1.0|0.7|0.0|0|0.937105283414713|1.8742105668294209|2.8113158502441338|3.7484211336588467
679.6|1.0|0.7|0.0|0|0.4817957183020194|0.963591436604036|1.4453871549060555|1.927182873208075
679.8|1.0|0.7|0.0|0|0.9396277742733954|1.8792555485467857|2.8188833228201813|3.7585110970935767
680.0|1.0|0.7|0.0|0|-0.12107955165847681|-0.24215910331695295|-0.3632386549754298|-0.48431820663390657
680.2|1.0|0.7|0.0|0|0.7781883708806715|1.5563767417613388|2.3345651126420104|3.112753483522682
680.4|1.0|0.7|0.0|0|0.6659375368361368|1.3318750736722698|1.9978126105084064|2.663750147344543
680.6|1.0|0.7|0.0|0|0.1034221178368899|0.20684423567377924|0.3102663535106691|0.41368847134755904
680.8|1.0|0.7|0.0|0|0.41999469615519086|0.8399893923103794|1.2599840884655702|1.679978784620761
681.0|1.0|0.7|0.0|0|0.3644999017211379|0.7289998034422738|1.0934997051634117|1.4579996068845495
681.2|1.0|0.7|0.0|0|0.21945668929314727|0.4389133785862933|0.6583700678794405|0.8778267571725878
681.4|1.0|0.7|0.0|0|0.554947946822504|1.109895893645005|1.6648438404675092|2.219791787290013
681.6|1.0|0.7|0.0|0|0.9522402284661083|1.9044804569322114|2.8567206853983196|3.808960913864428
681.8|1.0|0.7|0.0|0|0.6356676483526832|1.2713352967053628|1.907002945058046|2.542670593410729
682.0|1.0|0.7|0.0|0|0.6558475736802217|1.3116951473604397|1.9675427210406615|2.623390294720883
682.2|1.0|0.7|0.0|0|0.8563855808175875|1.7127711616351702|2.569156742452758|3.4255423232703452
682.4|1.0|0.7|0.0|0|0.5297230407531611|1.0594460815063191|1.5891691222594804|2.1188921630126414
682.6|1.0|0.7|0.0|0|0.38089609030925237|0.7617921806185026|1.142688270927755|1.5235843612370075
682.8|1.0|0.7|0.0|0|0.24594284011458534|0.49188568022916934|0.7378285203437547|0.98377136045834
683.0|1.0|0.7|0.0|0|0.3279237870866203|0.6558475741732388|0.9837713612598591|1.3116951483464794
683.2|1.0|0.7|0.0|0|0.2270241597184215|0.4540483194368417|0.6810724791552633|0.9080966388736847
683.4|1.0|0.7|0.0|0|0.5713441366510238|1.1426882733020445|1.7140324099530682|2.285376546604092
683.6|1.0|0.7|0.0|0|0.9408890202001211|1.881778040400237|2.822667060600358|3.763556080800479
683.8|1.0|0.7|0.0|0|1.259984088332859|2.519968176665711|3.77995226499857|5.039936353331429
684.0|1.0|0.7|0.0|0|0.2976538985996743|0.5953077971993469|0.8929616957990211|1.1906155943986954
684.2|1.0|0.7|0.0|0|0.3455812213837638|0.6911624427675257|1.0367436641512895|1.3823248855350532
684.4|1.0|0.7|0.0|0|0.8866554697655382|1.7733109395310716|2.6599664092966098|3.546621879062148
684.6|1.0|0.7|0.0|0|0.2774739733396566|0.5549479466793117|0.8324219200189683|1.109895893358625
684.8|1.0|0.7|0.0|0|0.8336831658106537|1.6673663316213028|2.5010494974319566|3.3347326632426104
685.0|1.0|0.7|0.0|0|0.5990915324352687|1.198183064870534|1.7972745973058029|2.3963661297410717
685.2|1.0|0.7|0.0|0|0.09459339994704359|0.18918679989408665|0.28378019984113023|0.37837359978817386
685.4|1.0|0.7|0.0|0|0.11225083496538|0.2245016699307594|0.3367525048961394|0.4490033398615194
685.6|1.0|0.7|0.0|0|0.39729227984556964|0.7945845596911371|1.1918768395367068|1.5891691193822763
685.8|1.0|0.7|0.0|0|0.46666077339206863|0.9333215467841347|1.3999823201762034|1.8666430935682718
686.0|1.0|0.7|0.0|0|0.3922472985135395|0.7844945970270768|1.1767418955406164|1.5689891940541558
686.2|1.0|0.7|0.0|0|0.14125947786320478|0.2825189557264088|0.4237784335896136|0.5650379114528183
686.4|1.0|0.7|0.0|0|0.7075586319516884|1.4151172639033731|2.1226758958550613|2.8302345278067502
686.6|1.0|0.7|0.0|0|0.04666607794992164|0.09333215589984302|0.13999823384976467|0.18666431179968632
686.8|1.0|0.7|0.0|0|-0.04414358647307385|-0.08828717294614745|-0.1324307594192213|-0.17657434589229515
687.0|1.0|0.7|0.0|0|0.6154877226799732|1.230975445359943|1.8464631680399162|2.4619508907198893
687.2|1.0|0.7|0.0|0|0.38089609106129535|0.7617921821225886|1.1426882731838839|1.5235843642451792
687.4|1.0|0.7|0.0|0|-0.040359850198729|-0.08071970039745778|-0.12107955059618677|-0.16143940079491578
687.6|1.0|0.7|0.0|0|0.17657434623455645|0.3531486924691119|0.5297230387036683|0.7062973849382248
687.8|1.0|0.7|0.0|0|0.3859410722431497|0.7718821444862973|1.157823216729447|1.5437642889725969
688.0|1.0|0.7|0.0|0|0.539813003300224|1.079626006600445|1.619439009900669|2.1592520132008928
688.2|1.0|0.7|0.0|0|0.5776503625558694|1.1553007251117358|1.732951087667605|2.3106014502234746
688.4|1.0|0.7|0.0|0|0.36828363761887917|0.7365672752377563|1.1048509128566355|1.4731345504755147
688.6|1.0|0.7|0.0|0|0.7353060302336241|1.4706120604672441|2.205918090700868|2.9412241209344923
688.8|1.0|0.7|0.0|0|0.11098958966264046|0.2219791793252803|0.33296876898792077|0.4439583586505612
689.0|1.0|0.7|0.0|0|0.2724289921001766|0.5448579842003518|0.8172869763005284|1.0897159684007052
689.2|1.0|0.7|0.0|0|0.4603545477060838|0.9207090954121651|1.3810636431182488|1.8414181908243326
689.4|1.0|0.7|0.0|0|0.7517022198857746|1.5034044397715451|2.2551066596573195|3.0068088795430943
689.6|1.0|0.7|0.0|0|0.48810194381454536|0.976203887629088|1.4643058314436335|1.9524077752581788
689.8|1.0|0.7|0.0|0|0.07945845550100791|0.15891691100201538|0.23837536650302332|0.3178338220040312
690.0|1.0|0.7|0.0|0|0.416210960321478|0.8324219206429536|1.2486328809644316|1.6648438412859097
690.2|1.0|0.7|0.0|0|0.0908096637483687|0.1816193274967369|0.2724289912451056|0.3632386549934743
690.4|1.0|0.7|0.0|0|0.1488269496819704|0.29765389936394004|0.44648084904591046|0.5953077987278809
690.6|1.0|0.7|0.0|0|-0.17405185669893414|-0.34810371339786733|-0.5221555700968015|-0.6962074267957357
690.8|1.0|0.7|0.0|0|0.6558475734968675|1.3116951469937315|1.967542720490599|2.6233902939874665
691.0|1.0|0.7|0.0|0|0.682333726045909|1.3646674520918143|2.047001178137723|2.729334904183632
691.2|1.0|0.7|0.0|0|0.25224906660267177|0.5044981332053421|0.7567471998080139|1.0089962664106855
691.4|1.0|0.7|0.0|0|0.9017904126719812|1.8035808253439576|2.705371238015939|3.60716165068792
691.6|1.0|0.7|0.0|0|0.8008907873387223|1.6017815746774402|2.4026723620161623|3.203563149354885
691.8|1.0|0.7|0.0|0|0.4250396773102697|0.8500793546205371|1.2751190319308068|1.7001587092410764
692.0|1.0|0.7|0.0|0|0.6533250827109447|1.3066501654218858|1.9599752481328305|2.613300330843775
692.2|1.0|0.7|0.0|0|0.5662991553236503|1.1325983106472974|1.6988974659709477|2.265196621294598
692.4|1.0|0.7|0.0|0|0.33801374902075654|0.6760274980415112|1.0140412470622677|1.3520549960830242
692.6|1.0|0.7|0.0|0|0.27747397354920417|0.5549479470984069|0.832421920647611|1.1098958941968153
692.8|1.0|0.7|0.0|0|0.5423354942485462|1.0846709884970893|1.6270064827456356|2.1693419769941817
693.0|1.0|0.7|0.0|0|0.248465330990148|0.4969306619802946|0.7453959929704426|0.9938613239605906
693.2|1.0|0.7|0.0|0|0.417472205301165|0.8349444106023277|1.2524166159034928|1.6698888212046579
693.4|1.0|0.7|0.0|0|0.4237784335430482|0.8475568670860941|1.2713353006291424|1.6951137341721907
693.6|1.0|0.7|0.0|0|-3.0151568353176146e-10|-6.030313670635212e-10|-9.045470505952826e-10|-1.206062734127044e-09
693.8|1.0|0.7|0.0|0|0.7517022184625973|1.5034044369251904|2.2551066553877877|3.006808873850385
694.0|1.0|0.7|0.0|0|0.23711412282369587|0.4742282456473904|0.7113423684710862|0.9484564912947822
694.2|1.0|0.7|0.0|0|0.49693066155829047|0.9938613231165782|1.4907919846748685|1.987722646233159
694.4|1.0|0.7|0.0|0|0.4363908867019931|0.8727817734039838|1.3091726601059768|1.74556354680797
694.6|1.0|0.7|0.0|0|0.39350854489079246|0.7870170897815827|1.1805256346723751|1.5740341795631676
694.8|1.0|0.7|0.0|0|0.24720408527180573|0.49440817054361014|0.7416122558154159|0.9888163410872216
695.0|1.0|0.7|0.0|0|0.3556711836479375|0.711342367295873|1.0670135509438103|1.422684734591748
695.2|1.0|0.7|0.0|0|-0.1563944218656981|-0.3127888437313953|-0.4691832655970934|-0.6255776874627915
695.4|1.0|0.7|0.0|0|0.599091533182073|1.1981830663641426|1.7972745995462156|2.396366132728289
695.6|1.0|0.7|0.0|0|0.9207090942328804|1.8414181884657557|2.762127282698636|3.6828363769315167
695.8|1.0|0.7|0.0|0|0.19927676345687378|0.39855352691374646|0.5978302903706202|0.797107053827494
696.0|1.0|0.7|0.0|0|0.13495325078372855|0.2699065015674564|0.40485975235118493|0.5398130031349134
696.2|1.0|0.7|0.0|0|0.5688216462184215|1.1376432924368398|1.7064649386552613|2.2752865848736827
696.4|1.0|0.7|0.0|0|0.5234168123913701|1.0468336247827372|1.5702504371741073|2.0936672495654776
696.6|1.0|0.7|0.0|0|0.4956694161641649|0.991338832328327|1.4870082484924918|1.9826776646566566
696.8|1.0|0.7|0.0|0|0.6735050079168292|1.3470100158336547|2.020515023750484|2.6940200316673133
697.0|1.0|0.7|0.0|0|0.6016140246851143|1.2032280493702252|1.8048420740553393|2.4064560987404535
697.2|1.0|0.7|0.0|0|0.7996295414998902|1.599259082999776|2.398888624499666|3.1985181659995563
697.4|1.0|0.7|0.0|0|0.46918326450919307|0.9383665290183836|1.4075497935275767|1.8767330580367698
697.6|1.0|0.7|0.0|0|1.0153024946246305|2.0306049892492553|3.045907483873886|4.061209978498517
697.8|1.0|0.7|0.0|0|0.5044981337129143|1.0089962674258257|1.5134944011387401|2.0179925348516545
698.0|1.0|0.7|0.0|0|0.9358440374216306|1.871688074843256|2.8075321122648864|3.743376149686517
698.2|1.0|0.7|0.0|0|0.5133268512040381|1.0266537024080733|1.5399805536121116|2.0533074048161497
698.4|1.0|0.7|0.0|0|0.6583700650290126|1.3167401300580215|1.9751101950870342|2.633480260116047
698.6|1.0|0.7|0.0|0|0.6684600262000464|1.336920052400089|2.0053800786001355|2.673840104800182
698.8|1.0|0.7|0.0|0|0.2043217445904158|0.4086434891808305|0.6129652337712462|0.8172869783616621
699.0|1.0|0.7|0.0|0|0.4174722058593765|0.8349444117187507|1.252416617578127|1.6698888234375036
699.2|1.0|0.7|0.0|0|0.7592696910974344|1.5185393821948645|2.277809073292299|3.037078764389733
699.4|1.0|0.7|0.0|0|1.0695360429910952|2.1390720859821846|3.20860812897328|4.278144171964375
699.6|1.0|0.7|0.0|0|0.7441347472486093|1.4882694944972144|2.2324042417458236|2.976538988994433
699.8|1.0|0.7|0.0|0|1.1098958933877303|2.2197917867754544|3.3296876801631847|4.439583573550915
700.0|1.0|0.7|0.0|0|0.8185482215863893|1.637096443172774|2.455644664759163|3.2741928863455527
700.2|1.0|0.7|0.0|0|0.8223319580202231|1.6446639160404417|2.4669958740606646|3.289327832080888
700.4|1.0|0.7|0.0|0|0.625577686047182|1.2511553720943607|1.8767330581415427|2.502310744188725
700.6|1.0|0.7|0.0|0|0.49693066220264925|0.9938613244052957|1.490791986607945|1.9877226488105944
700.8|1.0|0.7|0.0|0|0.034053624185035034|0.06810724837006989|0.10216087255510492|0.13621449674013994
701.0|1.0|0.7|0.0|0|-0.13243075903097645|-0.2648615180619522|-0.39729227709292864|-0.529723036123905
701.2|1.0|0.7|0.0|0|0.41621095982554873|0.8324219196510951|1.248632879476644|1.6648438393021925
701.4|1.0|0.7|0.0|0|0.6873787077929597|1.3747574155859157|2.0621361233788758|2.7495148311718354
701.6|1.0|0.7|0.0|0|1.1212471013283367|2.242494202656667|3.363741303985004|4.484988405313341
701.8|1.0|0.7|0.0|0|1.1225083470373658|2.2450166940747254|3.367525041112091|4.490033388149457
702.0|1.0|0.7|0.0|0|0.6949461785255705|1.389892357051137|2.0848385355767074|2.779784714102278
702.2|1.0|0.7|0.0|0|0.44143586757476483|0.8828717351495272|1.324307602724292|1.7657434702990569
702.4|1.0|0.7|0.0|0|0.9207090942782824|1.8414181885565597|2.762127282834842|3.6828363771131243
702.6|1.0|0.7|0.0|0|0.2169341977982551|0.43386839559650897|0.6508025933947641|0.8677367911930192
702.8|1.0|0.7|0.0|0|0.6066590061108587|1.213318012221714|1.8199770183325727|2.4266360244434315
703.0|1.0|0.7|0.0|0|0.4414358672121311|0.8828717344242597|1.3243076016363908|1.7657434688485218
703.2|1.0|0.7|0.0|0|0.6369288935611263|1.273857787122249|1.9107866806833753|2.5477155742445015
703.4|1.0|0.7|0.0|0|0.38846356326190323|0.7769271265238044|1.1653906897857076|1.5538542530476107
703.6|1.0|0.7|0.0|0|0.3153113332536307|0.6306226665072597|0.9459339997608904|1.261245333014521
703.8|1.0|0.7|0.0|0|0.5461192290537297|1.0922384581074565|1.638357687161186|2.1844769162149156
704.0|1.0|0.7|0.0|0|0.9509789823478795|1.9019579646957536|2.852936947043633|3.8039159293915126
704.2|1.0|0.7|0.0|0|0.5208943232230381|1.0417886464460733|1.5626829696691114|2.0835772928921497
704.4|1.0|0.7|0.0|0|0.587740326650092|1.1754806533001807|1.7632209799502727|2.3509613066003645
704.6|1.0|0.7|0.0|0|0.39981477122462855|0.7996295424492549|1.1994443136738835|1.599259084898512
704.8|1.0|0.7|0.0|0|0.7706208986969438|1.5412417973938835|2.3118626960908273|3.0824835947877713
705.0|1.0|0.7|0.0|0|0.5398130031366605|1.0796260062733178|1.6194390094099784|2.159252012546639
705.2|1.0|0.7|0.0|0|0.10216087231063294|0.2043217446212653|0.3064826169318982|0.40864348924253113
705.4|1.0|0.7|0.0|0|0.8538630906998886|1.7077261813997724|2.561589272099661|3.4154523627995497
705.6|1.0|0.7|0.0|0|0.9307990561559571|1.8615981123119092|2.7923971684678666|3.7231962246238237
705.8|1.0|0.7|0.0|0|0.8374669023987379|1.6749338047974711|2.512400707196209|3.349867609594947
706.0|1.0|0.7|0.0|0|0.7882783333549749|1.5765566667099453|2.3648350000649203|3.153113333419895
706.2|1.0|0.7|0.0|0|0.9711589074361845|1.9423178148723637|2.9134767223085483|3.8846356297447326
706.4|1.0|0.7|0.0|0|0.756747200543178|1.5134944010863518|2.2702416016295297|3.0269888021727076
706.6|1.0|0.7|0.0|0|0.7529634651914245|1.5059269303828449|2.2588903955742694|3.011853860765694
706.8|1.0|0.7|0.0|0|0.6180102134065243|1.236020426813045|1.8540306402195692|2.4720408536260936
707.0|1.0|0.7|0.0|0|0.483056963118725|0.9661139262374472|1.449170889356172|1.932227852474897
707.2|1.0|0.7|0.0|0|0.5196330780547582|1.0392661561095136|1.5588992341642718|2.0785323122190302
707.4|1.0|0.7|0.0|0|0.3342300130787774|0.668460026157553|1.0026900392363305|1.336920052315108
707.6|1.0|0.7|0.0|0|0.36828363789361934|0.7365672757872367|1.104850913680856|1.4731345515744754
707.8|1.0|0.7|0.0|0|0.4540483212424446|0.9080966424848868|1.3621449637273313|1.816193284969776
708.0|1.0|0.7|0.0|0|0.537290512726177|1.0745810254523511|1.611871538178528|2.149162050904705
708.2|1.0|0.7|0.0|0|0.17783559260191412|0.35567118520382723|0.5335067778057414|0.7113423704076555
708.4|1.0|0.7|0.0|0|0.35567118476319626|0.7113423695263905|1.0670135542895867|1.422684739052783
708.6|1.0|0.7|0.0|0|0.8109807496296715|1.6219614992593385|2.43294224888901|3.2439229985186815
708.8|1.0|0.7|0.0|0|0.8071970136766329|1.6143940273532613|2.4215910410298944|3.228788054706527
709.0|1.0|0.7|0.0|0|0.6583700649777899|1.316740129955576|1.975110194933366|2.6334802599111558
709.2|1.0|0.7|0.0|0|-0.07567471944959842|-0.1513494388991964|-0.2270241583487948|-0.3026988777983932
709.4|1.0|0.7|0.0|0|0.32287880552874443|0.6457576110574871|0.9686364165862315|1.291515222114976
709.6|1.0|0.7|0.0|0|0.7302610483672476|1.4605220967344912|2.1907831451017388|2.9210441934689864
709.8|1.0|0.7|0.0|0|0.3279237869940701|0.6558475739881384|0.9837713609822085|1.3116951479762786
710.0|1.0|0.7|0.0|0|0.5044981339323572|1.0089962678647115|1.5134944017970686|2.0179925357294257
710.2|1.0|0.7|0.0|0|0.43639088567288165|0.8727817713457608|1.3091726570186426|1.7455635426915241
710.4|1.0|0.7|0.0|0|0.6608925551100407|1.3217851102200777|1.9826776653301184|2.643570220440159
710.6|1.0|0.7|0.0|0|0.712603614259279|1.4252072285185542|2.1378108427778333|2.8504144570371124
710.8|1.0|0.7|0.0|0|0.6684600273845723|1.3369200547691409|2.0053800821537133|2.6738401095382858
711.0|1.0|0.7|0.0|0|0.5625154185859724|1.1250308371719417|1.6875462557579142|2.2500616743438866
711.2|1.0|0.7|0.0|0|-0.17909683739009793|-0.3581936747801949|-0.5372905121702929|-0.7163873495603909
711.4|1.0|0.7|0.0|0|0.9131416231242482|1.8262832462484915|2.7394248693727397|3.652566492496988
711.6|1.0|0.7|0.0|0|0.4981919073686008|0.9963838147371988|1.4945757221057996|1.9927676294744006
711.8|1.0|0.7|0.0|0|0.32666254214011164|0.6533250842802214|0.979987626420333|1.3066501685604446
712.0|1.0|0.7|0.0|0|0.29891514396411395|0.5978302879282262|0.8967454318923401|1.195660575856454
712.2|1.0|0.7|0.0|0|0.20179925323987863|0.40359850647975615|0.6053977597196348|0.8071970129595134
712.4|1.0|0.7|0.0|0|1.0581848354975236|2.1163696709950415|3.1745545064925653|4.232739341990089
712.6|1.0|0.7|0.0|0|-0.059278530927840675|-0.11855706185568102|-0.17783559278352168|-0.23711412371136237
712.8|1.0|0.7|0.0|0|0.4389133759669498|0.8778267519338971|1.3167401279008468|1.7556535038677967
713.0|1.0|0.7|0.0|0|0.2799964649887991|0.5599929299775966|0.8399893949663957|1.1199858599551948
713.2|1.0|0.7|0.0|0|0.3720673727145189|0.7441347454290357|1.1162021181435546|1.4882694908580736
713.4|1.0|0.7|0.0|0|0.8412506380875137|1.6825012761750227|2.523751914262536|3.36500255235005
713.6|1.0|0.7|0.0|0|0.54990296582575|1.099805931651497|1.6497088974772471|2.199611863302997
713.8|1.0|0.7|0.0|0|0.7012524057301932|1.4025048114603824|2.1037572171905756|2.805009622920769
714.0|1.0|0.7|0.0|0|-0.09459339935099714|-0.18918679870199376|-0.28378019805299093|-0.37837359740398807
714.2|1.0|0.7|0.0|0|0.4414358662022282|0.8828717324044538|1.3243075986066821|1.7657434648089103
714.4|1.0|0.7|0.0|0|0.5864790791721322|1.172958158344261|1.7594372375163931|2.345916316688525
714.6|1.0|0.7|0.0|0|-0.015134944592718979|-0.030269889185437875|-0.04540483377815686|-0.06053977837087583
714.8|1.0|0.7|0.0|0|0.22324042403604855|0.44648084807209587|0.6697212721081444|0.892961696144193
715.0|1.0|0.7|0.0|0|0.6205327046342433|1.241065409268483|1.8615981139027262|2.4821308185369695
715.2|1.0|0.7|0.0|0|0.7769271255767678|1.5538542511535314|2.3307813767302994|3.107708502307067
715.4|1.0|0.7|0.0|0|0.1929705356492197|0.38594107129843835|0.578911606947658|0.7718821425968777
715.6|1.0|0.7|0.0|0|0.23585287731606533|0.4717057546321294|0.7075586319481947|0.9434115092642601
715.8|1.0|0.7|0.0|0|0.17405185567389722|0.3481037113477935|0.5221555670216907|0.696207422695588
716.0|1.0|0.7|0.0|0|0.4288234140264107|0.857646828052819|1.2864702420792298|1.7152936561056404
716.2|1.0|0.7|0.0|0|0.4250396775774429|0.8500793551548834|1.2751190327323263|1.700158710309769
716.4|1.0|0.7|0.0|0|0.12107955290528491|0.24215910581056915|0.36323865871585403|0.48431821162113897
716.6|1.0|0.7|0.0|0|0.42125594182289244|0.8425118836457826|1.263767825468675|1.6850237672915673
716.8|1.0|0.7|0.0|0|0.16143940250796746|0.322878805015934|0.4843182075239015|0.6457576100318689
717.0|1.0|0.7|0.0|0|0.42251718722109255|0.8450343744421828|1.2675515616632753|1.6900687488843678
717.2|1.0|0.7|0.0|0|0.22702416016254595|0.4540483203250906|0.6810724804876366|0.9080966406501825
717.4|1.0|0.7|0.0|0|0.22828540494956562|0.45657080989912996|0.6848562148486956|0.9131416197982613
717.6|1.0|0.7|0.0|0|0.25224906710733214|0.5044981342146629|0.7567472013219951|1.0089962684293272
717.8|1.0|0.7|0.0|0|0.10594460781954704|0.2118892156390935|0.31783382345864053|0.4237784312781876
718.0|1.0|0.7|0.0|0|0.3304462769429668|0.6608925538859317|0.9913388308288985|1.3217851077718654
718.2|1.0|0.7|0.0|0|0.359454920208664|0.718909840417326|1.07836476062599|1.437819680834654
718.4|1.0|0.7|0.0|0|0.26107778429111955|0.5221555685822377|0.7832333528733572|1.0443111371644767
718.6|1.0|0.7|0.0|0|0.8273769397195436|1.6547538794390826|2.482130819158626|3.3095077588781696
718.8|1.0|0.7|0.0|0|0.494408171352698|0.9888163427053932|1.483224514058091|1.977632685410789
719.0|1.0|0.7|0.0|0|0.8475568644248422|1.6951137288496798|2.542670593274522|3.390227457699364
719.2|1.0|0.7|0.0|0|0.36071616550965735|0.7214323310193126|1.08214849652897|1.4428646620386274
719.4|1.0|0.7|0.0|0|0.39350854488613585|0.7870170897722695|1.1805256346584054|1.5740341795445412
719.6|1.0|0.7|0.0|0|0.41621095983951856|0.8324219196790348|1.2486328795185533|1.6648438393580718
719.8|1.0|0.7|0.0|0|-0.10089962629135707|-0.20179925258271358|-0.30269887887407065|-0.4035985051654277
720.0|1.0|0.7|0.0|0|0.09459340008790613|0.18918680017581174|0.28378020026371786|0.378373600351624
720.2|1.0|0.7|0.0|0|0.47170575578522445|0.9434115115704462|1.4151172673556707|1.8868230231408951
720.4|1.0|0.7|0.0|0|0.32287880487914694|0.645757609758292|0.968636414637439|1.2915152195165858
720.6|1.0|0.7|0.0|0|0.18666431040444895|0.37332862080889684|0.5599929312133458|0.7466572416177947
720.8|1.0|0.7|0.0|0|0.24215910399798327|0.48431820799596514|0.7264773119939484|0.9686364159919316
721.0|1.0|0.7|0.0|0|0.3960310345201291|0.792062069040256|1.188093103560385|1.5841241380805142
721.2|1.0|0.7|0.0|0|5.296897143125539e-10|1.059379428625105e-09|1.5890691429376586e-09|2.1187588572502127e-09
721.4|1.0|0.7|0.0|0|0.6533250823995337|1.3066501647990638|1.9599752471985976|2.613300329598131
721.6|1.0|0.7|0.0|0|0.3026988811016784|0.6053977622033551|0.9080966433050335|1.210795524406712
721.8|1.0|0.7|0.0|0|0.9270153208414567|1.8540306416829082|2.781045962524365|3.7080612833658213
722.0|1.0|0.7|0.0|0|0.6470188564446295|1.2940377128892553|1.9410565693338848|2.588075425778514
722.2|1.0|0.7|0.0|0|0.32540129672852375|0.6508025934570457|0.9762038901855694|1.3016051869140932
722.4|1.0|0.7|0.0|0|0.46161579182895407|0.9232315836579056|1.3848473754868595|1.8464631673158136
722.6|1.0|0.7|0.0|0|0.5574704379116888|1.1149408758233745|1.6724113137350634|2.229881751646752
722.8|1.0|0.7|0.0|0|0.6117039866169222|1.223407973233841|1.835111959850763|2.446815946467685
723.0|1.0|0.7|0.0|0|0.4969306606613104|0.9938613213226181|1.4907919819839284|1.9877226426452388
723.2|1.0|0.7|0.0|0|1.0443111364194202|2.0886222728388346|3.1329334092582544|4.177244545677675
723.4|1.0|0.7|0.0|0|0.3960310354747347|0.7920620709494672|1.188093106424202|1.5841241418989367
723.6|1.0|0.7|0.0|0|0.7403510111779913|1.4807020223559784|2.2210530335339698|2.9614040447119607
723.8|1.0|0.7|0.0|0|0.7794496165943572|1.55889923318871|2.3383488497830673|3.1177984663774243
724.0|1.0|0.7|0.0|0|0.41621096042974426|0.8324219208594862|1.2486328812892304|1.6648438417189746
724.2|1.0|0.7|0.0|0|0.36071616519766425|0.7214323303953265|1.0821484955929908|1.442864660790655
724.4|1.0|0.7|0.0|0|0.49314692533982496|0.9862938506796471|1.479440776019472|1.9725877013592972
724.6|1.0|0.7|0.0|0|0.25351031243102645|0.5070206248620516|0.760530937293078|1.0140412497241045
724.8|1.0|0.7|0.0|0|0.0996383815142327|0.19927676302846484|0.2989151445426975|0.39855352605693023
725.0|1.0|0.7|0.0|0|0.4225171875418168|0.8450343750836312|1.2675515626254479|1.6900687501672647
725.2|1.0|0.7|0.0|0|0.5814340987044857|1.1628681974089683|1.744302296113454|2.3257363948179397
725.4|1.0|0.7|0.0|0|0.813503240678693|1.6270064813573815|2.4405097220360745|3.2540129627147674
725.6|1.0|0.7|0.0|0|0.4527870752901076|0.9055741505802126|1.3583612258703202|1.8111483011604277
725.8|1.0|0.7|0.0|0|0.6772887442575308|1.3545774885150579|2.0318662327725887|2.7091549770301193
726.0|1.0|0.7|0.0|0|1.155300726564602|2.310601453129198|3.4659021796937997|4.621202906258402
726.2|1.0|0.7|0.0|0|0.544857984525152|1.089715969050301|1.634573953575453|2.1794319381006053
726.4|1.0|0.7|0.0|0|0.4843182079837429|0.9686364159674831|1.452954623951226|1.9372728319349688
726.6|1.0|0.7|0.0|0|0.810980749565643|1.6219614991312816|2.4329422486969245|3.2439229982625677
726.8|1.0|0.7|0.0|0|0.0832421918888577|0.16648438377771496|0.24972657566657266|0.33296876755543037
727.0|1.0|0.7|0.0|0|0.1299082698952408|0.25981653979048086|0.3897248096857216|0.5196330795809624
727.2|1.0|0.7|0.0|0|0.6835949711868313|1.3671899423736587|2.05078491356049|2.7343798847473213
727.4|1.0|0.7|0.0|0|0.46161579278996256|0.9232315855799226|1.3848473783698851|1.8464631711598476
727.6|1.0|0.7|0.0|0|-0.1828805729077432|-0.3657611458154854|-0.5486417187232286|-0.7315222916309718
727.8|1.0|0.7|0.0|0|0.21567295258690156|0.43134590517380195|0.6470188577607034|0.8626918103476051
728.0|1.0|0.7|0.0|0|-0.06558475715282845|-0.13116951430565651|-0.19675427145848498|-0.2623390286113134
728.2|1.0|0.7|0.0|0|0.5549479477590653|1.1098958955181275|1.664843843277193|2.219791791036258
728.4|1.0|0.7|0.0|0|-0.10972834381565927|-0.21945668763131793|-0.3291850314469772|-0.43891337526263646
728.6|1.0|0.7|0.0|0|0.5461192299990221|1.0922384599980413|1.6383576899970633|2.1844769199960856
728.8|1.0|0.7|0.0|0|0.3657611462095523|0.7315222924191025|1.0972834386286547|1.463044584838207
729.0|1.0|0.7|0.0|0|0.07945845602836933|0.15891691205673822|0.23837536808510754|0.3178338241134769
729.2|1.0|0.7|0.0|0|0.6217939497315097|1.243587899463016|1.8653818491945258|2.4871757989260357
729.4|1.0|0.7|0.0|0|-0.07945845665002714|-0.15891691330005384|-0.238375369950081|-0.3178338266001081
729.6|1.0|0.7|0.0|0|0.042882342164521144|0.08576468432904205|0.1286470264935632|0.17152936865808432
729.8|1.0|0.7|0.0|0|0.08450343668228023|0.16900687336456|0.2535103100468402|0.33801374672912043
730.0|1.0|0.7|0.0|0|0.30017639030993476|0.6003527806198679|0.9005291709298027|1.2007055612397375
730.2|1.0|0.7|0.0|0|0.16648438438074678|0.3329687687614926|0.4994531531422394|0.6659375375229862
730.4|1.0|0.7|0.0|0|0.3758511094102872|0.7517022188205723|1.1275533282308596|1.5034044376411468
730.6|1.0|0.7|0.0|0|0.45404832103580745|0.9080966420716123|1.3621449631074198|1.8161932841432271
730.8|1.0|0.7|0.0|0|0.06810724873212172|0.13621449746424308|0.20432174619636478|0.2724289949284865
731.0|1.0|0.7|0.0|0|0.09837713653687397|0.19675427307374738|0.29513140961062134|0.3935085461474953
731.2|1.0|0.7|0.0|0|0.5347680207656236|1.069536041531244|1.6043040622968676|2.139072083062491
731.4|1.0|0.7|0.0|0|0.49819190635986205|0.9963838127197213|1.4945757190795834|1.9927676254394455
731.6|1.0|0.7|0.0|0|0.38089609095244703|0.761792181904892|1.1426882728573389|1.523584363809786
731.8|1.0|0.7|0.0|0|-0.2875639365118698|-0.575127873023738|-0.8626918095356078|-1.1502557460474776
732.0|1.0|0.7|0.0|0|0.5044981337914947|1.0089962675829864|1.513494401374481|2.0179925351659755
732.2|1.0|0.7|0.0|0|0.14378196798672446|0.28756393597344815|0.4313459039601726|0.5751278719468971
732.4|1.0|0.7|0.0|0|0.4527870746870762|0.9055741493741499|1.3583612240612262|1.8111482987483023
732.6|1.0|0.7|0.0|0|0.5637766639370243|1.1275533278740455|1.6913299918110698|2.255106655748094
732.8|1.0|0.7|0.0|0|0.9156641125574251|1.831328225114845|2.7469923376722702|3.662656450229695
733.0|1.0|0.7|0.0|0|0.8046745232678957|1.609349046535787|2.4140235698036827|3.2186980930715783
733.2|1.0|0.7|0.0|0|0.2661227656388658|0.5322455312777301|0.7983682969165958|1.0644910625554616
733.4|1.0|0.7|0.0|0|0.7264773117535521|1.4529546235071003|2.179431935260652|2.9059092470142045
733.6|1.0|0.7|0.0|0|0.8311606761493029|1.6623213522986011|2.4934820284479042|3.324642704597207
733.8|1.0|0.7|0.0|0|0.2711677467991833|0.5423354935983651|0.8135032403975484|1.0846709871967317
734.0|1.0|0.7|0.0|0|0.1261245343554766|0.25224906871095254|0.37837360306642914|0.5044981374219057
734.2|1.0|0.7|0.0|0|0.4981919073814065|0.9963838147628102|1.4945757221442166|1.9927676295256231
734.4|1.0|0.7|0.0|0|0.06306226705550222|0.12612453411100408|0.1891868011665063|0.25224906822200854
734.6|1.0|0.7|0.0|0|1.1414270268019764|2.2828540536039466|3.424281080405923|4.565708107207899
734.8|1.0|0.7|0.0|0|0.9812488694104841|1.9624977388209626|2.9437466082314465|3.924995477641931
735.0|1.0|0.7|0.0|0|0.5751278721319982|1.1502557442639934|1.7253836163959915|2.30051148852799
735.2|1.0|0.7|0.0|0|0.04414358633279339|0.08828717266558653|0.13243075899837992|0.1765743453311733
735.4|1.0|0.7|0.0|0|0.3001763893145838|0.6003527786291659|0.9005291679437496|1.2007055572583334
735.6|1.0|0.7|0.0|0|0.559992928069551|1.119985856139099|1.67997878420865|2.239971712278201
735.8|1.0|0.7|0.0|0|0.5044981334422487|1.0089962668844945|1.5134944003267432|2.0179925337689917
736.0|1.0|0.7|0.0|0|0.696207423835295|1.392414847670586|2.088622271505881|2.784829695341176
736.2|1.0|0.7|0.0|0|0.2535103115282257|0.5070206230564499|0.7605309345846756|1.0140412461129011
736.4|1.0|0.7|0.0|0|0.6671987809269928|1.3343975618539818|2.0015963427809744|2.6687951237079672
736.6|1.0|0.7|0.0|0|0.4717057547613517|0.9434115095227008|1.4151172642840524|1.886823019045404
736.8|1.0|0.7|0.0|0|0.204321744219633|0.40864348843926485|0.6129652326588979|0.8172869768785309
737.0|1.0|0.7|0.0|0|0.8803492430539344|1.7606984861078638|2.6410477291617984|3.5213969722157326
737.2|1.0|0.7|0.0|0|0.717648595543579|1.435297191087154|2.152945786630733|2.870594382174312
737.4|1.0|0.7|0.0|0|1.0581848351634118|2.1163696703268173|3.1745545054902293|4.232739340653641
737.6|1.0|0.7|0.0|0|0.44521960435784463|0.8904392087156867|1.3356588130735314|1.780878417431376
737.8|1.0|0.7|0.0|0|0.5461192294425569|1.0922384588851106|1.6383576883276676|2.1844769177702243
738.0|1.0|0.7|0.0|0|0.6596313097118406|1.3192626194236776|1.978893929135518|2.638525238847359
738.2|1.0|0.7|0.0|0|0.8601693181443268|1.720338636288649|2.5805079544329756|3.4406772725773025
738.4|1.0|0.7|0.0|0|0.9282765658863362|1.8565531317726673|2.7848296976590037|3.71310626354534
738.6|1.0|0.7|0.0|0|0.16017815638100744|0.320356312762014|0.4805344691430214|0.6407126255240289
738.8|1.0|0.7|0.0|0|1.1237695925362652|2.247539185072524|3.371308777608789|4.4950783701450545
739.0|1.0|0.7|0.0|0|1.1061121584742806|2.212224316948555|3.3183364754228357|4.424448633897116
739.2|1.0|0.7|0.0|0|1.0279149466595854|2.055829893319165|3.083744839978751|4.111659786638336
739.4|1.0|0.7|0.0|0|1.1553007259848538|2.3106014519697013|3.465902177954555|4.621202903939409
739.6|1.0|0.7|0.0|0|0.7983682961977326|1.5967365923954608|2.3951048885931936|3.193473184790926
739.8|1.0|0.7|0.0|0|0.8475568653276431|1.6951137306552815|2.5426705959829246|3.3902274613105674
740.0|1.0|0.7|0.0|0|0.6356676483387134|1.2713352966774232|1.9070029450161363|2.54267059335485
740.2|1.0|0.7|0.0|0|0.8374669014837135|1.6749338029674223|2.5124007044511356|3.349867605934849
740.4|1.0|0.7|0.0|0|1.0026900409534583|2.0053800819069107|3.008070122860369|4.010760163813828
740.6|1.0|0.7|0.0|0|0.8942229420237717|1.7884458840475383|2.68266882607131|3.5768917680950816
740.8|1.0|0.7|0.0|0|0.056756040265900136|0.11351208053179995|0.1702681207977001|0.2270241610636002
741.0|1.0|0.7|0.0|0|0.8601693184836775|1.7203386369673503|2.580507955451028|3.440677273934705
741.2|1.0|0.7|0.0|0|0.7201710856356665|1.440342171271329|2.160513256906995|2.880684342542662
741.4|1.0|0.7|0.0|0|0.7050361413758953|1.4100722827517866|2.115108424127682|2.8201445655035773
741.6|1.0|0.7|0.0|0|0.12107955207582574|0.24215910415165082|0.36323865622747653|0.4843182083033023
741.8|1.0|0.7|0.0|0|-0.05297230333264456|-0.10594460666528883|-0.1589169099979334|-0.21188921333057795
742.0|1.0|0.7|0.0|0|0.16900687517772908|0.3380137503554573|0.5070206255331864|0.6760275007109154
742.2|1.0|0.7|0.0|0|-0.06180102141166577|-0.1236020428233312|-0.18540306423499697|-0.24720408564666274
742.4|1.0|0.7|0.0|0|0.7781883709935944|1.5563767419871846|2.334565112980779|3.112753483974373
742.6|1.0|0.7|0.0|0|0.5196330776391556|1.0392661552783082|1.5588992329174638|2.078532310556619
742.8|1.0|0.7|0.0|0|1.377279904917815|2.7545598098356225|4.131839714753437|5.509119619671252
743.0|1.0|0.7|0.0|0|1.0871934777678698|2.174386955535734|3.2615804333036036|4.348773911071474
743.2|1.0|0.7|0.0|0|1.1729581604211137|2.3459163208422207|3.5188744812633344|4.691832641684448
743.4|1.0|0.7|0.0|0|0.7466572380741133|1.4933144761482227|2.239971714222336|2.9866289522964493
743.6|1.0|0.7|0.0|0|0.7529634640010779|1.5059269280021517|2.2588903920032295|3.0118538560043073
743.8|1.0|0.7|0.0|0|0.3329687679547354|0.6659375359094689|0.9989063038642043|1.3318750718189396
744.0|1.0|0.7|0.0|0|0.6810724803351338|1.3621449606702638|2.0432174410053974|2.724289921340531
744.2|1.0|0.7|0.0|0|0.7050361420336418|1.4100722840672797|2.1151084261009214|2.8201445681345634
744.4|1.0|0.7|0.0|0|0.24468159476760798|0.48936318953521457|0.7340447843028225|0.9787263790704305
744.6|1.0|0.7|0.0|0|0.22954665156605208|0.4590933031321029|0.688639954698155|0.918186606264207
744.8|1.0|0.7|0.0|0|0.353148693032563|0.7062973860651242|1.0594460790976872|1.4125947721302503
745.0|1.0|0.7|0.0|0|0.8551243366533898|1.7102486733067748|2.565373009960165|3.4204973466135544
745.2|1.0|0.7|0.0|0|0.49819190629990817|0.9963838125998136|1.4945757188997217|1.9927676251996298
745.4|1.0|0.7|0.0|0|0.3708061286917658|0.7416122573835295|1.1124183860752954|1.483224514767061
745.6|1.0|0.7|0.0|0|0.18666430918907298|0.3733286183781449|0.5599929275672179|0.7466572367562909
745.8|1.0|0.7|0.0|0|0.40233726126025465|0.8046745225205071|1.2070117837807617|1.6093490450410164
746.0|1.0|0.7|0.0|0|0.4073822426516566|0.814764485303311|1.2221467279549676|1.6295289706066243
746.2|1.0|0.7|0.0|0|0.48179571778513536|0.963591435570268|1.4453871533554032|1.9271828711405388
746.4|1.0|0.7|0.0|0|0.47675073625810954|0.9535014725162164|1.430252208774326|1.9070029450324355
746.6|1.0|0.7|0.0|0|0.974942643502728|1.9498852870054506|2.9248279305081786|3.8997705740109065
746.8|1.0|0.7|0.0|0|0.9446727554284743|1.8893455108569435|2.8340182662854176|3.778691021713892
747.0|1.0|0.7|0.0|0|0.44648084878688715|0.8929616975737719|1.339442546360659|1.7859233951475462
747.2|1.0|0.7|0.0|0|0.4666607729182583|0.9333215458365139|1.3999823187547722|1.8666430916730306
747.4|1.0|0.7|0.0|0|0.5789116086595464|1.1578232173190897|1.736734825978636|2.3156464346381824
747.6|1.0|0.7|0.0|0|0.5927853072021395|1.1855706144042757|1.778355921606415|2.3711412288085545
747.8|1.0|0.7|0.0|0|0.45657081141427663|0.9131416228285508|1.3697124342428275|1.826283245657104
748.0|1.0|0.7|0.0|0|0.28125770993530774|0.5625154198706139|0.8437731298059217|1.1250308397412294
748.2|1.0|0.7|0.0|0|0.7340447849966593|1.4680895699933143|2.2021343549899735|2.9361791399866326
748.4|1.0|0.7|0.0|0|0.7643146724300466|1.528629344860089|2.2929440172901354|3.057258689720182
748.6|1.0|0.7|0.0|0|-0.02017992461216638|-0.040359849224332646|-0.06053977383649902|-0.0807196984486654
748.8|1.0|0.7|0.0|0|0.5082818693976155|1.0165637387952282|1.5248456081928439|2.0331274775904595
749.0|1.0|0.7|0.0|0|0.4187334509612996|0.8374669019225969|1.2562003528838965|1.6749338038451962
749.2|1.0|0.7|0.0|0|0.41116597897606005|0.8223319579521179|1.233497936928178|1.644663915904238
749.4|1.0|0.7|0.0|0|0.5007143974688374|1.0014287949376721|1.5021431924065094|2.002857589875347
749.6|1.0|0.7|0.0|0|0.22702415993087946|0.45404831986175764|0.6810724797926371|0.9080966397235165
749.8|1.0|0.7|0.0|0|0.1778355916863076|0.3556711833726142|0.5335067750589219|0.7113423667452294
750.0|1.0|0.7|0.0|0|-0.02522490703442602|-0.0504498140688519|-0.07567472110327791|-0.10089962813770394
750.2|1.0|0.7|0.0|0|0.43891337705717925|0.8778267541143561|1.3167401311715354|1.7556535082287146
750.4|1.0|0.7|0.0|0|0.7870170887821594|1.5740341775643143|2.3610512663464736|3.148068355128633
750.6|1.0|0.7|0.0|0|0.4010760159895293|0.8021520319790564|1.2032280479685857|1.604304063958115
750.8|1.0|0.7|0.0|0|0.3254012967651946|0.6508025935303873|0.9762038902955819|1.3016051870607765
751.0|1.0|0.7|0.0|0|-0.05801728488586382|-0.11603456977172733|-0.17405185465759115|-0.23206913954345498
751.2|1.0|0.7|0.0|0|0.7226935768738628|1.4453871537477216|2.1680807306215844|2.8907743074954473
751.4|1.0|0.7|0.0|0|1.3646674516389625|2.729334903277917|4.09400235491688|5.458669806555842
751.6|1.0|0.7|0.0|0|1.0127800033887624|2.0255600067775195|3.038340010166282|4.051120013555044
751.8|1.0|0.7|0.0|0|-0.06558475730358629|-0.13116951460717222|-0.1967542719107585|-0.26233902921434477
752.0|1.0|0.7|0.0|0|0.11477332568145367|0.2295466513629067|0.3443199770443604|0.45909330272581406
752.2|1.0|0.7|0.0|0|0.9282765659608421|1.856553131921679|2.784829697882521|3.713106263843363
752.4|1.0|0.7|0.0|0|0.5877403257321572|1.175480651464311|1.7632209771964682|2.350961302928625
752.6|1.0|0.7|0.0|0|0.040359850003733336|0.08071970000746645|0.12107955001119979|0.16143940001493312
752.8|1.0|0.7|0.0|0|0.6533250835374935|1.3066501670749833|1.9599752506124768|2.61330033414997
753.0|1.0|0.7|0.0|0|0.3279237866221231|0.6558475732442445|0.9837713598663677|1.3116951464884907
753.2|1.0|0.7|0.0|0|2.724118530750277e-10|5.448237061500539e-10|8.172355592250816e-10|1.0896474123001094e-09
753.4|1.0|0.7|0.0|0|0.192970536502544|0.38594107300508695|0.578911609507631|0.7718821460101749
753.6|1.0|0.7|0.0|0|0.3115275960805596|0.6230551921611175|0.9345827882416771|1.2461103843222365
753.8|1.0|0.7|0.0|0|0.5625154187146114|1.1250308374292195|1.687546256143831|2.250061674858442
754.0|1.0|0.7|0.0|0|1.0165637392370273|2.0331274784740487|3.049691217711076|4.066254956948103
754.2|1.0|0.7|0.0|0|0.4843182083545257|0.9686364167090487|1.4529546250635743|1.9372728334181002
754.4|1.0|0.7|0.0|0|0.9623301901470412|1.9246603802940772|2.8869905704411183|3.8493207605881596
754.6|1.0|0.7|0.0|0|0.5700828903494408|1.1401657806988783|1.7102486710483191|2.28033156139776
754.8|1.0|0.7|0.0|0|0.17405185672396345|0.3481037134479259|0.5221555701718893|0.6962074268958528
755.0|1.0|0.7|0.0|0|-0.03531486931547991|-0.07062973863095963|-0.10594460794643955|-0.14125947726191945
755.2|1.0|0.7|0.0|0|0.3140500877803427|0.6281001755606836|0.9421502633410264|1.256200351121369
755.4|1.0|0.7|0.0|0|0.22702416050306076|0.45404832100612025|0.681072481509181|0.9080966420122418
755.6|1.0|0.7|0.0|0|0.2989151435275565|0.5978302870551113|0.8967454305826678|1.1956605741102242
755.8|1.0|0.7|0.0|0|0.19675427240203153|0.39350854480406194|0.5902628172060935|0.787017089608125
756.0|1.0|0.7|0.0|0|0.6798112342960673|1.3596224685921308|2.039433702888198|2.7192449371842655
756.2|1.0|0.7|0.0|0|0.5637766647228277|1.1275533294456523|1.69132999416848|2.255106658891308
756.4|1.0|0.7|0.0|0|0.3619774112355666|0.7239548224711312|1.0859322337066977|1.4479096449422644
756.6|1.0|0.7|0.0|0|0.359454920322751|0.7189098406455|1.078364760968251|1.437819681291002
756.8|1.0|0.7|0.0|0|0.6293614213023108|1.258722842604618|1.8880842639069289|2.5174456852092395
757.0|1.0|0.7|0.0|0|0.24089785868709462|0.4817957173741879|0.7226935760612826|0.9635914347483772
757.2|1.0|0.7|0.0|0|1.2044892944965988|2.408978588993191|3.6134678834897898|4.817957177986388
757.4|1.0|0.7|0.0|0|-0.17909683781908842|-0.35819367563817583|-0.5372905134572642|-0.7163873512763527
757.6|1.0|0.7|0.0|0|1.1439495177316723|2.287899035463338|3.4318485531950103|4.575798070926683
757.8|1.0|0.7|0.0|0|0.7088198781560647|1.4176397563121255|2.12645963446819|2.835279512624255
758.0|1.0|0.7|0.0|0|0.27242899230390344|0.5448579846078054|0.8172869769117088|1.0897159692156124
758.2|1.0|0.7|0.0|0|0.3846798268076967|0.7693596536153913|1.154039480423088|1.5387193072307848
758.4|1.0|0.7|0.0|0|0.6369288929726469|1.2738577859452902|1.910786678917937|2.547715571890584
758.6|1.0|0.7|0.0|0|0.7176485956803669|1.4352971913607298|2.1529457870410966|2.8705943827214635
758.8|1.0|0.7|0.0|0|0.1854030642448926|0.37080612848978417|0.5562091927346768|0.7416122569795695
759.0|1.0|0.7|0.0|0|0.7479184834897757|1.4958369669795473|2.2437554504693233|2.991673933959099
759.2|1.0|0.7|0.0|0|0.3039601251319985|0.6079202502639953|0.9118803753959938|1.2158405005279922
759.4|1.0|0.7|0.0|0|0.6381901398574706|1.2763802797149377|1.9145704195724083|2.552760559429879
759.6|1.0|0.7|0.0|0|0.5120656055485602|1.0241312110971175|1.5361968166456776|2.0482624221942376
759.8|1.0|0.7|0.0|0|0.4477420941053428|0.8954841882106831|1.343226282316026|1.7909683764213686
760.0|1.0|0.7|0.0|0|0.7542247104039422|1.5084494208078802|2.2626741312118224|3.016898841615765
760.2|1.0|0.7|0.0|0|0.4956694163591605|0.9913388327183184|1.4870082490774787|1.9826776654366394
760.4|1.0|0.7|0.0|0|0.9497177365334946|1.8994354730669838|2.8491532096004786|3.798870946133973
760.6|1.0|0.7|0.0|0|0.6520638387545483|1.304127677509093|1.9561915162636414|2.6082553550181897
760.8|1.0|0.7|0.0|0|0.042882341707591004|0.08576468341518177|0.1286470251227728|0.1715293668303638
761.0|1.0|0.7|0.0|0|0.2661227654496909|0.5322455308993803|0.7983682963490711|1.064491061798762
761.2|1.0|0.7|0.0|0|0.1538719309511363|0.30774386190227176|0.46161579285340804|0.6154877238045443
761.4|1.0|0.7|0.0|0|-0.2711677463020899|-0.5423354926041782|-0.8135032389062682|-1.084670985208358
761.6|1.0|0.7|0.0|0|0.6634150454157504|1.326830090831497|1.9902451362472473|2.653660181662998
761.8|1.0|0.7|0.0|0|0.4603545463649793|0.920709092729956|1.3810636390949353|1.8414181854599145
762.0|1.0|0.7|0.0|0|0.6104427420889266|1.2208854841778498|1.8313282262667763|2.4417709683557027
762.2|1.0|0.7|0.0|0|0.2547715578292266|0.5095431156584518|0.7643146734876783|1.019086231316905
762.4|1.0|0.7|0.0|0|0.3518874471326129|0.7037748942652239|1.0556623413978368|1.4075497885304495
762.6|1.0|0.7|0.0|0|0.32918503265595095|0.6583700653119|0.9875550979678509|1.3167401306238018
762.8|1.0|0.7|0.0|0|0.34053624105232333|0.6810724821046448|1.0216087231569682|1.3621449642092913
763.0|1.0|0.7|0.0|0|0.021441171398037133|0.04288234279607415|0.06432351419411128|0.0857646855921484
763.2|1.0|0.7|0.0|0|0.9282765658659636|1.856553131731922|2.7848296975978855|3.713106263463849
763.4|1.0|0.7|0.0|0|0.9156641127751217|1.8313282255502383|2.74699233832536|3.6626564511004815
763.6|1.0|0.7|0.0|0|0.8286381847108721|1.6572763694217398|2.485914554132612|3.314552738843484
763.8|1.0|0.7|0.0|0|1.0468336275097692|2.093667255019532|3.1405008825293015|4.18733451003907
764.0|1.0|0.7|0.0|0|0.6394513838714926|1.2789027677429816|1.9183541516144742|2.557805535485967
764.2|1.0|0.7|0.0|0|0.4931469263992044|0.9862938527984061|1.4794407791976105|1.9725877055968148
764.4|1.0|0.7|0.0|0|0.6936849334556615|1.3873698669113192|2.0810548003669807|2.7747397338226425
764.6|1.0|0.7|0.0|0|0.5902628163265768|1.1805256326531504|1.7707884489797272|2.361051265306304
764.8|1.0|0.7|0.0|0|0.20684423477971015|0.4136884695594191|0.6205327043391292|0.8273769391188394
765.0|1.0|0.7|0.0|0|0.25981653888477035|0.5196330777695393|0.7794496166543097|1.03926615553908
765.2|1.0|0.7|0.0|0|-0.05675603950629016|-0.11351207901258001|-0.17026811851887017|-0.22702415802516032
765.4|1.0|0.7|0.0|0|0.36828363801992997|0.7365672760398579|1.1048509140597877|1.4731345520797179
765.6|1.0|0.7|0.0|0|0.2547715572250311|0.5095431144500607|0.7643146716750918|1.0190862289001228
765.8|1.0|0.7|0.0|0|0.5574704382411442|1.1149408764822852|1.6724113147234296|2.2298817529645736
766.0|1.0|0.7|0.0|0|0.22702416104322784|0.45404832208645446|0.6810724831296823|0.9080966441729101
766.2|1.0|0.7|0.0|0|0.5448579845146747|1.0897159690293463|1.634573953544021|2.1794319380586957
766.4|1.0|0.7|0.0|0|0.23333038704877274|0.4666607740975442|0.699991161146317|0.9333215481950897
766.6|1.0|0.7|0.0|0|0.8185482222214349|1.637096444442865|2.4556446666643|3.274192888885735
766.8|1.0|0.7|0.0|0|0.3481037116883093|0.6962074233766167|1.044311135064926|1.3924148467532351
767.0|1.0|0.7|0.0|0|0.18414181881002167|0.3682836376200423|0.552425456430064|0.7365672752400857
767.2|1.0|0.7|0.0|0|0.4326071495079672|0.865214299015932|1.2978214485238992|1.7304285980318663
767.4|1.0|0.7|0.0|0|0.5864790807379182|1.172958161475833|1.7594372422137514|2.3459163229516697
767.6|1.0|0.7|0.0|0|0.20936672564828787|0.4187334512965746|0.6281001769448624|0.8374669025931503
767.8|1.0|0.7|0.0|0|0.08198094672756277|0.16396189345512507|0.24594284018268786|0.3279237869102506
768.0|1.0|0.7|0.0|0|0.819809466921143|1.6396189338422815|2.4594284007634246|3.2792378676845675
768.2|1.0|0.7|0.0|0|0.3632386568421501|0.7264773136842982|1.0897159705264483|1.4529546273685985
768.4|1.0|0.7|0.0|0|0.12612453324196407|0.2522490664839274|0.37837359972589146|0.5044981329678555
768.6|1.0|0.7|0.0|0|0.5095431153470422|1.0190862306940816|1.5286293460411238|2.0381724613881658
768.8|1.0|0.7|0.0|0|0.8362056565698011|1.6724113131395975|2.5086169697093985|3.3448226262792
769.0|1.0|0.7|0.0|0|0.17152936539321686|0.3430587307864328|0.5145880961796496|0.6861174615728666
769.2|1.0|0.7|0.0|0|0.7126036144694087|1.4252072289388134|2.137810843408222|2.8504144578776307
769.4|1.0|0.7|0.0|0|0.36576114784751584|0.7315222956950297|1.0972834435425456|1.4630445913900614
769.6|1.0|0.7|0.0|0|0.5650379095168324|1.1300758190336615|1.695113728550494|2.260151638067326
769.8|1.0|0.7|0.0|0|0.4237784329708669|0.8475568659417315|1.2713352989125986|1.6951137318834655
770.0|1.0|0.7|0.0|0|0.23711412348609903|0.4742282469721968|0.7113423704582958|0.9484564939443949
770.2|1.0|0.7|0.0|0|0.5234168140747356|1.0468336281494683|1.570250442224204|2.09366725629894
770.4|1.0|0.7|0.0|0|0.04666607731371191|0.09333215462742356|0.13999823194113548|0.18666430925484737
770.6|1.0|0.7|0.0|0|0.6432351201365242|1.2864702402730448|1.929705360409569|2.572940480546093
770.8|1.0|0.7|0.0|0|0.42756216894020366|0.8551243378804049|1.2826865068206086|1.7102486757608122
771.0|1.0|0.7|0.0|0|0.49188568038167474|0.9837713607633468|1.4756570411450216|1.9675427215266963
771.2|1.0|0.7|0.0|0|0.33927499461337024|0.6785499892267386|1.0178249838401088|1.357099978453479
771.4|1.0|0.7|0.0|0|0.6255776865762896|1.251155373152576|1.8767330597288656|2.502310746305155
771.6|1.0|0.7|0.0|0|0.06180102141690446|0.12360204283380857|0.18540306425071304|0.2472040856676175
771.8|1.0|0.7|0.0|0|0.021441171056358163|0.04288234211271621|0.06432351316907436|0.08576468422543253
772.0|1.0|0.7|0.0|0|0.8412506381998545|1.6825012763997043|2.5237519145995586|3.365002552799413
772.2|1.0|0.7|0.0|0|0.1248632877203637|0.2497265754407267|0.3745898631610904|0.4994531508814541
772.4|1.0|0.7|0.0|0|0.416210960557219|0.8324219211144357|1.2486328816716548|1.6648438422288738
772.6|1.0|0.7|0.0|0|0.7756658800918383|1.5513317601836722|2.3269976402755104|3.102663520367349
772.8|1.0|0.7|0.0|0|0.3657611470174746|0.7315222940349472|1.0972834410524217|1.4630445880698963
773.0|1.0|0.7|0.0|0|0.47422824564739174|0.9484564912947808|1.4226847369421725|1.8969129825895643
773.2|1.0|0.7|0.0|0|0.5776503629150107|1.1553007258300183|1.732951088745029|2.3106014516600397
773.4|1.0|0.7|0.0|0|0.6028752696915768|1.2057505393831502|1.808625809074727|2.4115010787663036
773.6|1.0|0.7|0.0|0|0.7630534270033247|1.5261068540066451|2.28916028100997|3.0522137080132947
773.8|1.0|0.7|0.0|0|0.015134944440214909|0.03026988888042973|0.04540483332064464|0.06053977776085955
774.0|1.0|0.7|0.0|0|0.31278884270344887|0.6255776854068961|0.9383665281103449|1.251155370813794
774.2|1.0|0.7|0.0|0|0.7668371636024683|1.5336743272049325|2.3005114908074007|3.067348654409869
774.4|1.0|0.7|0.0|0|0.8437731296656428|1.6875462593312809|2.531319388996924|3.3750925186625667
774.6|1.0|0.7|0.0|0|0.8261156938836218|1.6522313877672392|2.478347081650861|3.304462775534483
774.8|1.0|0.7|0.0|0|1.107373403372477|2.2147468067449476|3.3221202101174243|4.4294936134899014
775.0|1.0|0.7|0.0|0|0.5625154191959887|1.1250308383919743|1.687546257587963|2.2500616767839516
775.2|1.0|0.7|0.0|0|1.1048509123967971|2.209701824793588|3.314552737190385|4.419403649587182
775.4|1.0|0.7|0.0|0|0.1753131008369384|0.3506262016738758|0.5259393025108142|0.7012524033477526
775.6|1.0|0.7|0.0|0|0.4515258302661827|0.903051660532363|1.3545774907985457|1.8061033210647284
775.8|1.0|0.7|0.0|0|0.3670223931147487|0.7340447862294954|1.1010671793442441|1.4680895724589929
776.0|1.0|0.7|0.0|0|0.17657434741908234|0.3531486948381637|0.5297230422572461|0.7062973896763284
776.2|1.0|0.7|0.0|0|0.3127888431685281|0.6255776863370545|0.9383665295055825|1.2511553726741107
776.4|1.0|0.7|0.0|0|0.7302610481320887|1.4605220962641734|2.190783144396262|2.921044192528351
776.6|1.0|0.7|0.0|0|-0.16522313842258896|-0.330446276845177|-0.495669415267766|-0.6608925536903549
776.8|1.0|0.7|0.0|0|0.09333215595979717|0.18666431191959384|0.27999646787939103|0.3733286238391882
777.0|1.0|0.7|0.0|0|0.5940465525432961|1.1880931050865888|1.782139657629885|2.376186210173181
777.2|1.0|0.7|0.0|0|0.22071793371404075|0.4414358674280803|0.6621538011421211|0.8828717348561618
777.4|1.0|0.7|0.0|0|0.10089962685597138|0.2017992537119422|0.3026988805679136|0.403598507423885
777.6|1.0|0.7|0.0|0|0.49945315174874894|0.9989063034974951|1.498359455246244|1.997812606994993
777.8|1.0|0.7|0.0|0|-0.1450432127300884|-0.290086425460176|-0.4351296381902644|-0.5801728509203528
778.0|1.0|0.7|0.0|0|0.33801374958478875|0.6760274991695756|1.0140412487543644|1.3520549983391532
778.2|1.0|0.7|0.0|0|0.5044981335860216|1.0089962671720403|1.513494400758062|2.0179925343440837
778.4|1.0|0.7|0.0|0|0.5499029663996776|1.0998059327993521|1.6497088991990296|2.1996118655987074
778.6|1.0|0.7|0.0|0|0.5145880966453119|1.029176193290621|1.543764289935933|2.058352386581245
778.8|1.0|0.7|0.0|0|0.10216087182052443|0.2043217436410483|0.3064826154615727|0.40864348728209715
779.0|1.0|0.7|0.0|0|0.19549302739149443|0.39098605478298776|0.5864790821744822|0.7819721095659766
779.2|1.0|0.7|0.0|0|0.7037748968903913|1.4075497937807786|2.11132469067117|2.815099587561561
779.4|1.0|0.7|0.0|0|0.30396012557321256|0.6079202511464235|0.911880376719636|1.2158405022928485
779.6|1.0|0.7|0.0|0|0.10720585355651574|0.2144117071130309|0.32161756066954666|0.4288234142260624
779.8|1.0|0.7|0.0|0|0.2257629142922817|0.45152582858456214|0.6772887428768438|0.9030516571691255
780.0|1.0|0.7|0.0|0|0.32287880561722004|0.6457576112344383|0.9686364168516584|1.2915152224688784
780.2|1.0|0.7|0.0|0|0.03909860582556579|0.07819721165113136|0.11729581747669715|0.15639442330226294
780.4|1.0|0.7|0.0|0|0.562515418726835|1.1250308374536668|1.6875462561805017|2.2500616749073368
780.6|1.0|0.7|0.0|0|0.49062443453469357|0.9812488690693845|1.471873303604078|1.9624977381387716
780.8|1.0|0.7|0.0|0|1.0871934791939575|2.174386958387909|3.2615804375818667|4.348773916775825
781.0|1.0|0.7|0.0|0|0.7567472008499324|1.5134944016998606|2.2702416025497927|3.026988803399725
781.2|1.0|0.7|0.0|0|0.943411509831786|1.886823019663567|2.830234529495353|3.773646039327139
781.4|1.0|0.7|0.0|0|0.38846356300287915|0.7769271260057561|1.1653906890086352|1.5538542520115144
781.6|1.0|0.7|0.0|0|0.027747397004859547|0.05549479400971894|0.08324219101457848|0.11098958801943803
781.8|1.0|0.7|0.0|0|0.2875639352278088|0.575127870455616|0.8626918056834249|1.1502557409112335
782.0|1.0|0.7|0.0|0|0.44143586759397335|0.8828717351879443|1.3243076027819176|1.765743470375891
782.2|1.0|0.7|0.0|0|-0.017657434431603194|-0.03531486886320629|-0.05297230329480948|-0.07062973772641268
782.4|1.0|0.7|0.0|0|0.5171105868567252|1.0342211737134475|1.5513317605701726|2.0684423474268976
782.6|1.0|0.7|0.0|0|0.7945845595799627|1.5891691191599209|2.3837536787398834|3.178338238319846
782.8|1.0|0.7|0.0|0|1.0253924574656421|2.0507849149312785|3.076177372396921|4.101569829862563
783.0|1.0|0.7|0.0|0|0.696207424603054|1.3924148492061041|2.088622273809158|2.7848296984122123
783.2|1.0|0.7|0.0|0|0.6053977604617836|1.2107955209235637|1.8161932813853474|2.421591041847131
783.4|1.0|0.7|0.0|0|0.6217939490912254|1.2435878981824475|1.865381847273673|2.4871757963648986
783.6|1.0|0.7|0.0|0|0.5902628164243657|1.1805256328487281|1.7707884492730939|2.3610512656974594
783.8|1.0|0.7|0.0|0|0.1828805740404643|0.3657611480809276|0.5486417221213918|0.7315222961618562
784.0|1.0|0.7|0.0|0|0.87908799748635|1.7581759949726952|2.637263992459045|3.516351989945395
784.2|1.0|0.7|0.0|0|0.3708061284769795|0.741612256953957|1.1124183854309366|1.483224513907916
784.4|1.0|0.7|0.0|0|0.6457576108962536|1.2915152217925037|1.9372728326887572|2.583030443585011
784.6|1.0|0.7|0.0|0|0.5599929284251999|1.1199858568503966|1.6799787852755965|2.2399717137007964
784.8|1.0|0.7|0.0|0|0.22071793418494073|0.44143586836988025|0.6621538025548209|0.8828717367397617
785.0|1.0|0.7|0.0|0|-0.015134944099700091|-0.0302698881994001|-0.04540483229910019|-0.06053977639880028
785.2|1.0|0.7|0.0|0|0.5221555674634879|1.0443111349269727|1.5664667023904606|2.0886222698539485
785.4|1.0|0.7|0.0|0|0.7971070504968527|1.594214100993701|2.391321151490554|3.1884282019874064
785.6|1.0|0.7|0.0|0|0.06306226608692674|0.12612453217385314|0.18918679826077986|0.2522490643477066
785.8|1.0|0.7|0.0|0|0.40359850736393166|0.807197014727861|1.2107955220917928|1.6143940294557242
786.0|1.0|0.7|0.0|0|0.5082818698527994|1.016563739705596|1.5248456095583955|2.033127479411195
786.2|1.0|0.7|0.0|0|0.6936849345039815|1.3873698690079592|2.081054803511941|2.7747397380159224
786.4|1.0|0.7|0.0|0|0.6571088193386101|1.3142176386772164|1.9713264580158265|2.6284352773544364
786.6|1.0|0.7|0.0|0|0.16522313935332947|0.330446278706658|0.4956694180599875|0.660892557413317
786.8|1.0|0.7|0.0|0|0.16900687484885582|0.3380137496977107|0.5070206245465665|0.6760274993954223
787.0|1.0|0.7|0.0|0|0.7882783341273906|1.5765566682547767|2.364835002382167|3.153113336509558
787.2|1.0|0.7|0.0|0|0.3834185820835413|0.7668371641670805|1.1502557462506218|1.5336743283341632
787.4|1.0|0.7|0.0|0|0.5246780592377768|1.0493561184755507|1.5740341777133275|2.0987122369511044
787.6|1.0|0.7|0.0|0|0.8034132782899549|1.6068265565799054|2.41023983486986|3.213653113159815
787.8|1.0|0.7|0.0|0|0.668460027032998|1.3369200540659925|2.0053800810989904|2.6738401081319885
788.0|1.0|0.7|0.0|0|-0.10720585279806992|-0.21441170559613926|-0.3216175583942092|-0.42882341119227907
788.2|1.0|0.7|0.0|0|1.000167549852632|2.0003350997052585|3.00050264955789|4.000670199410522
788.4|1.0|0.7|0.0|0|0.1324307604006027|0.2648615208012047|0.3972922812018074|0.5297230416024101
788.6|1.0|0.7|0.0|0|-8.440110832452781e-10|-1.6880221664905517e-09|-2.5320332497358297e-09|-3.376044332981108e-09
788.8|1.0|0.7|0.0|0|0.4162109610217161|0.83242192204343|1.248632883065146|1.6648438440868623
789.0|1.0|0.7|0.0|0|0.5852178349782485|1.1704356699564937|1.7556535049347424|2.340871339912991
789.2|1.0|0.7|0.0|0|0.41747220648278055|0.8349444129655588|1.2524166194483393|1.6698888259311198
789.4|1.0|0.7|0.0|0|0.2623390289593956|0.5246780579187897|0.7870170868781853|1.049356115837581
789.6|1.0|0.7|0.0|0|0.056756040792679464|0.11351208158535861|0.17026812237803807|0.22702416317071755
789.8|1.0|0.7|0.0|0|0.15765566622605562|0.31531133245211035|0.47296699867816594|0.6306226649042216
790.0|1.0|0.7|0.0|0|0.18918680052971484|0.37837360105942863|0.5675604015891434|0.7567472021188583
790.2|1.0|0.7|0.0|0|0.49693066116480666|0.9938613223296106|1.4907919834944172|1.987722644659224
790.4|1.0|0.7|0.0|0|0.16648438511590954|0.33296877023181815|0.4994531553477277|0.6659375404636372
790.6|1.0|0.7|0.0|0|0.40359850707522166|0.807197014150441|1.2107955212256627|1.6143940283008844
790.8|1.0|0.7|0.0|0|0.9219703395006954|1.8439406790013857|2.7659110185020808|3.6878813580027763
791.0|1.0|0.7|0.0|0|-0.0012612448789877829|-0.0025224897579755588|-0.0037837346369633414|-0.0050449795159511245
791.2|1.0|0.7|0.0|0|0.12612453424837453|0.25224906849674833|0.37837360274512283|0.5044981369934973
791.4|1.0|0.7|0.0|0|0.010089962756028407|0.02017992551205676|0.030269888268085167|0.040359851024113574
791.6|1.0|0.7|0.0|0|0.10720585296920045|0.2144117059384003|0.32161755890760074|0.4288234118768012
791.8|1.0|0.7|0.0|0|0.41116597879969086|0.8223319575993794|1.2334979363990703|1.6446639151987612
792.0|1.0|0.7|0.0|0|0.19549302713945527|0.3909860542789094|0.5864790814183647|0.78197210855782
792.2|1.0|0.7|0.0|0|-0.01639618811605034|-0.03279237623210059|-0.04918856434815093|-0.06558475246420127
792.4|1.0|0.7|0.0|0|0.7706208984222037|1.5412417968444032|2.311862695266607|3.0824835936888104
792.6|1.0|0.7|0.0|0|0.9762038877262975|1.9524077754525897|2.928611663178887|3.9048155509051847
792.8|1.0|0.7|0.0|0|0.49819190615031445|0.9963838123006262|1.4945757184509407|1.9927676246012551
793.0|1.0|0.7|0.0|0|0.23206914155220168|0.4641382831044021|0.6962074246566038|0.9282765662088054
793.2|1.0|0.7|0.0|0|0.07062973861524376|0.14125947723048712|0.2118892158457309|0.28251895446097464
793.4|1.0|0.7|0.0|0|0.4590933023078837|0.9181866046157648|1.3772799069236485|1.8363732092315321
793.6|1.0|0.7|0.0|0|0.8538630911608933|1.7077261823217817|2.561589273482675|3.4154523646435684
793.8|1.0|0.7|0.0|0|0.2837802006962013|0.567560401392401|0.8513406020886024|1.1351208027848037
794.0|1.0|0.7|0.0|0|0.5385517580201854|1.077103516040368|1.6156552740605532|2.1542070320807385
794.2|1.0|0.7|0.0|0|0.307743861236959|0.6154877224739164|0.9232315837108754|1.2309754449478345
794.4|1.0|0.7|0.0|0|-0.08576468211191249|-0.17152936422382448|-0.257294046335737|-0.34305872844764945
794.6|1.0|0.7|0.0|0|0.49062443569477227|0.9812488713895418|1.471873307084314|1.9624977427790864
794.8|1.0|0.7|0.0|0|0.21945668784959727|0.4389133756991933|0.6583700635487906|0.8778267513983878
795.0|1.0|0.7|0.0|0|0.39729228012380224|0.7945845602476023|1.1918768403714046|1.5891691204952068
795.2|1.0|0.7|0.0|0|-0.1034221169957892|-0.20684423399157784|-0.31026635098736705|-0.4136884679831562
795.4|1.0|0.7|0.0|0|0.33927499499928704|0.6785499899985722|1.0178249849978591|1.3570999799971462
795.6|1.0|0.7|0.0|0|0.6079202508809982|1.2158405017619929|1.823760752642991|2.4316810035239893
795.8|1.0|0.7|0.0|0|1.0392661552253422|2.0785323104506785|3.1177984656760205|4.157064620901362
796.0|1.0|0.7|0.0|0|0.5890015707007847|1.1780031414015661|1.7670047121023509|2.356006282803136
796.2|1.0|0.7|0.0|0|0.3935085441858977|0.7870170883717932|1.180525632557691|1.5740341767435886
796.4|1.0|0.7|0.0|0|0.7214323307544698|1.4428646615089356|2.1642969922634054|2.885729323017875
796.6|1.0|0.7|0.0|0|0.7895395792956704|1.5790791585913364|2.3686187378870067|3.1581583171826773
796.8|1.0|0.7|0.0|0|0.9055741506279454|1.8111483012558858|2.716722451883831|3.622296602511777
797.0|1.0|0.7|0.0|0|0.9030516585451559|1.8061033170903067|2.7091549756354625|3.6122066341806187
797.2|1.0|0.7|0.0|0|0.7113423691852956|1.4226847383705872|2.134027107555883|2.8453694767411783
797.4|1.0|0.7|0.0|0|-0.0012612447352148605|-0.0025224894704297136|-0.0037837342056445743|-0.005044978940859434
797.6|1.0|0.7|0.0|0|0.673505008758512|1.3470100175170203|2.020515026275532|2.694020035034044
797.8|1.0|0.7|0.0|0|0.4981919073796603|0.9963838147593178|1.494575722138978|1.9927676295186383
798.0|1.0|0.7|0.0|0|0.29008642706670823|0.5801728541334149|0.8702592812001231|1.1603457082668314
798.2|1.0|0.7|0.0|0|1.1578232172032596|2.3156464344065126|3.473469651609772|4.6312928688130315
798.4|1.0|0.7|0.0|0|0.9080966405960507|1.8161932811920962|2.724289921788147|3.6323865623841973
798.6|1.0|0.7|0.0|0|0.8551243362197427|1.7102486724394808|2.5653730086592232|3.420497344878966
798.8|1.0|0.7|0.0|0|0.05675604075076995|0.11351208150153959|0.17026812225230953|0.22702416300307948
799.0|1.0|0.7|0.0|0|0.3808960919757377|0.7617921839514733|1.142688275927211|1.5235843679029486
799.2|1.0|0.7|0.0|0|0.8589080720278442|1.7178161440556836|2.576724216083528|3.435632288111372
799.4|1.0|0.7|0.0|0|0.9307990561029882|1.8615981122059713|2.7923971683089595|3.723196224411948
799.6|1.0|0.7|0.0|0|0.1664843844453573|0.33296876889071364|0.49945315333607093|0.6659375377814282
799.8|1.0|0.7|0.0|0|0.1425207224726911|0.2850414449453814|0.4275621674180725|0.5700828898907636
800.0|1.0|0.7|0.0|0|0.6924236880871474|1.3848473761742908|2.077271064261438|2.7696947523485855
800.2|1.0|0.7|0.0|0|0.6255776859080657|1.251155371816128|1.8767330577241936|2.5023107436322594
800.4|1.0|0.7|0.0|0|1.2309754457551765|2.461950891510346|3.6929263372655226|4.923901783020699
800.6|1.0|0.7|0.0|0|0.7996295424964053|1.5992590849928061|2.3988886274892116|3.1985181699856167
800.8|1.0|0.7|0.0|0|0.5675604005390783|1.1351208010781535|1.702681201617232|2.27024160215631
801.0|1.0|0.7|0.0|0|1.4125947734504019|2.825189546900796|4.237784320351198|5.6503790938016
801.2|1.0|0.7|0.0|0|0.6154877232556469|1.2309754465112905|1.8464631697669374|2.4619508930225846
801.4|1.0|0.7|0.0|0|0.48053447258309506|0.9610689451661875|1.4416034177492825|1.9221378903323776
801.6|1.0|0.7|0.0|0|0.5360292674746602|1.0720585349493175|1.6080878024239775|2.1441170698986376
801.8|1.0|0.7|0.0|0|0.44521960225654805|0.8904392045130937|1.3356588067696418|1.7808784090261898
802.0|1.0|0.7|0.0|0|0.18540306342823912|0.37080612685647724|0.5562091902847164|0.7416122537129555
802.2|1.0|0.7|0.0|0|0.9484564905549641|1.8969129811099228|2.845369471664887|3.793825962219851
802.4|1.0|0.7|0.0|0|0.46539952757768377|0.9307990551553649|1.3961985827330488|1.8615981103107324
802.6|1.0|0.7|0.0|0|0.7277385576802778|1.4554771153605515|2.1832156730408294|2.9109542307211074
802.8|1.0|0.7|0.0|0|0.3279237880674194|0.6558475761348369|0.9837713642022563|1.3116951522696756
803.0|1.0|0.7|0.0|0|0.461615792550147|0.9232315851002915|1.3848473776504384|1.8464631702005854
803.2|1.0|0.7|0.0|0|0.44521960233629254|0.8904392046725826|1.335658807008875|1.7808784093451677
803.4|1.0|0.7|0.0|0|0.2623390306025979|0.5246780612051942|0.7870170918077921|1.04935612241039
803.6|1.0|0.7|0.0|0|0.542335493426072|1.084670986852141|1.627006480278213|2.169341973704285
803.8|1.0|0.7|0.0|0|0.9509789821720923|1.9019579643441793|2.8529369465162717|3.803915928688364
804.0|1.0|0.7|0.0|0|0.874043016999495|1.7480860339989852|2.6221290509984803|3.4961720679979753
804.2|1.0|0.7|0.0|0|0.7466572386788909|1.4933144773577778|2.239971716036669|2.9866289547155596
804.4|1.0|0.7|0.0|0|0.1236020434688545|0.24720408693770832|0.3708061304065628|0.4944081738754173
804.6|1.0|0.7|0.0|0|-0.039098606063635126|-0.07819721212727003|-0.11729581819090515|-0.15639442425454028
804.8|1.0|0.7|0.0|0|-0.10846709931502128|-0.21693419863004196|-0.32540129794506323|-0.4338683972600845
805.0|1.0|0.7|0.0|0|0.40107601617812216|0.8021520323562421|1.2032280485343643|1.6043040647124864
805.2|1.0|0.7|0.0|0|0.7908008246211109|1.5816016492422174|2.3724024738633283|3.163203298484439
805.4|1.0|0.7|0.0|0|0.18414181937812843|0.36828363875625586|0.5524254581343843|0.7365672775125127
805.6|1.0|0.7|0.0|0|0.5057593797938903|1.0115187595877777|1.5172781393816681|2.023037519175558
805.8|1.0|0.7|0.0|0|0.6722437624941818|1.34448752498836|2.016731287482542|2.6889750499767238
806.0|1.0|0.7|0.0|0|0.6255776857648749|1.2511553715297463|1.8767330572946213|2.502310743059496
806.2|1.0|0.7|0.0|0|0.8816104879765779|1.763220975953151|2.644831463929729|3.526441951906307
806.4|1.0|0.7|0.0|0|-0.11603457019198696|-0.23206914038397328|-0.34810371057596023|-0.4641382807679472
806.6|1.0|0.7|0.0|0|0.5524254565185407|1.1048509130370783|1.657276369555619|2.2097018260741597
806.8|1.0|0.7|0.0|0|0.9774651341931903|1.9549302683863752|2.9323954025795653|3.9098605367727557
807.0|1.0|0.7|0.0|0|0.6117039871198363|1.2234079742396693|1.8351119613595057|2.446815948479342
807.2|1.0|0.7|0.0|0|0.2093667251453737|0.4187334502907462|0.6281001754361198|0.8374669005814935
807.4|1.0|0.7|0.0|0|0.19927676170598732|0.39855352341197353|0.5978302851179609|0.7971070468239482
807.6|1.0|0.7|0.0|0|0.4540483194630364|0.9080966389260703|1.3621449583891068|1.8161932778521432
807.8|1.0|0.7|0.0|0|0.8261156932404272|1.6522313864808498|2.478347079721277|3.3044627729617044
808.0|1.0|0.7|0.0|0|0.8172869759716567|1.6345739519433087|2.4518609279149652|3.2691479038866222
808.2|1.0|0.7|0.0|0|0.7920620689599316|1.5841241379198587|2.3761862068797903|3.168248275839722
808.4|1.0|0.7|0.0|0|0.3430587306688543|0.6861174613377067|1.029176192006561|1.3722349226754151
808.6|1.0|0.7|0.0|0|0.6482801019877666|1.2965602039755297|1.9448403059632964|2.593120407951063
808.8|1.0|0.7|0.0|0|0.6230551952100365|1.2461103904200694|1.869165585630106|2.4922207808401424
809.0|1.0|0.7|0.0|0|0.9963838139950539|1.9927676279901023|2.989151441985156|3.9855352559802104
809.2|1.0|0.7|0.0|0|0.7668371636507807|1.5336743273015572|2.3005114909523376|3.0673486546031183
809.4|1.0|0.7|0.0|0|0.6861174621793913|1.3722349243587788|2.05835238653817|2.7444698487175616
809.6|1.0|0.7|0.0|0|0.4717057545675202|0.9434115091350378|1.415117263702558|1.886823018270078
809.8|1.0|0.7|0.0|0|0.8349444110610064|1.6698888221220083|2.5048332331830148|3.339777644244021
810.0|1.0|0.7|0.0|0|0.6457576110534143|1.291515222106825|1.9372728331602393|2.5830304442136534
810.2|1.0|0.7|0.0|0|0.22954665136989227|0.45909330273978327|0.6886399541096755|0.9181866054795678
810.4|1.0|0.7|0.0|0|0.44521960353246|0.8904392070649175|1.3356588105973775|1.7808784141298375
810.6|1.0|0.7|0.0|0|0.6508025928458671|1.3016051856917306|1.9524077785375975|2.6032103713834647
810.8|1.0|0.7|0.0|0|0.3594549206993546|0.7189098413987072|1.0783647620980616|1.4378196827974163
811.0|1.0|0.7|0.0|0|0.6495413472497609|1.2990826944995182|1.948624041749279|2.59816538899904
811.2|1.0|0.7|0.0|0|0.20306049834704046|0.40612099669407975|0.6091814950411202|0.8122419933881606
811.4|1.0|0.7|0.0|0|0.12107955174462415|0.24215910348924763|0.3632386552338718|0.4843182069784959
811.6|1.0|0.7|0.0|0|0.5549479464674374|1.1098958929348717|1.6648438394023088|2.2197917858697465
811.8|1.0|0.7|0.0|0|0.27747397429193393|0.5549479485838663|0.8324219228758003|1.1098958971677342
812.0|1.0|0.7|0.0|0|0.18161932783375975|0.3632386556675185|0.5448579835012782|0.726477311335038
812.2|1.0|0.7|0.0|0|-0.05549479432229423|-0.11098958864458816|-0.1664843829668824|-0.22197917728917663
812.4|1.0|0.7|0.0|0|0.4300846598029606|0.8601693196059188|1.2902539794088794|1.72033863921184
812.6|1.0|0.7|0.0|0|-0.23585287747497224|-0.4717057549499432|-0.7075586324249155|-0.9434115098998878
812.8|1.0|0.7|0.0|0|0.1765743469347946|0.35314869386958825|0.5297230408043828|0.7062973877391775
813.0|1.0|0.7|0.0|0|0.8954841874213897|1.7909683748427745|2.686452562264164|3.581936749685554
813.2|1.0|0.7|0.0|0|0.3354912589478775|0.6709825178957531|1.0064737768436307|1.3419650357915083
813.4|1.0|0.7|0.0|0|0.9762038888287506|1.952407777657496|2.9286116664862463|3.9048155553149972
813.6|1.0|0.7|0.0|0|1.3116951469978095|2.623390293995612|3.9350854409934217|5.246780587991231
813.8|1.0|0.7|0.0|0|0.6722437636082765|1.3444875272165493|2.0167312908248256|2.688975054433102
814.0|1.0|0.7|0.0|0|0.49819190721085804|0.9963838144217133|1.4945757216325715|1.9927676288434295
814.2|1.0|0.7|0.0|0|0.7706208992126637|1.5412417984253233|2.311862697637987|3.0824835968506505
814.4|1.0|0.7|0.0|0|0.585217834791984|1.1704356695839648|1.7556535043759487|2.3408713391679328
814.6|1.0|0.7|0.0|0|0.8626918084966027|1.7253836169932004|2.5880754254898033|3.4507672339864057
814.8|1.0|0.7|0.0|0|0.7289998035092146|1.4579996070184251|2.1869994105276396|2.9159992140368542
815.0|1.0|0.7|0.0|0|0.9698976627073725|1.9397953254147395|2.9096929881221123|3.8795906508294844
815.2|1.0|0.7|0.0|0|0.6356676484248607|1.2713352968497178|1.9070029452745785|2.542670593699439
815.4|1.0|0.7|0.0|0|0.7895395804103471|1.5790791608206898|2.368618741231037|3.158158321641384
815.6|1.0|0.7|0.0|0|0.8513406013051288|1.702681202610253|2.554021803915382|3.4053624052205107
815.8|1.0|0.7|0.0|0|-0.07945845593581914|-0.15891691187163784|-0.238375367807457|-0.3178338237432761
816.0|1.0|0.7|0.0|0|1.2372816726198663|2.474563345239726|3.7118450178595923|4.949126690479458
816.2|1.0|0.7|0.0|0|0.7365672742226168|1.4731345484452294|2.209701822667846|2.946269096890463
816.4|1.0|0.7|0.0|0|0.9257540752243957|1.8515081504487862|2.7772622256731823|3.703016300897578
816.6|1.0|0.7|0.0|0|0.7996295421820839|1.5992590843641634|2.3988886265462472|3.1985181687283313
816.8|1.0|0.7|0.0|0|1.05313985371322|2.106279707426434|3.159419561139654|4.212559414852874
817.0|1.0|0.7|0.0|0|0.8462956192169812|1.6925912384339576|2.538886857650939|3.38518247686792
817.2|1.0|0.7|0.0|0|0.42377843197551596|0.8475568639510295|1.2713352959265454|1.6951137279020614
817.4|1.0|0.7|0.0|0|0.6003527786873752|1.2007055573747472|1.8010583360621222|2.4014111147494974
817.6|1.0|0.7|0.0|0|0.5738666273583664|1.1477332547167294|1.7215998820750957|2.295466509433462
817.8|1.0|0.7|0.0|0|0.6444963661138905|1.2889927322277774|1.933489098341668|2.5779854644555584
818.0|1.0|0.7|0.0|0|0.4439583576685986|0.8879167153371947|1.3318750730057933|1.775833430674392
818.2|1.0|0.7|0.0|0|0.7756658807542415|1.5513317615084787|2.3269976422627203|3.1026635230169615
818.4|1.0|0.7|0.0|0|0.9270153213338934|1.8540306426677817|2.781045964001675|3.708061285335569
818.6|1.0|0.7|0.0|0|0.5398130032990598|1.0796260065981167|1.6194390098971765|2.1592520131962365
818.8|1.0|0.7|0.0|0|0.3909860531822782|0.7819721063645542|1.1729581595468324|1.5639442127291105
819.0|1.0|0.7|0.0|0|0.5423354935698449|1.0846709871396867|1.6270064807095317|2.1693419742793765
819.2|1.0|0.7|0.0|0|0.6356676482327753|1.2713352964655473|1.9070029446983225|2.5426705929310978
819.4|1.0|0.7|0.0|0|0.359454919927521|0.71890983985504|1.078364759782561|1.437819679710082
819.6|1.0|0.7|0.0|0|0.5246780589770065|1.04935611795401|1.5740341769310164|2.098712235908023
819.8|1.0|0.7|0.0|0|-0.012612453629262757|-0.025224907258525442|-0.0378373608877882|-0.05044981451705095
820.0|1.0|0.7|0.0|0|0.624316440155381|1.2486328803107585|1.8729493204661394|2.4972657606215205
820.2|1.0|0.7|0.0|0|0.19801551794458663|0.39603103588917216|0.5940465538337588|0.7920620717783454
820.4|1.0|0.7|0.0|0|0.04414358696842104|0.08828717393684184|0.13243076090526287|0.17657434787368392
820.6|1.0|0.7|0.0|0|0.45152583002229263|0.9030516600445827|1.3545774900668752|1.8061033200891679
820.8|1.0|0.7|0.0|0|0.7252160670753808|1.4504321341507576|2.1756482012261382|2.900864268301519
821.0|1.0|0.7|0.0|0|0.10342211726645482|0.20684423453290907|0.3102663517993639|0.41368846906581874
821.2|1.0|0.7|0.0|0|0.3897248083475282|0.7794496166950543|1.1691744250425824|1.5588992333901106
821.4|1.0|0.7|0.0|0|0.42756216834299304|0.8551243366859838|1.2826865050289769|1.7102486733719697
821.6|1.0|0.7|0.0|0|-0.0378373597149039|-0.0756747194298076|-0.1135120791447115|-0.1513494388596154
821.8|1.0|0.7|0.0|0|0.27369023803563347|0.5473804760712654|0.8210707141068989|1.0947609521425323
822.0|1.0|0.7|0.0|0|0.39981477169436436|0.7996295433887265|1.199444315083091|1.5992590867774552
822.2|1.0|0.7|0.0|0|0.972420152541018|1.9448403050820307|2.9172604576230485|3.8896806101640666
822.4|1.0|0.7|0.0|0|0.25855529298132773|0.517110585962654|0.7756658789439818|1.0342211719253096
822.6|1.0|0.7|0.0|0|0.7958458059385891|1.591691611877174|2.387537417815763|3.183383223754352
822.8|1.0|0.7|0.0|0|0.04162109625467569|0.08324219250935114|0.12486328876402683|0.16648438501870252
823.0|1.0|0.7|0.0|0|0.5511642110452526|1.1023284220905023|1.653492633135755|2.2046568441810077
823.2|1.0|0.7|0.0|0|-0.05675603971350943|-0.11351207942701855|-0.17026811914052797|-0.2270241588540374
823.4|1.0|0.7|0.0|0|-0.12738577860640374|-0.25477155721280675|-0.38215733581921046|-0.5095431144256142
823.6|1.0|0.7|0.0|0|0.5183718316548043|1.0367436633096057|1.55511549496441|2.0734873266192144
823.8|1.0|0.7|0.0|0|0.33423001406423314|0.6684600281284644|1.0026900421926974|1.3369200562569306
824.0|1.0|0.7|0.0|0|0.9118803772592227|1.8237607545184402|2.7356411317776628|3.6475215090368858
824.2|1.0|0.7|0.0|0|1.0405273999104985|2.081054799820991|3.1215821997314896|4.162109599641988
824.4|1.0|0.7|0.0|0|0.32792378634563674|0.6558475726912717|0.9837713590369085|1.3116951453825452
824.6|1.0|0.7|0.0|0|0.7933233151072643|1.5866466302145243|2.3799699453217884|3.173293260429053
824.8|1.0|0.7|0.0|0|0.48936319025349845|0.9787263805069942|1.4680895707604926|1.9574527610139911
825.0|1.0|0.7|0.0|0|0.34179748523049086|0.6835949704609798|1.0253924556914706|1.3671899409219617
825.2|1.0|0.7|0.0|0|0.5953077976242644|1.1906155952485256|1.78592339287279|2.3812311904970547
825.4|1.0|0.7|0.0|0|0.1690068745805185|0.33801374916103605|0.5070206237415545|0.676027498322073
825.6|1.0|0.7|0.0|0|0.4628770377021287|0.9257540754042548|1.3886311131063835|1.8515081508085123
825.8|1.0|0.7|0.0|0|0.4817957175004999|0.9635914350009971|1.445387152501497|1.9271828700019968
826.0|1.0|0.7|0.0|0|0.19927676267863734|0.39855352535727356|0.597830288035911|0.7971070507145482
826.2|1.0|0.7|0.0|0|0.368283638901776|0.73656727780355|1.104850916705326|1.473134555607102
826.4|1.0|0.7|0.0|0|0.5032368876808327|1.0064737753616626|1.5097106630424955|2.0129475507233283
826.6|1.0|0.7|0.0|0|0.27116774748777994|0.5423354949755584|0.8135032424633384|1.0846709899511182
826.8|1.0|0.7|0.0|0|0.5044981332990578|1.008996266598113|1.5134943998971706|2.0179925331962285
827.0|1.0|0.7|0.0|0|0.7302610479015863|1.4605220958031686|2.190783143704755|2.921044191606341
827.2|1.0|0.7|0.0|0|0.4540483211708492|0.9080966423416958|1.362144963512545|1.8161932846833944
827.4|1.0|0.7|0.0|0|0.5776503628474898|1.1553007256949763|1.7329510885424662|2.310601451389956
827.6|1.0|0.7|0.0|0|0.6571088189678272|1.314217637935651|1.971326456903478|2.6284352758713054
827.8|1.0|0.7|0.0|0|0.42377843259251713|0.8475568651850319|1.2713352977775492|1.6951137303700663
828.0|1.0|0.7|0.0|0|0.3518874477228386|0.7037748954456752|1.0556623431685137|1.4075497908913523
828.2|1.0|0.7|0.0|0|1.1489944994915287|2.297988998983051|3.4469834984745797|4.595977997966108
828.4|1.0|0.7|0.0|0|0.10342211791023155|0.20684423582046255|0.3102663537306941|0.41368847164092565
828.6|1.0|0.7|0.0|0|0.510804360872135|1.0216087217442673|1.5324130826164022|2.0432174434885373
828.8|1.0|0.7|0.0|0|0.264861519992701|0.5297230399854006|0.7945845599781016|1.0594460799708025
829.0|1.0|0.7|0.0|0|0.5372905118548084|1.0745810237096136|1.611871535564422|2.1491620474192303
829.2|1.0|0.7|0.0|0|0.4414358667930359|0.8828717335860694|1.3243076003791052|1.7657434671721413
829.4|1.0|0.7|0.0|0|1.2334979363216563|2.466995872643306|3.7004938089649624|4.933991745286619
829.6|1.0|0.7|0.0|0|0.8122419957030804|1.6244839914061564|2.436725987109237|3.2489679828123172
829.8|1.0|0.7|0.0|0|0.4767507372290133|0.953501474458024|1.4302522116870373|1.9070029489160505
830.0|1.0|0.7|0.0|0|0.4464808488357816|0.8929616976715608|1.3394425465073423|1.785923395343124
830.2|1.0|0.7|0.0|0|0.6344064036925562|1.2688128073851088|1.9032192110776651|2.537625614770221
830.4|1.0|0.7|0.0|0|0.5183718323154612|1.0367436646309196|1.5551154969463807|2.073487329261842
830.6|1.0|0.7|0.0|0|1.0367436649266173|2.0734873298532293|3.1102309947798465|4.146974659706464
830.8|1.0|0.7|0.0|0|1.036743664382958|2.07348732876591|3.1102309931488676|4.146974657531826
831.0|1.0|0.7|0.0|0|0.3960310341994049|0.7920620683988076|1.1880931025982124|1.5841241367976173
831.2|1.0|0.7|0.0|0|0.32666254153940855|0.6533250830788153|0.9799876246182239|1.3066501661576324
831.4|1.0|0.7|0.0|0|0.8803492429474143|1.7606984858948238|2.641047728842238|3.5213969717896525
831.6|1.0|0.7|0.0|0|0.696207424709574|1.3924148494191442|2.0886222741287184|2.7848296988382923
831.8|1.0|0.7|0.0|0|-0.12612453299807397|-0.2522490659961472|-0.3783735989942212|-0.5044981319922951
832.0|1.0|0.7|0.0|0|0.3733286191779192|0.7466572383558363|1.1199858575337556|1.4933144767116748
832.2|1.0|0.7|0.0|0|0.6394513837486744|1.2789027674973452|1.9183541512460196|2.557805534994694
832.4|1.0|0.7|0.0|0|0.23080789590894732|0.46161579181789336|0.6924236877268406|0.923231583635788
832.6|1.0|0.7|0.0|0|0.5309842863649833|1.0619685727299637|1.5929528590949469|2.12393714545993
832.8|1.0|0.7|0.0|0|0.5007143972261114|1.0014287944522202|1.5021431916783317|2.002857588904443
833.0|1.0|0.7|0.0|0|0.6028752699244074|1.2057505398488115|1.8086258097732189|2.411501079697626
833.2|1.0|0.7|0.0|0|0.442697112236638|0.8853942244732735|1.3280913367099116|1.7707884489465495
833.4|1.0|0.7|0.0|0|0.9736813974217521|1.9473627948434986|2.9210441922652506|3.8947255896870026
833.6|1.0|0.7|0.0|0|0.32414005073660546|0.6482801014732091|0.9724201522098146|1.29656020294642
833.8|1.0|0.7|0.0|0|0.673505008249195|1.3470100164983863|2.020515024747581|2.694020032996776
834.0|1.0|0.7|0.0|0|0.37585110885731443|0.7517022177146268|1.1275533265719413|1.5034044354292557
834.2|1.0|0.7|0.0|0|0.42882341337332075|0.8576468267466391|1.28647024011996|1.7152936534932806
834.4|1.0|0.7|0.0|0|0.006306227778550243|0.01261245555710045|0.018918683335650693|0.025224911114200936
834.6|1.0|0.7|0.0|0|0.7441347473062349|1.4882694946124655|2.2324042419187005|2.9765389892249354
834.8|1.0|0.7|0.0|0|0.8210707128682414|1.6421414257364781|2.4632121386047197|3.284282851472961
835.0|1.0|0.7|0.0|0|0.56251541890204|1.125030837804077|1.687546256706117|2.250061675608157
835.2|1.0|0.7|0.0|0|0.4376521308545493|0.8753042617090961|1.3129563925636454|1.7506085234181947
835.4|1.0|0.7|0.0|0|0.9282765661494349|1.8565531322988647|2.7848296984482994|3.7131062645977346
835.6|1.0|0.7|0.0|0|0.10342211697308822|0.20684423394617585|0.3102663509192641|0.4136884678923523
835.8|1.0|0.7|0.0|0|0.46539952838153154|0.9307990567630605|1.396198585144592|1.8615981135261235
836.0|1.0|0.7|0.0|0|0.5372905125201218|1.0745810250402408|1.6118715375603627|2.1491620500804847
836.2|1.0|0.7|0.0|0|0.9030516593717046|1.8061033187434044|2.709154978115109|3.6122066374868136
836.4|1.0|0.7|0.0|0|0.3014376342989274|0.6028752685978531|0.9043129028967806|1.205750537195708
836.6|1.0|0.7|0.0|0|0.6962074248946744|1.392414849789345|2.088622274684019|2.7848296995786934
836.8|1.0|0.7|0.0|0|0.3102663523185768|0.6205327046371519|0.9307990569557287|1.2410654092743054
837.0|1.0|0.7|0.0|0|0.4956694164074729|0.9913388328149431|1.487008249222416|1.9826776656298888
837.2|1.0|0.7|0.0|0|0.5448579844017518|1.0897159688035005|1.6345739532052523|2.179431937607004
837.4|1.0|0.7|0.0|0|1.140165782147088|2.28033156429417|3.420497346441258|4.560663128588346
837.6|1.0|0.7|0.0|0|0.5158493412361718|1.0316986824723406|1.5475480237085124|2.0633973649446844
837.8|1.0|0.7|0.0|0|0.566299155268353|1.1325983105367028|1.6988974658050557|2.2651966210734087
838.0|1.0|0.7|0.0|0|0.2699065014184455|0.5398130028368895|0.809719504255335|1.0796260056737805
838.2|1.0|0.7|0.0|0|0.7062973863183294|1.412594772636655|2.1188921589549845|2.8251895452733136
838.4|1.0|0.7|0.0|0|0.5852178346423903|1.1704356692847773|1.7556535039271677|2.340871338569558
838.6|1.0|0.7|0.0|0|0.5473804750782443|1.0947609501564854|1.6421414252347297|2.189521900312974
838.8|1.0|0.7|0.0|0|0.3506262033584065|0.7012524067168111|1.0518786100752175|1.4025048134336242
839.0|1.0|0.7|0.0|0|0.09459340094181251|0.18918680188362452|0.28378020282543703|0.37837360376724954
839.2|1.0|0.7|0.0|0|0.2837802004627886|0.5675604009255756|0.8513406013883642|1.1351208018511527
839.4|1.0|0.7|0.0|0|0.89548418757564|1.790968375151275|2.686452562726915|3.581936750302555
839.6|1.0|0.7|0.0|0|0.49819190712820316|0.9963838142564035|1.4945757213846067|1.99276762851281
839.8|1.0|0.7|0.0|0|0.5965690427174564|1.1931380854349096|1.789707128152366|2.3862761708698224
840.0|1.0|0.7|0.0|0|0.6281001763482351|1.2562003526964667|1.8843005290447017|2.512400705392937
840.2|1.0|0.7|0.0|0|0.9749426426860746|1.9498852853721436|2.9248279280582183|3.899770570744293
840.4|1.0|0.7|0.0|0|0.5574704369646502|1.1149408739292974|1.6724113108939476|2.2298817478585975
840.6|1.0|0.7|0.0|0|0.44648084801912813|0.8929616960382538|1.3394425440573818|1.78592339207651
840.8|1.0|0.7|0.0|0|-0.11729581567167781|-0.23459163134335495|-0.3518874470150328|-0.46918326268671057
841.0|1.0|0.7|0.0|0|-0.031531133135431474|-0.06306226627086277|-0.09459339940629424|-0.12612453254172573
841.2|1.0|0.7|0.0|0|0.8475568649801433|1.6951137299602819|2.542670594940425|3.3902274599205686
841.4|1.0|0.7|0.0|0|0.6306226673576754|1.2612453347153472|1.8918680020730225|2.522490669430698
841.6|1.0|0.7|0.0|0|0.7252160676202045|1.4504321352404048|2.1756482028606094|2.900864270480814
841.8|1.0|0.7|0.0|0|1.0443111365434024|2.088622273086799|3.1329334096302017|4.177244546173604
842.0|1.0|0.7|0.0|0|0.2711677472776503|0.5423354945552991|0.8135032418329494|1.0846709891105997
842.2|1.0|0.7|0.0|0|0.29134767319134|0.5826953463826783|0.8740430195740183|1.1653906927653583
842.4|1.0|0.7|0.0|0|0.799629541703617|1.5992590834072296|2.3988886251108466|3.1985181668144635
842.6|1.0|0.7|0.0|0|0.8008907868078684|1.6017815736157324|2.4026723604236007|3.203563147231469
842.8|1.0|0.7|0.0|0|0.7958458061853897|1.591691612370775|2.3875374185561644|3.1833832247415543
843.0|1.0|0.7|0.0|0|0.7769271258951638|1.553854251790323|2.330781377685487|3.1077085035806506
843.2|1.0|0.7|0.0|0|0.29008642681699737|0.5801728536339932|0.8702592804509905|1.160345707267988
843.4|1.0|0.7|0.0|0|0.2963926532753979|0.5927853065507941|0.889177959826192|1.1855706131015897
843.6|1.0|0.7|0.0|0|0.3216175598133125|0.6432351196266233|0.9648526794399358|1.2864702392532483
843.8|1.0|0.7|0.0|0|1.3747574136639027|2.7495148273277974|4.1242722409917|5.499029654655603
844.0|1.0|0.7|0.0|0|0.5183718329860135|1.0367436659720242|1.5551154989580376|2.073487331944051
844.2|1.0|0.7|0.0|0|0.6772887444659142|1.3545774889318247|2.031866233397739|2.709154977863653
844.4|1.0|0.7|0.0|0|0.602875269867946|1.2057505397358887|1.8086258096038346|2.4115010794717806
844.6|1.0|0.7|0.0|0|0.07567471955495428|0.15134943910990814|0.22702415866486242|0.30269887821981667
844.8|1.0|0.7|0.0|0|0.8526018455502352|1.7052036911004655|2.557805536650701|3.410407382200936
845.0|1.0|0.7|0.0|0|0.40485975206305774|0.8097195041261133|1.214579256189171|1.6194390082522288
845.2|1.0|0.7|0.0|0|0.4464808488509156|0.8929616977018288|1.3394425465527444|1.78592339540366
845.4|1.0|0.7|0.0|0|0.49440817055932756|0.9888163411186524|1.4832245116779799|1.9776326822373076
845.6|1.0|0.7|0.0|0|0.08071970142365906|0.16143940284731767|0.24215910427097673|0.3228788056946358
845.8|1.0|0.7|0.0|0|0.6798112352407776|1.3596224704815514|2.0394337057223293|2.7192449409631068
846.0|1.0|0.7|0.0|0|0.32161755976267187|0.643235119525342|0.9648526792880139|1.2864702390506857
846.2|1.0|0.7|0.0|0|0.4628770380059727|0.9257540760119428|1.3886311140179155|1.8515081520238883
846.4|1.0|0.7|0.0|0|0.8753042620205095|1.7506085240410143|2.625912786061524|3.5012170480820335
846.6|1.0|0.7|0.0|0|0.25477155756496384|0.5095431151299262|0.7643146726948901|1.0190862302598538
846.8|1.0|0.7|0.0|0|0.23206914157257436|0.46413828314514743|0.6962074247177218|0.9282765662902962
847.0|1.0|0.7|0.0|0|0.7769271253392805|1.5538542506785569|2.3307813760178373|3.107708501357118
847.2|1.0|0.7|0.0|0|0.8097195044171538|1.6194390088343031|2.429158513251457|3.2388780176686107
847.4|1.0|0.7|0.0|0|0.22071793307375648|0.44143586614751174|0.6621537992212683|0.8828717322950247
847.6|1.0|0.7|0.0|0|0.7958458052133217|1.591691610426639|2.3875374156399607|3.1833832208532824
847.8|1.0|0.7|0.0|0|0.5044981334230402|1.0089962668460775|1.5134944002691175|2.0179925336921576
848.0|1.0|0.7|0.0|0|1.1679131785448418|2.3358263570896773|3.503739535634519|4.671652714179361
848.2|1.0|0.7|0.0|0|1.084670986714774|2.1693419734295416|3.2540129601443155|4.338683946859089
848.4|1.0|0.7|0.0|0|0.5196330782846785|1.0392661565693542|1.5588992348540327|2.078532313138711
848.6|1.0|0.7|0.0|0|0.7466572379670112|1.4933144759340184|2.2399717139010296|2.986628951868041
848.8|1.0|0.7|0.0|0|0.8841329788317679|1.768265957663531|2.652398936495299|3.5365319153270667
849.0|1.0|0.7|0.0|0|0.37206737353990355|0.744134747079805|1.1162021206197086|1.488269494159612
849.2|1.0|0.7|0.0|0|0.3619774111302107|0.7239548222604194|1.08593223339063|1.4479096445208408
849.4|1.0|0.7|0.0|0|0.6306226665357831|1.261245333071563|1.891867999607346|2.5224906661431294
849.6|1.0|0.7|0.0|0|0.5726053817110374|1.1452107634220716|1.717816145133109|2.2904215268441463
849.8|1.0|0.7|0.0|0|0.7327835392381536|1.4655670784763033|2.198350617714457|2.9311341569526106
850.0|1.0|0.7|0.0|0|0.14504321392159922|0.29008642784319766|0.43512964176479685|0.5801728556863961
850.2|1.0|0.7|0.0|0|0.3304462780954785|0.6608925561909551|0.9913388342864337|1.3217851123819122
850.4|1.0|0.7|0.0|0|0.3632386563229378|0.7264773126458736|1.0897159689688114|1.4529546252917491
850.6|1.0|0.7|0.0|0|0.5145880957308696|1.0291761914617363|1.5437642871926058|2.0583523829234753
850.8|1.0|0.7|0.0|0|0.8475568641966682|1.6951137283933317|2.54267059259|3.390227456786668
851.0|1.0|0.7|0.0|0|0.8008907872252173|1.6017815744504302|2.4026723616756476|3.203563148900865
851.2|1.0|0.7|0.0|0|0.6924236883741111|1.3848473767482183|2.0772710651223294|2.7696947534964407
851.4|1.0|0.7|0.0|0|0.9459340008394801|1.8918680016789549|2.837802002518435|3.783736003357915
851.6|1.0|0.7|0.0|0|0.7176485950232024|1.4352971900464009|2.1529457850696034|2.8705943800928058
851.8|1.0|0.7|0.0|0|0.3216175602568549|0.643235120513708|0.964852680770563|1.2864702410274178
852.0|1.0|0.7|0.0|0|0.8147644843626775|1.6295289687253505|2.444293453088028|3.2590579374507054
852.2|1.0|0.7|0.0|0|1.0544010996929147|2.1088021993858233|3.163203299078738|4.217604398771653
852.4|1.0|0.7|0.0|0|0.539813002730953|1.0796260054619031|1.6194390081928562|2.1592520109238094
852.6|1.0|0.7|0.0|0|0.45909330136608373|0.9181866027321649|1.3772799040982486|1.8363732054643325
852.8|1.0|0.7|0.0|0|0.4792732267209799|0.9585464534419571|1.4378196801629368|1.9170929068839169
853.0|1.0|0.7|0.0|0|0.4868406987882922|0.9736813975765817|1.460522096364874|1.947362795153166
853.2|1.0|0.7|0.0|0|0.16774562973994778|0.3354912594798946|0.5032368892198423|0.6709825189597901
853.4|1.0|0.7|0.0|0|0.5726053811662137|1.1452107623324241|1.7178161434986379|2.290421524664852
853.6|1.0|0.7|0.0|0|0.6810724809626123|1.3621449619252208|2.0432174428878334|2.7242899238504457
853.8|1.0|0.7|0.0|0|0.7239548211195512|1.4479096422390985|2.17186446335865|2.895819284478201
854.0|1.0|0.7|0.0|0|0.5625154189858591|1.125030837971715|1.687546256957574|2.2500616759434333
854.2|1.0|0.7|0.0|0|0.15134943948069135|0.30269887896138187|0.4540483184420732|0.6053977579227645
854.4|1.0|0.7|0.0|0|0.35693242964393024|0.7138648592878585|1.0707972889317887|1.427729718575719
854.6|1.0|0.7|0.0|0|0.38089609136513936|0.7617921827302766|1.1426882740954158|1.5235843654605552
854.8|1.0|0.7|0.0|0|0.09585464498260998|0.19170928996521944|0.2875639349478294|0.3834185799304394
855.0|1.0|0.7|0.0|0|0.25224906608811604|0.5044981321762306|0.7567471982643467|1.0089962643524626
855.2|1.0|0.7|0.0|0|0.002522490834235216|0.0050449816684704175|0.007567472502705634|0.010089963336940849
855.4|1.0|0.7|0.0|0|0.23459163260937224|0.46918326521874315|0.7037748978281154|0.9383665304374876
855.6|1.0|0.7|0.0|0|0.6293614217382861|1.2587228434765687|1.8880842652148548|2.517445686953141
855.8|1.0|0.7|0.0|0|0.7201710859301972|1.4403421718603904|2.1605132577905874|2.8806843437207847
856.0|1.0|0.7|0.0|0|0.8387281476467623|1.67745629529352|2.516184442940282|3.3549125905870443
856.2|1.0|0.7|0.0|0|0.7996295415633365|1.5992590831266686|2.398888624690005|3.1985181662533417
856.4|1.0|0.7|0.0|0|0.45404832044383553|0.9080966408876685|1.362144961331504|1.8161932817753395
856.6|1.0|0.7|0.0|0|0.5032368881150618|1.006473776230121|1.509710664345183|2.0129475524602447
856.8|1.0|0.7|0.0|0|0.587740325571504|1.1754806511430047|1.7632209767145088|2.350961302286013
857.0|1.0|0.7|0.0|0|0.2926089178537952|0.5852178357075889|0.8778267535613842|1.1704356714151793
857.2|1.0|0.7|0.0|0|0.6671987816644839|1.334397563328964|2.0015963449934477|2.6687951266579315
857.4|1.0|0.7|0.0|0|0.27999646388692806|0.5599929277738546|0.8399893916607827|1.1199858555477107
857.6|1.0|0.7|0.0|0|0.5145880967192357|1.0291761934384684|1.543764290157704|2.0583523868769396
857.8|1.0|0.7|0.0|0|0.37206737373024257|0.7441347474604831|1.1162021211907256|1.4882694949209683
858.0|1.0|0.7|0.0|0|0.2976538993581201|0.5953077987162385|0.8929616980743585|1.1906155974324786
858.2|1.0|0.7|0.0|0|-0.1891867999586977|-0.37837359991739433|-0.567560399876092|-0.7567471998347897
858.4|1.0|0.7|0.0|0|0.297653898589779|0.5953077971795563|0.8929616957693353|1.1906155943591141
858.6|1.0|0.7|0.0|0|0.2749514828051908|0.5499029656103802|0.824854448415571|1.099805931220762
858.8|1.0|0.7|0.0|0|0.5171105870924662|1.0342211741849294|1.5513317612773956|2.068442348369862
859.0|1.0|0.7|0.0|0|0.18540306393057124|0.3708061278611415|0.5562091917917127|0.741612255722284
859.2|1.0|0.7|0.0|0|0.4742282463680026|0.9484564927360025|1.4226847391040052|1.8969129854720077
859.4|1.0|0.7|0.0|0|0.4389133761415728|0.8778267522831431|1.3167401284247158|1.7556535045662887
859.6|1.0|0.7|0.0|0|-0.013873698927345699|-0.027747397854691318|-0.041621096782037015|-0.05549479570938271
859.8|1.0|0.7|0.0|0|0.6911624441330793|1.3823248882661547|2.073487332399234|2.7646497765323135
860.0|1.0|0.7|0.0|0|0.8904392050032046|1.7808784100064043|2.6713176150096087|3.5617568200128136
860.2|1.0|0.7|0.0|0|0.5145880959788341|1.0291761919576656|1.5437642879364997|2.058352383915334
860.4|1.0|0.7|0.0|0|0.654586328885053|1.3091726577701022|1.9637589866551552|2.618345315540208
860.6|1.0|0.7|0.0|0|0.28251895545807226|0.565037910916143|0.8475568663742152|1.1300758218322875
860.8|1.0|0.7|0.0|0|1.295298957345659|2.590597914691311|3.8858968720369704|5.181195829382629
861.0|1.0|0.7|0.0|0|0.5549479478702419|1.1098958957404808|1.664843843610723|2.2197917914809646
861.2|1.0|0.7|0.0|0|0.6306226672302006|1.2612453344603978|1.8918680016905982|2.5224906689207987
861.4|1.0|0.7|0.0|0|0.37711235515947955|0.754224710318957|1.1313370654784365|1.508449420637916
861.6|1.0|0.7|0.0|0|-0.10089962721220226|-0.20179925442440397|-0.30269888163660624|-0.4035985088488085
861.8|1.0|0.7|0.0|0|0.6558475738542626|1.3116951477085215|1.967542721562784|2.623390295417047
862.0|1.0|0.7|0.0|0|0.5486417195829568|1.0972834391659105|1.6459251587488672|2.194566878331824
862.2|1.0|0.7|0.0|0|-0.02774739735643382|-0.05549479471286748|-0.08324219206930131|-0.11098958942573511
862.4|1.0|0.7|0.0|0|0.4061209977080583|0.8122419954161144|1.2183629931241728|1.624483990832231
862.6|1.0|0.7|0.0|0|0.4363908849429576|0.8727817698859127|1.3091726548288702|1.7455635397718279
862.8|1.0|0.7|0.0|0|0.24089785906020572|0.4817957181204101|0.7226935771806159|0.9635914362408216
863.0|1.0|0.7|0.0|0|0.13999823158665106|0.27999646317330135|0.41999469475995244|0.5599929263466035
863.2|1.0|0.7|0.0|0|0.7769271258357919|1.5538542516715794|2.3307813775073716|3.1077085033431633
863.4|1.0|0.7|0.0|0|0.279996463916614|0.5599929278332264|0.8399893917498403|1.1199858556664544
863.6|1.0|0.7|0.0|0|0.5726053814677294|1.1452107629354555|1.717816144403185|2.290421525870914
863.8|1.0|0.7|0.0|0|0.5347680218645842|1.0695360437291654|1.6043040655937495|2.139072087458334
864.0|1.0|0.7|0.0|0|0.4477420943940528|0.8954841887881031|1.343226283182156|1.7909683775762086
864.2|1.0|0.7|0.0|0|0.472967000229401|0.9459340004587994|1.4189010006882004|1.8918680009176014
864.4|1.0|0.7|0.0|0|0.0668460021645297|0.13369200432905903|0.20053800649358872|0.2673840086581184
864.6|1.0|0.7|0.0|0|0.8059357677435044|1.6118715354870043|2.4178073032305085|3.223743070974013
864.8|1.0|0.7|0.0|0|0.6987299151974736|1.3974598303949435|2.096189745592417|2.7949196607898905
865.0|1.0|0.7|0.0|0|0.5549479464761685|1.109895892952334|1.6648438394285023|2.219791785904671
865.2|1.0|0.7|0.0|0|0.6230551946646307|1.2461103893292578|1.8691655839938885|2.492220778658519
865.4|1.0|0.7|0.0|0|0.45404832046129784|0.9080966409225931|1.362144961383891|1.8161932818451887
865.6|1.0|0.7|0.0|0|0.9459340003196857|1.8918680006393662|2.837802000959052|3.7837360012787373
865.8|1.0|0.7|0.0|0|0.7832333517330705|1.5664667034661368|2.3497000551992073|3.132933406932278
866.0|1.0|0.7|0.0|0|0.9850326064182454|1.9700652128364853|2.9550978192547306|3.9401304256729763
866.2|1.0|0.7|0.0|0|0.9484564910357594|1.8969129820715134|2.8453694731072727|3.793825964143032
866.4|1.0|0.7|0.0|0|0.7100811230973347|1.4201622461946655|2.130243369292|2.840324492389335
866.6|1.0|0.7|0.0|0|0.8387281470670139|1.6774562941340232|2.516184441201037|3.3549125882680513
866.8|1.0|0.7|0.0|0|1.0329599288117615|2.065919857623517|3.098879786435279|4.1318397152470405
867.0|1.0|0.7|0.0|0|0.800890787306126|1.6017815746122475|2.4026723619183734|3.2035631492244994
867.2|1.0|0.7|0.0|0|0.6987299151351914|1.397459830270379|2.0961897454055705|2.794919660540762
867.4|1.0|0.7|0.0|0|0.7025136517634388|1.4050273035268739|2.107540955290313|2.8100546070537518
867.6|1.0|0.7|0.0|0|0.5171105862676636|1.0342211725353243|1.551331758802988|2.0684423450706517
867.8|1.0|0.7|0.0|0|0.41368846991332286|0.8273769398266434|1.2410654097399663|1.654753879653289
868.0|1.0|0.7|0.0|0|1.2107955209258954|2.421591041851784|3.6323865627776795|4.843182083703575
868.2|1.0|0.7|0.0|0|0.4805344721436272|0.9610689442872518|1.4416034164308789|1.9221378885745062
868.4|1.0|0.7|0.0|0|0.6306226673186762|1.261245334637349|1.8918680019560252|2.5224906692747013
868.6|1.0|0.7|0.0|0|0.674766254163115|1.3495325083262262|2.024298762489341|2.699065016652456
868.8|1.0|0.7|0.0|0|0.5562091930891625|1.112418386178322|1.6686275792674843|2.224836772356647
869.0|1.0|0.7|0.0|0|0.8879167153674652|1.7758334307349253|2.6637501461023905|3.5516668614698554
869.2|1.0|0.7|0.0|0|0.8311606749380015|1.6623213498759983|2.493482024814|3.324642699752001
869.4|1.0|0.7|0.0|0|0.19044804548786504|0.380896090975729|0.571344136463594|0.7617921819514591
869.6|1.0|0.7|0.0|0|0.1942317808518421|0.38846356170368307|0.5826953425555251|0.7769271234073672
869.8|1.0|0.7|0.0|0|0.5675604002381447|1.1351208004762863|1.702681200714431|2.2702416009525757
870.0|1.0|0.7|0.0|0|0.44143586692400316|0.8828717338480039|1.324307600772007|1.7657434676960102
870.2|1.0|0.7|0.0|0|0.62936142090126|1.2587228418025165|1.8880842627037764|2.5174456836050365
870.4|1.0|0.7|0.0|0|0.3190950690023604|0.638190138004719|0.9572852070070794|1.2763802760094398
870.6|1.0|0.7|0.0|0|0.7163873501744826|1.4327747003489613|2.1491620505234437|2.8655494006979265
870.8|1.0|0.7|0.0|0|-0.13873698702023843|-0.2774739740404761|-0.41621096106071453|-0.5549479480809529
871.0|1.0|0.7|0.0|0|-0.18035808212473073|-0.36071616424946046|-0.5410742463741912|-0.7214323284989219
871.2|1.0|0.7|0.0|0|0.20684423388389422|0.41368846776778734|0.6205327016516815|0.8273769355355758
871.4|1.0|0.7|0.0|0|0.4906244352407525|0.9812488704815022|1.4718733057222548|1.9624977409630073
871.6|1.0|0.7|0.0|0|0.2270241607230857|0.4540483214461702|0.6810724821692559|0.9080966428923416
871.8|1.0|0.7|0.0|0|0.2850414458417802|0.5700828916835587|0.855124337525339|1.1401657833671193
872.0|1.0|0.7|0.0|0|0.03405362437944862|0.06810724875889705|0.10216087313834568|0.1362144975177943
872.2|1.0|0.7|0.0|0|0.12864702328864963|0.25729404657729854|0.38594106986594817|0.5145880931545977
872.4|1.0|0.7|0.0|0|0.09711589096346879|0.19423178192693705|0.2913476728904058|0.3884635638538746
872.6|1.0|0.7|0.0|0|0.3153113338479309|0.6306226676958602|0.945934001543791|1.261245335391722
872.8|1.0|0.7|0.0|0|0.3405362399527806|0.6810724799055593|1.02160871985834|1.3621449598111206
873.0|1.0|0.7|0.0|0|0.5435967394016921|1.0871934788033812|1.6307902182050733|2.174386957606765
873.2|1.0|0.7|0.0|0|0.8223319575691137|1.644663915138223|2.4669958727073364|3.2893278302764504
873.4|1.0|0.7|0.0|0|0.2068442345893711|0.413688469178741|0.6205327037681121|0.8273769383574832
873.6|1.0|0.7|0.0|0|0.21441170645179247|0.4288234129035837|0.6432351193553761|0.8576468258071687
873.8|1.0|0.7|0.0|0|-0.05044981304614343|-0.10089962609228659|-0.15134943913843002|-0.20179925218457345
874.0|1.0|0.7|0.0|0|0.14378196838486487|0.2875639367697289|0.4313459051545938|0.5751278735394587
874.2|1.0|0.7|0.0|0|0.3859410721436146|0.7718821442872271|1.1578232164308417|1.5437642885744565
874.4|1.0|0.7|0.0|0|0.30017638936406027|0.6003527787281189|0.9005291680921792|1.2007055574562395
874.6|1.0|0.7|0.0|0|0.22828540536225794|0.4565708107245146|0.6848562160867725|0.9131416214490304
874.8|1.0|0.7|0.0|0|0.3102663525950632|0.6205327051901247|0.9307990577851879|1.241065410380251
875.0|1.0|0.7|0.0|0|0.6268389308283809|1.2536778616567585|1.8805167924851394|2.50735572331352
875.2|1.0|0.7|0.0|0|0.7933233150263557|1.586646630052707|2.3799699450790626|3.1732932601054182
875.4|1.0|0.7|0.0|0|-0.12486328857194177|-0.24972657714388286|-0.37458986571582464|-0.49945315428776643
875.6|1.0|0.7|0.0|0|0.3783736011647855|0.756747202329569|1.1351208034943545|1.51349440465914
875.8|1.0|0.7|0.0|0|0.46666077353351326|0.9333215470670239|1.399982320600537|1.8666430941340504
876.0|1.0|0.7|0.0|0|0.457832056874759|0.9156641137495154|1.3734961706242743|1.8313282274990332
876.2|1.0|0.7|0.0|0|0.6243164405995054|1.2486328811990073|1.8729493217985127|2.497265762398018
876.4|1.0|0.7|0.0|0|0.6936849341652129|1.387369868330422|2.081054802495635|2.7747397366608477
876.6|1.0|0.7|0.0|0|0.77188214429305|1.5437642885860958|2.315646432879146|3.0875285771721956
876.8|1.0|0.7|0.0|0|1.2196242380741762|2.4392484761483457|3.6588727142225217|4.878496952296698
877.0|1.0|0.7|0.0|0|0.9459340008877924|1.8918680017755798|2.837802002663372|3.7837360035511645
877.2|1.0|0.7|0.0|0|0.716387350314181|1.432774700628358|2.149162050942539|2.86554940125672
877.4|1.0|0.7|0.0|0|-0.07693596621335025|-0.15387193242670008|-0.23080789864005033|-0.3077438648534006
877.6|1.0|0.7|0.0|0|0.5196330775186657|1.0392661550373286|1.5588992325559943|2.0785323100746598
877.8|1.0|0.7|0.0|0|0.523416813318036|1.0468336266360692|1.5702504399541053|2.0936672532721414
878.0|1.0|0.7|0.0|0|0.8538630919647411|1.7077261839294773|2.5615892758942183|3.4154523678589594
878.2|1.0|0.7|0.0|0|0.17279061091714554|0.34558122183429013|0.5183718327514356|0.6911624436685812
878.4|1.0|0.7|0.0|0|0.29387016222463014|0.5877403244492587|0.8816104866738889|1.175480648898519
878.6|1.0|0.7|0.0|0|0.3985535250190882|0.7971070500381742|1.1956605750572624|1.5942141000763506
878.8|1.0|0.7|0.0|0|0.523416813644581|1.0468336272891592|1.57025044093374|2.093667254578321
879.0|1.0|0.7|0.0|0|0.48431820751400706|0.9686364150280115|1.4529546225420185|1.9372728300560256
879.2|1.0|0.7|0.0|0|0.4048597519489707|0.8097195038979392|1.21457925584691|1.6194390077958807
879.4|1.0|0.7|0.0|0|1.0707972894510032|2.141594578902|3.2123918683530035|4.283189157804006
879.6|1.0|0.7|0.0|0|0.09333215514605407|0.18666431029210764|0.2799964654381617|0.3733286205842158
879.8|1.0|0.7|0.0|0|0.19170929091342276|0.38341858182684446|0.5751278727402672|0.76683716365369
880.0|1.0|0.7|0.0|0|0.5902628158353042|1.180525631670605|1.7707884475059092|2.3610512633412135
880.2|1.0|0.7|0.0|0|0.4817957167502031|0.9635914335004035|1.4453871502506066|1.9271828670008098
880.4|1.0|0.7|0.0|0|0.43891337678942405|0.8778267535788457|1.3167401303682695|1.7556535071576937
880.6|1.0|0.7|0.0|0|0.6999911608948611|1.3999823217897185|2.0999734826845797|2.7999646435794405
880.8|1.0|0.7|0.0|0|0.4452196025772723|0.8904392051545421|1.3356588077318143|1.7808784103090867
881.0|1.0|0.7|0.0|0|0.10846709909441425|0.2169341981888279|0.32540129728324213|0.4338683963776564
881.2|1.0|0.7|0.0|0|0.3153113333712102|0.6306226667424186|0.9459340001136288|1.261245333484839
881.4|1.0|0.7|0.0|0|0.23963661364105085|0.47927322728210037|0.7189098409231512|0.9585464545642021
881.6|1.0|0.7|0.0|0|0.12360204263997741|0.24720408527995413|0.37080612791993156|0.49440817055990893
881.8|1.0|0.7|0.0|0|0.22702416006999576|0.45404832013999025|0.681072480209986|0.9080966402799818
882.0|1.0|0.7|0.0|0|0.36702239156467875|0.7340447831293554|1.1010671746940341|1.4680895662587128
882.2|1.0|0.7|0.0|0|-0.036576114181079936|-0.07315222836215966|-0.1097283425432396|-0.14630445672431952
882.4|1.0|0.7|0.0|0|-0.15639442111831173|-0.31278884223662257|-0.4691832633549343|-0.625577684473246
882.6|1.0|0.7|0.0|0|0.13495325042400522|0.26990650084800966|0.4048597512720149|0.5398130016960201
882.8|1.0|0.7|0.0|0|0.5246780585608217|1.0493561171216406|1.574034175682462|2.098712234243284
883.0|1.0|0.7|0.0|0|0.24594284044229447|0.49188568088458756|0.737828521326882|0.9837713617691766
883.2|1.0|0.7|0.0|0|0.7971070507791599|1.5942141015583153|2.391321152337475|3.188428203116635
883.4|1.0|0.7|0.0|0|0.17657434709719397|0.353148694194387|0.529723041291581|0.706297388388775
883.6|1.0|0.7|0.0|0|0.38594107228738755|0.771882144574773|1.1578232168621605|1.543764289149548
883.8|1.0|0.7|0.0|0|0.4363908843853282|0.8727817687706539|1.3091726531559822|1.7455635375413103
884.0|1.0|0.7|0.0|0|0.6999911608500412|1.3999823217000786|2.0999734825501197|2.7999646434001613
884.2|1.0|0.7|0.0|0|0.3380137488699987|0.6760274977399955|1.0140412466099942|1.3520549954799927
884.4|1.0|0.7|0.0|0|0.624316440360854|1.2486328807217046|1.8729493210825585|2.4972657614434124
884.6|1.0|0.7|0.0|0|0.2812577093421717|0.5625154186843419|0.8437731280265135|1.1250308373686853
884.8|1.0|0.7|0.0|0|0.4628770378272752|0.9257540756545478|1.388631113481823|1.851508151309098
885.0|1.0|0.7|0.0|0|0.2951314076874408|0.5902628153748799|0.8853942230623207|1.1805256307497616
885.2|1.0|0.7|0.0|0|0.25981653859140375|0.519633077182806|0.7794496157742098|1.0392661543656136
885.4|1.0|0.7|0.0|0|1.046833627144225|2.093667254288444|3.140500881432669|4.187334508576894
885.6|1.0|0.7|0.0|0|0.2863026905979498|0.572605381195898|0.8589080717938479|1.1452107623917975
885.8|1.0|0.7|0.0|0|0.3985535260743931|0.797107052148784|1.195660578223177|1.5942141042975702
886.0|1.0|0.7|0.0|0|0.8109807496971924|1.6219614993943803|2.4329422490915724|3.243922998788765
886.2|1.0|0.7|0.0|0|0.21062797117687315|0.42125594235374514|0.6318839135306182|0.8425118847074914
886.4|1.0|0.7|0.0|0|0.47927322722855065|0.9585464544570986|1.4378196816856494|1.9170929089142
886.6|1.0|0.7|0.0|0|0.6810724800336181|1.3621449600672324|2.0432174401008503|2.7242899201344684
886.8|1.0|0.7|0.0|0|0.5890015710581797|1.1780031421163564|1.7670047131745361|2.356006284232716
887.0|1.0|0.7|0.0|0|0.141259478183929|0.28251895636785723|0.4237784345517862|0.5650379127357152
887.2|1.0|0.7|0.0|0|0.6369288938102551|1.2738577876205066|1.9107866814307617|2.5477155752410168
887.4|1.0|0.7|0.0|0|0.8097195037308855|1.6194390074617664|2.429158511192652|3.238878014923537
887.6|1.0|0.7|0.0|0|0.5927853064675588|1.1855706129351142|1.778355919402673|2.371141225870232
887.8|1.0|0.7|0.0|0|0.5044981341657699|1.008996268331537|1.513494402497307|2.0179925366630767
888.0|1.0|0.7|0.0|0|0.7403510109474889|1.4807020218949738|2.2210530328424625|2.9614040437899516
888.2|1.0|0.7|0.0|0|1.249894125631546|2.4997882512630847|3.7496823768946306|4.9995765025261765
888.4|1.0|0.7|0.0|0|0.9295378112298212|1.8590756224596372|2.7886134336894584|3.7181512449192797
888.6|1.0|0.7|0.0|0|0.8866554701305003|1.7733109402609954|2.6599664103914957|3.5466218805219962
888.8|1.0|0.7|0.0|0|0.042882341029471756|0.08576468205894328|0.12864702308841502|0.17152936411788677
889.0|1.0|0.7|0.0|0|0.6735050086095004|1.347010017218997|2.0205150258284976|2.694020034437998
889.2|1.0|0.7|0.0|0|0.6331451567442861|1.2662903134885686|1.8994354702328546|2.5325806269771407
889.4|1.0|0.7|0.0|0|0.46918326461163856|0.9383665292232746|1.407549793834913|1.8767330584465516
889.6|1.0|0.7|0.0|0|0.8046745227207437|1.609349045441483|2.4140235681622264|3.2186980908829703
889.8|1.0|0.7|0.0|0|0.41747220561665055|0.8349444112332988|1.2524166168499493|1.6698888224665998
890.0|1.0|0.7|0.0|0|0.46539952801307705|0.9307990560261515|1.3961985840392286|1.8615981120523055
890.2|1.0|0.7|0.0|0|0.2787352184171325|0.5574704368342634|0.836205655251396|1.1149408736685285
890.4|1.0|0.7|0.0|0|0.19927676227351201|0.3985535245470229|0.597830286820535|0.797107049094047
890.6|1.0|0.7|0.0|0|0.5019756423868244|1.0039512847736458|1.5059269271604703|2.0079025695472947
890.8|1.0|0.7|0.0|0|0.143781968423864|0.2875639368477272|0.4313459052715912|0.5751278736954551
891.0|1.0|0.7|0.0|0|0.07693596506142064|0.15387193012284087|0.2308078951842615|0.3077438602456821
891.2|1.0|0.7|0.0|0|0.9080966398346945|1.8161932796693838|2.7242899195040784|3.6323865593387725
891.4|1.0|0.7|0.0|0|0.2320691411884038|0.4641382823768063|0.6962074235652101|0.9282765647536139
891.6|1.0|0.7|0.0|0|0.6293614218907903|1.258722843781577|1.888084265672367|2.5174456875631575
891.8|1.0|0.7|0.0|0|1.0266537017538222|2.0533074035076386|3.079961105261461|4.106614807015283
892.0|1.0|0.7|0.0|0|0.34684246742574065|0.6936849348514793|1.04052740227722|1.3873698697029606
892.2|1.0|0.7|0.0|0|0.8563855823967613|1.712771164793518|2.5691567471902794|3.4255423295870404
892.4|1.0|0.7|0.0|0|0.6066590050701057|1.2133180101402081|1.8199770152103139|2.4266360202804194
892.6|1.0|0.7|0.0|0|0.11351207967556558|0.22702415935113052|0.3405362390266961|0.45404831870226164
892.8|1.0|0.7|0.0|0|0.32918503235792773|0.6583700647158536|0.9875550970737813|1.316740129431709
893.0|1.0|0.7|0.0|0|0.4086434888327498|0.8172869776654973|1.225930466498247|1.6345739553309968
893.2|1.0|0.7|0.0|0|0.06810724829381803|0.13621449658763568|0.20432174488145372|0.27242899317527175
893.4|1.0|0.7|0.0|0|0.6659375366300816|1.3318750732601594|1.9978126098902411|2.663750146520323
893.6|1.0|0.7|0.0|0|0.5599929282133239|1.1199858564266447|1.6799787846399687|2.2399717128532926
893.8|1.0|0.7|0.0|0|-0.025224906684597977|-0.050449813369195816|-0.07567472005379379|-0.10089962673839177
894.0|1.0|0.7|0.0|0|0.12234079681045852|0.24468159362091638|0.3670223904313749|0.4893631872418334
894.2|1.0|0.7|0.0|0|0.19170929022657238|0.38341858045314364|0.575127870679716|0.7668371609062884
894.4|1.0|0.7|0.0|0|-0.26360027594899316|-0.5272005518979849|-0.790800827846978|-1.0544011037959713
894.6|1.0|0.7|0.0|0|0.5171105870924662|1.0342211741849294|1.5513317612773956|2.068442348369862
894.8|1.0|0.7|0.0|0|0.21441170702863038|0.42882341405725954|0.64323512108589|0.8576468281145203
895.0|1.0|0.7|0.0|0|0.7781883722526262|1.5563767445052479|2.334565116757874|3.1127534890105
895.2|1.0|0.7|0.0|0|0.26864525610872103|0.5372905122174405|0.8059357683261615|1.0745810244348826
895.4|1.0|0.7|0.0|0|1.215840501554777|2.4316810031095475|3.6475215046643243|4.863362006219101
895.6|1.0|0.7|0.0|0|0.6659375358768744|1.3318750717537453|1.9978126076306197|2.663750143507494
895.8|1.0|0.7|0.0|0|0.5486417200317378|1.0972834400634726|1.6459251600952105|2.1945668801269482
896.0|1.0|0.7|0.0|0|-0.05549479442299349|-0.11098958884598667|-0.16648438326898016|-0.22197917769197364
896.2|1.0|0.7|0.0|0|0.8488181097636706|1.6976362195273365|2.5464543292910067|3.3952724390546773
896.4|1.0|0.7|0.0|0|0.8980066787847326|1.7960133575694601|2.6940200363541926|3.592026715138925
896.6|1.0|0.7|0.0|0|0.7945845611725243|1.5891691223450441|2.3837536835175683|3.1783382446900927
896.8|1.0|0.7|0.0|0|0.6810724805225624|1.362144961045121|2.0432174415676836|2.724289922090246
897.0|1.0|0.7|0.0|0|1.1061121580254996|2.212224316050993|3.3183364740764922|4.424448632101992
897.2|1.0|0.7|0.0|0|0.7088198783568811|1.4176397567137584|2.1264596350706393|2.835279513427521
897.4|1.0|0.7|0.0|0|0.7882783343282069|1.5765566686564096|2.3648350029846164|3.1531133373128233
897.6|1.0|0.7|0.0|0|0.4439583572820997|0.887916714564197|1.3318750718462966|1.7758334291283964
897.8|1.0|0.7|0.0|0|0.5549479477654682|1.1098958955309333|1.6648438432964014|2.2197917910618696
898.0|1.0|0.7|0.0|0|0.4099047342280395|0.8198094684560768|1.2297142026841164|1.6396189369121559
898.2|1.0|0.7|0.0|0|0.29513140802620935|0.590262816052417|0.8853942240786264|1.1805256321048359
898.4|1.0|0.7|0.0|0|0.5335067758790688|1.0670135517581345|1.6005203276372033|2.134027103516272
898.6|1.0|0.7|0.0|0|0.9572852087119835|1.9145704174239617|2.8718556261359454|3.8291408348479288
898.8|1.0|0.7|0.0|0|0.4162109603657158|0.8324219207314293|1.2486328810971452|1.664843841462861
899.0|1.0|0.7|0.0|0|0.31152759730874124|0.6230551946174807|0.934582791926222|1.2461103892349632
899.2|1.0|0.7|0.0|0|0.46035454719211016|0.9207090943842178|1.381063641576328|1.841418188768438
899.4|1.0|0.7|0.0|0|0.5398130030411998|1.0796260060823968|1.6194390091235966|2.1592520121647967
899.6|1.0|0.7|0.0|0|0.25351031252124834|0.5070206250424953|0.7605309375637437|1.014041250084992
899.8|1.0|0.7|0.0|0|-0.14882694922620443|-0.29765389845240803|-0.4464808476786125|-0.5953077969048169
900.0|1.0|0.7|0.0|0|0.5385517578793229|1.0771035157586428|1.6156552736379657|2.1542070315172883
900.2|1.0|0.7|0.0|0|0.43386839519429526|0.8677367903885881|1.3016051855828834|1.7354735807771786
900.4|1.0|0.7|0.0|0|0.4780119820794793|0.9560239641589561|1.4340359462384353|1.9120479283179146
900.6|1.0|0.7|0.0|0|0.7378285199683167|1.4756570399366291|2.213485559904946|2.951314079873262
900.8|1.0|0.7|0.0|0|0.0378373597597238|0.07567471951944739|0.11351207927917119|0.151349439038895
901.0|1.0|0.7|0.0|0|0.7012524055677938|1.4025048111355838|2.1037572167033773|2.805009622271171
901.2|1.0|0.7|0.0|0|1.0291761924611647|2.0583523849223235|3.0875285773834884|4.116704769844653
901.4|1.0|0.7|0.0|0|0.5839565893809782|1.1679131787619532|1.7518697681429314|2.3358263575239095
901.6|1.0|0.7|0.0|0|0.739089766287944|1.478179532575884|2.217269298863828|2.956359065151772
901.8|1.0|0.7|0.0|0|0.7491797288588721|1.49835945771774|2.247539186576612|2.996718915435484
902.0|1.0|0.7|0.0|0|0.1437819685385331|0.2875639370770654|0.4313459056155985|0.5751278741541316
902.2|1.0|0.7|0.0|0|0.6861174611462053|1.3722349222924068|2.058352383438612|2.7444698445848177
902.4|1.0|0.7|0.0|0|-0.037837359276600216|-0.07567471855320022|-0.11351207782980044|-0.15134943710640064
902.6|1.0|0.7|0.0|0|0.3014376351895046|0.6028752703790076|0.9043129055685122|1.205750540758017
902.8|1.0|0.7|0.0|0|0.21441170726378933|0.4288234145275775|0.6432351217913668|0.8576468290551561
903.0|1.0|0.7|0.0|0|0.013873698787647312|0.027747397575294548|0.04162109636294186|0.05549479515058917
903.2|1.0|0.7|0.0|0|0.9598076993937147|1.919615398787424|2.879423098181139|3.8392307975748534
903.4|1.0|0.7|0.0|0|1.036743665151881|2.0734873303037564|3.1102309954556375|4.146974660607518
903.6|1.0|0.7|0.0|0|0.7529634642129538|1.5059269284259034|2.258890392638857|3.0118538568518107
903.8|1.0|0.7|0.0|0|1.1426882727735221|2.2853765455470376|3.4280648183205598|4.5707530910940815
904.0|1.0|0.7|0.0|0|0.6432351208245387|1.2864702416490739|1.9297053624736127|2.5729404832981513
904.2|1.0|0.7|0.0|0|0.6318839120783383|1.263767824156673|1.8956517362350114|2.5275356483133495
904.4|1.0|0.7|0.0|0|0.43891337632318067|0.8778267526463589|1.3167401289695395|1.7556535052927202
904.6|1.0|0.7|0.0|0|0.6684600276651332|1.3369200553302627|2.005380082995396|2.6738401106605294
904.8|1.0|0.7|0.0|0|0.3531486939493337|0.7062973878986655|1.0594460818479992|1.412594775797333
905.0|1.0|0.7|0.0|0|0.4363908859447114|0.8727817718894204|1.3091726578341318|1.7455635437788433
905.2|1.0|0.7|0.0|0|0.3380137498170373|0.6760274996340728|1.0140412494511102|1.3520549992681474
905.4|1.0|0.7|0.0|0|0.914402866901947|1.828805733803889|2.7432086007058363|3.6576114676077833
905.6|1.0|0.7|0.0|0|0.9459340007457657|1.8918680014915263|2.837802002237292|3.783736002983058
905.8|1.0|0.7|0.0|0|1.5588992327998872|3.117798465599766|4.676697698399653|6.23559693119954
906.0|1.0|0.7|0.0|0|1.2675515604804979|2.535103120960989|3.8026546814414868|5.070206241921984
906.2|1.0|0.7|0.0|0|0.8261156941630187|1.6522313883260327|2.4783470824890514|3.3044627766520698
906.4|1.0|0.7|0.0|0|0.9295378108602026|1.8590756217203999|2.7886134325806027|3.718151243440805
906.6|1.0|0.7|0.0|0|0.5549479469831572|1.1098958939663113|1.6648438409494686|2.2197917879326257
906.8|1.0|0.7|0.0|0|0.24215910459577594|0.4843182091915505|0.7264773137873265|0.9686364183831023
907.0|1.0|0.7|0.0|0|0.5095431148732319|1.019086229746461|1.5286293446196928|2.0381724594929245
907.2|1.0|0.7|0.0|0|0.6117039874463813|1.2234079748927593|1.8351119623391405|2.4468159497855217
907.4|1.0|0.7|0.0|0|0.3077438618894669|0.6154877237789321|0.923231585668399|1.230975447557866
907.6|1.0|0.7|0.0|0|0.7706208991428145|1.5412417982856248|2.3118626974284395|3.082483596571254
907.8|1.0|0.7|0.0|0|0.18288057369994948|0.3657611473998979|0.5486417210998474|0.7315222947997969
908.0|1.0|0.7|0.0|0|0.04035985089256432|0.08071970178512841|0.12107955267769273|0.16143940357025705
908.2|1.0|0.7|0.0|0|0.5978302879340487|1.195660575868094|1.7934908638021425|2.391321151736191
908.4|1.0|0.7|0.0|0|-0.016396188965300113|-0.032792377930600136|-0.049188566895900246|-0.06558475586120036
908.6|1.0|0.7|0.0|0|0.25351031224185155|0.5070206244837018|0.7605309367255533|1.0140412489674049
908.8|1.0|0.7|0.0|0|-0.08576468249666512|-0.17152936499332977|-0.2572940474899949|-0.34305872998666004
909.0|1.0|0.7|0.0|0|0.6369288936717209|1.2738577873434382|1.910786681015159|2.54771557468688
909.2|1.0|0.7|0.0|0|0.2736902373650812|0.5473804747301609|0.8210707120952422|1.0947609494603234
909.4|1.0|0.7|0.0|0|0.5171105869929311|1.0342211739858593|1.5513317609787904|2.0684423479717213
909.6|1.0|0.7|0.0|0|0.16143940216978095|0.322878804339561|0.48431820650934193|0.6457576086791229
909.8|1.0|0.7|0.0|0|0.20810548058769218|0.4162109611753832|0.6243164417630754|0.8324219223507676
910.0|1.0|0.7|0.0|0|0.37837360090401523|0.7567472018080283|1.1351208027120436|1.513494403616059
910.2|1.0|0.7|0.0|0|0.5902628168481174|1.1805256336962315|1.770788450544349|2.3610512673924666
910.4|1.0|0.7|0.0|0|0.14882694883097441|0.297653897661948|0.4464808464929224|0.5953077953238969
910.6|1.0|0.7|0.0|0|-0.04792732223693751|-0.09585464447387476|-0.14378196671081228|-0.1917092889477498
910.8|1.0|0.7|0.0|0|-0.13747574066801474|-0.2749514813360287|-0.41242722200404347|-0.5499029626720582
911.0|1.0|0.7|0.0|0|-0.2837802002957326|-0.5675604005914636|-0.8513406008871962|-1.1351208011829288
911.2|1.0|0.7|0.0|0|0.4729669998941249|0.9459339997882471|1.418900999682372|1.8918679995764969
911.4|1.0|0.7|0.0|0|0.5448579849308595|1.0897159698617158|1.6345739547925753|2.1794319397234347
911.6|1.0|0.7|0.0|0|0.31026635197398744|0.6205327039479732|0.9307990559219607|1.2410654078959482
911.8|1.0|0.7|0.0|0|0.11098959007300446|0.22197918014600831|0.3329687702190128|0.44395836029201724
912.0|1.0|0.7|0.0|0|0.9295378110138708|1.8590756220277365|2.7886134330416072|3.718151244055478
912.2|1.0|0.7|0.0|0|1.2965602027473517|2.5931204054946964|3.889680608242048|5.1862408109894
912.4|1.0|0.7|0.0|0|1.0972834401752345|2.1945668803504628|3.2918503205256973|4.389133760700932
912.6|1.0|0.7|0.0|0|0.14504321380576599|0.29008642761153114|0.4351296414172971|0.580172855223063
912.8|1.0|0.7|0.0|0|0.23333038661920022|0.4666607732383991|0.6999911598575993|0.9333215464767995
913.0|1.0|0.7|0.0|0|0.09837713659973824|0.19675427319947594|0.29513140979921415|0.3935085463989524
913.2|1.0|0.7|0.0|0|0.48431820714438845|0.9686364142887741|1.4529546214331626|1.9372728285775511
913.4|1.0|0.7|0.0|0|0.2938701629708524|0.5877403259417031|0.8816104889125554|1.1754806518834078
913.6|1.0|0.7|0.0|0|0.5599929285759577|1.1199858571519123|1.67997878572787|2.239971714303828
913.8|1.0|0.7|0.0|0|0.7239548217138515|1.447909643427699|2.1718644651415504|2.895819286855402
914.0|1.0|0.7|0.0|0|0.750440974126687|1.50088194825337|2.251322922380057|3.001763896506744
914.2|1.0|0.7|0.0|0|-0.03153113349864728|-0.06306226699729438|-0.09459340049594166|-0.12612453399458895
914.4|1.0|0.7|0.0|0|-0.13369200564688083|-0.26738401129376094|-0.40107601694064177|-0.5347680225875227
914.6|1.0|0.7|0.0|0|0.19170929128653386|0.38341858257306666|0.5751278738596005|0.7668371651461344
914.8|1.0|0.7|0.0|0|0.04288234102015853|0.08576468204031683|0.12864702306047535|0.17152936408063388
915.0|1.0|0.7|0.0|0|0.27747397335886514|0.5549479467177287|0.8324219200765939|1.109895893435459
915.2|1.0|0.7|0.0|0|-0.16396189286722815|-0.3279237857344554|-0.4918856786016836|-0.6558475714689117
915.4|1.0|0.7|0.0|0|0.47801198145723944|0.9560239629144762|1.4340359443717157|1.912047925828955
915.6|1.0|0.7|0.0|0|0.5839565905736531|1.1679131811473031|1.7518697717209561|2.3358263622946094
915.8|1.0|0.7|0.0|0|0.3153113336645768|0.6306226673291518|0.9459340009937287|1.2612453346583055
916.0|1.0|0.7|0.0|0|0.29008642711851307|0.5801728542370245|0.8702592813555375|1.1603457084740507
916.2|1.0|0.7|0.0|0|0.5208943232207098|1.0417886464414168|1.5626829696621265|2.083577292882836
916.4|1.0|0.7|0.0|0|0.9913388330175085|1.9826776660350114|2.97401649905252|3.965355332070028
916.6|1.0|0.7|0.0|0|0.3279237864323662|0.6558475728647305|0.9837713592970967|1.311695145729463
916.8|1.0|0.7|0.0|0|0.6571088192053145|1.3142176384106254|1.97132645761594|2.6284352768212544
917.0|1.0|0.7|0.0|0|0.45783205572573976|0.915664111451477|1.3734961671772168|1.8313282229029564
917.2|1.0|0.7|0.0|0|0.9106191308109564|1.8212382616219076|2.731857392432864|3.6424765232438205
917.4|1.0|0.7|0.0|0|0.8286381848674508|1.657276369734897|2.485914554602348|3.3145527394697987
917.6|1.0|0.7|0.0|0|0.7996295424830175|1.5992590849660306|2.398888627449048|3.1985181699320657
917.8|1.0|0.7|0.0|0|0.49566941635159356|0.9913388327031843|1.4870082490547778|1.9826776654063714
918.0|1.0|0.7|0.0|0|0.23206914061971495|0.46413828123942863|0.6962074218591435|0.9282765624788585
918.2|1.0|0.7|0.0|0|0.32161756089830335|0.6432351217966049|0.9648526826949082|1.2864702435932116
918.4|1.0|0.7|0.0|0|0.5272005502629331|1.0544011005258633|1.5816016507887964|2.1088022010517298
918.6|1.0|0.7|0.0|0|0.4540483203326589|0.9080966406653153|1.362144960997974|1.816193281330633
918.8|1.0|0.7|0.0|0|0.45909330186841585|0.9181866037368291|1.377279905605245|1.8363732074736607
919.0|1.0|0.7|0.0|0|0.5171105874417121|1.0342211748834214|1.5513317623251335|2.068442349766846
919.2|1.0|0.7|0.0|0|0.5902628166525397|1.1805256333050762|1.7707884499576159|2.3610512666101555
919.4|1.0|0.7|0.0|0|0.7908008240500938|1.581601648100183|2.3724024721502768|3.1632032962003707
919.6|1.0|0.7|0.0|0|0.4754894904495454|0.9509789808990882|1.4264684713486335|1.901957961798179
919.8|1.0|0.7|0.0|0|0.46035454669967335|0.9207090933993441|1.3810636400990175|1.8414181867986907
920.0|1.0|0.7|0.0|0|0.13621449654689072|0.27242899309378066|0.4086434896406714|0.5448579861875621
920.2|1.0|0.7|0.0|0|0.31026635247224504|0.6205327049444883|0.9307990574167334|1.2410654098889784
920.4|1.0|0.7|0.0|0|1.049356118691504|2.098712237383002|3.148068356074506|4.19742447476601
920.6|1.0|0.7|0.0|0|1.2549391080217913|2.5098782160435755|3.764817324065367|5.019756432087158
920.8|1.0|0.7|0.0|0|0.623055195237394|1.2461103904747846|1.8691655857121787|2.4922207809495727
921.0|1.0|0.7|0.0|0|0.2661227654787947|0.532245530957588|0.7983682964363826|1.0644910619151773
921.2|1.0|0.7|0.0|0|0.4717057551041948|0.943411510208387|1.4151172653125819|1.8868230204167766
921.4|1.0|0.7|0.0|0|0.4338683950190902|0.8677367900381779|1.301605185057268|1.7354735800763583
921.6|1.0|0.7|0.0|0|0.7933233144728008|1.5866466289455972|2.379969943418398|3.1732932578911988
921.8|1.0|0.7|0.0|0|0.4792732267128308|0.9585464534256589|1.4378196801384897|1.9170929068513205
922.0|1.0|0.7|0.0|0|0.9825101155968159|1.9650202311936262|2.947530346790442|3.9300404623872582
922.2|1.0|0.7|0.0|0|0.20810548086708897|0.41621096173417677|0.6243164426012657|0.8324219234683546
922.4|1.0|0.7|0.0|0|1.001428794323584|2.0028575886471627|3.0042863829707467|4.005715177294331
922.6|1.0|0.7|0.0|0|0.34810371126106504|0.6962074225221282|1.0443111337831932|1.3924148450442584
922.8|1.0|0.7|0.0|0|0.9484564914141091|1.896912982828213|2.845369474242322|3.7938259656564313
923.0|1.0|0.7|0.0|0|0.7706208993564366|1.541241798712869|2.3118626980693056|3.0824835974257425
923.2|1.0|0.7|0.0|0|0.20558298889780435|0.41116597779560754|0.616748966693412|0.8223319555912163
923.4|1.0|0.7|0.0|0|-0.1172958165750607|-0.23459163315012074|-0.35188744972518143|-0.46918326630024215
923.6|1.0|0.7|0.0|0|0.4843182080209958|0.9686364160419889|1.4529546240629847|1.9372728320839805
923.8|1.0|0.7|0.0|0|0.1261245337314905|0.25224906746298026|0.3783736011944708|0.5044981349259613
924.0|1.0|0.7|0.0|0|-0.09080966298235589|-0.18161932596471125|-0.27242898894706713|-0.363238651929423
924.2|1.0|0.7|0.0|0|0.19549302703700977|0.39098605407401843|0.5864790811110282|0.781972108148038
924.4|1.0|0.7|0.0|0|0.6848562162305467|1.3697124324610896|2.0545686486916366|2.7394248649221833
924.6|1.0|0.7|0.0|0|0.6117039877671056|1.2234079755342078|1.835111963301313|2.4468159510684186
924.8|1.0|0.7|0.0|0|0.4477420932042882|0.895484186408574|1.3432262796128622|1.7909683728171504
925.0|1.0|0.7|0.0|0|0.36702239314676294|0.7340447862935239|1.1010671794402869|1.4680895725870498
925.2|1.0|0.7|0.0|0|0.45657081045850684|0.9131416209170112|1.369712431375518|1.826283241834025
925.4|1.0|0.7|0.0|0|0.1513494402926882|0.3026988805853756|0.45404832087806385|0.6053977611707521
925.6|1.0|0.7|0.0|0|0.2509878220612884|0.5019756441225754|0.7529634661838638|1.0039512882451522
925.8|1.0|0.7|0.0|0|0.7706208988063743|1.5412417976127442|2.3118626964191185|3.0824835952254928
926.0|1.0|0.7|0.0|0|0.8349444117111859|1.6698888234223672|2.504833235133553|3.3397776468447393
926.2|1.0|0.7|0.0|0|0.2560328034689885|0.5120656069379755|0.7680984104069641|1.0241312138759526
926.4|1.0|0.7|0.0|0|0.8614305641700055|1.7228611283400064|2.584291692510012|3.4457222566800176
926.6|1.0|0.7|0.0|0|-0.007567471363581724|-0.015134942727163406|-0.02270241409074513|-0.030269885454326854
926.8|1.0|0.7|0.0|0|0.30143763552943736|0.6028752710588731|0.9043129065883104|1.205750542117748
927.0|1.0|0.7|0.0|0|0.4502645844803196|0.9005291689606366|1.3507937534409562|1.801058337921276
927.2|1.0|0.7|0.0|0|0.5297230401623533|1.0594460803247037|1.589169120487057|2.1188921606494104
927.4|1.0|0.7|0.0|0|0.2951314086676578|0.5902628173353139|0.8853942260029717|1.1805256346706294
927.6|1.0|0.7|0.0|0|0.3493649582337824|0.6987299164675629|1.0480948747013452|1.3974598329351278
927.8|1.0|0.7|0.0|0|1.1086346491228334|2.2172692982456605|3.3259039473684937|4.434538596491327
928.0|1.0|0.7|0.0|0|0.9862938515242431|1.9725877030484806|2.9588815545727236|3.945175406096967
928.2|1.0|0.7|0.0|0|0.9106191311782467|1.8212382623564882|2.7318573935347352|3.642476524712982
928.4|1.0|0.7|0.0|0|0.6508025921805535|1.3016051843611034|1.9524077765416568|2.6032103687222103
928.6|1.0|0.7|0.0|0|0.6999911611835712|1.3999823223671384|2.0999734835507096|2.7999646447342807
928.8|1.0|0.7|0.0|0|1.1653906888101493|2.3307813776202924|3.4961720664304416|4.661562755240591
929.0|1.0|0.7|0.0|0|0.30143763469415746|0.6028752693883132|0.9043129040824707|1.205750538776628
929.2|1.0|0.7|0.0|0|0.48557945427252025|0.9711589085450377|1.456738362817558|1.9423178170900781
929.4|1.0|0.7|0.0|0|0.7504409730684717|1.5008819461369394|2.251322919205411|3.0017638922738827
929.6|1.0|0.7|0.0|0|0.18540306340029944|0.3708061268005979|0.5562091902008973|0.7416122536011968
929.8|1.0|0.7|0.0|0|0.39476978982449545|0.7895395796489887|1.184309369473484|1.5790791592979796
930.0|1.0|0.7|0.0|0|0.8942229421361124|1.78844588427222|2.6826688264083325|3.576891768544445
930.2|1.0|0.7|0.0|0|0.7668371630925692|1.5336743261851342|2.3005114892777034|3.0673486523702724
930.4|1.0|0.7|0.0|0|0.24972657615377125|0.4994531523075411|0.7491797284613123|0.9989063046150836
930.6|1.0|0.7|0.0|0|0.3291850319440712|0.6583700638881407|0.9875550958322119|1.3167401277762831
930.8|1.0|0.7|0.0|0|0.5688216456078231|1.137643291215643|1.7064649368234661|2.2752865824312893
931.0|1.0|0.7|0.0|0|0.5398130033555213|1.0796260067110395|1.6194390100665608|2.159252013422082
931.2|1.0|0.7|0.0|0|0.18918679998896568|0.3783735999779303|0.567560399966896|0.7567471999558616
931.4|1.0|0.7|0.0|0|0.4780119815893708|0.9560239631787391|1.43403594476811|1.9120479263574808
931.6|1.0|0.7|0.0|0|1.0115187578793856|2.023037515758766|3.0345562736381515|4.046075031517537
931.8|1.0|0.7|0.0|0|0.6167489681759621|1.233497936351921|1.850246904527883|2.4669958727038455
932.0|1.0|0.7|0.0|0|0.32035631568578565|0.6407126313715695|0.9610689470573552|1.2814252627431408
932.2|1.0|0.7|0.0|0|0.6899011979391805|1.3798023958783572|2.0697035938175374|2.759604791756718
932.4|1.0|0.7|0.0|0|0.28504144480801213|0.5700828896160227|0.8551243344240348|1.140165779232047
932.6|1.0|0.7|0.0|0|0.3506262025772597|0.7012524051545175|1.0518786077317772|1.402504810309037
932.8|1.0|0.7|0.0|0|0.8929616971407094|1.7859233942814137|2.678885091422123|3.5718467885628327
933.0|1.0|0.7|0.0|0|0.834944410996978|1.6698888219939514|2.5048332329909293|3.339777643987907
933.2|1.0|0.7|0.0|0|0.8109807497262962|1.621961499452588|2.432942249178884|3.2439229989051803
933.4|1.0|0.7|0.0|0|0.6835949703969533|1.3671899407939028|2.0507849111908563|2.7343798815878095
933.6|1.0|0.7|0.0|0|0.26990650227759055|0.5398130045551797|0.8097195068327703|1.0796260091103609
933.8|1.0|0.7|0.0|0|0.46792201922624416|0.9358440384524856|1.4037660576787299|1.871688076904974
934.0|1.0|0.7|0.0|0|0.5524254567513713|1.1048509135027396|1.657276370254111|2.2097018270054822
934.2|1.0|0.7|0.0|0|0.35314869347785166|0.7062973869557013|1.059446080433553|1.4125947739114046
934.4|1.0|0.7|0.0|0|0.2863026909448675|0.5726053818897333|0.8589080728346008|1.1452107637794682
934.6|1.0|0.7|0.0|0|0.8034132767055424|1.6068265534110802|2.410239830116623|3.213653106822165
934.8|1.0|0.7|0.0|0|0.9194478489190814|1.8388956978381577|2.758343546757239|3.6777913956763206
935.0|1.0|0.7|0.0|0|0.16900687483837842|0.3380137496767559|0.5070206245151343|0.6760274993535128
935.2|1.0|0.7|0.0|0|0.4918856803060048|0.9837713606120069|1.4756570409180116|1.9675427212240164
935.4|1.0|0.7|0.0|0|0.7012524065712938|1.402504813142584|2.1037572197138776|2.805009626285172
935.6|1.0|0.7|0.0|0|0.20684423461323623|0.4136884692264713|0.6205327038397075|0.8273769384529438
935.8|1.0|0.7|0.0|0|0.5763891176728071|1.152778235345611|1.7291673530184182|2.3055564706912253
936.0|1.0|0.7|0.0|0|0.4893631898349854|0.978726379669968|1.4680895695049534|1.957452759339939
936.2|1.0|0.7|0.0|0|0.5852178355550864|1.1704356711101696|1.755653506665256|2.3408713422203427
936.4|1.0|0.7|0.0|0|0.8778267527470606|1.7556535054941163|2.633480258241177|3.5113070109882374
936.6|1.0|0.7|0.0|0|0.3619774110958682|0.7239548221917343|1.0859322332876025|1.4479096443834707
936.8|1.0|0.7|0.0|0|0.4515258295013341|0.9030516590026656|1.3545774885039996|1.8061033180053336
937.0|1.0|0.7|0.0|0|-0.30396012517332593|-0.6079202503466502|-0.911880375519976|-1.215840500693302
937.2|1.0|0.7|0.0|0|0.10468336304766135|0.20936672609532211|0.3140500891429835|0.41873345219064484
937.4|1.0|0.7|0.0|0|-0.031531132945092424|-0.06306226589018467|-0.09459339883527709|-0.1261245317803695
937.6|1.0|0.7|0.0|0|-0.23963661453803092|-0.4792732290760605|-0.7189098436140914|-0.9585464581521224
937.8|1.0|0.7|0.0|0|0.6104427414975367|1.2208854829950702|1.8313282244926068|2.4417709659901434
938.0|1.0|0.7|0.0|0|0.24846533063100673|0.4969306612620121|0.7453959918930189|0.9938613225240256
938.2|1.0|0.7|0.0|0|0.4666607742290948|0.933321548458187|1.3999823226872818|1.8666430969163765
938.4|1.0|0.7|0.0|0|0.45152582821087023|0.9030516564217379|1.3545774846326082|1.8061033128434782
938.6|1.0|0.7|0.0|0|0.47170575503900225|0.9434115100780018|1.415117265117004|1.8868230201560063
938.8|1.0|0.7|0.0|0|-0.007567471963702708|-0.015134943927405373|-0.02270241589110808|-0.03026988785481079
939.0|1.0|0.7|0.0|0|0.4843182076921225|0.9686364153842424|1.4529546230763648|1.9372728307684874
939.2|1.0|0.7|0.0|0|0.23459163258841748|0.4691832651768337|0.7037748977652512|0.9383665303536686
939.4|1.0|0.7|0.0|0|0.059278530424926486|0.11855706084985264|0.17783559127477913|0.2371141216997056
939.6|1.0|0.7|0.0|0|0.45783205618034156|0.9156641123606806|1.373496168541022|1.8313282247213638
939.8|1.0|0.7|0.0|0|0.08198094685736586|0.16396189371473124|0.24594284057209712|0.32792378742946293
940.0|1.0|0.7|0.0|0|0.4616157925943848|0.923231585188767|1.3848473777831518|1.8464631703775367
940.2|1.0|0.7|0.0|0|0.29639265351521343|0.5927853070304252|0.8891779605456387|1.1855706140608522
940.4|1.0|0.7|0.0|0|-0.08702592773479417|-0.17405185546958787|-0.261077783204382|-0.3481037109391762
940.6|1.0|0.7|0.0|0|0.17657434717984885|0.35314869435969676|0.5297230415395456|0.7062973887193944
940.8|1.0|0.7|0.0|0|0.3026988796982917|0.6053977593965817|0.9080966390948734|1.2107955187931652
941.0|1.0|0.7|0.0|0|0.09585464512754706|0.1917092902550936|0.28756393538264063|0.3834185805101877
941.2|1.0|0.7|0.0|0|0.9131416216504302|1.8262832433008553|2.739424864951286|3.652566486601716
941.4|1.0|0.7|0.0|0|0.2572940484364519|0.5145880968729024|0.7718821453093544|1.0291761937458064
941.6|1.0|0.7|0.0|0|0.8273769388481749|1.6547538776963453|2.48213081654452|3.309507755392695
941.8|1.0|0.7|0.0|0|0.3607161656429529|0.7214323312859038|1.0821484969288566|1.4428646625718096
942.0|1.0|0.7|0.0|0|0.7050361410900957|1.4100722821801874|2.115108423270283|2.820144564360379
942.2|1.0|0.7|0.0|0|0.8677367902075647|1.7354735804151245|2.6032103706226892|3.470947160830254
942.4|1.0|0.7|0.0|0|0.6924236884730641|1.3848473769461245|2.0772710654191884|2.7696947538922525
942.6|1.0|0.7|0.0|0|0.5486417203157912|1.0972834406315795|1.6459251609473706|2.194566881263162
942.8|1.0|0.7|0.0|0|0.758008445530432|1.5160168910608598|2.2740253365912917|3.032033782121724
943.0|1.0|0.7|0.0|0|0.4742282449314375|0.9484564898628723|1.42268473479431|1.8969129797257474
943.2|1.0|0.7|0.0|0|-0.0882871735957452|-0.1765743471914899|-0.26486152078723507|-0.3531486943829803
943.4|1.0|0.7|0.0|0|0.2270241602603348|0.45404832052066835|0.6810724807810031|0.908096641041338
943.6|1.0|0.7|0.0|0|0.7983682959381265|1.5967365918762486|2.3951048878143752|3.1934731837525017
943.8|1.0|0.7|0.0|0|0.8273769393778646|1.6547538787557245|2.4821308181335895|3.309507757511454
944.0|1.0|0.7|0.0|0|0.21188921614724696|0.42377843229449275|0.6356676484417397|0.8475568645889867
944.2|1.0|0.7|0.0|0|0.04414358554407958|0.08828717108815892|0.1324307566322385|0.1765743421763181
944.4|1.0|0.7|0.0|0|0.6911624428944203|1.3823248857888366|2.073487328683257|2.764649771577677
944.6|1.0|0.7|0.0|0|0.387202316411422|0.7744046328228418|1.1616069492342638|1.5488092656456858
944.8|1.0|0.7|0.0|0|0.4300846592878228|0.8601693185756433|1.290253977863466|1.7203386371512888
945.0|1.0|0.7|0.0|0|0.25981653983413733|0.5196330796682732|0.7794496195024104|1.0392661593365478
945.2|1.0|0.7|0.0|0|0.2472040847555038|0.4944081695110062|0.74161225426651|0.9888163390220138
945.4|1.0|0.7|0.0|0|0.648280102028512|1.2965602040570205|1.9448403060855326|2.5931204081140447
945.6|1.0|0.7|0.0|0|0.7441347462101846|1.488269492420365|2.23240423863055|2.9765389848407344
945.8|1.0|0.7|0.0|0|0.6369288938434334|1.2738577876868633|1.9107866815302967|2.54771557537373
946.0|1.0|0.7|0.0|0|0.6306226679048273|1.2612453358096511|1.8918680037144786|2.522490671619306
946.2|1.0|0.7|0.0|0|0.11225083514524169|0.22450167029048274|0.33675250543572444|0.4490033405809661
946.4|1.0|0.7|0.0|0|0.8160257317026851|1.6320514634053658|2.448077195108051|3.264102926810736
946.6|1.0|0.7|0.0|0|0.5120656061917548|1.0241312123835067|1.5361968185752615|2.0482624247670165
946.8|1.0|0.7|0.0|0|0.1904480453720318|0.38089609074406255|0.5713441361160944|0.7617921814881261
947.0|1.0|0.7|0.0|0|0.7844945982069482|1.5689891964138922|2.3534837946208405|3.1379783928277885
947.2|1.0|0.7|0.0|0|0.692423687826377|1.3848473756527502|2.0772710634791274|2.7696947513055044
947.4|1.0|0.7|0.0|0|0.416210960086319|0.8324219201726357|1.2486328802589548|1.6648438403452739
947.6|1.0|0.7|0.0|0|0.3077438622881894|0.6154877245763771|0.9232315868645665|1.2309754491527558
947.8|1.0|0.7|0.0|0|0.5839565893000696|1.1679131786001358|1.7518697679002053|2.335826357200275
948.0|1.0|0.7|0.0|0|0.9774651335692042|1.954930267138403|2.932395400707607|3.9098605342768114
948.2|1.0|0.7|0.0|0|1.2536778628162586|2.50735572563251|3.7610335884487687|5.014711451265027
948.4|1.0|0.7|0.0|0|1.0859322327916754|2.1718644655833446|3.25779669837502|4.343728931166695
948.6|1.0|0.7|0.0|0|0.15513317636796287|0.3102663527359249|0.46539952910388777|0.6205327054718506
948.8|1.0|0.7|0.0|0|0.2749514832522257|0.5499029665044498|0.8248544497566755|1.0998059330089012
949.0|1.0|0.7|0.0|0|0.7025136509630835|1.4050273019261632|2.107540952889247|2.8100546038523304
949.2|1.0|0.7|0.0|0|0.11981830617005482|0.23963661234010897|0.3594549185101638|0.4792732246802186
949.4|1.0|0.7|0.0|0|-0.17783559142146274|-0.35567118284292454|-0.5335067742643873|-0.7113423656858501
949.6|1.0|0.7|0.0|0|0.5953077974560443|1.1906155949120854|1.7859233923681297|2.381231189824174
949.8|1.0|0.7|0.0|0|0.7529634649906082|1.5059269299812121|2.25889039497182|3.0118538599624283
950.0|1.0|0.7|0.0|0|1.2587228436354791|2.517445687270951|3.7761685309064306|5.0348913745419095
950.2|1.0|0.7|0.0|0|0.6344064037164213|1.268812807432839|1.9032192111492605|2.5376256148656817
950.4|1.0|0.7|0.0|0|0.6117039870575541|1.223407974115105|1.835111961172659|2.446815948230213
950.6|1.0|0.7|0.0|0|0.474228245269624|0.9484564905392454|1.4226847358088694|1.8969129810784935
950.8|1.0|0.7|0.0|0|0.6079202504601567|1.2158405009203102|1.823760751380467|2.431681001840624
951.0|1.0|0.7|0.0|0|0.1753131018922433|0.3506262037844856|0.5259393056767289|0.7012524075689722
951.2|1.0|0.7|0.0|0|0.6331451578094862|1.2662903156189689|1.8994354734284553|2.5325806312379413
951.4|1.0|0.7|0.0|0|0.5070206243539|1.0140412487077974|1.5210618730616974|2.0280824974155975
951.6|1.0|0.7|0.0|0|0.621793949885178|1.2435878997703524|1.8653818496555306|2.4871757995407084
951.8|1.0|0.7|0.0|0|0.31783382461464527|0.6356676492292888|0.953501473843934|1.2713352984585793
952.0|1.0|0.7|0.0|0|0.862691808833043|1.725383617666081|2.588075426499124|3.450767235332167
952.2|1.0|0.7|0.0|0|0.1362144963903121|0.27242899278062344|0.40864348917093557|0.5448579855612476
952.4|1.0|0.7|0.0|0|0.5158493414305854|1.0316986828611678|1.5475480242917532|2.063397365722339
952.6|1.0|0.7|0.0|0|1.0266537020372934|2.053307404074581|3.079961106111875|4.1066148081491685
952.8|1.0|0.7|0.0|0|0.6079202519147662|1.215840503829529|1.8237607557442952|2.4316810076590616
953.0|1.0|0.7|0.0|0|0.5826953445782425|1.1653906891564816|1.7480860337347242|2.3307813783129667
953.2|1.0|0.7|0.0|0|0.4187334507878408|0.8374669015756793|1.2562003523635201|1.6749338031513608
953.4|1.0|0.7|0.0|0|0.8097195045836277|1.6194390091672508|2.4291585137508784|3.2388780183345065
953.6|1.0|0.7|0.0|0|1.3507937531708751|2.7015875063417427|4.052381259512618|5.403175012683493
953.8|1.0|0.7|0.0|0|0.2799964636145162|0.5599929272290308|0.8399893908435471|1.1199858544580632
954.0|1.0|0.7|0.0|0|0.022702416066313184|0.04540483213262624|0.06810724819893942|0.09080966426525261
954.2|1.0|0.7|0.0|0|0.12360204301890929|0.24720408603781788|0.37080612905672716|0.4944081720756364
954.4|1.0|0.7|0.0|0|0.6798112352035247|1.3596224704070456|2.0394337056105702|2.7192449408140953
954.6|1.0|0.7|0.0|0|0.559992927848362|1.1199858556967208|1.6799787835450828|2.2399717113934448
954.8|1.0|0.7|0.0|0|0.6407126295956556|1.2814252591913076|1.9221378887869631|2.5628505183826187
955.0|1.0|0.7|0.0|0|0.752963464381756|1.5059269287635078|2.258890393145264|3.01185385752702
955.2|1.0|0.7|0.0|0|-0.06936849319085019|-0.1387369863817|-0.20810547957255018|-0.2774739727634004
955.4|1.0|0.7|0.0|0|0.7025136504310655|1.405027300862127|2.107540951293193|2.810054601724258
955.6|1.0|0.7|0.0|0|0.8336831660813194|1.6673663321626342|2.5010494982439533|3.334732664325273
955.8|1.0|0.7|0.0|0|0.7353060297115014|1.4706120594229988|2.2059180891345003|2.9412241188460015
956.0|1.0|0.7|0.0|0|0.33044627778523167|0.6608925555704614|0.9913388333556932|1.3217851111409247
956.2|1.0|0.7|0.0|0|0.3544099399255359|0.7088198798510699|1.0632298197766057|1.4176397597021415
956.4|1.0|0.7|0.0|0|1.0291761926276386|2.0583523852552714|3.08752857788291|4.116704770510548
956.6|1.0|0.7|0.0|0|0.5587316831498179|1.1174633662996327|1.6761950494494506|2.2349267325992686
956.8|1.0|0.7|0.0|0|0.349364957098733|0.6987299141974641|1.048094871296197|1.3974598283949302
957.0|1.0|0.7|0.0|0|0.08828717422380586|0.17657434844761122|0.2648615226714171|0.35314869689522294
957.2|1.0|0.7|0.0|0|0.4351296401408039|0.8702592802816054|1.3053889204224094|1.7405185605632132
957.4|1.0|0.7|0.0|0|0.7075586317043059|1.415117263408608|2.1226758951129137|2.83023452681722
957.6|1.0|0.7|0.0|0|0.47044450969435314|0.9408890193887037|1.4113335290830569|1.8817780387774101
957.8|1.0|0.7|0.0|0|0.03279237875074617|0.06558475750149215|0.09837713625223832|0.1311695150029845
958.0|1.0|0.7|0.0|0|0.5499029660649836|1.099805932129964|1.6497088981949475|2.199611864259931
958.2|1.0|0.7|0.0|0|0.9963838141306778|1.99276762826135|2.989151442392028|3.985535256522706
958.4|1.0|0.7|0.0|0|0.7441347465891165|1.4882694931782288|2.2324042397673454|2.976538986356462
958.6|1.0|0.7|0.0|0|0.26990650190564364|0.5398130038112857|0.8097195057169294|1.079626007622573
958.8|1.0|0.7|0.0|0|0.1223407975153533|0.2446815950307059|0.36702239254605923|0.4893631900614125
959.0|1.0|0.7|0.0|0|1.0783647603960718|2.1567295207921373|3.2350942811882093|4.313459041584281
959.2|1.0|0.7|0.0|0|0.6810724816762382|1.3621449633524727|2.043217445028711|2.7242899267049494
959.4|1.0|0.7|0.0|0|0.3733286193781536|0.7466572387563051|1.1199858581344586|1.4933144775126121
959.6|1.0|0.7|0.0|0|0.7151261039916432|1.4302522079832825|2.145378311974926|2.860504415966569
959.8|1.0|0.7|0.0|0|0.8311606757499983|1.6623213514999922|2.4934820272499905|3.3246427029999888
960.0|1.0|0.7|0.0|0|0.6533250830840558|1.306650166168108|1.9599752492521638|2.6133003323362196
960.2|1.0|0.7|0.0|0|1.1237695925100717|2.247539185020137|3.3713087775302086|4.4950783700402805
960.4|1.0|0.7|0.0|0|0.3090051072562349|0.6180102145124681|0.9270153217687029|1.236020429024938
960.6|1.0|0.7|0.0|0|-0.04288234080653641|-0.08576468161307259|-0.12864702241960901|-0.17152936322614543
960.8|1.0|0.7|0.0|0|0.9522402280598189|1.9044804561196325|2.8567206841794515|3.8089609122392702
961.0|1.0|0.7|0.0|0|0.31026635238726186|0.6205327047745219|0.9307990571617838|1.2410654095490457
961.2|1.0|0.7|0.0|0|0.25224906657822455|0.5044981331564476|0.7567471997346722|1.0089962663128966
961.4|1.0|0.7|0.0|0|0.4048597516614249|0.8097195033228475|1.2145792549842724|1.6194390066456974
961.6|1.0|0.7|0.0|0|0.8803492430760533|1.7606984861521018|2.641047729228155|3.5213969723042085
961.8|1.0|0.7|0.0|0|0.557470437433804|1.1149408748676048|1.6724113123014088|2.229881749735213
962.0|1.0|0.7|0.0|0|0.7983682959486039|1.5967365918972034|2.3951048878458074|3.1934731837944113
962.2|1.0|0.7|0.0|0|0.5625154187425511|1.125030837485099|1.68754625622765|2.250061674970201
962.4|1.0|0.7|0.0|0|0.9535014721855996|1.9070029443711938|2.860504416556793|3.814005888742393
962.6|1.0|0.7|0.0|0|0.5852178362570708|1.1704356725141385|1.7556535087712093|2.34087134502828
962.8|1.0|0.7|0.0|0|0.26486152133322344|0.5297230426664454|0.7945845639996688|1.0594460853328922
963.0|1.0|0.7|0.0|0|0.360716165415943|0.721432330831884|1.082148496247827|1.44286466166377
963.2|1.0|0.7|0.0|0|0.5473804752936126|1.0947609505872222|1.6421414258808347|2.189521901174447
963.4|1.0|0.7|0.0|0|0.4061209968704501|0.812241993740898|1.218362990611348|1.6244839874817982
963.6|1.0|0.7|0.0|0|0.47927322689094626|0.9585464537818899|1.437819680672836|1.9170929075637824
963.8|1.0|0.7|0.0|0|0.6936849343049113|1.3873698686098188|2.08105480291473|2.7747397372196416
964.0|1.0|0.7|0.0|0|0.5574704376154118|1.1149408752308205|1.6724113128462326|2.229881750461644
964.2|1.0|0.7|0.0|0|0.8273769383592305|1.6547538767184564|2.4821308150776873|3.3095077534369177
964.4|1.0|0.7|0.0|0|0.46413828310731375|0.928276566214625|1.3924148493219386|1.8565531324292524
964.6|1.0|0.7|0.0|0|0.36576114696916223|0.7315222939383225|1.0972834409074848|1.463044587876647
964.8|1.0|0.7|0.0|0|0.6747662533313274|1.3495325066626511|2.024298759993979|2.6990650133253062
965.0|1.0|0.7|0.0|0|0.6344064027600694|1.2688128055201353|1.9032192082802049|2.537625611040274
965.2|1.0|0.7|0.0|0|0.6344064032757893|1.2688128065515751|1.9032192098273644|2.537625613103154
965.4|1.0|0.7|0.0|0|0.8046745225851198|1.6093490451702352|2.414023567755355|3.218698090340475
965.6|1.0|0.7|0.0|0|0.631883911992773|1.2637678239855425|1.8956517359783156|2.5275356479710887
965.8|1.0|0.7|0.0|0|0.7920620704779874|1.5841241409559703|2.376186211433958|3.168248281911945
966.0|1.0|0.7|0.0|0|0.6659375374030794|1.331875074806155|1.9978126122092343|2.6637501496123135
966.2|1.0|0.7|0.0|0|0.3052213706565092|0.6104427413130168|0.915664111969526|1.2208854826260351
966.4|1.0|0.7|0.0|0|0.5562091925437567|1.1124183850875102|1.6686275776312671|2.2248367701750236
966.6|1.0|0.7|0.0|0|-0.13495325133902963|-0.26990650267805855|-0.4048597540170882|-0.5398130053561178
966.8|1.0|0.7|0.0|0|-0.13621449562022475|-0.2724289912404487|-0.4086434868606735|-0.5448579824808982
967.0|1.0|0.7|0.0|0|0.7113423686829635|1.422684737365923|2.1340271060488867|2.84536947473185
967.2|1.0|0.7|0.0|0|0.13873698662559047|0.2774739732511802|0.4162109598767707|0.5549479465023611
967.4|1.0|0.7|0.0|0|0.32792378704354663|0.6558475740870914|0.983771361130638|1.3116951481741848
967.6|1.0|0.7|0.0|0|0.26990650172636405|0.5398130034527265|0.8097195051790905|1.0796260069054546
967.8|1.0|0.7|0.0|0|0.5221555682335752|1.0443111364671476|1.5664667047007228|2.088622272934298
968.0|1.0|0.7|0.0|0|0.1690068748593332|0.33801374971866543|0.5070206245779987|0.6760274994373319
968.2|1.0|0.7|0.0|0|0.2421591037802866|0.48431820756057187|0.7264773113408585|0.9686364151211451
968.4|1.0|0.7|0.0|0|0.8942229423113175|1.78844588462263|2.6826688269339476|3.576891769245265
968.6|1.0|0.7|0.0|0|0.6053977604483958|1.2107955208967882|1.816193281345184|2.42159104179358
968.8|1.0|0.7|0.0|0|0.7693596538272693|1.5387193076545345|2.3080789614818036|3.077438615309073
969.0|1.0|0.7|0.0|0|0.015134944044402814|0.030269888088805545|0.04540483213320836|0.06053977617761117
969.2|1.0|0.7|0.0|0|0.1690068751428045|0.33801375028560804|0.5070206254284125|0.6760275005712171
969.4|1.0|0.7|0.0|0|0.1311695148580476|0.26233902971609446|0.393508544574142|0.5246780594321897
969.6|1.0|0.7|0.0|0|0.05044981387385637|0.10089962774771247|0.15134944162156885|0.2017992554954252
969.8|1.0|0.7|0.0|0|-0.15513317600241877|-0.31026635200483665|-0.4653995280072554|-0.6205327040096742
970.0|1.0|0.7|0.0|0|0.23333038751326987|0.46666077502653847|0.6999911625398083|0.9333215500530783
970.2|1.0|0.7|0.0|0|0.25981653896160445|0.5196330779232075|0.779449616884812|1.0392661558464165
970.4|1.0|0.7|0.0|0|-0.011351207737461674|-0.022702415474923285|-0.03405362321238496|-0.04540483094984663
970.6|1.0|0.7|0.0|0|0.36828363780688994|0.7365672756137778|1.1048509134206677|1.4731345512275578
970.8|1.0|0.7|0.0|0|-0.32792378626822055|-0.6558475725364393|-0.9837713588046599|-1.3116951450728804
971.0|1.0|0.7|0.0|0|0.4565708109090342|0.9131416218180658|1.3697124327271|1.826283243636134
971.2|1.0|0.7|0.0|0|0.27116774684051076|0.54233549368102|0.8135032405215308|1.0846709873620415
971.4|1.0|0.7|0.0|0|0.25855529281834627|0.5171105856366911|0.7756658784550374|1.0342211712733838
971.6|1.0|0.7|0.0|0|0.8147644865297486|1.6295289730594928|2.4442934595892414|3.25905794611899
971.8|1.0|0.7|0.0|0|0.5360292662226134|1.0720585324452239|1.6080877986678372|2.144117064890451
972.0|1.0|0.7|0.0|0|0.06053977652045438|0.12107955304090842|0.1816193295613628|0.24215910608181718
972.2|1.0|0.7|0.0|0|0.11477332625247083|0.22954665250494102|0.3443199787574118|0.45909330500988266
972.4|1.0|0.7|0.0|0|0.2711677465133837|0.5423354930267659|0.8135032395401496|1.0846709860535333
972.6|1.0|0.7|0.0|0|0.4792732269386765|0.9585464538773504|1.4378196808160268|1.9170929077547034
972.8|1.0|0.7|0.0|0|0.31152759807766445|0.6230551961553271|0.9345827942329915|1.246110392310656
973.0|1.0|0.7|0.0|0|0.9207090931158753|1.8414181862317456|2.762127279347621|3.6828363724634965
973.2|1.0|0.7|0.0|0|0.3972922801121607|0.7945845602243192|1.19187684033648|1.5891691204486407
973.4|1.0|0.7|0.0|0|0.6470188565948053|1.2940377131896068|1.9410565697844122|2.5880754263792176
973.6|1.0|0.7|0.0|0|0.5726053819176746|1.145210763835346|1.7178161457530206|2.2904215276706954
973.8|1.0|0.7|0.0|0|0.3367525036644659|0.6735050073289299|1.010257510993396|1.3470100146578619
974.0|1.0|0.7|0.0|0|0.0025224904820788673|0.005044980964157721|0.007567471446236589|0.010089961928315455
974.2|1.0|0.7|0.0|0|-0.02270241605467165|-0.04540483210934317|-0.06810724816401482|-0.09080966421868647
974.4|1.0|0.7|0.0|0|0.3897248083387971|0.7794496166775919|1.1691744250163891|1.558899233355186
974.6|1.0|0.7|0.0|0|-0.04792732229863764|-0.095854644597275|-0.14378196689591263|-0.19170928919455027
974.8|1.0|0.7|0.0|0|0.9080966405704393|1.8161932811408734|2.724289921711313|3.632386562281752
975.0|1.0|0.7|0.0|0|-0.30774386073113447|-0.6154877214622673|-0.9232315821934017|-1.230975442924536
975.2|1.0|0.7|0.0|0|1.082148497639574|2.1642969952791424|3.2464454929187165|4.32859399055829
975.4|1.0|0.7|0.0|0|0.5536867018032359|1.1073734036064686|1.6610601054097045|2.2147468072129404
975.6|1.0|0.7|0.0|0|0.035314871071605046|0.07062974214320988|0.10594461321481494|0.14125948428642
975.8|1.0|0.7|0.0|0|0.6508025917108177|1.3016051834216318|1.9524077751324493|2.603210366843267
976.0|1.0|0.7|0.0|0|0.4969306614046222|0.9938613228092417|1.490791984213864|1.9877226456184862
976.2|1.0|0.7|0.0|0|0.20558298914635106|0.411165978292701|0.616748967439052|0.8223319565854031
976.4|1.0|0.7|0.0|0|0.837466902133311|1.6749338042666173|2.5124007063999283|3.349867608533239
976.6|1.0|0.7|0.0|0|0.8563855824869833|1.7127711649739616|2.5691567474609447|3.425542329947928
976.8|1.0|0.7|0.0|0|0.5864790803572401|1.172958160714477|1.759437241071717|2.345916321428957
977.0|1.0|0.7|0.0|0|0.5675604006560757|1.1351208013121483|1.702681201968224|2.2702416026242997
977.2|1.0|0.7|0.0|0|-0.005044981234241281|-0.010089962468482535|-0.015134943702723816|-0.020179924936965098
977.4|1.0|0.7|0.0|0|-0.0063062265369808355|-0.012612453073961636|-0.01891867961094247|-0.025224906147923307
977.6|1.0|0.7|0.0|0|0.07062973887601408|0.14125947775202777|0.21188921662804183|0.2825189555040559
977.8|1.0|0.7|0.0|0|0.41116597883228717|0.822331957664572|1.2334979364968592|1.6446639153291462
978.0|1.0|0.7|0.0|0|0.4389133757352833|0.8778267514705641|1.3167401272058474|1.7556535029411307
978.2|1.0|0.7|0.0|0|1.1174633667204772|2.234926733440948|3.352390100161425|4.4698534668819025
978.4|1.0|0.7|0.0|0|0.7567472003842711|1.513494400768538|2.270241601152809|3.02698880153708
978.6|1.0|0.7|0.0|0|0.6306226668891037|1.261245333778204|1.8918680006673076|2.5224906675564114
978.8|1.0|0.7|0.0|0|0.7517022195103352|1.5034044390206662|2.2551066585310013|3.0068088780413365
979.0|1.0|0.7|0.0|0|0.39603103496192527|0.7920620699238483|1.1880931048857735|1.5841241398476988
979.2|1.0|0.7|0.0|0|1.243587899489213|2.487175798978419|3.730763698467632|4.974351597956845
979.4|1.0|0.7|0.0|0|0.18666430942597814|0.3733286188519553|0.5599929282779335|0.7466572377039116
979.6|1.0|0.7|0.0|0|0.08198094630672138|0.1639618926134423|0.2459428389201637|0.3279237852268851
979.8|1.0|0.7|0.0|0|0.8248544481256984|1.6497088962513922|2.4745633443770907|3.299417792502789
980.0|1.0|0.7|0.0|0|1.1149408758158106|2.2298817516316154|3.3448226274474258|4.459763503263237
980.2|1.0|0.7|0.0|0|0.8437731284496848|1.6875462568993649|2.5313193853490494|3.375092513798734
980.4|1.0|0.7|0.0|0|0.592785307745217|1.1855706154904306|1.7783559232356476|2.3711412309808644
980.6|1.0|0.7|0.0|0|0.28756393645308004|0.5751278729061585|0.8626918093592386|1.1502557458123186
980.8|1.0|0.7|0.0|0|0.6482801022683276|1.2965602045366516|1.944840306804979|2.5931204090733067
981.0|1.0|0.7|0.0|0|0.5044981331733293|1.0089962663466558|1.513494399519985|2.0179925326933144
981.2|1.0|0.7|0.0|0|-0.22702416044892765|-0.454048320897854|-0.6810724813467817|-0.9080966417957093
981.4|1.0|0.7|0.0|0|0.6432351203617879|1.2864702407235722|1.9297053610853598|2.572940481447148
981.6|1.0|0.7|0.0|0|0.05675604028801905|0.11351208057603777|0.17026812086405682|0.22702416115207585
981.8|1.0|0.7|0.0|0|0.44521960319427345|0.8904392063885445|1.335658809582818|1.7808784127770914
982.0|1.0|0.7|0.0|0|0.4313459043152401|0.8626918086304779|1.294037712945718|1.7253836172609582
982.2|1.0|0.7|0.0|0|0.6306226673367206|1.2612453346734378|1.8918680020101584|2.5224906693468787
982.4|1.0|0.7|0.0|0|0.4792732269933917|0.9585464539867807|1.4378196809801724|1.9170929079735641
982.6|1.0|0.7|0.0|0|0.3897248086240146|0.7794496172480271|1.1691744258720416|1.5588992344960562
982.8|1.0|0.7|0.0|0|0.3972922809381274|0.7945845618762527|1.19187684281438|1.5891691237525076
983.0|1.0|0.7|0.0|0|1.0216087208013058|2.0432174416026063|3.064826162403912|4.086434883205218
983.2|1.0|0.7|0.0|0|0.7416122569126317|1.483224513825259|2.2248367707378907|2.9664490276505227
983.4|1.0|0.7|0.0|0|0.49188568057084964|0.9837713611416966|1.4756570417125463|1.9675427222833959
983.6|1.0|0.7|0.0|0|0.4666607742640194|0.9333215485280362|1.3999823227920556|1.866643097056075
983.8|1.0|0.7|0.0|0|0.4893631894473224|0.978726378894642|1.4680895683419644|1.9574527577892868
984.0|1.0|0.7|0.0|0|0.5372905111388541|1.0745810222777052|1.6118715334165592|2.1491620445554136
984.2|1.0|0.7|0.0|0|0.607920251373435|1.2158405027468666|1.8237607541203016|2.4316810054937363
984.4|1.0|0.7|0.0|0|0.15008819505921578|0.3001763901184307|0.4502645851776465|0.6003527802368623
984.6|1.0|0.7|0.0|0|0.047927322536706965|0.09585464507341367|0.14378196761012063|0.1917092901468276
984.8|1.0|0.7|0.0|0|-0.07062973919499206|-0.14125947838998373|-0.21188921758497578|-0.28251895677996786
985.0|1.0|0.7|0.0|0|0.27999646469194|0.5599929293838785|0.8399893940758185|1.1199858587677585
985.2|1.0|0.7|0.0|0|0.13369200572546117|0.2673840114509216|0.4010760171763828|0.534768022901844
985.4|1.0|0.7|0.0|0|0.22702416065032613|0.45404832130065104|0.6810724819509771|0.9080966426013033
985.6|1.0|0.7|0.0|0|1.1288145740720221|2.257629148144038|3.3864437222160597|4.515258296288082
985.8|1.0|0.7|0.0|0|0.514588096236112|1.0291761924722211|1.5437642887083334|2.0583523849444454
986.0|1.0|0.7|0.0|0|0.3695448838139422|0.7390897676278823|1.1086346514418244|1.4781795352557667
986.2|1.0|0.7|0.0|0|0.4540483195293932|0.9080966390587838|1.3621449585881769|1.81619327811757
986.4|1.0|0.7|0.0|0|0.4729670010058912|0.9459340020117798|1.418901003017671|1.8918680040235623
986.6|1.0|0.7|0.0|0|0.5852178342733537|1.1704356685467043|1.755653502820058|2.3408713370934118
986.8|1.0|0.7|0.0|0|0.5473804745852253|1.0947609491704478|1.642141423755673|2.1895218983408986
987.0|1.0|0.7|0.0|0|0.7378285206359585|1.4756570412719128|2.2134855619078713|2.95131408254383
987.2|1.0|0.7|0.0|0|0.07315222870558506|0.14630445741116974|0.21945668611675478|0.29260891482233986
987.4|1.0|0.7|0.0|0|0.6495413468417252|1.2990826936834468|1.9486240405251718|2.598165387366897
987.6|1.0|0.7|0.0|0|0.025224906748044326|0.050449813496088514|0.07567472024413284|0.10089962699217717
987.8|1.0|0.7|0.0|0|0.5272005498304502|1.0544010996608975|1.5816016494913476|2.108802199321798
988.0|1.0|0.7|0.0|0|0.0012612456909846526|0.002522491381969298|0.0037837370729539507|0.005044982763938603
988.2|1.0|0.7|0.0|0|0.1917092908074848|0.38341858161496856|0.5751278724224534|0.7668371632299382
988.4|1.0|0.7|0.0|0|0.7630534270906362|1.5261068541812681|2.2891602812719043|3.0522137083625407
988.6|1.0|0.7|0.0|0|0.10342211768147545|0.20684423536295032|0.3102663530444258|0.4136884707259012
988.8|1.0|0.7|0.0|0|0.3682836372766181|0.7365672745532342|1.1048509118298524|1.4731345491064705
989.0|1.0|0.7|0.0|0|0.6760274992155616|1.3520549984311194|2.028082497646681|2.7041099968622424
989.2|1.0|0.7|0.0|0|0.5953077975974889|1.1906155951949746|1.7859233927924634|2.3812311903899523
989.4|1.0|0.7|0.0|0|0.31026635277143244|0.6205327055428631|0.9307990583142955|1.241065411085728
989.6|1.0|0.7|0.0|0|0.9522402267373409|1.9044804534746764|2.856720680212017|3.808960906949358
989.8|1.0|0.7|0.0|0|0.21062797111051643|0.4212559422210317|0.631883913331548|0.8425118844420645
990.0|1.0|0.7|0.0|0|0.15891691218828796|0.31783382437657504|0.476750736564863|0.635667648753151
990.2|1.0|0.7|0.0|0|0.5789116079360251|1.1578232158720472|1.7367348238080724|2.3156464317440975
990.4|1.0|0.7|0.0|0|0.45909330122114667|0.9181866024422908|1.3772799036634373|1.836373204884584
990.6|1.0|0.7|0.0|0|0.673505008652574|1.3470100173051445|2.0205150259577183|2.6940200346102925
990.8|1.0|0.7|0.0|0|0.11603457120945687|0.2320691424189131|0.34810371362837|0.4641382848378269
991.0|1.0|0.7|0.0|0|0.31909506933297993|0.6381901386659581|0.9572852079989379|1.276380277331918
991.2|1.0|0.7|0.0|0|0.4464808478165655|0.8929616956331284|1.339442543449694|1.7859233912662593
991.4|1.0|0.7|0.0|0|0.3619774100731596|0.7239548201463172|1.0859322302194767|1.4479096402926364
991.6|1.0|0.7|0.0|0|0.5852178356982772|1.1704356713965514|1.7556535070948285|2.340871342793106
991.8|1.0|0.7|0.0|0|0.4414358672616076|0.8828717345232128|1.3243076017848203|1.765743469046428
992.0|1.0|0.7|0.0|0|1.000167549527251|2.000335099054497|3.000502648581748|4.000670198108999
992.2|1.0|0.7|0.0|0|0.25855529339984085|0.5171105867996802|0.775665880199521|1.0342211735993618
992.4|1.0|0.7|0.0|0|0.4035985080170216|0.8071970160340409|1.2107955240510626|1.614394032068084
992.6|1.0|0.7|0.0|0|0.5801728535530861|1.160345707106169|1.740518560659255|2.3206914142123414
992.8|1.0|0.7|0.0|0|0.7744046349794378|1.5488092699588714|2.323213904938309|3.0976185399177467
993.0|1.0|0.7|0.0|0|0.32918503234104746|0.6583700646820931|0.9875550970231406|1.316740129364188
993.2|1.0|0.7|0.0|0|0.47927322724426674|0.9585464544885308|1.4378196817327975|1.9170929089770643
993.4|1.0|0.7|0.0|0|0.9989063042856297|1.9978126085712538|2.9967189128568834|3.995625217142513
993.6|1.0|0.7|0.0|0|0.8917004511982676|1.7834009023965303|2.675101353594798|3.5668018047930654
993.8|1.0|0.7|0.0|0|0.6772887452790752|1.3545774905581467|2.031866235837222|2.7091549811162974
994.0|1.0|0.7|0.0|0|0.4590933012426835|0.9181866024853644|1.3772799037280479|1.8363732049707313
994.2|1.0|0.7|0.0|0|1.0026900409226083|2.0053800818452108|3.008070122767819|4.010760163690427
994.4|1.0|0.7|0.0|0|0.7113423686398898|1.4226847372797757|2.1340271059196656|2.8453694745595555
994.6|1.0|0.7|0.0|0|0.3821573366137458|0.7643146732274894|1.146472009841235|1.528629346454981
994.8|1.0|0.7|0.0|0|0.771882144915872|1.5437642898317396|2.315646434747612|3.0875285796634837
995.0|1.0|0.7|0.0|0|0.45909330188063946|0.9181866037612764|1.3772799056419158|1.8363732075225552
995.2|1.0|0.7|0.0|0|0.5763891177641931|1.152778235528383|1.7291673532925762|2.3055564710567693
995.4|1.0|0.7|0.0|0|0.06558475789439405|0.13116951578878772|0.19675427368318177|0.2623390315775758
995.6|1.0|0.7|0.0|0|-0.025224907341762467|-0.050449814683524795|-0.07567472202528726|-0.10089962936704973
995.8|1.0|0.7|0.0|0|0.31909506943949995|0.6381901388789981|0.957285208318498|1.276380277757998
996.0|1.0|0.7|0.0|0|0.2585552936792376|0.5171105873584737|0.7756658810377114|1.034221174716949
996.2|1.0|0.7|0.0|0|0.6722437635029206|1.3444875270058376|2.016731290508758|2.688975054011679
996.4|1.0|0.7|0.0|0|0.7655759180191678|1.5311518360383314|2.2967277540574993|3.062303672076667
996.6|1.0|0.7|0.0|0|0.8235932028974646|1.6471864057949248|2.470779608692389|3.294372811589854
996.8|1.0|0.7|0.0|0|1.0518786091083903|2.1037572182167747|3.155635827325165|4.207514436433556
997.0|1.0|0.7|0.0|0|1.4718733048345907|2.9437466096691733|4.415619914503764|5.887493219338355
997.2|1.0|0.7|0.0|0|0.454048319573631|0.9080966391472595|1.3621449587208905|1.8161932782945214
997.4|1.0|0.7|0.0|0|0.45152582917304285|0.9030516583460831|1.354577487519126|1.806103316692169
997.6|1.0|0.7|0.0|0|0.3808960903558185|0.7617921807116349|1.1426882710674533|1.5235843614232718
997.8|1.0|0.7|0.0|0|0.22324042413616574|0.4464808482723302|0.669721272408496|0.8929616965446616
998.0|1.0|0.7|0.0|0|0.21693419802293668|0.43386839604587213|0.6508025940688088|0.8677367920917455
998.2|1.0|0.7|0.0|0|-0.11729581670195341|-0.23459163340390615|-0.35188745010585953|-0.46918326680781297
998.4|1.0|0.7|0.0|0|0.2131504619377667|0.42630092387553226|0.639451385813299|0.8526018477510656
998.6|1.0|0.7|0.0|0|0.4162109608121686|0.8324219216243348|1.2486328824365034|1.6648438432486719
998.8|1.0|0.7|0.0|0|0.5360292671207576|1.0720585342415123|1.60808780136227|2.1441170684830273
999.0|1.0|0.7|0.0|0|0.3165725796372865|0.6331451592745713|0.9497177389118578|1.2662903185491443
999.2|1.0|0.7|0.0|0|0.28504144604608905|0.5700828920921766|0.8551243381382656|1.1401657841843547
999.4|1.0|0.7|0.0|0|0.8677367889223395|1.7354735778446742|2.603210366767014|3.470947155689353
999.6|1.0|0.7|0.0|0|0.47044451012217947|0.9408890202443563|1.4113335303665357|1.8817780404887152
999.8|1.0|0.7|0.0|0|0.9307990570075353|1.8615981140150653|2.7923971710226008|3.723196228030136
